accountid,group_type,group_id,number_of_nodes,io_percentage,same_top_topic_percentage
0125a58a8ee67791a2a629fb6e8708543413bb636b,maximal_k_core_component,core=50|component=0125a58a8ee67791a2a629fb6e8708543413bb636b,61,100.0,81.9672131147541
0125a58a8ee67791a2a629fb6e8708543413bb636b,direct_neighbors,account=0125a58a8ee67791a2a629fb6e8708543413bb636b,78,100.0,85.8974358974359
0125a58a8ee67791a2a629fb6e8708543413bb636b,louvain_community,community=46,1062,5.367231638418079,67.51412429378531
0125a58a8ee67791a2a629fb6e8708543413bb636b,same_top_topic,topic=0,1591,11.565053425518542,100.0
0125a58a8ee67791a2a629fb6e8708543413bb636b,classifier_predicted_io_random_forest,classifier_io|model=random_forest,209,100.0,88.03827751196172
0125a58a8ee67791a2a629fb6e8708543413bb636b,classifier_predicted_io_xgboost,classifier_io|model=xgboost,209,100.0,88.03827751196172
0125a58a8ee67791a2a629fb6e8708543413bb636b,classifier_predicted_io_logistic_regression,classifier_io|model=logistic_regression,187,98.93048128342247,89.83957219251337
029e10c1635eb20cd5bf9748f8bfe6f618a6de0b15,maximal_k_core_component,core=10|component=029e10c1635eb20cd5bf9748f8bfe6f618a6de0b15,1,100.0,100.0
029e10c1635eb20cd5bf9748f8bfe6f618a6de0b15,direct_neighbors,account=029e10c1635eb20cd5bf9748f8bfe6f618a6de0b15,11,100.0,63.63636363636363
029e10c1635eb20cd5bf9748f8bfe6f618a6de0b15,louvain_community,community=4,58,81.03448275862068,63.793103448275865
029e10c1635eb20cd5bf9748f8bfe6f618a6de0b15,same_top_topic,topic=0,1591,11.565053425518542,100.0
029e10c1635eb20cd5bf9748f8bfe6f618a6de0b15,classifier_predicted_io_random_forest,classifier_io|model=random_forest,209,100.0,88.03827751196172
029e10c1635eb20cd5bf9748f8bfe6f618a6de0b15,classifier_predicted_io_xgboost,classifier_io|model=xgboost,209,100.0,88.03827751196172
029e10c1635eb20cd5bf9748f8bfe6f618a6de0b15,classifier_predicted_io_logistic_regression,classifier_io|model=logistic_regression,187,98.93048128342247,89.83957219251337
0305480039781953cf9a53945f67ace9c437a7aea1,maximal_k_core_component,core=50|component=0125a58a8ee67791a2a629fb6e8708543413bb636b,61,100.0,81.9672131147541
0305480039781953cf9a53945f67ace9c437a7aea1,direct_neighbors,account=0305480039781953cf9a53945f67ace9c437a7aea1,76,100.0,77.63157894736842
0305480039781953cf9a53945f67ace9c437a7aea1,louvain_community,community=46,1062,5.367231638418079,67.51412429378531
0305480039781953cf9a53945f67ace9c437a7aea1,same_top_topic,topic=0,1591,11.565053425518542,100.0
0305480039781953cf9a53945f67ace9c437a7aea1,classifier_predicted_io_random_forest,classifier_io|model=random_forest,209,100.0,88.03827751196172
0305480039781953cf9a53945f67ace9c437a7aea1,classifier_predicted_io_xgboost,classifier_io|model=xgboost,209,100.0,88.03827751196172
0305480039781953cf9a53945f67ace9c437a7aea1,classifier_predicted_io_logistic_regression,classifier_io|model=logistic_regression,187,98.93048128342247,89.83957219251337
057ffbf2839f16098c64cca12dd96c76c5abbeb9f2,maximal_k_core_component,core=50|component=0125a58a8ee67791a2a629fb6e8708543413bb636b,61,100.0,81.9672131147541
057ffbf2839f16098c64cca12dd96c76c5abbeb9f2,direct_neighbors,account=057ffbf2839f16098c64cca12dd96c76c5abbeb9f2,101,100.0,81.18811881188118
057ffbf2839f16098c64cca12dd96c76c5abbeb9f2,louvain_community,community=46,1062,5.367231638418079,67.51412429378531
057ffbf2839f16098c64cca12dd96c76c5abbeb9f2,same_top_topic,topic=0,1591,11.565053425518542,100.0
057ffbf2839f16098c64cca12dd96c76c5abbeb9f2,classifier_predicted_io_random_forest,classifier_io|model=random_forest,209,100.0,88.03827751196172
057ffbf2839f16098c64cca12dd96c76c5abbeb9f2,classifier_predicted_io_xgboost,classifier_io|model=xgboost,209,100.0,88.03827751196172
057ffbf2839f16098c64cca12dd96c76c5abbeb9f2,classifier_predicted_io_logistic_regression,classifier_io|model=logistic_regression,187,98.93048128342247,89.83957219251337
06e3cbc1af5fea730f3b26e08938c6fa698d48627b,maximal_k_core_component,core=44|component=06e3cbc1af5fea730f3b26e08938c6fa698d48627b,1,100.0,100.0
06e3cbc1af5fea730f3b26e08938c6fa698d48627b,direct_neighbors,account=06e3cbc1af5fea730f3b26e08938c6fa698d48627b,45,100.0,88.88888888888889
06e3cbc1af5fea730f3b26e08938c6fa698d48627b,louvain_community,community=3,42,100.0,100.0
06e3cbc1af5fea730f3b26e08938c6fa698d48627b,same_top_topic,topic=0,1591,11.565053425518542,100.0
06e3cbc1af5fea730f3b26e08938c6fa698d48627b,classifier_predicted_io_random_forest,classifier_io|model=random_forest,209,100.0,88.03827751196172
06e3cbc1af5fea730f3b26e08938c6fa698d48627b,classifier_predicted_io_xgboost,classifier_io|model=xgboost,209,100.0,88.03827751196172
06e3cbc1af5fea730f3b26e08938c6fa698d48627b,classifier_predicted_io_logistic_regression,classifier_io|model=logistic_regression,187,98.93048128342247,89.83957219251337
08a6f05e6ecbe877166d4f9489ae0901e568dc490d,maximal_k_core_component,core=47|component=08a6f05e6ecbe877166d4f9489ae0901e568dc490d,21,100.0,100.0
08a6f05e6ecbe877166d4f9489ae0901e568dc490d,direct_neighbors,account=08a6f05e6ecbe877166d4f9489ae0901e568dc490d,75,100.0,90.66666666666667
08a6f05e6ecbe877166d4f9489ae0901e568dc490d,louvain_community,community=3,42,100.0,100.0
08a6f05e6ecbe877166d4f9489ae0901e568dc490d,same_top_topic,topic=0,1591,11.565053425518542,100.0
08a6f05e6ecbe877166d4f9489ae0901e568dc490d,classifier_predicted_io_random_forest,classifier_io|model=random_forest,209,100.0,88.03827751196172
08a6f05e6ecbe877166d4f9489ae0901e568dc490d,classifier_predicted_io_xgboost,classifier_io|model=xgboost,209,100.0,88.03827751196172
08a6f05e6ecbe877166d4f9489ae0901e568dc490d,classifier_predicted_io_logistic_regression,classifier_io|model=logistic_regression,187,98.93048128342247,89.83957219251337
0a94e8d65cfe693b008cef29bba8fa2ecc0015713b,maximal_k_core_component,core=38|component=0a94e8d65cfe693b008cef29bba8fa2ecc0015713b,20,100.0,100.0
0a94e8d65cfe693b008cef29bba8fa2ecc0015713b,direct_neighbors,account=0a94e8d65cfe693b008cef29bba8fa2ecc0015713b,55,100.0,94.54545454545455
0a94e8d65cfe693b008cef29bba8fa2ecc0015713b,louvain_community,community=22,48,100.0,100.0
0a94e8d65cfe693b008cef29bba8fa2ecc0015713b,same_top_topic,topic=0,1591,11.565053425518542,100.0
0a94e8d65cfe693b008cef29bba8fa2ecc0015713b,classifier_predicted_io_random_forest,classifier_io|model=random_forest,209,100.0,88.03827751196172
0a94e8d65cfe693b008cef29bba8fa2ecc0015713b,classifier_predicted_io_xgboost,classifier_io|model=xgboost,209,100.0,88.03827751196172
0a94e8d65cfe693b008cef29bba8fa2ecc0015713b,classifier_predicted_io_logistic_regression,classifier_io|model=logistic_regression,187,98.93048128342247,89.83957219251337
0e26e737d9b121ada548c2e20b98990b3acd117f37,maximal_k_core_component,core=11|component=0e26e737d9b121ada548c2e20b98990b3acd117f37,10,100.0,100.0
0e26e737d9b121ada548c2e20b98990b3acd117f37,direct_neighbors,account=0e26e737d9b121ada548c2e20b98990b3acd117f37,15,100.0,100.0
0e26e737d9b121ada548c2e20b98990b3acd117f37,louvain_community,community=24,10,100.0,100.0
0e26e737d9b121ada548c2e20b98990b3acd117f37,same_top_topic,topic=0,1591,11.565053425518542,100.0
0e26e737d9b121ada548c2e20b98990b3acd117f37,classifier_predicted_io_random_forest,classifier_io|model=random_forest,209,100.0,88.03827751196172
0e26e737d9b121ada548c2e20b98990b3acd117f37,classifier_predicted_io_xgboost,classifier_io|model=xgboost,209,100.0,88.03827751196172
0e26e737d9b121ada548c2e20b98990b3acd117f37,classifier_predicted_io_logistic_regression,classifier_io|model=logistic_regression,187,98.93048128342247,89.83957219251337
0f427a1d5701dec6f284b9ea6ca77d1e38e8fd9cef,maximal_k_core_component,core=47|component=08a6f05e6ecbe877166d4f9489ae0901e568dc490d,21,100.0,100.0
0f427a1d5701dec6f284b9ea6ca77d1e38e8fd9cef,direct_neighbors,account=0f427a1d5701dec6f284b9ea6ca77d1e38e8fd9cef,70,100.0,87.14285714285714
0f427a1d5701dec6f284b9ea6ca77d1e38e8fd9cef,louvain_community,community=3,42,100.0,100.0
0f427a1d5701dec6f284b9ea6ca77d1e38e8fd9cef,same_top_topic,topic=0,1591,11.565053425518542,100.0
0f427a1d5701dec6f284b9ea6ca77d1e38e8fd9cef,classifier_predicted_io_random_forest,classifier_io|model=random_forest,209,100.0,88.03827751196172
0f427a1d5701dec6f284b9ea6ca77d1e38e8fd9cef,classifier_predicted_io_xgboost,classifier_io|model=xgboost,209,100.0,88.03827751196172
0f427a1d5701dec6f284b9ea6ca77d1e38e8fd9cef,classifier_predicted_io_logistic_regression,classifier_io|model=logistic_regression,187,98.93048128342247,89.83957219251337
119afc7d53dfdcbca7a9b36447c6b061a045ac6d4f,maximal_k_core_component,core=24|component=119afc7d53dfdcbca7a9b36447c6b061a045ac6d4f,1,100.0,100.0
119afc7d53dfdcbca7a9b36447c6b061a045ac6d4f,direct_neighbors,account=119afc7d53dfdcbca7a9b36447c6b061a045ac6d4f,25,100.0,64.0
119afc7d53dfdcbca7a9b36447c6b061a045ac6d4f,louvain_community,community=4,58,81.03448275862068,63.793103448275865
119afc7d53dfdcbca7a9b36447c6b061a045ac6d4f,same_top_topic,topic=0,1591,11.565053425518542,100.0
119afc7d53dfdcbca7a9b36447c6b061a045ac6d4f,classifier_predicted_io_random_forest,classifier_io|model=random_forest,209,100.0,88.03827751196172
119afc7d53dfdcbca7a9b36447c6b061a045ac6d4f,classifier_predicted_io_xgboost,classifier_io|model=xgboost,209,100.0,88.03827751196172
119afc7d53dfdcbca7a9b36447c6b061a045ac6d4f,classifier_predicted_io_logistic_regression,classifier_io|model=logistic_regression,187,98.93048128342247,89.83957219251337
11c66b6699190ed748abd4e9432c7e64ea0e210aad,maximal_k_core_component,core=20|component=11c66b6699190ed748abd4e9432c7e64ea0e210aad,1,100.0,
11c66b6699190ed748abd4e9432c7e64ea0e210aad,direct_neighbors,account=11c66b6699190ed748abd4e9432c7e64ea0e210aad,21,100.0,
11c66b6699190ed748abd4e9432c7e64ea0e210aad,louvain_community,community=4,58,81.03448275862068,
11c66b6699190ed748abd4e9432c7e64ea0e210aad,same_top_topic,topic=missing|account=11c66b6699190ed748abd4e9432c7e64ea0e210aad,1,100.0,
11c66b6699190ed748abd4e9432c7e64ea0e210aad,classifier_predicted_io_random_forest,classifier_io|model=random_forest,209,100.0,
11c66b6699190ed748abd4e9432c7e64ea0e210aad,classifier_predicted_io_xgboost,classifier_io|model=xgboost,209,100.0,
11c66b6699190ed748abd4e9432c7e64ea0e210aad,classifier_predicted_io_logistic_regression,classifier_io|model=logistic_regression,187,98.93048128342247,
12b30a705c49e1199e84af04521514bb5287c03458,maximal_k_core_component,core=35|component=12b30a705c49e1199e84af04521514bb5287c03458,2,100.0,100.0
12b30a705c49e1199e84af04521514bb5287c03458,direct_neighbors,account=12b30a705c49e1199e84af04521514bb5287c03458,36,100.0,91.66666666666667
12b30a705c49e1199e84af04521514bb5287c03458,louvain_community,community=22,48,100.0,100.0
12b30a705c49e1199e84af04521514bb5287c03458,same_top_topic,topic=0,1591,11.565053425518542,100.0
12b30a705c49e1199e84af04521514bb5287c03458,classifier_predicted_io_random_forest,classifier_io|model=random_forest,209,100.0,88.03827751196172
12b30a705c49e1199e84af04521514bb5287c03458,classifier_predicted_io_xgboost,classifier_io|model=xgboost,209,100.0,88.03827751196172
12b30a705c49e1199e84af04521514bb5287c03458,classifier_predicted_io_logistic_regression,classifier_io|model=logistic_regression,187,98.93048128342247,89.83957219251337
12b34e1efaa7cfe72ef0884b20c172c57d9e7751ed,maximal_k_core_component,core=37|component=12b34e1efaa7cfe72ef0884b20c172c57d9e7751ed,9,100.0,
12b34e1efaa7cfe72ef0884b20c172c57d9e7751ed,direct_neighbors,account=12b34e1efaa7cfe72ef0884b20c172c57d9e7751ed,48,100.0,
12b34e1efaa7cfe72ef0884b20c172c57d9e7751ed,louvain_community,community=4,58,81.03448275862068,
12b34e1efaa7cfe72ef0884b20c172c57d9e7751ed,same_top_topic,topic=missing|account=12b34e1efaa7cfe72ef0884b20c172c57d9e7751ed,1,100.0,
12b34e1efaa7cfe72ef0884b20c172c57d9e7751ed,classifier_predicted_io_random_forest,classifier_io|model=random_forest,209,100.0,
12b34e1efaa7cfe72ef0884b20c172c57d9e7751ed,classifier_predicted_io_xgboost,classifier_io|model=xgboost,209,100.0,
12b34e1efaa7cfe72ef0884b20c172c57d9e7751ed,classifier_predicted_io_logistic_regression,classifier_io|model=logistic_regression,187,98.93048128342247,
1420299b84b493a2f9dbabfc37d68b8ab0a03dc213,maximal_k_core_component,core=29|component=1420299b84b493a2f9dbabfc37d68b8ab0a03dc213,2,100.0,100.0
1420299b84b493a2f9dbabfc37d68b8ab0a03dc213,direct_neighbors,account=1420299b84b493a2f9dbabfc37d68b8ab0a03dc213,31,100.0,70.96774193548387
1420299b84b493a2f9dbabfc37d68b8ab0a03dc213,louvain_community,community=4,58,81.03448275862068,63.793103448275865
1420299b84b493a2f9dbabfc37d68b8ab0a03dc213,same_top_topic,topic=0,1591,11.565053425518542,100.0
1420299b84b493a2f9dbabfc37d68b8ab0a03dc213,classifier_predicted_io_random_forest,classifier_io|model=random_forest,209,100.0,88.03827751196172
1420299b84b493a2f9dbabfc37d68b8ab0a03dc213,classifier_predicted_io_xgboost,classifier_io|model=xgboost,209,100.0,88.03827751196172
1420299b84b493a2f9dbabfc37d68b8ab0a03dc213,classifier_predicted_io_logistic_regression,classifier_io|model=logistic_regression,187,98.93048128342247,89.83957219251337
14f49d63826e0d06303cf5801bedf1554e8808e0f9,maximal_k_core_component,core=37|component=12b34e1efaa7cfe72ef0884b20c172c57d9e7751ed,9,100.0,88.88888888888889
14f49d63826e0d06303cf5801bedf1554e8808e0f9,direct_neighbors,account=14f49d63826e0d06303cf5801bedf1554e8808e0f9,46,100.0,93.47826086956522
14f49d63826e0d06303cf5801bedf1554e8808e0f9,louvain_community,community=22,48,100.0,100.0
14f49d63826e0d06303cf5801bedf1554e8808e0f9,same_top_topic,topic=0,1591,11.565053425518542,100.0
14f49d63826e0d06303cf5801bedf1554e8808e0f9,classifier_predicted_io_random_forest,classifier_io|model=random_forest,209,100.0,88.03827751196172
14f49d63826e0d06303cf5801bedf1554e8808e0f9,classifier_predicted_io_xgboost,classifier_io|model=xgboost,209,100.0,88.03827751196172
14f49d63826e0d06303cf5801bedf1554e8808e0f9,classifier_predicted_io_logistic_regression,classifier_io|model=logistic_regression,187,98.93048128342247,89.83957219251337
1515f0769aa29ac51394f6094eec80c613491f6c7b,maximal_k_core_component,core=49|component=1515f0769aa29ac51394f6094eec80c613491f6c7b,25,100.0,88.0
1515f0769aa29ac51394f6094eec80c613491f6c7b,direct_neighbors,account=1515f0769aa29ac51394f6094eec80c613491f6c7b,118,100.0,93.22033898305085
1515f0769aa29ac51394f6094eec80c613491f6c7b,louvain_community,community=3,42,100.0,100.0
1515f0769aa29ac51394f6094eec80c613491f6c7b,same_top_topic,topic=0,1591,11.565053425518542,100.0
1515f0769aa29ac51394f6094eec80c613491f6c7b,classifier_predicted_io_random_forest,classifier_io|model=random_forest,209,100.0,88.03827751196172
1515f0769aa29ac51394f6094eec80c613491f6c7b,classifier_predicted_io_xgboost,classifier_io|model=xgboost,209,100.0,88.03827751196172
1515f0769aa29ac51394f6094eec80c613491f6c7b,classifier_predicted_io_logistic_regression,classifier_io|model=logistic_regression,187,98.93048128342247,89.83957219251337
16cf42757ecf818b2746a23f428aaf61a23ad25205,maximal_k_core_component,core=50|component=0125a58a8ee67791a2a629fb6e8708543413bb636b,61,100.0,
16cf42757ecf818b2746a23f428aaf61a23ad25205,direct_neighbors,account=16cf42757ecf818b2746a23f428aaf61a23ad25205,188,100.0,
16cf42757ecf818b2746a23f428aaf61a23ad25205,louvain_community,community=4,58,81.03448275862068,
16cf42757ecf818b2746a23f428aaf61a23ad25205,same_top_topic,topic=missing|account=16cf42757ecf818b2746a23f428aaf61a23ad25205,1,100.0,
16cf42757ecf818b2746a23f428aaf61a23ad25205,classifier_predicted_io_random_forest,classifier_io|model=random_forest,209,100.0,
16cf42757ecf818b2746a23f428aaf61a23ad25205,classifier_predicted_io_xgboost,classifier_io|model=xgboost,209,100.0,
16cf42757ecf818b2746a23f428aaf61a23ad25205,classifier_predicted_io_logistic_regression,classifier_io|model=logistic_regression,187,98.93048128342247,
17944e9c3bdb17f1a42b7e83504f45abef07b6fd7f,maximal_k_core_component,core=38|component=0a94e8d65cfe693b008cef29bba8fa2ecc0015713b,20,100.0,100.0
17944e9c3bdb17f1a42b7e83504f45abef07b6fd7f,direct_neighbors,account=17944e9c3bdb17f1a42b7e83504f45abef07b6fd7f,54,100.0,96.29629629629629
17944e9c3bdb17f1a42b7e83504f45abef07b6fd7f,louvain_community,community=22,48,100.0,100.0
17944e9c3bdb17f1a42b7e83504f45abef07b6fd7f,same_top_topic,topic=0,1591,11.565053425518542,100.0
17944e9c3bdb17f1a42b7e83504f45abef07b6fd7f,classifier_predicted_io_random_forest,classifier_io|model=random_forest,209,100.0,88.03827751196172
17944e9c3bdb17f1a42b7e83504f45abef07b6fd7f,classifier_predicted_io_xgboost,classifier_io|model=xgboost,209,100.0,88.03827751196172
17944e9c3bdb17f1a42b7e83504f45abef07b6fd7f,classifier_predicted_io_logistic_regression,classifier_io|model=logistic_regression,187,98.93048128342247,89.83957219251337
1a2a1ea4963e03b314db46dee89dad41ddab702c33,maximal_k_core_component,core=47|component=08a6f05e6ecbe877166d4f9489ae0901e568dc490d,21,100.0,100.0
1a2a1ea4963e03b314db46dee89dad41ddab702c33,direct_neighbors,account=1a2a1ea4963e03b314db46dee89dad41ddab702c33,65,100.0,92.3076923076923
1a2a1ea4963e03b314db46dee89dad41ddab702c33,louvain_community,community=3,42,100.0,100.0
1a2a1ea4963e03b314db46dee89dad41ddab702c33,same_top_topic,topic=0,1591,11.565053425518542,100.0
1a2a1ea4963e03b314db46dee89dad41ddab702c33,classifier_predicted_io_random_forest,classifier_io|model=random_forest,209,100.0,88.03827751196172
1a2a1ea4963e03b314db46dee89dad41ddab702c33,classifier_predicted_io_xgboost,classifier_io|model=xgboost,209,100.0,88.03827751196172
1a2a1ea4963e03b314db46dee89dad41ddab702c33,classifier_predicted_io_logistic_regression,classifier_io|model=logistic_regression,187,98.93048128342247,89.83957219251337
1c335718bf2039a269f9b54c01551707bf3e52d533,maximal_k_core_component,core=50|component=0125a58a8ee67791a2a629fb6e8708543413bb636b,61,100.0,81.9672131147541
1c335718bf2039a269f9b54c01551707bf3e52d533,direct_neighbors,account=1c335718bf2039a269f9b54c01551707bf3e52d533,88,93.18181818181819,86.36363636363636
1c335718bf2039a269f9b54c01551707bf3e52d533,louvain_community,community=46,1062,5.367231638418079,67.51412429378531
1c335718bf2039a269f9b54c01551707bf3e52d533,same_top_topic,topic=0,1591,11.565053425518542,100.0
1c335718bf2039a269f9b54c01551707bf3e52d533,classifier_predicted_io_random_forest,classifier_io|model=random_forest,209,100.0,88.03827751196172
1c335718bf2039a269f9b54c01551707bf3e52d533,classifier_predicted_io_xgboost,classifier_io|model=xgboost,209,100.0,88.03827751196172
1c335718bf2039a269f9b54c01551707bf3e52d533,classifier_predicted_io_logistic_regression,classifier_io|model=logistic_regression,187,98.93048128342247,89.83957219251337
1cd2015bc874bc21c76ad8001a947287f434909f64,maximal_k_core_component,core=50|component=0125a58a8ee67791a2a629fb6e8708543413bb636b,61,100.0,81.9672131147541
1cd2015bc874bc21c76ad8001a947287f434909f64,direct_neighbors,account=1cd2015bc874bc21c76ad8001a947287f434909f64,65,100.0,84.61538461538461
1cd2015bc874bc21c76ad8001a947287f434909f64,louvain_community,community=46,1062,5.367231638418079,67.51412429378531
1cd2015bc874bc21c76ad8001a947287f434909f64,same_top_topic,topic=0,1591,11.565053425518542,100.0
1cd2015bc874bc21c76ad8001a947287f434909f64,classifier_predicted_io_random_forest,classifier_io|model=random_forest,209,100.0,88.03827751196172
1cd2015bc874bc21c76ad8001a947287f434909f64,classifier_predicted_io_xgboost,classifier_io|model=xgboost,209,100.0,88.03827751196172
1cd2015bc874bc21c76ad8001a947287f434909f64,classifier_predicted_io_logistic_regression,classifier_io|model=logistic_regression,187,98.93048128342247,89.83957219251337
1e262c70f14a469e538525ebf7b507ae7042569740,maximal_k_core_component,core=50|component=0125a58a8ee67791a2a629fb6e8708543413bb636b,61,100.0,81.9672131147541
1e262c70f14a469e538525ebf7b507ae7042569740,direct_neighbors,account=1e262c70f14a469e538525ebf7b507ae7042569740,120,79.16666666666667,72.5
1e262c70f14a469e538525ebf7b507ae7042569740,louvain_community,community=46,1062,5.367231638418079,67.51412429378531
1e262c70f14a469e538525ebf7b507ae7042569740,same_top_topic,topic=0,1591,11.565053425518542,100.0
1e262c70f14a469e538525ebf7b507ae7042569740,classifier_predicted_io_random_forest,classifier_io|model=random_forest,209,100.0,88.03827751196172
1e262c70f14a469e538525ebf7b507ae7042569740,classifier_predicted_io_xgboost,classifier_io|model=xgboost,209,100.0,88.03827751196172
1e262c70f14a469e538525ebf7b507ae7042569740,classifier_predicted_io_logistic_regression,classifier_io|model=logistic_regression,187,98.93048128342247,89.83957219251337
1f62a06b0c4360cf4969ae87b7e704172b38bac183,maximal_k_core_component,core=47|component=08a6f05e6ecbe877166d4f9489ae0901e568dc490d,21,100.0,100.0
1f62a06b0c4360cf4969ae87b7e704172b38bac183,direct_neighbors,account=1f62a06b0c4360cf4969ae87b7e704172b38bac183,67,100.0,76.11940298507463
1f62a06b0c4360cf4969ae87b7e704172b38bac183,louvain_community,community=4,58,81.03448275862068,63.793103448275865
1f62a06b0c4360cf4969ae87b7e704172b38bac183,same_top_topic,topic=0,1591,11.565053425518542,100.0
1f62a06b0c4360cf4969ae87b7e704172b38bac183,classifier_predicted_io_random_forest,classifier_io|model=random_forest,209,100.0,88.03827751196172
1f62a06b0c4360cf4969ae87b7e704172b38bac183,classifier_predicted_io_xgboost,classifier_io|model=xgboost,209,100.0,88.03827751196172
1f62a06b0c4360cf4969ae87b7e704172b38bac183,classifier_predicted_io_logistic_regression,classifier_io|model=logistic_regression,187,98.93048128342247,89.83957219251337
1fc7c36bac24179b91e9f36f99a3c3120bce5fb5f9,maximal_k_core_component,core=32|component=1fc7c36bac24179b91e9f36f99a3c3120bce5fb5f9,1,100.0,100.0
1fc7c36bac24179b91e9f36f99a3c3120bce5fb5f9,direct_neighbors,account=1fc7c36bac24179b91e9f36f99a3c3120bce5fb5f9,33,100.0,66.66666666666667
1fc7c36bac24179b91e9f36f99a3c3120bce5fb5f9,louvain_community,community=46,1062,5.367231638418079,67.51412429378531
1fc7c36bac24179b91e9f36f99a3c3120bce5fb5f9,same_top_topic,topic=0,1591,11.565053425518542,100.0
1fc7c36bac24179b91e9f36f99a3c3120bce5fb5f9,classifier_predicted_io_random_forest,classifier_io|model=random_forest,209,100.0,88.03827751196172
1fc7c36bac24179b91e9f36f99a3c3120bce5fb5f9,classifier_predicted_io_xgboost,classifier_io|model=xgboost,209,100.0,88.03827751196172
1fc7c36bac24179b91e9f36f99a3c3120bce5fb5f9,classifier_predicted_io_logistic_regression,classifier_io|model=logistic_regression,187,98.93048128342247,89.83957219251337
20156aebaf02db765aeb8d2a714e411e491ad8b201,maximal_k_core_component,core=23|component=20156aebaf02db765aeb8d2a714e411e491ad8b201,1,100.0,100.0
20156aebaf02db765aeb8d2a714e411e491ad8b201,direct_neighbors,account=20156aebaf02db765aeb8d2a714e411e491ad8b201,24,100.0,75.0
20156aebaf02db765aeb8d2a714e411e491ad8b201,louvain_community,community=22,48,100.0,100.0
20156aebaf02db765aeb8d2a714e411e491ad8b201,same_top_topic,topic=0,1591,11.565053425518542,100.0
20156aebaf02db765aeb8d2a714e411e491ad8b201,classifier_predicted_io_random_forest,classifier_io|model=random_forest,209,100.0,88.03827751196172
20156aebaf02db765aeb8d2a714e411e491ad8b201,classifier_predicted_io_xgboost,classifier_io|model=xgboost,209,100.0,88.03827751196172
20156aebaf02db765aeb8d2a714e411e491ad8b201,classifier_predicted_io_logistic_regression,classifier_io|model=logistic_regression,187,98.93048128342247,89.83957219251337
2044a053917825f7ebb9cde218896f2b90336987b7,maximal_k_core_component,core=49|component=1515f0769aa29ac51394f6094eec80c613491f6c7b,25,100.0,88.0
2044a053917825f7ebb9cde218896f2b90336987b7,direct_neighbors,account=2044a053917825f7ebb9cde218896f2b90336987b7,72,100.0,90.27777777777777
2044a053917825f7ebb9cde218896f2b90336987b7,louvain_community,community=3,42,100.0,100.0
2044a053917825f7ebb9cde218896f2b90336987b7,same_top_topic,topic=0,1591,11.565053425518542,100.0
2044a053917825f7ebb9cde218896f2b90336987b7,classifier_predicted_io_random_forest,classifier_io|model=random_forest,209,100.0,88.03827751196172
2044a053917825f7ebb9cde218896f2b90336987b7,classifier_predicted_io_xgboost,classifier_io|model=xgboost,209,100.0,88.03827751196172
2044a053917825f7ebb9cde218896f2b90336987b7,classifier_predicted_io_logistic_regression,classifier_io|model=logistic_regression,187,98.93048128342247,89.83957219251337
212dc6d3e0c18bdd2adbc11b0c87cccfec5115b5d7,maximal_k_core_component,core=49|component=1515f0769aa29ac51394f6094eec80c613491f6c7b,25,100.0,88.0
212dc6d3e0c18bdd2adbc11b0c87cccfec5115b5d7,direct_neighbors,account=212dc6d3e0c18bdd2adbc11b0c87cccfec5115b5d7,87,100.0,90.80459770114942
212dc6d3e0c18bdd2adbc11b0c87cccfec5115b5d7,louvain_community,community=3,42,100.0,100.0
212dc6d3e0c18bdd2adbc11b0c87cccfec5115b5d7,same_top_topic,topic=0,1591,11.565053425518542,100.0
212dc6d3e0c18bdd2adbc11b0c87cccfec5115b5d7,classifier_predicted_io_random_forest,classifier_io|model=random_forest,209,100.0,88.03827751196172
212dc6d3e0c18bdd2adbc11b0c87cccfec5115b5d7,classifier_predicted_io_xgboost,classifier_io|model=xgboost,209,100.0,88.03827751196172
212dc6d3e0c18bdd2adbc11b0c87cccfec5115b5d7,classifier_predicted_io_logistic_regression,classifier_io|model=logistic_regression,187,98.93048128342247,89.83957219251337
21c17ef408e0808001baf95d8440fbe8b67d15e871,maximal_k_core_component,core=38|component=0a94e8d65cfe693b008cef29bba8fa2ecc0015713b,20,100.0,100.0
21c17ef408e0808001baf95d8440fbe8b67d15e871,direct_neighbors,account=21c17ef408e0808001baf95d8440fbe8b67d15e871,60,100.0,95.0
21c17ef408e0808001baf95d8440fbe8b67d15e871,louvain_community,community=22,48,100.0,100.0
21c17ef408e0808001baf95d8440fbe8b67d15e871,same_top_topic,topic=0,1591,11.565053425518542,100.0
21c17ef408e0808001baf95d8440fbe8b67d15e871,classifier_predicted_io_random_forest,classifier_io|model=random_forest,209,100.0,88.03827751196172
21c17ef408e0808001baf95d8440fbe8b67d15e871,classifier_predicted_io_xgboost,classifier_io|model=xgboost,209,100.0,88.03827751196172
21c17ef408e0808001baf95d8440fbe8b67d15e871,classifier_predicted_io_logistic_regression,classifier_io|model=logistic_regression,187,98.93048128342247,89.83957219251337
22844621826fd073c029e5dc58b9f7567b99f42cbb,maximal_k_core_component,core=50|component=0125a58a8ee67791a2a629fb6e8708543413bb636b,61,100.0,81.9672131147541
22844621826fd073c029e5dc58b9f7567b99f42cbb,direct_neighbors,account=22844621826fd073c029e5dc58b9f7567b99f42cbb,1095,8.858447488584474,65.0228310502283
22844621826fd073c029e5dc58b9f7567b99f42cbb,louvain_community,community=46,1062,5.367231638418079,67.51412429378531
22844621826fd073c029e5dc58b9f7567b99f42cbb,same_top_topic,topic=0,1591,11.565053425518542,100.0
22844621826fd073c029e5dc58b9f7567b99f42cbb,classifier_predicted_io_random_forest,classifier_io|model=random_forest,209,100.0,88.03827751196172
22844621826fd073c029e5dc58b9f7567b99f42cbb,classifier_predicted_io_xgboost,classifier_io|model=xgboost,209,100.0,88.03827751196172
22844621826fd073c029e5dc58b9f7567b99f42cbb,classifier_predicted_io_logistic_regression,classifier_io|model=logistic_regression,187,98.93048128342247,89.83957219251337
2338ce0ed7d49a6fcbe8a8ad1bf1d67301646efdb8,maximal_k_core_component,core=11|component=0e26e737d9b121ada548c2e20b98990b3acd117f37,10,100.0,100.0
2338ce0ed7d49a6fcbe8a8ad1bf1d67301646efdb8,direct_neighbors,account=2338ce0ed7d49a6fcbe8a8ad1bf1d67301646efdb8,12,100.0,100.0
2338ce0ed7d49a6fcbe8a8ad1bf1d67301646efdb8,louvain_community,community=24,10,100.0,100.0
2338ce0ed7d49a6fcbe8a8ad1bf1d67301646efdb8,same_top_topic,topic=0,1591,11.565053425518542,100.0
2338ce0ed7d49a6fcbe8a8ad1bf1d67301646efdb8,classifier_predicted_io_random_forest,classifier_io|model=random_forest,209,100.0,88.03827751196172
2338ce0ed7d49a6fcbe8a8ad1bf1d67301646efdb8,classifier_predicted_io_xgboost,classifier_io|model=xgboost,209,100.0,88.03827751196172
2338ce0ed7d49a6fcbe8a8ad1bf1d67301646efdb8,classifier_predicted_io_logistic_regression,classifier_io|model=logistic_regression,187,98.93048128342247,89.83957219251337
23510cf288ab7f7d5ac44d60e55829de392d3ed8e4,maximal_k_core_component,core=43|component=23510cf288ab7f7d5ac44d60e55829de392d3ed8e4,1,100.0,100.0
23510cf288ab7f7d5ac44d60e55829de392d3ed8e4,direct_neighbors,account=23510cf288ab7f7d5ac44d60e55829de392d3ed8e4,92,50.0,67.3913043478261
23510cf288ab7f7d5ac44d60e55829de392d3ed8e4,louvain_community,community=46,1062,5.367231638418079,67.51412429378531
23510cf288ab7f7d5ac44d60e55829de392d3ed8e4,same_top_topic,topic=0,1591,11.565053425518542,100.0
23510cf288ab7f7d5ac44d60e55829de392d3ed8e4,classifier_predicted_io_random_forest,classifier_io|model=random_forest,209,100.0,88.03827751196172
23510cf288ab7f7d5ac44d60e55829de392d3ed8e4,classifier_predicted_io_xgboost,classifier_io|model=xgboost,209,100.0,88.03827751196172
23510cf288ab7f7d5ac44d60e55829de392d3ed8e4,classifier_predicted_io_logistic_regression,classifier_io|model=logistic_regression,187,98.93048128342247,89.83957219251337
23555cedaa16a2fb5c414bb29577f6fce40dfddbaa,maximal_k_core_component,core=49|component=1515f0769aa29ac51394f6094eec80c613491f6c7b,25,100.0,88.0
23555cedaa16a2fb5c414bb29577f6fce40dfddbaa,direct_neighbors,account=23555cedaa16a2fb5c414bb29577f6fce40dfddbaa,73,100.0,83.56164383561644
23555cedaa16a2fb5c414bb29577f6fce40dfddbaa,louvain_community,community=3,42,100.0,100.0
23555cedaa16a2fb5c414bb29577f6fce40dfddbaa,same_top_topic,topic=0,1591,11.565053425518542,100.0
23555cedaa16a2fb5c414bb29577f6fce40dfddbaa,classifier_predicted_io_random_forest,classifier_io|model=random_forest,209,100.0,88.03827751196172
23555cedaa16a2fb5c414bb29577f6fce40dfddbaa,classifier_predicted_io_xgboost,classifier_io|model=xgboost,209,100.0,88.03827751196172
23555cedaa16a2fb5c414bb29577f6fce40dfddbaa,classifier_predicted_io_logistic_regression,classifier_io|model=logistic_regression,187,98.93048128342247,89.83957219251337
239dd46ba67c1586b6b0bc09e40a95731875142841,maximal_k_core_component,core=37|component=12b34e1efaa7cfe72ef0884b20c172c57d9e7751ed,9,100.0,88.88888888888889
239dd46ba67c1586b6b0bc09e40a95731875142841,direct_neighbors,account=239dd46ba67c1586b6b0bc09e40a95731875142841,47,100.0,97.87234042553192
239dd46ba67c1586b6b0bc09e40a95731875142841,louvain_community,community=22,48,100.0,100.0
239dd46ba67c1586b6b0bc09e40a95731875142841,same_top_topic,topic=0,1591,11.565053425518542,100.0
239dd46ba67c1586b6b0bc09e40a95731875142841,classifier_predicted_io_random_forest,classifier_io|model=random_forest,209,100.0,88.03827751196172
239dd46ba67c1586b6b0bc09e40a95731875142841,classifier_predicted_io_xgboost,classifier_io|model=xgboost,209,100.0,88.03827751196172
239dd46ba67c1586b6b0bc09e40a95731875142841,classifier_predicted_io_logistic_regression,classifier_io|model=logistic_regression,187,98.93048128342247,89.83957219251337
2764cf7a3fb915ea207be0753d84c50662cfa3f8c6,maximal_k_core_component,core=46|component=2764cf7a3fb915ea207be0753d84c50662cfa3f8c6,4,100.0,100.0
2764cf7a3fb915ea207be0753d84c50662cfa3f8c6,direct_neighbors,account=2764cf7a3fb915ea207be0753d84c50662cfa3f8c6,48,100.0,85.41666666666667
2764cf7a3fb915ea207be0753d84c50662cfa3f8c6,louvain_community,community=4,58,81.03448275862068,63.793103448275865
2764cf7a3fb915ea207be0753d84c50662cfa3f8c6,same_top_topic,topic=0,1591,11.565053425518542,100.0
2764cf7a3fb915ea207be0753d84c50662cfa3f8c6,classifier_predicted_io_random_forest,classifier_io|model=random_forest,209,100.0,88.03827751196172
2764cf7a3fb915ea207be0753d84c50662cfa3f8c6,classifier_predicted_io_xgboost,classifier_io|model=xgboost,209,100.0,88.03827751196172
2764cf7a3fb915ea207be0753d84c50662cfa3f8c6,classifier_predicted_io_logistic_regression,classifier_io|model=logistic_regression,187,98.93048128342247,89.83957219251337
2da29be00052bd8daae1055980f8abd7b07431b6c2,maximal_k_core_component,core=49|component=1515f0769aa29ac51394f6094eec80c613491f6c7b,25,100.0,
2da29be00052bd8daae1055980f8abd7b07431b6c2,direct_neighbors,account=2da29be00052bd8daae1055980f8abd7b07431b6c2,92,100.0,
2da29be00052bd8daae1055980f8abd7b07431b6c2,louvain_community,community=4,58,81.03448275862068,
2da29be00052bd8daae1055980f8abd7b07431b6c2,same_top_topic,topic=missing|account=2da29be00052bd8daae1055980f8abd7b07431b6c2,1,100.0,
2da29be00052bd8daae1055980f8abd7b07431b6c2,classifier_predicted_io_random_forest,classifier_io|model=random_forest,209,100.0,
2da29be00052bd8daae1055980f8abd7b07431b6c2,classifier_predicted_io_xgboost,classifier_io|model=xgboost,209,100.0,
2da29be00052bd8daae1055980f8abd7b07431b6c2,classifier_predicted_io_logistic_regression,classifier_io|model=logistic_regression,187,98.93048128342247,
2db7dc480e2cd0f58390b175fa9e31f84c4f31b2ba,maximal_k_core_component,core=50|component=0125a58a8ee67791a2a629fb6e8708543413bb636b,61,100.0,
2db7dc480e2cd0f58390b175fa9e31f84c4f31b2ba,direct_neighbors,account=2db7dc480e2cd0f58390b175fa9e31f84c4f31b2ba,1065,10.985915492957746,
2db7dc480e2cd0f58390b175fa9e31f84c4f31b2ba,louvain_community,community=46,1062,5.367231638418079,
2db7dc480e2cd0f58390b175fa9e31f84c4f31b2ba,same_top_topic,topic=missing|account=2db7dc480e2cd0f58390b175fa9e31f84c4f31b2ba,1,100.0,
2db7dc480e2cd0f58390b175fa9e31f84c4f31b2ba,classifier_predicted_io_random_forest,classifier_io|model=random_forest,209,100.0,
2db7dc480e2cd0f58390b175fa9e31f84c4f31b2ba,classifier_predicted_io_xgboost,classifier_io|model=xgboost,209,100.0,
2db7dc480e2cd0f58390b175fa9e31f84c4f31b2ba,classifier_predicted_io_logistic_regression,classifier_io|model=logistic_regression,187,98.93048128342247,
2ea4fc160b449942888c52759140fac55db5ef5873,maximal_k_core_component,core=38|component=0a94e8d65cfe693b008cef29bba8fa2ecc0015713b,20,100.0,100.0
2ea4fc160b449942888c52759140fac55db5ef5873,direct_neighbors,account=2ea4fc160b449942888c52759140fac55db5ef5873,61,100.0,91.80327868852459
2ea4fc160b449942888c52759140fac55db5ef5873,louvain_community,community=22,48,100.0,100.0
2ea4fc160b449942888c52759140fac55db5ef5873,same_top_topic,topic=0,1591,11.565053425518542,100.0
2ea4fc160b449942888c52759140fac55db5ef5873,classifier_predicted_io_random_forest,classifier_io|model=random_forest,209,100.0,88.03827751196172
2ea4fc160b449942888c52759140fac55db5ef5873,classifier_predicted_io_xgboost,classifier_io|model=xgboost,209,100.0,88.03827751196172
2ea4fc160b449942888c52759140fac55db5ef5873,classifier_predicted_io_logistic_regression,classifier_io|model=logistic_regression,187,98.93048128342247,89.83957219251337
32288a42c734ab588fc57cbd8b7f4bf4cb54b92aaf,maximal_k_core_component,core=37|component=12b34e1efaa7cfe72ef0884b20c172c57d9e7751ed,9,100.0,88.88888888888889
32288a42c734ab588fc57cbd8b7f4bf4cb54b92aaf,direct_neighbors,account=32288a42c734ab588fc57cbd8b7f4bf4cb54b92aaf,43,100.0,93.02325581395348
32288a42c734ab588fc57cbd8b7f4bf4cb54b92aaf,louvain_community,community=22,48,100.0,100.0
32288a42c734ab588fc57cbd8b7f4bf4cb54b92aaf,same_top_topic,topic=0,1591,11.565053425518542,100.0
32288a42c734ab588fc57cbd8b7f4bf4cb54b92aaf,classifier_predicted_io_random_forest,classifier_io|model=random_forest,209,100.0,88.03827751196172
32288a42c734ab588fc57cbd8b7f4bf4cb54b92aaf,classifier_predicted_io_xgboost,classifier_io|model=xgboost,209,100.0,88.03827751196172
32288a42c734ab588fc57cbd8b7f4bf4cb54b92aaf,classifier_predicted_io_logistic_regression,classifier_io|model=logistic_regression,187,98.93048128342247,89.83957219251337
3289e5250439a0a52c332328587e5732234c4aebfa,maximal_k_core_component,core=38|component=0a94e8d65cfe693b008cef29bba8fa2ecc0015713b,20,100.0,100.0
3289e5250439a0a52c332328587e5732234c4aebfa,direct_neighbors,account=3289e5250439a0a52c332328587e5732234c4aebfa,65,100.0,92.3076923076923
3289e5250439a0a52c332328587e5732234c4aebfa,louvain_community,community=22,48,100.0,100.0
3289e5250439a0a52c332328587e5732234c4aebfa,same_top_topic,topic=0,1591,11.565053425518542,100.0
3289e5250439a0a52c332328587e5732234c4aebfa,classifier_predicted_io_random_forest,classifier_io|model=random_forest,209,100.0,88.03827751196172
3289e5250439a0a52c332328587e5732234c4aebfa,classifier_predicted_io_xgboost,classifier_io|model=xgboost,209,100.0,88.03827751196172
3289e5250439a0a52c332328587e5732234c4aebfa,classifier_predicted_io_logistic_regression,classifier_io|model=logistic_regression,187,98.93048128342247,89.83957219251337
3326d8748da35492f4782cb51442cdb8ec0d999bac,maximal_k_core_component,core=49|component=1515f0769aa29ac51394f6094eec80c613491f6c7b,25,100.0,88.0
3326d8748da35492f4782cb51442cdb8ec0d999bac,direct_neighbors,account=3326d8748da35492f4782cb51442cdb8ec0d999bac,67,100.0,76.11940298507463
3326d8748da35492f4782cb51442cdb8ec0d999bac,louvain_community,community=4,58,81.03448275862068,63.793103448275865
3326d8748da35492f4782cb51442cdb8ec0d999bac,same_top_topic,topic=0,1591,11.565053425518542,100.0
3326d8748da35492f4782cb51442cdb8ec0d999bac,classifier_predicted_io_random_forest,classifier_io|model=random_forest,209,100.0,88.03827751196172
3326d8748da35492f4782cb51442cdb8ec0d999bac,classifier_predicted_io_xgboost,classifier_io|model=xgboost,209,100.0,88.03827751196172
3326d8748da35492f4782cb51442cdb8ec0d999bac,classifier_predicted_io_logistic_regression,classifier_io|model=logistic_regression,187,98.93048128342247,89.83957219251337
35b09d4c0b018db1222a35fe301f5e23358586cb7b,maximal_k_core_component,core=50|component=0125a58a8ee67791a2a629fb6e8708543413bb636b,61,100.0,81.9672131147541
35b09d4c0b018db1222a35fe301f5e23358586cb7b,direct_neighbors,account=35b09d4c0b018db1222a35fe301f5e23358586cb7b,91,100.0,79.12087912087912
35b09d4c0b018db1222a35fe301f5e23358586cb7b,louvain_community,community=4,58,81.03448275862068,63.793103448275865
35b09d4c0b018db1222a35fe301f5e23358586cb7b,same_top_topic,topic=0,1591,11.565053425518542,100.0
35b09d4c0b018db1222a35fe301f5e23358586cb7b,classifier_predicted_io_random_forest,classifier_io|model=random_forest,209,100.0,88.03827751196172
35b09d4c0b018db1222a35fe301f5e23358586cb7b,classifier_predicted_io_xgboost,classifier_io|model=xgboost,209,100.0,88.03827751196172
35b09d4c0b018db1222a35fe301f5e23358586cb7b,classifier_predicted_io_logistic_regression,classifier_io|model=logistic_regression,187,98.93048128342247,89.83957219251337
3d23e29b0d824693d89b6c545e11f4b0140b8691f4,maximal_k_core_component,core=50|component=0125a58a8ee67791a2a629fb6e8708543413bb636b,61,100.0,81.9672131147541
3d23e29b0d824693d89b6c545e11f4b0140b8691f4,direct_neighbors,account=3d23e29b0d824693d89b6c545e11f4b0140b8691f4,147,100.0,85.71428571428571
3d23e29b0d824693d89b6c545e11f4b0140b8691f4,louvain_community,community=46,1062,5.367231638418079,67.51412429378531
3d23e29b0d824693d89b6c545e11f4b0140b8691f4,same_top_topic,topic=0,1591,11.565053425518542,100.0
3d23e29b0d824693d89b6c545e11f4b0140b8691f4,classifier_predicted_io_random_forest,classifier_io|model=random_forest,209,100.0,88.03827751196172
3d23e29b0d824693d89b6c545e11f4b0140b8691f4,classifier_predicted_io_xgboost,classifier_io|model=xgboost,209,100.0,88.03827751196172
3d23e29b0d824693d89b6c545e11f4b0140b8691f4,classifier_predicted_io_logistic_regression,classifier_io|model=logistic_regression,187,98.93048128342247,89.83957219251337
3e5cb0f128a35f701026cc969c52d1bbdf49877319,maximal_k_core_component,core=43|component=3e5cb0f128a35f701026cc969c52d1bbdf49877319,1,100.0,100.0
3e5cb0f128a35f701026cc969c52d1bbdf49877319,direct_neighbors,account=3e5cb0f128a35f701026cc969c52d1bbdf49877319,51,100.0,70.58823529411765
3e5cb0f128a35f701026cc969c52d1bbdf49877319,louvain_community,community=46,1062,5.367231638418079,67.51412429378531
3e5cb0f128a35f701026cc969c52d1bbdf49877319,same_top_topic,topic=0,1591,11.565053425518542,100.0
3e5cb0f128a35f701026cc969c52d1bbdf49877319,classifier_predicted_io_random_forest,classifier_io|model=random_forest,209,100.0,88.03827751196172
3e5cb0f128a35f701026cc969c52d1bbdf49877319,classifier_predicted_io_xgboost,classifier_io|model=xgboost,209,100.0,88.03827751196172
3e5cb0f128a35f701026cc969c52d1bbdf49877319,classifier_predicted_io_logistic_regression,classifier_io|model=logistic_regression,187,98.93048128342247,89.83957219251337
3f075ec60600a6d0241034e967c2e809d781368ca4,maximal_k_core_component,core=40|component=3f075ec60600a6d0241034e967c2e809d781368ca4,1,100.0,100.0
3f075ec60600a6d0241034e967c2e809d781368ca4,direct_neighbors,account=3f075ec60600a6d0241034e967c2e809d781368ca4,149,33.557046979865774,63.758389261744966
3f075ec60600a6d0241034e967c2e809d781368ca4,louvain_community,community=46,1062,5.367231638418079,67.51412429378531
3f075ec60600a6d0241034e967c2e809d781368ca4,same_top_topic,topic=0,1591,11.565053425518542,100.0
3f075ec60600a6d0241034e967c2e809d781368ca4,classifier_predicted_io_random_forest,classifier_io|model=random_forest,209,100.0,88.03827751196172
3f075ec60600a6d0241034e967c2e809d781368ca4,classifier_predicted_io_xgboost,classifier_io|model=xgboost,209,100.0,88.03827751196172
3f075ec60600a6d0241034e967c2e809d781368ca4,classifier_predicted_io_logistic_regression,classifier_io|model=logistic_regression,187,98.93048128342247,89.83957219251337
3fddceefbf46592db4587d5df04a662294484b12c8,maximal_k_core_component,core=37|component=12b34e1efaa7cfe72ef0884b20c172c57d9e7751ed,9,100.0,88.88888888888889
3fddceefbf46592db4587d5df04a662294484b12c8,direct_neighbors,account=3fddceefbf46592db4587d5df04a662294484b12c8,45,100.0,91.11111111111111
3fddceefbf46592db4587d5df04a662294484b12c8,louvain_community,community=22,48,100.0,100.0
3fddceefbf46592db4587d5df04a662294484b12c8,same_top_topic,topic=0,1591,11.565053425518542,100.0
3fddceefbf46592db4587d5df04a662294484b12c8,classifier_predicted_io_random_forest,classifier_io|model=random_forest,209,100.0,88.03827751196172
3fddceefbf46592db4587d5df04a662294484b12c8,classifier_predicted_io_xgboost,classifier_io|model=xgboost,209,100.0,88.03827751196172
3fddceefbf46592db4587d5df04a662294484b12c8,classifier_predicted_io_logistic_regression,classifier_io|model=logistic_regression,187,98.93048128342247,89.83957219251337
40402842a75e211e1533dd518cc6a1798244341865,maximal_k_core_component,core=31|component=40402842a75e211e1533dd518cc6a1798244341865,1,100.0,100.0
40402842a75e211e1533dd518cc6a1798244341865,direct_neighbors,account=40402842a75e211e1533dd518cc6a1798244341865,33,100.0,90.9090909090909
40402842a75e211e1533dd518cc6a1798244341865,louvain_community,community=22,48,100.0,100.0
40402842a75e211e1533dd518cc6a1798244341865,same_top_topic,topic=0,1591,11.565053425518542,100.0
40402842a75e211e1533dd518cc6a1798244341865,classifier_predicted_io_random_forest,classifier_io|model=random_forest,209,100.0,88.03827751196172
40402842a75e211e1533dd518cc6a1798244341865,classifier_predicted_io_xgboost,classifier_io|model=xgboost,209,100.0,88.03827751196172
40402842a75e211e1533dd518cc6a1798244341865,classifier_predicted_io_logistic_regression,classifier_io|model=logistic_regression,187,98.93048128342247,89.83957219251337
4362a489dc5e649f11e031ca1f2c7fcb3408baefa9,maximal_k_core_component,core=14|component=4362a489dc5e649f11e031ca1f2c7fcb3408baefa9,1,100.0,100.0
4362a489dc5e649f11e031ca1f2c7fcb3408baefa9,direct_neighbors,account=4362a489dc5e649f11e031ca1f2c7fcb3408baefa9,15,100.0,100.0
4362a489dc5e649f11e031ca1f2c7fcb3408baefa9,louvain_community,community=22,48,100.0,100.0
4362a489dc5e649f11e031ca1f2c7fcb3408baefa9,same_top_topic,topic=0,1591,11.565053425518542,100.0
4362a489dc5e649f11e031ca1f2c7fcb3408baefa9,classifier_predicted_io_random_forest,classifier_io|model=random_forest,209,100.0,88.03827751196172
4362a489dc5e649f11e031ca1f2c7fcb3408baefa9,classifier_predicted_io_xgboost,classifier_io|model=xgboost,209,100.0,88.03827751196172
4362a489dc5e649f11e031ca1f2c7fcb3408baefa9,classifier_predicted_io_logistic_regression,classifier_io|model=logistic_regression,187,98.93048128342247,89.83957219251337
446707098c57c44578b6d5c0a40a58d69e45795e3a,maximal_k_core_component,core=33|component=446707098c57c44578b6d5c0a40a58d69e45795e3a,2,100.0,50.0
446707098c57c44578b6d5c0a40a58d69e45795e3a,direct_neighbors,account=446707098c57c44578b6d5c0a40a58d69e45795e3a,36,100.0,66.66666666666667
446707098c57c44578b6d5c0a40a58d69e45795e3a,louvain_community,community=4,58,81.03448275862068,63.793103448275865
446707098c57c44578b6d5c0a40a58d69e45795e3a,same_top_topic,topic=0,1591,11.565053425518542,100.0
446707098c57c44578b6d5c0a40a58d69e45795e3a,classifier_predicted_io_random_forest,classifier_io|model=random_forest,209,100.0,88.03827751196172
446707098c57c44578b6d5c0a40a58d69e45795e3a,classifier_predicted_io_xgboost,classifier_io|model=xgboost,209,100.0,88.03827751196172
446707098c57c44578b6d5c0a40a58d69e45795e3a,classifier_predicted_io_logistic_regression,classifier_io|model=logistic_regression,187,98.93048128342247,89.83957219251337
45ca66490dd91aba31ddc314d8d303c684737d0454,maximal_k_core_component,core=50|component=0125a58a8ee67791a2a629fb6e8708543413bb636b,61,100.0,81.9672131147541
45ca66490dd91aba31ddc314d8d303c684737d0454,direct_neighbors,account=45ca66490dd91aba31ddc314d8d303c684737d0454,129,100.0,86.04651162790698
45ca66490dd91aba31ddc314d8d303c684737d0454,louvain_community,community=4,58,81.03448275862068,63.793103448275865
45ca66490dd91aba31ddc314d8d303c684737d0454,same_top_topic,topic=0,1591,11.565053425518542,100.0
45ca66490dd91aba31ddc314d8d303c684737d0454,classifier_predicted_io_random_forest,classifier_io|model=random_forest,209,100.0,88.03827751196172
45ca66490dd91aba31ddc314d8d303c684737d0454,classifier_predicted_io_xgboost,classifier_io|model=xgboost,209,100.0,88.03827751196172
45ca66490dd91aba31ddc314d8d303c684737d0454,classifier_predicted_io_logistic_regression,classifier_io|model=logistic_regression,187,98.93048128342247,89.83957219251337
45f8cccc9dd8b27482a54089f87f2dbf6b92266bc5,maximal_k_core_component,core=50|component=0125a58a8ee67791a2a629fb6e8708543413bb636b,61,100.0,
45f8cccc9dd8b27482a54089f87f2dbf6b92266bc5,direct_neighbors,account=45f8cccc9dd8b27482a54089f87f2dbf6b92266bc5,165,72.72727272727273,
45f8cccc9dd8b27482a54089f87f2dbf6b92266bc5,louvain_community,community=46,1062,5.367231638418079,
45f8cccc9dd8b27482a54089f87f2dbf6b92266bc5,same_top_topic,topic=missing|account=45f8cccc9dd8b27482a54089f87f2dbf6b92266bc5,1,100.0,
45f8cccc9dd8b27482a54089f87f2dbf6b92266bc5,classifier_predicted_io_random_forest,classifier_io|model=random_forest,209,100.0,
45f8cccc9dd8b27482a54089f87f2dbf6b92266bc5,classifier_predicted_io_xgboost,classifier_io|model=xgboost,209,100.0,
45f8cccc9dd8b27482a54089f87f2dbf6b92266bc5,classifier_predicted_io_logistic_regression,classifier_io|model=logistic_regression,187,98.93048128342247,
462cc78c48aaac9581a3effe15520e790e70064b34,maximal_k_core_component,core=47|component=08a6f05e6ecbe877166d4f9489ae0901e568dc490d,21,100.0,100.0
462cc78c48aaac9581a3effe15520e790e70064b34,direct_neighbors,account=462cc78c48aaac9581a3effe15520e790e70064b34,68,100.0,88.23529411764706
462cc78c48aaac9581a3effe15520e790e70064b34,louvain_community,community=3,42,100.0,100.0
462cc78c48aaac9581a3effe15520e790e70064b34,same_top_topic,topic=0,1591,11.565053425518542,100.0
462cc78c48aaac9581a3effe15520e790e70064b34,classifier_predicted_io_random_forest,classifier_io|model=random_forest,209,100.0,88.03827751196172
462cc78c48aaac9581a3effe15520e790e70064b34,classifier_predicted_io_xgboost,classifier_io|model=xgboost,209,100.0,88.03827751196172
462cc78c48aaac9581a3effe15520e790e70064b34,classifier_predicted_io_logistic_regression,classifier_io|model=logistic_regression,187,98.93048128342247,89.83957219251337
469a383e471e610a1a0fac7a4e02d4f7d96788505f,maximal_k_core_component,core=50|component=0125a58a8ee67791a2a629fb6e8708543413bb636b,61,100.0,81.9672131147541
469a383e471e610a1a0fac7a4e02d4f7d96788505f,direct_neighbors,account=469a383e471e610a1a0fac7a4e02d4f7d96788505f,81,100.0,86.41975308641975
469a383e471e610a1a0fac7a4e02d4f7d96788505f,louvain_community,community=46,1062,5.367231638418079,67.51412429378531
469a383e471e610a1a0fac7a4e02d4f7d96788505f,same_top_topic,topic=0,1591,11.565053425518542,100.0
469a383e471e610a1a0fac7a4e02d4f7d96788505f,classifier_predicted_io_random_forest,classifier_io|model=random_forest,209,100.0,88.03827751196172
469a383e471e610a1a0fac7a4e02d4f7d96788505f,classifier_predicted_io_xgboost,classifier_io|model=xgboost,209,100.0,88.03827751196172
469a383e471e610a1a0fac7a4e02d4f7d96788505f,classifier_predicted_io_logistic_regression,classifier_io|model=logistic_regression,187,98.93048128342247,89.83957219251337
482ffa27f3cd8a96655b64fed28337c35ea8fe38fc,maximal_k_core_component,core=10|component=482ffa27f3cd8a96655b64fed28337c35ea8fe38fc,1,100.0,100.0
482ffa27f3cd8a96655b64fed28337c35ea8fe38fc,direct_neighbors,account=482ffa27f3cd8a96655b64fed28337c35ea8fe38fc,11,100.0,72.72727272727273
482ffa27f3cd8a96655b64fed28337c35ea8fe38fc,louvain_community,community=4,58,81.03448275862068,63.793103448275865
482ffa27f3cd8a96655b64fed28337c35ea8fe38fc,same_top_topic,topic=0,1591,11.565053425518542,100.0
482ffa27f3cd8a96655b64fed28337c35ea8fe38fc,classifier_predicted_io_random_forest,classifier_io|model=random_forest,209,100.0,88.03827751196172
482ffa27f3cd8a96655b64fed28337c35ea8fe38fc,classifier_predicted_io_xgboost,classifier_io|model=xgboost,209,100.0,88.03827751196172
482ffa27f3cd8a96655b64fed28337c35ea8fe38fc,classifier_predicted_io_logistic_regression,classifier_io|model=logistic_regression,187,98.93048128342247,89.83957219251337
4835e81049ad7c9c116b80fe643f66b55dbba3f684,maximal_k_core_component,core=50|component=0125a58a8ee67791a2a629fb6e8708543413bb636b,61,100.0,81.9672131147541
4835e81049ad7c9c116b80fe643f66b55dbba3f684,direct_neighbors,account=4835e81049ad7c9c116b80fe643f66b55dbba3f684,97,100.0,85.56701030927834
4835e81049ad7c9c116b80fe643f66b55dbba3f684,louvain_community,community=46,1062,5.367231638418079,67.51412429378531
4835e81049ad7c9c116b80fe643f66b55dbba3f684,same_top_topic,topic=0,1591,11.565053425518542,100.0
4835e81049ad7c9c116b80fe643f66b55dbba3f684,classifier_predicted_io_random_forest,classifier_io|model=random_forest,209,100.0,88.03827751196172
4835e81049ad7c9c116b80fe643f66b55dbba3f684,classifier_predicted_io_xgboost,classifier_io|model=xgboost,209,100.0,88.03827751196172
4835e81049ad7c9c116b80fe643f66b55dbba3f684,classifier_predicted_io_logistic_regression,classifier_io|model=logistic_regression,187,98.93048128342247,89.83957219251337
486c3f7ffee91d0b9a691ed4b63a2df08d875d3644,maximal_k_core_component,core=50|component=0125a58a8ee67791a2a629fb6e8708543413bb636b,61,100.0,
486c3f7ffee91d0b9a691ed4b63a2df08d875d3644,direct_neighbors,account=486c3f7ffee91d0b9a691ed4b63a2df08d875d3644,159,86.16352201257861,
486c3f7ffee91d0b9a691ed4b63a2df08d875d3644,louvain_community,community=46,1062,5.367231638418079,
486c3f7ffee91d0b9a691ed4b63a2df08d875d3644,same_top_topic,topic=missing|account=486c3f7ffee91d0b9a691ed4b63a2df08d875d3644,1,100.0,
486c3f7ffee91d0b9a691ed4b63a2df08d875d3644,classifier_predicted_io_random_forest,classifier_io|model=random_forest,209,100.0,
486c3f7ffee91d0b9a691ed4b63a2df08d875d3644,classifier_predicted_io_xgboost,classifier_io|model=xgboost,209,100.0,
486c3f7ffee91d0b9a691ed4b63a2df08d875d3644,classifier_predicted_io_logistic_regression,classifier_io|model=logistic_regression,187,98.93048128342247,
4a92092fbde2b28b49f4481ebcbfc62951d6259a8d,maximal_k_core_component,core=46|component=2764cf7a3fb915ea207be0753d84c50662cfa3f8c6,4,100.0,100.0
4a92092fbde2b28b49f4481ebcbfc62951d6259a8d,direct_neighbors,account=4a92092fbde2b28b49f4481ebcbfc62951d6259a8d,50,100.0,90.0
4a92092fbde2b28b49f4481ebcbfc62951d6259a8d,louvain_community,community=3,42,100.0,100.0
4a92092fbde2b28b49f4481ebcbfc62951d6259a8d,same_top_topic,topic=0,1591,11.565053425518542,100.0
4a92092fbde2b28b49f4481ebcbfc62951d6259a8d,classifier_predicted_io_random_forest,classifier_io|model=random_forest,209,100.0,88.03827751196172
4a92092fbde2b28b49f4481ebcbfc62951d6259a8d,classifier_predicted_io_xgboost,classifier_io|model=xgboost,209,100.0,88.03827751196172
4a92092fbde2b28b49f4481ebcbfc62951d6259a8d,classifier_predicted_io_logistic_regression,classifier_io|model=logistic_regression,187,98.93048128342247,89.83957219251337
4d1f92bfe2a862e0388bb173e5672a5789aeafa03e,maximal_k_core_component,core=50|component=0125a58a8ee67791a2a629fb6e8708543413bb636b,61,100.0,81.9672131147541
4d1f92bfe2a862e0388bb173e5672a5789aeafa03e,direct_neighbors,account=4d1f92bfe2a862e0388bb173e5672a5789aeafa03e,80,100.0,86.25
4d1f92bfe2a862e0388bb173e5672a5789aeafa03e,louvain_community,community=46,1062,5.367231638418079,67.51412429378531
4d1f92bfe2a862e0388bb173e5672a5789aeafa03e,same_top_topic,topic=0,1591,11.565053425518542,100.0
4d1f92bfe2a862e0388bb173e5672a5789aeafa03e,classifier_predicted_io_random_forest,classifier_io|model=random_forest,209,100.0,88.03827751196172
4d1f92bfe2a862e0388bb173e5672a5789aeafa03e,classifier_predicted_io_xgboost,classifier_io|model=xgboost,209,100.0,88.03827751196172
4d1f92bfe2a862e0388bb173e5672a5789aeafa03e,classifier_predicted_io_logistic_regression,classifier_io|model=logistic_regression,187,98.93048128342247,89.83957219251337
4dfe07bc14403ff6c3e6d578c9473f34d243ae36a7,maximal_k_core_component,core=49|component=1515f0769aa29ac51394f6094eec80c613491f6c7b,25,100.0,88.0
4dfe07bc14403ff6c3e6d578c9473f34d243ae36a7,direct_neighbors,account=4dfe07bc14403ff6c3e6d578c9473f34d243ae36a7,55,100.0,87.27272727272727
4dfe07bc14403ff6c3e6d578c9473f34d243ae36a7,louvain_community,community=46,1062,5.367231638418079,67.51412429378531
4dfe07bc14403ff6c3e6d578c9473f34d243ae36a7,same_top_topic,topic=0,1591,11.565053425518542,100.0
4dfe07bc14403ff6c3e6d578c9473f34d243ae36a7,classifier_predicted_io_random_forest,classifier_io|model=random_forest,209,100.0,88.03827751196172
4dfe07bc14403ff6c3e6d578c9473f34d243ae36a7,classifier_predicted_io_xgboost,classifier_io|model=xgboost,209,100.0,88.03827751196172
4dfe07bc14403ff6c3e6d578c9473f34d243ae36a7,classifier_predicted_io_logistic_regression,classifier_io|model=logistic_regression,187,98.93048128342247,89.83957219251337
4eb3ff99008b84663e9b39b552a51f6c9f6226c5d9,maximal_k_core_component,core=47|component=08a6f05e6ecbe877166d4f9489ae0901e568dc490d,21,100.0,100.0
4eb3ff99008b84663e9b39b552a51f6c9f6226c5d9,direct_neighbors,account=4eb3ff99008b84663e9b39b552a51f6c9f6226c5d9,54,100.0,81.48148148148148
4eb3ff99008b84663e9b39b552a51f6c9f6226c5d9,louvain_community,community=3,42,100.0,100.0
4eb3ff99008b84663e9b39b552a51f6c9f6226c5d9,same_top_topic,topic=0,1591,11.565053425518542,100.0
4eb3ff99008b84663e9b39b552a51f6c9f6226c5d9,classifier_predicted_io_random_forest,classifier_io|model=random_forest,209,100.0,88.03827751196172
4eb3ff99008b84663e9b39b552a51f6c9f6226c5d9,classifier_predicted_io_xgboost,classifier_io|model=xgboost,209,100.0,88.03827751196172
4eb3ff99008b84663e9b39b552a51f6c9f6226c5d9,classifier_predicted_io_logistic_regression,classifier_io|model=logistic_regression,187,98.93048128342247,89.83957219251337
560b9c4e5212e05d8d68bda2df4975a07e59611ba5,maximal_k_core_component,core=50|component=0125a58a8ee67791a2a629fb6e8708543413bb636b,61,100.0,81.9672131147541
560b9c4e5212e05d8d68bda2df4975a07e59611ba5,direct_neighbors,account=560b9c4e5212e05d8d68bda2df4975a07e59611ba5,86,100.0,88.37209302325581
560b9c4e5212e05d8d68bda2df4975a07e59611ba5,louvain_community,community=46,1062,5.367231638418079,67.51412429378531
560b9c4e5212e05d8d68bda2df4975a07e59611ba5,same_top_topic,topic=0,1591,11.565053425518542,100.0
560b9c4e5212e05d8d68bda2df4975a07e59611ba5,classifier_predicted_io_random_forest,classifier_io|model=random_forest,209,100.0,88.03827751196172
560b9c4e5212e05d8d68bda2df4975a07e59611ba5,classifier_predicted_io_xgboost,classifier_io|model=xgboost,209,100.0,88.03827751196172
560b9c4e5212e05d8d68bda2df4975a07e59611ba5,classifier_predicted_io_logistic_regression,classifier_io|model=logistic_regression,187,98.93048128342247,89.83957219251337
5670e6b9041485dfec2c431bbb9a70ce1a2935eefc,maximal_k_core_component,core=50|component=0125a58a8ee67791a2a629fb6e8708543413bb636b,61,100.0,81.9672131147541
5670e6b9041485dfec2c431bbb9a70ce1a2935eefc,direct_neighbors,account=5670e6b9041485dfec2c431bbb9a70ce1a2935eefc,93,87.09677419354838,83.87096774193549
5670e6b9041485dfec2c431bbb9a70ce1a2935eefc,louvain_community,community=46,1062,5.367231638418079,67.51412429378531
5670e6b9041485dfec2c431bbb9a70ce1a2935eefc,same_top_topic,topic=0,1591,11.565053425518542,100.0
5670e6b9041485dfec2c431bbb9a70ce1a2935eefc,classifier_predicted_io_random_forest,classifier_io|model=random_forest,209,100.0,88.03827751196172
5670e6b9041485dfec2c431bbb9a70ce1a2935eefc,classifier_predicted_io_xgboost,classifier_io|model=xgboost,209,100.0,88.03827751196172
5670e6b9041485dfec2c431bbb9a70ce1a2935eefc,classifier_predicted_io_logistic_regression,classifier_io|model=logistic_regression,187,98.93048128342247,89.83957219251337
56ec76308975431f1378629bc73fcec7043c507301,maximal_k_core_component,core=15|component=56ec76308975431f1378629bc73fcec7043c507301,1,100.0,100.0
56ec76308975431f1378629bc73fcec7043c507301,direct_neighbors,account=56ec76308975431f1378629bc73fcec7043c507301,16,100.0,100.0
56ec76308975431f1378629bc73fcec7043c507301,louvain_community,community=22,48,100.0,100.0
56ec76308975431f1378629bc73fcec7043c507301,same_top_topic,topic=0,1591,11.565053425518542,100.0
56ec76308975431f1378629bc73fcec7043c507301,classifier_predicted_io_random_forest,classifier_io|model=random_forest,209,100.0,88.03827751196172
56ec76308975431f1378629bc73fcec7043c507301,classifier_predicted_io_xgboost,classifier_io|model=xgboost,209,100.0,88.03827751196172
56ec76308975431f1378629bc73fcec7043c507301,classifier_predicted_io_logistic_regression,classifier_io|model=logistic_regression,187,98.93048128342247,89.83957219251337
57548900ac7e77c10f8fc220c6ee6e0df3f113a218,maximal_k_core_component,core=0|component=57548900ac7e77c10f8fc220c6ee6e0df3f113a218,1,100.0,100.0
57548900ac7e77c10f8fc220c6ee6e0df3f113a218,direct_neighbors,account=57548900ac7e77c10f8fc220c6ee6e0df3f113a218,1,100.0,100.0
57548900ac7e77c10f8fc220c6ee6e0df3f113a218,louvain_community,community=17,1,100.0,100.0
57548900ac7e77c10f8fc220c6ee6e0df3f113a218,same_top_topic,topic=0,1591,11.565053425518542,100.0
57548900ac7e77c10f8fc220c6ee6e0df3f113a218,classifier_predicted_io_random_forest,classifier_io|model=random_forest,209,100.0,88.03827751196172
57548900ac7e77c10f8fc220c6ee6e0df3f113a218,classifier_predicted_io_xgboost,classifier_io|model=xgboost,209,100.0,88.03827751196172
57548900ac7e77c10f8fc220c6ee6e0df3f113a218,classifier_predicted_io_logistic_regression,classifier_io|model=logistic_regression,187,98.93048128342247,89.83957219251337
587f669e7fc91a7822640fe94601860d450c962c78,maximal_k_core_component,core=43|component=587f669e7fc91a7822640fe94601860d450c962c78,1,100.0,100.0
587f669e7fc91a7822640fe94601860d450c962c78,direct_neighbors,account=587f669e7fc91a7822640fe94601860d450c962c78,86,100.0,89.53488372093024
587f669e7fc91a7822640fe94601860d450c962c78,louvain_community,community=22,48,100.0,100.0
587f669e7fc91a7822640fe94601860d450c962c78,same_top_topic,topic=0,1591,11.565053425518542,100.0
587f669e7fc91a7822640fe94601860d450c962c78,classifier_predicted_io_random_forest,classifier_io|model=random_forest,209,100.0,88.03827751196172
587f669e7fc91a7822640fe94601860d450c962c78,classifier_predicted_io_xgboost,classifier_io|model=xgboost,209,100.0,88.03827751196172
587f669e7fc91a7822640fe94601860d450c962c78,classifier_predicted_io_logistic_regression,classifier_io|model=logistic_regression,187,98.93048128342247,89.83957219251337
59784f0b282478e85300a1734d31feb1a5d83b60de,maximal_k_core_component,core=37|component=12b34e1efaa7cfe72ef0884b20c172c57d9e7751ed,9,100.0,88.88888888888889
59784f0b282478e85300a1734d31feb1a5d83b60de,direct_neighbors,account=59784f0b282478e85300a1734d31feb1a5d83b60de,51,100.0,96.07843137254902
59784f0b282478e85300a1734d31feb1a5d83b60de,louvain_community,community=22,48,100.0,100.0
59784f0b282478e85300a1734d31feb1a5d83b60de,same_top_topic,topic=0,1591,11.565053425518542,100.0
59784f0b282478e85300a1734d31feb1a5d83b60de,classifier_predicted_io_random_forest,classifier_io|model=random_forest,209,100.0,88.03827751196172
59784f0b282478e85300a1734d31feb1a5d83b60de,classifier_predicted_io_xgboost,classifier_io|model=xgboost,209,100.0,88.03827751196172
59784f0b282478e85300a1734d31feb1a5d83b60de,classifier_predicted_io_logistic_regression,classifier_io|model=logistic_regression,187,98.93048128342247,89.83957219251337
5a6c202a78c4ea6ab8764531fd8178676490666958,maximal_k_core_component,core=38|component=0a94e8d65cfe693b008cef29bba8fa2ecc0015713b,20,100.0,100.0
5a6c202a78c4ea6ab8764531fd8178676490666958,direct_neighbors,account=5a6c202a78c4ea6ab8764531fd8178676490666958,53,100.0,92.45283018867924
5a6c202a78c4ea6ab8764531fd8178676490666958,louvain_community,community=22,48,100.0,100.0
5a6c202a78c4ea6ab8764531fd8178676490666958,same_top_topic,topic=0,1591,11.565053425518542,100.0
5a6c202a78c4ea6ab8764531fd8178676490666958,classifier_predicted_io_random_forest,classifier_io|model=random_forest,209,100.0,88.03827751196172
5a6c202a78c4ea6ab8764531fd8178676490666958,classifier_predicted_io_xgboost,classifier_io|model=xgboost,209,100.0,88.03827751196172
5a6c202a78c4ea6ab8764531fd8178676490666958,classifier_predicted_io_logistic_regression,classifier_io|model=logistic_regression,187,98.93048128342247,89.83957219251337
5d64628fb10155b9017c640cbb0cf04c8e45a5dd05,maximal_k_core_component,core=38|component=0a94e8d65cfe693b008cef29bba8fa2ecc0015713b,20,100.0,100.0
5d64628fb10155b9017c640cbb0cf04c8e45a5dd05,direct_neighbors,account=5d64628fb10155b9017c640cbb0cf04c8e45a5dd05,55,100.0,94.54545454545455
5d64628fb10155b9017c640cbb0cf04c8e45a5dd05,louvain_community,community=22,48,100.0,100.0
5d64628fb10155b9017c640cbb0cf04c8e45a5dd05,same_top_topic,topic=0,1591,11.565053425518542,100.0
5d64628fb10155b9017c640cbb0cf04c8e45a5dd05,classifier_predicted_io_random_forest,classifier_io|model=random_forest,209,100.0,88.03827751196172
5d64628fb10155b9017c640cbb0cf04c8e45a5dd05,classifier_predicted_io_xgboost,classifier_io|model=xgboost,209,100.0,88.03827751196172
5d64628fb10155b9017c640cbb0cf04c8e45a5dd05,classifier_predicted_io_logistic_regression,classifier_io|model=logistic_regression,187,98.93048128342247,89.83957219251337
5d7a8b4149d9d193f49aac3b7bb8add2895a73f8c4,maximal_k_core_component,core=38|component=0a94e8d65cfe693b008cef29bba8fa2ecc0015713b,20,100.0,100.0
5d7a8b4149d9d193f49aac3b7bb8add2895a73f8c4,direct_neighbors,account=5d7a8b4149d9d193f49aac3b7bb8add2895a73f8c4,55,100.0,89.0909090909091
5d7a8b4149d9d193f49aac3b7bb8add2895a73f8c4,louvain_community,community=22,48,100.0,100.0
5d7a8b4149d9d193f49aac3b7bb8add2895a73f8c4,same_top_topic,topic=0,1591,11.565053425518542,100.0
5d7a8b4149d9d193f49aac3b7bb8add2895a73f8c4,classifier_predicted_io_random_forest,classifier_io|model=random_forest,209,100.0,88.03827751196172
5d7a8b4149d9d193f49aac3b7bb8add2895a73f8c4,classifier_predicted_io_xgboost,classifier_io|model=xgboost,209,100.0,88.03827751196172
5d7a8b4149d9d193f49aac3b7bb8add2895a73f8c4,classifier_predicted_io_logistic_regression,classifier_io|model=logistic_regression,187,98.93048128342247,89.83957219251337
5e24adabbee586bf7ed08e99446aee30f5f1f3b2a3,maximal_k_core_component,core=50|component=0125a58a8ee67791a2a629fb6e8708543413bb636b,61,100.0,81.9672131147541
5e24adabbee586bf7ed08e99446aee30f5f1f3b2a3,direct_neighbors,account=5e24adabbee586bf7ed08e99446aee30f5f1f3b2a3,827,18.742442563482467,64.44981862152358
5e24adabbee586bf7ed08e99446aee30f5f1f3b2a3,louvain_community,community=46,1062,5.367231638418079,67.51412429378531
5e24adabbee586bf7ed08e99446aee30f5f1f3b2a3,same_top_topic,topic=0,1591,11.565053425518542,100.0
5e24adabbee586bf7ed08e99446aee30f5f1f3b2a3,classifier_predicted_io_random_forest,classifier_io|model=random_forest,209,100.0,88.03827751196172
5e24adabbee586bf7ed08e99446aee30f5f1f3b2a3,classifier_predicted_io_xgboost,classifier_io|model=xgboost,209,100.0,88.03827751196172
5e24adabbee586bf7ed08e99446aee30f5f1f3b2a3,classifier_predicted_io_logistic_regression,classifier_io|model=logistic_regression,187,98.93048128342247,89.83957219251337
5e6e057997e27f9c79b4f973a957bd644e5974aa11,maximal_k_core_component,core=50|component=0125a58a8ee67791a2a629fb6e8708543413bb636b,61,100.0,81.9672131147541
5e6e057997e27f9c79b4f973a957bd644e5974aa11,direct_neighbors,account=5e6e057997e27f9c79b4f973a957bd644e5974aa11,106,100.0,87.73584905660377
5e6e057997e27f9c79b4f973a957bd644e5974aa11,louvain_community,community=46,1062,5.367231638418079,67.51412429378531
5e6e057997e27f9c79b4f973a957bd644e5974aa11,same_top_topic,topic=0,1591,11.565053425518542,100.0
5e6e057997e27f9c79b4f973a957bd644e5974aa11,classifier_predicted_io_random_forest,classifier_io|model=random_forest,209,100.0,88.03827751196172
5e6e057997e27f9c79b4f973a957bd644e5974aa11,classifier_predicted_io_xgboost,classifier_io|model=xgboost,209,100.0,88.03827751196172
5e6e057997e27f9c79b4f973a957bd644e5974aa11,classifier_predicted_io_logistic_regression,classifier_io|model=logistic_regression,187,98.93048128342247,89.83957219251337
5f52b589fd9417e2edd6e3a1fc3f33f28848163f5c,maximal_k_core_component,core=47|component=08a6f05e6ecbe877166d4f9489ae0901e568dc490d,21,100.0,100.0
5f52b589fd9417e2edd6e3a1fc3f33f28848163f5c,direct_neighbors,account=5f52b589fd9417e2edd6e3a1fc3f33f28848163f5c,68,100.0,86.76470588235294
5f52b589fd9417e2edd6e3a1fc3f33f28848163f5c,louvain_community,community=3,42,100.0,100.0
5f52b589fd9417e2edd6e3a1fc3f33f28848163f5c,same_top_topic,topic=0,1591,11.565053425518542,100.0
5f52b589fd9417e2edd6e3a1fc3f33f28848163f5c,classifier_predicted_io_random_forest,classifier_io|model=random_forest,209,100.0,88.03827751196172
5f52b589fd9417e2edd6e3a1fc3f33f28848163f5c,classifier_predicted_io_xgboost,classifier_io|model=xgboost,209,100.0,88.03827751196172
5f52b589fd9417e2edd6e3a1fc3f33f28848163f5c,classifier_predicted_io_logistic_regression,classifier_io|model=logistic_regression,187,98.93048128342247,89.83957219251337
607fef20ccff855b22007f853a25fb866392bfab2c,maximal_k_core_component,core=37|component=12b34e1efaa7cfe72ef0884b20c172c57d9e7751ed,9,100.0,88.88888888888889
607fef20ccff855b22007f853a25fb866392bfab2c,direct_neighbors,account=607fef20ccff855b22007f853a25fb866392bfab2c,47,100.0,91.48936170212765
607fef20ccff855b22007f853a25fb866392bfab2c,louvain_community,community=22,48,100.0,100.0
607fef20ccff855b22007f853a25fb866392bfab2c,same_top_topic,topic=0,1591,11.565053425518542,100.0
607fef20ccff855b22007f853a25fb866392bfab2c,classifier_predicted_io_random_forest,classifier_io|model=random_forest,209,100.0,88.03827751196172
607fef20ccff855b22007f853a25fb866392bfab2c,classifier_predicted_io_xgboost,classifier_io|model=xgboost,209,100.0,88.03827751196172
607fef20ccff855b22007f853a25fb866392bfab2c,classifier_predicted_io_logistic_regression,classifier_io|model=logistic_regression,187,98.93048128342247,89.83957219251337
61bab53103b2e218fcf169c93fdcff0004999fd7a3,maximal_k_core_component,core=39|component=61bab53103b2e218fcf169c93fdcff0004999fd7a3,1,100.0,100.0
61bab53103b2e218fcf169c93fdcff0004999fd7a3,direct_neighbors,account=61bab53103b2e218fcf169c93fdcff0004999fd7a3,46,100.0,86.95652173913044
61bab53103b2e218fcf169c93fdcff0004999fd7a3,louvain_community,community=46,1062,5.367231638418079,67.51412429378531
61bab53103b2e218fcf169c93fdcff0004999fd7a3,same_top_topic,topic=0,1591,11.565053425518542,100.0
61bab53103b2e218fcf169c93fdcff0004999fd7a3,classifier_predicted_io_random_forest,classifier_io|model=random_forest,209,100.0,88.03827751196172
61bab53103b2e218fcf169c93fdcff0004999fd7a3,classifier_predicted_io_xgboost,classifier_io|model=xgboost,209,100.0,88.03827751196172
61bab53103b2e218fcf169c93fdcff0004999fd7a3,classifier_predicted_io_logistic_regression,classifier_io|model=logistic_regression,187,98.93048128342247,89.83957219251337
626318430d2bc684093861d101c6df779ed87c8ceb,maximal_k_core_component,core=47|component=08a6f05e6ecbe877166d4f9489ae0901e568dc490d,21,100.0,100.0
626318430d2bc684093861d101c6df779ed87c8ceb,direct_neighbors,account=626318430d2bc684093861d101c6df779ed87c8ceb,56,100.0,89.28571428571429
626318430d2bc684093861d101c6df779ed87c8ceb,louvain_community,community=3,42,100.0,100.0
626318430d2bc684093861d101c6df779ed87c8ceb,same_top_topic,topic=0,1591,11.565053425518542,100.0
626318430d2bc684093861d101c6df779ed87c8ceb,classifier_predicted_io_random_forest,classifier_io|model=random_forest,209,100.0,88.03827751196172
626318430d2bc684093861d101c6df779ed87c8ceb,classifier_predicted_io_xgboost,classifier_io|model=xgboost,209,100.0,88.03827751196172
626318430d2bc684093861d101c6df779ed87c8ceb,classifier_predicted_io_logistic_regression,classifier_io|model=logistic_regression,187,98.93048128342247,89.83957219251337
63022d2bf9596fa620f2c249a0dde3f317a6f7f926,maximal_k_core_component,core=0|component=63022d2bf9596fa620f2c249a0dde3f317a6f7f926,1,100.0,100.0
63022d2bf9596fa620f2c249a0dde3f317a6f7f926,direct_neighbors,account=63022d2bf9596fa620f2c249a0dde3f317a6f7f926,1,100.0,100.0
63022d2bf9596fa620f2c249a0dde3f317a6f7f926,louvain_community,community=20,1,100.0,100.0
63022d2bf9596fa620f2c249a0dde3f317a6f7f926,same_top_topic,topic=1,6,16.666666666666668,100.0
63022d2bf9596fa620f2c249a0dde3f317a6f7f926,classifier_predicted_io_random_forest,classifier_io|model=random_forest,209,100.0,0.4784688995215311
63022d2bf9596fa620f2c249a0dde3f317a6f7f926,classifier_predicted_io_xgboost,classifier_io|model=xgboost,209,100.0,0.4784688995215311
63022d2bf9596fa620f2c249a0dde3f317a6f7f926,classifier_predicted_io_logistic_regression,classifier_io|model=logistic_regression,187,98.93048128342247,0.0
64de6d4630c88f1c2dcbb861046f65c62aae28a5e3,maximal_k_core_component,core=24|component=64de6d4630c88f1c2dcbb861046f65c62aae28a5e3,1,100.0,100.0
64de6d4630c88f1c2dcbb861046f65c62aae28a5e3,direct_neighbors,account=64de6d4630c88f1c2dcbb861046f65c62aae28a5e3,25,100.0,68.0
64de6d4630c88f1c2dcbb861046f65c62aae28a5e3,louvain_community,community=4,58,81.03448275862068,63.793103448275865
64de6d4630c88f1c2dcbb861046f65c62aae28a5e3,same_top_topic,topic=0,1591,11.565053425518542,100.0
64de6d4630c88f1c2dcbb861046f65c62aae28a5e3,classifier_predicted_io_random_forest,classifier_io|model=random_forest,209,100.0,88.03827751196172
64de6d4630c88f1c2dcbb861046f65c62aae28a5e3,classifier_predicted_io_xgboost,classifier_io|model=xgboost,209,100.0,88.03827751196172
64de6d4630c88f1c2dcbb861046f65c62aae28a5e3,classifier_predicted_io_logistic_regression,classifier_io|model=logistic_regression,187,98.93048128342247,89.83957219251337
66464c878efd8ae2c495e13a38ea110c95edd1bc5e,maximal_k_core_component,core=50|component=0125a58a8ee67791a2a629fb6e8708543413bb636b,61,100.0,81.9672131147541
66464c878efd8ae2c495e13a38ea110c95edd1bc5e,direct_neighbors,account=66464c878efd8ae2c495e13a38ea110c95edd1bc5e,117,100.0,81.19658119658119
66464c878efd8ae2c495e13a38ea110c95edd1bc5e,louvain_community,community=4,58,81.03448275862068,63.793103448275865
66464c878efd8ae2c495e13a38ea110c95edd1bc5e,same_top_topic,topic=0,1591,11.565053425518542,100.0
66464c878efd8ae2c495e13a38ea110c95edd1bc5e,classifier_predicted_io_random_forest,classifier_io|model=random_forest,209,100.0,88.03827751196172
66464c878efd8ae2c495e13a38ea110c95edd1bc5e,classifier_predicted_io_xgboost,classifier_io|model=xgboost,209,100.0,88.03827751196172
66464c878efd8ae2c495e13a38ea110c95edd1bc5e,classifier_predicted_io_logistic_regression,classifier_io|model=logistic_regression,187,98.93048128342247,89.83957219251337
66ad8e845902de18534b116905ca8c00ce0d6b0181,maximal_k_core_component,core=11|component=0e26e737d9b121ada548c2e20b98990b3acd117f37,10,100.0,100.0
66ad8e845902de18534b116905ca8c00ce0d6b0181,direct_neighbors,account=66ad8e845902de18534b116905ca8c00ce0d6b0181,15,100.0,100.0
66ad8e845902de18534b116905ca8c00ce0d6b0181,louvain_community,community=24,10,100.0,100.0
66ad8e845902de18534b116905ca8c00ce0d6b0181,same_top_topic,topic=0,1591,11.565053425518542,100.0
66ad8e845902de18534b116905ca8c00ce0d6b0181,classifier_predicted_io_random_forest,classifier_io|model=random_forest,209,100.0,88.03827751196172
66ad8e845902de18534b116905ca8c00ce0d6b0181,classifier_predicted_io_xgboost,classifier_io|model=xgboost,209,100.0,88.03827751196172
66ad8e845902de18534b116905ca8c00ce0d6b0181,classifier_predicted_io_logistic_regression,classifier_io|model=logistic_regression,187,98.93048128342247,89.83957219251337
6792c392249c55093bf5a2be7e6c23fdd5301524cf,maximal_k_core_component,core=0|component=6792c392249c55093bf5a2be7e6c23fdd5301524cf,1,100.0,100.0
6792c392249c55093bf5a2be7e6c23fdd5301524cf,direct_neighbors,account=6792c392249c55093bf5a2be7e6c23fdd5301524cf,1,100.0,100.0
6792c392249c55093bf5a2be7e6c23fdd5301524cf,louvain_community,community=21,1,100.0,100.0
6792c392249c55093bf5a2be7e6c23fdd5301524cf,same_top_topic,topic=0,1591,11.565053425518542,100.0
6792c392249c55093bf5a2be7e6c23fdd5301524cf,classifier_predicted_io_random_forest,classifier_io|model=random_forest,209,100.0,88.03827751196172
6792c392249c55093bf5a2be7e6c23fdd5301524cf,classifier_predicted_io_xgboost,classifier_io|model=xgboost,209,100.0,88.03827751196172
6792c392249c55093bf5a2be7e6c23fdd5301524cf,classifier_predicted_io_logistic_regression,classifier_io|model=logistic_regression,187,98.93048128342247,89.83957219251337
67c361c2f83186fd18501b5025a337accb1fd4120f,maximal_k_core_component,core=38|component=0a94e8d65cfe693b008cef29bba8fa2ecc0015713b,20,100.0,100.0
67c361c2f83186fd18501b5025a337accb1fd4120f,direct_neighbors,account=67c361c2f83186fd18501b5025a337accb1fd4120f,57,100.0,92.98245614035088
67c361c2f83186fd18501b5025a337accb1fd4120f,louvain_community,community=22,48,100.0,100.0
67c361c2f83186fd18501b5025a337accb1fd4120f,same_top_topic,topic=0,1591,11.565053425518542,100.0
67c361c2f83186fd18501b5025a337accb1fd4120f,classifier_predicted_io_random_forest,classifier_io|model=random_forest,209,100.0,88.03827751196172
67c361c2f83186fd18501b5025a337accb1fd4120f,classifier_predicted_io_xgboost,classifier_io|model=xgboost,209,100.0,88.03827751196172
67c361c2f83186fd18501b5025a337accb1fd4120f,classifier_predicted_io_logistic_regression,classifier_io|model=logistic_regression,187,98.93048128342247,89.83957219251337
69f3ab547cd866bf44e63fdeea7031949697a6f424,maximal_k_core_component,core=50|component=0125a58a8ee67791a2a629fb6e8708543413bb636b,61,100.0,81.9672131147541
69f3ab547cd866bf44e63fdeea7031949697a6f424,direct_neighbors,account=69f3ab547cd866bf44e63fdeea7031949697a6f424,61,100.0,83.60655737704919
69f3ab547cd866bf44e63fdeea7031949697a6f424,louvain_community,community=46,1062,5.367231638418079,67.51412429378531
69f3ab547cd866bf44e63fdeea7031949697a6f424,same_top_topic,topic=0,1591,11.565053425518542,100.0
69f3ab547cd866bf44e63fdeea7031949697a6f424,classifier_predicted_io_random_forest,classifier_io|model=random_forest,209,100.0,88.03827751196172
69f3ab547cd866bf44e63fdeea7031949697a6f424,classifier_predicted_io_xgboost,classifier_io|model=xgboost,209,100.0,88.03827751196172
69f3ab547cd866bf44e63fdeea7031949697a6f424,classifier_predicted_io_logistic_regression,classifier_io|model=logistic_regression,187,98.93048128342247,89.83957219251337
6a5b8fb0fbac4905bcb704419673e6d8d1929973c4,maximal_k_core_component,core=50|component=0125a58a8ee67791a2a629fb6e8708543413bb636b,61,100.0,81.9672131147541
6a5b8fb0fbac4905bcb704419673e6d8d1929973c4,direct_neighbors,account=6a5b8fb0fbac4905bcb704419673e6d8d1929973c4,114,99.12280701754386,82.45614035087719
6a5b8fb0fbac4905bcb704419673e6d8d1929973c4,louvain_community,community=46,1062,5.367231638418079,67.51412429378531
6a5b8fb0fbac4905bcb704419673e6d8d1929973c4,same_top_topic,topic=0,1591,11.565053425518542,100.0
6a5b8fb0fbac4905bcb704419673e6d8d1929973c4,classifier_predicted_io_random_forest,classifier_io|model=random_forest,209,100.0,88.03827751196172
6a5b8fb0fbac4905bcb704419673e6d8d1929973c4,classifier_predicted_io_xgboost,classifier_io|model=xgboost,209,100.0,88.03827751196172
6a5b8fb0fbac4905bcb704419673e6d8d1929973c4,classifier_predicted_io_logistic_regression,classifier_io|model=logistic_regression,187,98.93048128342247,89.83957219251337
6ad7bebfe6f5c3289d3a5e6d40832521043ac26982,maximal_k_core_component,core=11|component=0e26e737d9b121ada548c2e20b98990b3acd117f37,10,100.0,100.0
6ad7bebfe6f5c3289d3a5e6d40832521043ac26982,direct_neighbors,account=6ad7bebfe6f5c3289d3a5e6d40832521043ac26982,13,100.0,100.0
6ad7bebfe6f5c3289d3a5e6d40832521043ac26982,louvain_community,community=24,10,100.0,100.0
6ad7bebfe6f5c3289d3a5e6d40832521043ac26982,same_top_topic,topic=0,1591,11.565053425518542,100.0
6ad7bebfe6f5c3289d3a5e6d40832521043ac26982,classifier_predicted_io_random_forest,classifier_io|model=random_forest,209,100.0,88.03827751196172
6ad7bebfe6f5c3289d3a5e6d40832521043ac26982,classifier_predicted_io_xgboost,classifier_io|model=xgboost,209,100.0,88.03827751196172
6ad7bebfe6f5c3289d3a5e6d40832521043ac26982,classifier_predicted_io_logistic_regression,classifier_io|model=logistic_regression,187,98.93048128342247,89.83957219251337
6af0b44028764586ae7515d2da811ffa92fd97e652,maximal_k_core_component,core=38|component=0a94e8d65cfe693b008cef29bba8fa2ecc0015713b,20,100.0,100.0
6af0b44028764586ae7515d2da811ffa92fd97e652,direct_neighbors,account=6af0b44028764586ae7515d2da811ffa92fd97e652,57,100.0,94.73684210526316
6af0b44028764586ae7515d2da811ffa92fd97e652,louvain_community,community=22,48,100.0,100.0
6af0b44028764586ae7515d2da811ffa92fd97e652,same_top_topic,topic=0,1591,11.565053425518542,100.0
6af0b44028764586ae7515d2da811ffa92fd97e652,classifier_predicted_io_random_forest,classifier_io|model=random_forest,209,100.0,88.03827751196172
6af0b44028764586ae7515d2da811ffa92fd97e652,classifier_predicted_io_xgboost,classifier_io|model=xgboost,209,100.0,88.03827751196172
6af0b44028764586ae7515d2da811ffa92fd97e652,classifier_predicted_io_logistic_regression,classifier_io|model=logistic_regression,187,98.93048128342247,89.83957219251337
6e32e0926cc44d04e37d8be40ac4c94921da28aa0d,maximal_k_core_component,core=49|component=1515f0769aa29ac51394f6094eec80c613491f6c7b,25,100.0,88.0
6e32e0926cc44d04e37d8be40ac4c94921da28aa0d,direct_neighbors,account=6e32e0926cc44d04e37d8be40ac4c94921da28aa0d,74,100.0,91.89189189189189
6e32e0926cc44d04e37d8be40ac4c94921da28aa0d,louvain_community,community=3,42,100.0,100.0
6e32e0926cc44d04e37d8be40ac4c94921da28aa0d,same_top_topic,topic=0,1591,11.565053425518542,100.0
6e32e0926cc44d04e37d8be40ac4c94921da28aa0d,classifier_predicted_io_random_forest,classifier_io|model=random_forest,209,100.0,88.03827751196172
6e32e0926cc44d04e37d8be40ac4c94921da28aa0d,classifier_predicted_io_xgboost,classifier_io|model=xgboost,209,100.0,88.03827751196172
6e32e0926cc44d04e37d8be40ac4c94921da28aa0d,classifier_predicted_io_logistic_regression,classifier_io|model=logistic_regression,187,98.93048128342247,89.83957219251337
6fd1b4afe5f9d090c4c0cc54ce43f174d9239041e0,maximal_k_core_component,core=49|component=1515f0769aa29ac51394f6094eec80c613491f6c7b,25,100.0,88.0
6fd1b4afe5f9d090c4c0cc54ce43f174d9239041e0,direct_neighbors,account=6fd1b4afe5f9d090c4c0cc54ce43f174d9239041e0,122,100.0,93.44262295081967
6fd1b4afe5f9d090c4c0cc54ce43f174d9239041e0,louvain_community,community=3,42,100.0,100.0
6fd1b4afe5f9d090c4c0cc54ce43f174d9239041e0,same_top_topic,topic=0,1591,11.565053425518542,100.0
6fd1b4afe5f9d090c4c0cc54ce43f174d9239041e0,classifier_predicted_io_random_forest,classifier_io|model=random_forest,209,100.0,88.03827751196172
6fd1b4afe5f9d090c4c0cc54ce43f174d9239041e0,classifier_predicted_io_xgboost,classifier_io|model=xgboost,209,100.0,88.03827751196172
6fd1b4afe5f9d090c4c0cc54ce43f174d9239041e0,classifier_predicted_io_logistic_regression,classifier_io|model=logistic_regression,187,98.93048128342247,89.83957219251337
7008be0ad2ac33b98648d34e70a6a0a09dd8539aca,maximal_k_core_component,core=19|component=7008be0ad2ac33b98648d34e70a6a0a09dd8539aca,1,100.0,100.0
7008be0ad2ac33b98648d34e70a6a0a09dd8539aca,direct_neighbors,account=7008be0ad2ac33b98648d34e70a6a0a09dd8539aca,21,100.0,66.66666666666667
7008be0ad2ac33b98648d34e70a6a0a09dd8539aca,louvain_community,community=22,48,100.0,100.0
7008be0ad2ac33b98648d34e70a6a0a09dd8539aca,same_top_topic,topic=0,1591,11.565053425518542,100.0
7008be0ad2ac33b98648d34e70a6a0a09dd8539aca,classifier_predicted_io_random_forest,classifier_io|model=random_forest,209,100.0,88.03827751196172
7008be0ad2ac33b98648d34e70a6a0a09dd8539aca,classifier_predicted_io_xgboost,classifier_io|model=xgboost,209,100.0,88.03827751196172
7008be0ad2ac33b98648d34e70a6a0a09dd8539aca,classifier_predicted_io_logistic_regression,classifier_io|model=logistic_regression,187,98.93048128342247,89.83957219251337
70cdb73396e052cfbde69848a0bd91bc23268cb52e,maximal_k_core_component,core=50|component=0125a58a8ee67791a2a629fb6e8708543413bb636b,61,100.0,81.9672131147541
70cdb73396e052cfbde69848a0bd91bc23268cb52e,direct_neighbors,account=70cdb73396e052cfbde69848a0bd91bc23268cb52e,84,100.0,84.52380952380952
70cdb73396e052cfbde69848a0bd91bc23268cb52e,louvain_community,community=4,58,81.03448275862068,63.793103448275865
70cdb73396e052cfbde69848a0bd91bc23268cb52e,same_top_topic,topic=0,1591,11.565053425518542,100.0
70cdb73396e052cfbde69848a0bd91bc23268cb52e,classifier_predicted_io_random_forest,classifier_io|model=random_forest,209,100.0,88.03827751196172
70cdb73396e052cfbde69848a0bd91bc23268cb52e,classifier_predicted_io_xgboost,classifier_io|model=xgboost,209,100.0,88.03827751196172
70cdb73396e052cfbde69848a0bd91bc23268cb52e,classifier_predicted_io_logistic_regression,classifier_io|model=logistic_regression,187,98.93048128342247,89.83957219251337
712c984428e073dde07c1257f997451865ced5bbee,maximal_k_core_component,core=7|component=712c984428e073dde07c1257f997451865ced5bbee,2,100.0,50.0
712c984428e073dde07c1257f997451865ced5bbee,direct_neighbors,account=712c984428e073dde07c1257f997451865ced5bbee,8,100.0,37.5
712c984428e073dde07c1257f997451865ced5bbee,louvain_community,community=4,58,81.03448275862068,63.793103448275865
712c984428e073dde07c1257f997451865ced5bbee,same_top_topic,topic=0,1591,11.565053425518542,100.0
712c984428e073dde07c1257f997451865ced5bbee,classifier_predicted_io_random_forest,classifier_io|model=random_forest,209,100.0,88.03827751196172
712c984428e073dde07c1257f997451865ced5bbee,classifier_predicted_io_xgboost,classifier_io|model=xgboost,209,100.0,88.03827751196172
712c984428e073dde07c1257f997451865ced5bbee,classifier_predicted_io_logistic_regression,classifier_io|model=logistic_regression,187,98.93048128342247,89.83957219251337
71c65d2211f082a9ebba8d060c379f8ec3aca15c00,maximal_k_core_component,core=49|component=1515f0769aa29ac51394f6094eec80c613491f6c7b,25,100.0,88.0
71c65d2211f082a9ebba8d060c379f8ec3aca15c00,direct_neighbors,account=71c65d2211f082a9ebba8d060c379f8ec3aca15c00,70,100.0,75.71428571428571
71c65d2211f082a9ebba8d060c379f8ec3aca15c00,louvain_community,community=4,58,81.03448275862068,63.793103448275865
71c65d2211f082a9ebba8d060c379f8ec3aca15c00,same_top_topic,topic=0,1591,11.565053425518542,100.0
71c65d2211f082a9ebba8d060c379f8ec3aca15c00,classifier_predicted_io_random_forest,classifier_io|model=random_forest,209,100.0,88.03827751196172
71c65d2211f082a9ebba8d060c379f8ec3aca15c00,classifier_predicted_io_xgboost,classifier_io|model=xgboost,209,100.0,88.03827751196172
71c65d2211f082a9ebba8d060c379f8ec3aca15c00,classifier_predicted_io_logistic_regression,classifier_io|model=logistic_regression,187,98.93048128342247,89.83957219251337
72490dd5695d71e99983e463867f1892bca935daa1,maximal_k_core_component,core=50|component=0125a58a8ee67791a2a629fb6e8708543413bb636b,61,100.0,81.9672131147541
72490dd5695d71e99983e463867f1892bca935daa1,direct_neighbors,account=72490dd5695d71e99983e463867f1892bca935daa1,109,100.0,84.40366972477064
72490dd5695d71e99983e463867f1892bca935daa1,louvain_community,community=46,1062,5.367231638418079,67.51412429378531
72490dd5695d71e99983e463867f1892bca935daa1,same_top_topic,topic=0,1591,11.565053425518542,100.0
72490dd5695d71e99983e463867f1892bca935daa1,classifier_predicted_io_random_forest,classifier_io|model=random_forest,209,100.0,88.03827751196172
72490dd5695d71e99983e463867f1892bca935daa1,classifier_predicted_io_xgboost,classifier_io|model=xgboost,209,100.0,88.03827751196172
72490dd5695d71e99983e463867f1892bca935daa1,classifier_predicted_io_logistic_regression,classifier_io|model=logistic_regression,187,98.93048128342247,89.83957219251337
73161bcf471ada000f6f63fbb1daef514eb8316aa5,maximal_k_core_component,core=49|component=1515f0769aa29ac51394f6094eec80c613491f6c7b,25,100.0,88.0
73161bcf471ada000f6f63fbb1daef514eb8316aa5,direct_neighbors,account=73161bcf471ada000f6f63fbb1daef514eb8316aa5,88,100.0,90.9090909090909
73161bcf471ada000f6f63fbb1daef514eb8316aa5,louvain_community,community=3,42,100.0,100.0
73161bcf471ada000f6f63fbb1daef514eb8316aa5,same_top_topic,topic=0,1591,11.565053425518542,100.0
73161bcf471ada000f6f63fbb1daef514eb8316aa5,classifier_predicted_io_random_forest,classifier_io|model=random_forest,209,100.0,88.03827751196172
73161bcf471ada000f6f63fbb1daef514eb8316aa5,classifier_predicted_io_xgboost,classifier_io|model=xgboost,209,100.0,88.03827751196172
73161bcf471ada000f6f63fbb1daef514eb8316aa5,classifier_predicted_io_logistic_regression,classifier_io|model=logistic_regression,187,98.93048128342247,89.83957219251337
735b1b47cc014b5c9578cf15b916cdf5ff400b662b,maximal_k_core_component,core=10|component=735b1b47cc014b5c9578cf15b916cdf5ff400b662b,1,100.0,
735b1b47cc014b5c9578cf15b916cdf5ff400b662b,direct_neighbors,account=735b1b47cc014b5c9578cf15b916cdf5ff400b662b,11,100.0,
735b1b47cc014b5c9578cf15b916cdf5ff400b662b,louvain_community,community=4,58,81.03448275862068,
735b1b47cc014b5c9578cf15b916cdf5ff400b662b,same_top_topic,topic=missing|account=735b1b47cc014b5c9578cf15b916cdf5ff400b662b,1,100.0,
735b1b47cc014b5c9578cf15b916cdf5ff400b662b,classifier_predicted_io_random_forest,classifier_io|model=random_forest,209,100.0,
735b1b47cc014b5c9578cf15b916cdf5ff400b662b,classifier_predicted_io_xgboost,classifier_io|model=xgboost,209,100.0,
735b1b47cc014b5c9578cf15b916cdf5ff400b662b,classifier_predicted_io_logistic_regression,classifier_io|model=logistic_regression,187,98.93048128342247,
7361732e06656b870571dcd8d11400599154083bfd,maximal_k_core_component,core=50|component=0125a58a8ee67791a2a629fb6e8708543413bb636b,61,100.0,81.9672131147541
7361732e06656b870571dcd8d11400599154083bfd,direct_neighbors,account=7361732e06656b870571dcd8d11400599154083bfd,172,52.325581395348834,72.09302325581395
7361732e06656b870571dcd8d11400599154083bfd,louvain_community,community=4,58,81.03448275862068,63.793103448275865
7361732e06656b870571dcd8d11400599154083bfd,same_top_topic,topic=0,1591,11.565053425518542,100.0
7361732e06656b870571dcd8d11400599154083bfd,classifier_predicted_io_random_forest,classifier_io|model=random_forest,209,100.0,88.03827751196172
7361732e06656b870571dcd8d11400599154083bfd,classifier_predicted_io_xgboost,classifier_io|model=xgboost,209,100.0,88.03827751196172
7361732e06656b870571dcd8d11400599154083bfd,classifier_predicted_io_logistic_regression,classifier_io|model=logistic_regression,187,98.93048128342247,89.83957219251337
743e1c9b93ed53d39fdd883c0035b2e30536106481,maximal_k_core_component,core=38|component=0a94e8d65cfe693b008cef29bba8fa2ecc0015713b,20,100.0,100.0
743e1c9b93ed53d39fdd883c0035b2e30536106481,direct_neighbors,account=743e1c9b93ed53d39fdd883c0035b2e30536106481,55,100.0,94.54545454545455
743e1c9b93ed53d39fdd883c0035b2e30536106481,louvain_community,community=22,48,100.0,100.0
743e1c9b93ed53d39fdd883c0035b2e30536106481,same_top_topic,topic=0,1591,11.565053425518542,100.0
743e1c9b93ed53d39fdd883c0035b2e30536106481,classifier_predicted_io_random_forest,classifier_io|model=random_forest,209,100.0,88.03827751196172
743e1c9b93ed53d39fdd883c0035b2e30536106481,classifier_predicted_io_xgboost,classifier_io|model=xgboost,209,100.0,88.03827751196172
743e1c9b93ed53d39fdd883c0035b2e30536106481,classifier_predicted_io_logistic_regression,classifier_io|model=logistic_regression,187,98.93048128342247,89.83957219251337
75a3c4da62a564a222fba244d4e421cea2f52f8b0f,maximal_k_core_component,core=38|component=0a94e8d65cfe693b008cef29bba8fa2ecc0015713b,20,100.0,100.0
75a3c4da62a564a222fba244d4e421cea2f52f8b0f,direct_neighbors,account=75a3c4da62a564a222fba244d4e421cea2f52f8b0f,58,100.0,91.37931034482759
75a3c4da62a564a222fba244d4e421cea2f52f8b0f,louvain_community,community=22,48,100.0,100.0
75a3c4da62a564a222fba244d4e421cea2f52f8b0f,same_top_topic,topic=0,1591,11.565053425518542,100.0
75a3c4da62a564a222fba244d4e421cea2f52f8b0f,classifier_predicted_io_random_forest,classifier_io|model=random_forest,209,100.0,88.03827751196172
75a3c4da62a564a222fba244d4e421cea2f52f8b0f,classifier_predicted_io_xgboost,classifier_io|model=xgboost,209,100.0,88.03827751196172
75a3c4da62a564a222fba244d4e421cea2f52f8b0f,classifier_predicted_io_logistic_regression,classifier_io|model=logistic_regression,187,98.93048128342247,89.83957219251337
767a7fe739138514e77d9f89835dd1015097721406,maximal_k_core_component,core=33|component=446707098c57c44578b6d5c0a40a58d69e45795e3a,2,100.0,50.0
767a7fe739138514e77d9f89835dd1015097721406,direct_neighbors,account=767a7fe739138514e77d9f89835dd1015097721406,35,100.0,2.857142857142857
767a7fe739138514e77d9f89835dd1015097721406,louvain_community,community=46,1062,5.367231638418079,16.290018832391713
767a7fe739138514e77d9f89835dd1015097721406,same_top_topic,topic=4,417,0.7194244604316546,100.0
767a7fe739138514e77d9f89835dd1015097721406,classifier_predicted_io_random_forest,classifier_io|model=random_forest,209,100.0,1.4354066985645932
767a7fe739138514e77d9f89835dd1015097721406,classifier_predicted_io_xgboost,classifier_io|model=xgboost,209,100.0,1.4354066985645932
767a7fe739138514e77d9f89835dd1015097721406,classifier_predicted_io_logistic_regression,classifier_io|model=logistic_regression,187,98.93048128342247,0.5347593582887701
772674429f061835e1a38a9c68fffc6489d35f3e2a,maximal_k_core_component,core=42|component=772674429f061835e1a38a9c68fffc6489d35f3e2a,6,100.0,83.33333333333333
772674429f061835e1a38a9c68fffc6489d35f3e2a,direct_neighbors,account=772674429f061835e1a38a9c68fffc6489d35f3e2a,47,100.0,76.59574468085107
772674429f061835e1a38a9c68fffc6489d35f3e2a,louvain_community,community=4,58,81.03448275862068,63.793103448275865
772674429f061835e1a38a9c68fffc6489d35f3e2a,same_top_topic,topic=0,1591,11.565053425518542,100.0
772674429f061835e1a38a9c68fffc6489d35f3e2a,classifier_predicted_io_random_forest,classifier_io|model=random_forest,209,100.0,88.03827751196172
772674429f061835e1a38a9c68fffc6489d35f3e2a,classifier_predicted_io_xgboost,classifier_io|model=xgboost,209,100.0,88.03827751196172
772674429f061835e1a38a9c68fffc6489d35f3e2a,classifier_predicted_io_logistic_regression,classifier_io|model=logistic_regression,187,98.93048128342247,89.83957219251337
77381cb6f8a612e027237ab79f8aaf7c097ef5bd60,maximal_k_core_component,core=50|component=0125a58a8ee67791a2a629fb6e8708543413bb636b,61,100.0,81.9672131147541
77381cb6f8a612e027237ab79f8aaf7c097ef5bd60,direct_neighbors,account=77381cb6f8a612e027237ab79f8aaf7c097ef5bd60,114,100.0,92.98245614035088
77381cb6f8a612e027237ab79f8aaf7c097ef5bd60,louvain_community,community=3,42,100.0,100.0
77381cb6f8a612e027237ab79f8aaf7c097ef5bd60,same_top_topic,topic=0,1591,11.565053425518542,100.0
77381cb6f8a612e027237ab79f8aaf7c097ef5bd60,classifier_predicted_io_random_forest,classifier_io|model=random_forest,209,100.0,88.03827751196172
77381cb6f8a612e027237ab79f8aaf7c097ef5bd60,classifier_predicted_io_xgboost,classifier_io|model=xgboost,209,100.0,88.03827751196172
77381cb6f8a612e027237ab79f8aaf7c097ef5bd60,classifier_predicted_io_logistic_regression,classifier_io|model=logistic_regression,187,98.93048128342247,89.83957219251337
776b0817de3eab9961de46e76e5a1f7f0c9b320c23,maximal_k_core_component,core=50|component=0125a58a8ee67791a2a629fb6e8708543413bb636b,61,100.0,
776b0817de3eab9961de46e76e5a1f7f0c9b320c23,direct_neighbors,account=776b0817de3eab9961de46e76e5a1f7f0c9b320c23,399,20.050125313283207,
776b0817de3eab9961de46e76e5a1f7f0c9b320c23,louvain_community,community=46,1062,5.367231638418079,
776b0817de3eab9961de46e76e5a1f7f0c9b320c23,same_top_topic,topic=missing|account=776b0817de3eab9961de46e76e5a1f7f0c9b320c23,1,100.0,
776b0817de3eab9961de46e76e5a1f7f0c9b320c23,classifier_predicted_io_random_forest,classifier_io|model=random_forest,209,100.0,
776b0817de3eab9961de46e76e5a1f7f0c9b320c23,classifier_predicted_io_xgboost,classifier_io|model=xgboost,209,100.0,
776b0817de3eab9961de46e76e5a1f7f0c9b320c23,classifier_predicted_io_logistic_regression,classifier_io|model=logistic_regression,187,98.93048128342247,
78a669d74ffe0496862970902df5f591079f8a05b3,maximal_k_core_component,core=47|component=08a6f05e6ecbe877166d4f9489ae0901e568dc490d,21,100.0,100.0
78a669d74ffe0496862970902df5f591079f8a05b3,direct_neighbors,account=78a669d74ffe0496862970902df5f591079f8a05b3,59,100.0,88.13559322033899
78a669d74ffe0496862970902df5f591079f8a05b3,louvain_community,community=3,42,100.0,100.0
78a669d74ffe0496862970902df5f591079f8a05b3,same_top_topic,topic=0,1591,11.565053425518542,100.0
78a669d74ffe0496862970902df5f591079f8a05b3,classifier_predicted_io_random_forest,classifier_io|model=random_forest,209,100.0,88.03827751196172
78a669d74ffe0496862970902df5f591079f8a05b3,classifier_predicted_io_xgboost,classifier_io|model=xgboost,209,100.0,88.03827751196172
78a669d74ffe0496862970902df5f591079f8a05b3,classifier_predicted_io_logistic_regression,classifier_io|model=logistic_regression,187,98.93048128342247,89.83957219251337
7ab80eb7ecfe373c53fba8a9eceee32ef7dcce8c5f,maximal_k_core_component,core=11|component=0e26e737d9b121ada548c2e20b98990b3acd117f37,10,100.0,100.0
7ab80eb7ecfe373c53fba8a9eceee32ef7dcce8c5f,direct_neighbors,account=7ab80eb7ecfe373c53fba8a9eceee32ef7dcce8c5f,12,100.0,100.0
7ab80eb7ecfe373c53fba8a9eceee32ef7dcce8c5f,louvain_community,community=24,10,100.0,100.0
7ab80eb7ecfe373c53fba8a9eceee32ef7dcce8c5f,same_top_topic,topic=0,1591,11.565053425518542,100.0
7ab80eb7ecfe373c53fba8a9eceee32ef7dcce8c5f,classifier_predicted_io_random_forest,classifier_io|model=random_forest,209,100.0,88.03827751196172
7ab80eb7ecfe373c53fba8a9eceee32ef7dcce8c5f,classifier_predicted_io_xgboost,classifier_io|model=xgboost,209,100.0,88.03827751196172
7ab80eb7ecfe373c53fba8a9eceee32ef7dcce8c5f,classifier_predicted_io_logistic_regression,classifier_io|model=logistic_regression,187,98.93048128342247,89.83957219251337
7b0eae310df8ac54ec00df71b892bc6589fb693f2b,maximal_k_core_component,core=49|component=1515f0769aa29ac51394f6094eec80c613491f6c7b,25,100.0,88.0
7b0eae310df8ac54ec00df71b892bc6589fb693f2b,direct_neighbors,account=7b0eae310df8ac54ec00df71b892bc6589fb693f2b,76,100.0,77.63157894736842
7b0eae310df8ac54ec00df71b892bc6589fb693f2b,louvain_community,community=46,1062,5.367231638418079,67.51412429378531
7b0eae310df8ac54ec00df71b892bc6589fb693f2b,same_top_topic,topic=0,1591,11.565053425518542,100.0
7b0eae310df8ac54ec00df71b892bc6589fb693f2b,classifier_predicted_io_random_forest,classifier_io|model=random_forest,209,100.0,88.03827751196172
7b0eae310df8ac54ec00df71b892bc6589fb693f2b,classifier_predicted_io_xgboost,classifier_io|model=xgboost,209,100.0,88.03827751196172
7b0eae310df8ac54ec00df71b892bc6589fb693f2b,classifier_predicted_io_logistic_regression,classifier_io|model=logistic_regression,187,98.93048128342247,89.83957219251337
7bafa7c4886da58163a1da430bbd8791698982d8a5,maximal_k_core_component,core=36|component=7bafa7c4886da58163a1da430bbd8791698982d8a5,2,100.0,100.0
7bafa7c4886da58163a1da430bbd8791698982d8a5,direct_neighbors,account=7bafa7c4886da58163a1da430bbd8791698982d8a5,39,100.0,97.43589743589743
7bafa7c4886da58163a1da430bbd8791698982d8a5,louvain_community,community=22,48,100.0,100.0
7bafa7c4886da58163a1da430bbd8791698982d8a5,same_top_topic,topic=0,1591,11.565053425518542,100.0
7bafa7c4886da58163a1da430bbd8791698982d8a5,classifier_predicted_io_random_forest,classifier_io|model=random_forest,209,100.0,88.03827751196172
7bafa7c4886da58163a1da430bbd8791698982d8a5,classifier_predicted_io_xgboost,classifier_io|model=xgboost,209,100.0,88.03827751196172
7bafa7c4886da58163a1da430bbd8791698982d8a5,classifier_predicted_io_logistic_regression,classifier_io|model=logistic_regression,187,98.93048128342247,89.83957219251337
7bde6cea415ed4849634db7c373f3266abd23aa06b,maximal_k_core_component,core=49|component=1515f0769aa29ac51394f6094eec80c613491f6c7b,25,100.0,88.0
7bde6cea415ed4849634db7c373f3266abd23aa06b,direct_neighbors,account=7bde6cea415ed4849634db7c373f3266abd23aa06b,948,6.856540084388186,62.34177215189873
7bde6cea415ed4849634db7c373f3266abd23aa06b,louvain_community,community=46,1062,5.367231638418079,67.51412429378531
7bde6cea415ed4849634db7c373f3266abd23aa06b,same_top_topic,topic=0,1591,11.565053425518542,100.0
7bde6cea415ed4849634db7c373f3266abd23aa06b,classifier_predicted_io_random_forest,classifier_io|model=random_forest,209,100.0,88.03827751196172
7bde6cea415ed4849634db7c373f3266abd23aa06b,classifier_predicted_io_xgboost,classifier_io|model=xgboost,209,100.0,88.03827751196172
7bde6cea415ed4849634db7c373f3266abd23aa06b,classifier_predicted_io_logistic_regression,classifier_io|model=logistic_regression,187,98.93048128342247,89.83957219251337
7eb773833bf5c91277be5909ff92bd389356e29520,maximal_k_core_component,core=46|component=2764cf7a3fb915ea207be0753d84c50662cfa3f8c6,4,100.0,100.0
7eb773833bf5c91277be5909ff92bd389356e29520,direct_neighbors,account=7eb773833bf5c91277be5909ff92bd389356e29520,56,100.0,89.28571428571429
7eb773833bf5c91277be5909ff92bd389356e29520,louvain_community,community=3,42,100.0,100.0
7eb773833bf5c91277be5909ff92bd389356e29520,same_top_topic,topic=0,1591,11.565053425518542,100.0
7eb773833bf5c91277be5909ff92bd389356e29520,classifier_predicted_io_random_forest,classifier_io|model=random_forest,209,100.0,88.03827751196172
7eb773833bf5c91277be5909ff92bd389356e29520,classifier_predicted_io_xgboost,classifier_io|model=xgboost,209,100.0,88.03827751196172
7eb773833bf5c91277be5909ff92bd389356e29520,classifier_predicted_io_logistic_regression,classifier_io|model=logistic_regression,187,98.93048128342247,89.83957219251337
80832ae09ceeee7f42441ff7f7dfb2d02e1581279b,maximal_k_core_component,core=34|component=80832ae09ceeee7f42441ff7f7dfb2d02e1581279b,1,100.0,100.0
80832ae09ceeee7f42441ff7f7dfb2d02e1581279b,direct_neighbors,account=80832ae09ceeee7f42441ff7f7dfb2d02e1581279b,43,100.0,72.09302325581395
80832ae09ceeee7f42441ff7f7dfb2d02e1581279b,louvain_community,community=4,58,81.03448275862068,63.793103448275865
80832ae09ceeee7f42441ff7f7dfb2d02e1581279b,same_top_topic,topic=0,1591,11.565053425518542,100.0
80832ae09ceeee7f42441ff7f7dfb2d02e1581279b,classifier_predicted_io_random_forest,classifier_io|model=random_forest,209,100.0,88.03827751196172
80832ae09ceeee7f42441ff7f7dfb2d02e1581279b,classifier_predicted_io_xgboost,classifier_io|model=xgboost,209,100.0,88.03827751196172
80832ae09ceeee7f42441ff7f7dfb2d02e1581279b,classifier_predicted_io_logistic_regression,classifier_io|model=logistic_regression,187,98.93048128342247,89.83957219251337
81f7879507c0025fff6158e895df1f4addb4ae3bc9,maximal_k_core_component,core=42|component=772674429f061835e1a38a9c68fffc6489d35f3e2a,6,100.0,83.33333333333333
81f7879507c0025fff6158e895df1f4addb4ae3bc9,direct_neighbors,account=81f7879507c0025fff6158e895df1f4addb4ae3bc9,78,100.0,89.74358974358974
81f7879507c0025fff6158e895df1f4addb4ae3bc9,louvain_community,community=22,48,100.0,100.0
81f7879507c0025fff6158e895df1f4addb4ae3bc9,same_top_topic,topic=0,1591,11.565053425518542,100.0
81f7879507c0025fff6158e895df1f4addb4ae3bc9,classifier_predicted_io_random_forest,classifier_io|model=random_forest,209,100.0,88.03827751196172
81f7879507c0025fff6158e895df1f4addb4ae3bc9,classifier_predicted_io_xgboost,classifier_io|model=xgboost,209,100.0,88.03827751196172
81f7879507c0025fff6158e895df1f4addb4ae3bc9,classifier_predicted_io_logistic_regression,classifier_io|model=logistic_regression,187,98.93048128342247,89.83957219251337
8561872d95857d4730a84158d037eef7f06ee6d2d6,maximal_k_core_component,core=0|component=8561872d95857d4730a84158d037eef7f06ee6d2d6,1,100.0,
8561872d95857d4730a84158d037eef7f06ee6d2d6,direct_neighbors,account=8561872d95857d4730a84158d037eef7f06ee6d2d6,1,100.0,
8561872d95857d4730a84158d037eef7f06ee6d2d6,louvain_community,community=29,1,100.0,
8561872d95857d4730a84158d037eef7f06ee6d2d6,same_top_topic,topic=missing|account=8561872d95857d4730a84158d037eef7f06ee6d2d6,1,100.0,
8561872d95857d4730a84158d037eef7f06ee6d2d6,classifier_predicted_io_random_forest,classifier_io|model=random_forest,209,100.0,
8561872d95857d4730a84158d037eef7f06ee6d2d6,classifier_predicted_io_xgboost,classifier_io|model=xgboost,209,100.0,
8561872d95857d4730a84158d037eef7f06ee6d2d6,classifier_predicted_io_logistic_regression,classifier_io|model=logistic_regression,187,98.93048128342247,
88a0fd1cfa6c0276a2ab515f5d04a47197fb022c44,maximal_k_core_component,core=50|component=0125a58a8ee67791a2a629fb6e8708543413bb636b,61,100.0,81.9672131147541
88a0fd1cfa6c0276a2ab515f5d04a47197fb022c44,direct_neighbors,account=88a0fd1cfa6c0276a2ab515f5d04a47197fb022c44,1340,7.686567164179104,62.76119402985075
88a0fd1cfa6c0276a2ab515f5d04a47197fb022c44,louvain_community,community=46,1062,5.367231638418079,67.51412429378531
88a0fd1cfa6c0276a2ab515f5d04a47197fb022c44,same_top_topic,topic=0,1591,11.565053425518542,100.0
88a0fd1cfa6c0276a2ab515f5d04a47197fb022c44,classifier_predicted_io_random_forest,classifier_io|model=random_forest,209,100.0,88.03827751196172
88a0fd1cfa6c0276a2ab515f5d04a47197fb022c44,classifier_predicted_io_xgboost,classifier_io|model=xgboost,209,100.0,88.03827751196172
88a0fd1cfa6c0276a2ab515f5d04a47197fb022c44,classifier_predicted_io_logistic_regression,classifier_io|model=logistic_regression,187,98.93048128342247,89.83957219251337
8a612d4326bcd05cc8c4c21c0033e64e167d5ff67b,maximal_k_core_component,core=35|component=8a612d4326bcd05cc8c4c21c0033e64e167d5ff67b,2,100.0,100.0
8a612d4326bcd05cc8c4c21c0033e64e167d5ff67b,direct_neighbors,account=8a612d4326bcd05cc8c4c21c0033e64e167d5ff67b,37,100.0,97.29729729729729
8a612d4326bcd05cc8c4c21c0033e64e167d5ff67b,louvain_community,community=3,42,100.0,100.0
8a612d4326bcd05cc8c4c21c0033e64e167d5ff67b,same_top_topic,topic=0,1591,11.565053425518542,100.0
8a612d4326bcd05cc8c4c21c0033e64e167d5ff67b,classifier_predicted_io_random_forest,classifier_io|model=random_forest,209,100.0,88.03827751196172
8a612d4326bcd05cc8c4c21c0033e64e167d5ff67b,classifier_predicted_io_xgboost,classifier_io|model=xgboost,209,100.0,88.03827751196172
8a612d4326bcd05cc8c4c21c0033e64e167d5ff67b,classifier_predicted_io_logistic_regression,classifier_io|model=logistic_regression,187,98.93048128342247,89.83957219251337
8a8ca5af4806fd9be33e85aee8c8ee2430c69f9a43,maximal_k_core_component,core=47|component=08a6f05e6ecbe877166d4f9489ae0901e568dc490d,21,100.0,100.0
8a8ca5af4806fd9be33e85aee8c8ee2430c69f9a43,direct_neighbors,account=8a8ca5af4806fd9be33e85aee8c8ee2430c69f9a43,54,100.0,83.33333333333333
8a8ca5af4806fd9be33e85aee8c8ee2430c69f9a43,louvain_community,community=3,42,100.0,100.0
8a8ca5af4806fd9be33e85aee8c8ee2430c69f9a43,same_top_topic,topic=0,1591,11.565053425518542,100.0
8a8ca5af4806fd9be33e85aee8c8ee2430c69f9a43,classifier_predicted_io_random_forest,classifier_io|model=random_forest,209,100.0,88.03827751196172
8a8ca5af4806fd9be33e85aee8c8ee2430c69f9a43,classifier_predicted_io_xgboost,classifier_io|model=xgboost,209,100.0,88.03827751196172
8a8ca5af4806fd9be33e85aee8c8ee2430c69f9a43,classifier_predicted_io_logistic_regression,classifier_io|model=logistic_regression,187,98.93048128342247,89.83957219251337
8d4910ee7a33df592a8dd5044bb9575865b929a6b4,maximal_k_core_component,core=49|component=1515f0769aa29ac51394f6094eec80c613491f6c7b,25,100.0,88.0
8d4910ee7a33df592a8dd5044bb9575865b929a6b4,direct_neighbors,account=8d4910ee7a33df592a8dd5044bb9575865b929a6b4,75,100.0,90.66666666666667
8d4910ee7a33df592a8dd5044bb9575865b929a6b4,louvain_community,community=3,42,100.0,100.0
8d4910ee7a33df592a8dd5044bb9575865b929a6b4,same_top_topic,topic=0,1591,11.565053425518542,100.0
8d4910ee7a33df592a8dd5044bb9575865b929a6b4,classifier_predicted_io_random_forest,classifier_io|model=random_forest,209,100.0,88.03827751196172
8d4910ee7a33df592a8dd5044bb9575865b929a6b4,classifier_predicted_io_xgboost,classifier_io|model=xgboost,209,100.0,88.03827751196172
8d4910ee7a33df592a8dd5044bb9575865b929a6b4,classifier_predicted_io_logistic_regression,classifier_io|model=logistic_regression,187,98.93048128342247,89.83957219251337
8deddf7a643de8dda97897961723b0cab21d14c4ff,maximal_k_core_component,core=46|component=2764cf7a3fb915ea207be0753d84c50662cfa3f8c6,4,100.0,100.0
8deddf7a643de8dda97897961723b0cab21d14c4ff,direct_neighbors,account=8deddf7a643de8dda97897961723b0cab21d14c4ff,48,100.0,89.58333333333333
8deddf7a643de8dda97897961723b0cab21d14c4ff,louvain_community,community=3,42,100.0,100.0
8deddf7a643de8dda97897961723b0cab21d14c4ff,same_top_topic,topic=0,1591,11.565053425518542,100.0
8deddf7a643de8dda97897961723b0cab21d14c4ff,classifier_predicted_io_random_forest,classifier_io|model=random_forest,209,100.0,88.03827751196172
8deddf7a643de8dda97897961723b0cab21d14c4ff,classifier_predicted_io_xgboost,classifier_io|model=xgboost,209,100.0,88.03827751196172
8deddf7a643de8dda97897961723b0cab21d14c4ff,classifier_predicted_io_logistic_regression,classifier_io|model=logistic_regression,187,98.93048128342247,89.83957219251337
8edf2b486da6f7e7978b649b029ea9f8a2f9b04259,maximal_k_core_component,core=42|component=772674429f061835e1a38a9c68fffc6489d35f3e2a,6,100.0,83.33333333333333
8edf2b486da6f7e7978b649b029ea9f8a2f9b04259,direct_neighbors,account=8edf2b486da6f7e7978b649b029ea9f8a2f9b04259,57,100.0,71.9298245614035
8edf2b486da6f7e7978b649b029ea9f8a2f9b04259,louvain_community,community=4,58,81.03448275862068,63.793103448275865
8edf2b486da6f7e7978b649b029ea9f8a2f9b04259,same_top_topic,topic=0,1591,11.565053425518542,100.0
8edf2b486da6f7e7978b649b029ea9f8a2f9b04259,classifier_predicted_io_random_forest,classifier_io|model=random_forest,209,100.0,88.03827751196172
8edf2b486da6f7e7978b649b029ea9f8a2f9b04259,classifier_predicted_io_xgboost,classifier_io|model=xgboost,209,100.0,88.03827751196172
8edf2b486da6f7e7978b649b029ea9f8a2f9b04259,classifier_predicted_io_logistic_regression,classifier_io|model=logistic_regression,187,98.93048128342247,89.83957219251337
9117e71ed429bc8a2fe65e7c899d80b8c437253367,maximal_k_core_component,core=22|component=9117e71ed429bc8a2fe65e7c899d80b8c437253367,1,100.0,100.0
9117e71ed429bc8a2fe65e7c899d80b8c437253367,direct_neighbors,account=9117e71ed429bc8a2fe65e7c899d80b8c437253367,23,100.0,95.65217391304348
9117e71ed429bc8a2fe65e7c899d80b8c437253367,louvain_community,community=22,48,100.0,100.0
9117e71ed429bc8a2fe65e7c899d80b8c437253367,same_top_topic,topic=0,1591,11.565053425518542,100.0
9117e71ed429bc8a2fe65e7c899d80b8c437253367,classifier_predicted_io_random_forest,classifier_io|model=random_forest,209,100.0,88.03827751196172
9117e71ed429bc8a2fe65e7c899d80b8c437253367,classifier_predicted_io_xgboost,classifier_io|model=xgboost,209,100.0,88.03827751196172
9117e71ed429bc8a2fe65e7c899d80b8c437253367,classifier_predicted_io_logistic_regression,classifier_io|model=logistic_regression,187,98.93048128342247,89.83957219251337
92095b3a520d9ff66179ece4922cf66fc46017c2c2,maximal_k_core_component,core=11|component=0e26e737d9b121ada548c2e20b98990b3acd117f37,10,100.0,100.0
92095b3a520d9ff66179ece4922cf66fc46017c2c2,direct_neighbors,account=92095b3a520d9ff66179ece4922cf66fc46017c2c2,16,100.0,100.0
92095b3a520d9ff66179ece4922cf66fc46017c2c2,louvain_community,community=24,10,100.0,100.0
92095b3a520d9ff66179ece4922cf66fc46017c2c2,same_top_topic,topic=0,1591,11.565053425518542,100.0
92095b3a520d9ff66179ece4922cf66fc46017c2c2,classifier_predicted_io_random_forest,classifier_io|model=random_forest,209,100.0,88.03827751196172
92095b3a520d9ff66179ece4922cf66fc46017c2c2,classifier_predicted_io_xgboost,classifier_io|model=xgboost,209,100.0,88.03827751196172
92095b3a520d9ff66179ece4922cf66fc46017c2c2,classifier_predicted_io_logistic_regression,classifier_io|model=logistic_regression,187,98.93048128342247,89.83957219251337
9276f75cd946e5024f6bb69ff1e4279bd1ee848dc1,maximal_k_core_component,core=47|component=08a6f05e6ecbe877166d4f9489ae0901e568dc490d,21,100.0,100.0
9276f75cd946e5024f6bb69ff1e4279bd1ee848dc1,direct_neighbors,account=9276f75cd946e5024f6bb69ff1e4279bd1ee848dc1,71,100.0,91.54929577464789
9276f75cd946e5024f6bb69ff1e4279bd1ee848dc1,louvain_community,community=3,42,100.0,100.0
9276f75cd946e5024f6bb69ff1e4279bd1ee848dc1,same_top_topic,topic=0,1591,11.565053425518542,100.0
9276f75cd946e5024f6bb69ff1e4279bd1ee848dc1,classifier_predicted_io_random_forest,classifier_io|model=random_forest,209,100.0,88.03827751196172
9276f75cd946e5024f6bb69ff1e4279bd1ee848dc1,classifier_predicted_io_xgboost,classifier_io|model=xgboost,209,100.0,88.03827751196172
9276f75cd946e5024f6bb69ff1e4279bd1ee848dc1,classifier_predicted_io_logistic_regression,classifier_io|model=logistic_regression,187,98.93048128342247,89.83957219251337
92c4df596ec0a8f95f81ccccde30d27b20016f13d7,maximal_k_core_component,core=49|component=1515f0769aa29ac51394f6094eec80c613491f6c7b,25,100.0,
92c4df596ec0a8f95f81ccccde30d27b20016f13d7,direct_neighbors,account=92c4df596ec0a8f95f81ccccde30d27b20016f13d7,98,100.0,
92c4df596ec0a8f95f81ccccde30d27b20016f13d7,louvain_community,community=4,58,81.03448275862068,
92c4df596ec0a8f95f81ccccde30d27b20016f13d7,same_top_topic,topic=missing|account=92c4df596ec0a8f95f81ccccde30d27b20016f13d7,1,100.0,
92c4df596ec0a8f95f81ccccde30d27b20016f13d7,classifier_predicted_io_random_forest,classifier_io|model=random_forest,209,100.0,
92c4df596ec0a8f95f81ccccde30d27b20016f13d7,classifier_predicted_io_xgboost,classifier_io|model=xgboost,209,100.0,
92c4df596ec0a8f95f81ccccde30d27b20016f13d7,classifier_predicted_io_logistic_regression,classifier_io|model=logistic_regression,187,98.93048128342247,
934c6ac795944702d5788fd98d149be0bc80b51358,maximal_k_core_component,core=47|component=08a6f05e6ecbe877166d4f9489ae0901e568dc490d,21,100.0,100.0
934c6ac795944702d5788fd98d149be0bc80b51358,direct_neighbors,account=934c6ac795944702d5788fd98d149be0bc80b51358,57,100.0,85.96491228070175
934c6ac795944702d5788fd98d149be0bc80b51358,louvain_community,community=3,42,100.0,100.0
934c6ac795944702d5788fd98d149be0bc80b51358,same_top_topic,topic=0,1591,11.565053425518542,100.0
934c6ac795944702d5788fd98d149be0bc80b51358,classifier_predicted_io_random_forest,classifier_io|model=random_forest,209,100.0,88.03827751196172
934c6ac795944702d5788fd98d149be0bc80b51358,classifier_predicted_io_xgboost,classifier_io|model=xgboost,209,100.0,88.03827751196172
934c6ac795944702d5788fd98d149be0bc80b51358,classifier_predicted_io_logistic_regression,classifier_io|model=logistic_regression,187,98.93048128342247,89.83957219251337
95d06128f7dba58d3a27053eaf029c3bd855c26687,maximal_k_core_component,core=29|component=1420299b84b493a2f9dbabfc37d68b8ab0a03dc213,2,100.0,100.0
95d06128f7dba58d3a27053eaf029c3bd855c26687,direct_neighbors,account=95d06128f7dba58d3a27053eaf029c3bd855c26687,32,100.0,65.625
95d06128f7dba58d3a27053eaf029c3bd855c26687,louvain_community,community=4,58,81.03448275862068,63.793103448275865
95d06128f7dba58d3a27053eaf029c3bd855c26687,same_top_topic,topic=0,1591,11.565053425518542,100.0
95d06128f7dba58d3a27053eaf029c3bd855c26687,classifier_predicted_io_random_forest,classifier_io|model=random_forest,209,100.0,88.03827751196172
95d06128f7dba58d3a27053eaf029c3bd855c26687,classifier_predicted_io_xgboost,classifier_io|model=xgboost,209,100.0,88.03827751196172
95d06128f7dba58d3a27053eaf029c3bd855c26687,classifier_predicted_io_logistic_regression,classifier_io|model=logistic_regression,187,98.93048128342247,89.83957219251337
96cc4ff1b483053b13d5f2d05d658ad87ac9935e84,maximal_k_core_component,core=42|component=772674429f061835e1a38a9c68fffc6489d35f3e2a,6,100.0,83.33333333333333
96cc4ff1b483053b13d5f2d05d658ad87ac9935e84,direct_neighbors,account=96cc4ff1b483053b13d5f2d05d658ad87ac9935e84,83,100.0,90.36144578313252
96cc4ff1b483053b13d5f2d05d658ad87ac9935e84,louvain_community,community=22,48,100.0,100.0
96cc4ff1b483053b13d5f2d05d658ad87ac9935e84,same_top_topic,topic=0,1591,11.565053425518542,100.0
96cc4ff1b483053b13d5f2d05d658ad87ac9935e84,classifier_predicted_io_random_forest,classifier_io|model=random_forest,209,100.0,88.03827751196172
96cc4ff1b483053b13d5f2d05d658ad87ac9935e84,classifier_predicted_io_xgboost,classifier_io|model=xgboost,209,100.0,88.03827751196172
96cc4ff1b483053b13d5f2d05d658ad87ac9935e84,classifier_predicted_io_logistic_regression,classifier_io|model=logistic_regression,187,98.93048128342247,89.83957219251337
9780f8e3547d61a2d6c3fc124fda4b8ca1ce905e70,maximal_k_core_component,core=24|component=9780f8e3547d61a2d6c3fc124fda4b8ca1ce905e70,1,100.0,100.0
9780f8e3547d61a2d6c3fc124fda4b8ca1ce905e70,direct_neighbors,account=9780f8e3547d61a2d6c3fc124fda4b8ca1ce905e70,27,100.0,77.77777777777777
9780f8e3547d61a2d6c3fc124fda4b8ca1ce905e70,louvain_community,community=22,48,100.0,100.0
9780f8e3547d61a2d6c3fc124fda4b8ca1ce905e70,same_top_topic,topic=0,1591,11.565053425518542,100.0
9780f8e3547d61a2d6c3fc124fda4b8ca1ce905e70,classifier_predicted_io_random_forest,classifier_io|model=random_forest,209,100.0,88.03827751196172
9780f8e3547d61a2d6c3fc124fda4b8ca1ce905e70,classifier_predicted_io_xgboost,classifier_io|model=xgboost,209,100.0,88.03827751196172
9780f8e3547d61a2d6c3fc124fda4b8ca1ce905e70,classifier_predicted_io_logistic_regression,classifier_io|model=logistic_regression,187,98.93048128342247,89.83957219251337
98a522149316f17001973eba02106801db467556aa,maximal_k_core_component,core=49|component=1515f0769aa29ac51394f6094eec80c613491f6c7b,25,100.0,88.0
98a522149316f17001973eba02106801db467556aa,direct_neighbors,account=98a522149316f17001973eba02106801db467556aa,116,100.0,81.03448275862068
98a522149316f17001973eba02106801db467556aa,louvain_community,community=4,58,81.03448275862068,63.793103448275865
98a522149316f17001973eba02106801db467556aa,same_top_topic,topic=0,1591,11.565053425518542,100.0
98a522149316f17001973eba02106801db467556aa,classifier_predicted_io_random_forest,classifier_io|model=random_forest,209,100.0,88.03827751196172
98a522149316f17001973eba02106801db467556aa,classifier_predicted_io_xgboost,classifier_io|model=xgboost,209,100.0,88.03827751196172
98a522149316f17001973eba02106801db467556aa,classifier_predicted_io_logistic_regression,classifier_io|model=logistic_regression,187,98.93048128342247,89.83957219251337
9cc0cf5b39909beb9531d166d7035346e219940c97,maximal_k_core_component,core=11|component=0e26e737d9b121ada548c2e20b98990b3acd117f37,10,100.0,100.0
9cc0cf5b39909beb9531d166d7035346e219940c97,direct_neighbors,account=9cc0cf5b39909beb9531d166d7035346e219940c97,15,100.0,100.0
9cc0cf5b39909beb9531d166d7035346e219940c97,louvain_community,community=24,10,100.0,100.0
9cc0cf5b39909beb9531d166d7035346e219940c97,same_top_topic,topic=0,1591,11.565053425518542,100.0
9cc0cf5b39909beb9531d166d7035346e219940c97,classifier_predicted_io_random_forest,classifier_io|model=random_forest,209,100.0,88.03827751196172
9cc0cf5b39909beb9531d166d7035346e219940c97,classifier_predicted_io_xgboost,classifier_io|model=xgboost,209,100.0,88.03827751196172
9cc0cf5b39909beb9531d166d7035346e219940c97,classifier_predicted_io_logistic_regression,classifier_io|model=logistic_regression,187,98.93048128342247,89.83957219251337
9e6bde90e1270aadbc4a84659a07c86d8bcb3f3c9a,maximal_k_core_component,core=42|component=772674429f061835e1a38a9c68fffc6489d35f3e2a,6,100.0,83.33333333333333
9e6bde90e1270aadbc4a84659a07c86d8bcb3f3c9a,direct_neighbors,account=9e6bde90e1270aadbc4a84659a07c86d8bcb3f3c9a,61,100.0,81.9672131147541
9e6bde90e1270aadbc4a84659a07c86d8bcb3f3c9a,louvain_community,community=22,48,100.0,100.0
9e6bde90e1270aadbc4a84659a07c86d8bcb3f3c9a,same_top_topic,topic=0,1591,11.565053425518542,100.0
9e6bde90e1270aadbc4a84659a07c86d8bcb3f3c9a,classifier_predicted_io_random_forest,classifier_io|model=random_forest,209,100.0,88.03827751196172
9e6bde90e1270aadbc4a84659a07c86d8bcb3f3c9a,classifier_predicted_io_xgboost,classifier_io|model=xgboost,209,100.0,88.03827751196172
9e6bde90e1270aadbc4a84659a07c86d8bcb3f3c9a,classifier_predicted_io_logistic_regression,classifier_io|model=logistic_regression,187,98.93048128342247,89.83957219251337
9f5e7531576f23ffd8b264e82745490015a1f4c69d,maximal_k_core_component,core=35|component=12b30a705c49e1199e84af04521514bb5287c03458,2,100.0,100.0
9f5e7531576f23ffd8b264e82745490015a1f4c69d,direct_neighbors,account=9f5e7531576f23ffd8b264e82745490015a1f4c69d,37,100.0,100.0
9f5e7531576f23ffd8b264e82745490015a1f4c69d,louvain_community,community=22,48,100.0,100.0
9f5e7531576f23ffd8b264e82745490015a1f4c69d,same_top_topic,topic=0,1591,11.565053425518542,100.0
9f5e7531576f23ffd8b264e82745490015a1f4c69d,classifier_predicted_io_random_forest,classifier_io|model=random_forest,209,100.0,88.03827751196172
9f5e7531576f23ffd8b264e82745490015a1f4c69d,classifier_predicted_io_xgboost,classifier_io|model=xgboost,209,100.0,88.03827751196172
9f5e7531576f23ffd8b264e82745490015a1f4c69d,classifier_predicted_io_logistic_regression,classifier_io|model=logistic_regression,187,98.93048128342247,89.83957219251337
a03af91698c077e46e19ea410f015b71210aaa6fc4,maximal_k_core_component,core=49|component=1515f0769aa29ac51394f6094eec80c613491f6c7b,25,100.0,88.0
a03af91698c077e46e19ea410f015b71210aaa6fc4,direct_neighbors,account=a03af91698c077e46e19ea410f015b71210aaa6fc4,88,100.0,92.04545454545455
a03af91698c077e46e19ea410f015b71210aaa6fc4,louvain_community,community=3,42,100.0,100.0
a03af91698c077e46e19ea410f015b71210aaa6fc4,same_top_topic,topic=0,1591,11.565053425518542,100.0
a03af91698c077e46e19ea410f015b71210aaa6fc4,classifier_predicted_io_random_forest,classifier_io|model=random_forest,209,100.0,88.03827751196172
a03af91698c077e46e19ea410f015b71210aaa6fc4,classifier_predicted_io_xgboost,classifier_io|model=xgboost,209,100.0,88.03827751196172
a03af91698c077e46e19ea410f015b71210aaa6fc4,classifier_predicted_io_logistic_regression,classifier_io|model=logistic_regression,187,98.93048128342247,89.83957219251337
a21061b4cd1def74a5e8a6df5466b47909d12a432e,maximal_k_core_component,core=38|component=0a94e8d65cfe693b008cef29bba8fa2ecc0015713b,20,100.0,100.0
a21061b4cd1def74a5e8a6df5466b47909d12a432e,direct_neighbors,account=a21061b4cd1def74a5e8a6df5466b47909d12a432e,58,100.0,94.82758620689656
a21061b4cd1def74a5e8a6df5466b47909d12a432e,louvain_community,community=22,48,100.0,100.0
a21061b4cd1def74a5e8a6df5466b47909d12a432e,same_top_topic,topic=0,1591,11.565053425518542,100.0
a21061b4cd1def74a5e8a6df5466b47909d12a432e,classifier_predicted_io_random_forest,classifier_io|model=random_forest,209,100.0,88.03827751196172
a21061b4cd1def74a5e8a6df5466b47909d12a432e,classifier_predicted_io_xgboost,classifier_io|model=xgboost,209,100.0,88.03827751196172
a21061b4cd1def74a5e8a6df5466b47909d12a432e,classifier_predicted_io_logistic_regression,classifier_io|model=logistic_regression,187,98.93048128342247,89.83957219251337
a3450f12af1e453da2a49143408e816dc716b1d2b0,maximal_k_core_component,core=32|component=a3450f12af1e453da2a49143408e816dc716b1d2b0,2,100.0,50.0
a3450f12af1e453da2a49143408e816dc716b1d2b0,direct_neighbors,account=a3450f12af1e453da2a49143408e816dc716b1d2b0,36,100.0,66.66666666666667
a3450f12af1e453da2a49143408e816dc716b1d2b0,louvain_community,community=4,58,81.03448275862068,63.793103448275865
a3450f12af1e453da2a49143408e816dc716b1d2b0,same_top_topic,topic=0,1591,11.565053425518542,100.0
a3450f12af1e453da2a49143408e816dc716b1d2b0,classifier_predicted_io_random_forest,classifier_io|model=random_forest,209,100.0,88.03827751196172
a3450f12af1e453da2a49143408e816dc716b1d2b0,classifier_predicted_io_xgboost,classifier_io|model=xgboost,209,100.0,88.03827751196172
a3450f12af1e453da2a49143408e816dc716b1d2b0,classifier_predicted_io_logistic_regression,classifier_io|model=logistic_regression,187,98.93048128342247,89.83957219251337
a6af8b068fd208549b8854da09deaca45b98ae3e25,maximal_k_core_component,core=50|component=0125a58a8ee67791a2a629fb6e8708543413bb636b,61,100.0,81.9672131147541
a6af8b068fd208549b8854da09deaca45b98ae3e25,direct_neighbors,account=a6af8b068fd208549b8854da09deaca45b98ae3e25,183,100.0,87.97814207650273
a6af8b068fd208549b8854da09deaca45b98ae3e25,louvain_community,community=4,58,81.03448275862068,63.793103448275865
a6af8b068fd208549b8854da09deaca45b98ae3e25,same_top_topic,topic=0,1591,11.565053425518542,100.0
a6af8b068fd208549b8854da09deaca45b98ae3e25,classifier_predicted_io_random_forest,classifier_io|model=random_forest,209,100.0,88.03827751196172
a6af8b068fd208549b8854da09deaca45b98ae3e25,classifier_predicted_io_xgboost,classifier_io|model=xgboost,209,100.0,88.03827751196172
a6af8b068fd208549b8854da09deaca45b98ae3e25,classifier_predicted_io_logistic_regression,classifier_io|model=logistic_regression,187,98.93048128342247,89.83957219251337
acecb5bb5355c9b6d8331224c685ad76c46170a4ec,maximal_k_core_component,core=50|component=0125a58a8ee67791a2a629fb6e8708543413bb636b,61,100.0,81.9672131147541
acecb5bb5355c9b6d8331224c685ad76c46170a4ec,direct_neighbors,account=acecb5bb5355c9b6d8331224c685ad76c46170a4ec,103,100.0,81.55339805825243
acecb5bb5355c9b6d8331224c685ad76c46170a4ec,louvain_community,community=4,58,81.03448275862068,63.793103448275865
acecb5bb5355c9b6d8331224c685ad76c46170a4ec,same_top_topic,topic=0,1591,11.565053425518542,100.0
acecb5bb5355c9b6d8331224c685ad76c46170a4ec,classifier_predicted_io_random_forest,classifier_io|model=random_forest,209,100.0,88.03827751196172
acecb5bb5355c9b6d8331224c685ad76c46170a4ec,classifier_predicted_io_xgboost,classifier_io|model=xgboost,209,100.0,88.03827751196172
acecb5bb5355c9b6d8331224c685ad76c46170a4ec,classifier_predicted_io_logistic_regression,classifier_io|model=logistic_regression,187,98.93048128342247,89.83957219251337
ade709a529e6fd7bcbcbf3597b35c6e85748ca9caf,maximal_k_core_component,core=38|component=0a94e8d65cfe693b008cef29bba8fa2ecc0015713b,20,100.0,100.0
ade709a529e6fd7bcbcbf3597b35c6e85748ca9caf,direct_neighbors,account=ade709a529e6fd7bcbcbf3597b35c6e85748ca9caf,62,100.0,93.54838709677419
ade709a529e6fd7bcbcbf3597b35c6e85748ca9caf,louvain_community,community=22,48,100.0,100.0
ade709a529e6fd7bcbcbf3597b35c6e85748ca9caf,same_top_topic,topic=0,1591,11.565053425518542,100.0
ade709a529e6fd7bcbcbf3597b35c6e85748ca9caf,classifier_predicted_io_random_forest,classifier_io|model=random_forest,209,100.0,88.03827751196172
ade709a529e6fd7bcbcbf3597b35c6e85748ca9caf,classifier_predicted_io_xgboost,classifier_io|model=xgboost,209,100.0,88.03827751196172
ade709a529e6fd7bcbcbf3597b35c6e85748ca9caf,classifier_predicted_io_logistic_regression,classifier_io|model=logistic_regression,187,98.93048128342247,89.83957219251337
ae28c6bc7549316ac07282142a2fd6f26f507583e7,maximal_k_core_component,core=38|component=0a94e8d65cfe693b008cef29bba8fa2ecc0015713b,20,100.0,100.0
ae28c6bc7549316ac07282142a2fd6f26f507583e7,direct_neighbors,account=ae28c6bc7549316ac07282142a2fd6f26f507583e7,61,100.0,90.1639344262295
ae28c6bc7549316ac07282142a2fd6f26f507583e7,louvain_community,community=22,48,100.0,100.0
ae28c6bc7549316ac07282142a2fd6f26f507583e7,same_top_topic,topic=0,1591,11.565053425518542,100.0
ae28c6bc7549316ac07282142a2fd6f26f507583e7,classifier_predicted_io_random_forest,classifier_io|model=random_forest,209,100.0,88.03827751196172
ae28c6bc7549316ac07282142a2fd6f26f507583e7,classifier_predicted_io_xgboost,classifier_io|model=xgboost,209,100.0,88.03827751196172
ae28c6bc7549316ac07282142a2fd6f26f507583e7,classifier_predicted_io_logistic_regression,classifier_io|model=logistic_regression,187,98.93048128342247,89.83957219251337
af7db2048e176edd5fdb9c4f5bdb682887a4a9e6e5,maximal_k_core_component,core=41|component=af7db2048e176edd5fdb9c4f5bdb682887a4a9e6e5,1,100.0,
af7db2048e176edd5fdb9c4f5bdb682887a4a9e6e5,direct_neighbors,account=af7db2048e176edd5fdb9c4f5bdb682887a4a9e6e5,43,100.0,
af7db2048e176edd5fdb9c4f5bdb682887a4a9e6e5,louvain_community,community=4,58,81.03448275862068,
af7db2048e176edd5fdb9c4f5bdb682887a4a9e6e5,same_top_topic,topic=missing|account=af7db2048e176edd5fdb9c4f5bdb682887a4a9e6e5,1,100.0,
af7db2048e176edd5fdb9c4f5bdb682887a4a9e6e5,classifier_predicted_io_random_forest,classifier_io|model=random_forest,209,100.0,
af7db2048e176edd5fdb9c4f5bdb682887a4a9e6e5,classifier_predicted_io_xgboost,classifier_io|model=xgboost,209,100.0,
af7db2048e176edd5fdb9c4f5bdb682887a4a9e6e5,classifier_predicted_io_logistic_regression,classifier_io|model=logistic_regression,187,98.93048128342247,
afcfc63014d6e866b9798fa4482da61fde4f6a5665,maximal_k_core_component,core=49|component=1515f0769aa29ac51394f6094eec80c613491f6c7b,25,100.0,88.0
afcfc63014d6e866b9798fa4482da61fde4f6a5665,direct_neighbors,account=afcfc63014d6e866b9798fa4482da61fde4f6a5665,78,100.0,87.17948717948718
afcfc63014d6e866b9798fa4482da61fde4f6a5665,louvain_community,community=3,42,100.0,100.0
afcfc63014d6e866b9798fa4482da61fde4f6a5665,same_top_topic,topic=0,1591,11.565053425518542,100.0
afcfc63014d6e866b9798fa4482da61fde4f6a5665,classifier_predicted_io_random_forest,classifier_io|model=random_forest,209,100.0,88.03827751196172
afcfc63014d6e866b9798fa4482da61fde4f6a5665,classifier_predicted_io_xgboost,classifier_io|model=xgboost,209,100.0,88.03827751196172
afcfc63014d6e866b9798fa4482da61fde4f6a5665,classifier_predicted_io_logistic_regression,classifier_io|model=logistic_regression,187,98.93048128342247,89.83957219251337
b48cc8f1ddec1eb8bce1625a0ee607edb10f6d103a,maximal_k_core_component,core=50|component=0125a58a8ee67791a2a629fb6e8708543413bb636b,61,100.0,81.9672131147541
b48cc8f1ddec1eb8bce1625a0ee607edb10f6d103a,direct_neighbors,account=b48cc8f1ddec1eb8bce1625a0ee607edb10f6d103a,201,40.298507462686565,79.1044776119403
b48cc8f1ddec1eb8bce1625a0ee607edb10f6d103a,louvain_community,community=46,1062,5.367231638418079,67.51412429378531
b48cc8f1ddec1eb8bce1625a0ee607edb10f6d103a,same_top_topic,topic=0,1591,11.565053425518542,100.0
b48cc8f1ddec1eb8bce1625a0ee607edb10f6d103a,classifier_predicted_io_random_forest,classifier_io|model=random_forest,209,100.0,88.03827751196172
b48cc8f1ddec1eb8bce1625a0ee607edb10f6d103a,classifier_predicted_io_xgboost,classifier_io|model=xgboost,209,100.0,88.03827751196172
b48cc8f1ddec1eb8bce1625a0ee607edb10f6d103a,classifier_predicted_io_logistic_regression,classifier_io|model=logistic_regression,187,98.93048128342247,89.83957219251337
b501f7acd46b424ccf7b97d72d93fe1141dbcd3fec,maximal_k_core_component,core=50|component=0125a58a8ee67791a2a629fb6e8708543413bb636b,61,100.0,81.9672131147541
b501f7acd46b424ccf7b97d72d93fe1141dbcd3fec,direct_neighbors,account=b501f7acd46b424ccf7b97d72d93fe1141dbcd3fec,60,100.0,85.0
b501f7acd46b424ccf7b97d72d93fe1141dbcd3fec,louvain_community,community=46,1062,5.367231638418079,67.51412429378531
b501f7acd46b424ccf7b97d72d93fe1141dbcd3fec,same_top_topic,topic=0,1591,11.565053425518542,100.0
b501f7acd46b424ccf7b97d72d93fe1141dbcd3fec,classifier_predicted_io_random_forest,classifier_io|model=random_forest,209,100.0,88.03827751196172
b501f7acd46b424ccf7b97d72d93fe1141dbcd3fec,classifier_predicted_io_xgboost,classifier_io|model=xgboost,209,100.0,88.03827751196172
b501f7acd46b424ccf7b97d72d93fe1141dbcd3fec,classifier_predicted_io_logistic_regression,classifier_io|model=logistic_regression,187,98.93048128342247,89.83957219251337
b65ad61cd228af65bbd29334494a9cc15435877a08,maximal_k_core_component,core=47|component=08a6f05e6ecbe877166d4f9489ae0901e568dc490d,21,100.0,100.0
b65ad61cd228af65bbd29334494a9cc15435877a08,direct_neighbors,account=b65ad61cd228af65bbd29334494a9cc15435877a08,53,100.0,86.79245283018868
b65ad61cd228af65bbd29334494a9cc15435877a08,louvain_community,community=3,42,100.0,100.0
b65ad61cd228af65bbd29334494a9cc15435877a08,same_top_topic,topic=0,1591,11.565053425518542,100.0
b65ad61cd228af65bbd29334494a9cc15435877a08,classifier_predicted_io_random_forest,classifier_io|model=random_forest,209,100.0,88.03827751196172
b65ad61cd228af65bbd29334494a9cc15435877a08,classifier_predicted_io_xgboost,classifier_io|model=xgboost,209,100.0,88.03827751196172
b65ad61cd228af65bbd29334494a9cc15435877a08,classifier_predicted_io_logistic_regression,classifier_io|model=logistic_regression,187,98.93048128342247,89.83957219251337
b9f98474d1e99780ddb9ad41d27e65b1b561e2a55b,maximal_k_core_component,core=47|component=08a6f05e6ecbe877166d4f9489ae0901e568dc490d,21,100.0,100.0
b9f98474d1e99780ddb9ad41d27e65b1b561e2a55b,direct_neighbors,account=b9f98474d1e99780ddb9ad41d27e65b1b561e2a55b,56,100.0,89.28571428571429
b9f98474d1e99780ddb9ad41d27e65b1b561e2a55b,louvain_community,community=3,42,100.0,100.0
b9f98474d1e99780ddb9ad41d27e65b1b561e2a55b,same_top_topic,topic=0,1591,11.565053425518542,100.0
b9f98474d1e99780ddb9ad41d27e65b1b561e2a55b,classifier_predicted_io_random_forest,classifier_io|model=random_forest,209,100.0,88.03827751196172
b9f98474d1e99780ddb9ad41d27e65b1b561e2a55b,classifier_predicted_io_xgboost,classifier_io|model=xgboost,209,100.0,88.03827751196172
b9f98474d1e99780ddb9ad41d27e65b1b561e2a55b,classifier_predicted_io_logistic_regression,classifier_io|model=logistic_regression,187,98.93048128342247,89.83957219251337
bbb0922013f6bd5b0c913fb76988c2a961eb3e05d2,maximal_k_core_component,core=35|component=bbb0922013f6bd5b0c913fb76988c2a961eb3e05d2,1,100.0,100.0
bbb0922013f6bd5b0c913fb76988c2a961eb3e05d2,direct_neighbors,account=bbb0922013f6bd5b0c913fb76988c2a961eb3e05d2,36,100.0,97.22222222222223
bbb0922013f6bd5b0c913fb76988c2a961eb3e05d2,louvain_community,community=22,48,100.0,100.0
bbb0922013f6bd5b0c913fb76988c2a961eb3e05d2,same_top_topic,topic=0,1591,11.565053425518542,100.0
bbb0922013f6bd5b0c913fb76988c2a961eb3e05d2,classifier_predicted_io_random_forest,classifier_io|model=random_forest,209,100.0,88.03827751196172
bbb0922013f6bd5b0c913fb76988c2a961eb3e05d2,classifier_predicted_io_xgboost,classifier_io|model=xgboost,209,100.0,88.03827751196172
bbb0922013f6bd5b0c913fb76988c2a961eb3e05d2,classifier_predicted_io_logistic_regression,classifier_io|model=logistic_regression,187,98.93048128342247,89.83957219251337
bc2b8a8ffe623b4aa4c0e4a5098d005a95704665dc,maximal_k_core_component,core=50|component=0125a58a8ee67791a2a629fb6e8708543413bb636b,61,100.0,
bc2b8a8ffe623b4aa4c0e4a5098d005a95704665dc,direct_neighbors,account=bc2b8a8ffe623b4aa4c0e4a5098d005a95704665dc,100,100.0,
bc2b8a8ffe623b4aa4c0e4a5098d005a95704665dc,louvain_community,community=4,58,81.03448275862068,
bc2b8a8ffe623b4aa4c0e4a5098d005a95704665dc,same_top_topic,topic=missing|account=bc2b8a8ffe623b4aa4c0e4a5098d005a95704665dc,1,100.0,
bc2b8a8ffe623b4aa4c0e4a5098d005a95704665dc,classifier_predicted_io_random_forest,classifier_io|model=random_forest,209,100.0,
bc2b8a8ffe623b4aa4c0e4a5098d005a95704665dc,classifier_predicted_io_xgboost,classifier_io|model=xgboost,209,100.0,
bc2b8a8ffe623b4aa4c0e4a5098d005a95704665dc,classifier_predicted_io_logistic_regression,classifier_io|model=logistic_regression,187,98.93048128342247,
bd61ad9c4ce96a189fdfe207420ee57f5b8762b959,maximal_k_core_component,core=49|component=1515f0769aa29ac51394f6094eec80c613491f6c7b,25,100.0,88.0
bd61ad9c4ce96a189fdfe207420ee57f5b8762b959,direct_neighbors,account=bd61ad9c4ce96a189fdfe207420ee57f5b8762b959,67,100.0,76.11940298507463
bd61ad9c4ce96a189fdfe207420ee57f5b8762b959,louvain_community,community=46,1062,5.367231638418079,67.51412429378531
bd61ad9c4ce96a189fdfe207420ee57f5b8762b959,same_top_topic,topic=0,1591,11.565053425518542,100.0
bd61ad9c4ce96a189fdfe207420ee57f5b8762b959,classifier_predicted_io_random_forest,classifier_io|model=random_forest,209,100.0,88.03827751196172
bd61ad9c4ce96a189fdfe207420ee57f5b8762b959,classifier_predicted_io_xgboost,classifier_io|model=xgboost,209,100.0,88.03827751196172
bd61ad9c4ce96a189fdfe207420ee57f5b8762b959,classifier_predicted_io_logistic_regression,classifier_io|model=logistic_regression,187,98.93048128342247,89.83957219251337
bd84e76404e3d1fd7e66b51a5d76d17a30ba2cda93,maximal_k_core_component,core=49|component=1515f0769aa29ac51394f6094eec80c613491f6c7b,25,100.0,
bd84e76404e3d1fd7e66b51a5d76d17a30ba2cda93,direct_neighbors,account=bd84e76404e3d1fd7e66b51a5d76d17a30ba2cda93,83,100.0,
bd84e76404e3d1fd7e66b51a5d76d17a30ba2cda93,louvain_community,community=4,58,81.03448275862068,
bd84e76404e3d1fd7e66b51a5d76d17a30ba2cda93,same_top_topic,topic=missing|account=bd84e76404e3d1fd7e66b51a5d76d17a30ba2cda93,1,100.0,
bd84e76404e3d1fd7e66b51a5d76d17a30ba2cda93,classifier_predicted_io_random_forest,classifier_io|model=random_forest,209,100.0,
bd84e76404e3d1fd7e66b51a5d76d17a30ba2cda93,classifier_predicted_io_xgboost,classifier_io|model=xgboost,209,100.0,
bd84e76404e3d1fd7e66b51a5d76d17a30ba2cda93,classifier_predicted_io_logistic_regression,classifier_io|model=logistic_regression,187,98.93048128342247,
beecd7acdb1d0225ab6b6092c0ace7c9362cd44b62,maximal_k_core_component,core=38|component=0a94e8d65cfe693b008cef29bba8fa2ecc0015713b,20,100.0,100.0
beecd7acdb1d0225ab6b6092c0ace7c9362cd44b62,direct_neighbors,account=beecd7acdb1d0225ab6b6092c0ace7c9362cd44b62,61,100.0,93.44262295081967
beecd7acdb1d0225ab6b6092c0ace7c9362cd44b62,louvain_community,community=22,48,100.0,100.0
beecd7acdb1d0225ab6b6092c0ace7c9362cd44b62,same_top_topic,topic=0,1591,11.565053425518542,100.0
beecd7acdb1d0225ab6b6092c0ace7c9362cd44b62,classifier_predicted_io_random_forest,classifier_io|model=random_forest,209,100.0,88.03827751196172
beecd7acdb1d0225ab6b6092c0ace7c9362cd44b62,classifier_predicted_io_xgboost,classifier_io|model=xgboost,209,100.0,88.03827751196172
beecd7acdb1d0225ab6b6092c0ace7c9362cd44b62,classifier_predicted_io_logistic_regression,classifier_io|model=logistic_regression,187,98.93048128342247,89.83957219251337
bf0526699b52333d765524d9488fdbbf290fb6fcbe,maximal_k_core_component,core=50|component=0125a58a8ee67791a2a629fb6e8708543413bb636b,61,100.0,81.9672131147541
bf0526699b52333d765524d9488fdbbf290fb6fcbe,direct_neighbors,account=bf0526699b52333d765524d9488fdbbf290fb6fcbe,160,100.0,90.625
bf0526699b52333d765524d9488fdbbf290fb6fcbe,louvain_community,community=22,48,100.0,100.0
bf0526699b52333d765524d9488fdbbf290fb6fcbe,same_top_topic,topic=0,1591,11.565053425518542,100.0
bf0526699b52333d765524d9488fdbbf290fb6fcbe,classifier_predicted_io_random_forest,classifier_io|model=random_forest,209,100.0,88.03827751196172
bf0526699b52333d765524d9488fdbbf290fb6fcbe,classifier_predicted_io_xgboost,classifier_io|model=xgboost,209,100.0,88.03827751196172
bf0526699b52333d765524d9488fdbbf290fb6fcbe,classifier_predicted_io_logistic_regression,classifier_io|model=logistic_regression,187,98.93048128342247,89.83957219251337
bf51b4eb0ac06ac576ba8bc4d8015b54287a88891f,maximal_k_core_component,core=42|component=772674429f061835e1a38a9c68fffc6489d35f3e2a,6,100.0,
bf51b4eb0ac06ac576ba8bc4d8015b54287a88891f,direct_neighbors,account=bf51b4eb0ac06ac576ba8bc4d8015b54287a88891f,56,100.0,
bf51b4eb0ac06ac576ba8bc4d8015b54287a88891f,louvain_community,community=4,58,81.03448275862068,
bf51b4eb0ac06ac576ba8bc4d8015b54287a88891f,same_top_topic,topic=missing|account=bf51b4eb0ac06ac576ba8bc4d8015b54287a88891f,1,100.0,
bf51b4eb0ac06ac576ba8bc4d8015b54287a88891f,classifier_predicted_io_random_forest,classifier_io|model=random_forest,209,100.0,
bf51b4eb0ac06ac576ba8bc4d8015b54287a88891f,classifier_predicted_io_xgboost,classifier_io|model=xgboost,209,100.0,
bf51b4eb0ac06ac576ba8bc4d8015b54287a88891f,classifier_predicted_io_logistic_regression,classifier_io|model=logistic_regression,187,98.93048128342247,
c1011151094df252b4a518416d8f59a52a14dfbd66,maximal_k_core_component,core=50|component=0125a58a8ee67791a2a629fb6e8708543413bb636b,61,100.0,81.9672131147541
c1011151094df252b4a518416d8f59a52a14dfbd66,direct_neighbors,account=c1011151094df252b4a518416d8f59a52a14dfbd66,84,100.0,86.9047619047619
c1011151094df252b4a518416d8f59a52a14dfbd66,louvain_community,community=46,1062,5.367231638418079,67.51412429378531
c1011151094df252b4a518416d8f59a52a14dfbd66,same_top_topic,topic=0,1591,11.565053425518542,100.0
c1011151094df252b4a518416d8f59a52a14dfbd66,classifier_predicted_io_random_forest,classifier_io|model=random_forest,209,100.0,88.03827751196172
c1011151094df252b4a518416d8f59a52a14dfbd66,classifier_predicted_io_xgboost,classifier_io|model=xgboost,209,100.0,88.03827751196172
c1011151094df252b4a518416d8f59a52a14dfbd66,classifier_predicted_io_logistic_regression,classifier_io|model=logistic_regression,187,98.93048128342247,89.83957219251337
c2a26580496389a7213cee1fd6aa2fa1addc6ad15c,maximal_k_core_component,core=49|component=1515f0769aa29ac51394f6094eec80c613491f6c7b,25,100.0,88.0
c2a26580496389a7213cee1fd6aa2fa1addc6ad15c,direct_neighbors,account=c2a26580496389a7213cee1fd6aa2fa1addc6ad15c,68,100.0,76.47058823529412
c2a26580496389a7213cee1fd6aa2fa1addc6ad15c,louvain_community,community=46,1062,5.367231638418079,67.51412429378531
c2a26580496389a7213cee1fd6aa2fa1addc6ad15c,same_top_topic,topic=0,1591,11.565053425518542,100.0
c2a26580496389a7213cee1fd6aa2fa1addc6ad15c,classifier_predicted_io_random_forest,classifier_io|model=random_forest,209,100.0,88.03827751196172
c2a26580496389a7213cee1fd6aa2fa1addc6ad15c,classifier_predicted_io_xgboost,classifier_io|model=xgboost,209,100.0,88.03827751196172
c2a26580496389a7213cee1fd6aa2fa1addc6ad15c,classifier_predicted_io_logistic_regression,classifier_io|model=logistic_regression,187,98.93048128342247,89.83957219251337
c324d3b5e3994419ecb1bc29b6e600e89197fbe196,maximal_k_core_component,core=26|component=c324d3b5e3994419ecb1bc29b6e600e89197fbe196,1,100.0,100.0
c324d3b5e3994419ecb1bc29b6e600e89197fbe196,direct_neighbors,account=c324d3b5e3994419ecb1bc29b6e600e89197fbe196,27,100.0,74.07407407407408
c324d3b5e3994419ecb1bc29b6e600e89197fbe196,louvain_community,community=3,42,100.0,100.0
c324d3b5e3994419ecb1bc29b6e600e89197fbe196,same_top_topic,topic=0,1591,11.565053425518542,100.0
c324d3b5e3994419ecb1bc29b6e600e89197fbe196,classifier_predicted_io_random_forest,classifier_io|model=random_forest,209,100.0,88.03827751196172
c324d3b5e3994419ecb1bc29b6e600e89197fbe196,classifier_predicted_io_xgboost,classifier_io|model=xgboost,209,100.0,88.03827751196172
c324d3b5e3994419ecb1bc29b6e600e89197fbe196,classifier_predicted_io_logistic_regression,classifier_io|model=logistic_regression,187,98.93048128342247,89.83957219251337
c36b2838f99638e8ec42c71ac81b6ce962fe0df9e3,maximal_k_core_component,core=37|component=12b34e1efaa7cfe72ef0884b20c172c57d9e7751ed,9,100.0,88.88888888888889
c36b2838f99638e8ec42c71ac81b6ce962fe0df9e3,direct_neighbors,account=c36b2838f99638e8ec42c71ac81b6ce962fe0df9e3,44,100.0,93.18181818181819
c36b2838f99638e8ec42c71ac81b6ce962fe0df9e3,louvain_community,community=22,48,100.0,100.0
c36b2838f99638e8ec42c71ac81b6ce962fe0df9e3,same_top_topic,topic=0,1591,11.565053425518542,100.0
c36b2838f99638e8ec42c71ac81b6ce962fe0df9e3,classifier_predicted_io_random_forest,classifier_io|model=random_forest,209,100.0,88.03827751196172
c36b2838f99638e8ec42c71ac81b6ce962fe0df9e3,classifier_predicted_io_xgboost,classifier_io|model=xgboost,209,100.0,88.03827751196172
c36b2838f99638e8ec42c71ac81b6ce962fe0df9e3,classifier_predicted_io_logistic_regression,classifier_io|model=logistic_regression,187,98.93048128342247,89.83957219251337
c52291c5b592a7d42f7016155555471e1423ab1d18,maximal_k_core_component,core=50|component=0125a58a8ee67791a2a629fb6e8708543413bb636b,61,100.0,
c52291c5b592a7d42f7016155555471e1423ab1d18,direct_neighbors,account=c52291c5b592a7d42f7016155555471e1423ab1d18,130,83.07692307692308,
c52291c5b592a7d42f7016155555471e1423ab1d18,louvain_community,community=4,58,81.03448275862068,
c52291c5b592a7d42f7016155555471e1423ab1d18,same_top_topic,topic=missing|account=c52291c5b592a7d42f7016155555471e1423ab1d18,1,100.0,
c52291c5b592a7d42f7016155555471e1423ab1d18,classifier_predicted_io_random_forest,classifier_io|model=random_forest,209,100.0,
c52291c5b592a7d42f7016155555471e1423ab1d18,classifier_predicted_io_xgboost,classifier_io|model=xgboost,209,100.0,
c52291c5b592a7d42f7016155555471e1423ab1d18,classifier_predicted_io_logistic_regression,classifier_io|model=logistic_regression,187,98.93048128342247,
c6905851f4e6cbb4231364164e32ed1a2ac22d53ac,maximal_k_core_component,core=50|component=0125a58a8ee67791a2a629fb6e8708543413bb636b,61,100.0,81.9672131147541
c6905851f4e6cbb4231364164e32ed1a2ac22d53ac,direct_neighbors,account=c6905851f4e6cbb4231364164e32ed1a2ac22d53ac,100,100.0,87.0
c6905851f4e6cbb4231364164e32ed1a2ac22d53ac,louvain_community,community=46,1062,5.367231638418079,67.51412429378531
c6905851f4e6cbb4231364164e32ed1a2ac22d53ac,same_top_topic,topic=0,1591,11.565053425518542,100.0
c6905851f4e6cbb4231364164e32ed1a2ac22d53ac,classifier_predicted_io_random_forest,classifier_io|model=random_forest,209,100.0,88.03827751196172
c6905851f4e6cbb4231364164e32ed1a2ac22d53ac,classifier_predicted_io_xgboost,classifier_io|model=xgboost,209,100.0,88.03827751196172
c6905851f4e6cbb4231364164e32ed1a2ac22d53ac,classifier_predicted_io_logistic_regression,classifier_io|model=logistic_regression,187,98.93048128342247,89.83957219251337
c83653b2f2884a81c6b6301ca524a7e989cdde2a55,maximal_k_core_component,core=38|component=0a94e8d65cfe693b008cef29bba8fa2ecc0015713b,20,100.0,100.0
c83653b2f2884a81c6b6301ca524a7e989cdde2a55,direct_neighbors,account=c83653b2f2884a81c6b6301ca524a7e989cdde2a55,56,100.0,89.28571428571429
c83653b2f2884a81c6b6301ca524a7e989cdde2a55,louvain_community,community=22,48,100.0,100.0
c83653b2f2884a81c6b6301ca524a7e989cdde2a55,same_top_topic,topic=0,1591,11.565053425518542,100.0
c83653b2f2884a81c6b6301ca524a7e989cdde2a55,classifier_predicted_io_random_forest,classifier_io|model=random_forest,209,100.0,88.03827751196172
c83653b2f2884a81c6b6301ca524a7e989cdde2a55,classifier_predicted_io_xgboost,classifier_io|model=xgboost,209,100.0,88.03827751196172
c83653b2f2884a81c6b6301ca524a7e989cdde2a55,classifier_predicted_io_logistic_regression,classifier_io|model=logistic_regression,187,98.93048128342247,89.83957219251337
c869bf8cda22ff5706561cfb6c39d8591b55b8d86b,maximal_k_core_component,core=35|component=8a612d4326bcd05cc8c4c21c0033e64e167d5ff67b,2,100.0,100.0
c869bf8cda22ff5706561cfb6c39d8591b55b8d86b,direct_neighbors,account=c869bf8cda22ff5706561cfb6c39d8591b55b8d86b,38,100.0,84.21052631578948
c869bf8cda22ff5706561cfb6c39d8591b55b8d86b,louvain_community,community=3,42,100.0,100.0
c869bf8cda22ff5706561cfb6c39d8591b55b8d86b,same_top_topic,topic=0,1591,11.565053425518542,100.0
c869bf8cda22ff5706561cfb6c39d8591b55b8d86b,classifier_predicted_io_random_forest,classifier_io|model=random_forest,209,100.0,88.03827751196172
c869bf8cda22ff5706561cfb6c39d8591b55b8d86b,classifier_predicted_io_xgboost,classifier_io|model=xgboost,209,100.0,88.03827751196172
c869bf8cda22ff5706561cfb6c39d8591b55b8d86b,classifier_predicted_io_logistic_regression,classifier_io|model=logistic_regression,187,98.93048128342247,89.83957219251337
c96027b6dd1050ca2329fa6e407136c8386be14a2a,maximal_k_core_component,core=50|component=0125a58a8ee67791a2a629fb6e8708543413bb636b,61,100.0,81.9672131147541
c96027b6dd1050ca2329fa6e407136c8386be14a2a,direct_neighbors,account=c96027b6dd1050ca2329fa6e407136c8386be14a2a,104,100.0,80.76923076923077
c96027b6dd1050ca2329fa6e407136c8386be14a2a,louvain_community,community=4,58,81.03448275862068,63.793103448275865
c96027b6dd1050ca2329fa6e407136c8386be14a2a,same_top_topic,topic=0,1591,11.565053425518542,100.0
c96027b6dd1050ca2329fa6e407136c8386be14a2a,classifier_predicted_io_random_forest,classifier_io|model=random_forest,209,100.0,88.03827751196172
c96027b6dd1050ca2329fa6e407136c8386be14a2a,classifier_predicted_io_xgboost,classifier_io|model=xgboost,209,100.0,88.03827751196172
c96027b6dd1050ca2329fa6e407136c8386be14a2a,classifier_predicted_io_logistic_regression,classifier_io|model=logistic_regression,187,98.93048128342247,89.83957219251337
c9e8aa05c9a4e9c0ba5d3db3558d100fa14fdc1460,maximal_k_core_component,core=50|component=0125a58a8ee67791a2a629fb6e8708543413bb636b,61,100.0,
c9e8aa05c9a4e9c0ba5d3db3558d100fa14fdc1460,direct_neighbors,account=c9e8aa05c9a4e9c0ba5d3db3558d100fa14fdc1460,124,79.83870967741936,
c9e8aa05c9a4e9c0ba5d3db3558d100fa14fdc1460,louvain_community,community=4,58,81.03448275862068,
c9e8aa05c9a4e9c0ba5d3db3558d100fa14fdc1460,same_top_topic,topic=missing|account=c9e8aa05c9a4e9c0ba5d3db3558d100fa14fdc1460,1,100.0,
c9e8aa05c9a4e9c0ba5d3db3558d100fa14fdc1460,classifier_predicted_io_random_forest,classifier_io|model=random_forest,209,100.0,
c9e8aa05c9a4e9c0ba5d3db3558d100fa14fdc1460,classifier_predicted_io_xgboost,classifier_io|model=xgboost,209,100.0,
c9e8aa05c9a4e9c0ba5d3db3558d100fa14fdc1460,classifier_predicted_io_logistic_regression,classifier_io|model=logistic_regression,187,98.93048128342247,
ca9eb80575b6dc61a2c172a1b73698a6056a950779,maximal_k_core_component,core=47|component=08a6f05e6ecbe877166d4f9489ae0901e568dc490d,21,100.0,100.0
ca9eb80575b6dc61a2c172a1b73698a6056a950779,direct_neighbors,account=ca9eb80575b6dc61a2c172a1b73698a6056a950779,70,100.0,90.0
ca9eb80575b6dc61a2c172a1b73698a6056a950779,louvain_community,community=3,42,100.0,100.0
ca9eb80575b6dc61a2c172a1b73698a6056a950779,same_top_topic,topic=0,1591,11.565053425518542,100.0
ca9eb80575b6dc61a2c172a1b73698a6056a950779,classifier_predicted_io_random_forest,classifier_io|model=random_forest,209,100.0,88.03827751196172
ca9eb80575b6dc61a2c172a1b73698a6056a950779,classifier_predicted_io_xgboost,classifier_io|model=xgboost,209,100.0,88.03827751196172
ca9eb80575b6dc61a2c172a1b73698a6056a950779,classifier_predicted_io_logistic_regression,classifier_io|model=logistic_regression,187,98.93048128342247,89.83957219251337
cad8ca165202dbe5621d748ce6cc468b650653c54b,maximal_k_core_component,core=50|component=0125a58a8ee67791a2a629fb6e8708543413bb636b,61,100.0,81.9672131147541
cad8ca165202dbe5621d748ce6cc468b650653c54b,direct_neighbors,account=cad8ca165202dbe5621d748ce6cc468b650653c54b,103,100.0,88.3495145631068
cad8ca165202dbe5621d748ce6cc468b650653c54b,louvain_community,community=3,42,100.0,100.0
cad8ca165202dbe5621d748ce6cc468b650653c54b,same_top_topic,topic=0,1591,11.565053425518542,100.0
cad8ca165202dbe5621d748ce6cc468b650653c54b,classifier_predicted_io_random_forest,classifier_io|model=random_forest,209,100.0,88.03827751196172
cad8ca165202dbe5621d748ce6cc468b650653c54b,classifier_predicted_io_xgboost,classifier_io|model=xgboost,209,100.0,88.03827751196172
cad8ca165202dbe5621d748ce6cc468b650653c54b,classifier_predicted_io_logistic_regression,classifier_io|model=logistic_regression,187,98.93048128342247,89.83957219251337
cb44c1d96947eb182ad450a01ae855b9e30192a76e,maximal_k_core_component,core=38|component=0a94e8d65cfe693b008cef29bba8fa2ecc0015713b,20,100.0,100.0
cb44c1d96947eb182ad450a01ae855b9e30192a76e,direct_neighbors,account=cb44c1d96947eb182ad450a01ae855b9e30192a76e,52,100.0,78.84615384615384
cb44c1d96947eb182ad450a01ae855b9e30192a76e,louvain_community,community=46,1062,5.367231638418079,67.51412429378531
cb44c1d96947eb182ad450a01ae855b9e30192a76e,same_top_topic,topic=0,1591,11.565053425518542,100.0
cb44c1d96947eb182ad450a01ae855b9e30192a76e,classifier_predicted_io_random_forest,classifier_io|model=random_forest,209,100.0,88.03827751196172
cb44c1d96947eb182ad450a01ae855b9e30192a76e,classifier_predicted_io_xgboost,classifier_io|model=xgboost,209,100.0,88.03827751196172
cb44c1d96947eb182ad450a01ae855b9e30192a76e,classifier_predicted_io_logistic_regression,classifier_io|model=logistic_regression,187,98.93048128342247,89.83957219251337
cb55f0d15d0e48ad37aa45b5e64f0c5926331b3f2b,maximal_k_core_component,core=50|component=0125a58a8ee67791a2a629fb6e8708543413bb636b,61,100.0,81.9672131147541
cb55f0d15d0e48ad37aa45b5e64f0c5926331b3f2b,direct_neighbors,account=cb55f0d15d0e48ad37aa45b5e64f0c5926331b3f2b,104,100.0,83.65384615384616
cb55f0d15d0e48ad37aa45b5e64f0c5926331b3f2b,louvain_community,community=46,1062,5.367231638418079,67.51412429378531
cb55f0d15d0e48ad37aa45b5e64f0c5926331b3f2b,same_top_topic,topic=0,1591,11.565053425518542,100.0
cb55f0d15d0e48ad37aa45b5e64f0c5926331b3f2b,classifier_predicted_io_random_forest,classifier_io|model=random_forest,209,100.0,88.03827751196172
cb55f0d15d0e48ad37aa45b5e64f0c5926331b3f2b,classifier_predicted_io_xgboost,classifier_io|model=xgboost,209,100.0,88.03827751196172
cb55f0d15d0e48ad37aa45b5e64f0c5926331b3f2b,classifier_predicted_io_logistic_regression,classifier_io|model=logistic_regression,187,98.93048128342247,89.83957219251337
cb6f8ea1d79e324ca0112d44ee1e43ee4a72fb8ea3,maximal_k_core_component,core=47|component=08a6f05e6ecbe877166d4f9489ae0901e568dc490d,21,100.0,100.0
cb6f8ea1d79e324ca0112d44ee1e43ee4a72fb8ea3,direct_neighbors,account=cb6f8ea1d79e324ca0112d44ee1e43ee4a72fb8ea3,60,100.0,85.0
cb6f8ea1d79e324ca0112d44ee1e43ee4a72fb8ea3,louvain_community,community=3,42,100.0,100.0
cb6f8ea1d79e324ca0112d44ee1e43ee4a72fb8ea3,same_top_topic,topic=0,1591,11.565053425518542,100.0
cb6f8ea1d79e324ca0112d44ee1e43ee4a72fb8ea3,classifier_predicted_io_random_forest,classifier_io|model=random_forest,209,100.0,88.03827751196172
cb6f8ea1d79e324ca0112d44ee1e43ee4a72fb8ea3,classifier_predicted_io_xgboost,classifier_io|model=xgboost,209,100.0,88.03827751196172
cb6f8ea1d79e324ca0112d44ee1e43ee4a72fb8ea3,classifier_predicted_io_logistic_regression,classifier_io|model=logistic_regression,187,98.93048128342247,89.83957219251337
ceb8e4152555462cc7407a81fe5dd3fe3610b07b90,maximal_k_core_component,core=36|component=7bafa7c4886da58163a1da430bbd8791698982d8a5,2,100.0,100.0
ceb8e4152555462cc7407a81fe5dd3fe3610b07b90,direct_neighbors,account=ceb8e4152555462cc7407a81fe5dd3fe3610b07b90,39,100.0,100.0
ceb8e4152555462cc7407a81fe5dd3fe3610b07b90,louvain_community,community=22,48,100.0,100.0
ceb8e4152555462cc7407a81fe5dd3fe3610b07b90,same_top_topic,topic=0,1591,11.565053425518542,100.0
ceb8e4152555462cc7407a81fe5dd3fe3610b07b90,classifier_predicted_io_random_forest,classifier_io|model=random_forest,209,100.0,88.03827751196172
ceb8e4152555462cc7407a81fe5dd3fe3610b07b90,classifier_predicted_io_xgboost,classifier_io|model=xgboost,209,100.0,88.03827751196172
ceb8e4152555462cc7407a81fe5dd3fe3610b07b90,classifier_predicted_io_logistic_regression,classifier_io|model=logistic_regression,187,98.93048128342247,89.83957219251337
cfc324d2628ccc6486e68d82cb2aed42dbf246ecf0,maximal_k_core_component,core=50|component=0125a58a8ee67791a2a629fb6e8708543413bb636b,61,100.0,81.9672131147541
cfc324d2628ccc6486e68d82cb2aed42dbf246ecf0,direct_neighbors,account=cfc324d2628ccc6486e68d82cb2aed42dbf246ecf0,117,91.45299145299145,80.34188034188034
cfc324d2628ccc6486e68d82cb2aed42dbf246ecf0,louvain_community,community=46,1062,5.367231638418079,67.51412429378531
cfc324d2628ccc6486e68d82cb2aed42dbf246ecf0,same_top_topic,topic=0,1591,11.565053425518542,100.0
cfc324d2628ccc6486e68d82cb2aed42dbf246ecf0,classifier_predicted_io_random_forest,classifier_io|model=random_forest,209,100.0,88.03827751196172
cfc324d2628ccc6486e68d82cb2aed42dbf246ecf0,classifier_predicted_io_xgboost,classifier_io|model=xgboost,209,100.0,88.03827751196172
cfc324d2628ccc6486e68d82cb2aed42dbf246ecf0,classifier_predicted_io_logistic_regression,classifier_io|model=logistic_regression,187,98.93048128342247,89.83957219251337
d012fb28a5907029f6541b2b547155733c7d930623,maximal_k_core_component,core=50|component=0125a58a8ee67791a2a629fb6e8708543413bb636b,61,100.0,81.9672131147541
d012fb28a5907029f6541b2b547155733c7d930623,direct_neighbors,account=d012fb28a5907029f6541b2b547155733c7d930623,131,100.0,87.02290076335878
d012fb28a5907029f6541b2b547155733c7d930623,louvain_community,community=46,1062,5.367231638418079,67.51412429378531
d012fb28a5907029f6541b2b547155733c7d930623,same_top_topic,topic=0,1591,11.565053425518542,100.0
d012fb28a5907029f6541b2b547155733c7d930623,classifier_predicted_io_random_forest,classifier_io|model=random_forest,209,100.0,88.03827751196172
d012fb28a5907029f6541b2b547155733c7d930623,classifier_predicted_io_xgboost,classifier_io|model=xgboost,209,100.0,88.03827751196172
d012fb28a5907029f6541b2b547155733c7d930623,classifier_predicted_io_logistic_regression,classifier_io|model=logistic_regression,187,98.93048128342247,89.83957219251337
d0e022611c60468166bddbadb0dba5d0e3d142a386,maximal_k_core_component,core=50|component=0125a58a8ee67791a2a629fb6e8708543413bb636b,61,100.0,81.9672131147541
d0e022611c60468166bddbadb0dba5d0e3d142a386,direct_neighbors,account=d0e022611c60468166bddbadb0dba5d0e3d142a386,60,100.0,86.66666666666667
d0e022611c60468166bddbadb0dba5d0e3d142a386,louvain_community,community=46,1062,5.367231638418079,67.51412429378531
d0e022611c60468166bddbadb0dba5d0e3d142a386,same_top_topic,topic=0,1591,11.565053425518542,100.0
d0e022611c60468166bddbadb0dba5d0e3d142a386,classifier_predicted_io_random_forest,classifier_io|model=random_forest,209,100.0,88.03827751196172
d0e022611c60468166bddbadb0dba5d0e3d142a386,classifier_predicted_io_xgboost,classifier_io|model=xgboost,209,100.0,88.03827751196172
d0e022611c60468166bddbadb0dba5d0e3d142a386,classifier_predicted_io_logistic_regression,classifier_io|model=logistic_regression,187,98.93048128342247,89.83957219251337
d20d8029cc81fe0de4fad37f7305d4cf31a66d5214,maximal_k_core_component,core=17|component=d20d8029cc81fe0de4fad37f7305d4cf31a66d5214,1,100.0,100.0
d20d8029cc81fe0de4fad37f7305d4cf31a66d5214,direct_neighbors,account=d20d8029cc81fe0de4fad37f7305d4cf31a66d5214,18,100.0,77.77777777777777
d20d8029cc81fe0de4fad37f7305d4cf31a66d5214,louvain_community,community=22,48,100.0,100.0
d20d8029cc81fe0de4fad37f7305d4cf31a66d5214,same_top_topic,topic=0,1591,11.565053425518542,100.0
d20d8029cc81fe0de4fad37f7305d4cf31a66d5214,classifier_predicted_io_random_forest,classifier_io|model=random_forest,209,100.0,88.03827751196172
d20d8029cc81fe0de4fad37f7305d4cf31a66d5214,classifier_predicted_io_xgboost,classifier_io|model=xgboost,209,100.0,88.03827751196172
d20d8029cc81fe0de4fad37f7305d4cf31a66d5214,classifier_predicted_io_logistic_regression,classifier_io|model=logistic_regression,187,98.93048128342247,89.83957219251337
d5105563c6ce258d0f3cd43f4b1b3b88723bc39c3b,maximal_k_core_component,core=50|component=0125a58a8ee67791a2a629fb6e8708543413bb636b,61,100.0,81.9672131147541
d5105563c6ce258d0f3cd43f4b1b3b88723bc39c3b,direct_neighbors,account=d5105563c6ce258d0f3cd43f4b1b3b88723bc39c3b,78,100.0,85.8974358974359
d5105563c6ce258d0f3cd43f4b1b3b88723bc39c3b,louvain_community,community=46,1062,5.367231638418079,67.51412429378531
d5105563c6ce258d0f3cd43f4b1b3b88723bc39c3b,same_top_topic,topic=0,1591,11.565053425518542,100.0
d5105563c6ce258d0f3cd43f4b1b3b88723bc39c3b,classifier_predicted_io_random_forest,classifier_io|model=random_forest,209,100.0,88.03827751196172
d5105563c6ce258d0f3cd43f4b1b3b88723bc39c3b,classifier_predicted_io_xgboost,classifier_io|model=xgboost,209,100.0,88.03827751196172
d5105563c6ce258d0f3cd43f4b1b3b88723bc39c3b,classifier_predicted_io_logistic_regression,classifier_io|model=logistic_regression,187,98.93048128342247,89.83957219251337
d765e0fae563f2b5ca983d78754324cc4051fc826d,maximal_k_core_component,core=32|component=a3450f12af1e453da2a49143408e816dc716b1d2b0,2,100.0,
d765e0fae563f2b5ca983d78754324cc4051fc826d,direct_neighbors,account=d765e0fae563f2b5ca983d78754324cc4051fc826d,38,100.0,
d765e0fae563f2b5ca983d78754324cc4051fc826d,louvain_community,community=4,58,81.03448275862068,
d765e0fae563f2b5ca983d78754324cc4051fc826d,same_top_topic,topic=missing|account=d765e0fae563f2b5ca983d78754324cc4051fc826d,1,100.0,
d765e0fae563f2b5ca983d78754324cc4051fc826d,classifier_predicted_io_random_forest,classifier_io|model=random_forest,209,100.0,
d765e0fae563f2b5ca983d78754324cc4051fc826d,classifier_predicted_io_xgboost,classifier_io|model=xgboost,209,100.0,
d765e0fae563f2b5ca983d78754324cc4051fc826d,classifier_predicted_io_logistic_regression,classifier_io|model=logistic_regression,187,98.93048128342247,
d793aead4049b06afbf2d1e7d2a83e0cdebe10659b,maximal_k_core_component,core=50|component=0125a58a8ee67791a2a629fb6e8708543413bb636b,61,100.0,81.9672131147541
d793aead4049b06afbf2d1e7d2a83e0cdebe10659b,direct_neighbors,account=d793aead4049b06afbf2d1e7d2a83e0cdebe10659b,89,100.0,87.64044943820225
d793aead4049b06afbf2d1e7d2a83e0cdebe10659b,louvain_community,community=46,1062,5.367231638418079,67.51412429378531
d793aead4049b06afbf2d1e7d2a83e0cdebe10659b,same_top_topic,topic=0,1591,11.565053425518542,100.0
d793aead4049b06afbf2d1e7d2a83e0cdebe10659b,classifier_predicted_io_random_forest,classifier_io|model=random_forest,209,100.0,88.03827751196172
d793aead4049b06afbf2d1e7d2a83e0cdebe10659b,classifier_predicted_io_xgboost,classifier_io|model=xgboost,209,100.0,88.03827751196172
d793aead4049b06afbf2d1e7d2a83e0cdebe10659b,classifier_predicted_io_logistic_regression,classifier_io|model=logistic_regression,187,98.93048128342247,89.83957219251337
d7ccce0c12a13e3380e86545e63d91bd0cd7c1e5ff,maximal_k_core_component,core=50|component=0125a58a8ee67791a2a629fb6e8708543413bb636b,61,100.0,81.9672131147541
d7ccce0c12a13e3380e86545e63d91bd0cd7c1e5ff,direct_neighbors,account=d7ccce0c12a13e3380e86545e63d91bd0cd7c1e5ff,62,100.0,87.09677419354838
d7ccce0c12a13e3380e86545e63d91bd0cd7c1e5ff,louvain_community,community=46,1062,5.367231638418079,67.51412429378531
d7ccce0c12a13e3380e86545e63d91bd0cd7c1e5ff,same_top_topic,topic=0,1591,11.565053425518542,100.0
d7ccce0c12a13e3380e86545e63d91bd0cd7c1e5ff,classifier_predicted_io_random_forest,classifier_io|model=random_forest,209,100.0,88.03827751196172
d7ccce0c12a13e3380e86545e63d91bd0cd7c1e5ff,classifier_predicted_io_xgboost,classifier_io|model=xgboost,209,100.0,88.03827751196172
d7ccce0c12a13e3380e86545e63d91bd0cd7c1e5ff,classifier_predicted_io_logistic_regression,classifier_io|model=logistic_regression,187,98.93048128342247,89.83957219251337
d8b3e6230dac7676718cf92ecbf9c89ca357a73583,maximal_k_core_component,core=47|component=08a6f05e6ecbe877166d4f9489ae0901e568dc490d,21,100.0,100.0
d8b3e6230dac7676718cf92ecbf9c89ca357a73583,direct_neighbors,account=d8b3e6230dac7676718cf92ecbf9c89ca357a73583,59,100.0,86.44067796610169
d8b3e6230dac7676718cf92ecbf9c89ca357a73583,louvain_community,community=3,42,100.0,100.0
d8b3e6230dac7676718cf92ecbf9c89ca357a73583,same_top_topic,topic=0,1591,11.565053425518542,100.0
d8b3e6230dac7676718cf92ecbf9c89ca357a73583,classifier_predicted_io_random_forest,classifier_io|model=random_forest,209,100.0,88.03827751196172
d8b3e6230dac7676718cf92ecbf9c89ca357a73583,classifier_predicted_io_xgboost,classifier_io|model=xgboost,209,100.0,88.03827751196172
d8b3e6230dac7676718cf92ecbf9c89ca357a73583,classifier_predicted_io_logistic_regression,classifier_io|model=logistic_regression,187,98.93048128342247,89.83957219251337
d986f30f8fa20ce7f1423a8b3bb1e11bc3521b416c,maximal_k_core_component,core=50|component=0125a58a8ee67791a2a629fb6e8708543413bb636b,61,100.0,81.9672131147541
d986f30f8fa20ce7f1423a8b3bb1e11bc3521b416c,direct_neighbors,account=d986f30f8fa20ce7f1423a8b3bb1e11bc3521b416c,79,100.0,86.07594936708861
d986f30f8fa20ce7f1423a8b3bb1e11bc3521b416c,louvain_community,community=46,1062,5.367231638418079,67.51412429378531
d986f30f8fa20ce7f1423a8b3bb1e11bc3521b416c,same_top_topic,topic=0,1591,11.565053425518542,100.0
d986f30f8fa20ce7f1423a8b3bb1e11bc3521b416c,classifier_predicted_io_random_forest,classifier_io|model=random_forest,209,100.0,88.03827751196172
d986f30f8fa20ce7f1423a8b3bb1e11bc3521b416c,classifier_predicted_io_xgboost,classifier_io|model=xgboost,209,100.0,88.03827751196172
d986f30f8fa20ce7f1423a8b3bb1e11bc3521b416c,classifier_predicted_io_logistic_regression,classifier_io|model=logistic_regression,187,98.93048128342247,89.83957219251337
dc1fd2d9ca29479a47a83b486346879a2930841dd6,maximal_k_core_component,core=50|component=0125a58a8ee67791a2a629fb6e8708543413bb636b,61,100.0,81.9672131147541
dc1fd2d9ca29479a47a83b486346879a2930841dd6,direct_neighbors,account=dc1fd2d9ca29479a47a83b486346879a2930841dd6,95,100.0,84.21052631578948
dc1fd2d9ca29479a47a83b486346879a2930841dd6,louvain_community,community=46,1062,5.367231638418079,67.51412429378531
dc1fd2d9ca29479a47a83b486346879a2930841dd6,same_top_topic,topic=0,1591,11.565053425518542,100.0
dc1fd2d9ca29479a47a83b486346879a2930841dd6,classifier_predicted_io_random_forest,classifier_io|model=random_forest,209,100.0,88.03827751196172
dc1fd2d9ca29479a47a83b486346879a2930841dd6,classifier_predicted_io_xgboost,classifier_io|model=xgboost,209,100.0,88.03827751196172
dc1fd2d9ca29479a47a83b486346879a2930841dd6,classifier_predicted_io_logistic_regression,classifier_io|model=logistic_regression,187,98.93048128342247,89.83957219251337
e1016927f5f43b17f5e6854e3dd4c165cb6393dbd0,maximal_k_core_component,core=19|component=e1016927f5f43b17f5e6854e3dd4c165cb6393dbd0,1,100.0,100.0
e1016927f5f43b17f5e6854e3dd4c165cb6393dbd0,direct_neighbors,account=e1016927f5f43b17f5e6854e3dd4c165cb6393dbd0,20,100.0,80.0
e1016927f5f43b17f5e6854e3dd4c165cb6393dbd0,louvain_community,community=4,58,81.03448275862068,63.793103448275865
e1016927f5f43b17f5e6854e3dd4c165cb6393dbd0,same_top_topic,topic=0,1591,11.565053425518542,100.0
e1016927f5f43b17f5e6854e3dd4c165cb6393dbd0,classifier_predicted_io_random_forest,classifier_io|model=random_forest,209,100.0,88.03827751196172
e1016927f5f43b17f5e6854e3dd4c165cb6393dbd0,classifier_predicted_io_xgboost,classifier_io|model=xgboost,209,100.0,88.03827751196172
e1016927f5f43b17f5e6854e3dd4c165cb6393dbd0,classifier_predicted_io_logistic_regression,classifier_io|model=logistic_regression,187,98.93048128342247,89.83957219251337
e2983ac68eb4463eae640102a7d89ff81cf221b9aa,maximal_k_core_component,core=49|component=1515f0769aa29ac51394f6094eec80c613491f6c7b,25,100.0,88.0
e2983ac68eb4463eae640102a7d89ff81cf221b9aa,direct_neighbors,account=e2983ac68eb4463eae640102a7d89ff81cf221b9aa,75,100.0,89.33333333333333
e2983ac68eb4463eae640102a7d89ff81cf221b9aa,louvain_community,community=3,42,100.0,100.0
e2983ac68eb4463eae640102a7d89ff81cf221b9aa,same_top_topic,topic=0,1591,11.565053425518542,100.0
e2983ac68eb4463eae640102a7d89ff81cf221b9aa,classifier_predicted_io_random_forest,classifier_io|model=random_forest,209,100.0,88.03827751196172
e2983ac68eb4463eae640102a7d89ff81cf221b9aa,classifier_predicted_io_xgboost,classifier_io|model=xgboost,209,100.0,88.03827751196172
e2983ac68eb4463eae640102a7d89ff81cf221b9aa,classifier_predicted_io_logistic_regression,classifier_io|model=logistic_regression,187,98.93048128342247,89.83957219251337
e4938a76c92e10c530cc0a7b6bd87f90a93344bb74,maximal_k_core_component,core=42|component=e4938a76c92e10c530cc0a7b6bd87f90a93344bb74,1,100.0,100.0
e4938a76c92e10c530cc0a7b6bd87f90a93344bb74,direct_neighbors,account=e4938a76c92e10c530cc0a7b6bd87f90a93344bb74,43,100.0,81.3953488372093
e4938a76c92e10c530cc0a7b6bd87f90a93344bb74,louvain_community,community=46,1062,5.367231638418079,67.51412429378531
e4938a76c92e10c530cc0a7b6bd87f90a93344bb74,same_top_topic,topic=0,1591,11.565053425518542,100.0
e4938a76c92e10c530cc0a7b6bd87f90a93344bb74,classifier_predicted_io_random_forest,classifier_io|model=random_forest,209,100.0,88.03827751196172
e4938a76c92e10c530cc0a7b6bd87f90a93344bb74,classifier_predicted_io_xgboost,classifier_io|model=xgboost,209,100.0,88.03827751196172
e4938a76c92e10c530cc0a7b6bd87f90a93344bb74,classifier_predicted_io_logistic_regression,classifier_io|model=logistic_regression,187,98.93048128342247,89.83957219251337
e4984e1c5fa49ab2fffec257ed1f68f850d74898a4,maximal_k_core_component,core=50|component=0125a58a8ee67791a2a629fb6e8708543413bb636b,61,100.0,81.9672131147541
e4984e1c5fa49ab2fffec257ed1f68f850d74898a4,direct_neighbors,account=e4984e1c5fa49ab2fffec257ed1f68f850d74898a4,151,100.0,91.3907284768212
e4984e1c5fa49ab2fffec257ed1f68f850d74898a4,louvain_community,community=3,42,100.0,100.0
e4984e1c5fa49ab2fffec257ed1f68f850d74898a4,same_top_topic,topic=0,1591,11.565053425518542,100.0
e4984e1c5fa49ab2fffec257ed1f68f850d74898a4,classifier_predicted_io_random_forest,classifier_io|model=random_forest,209,100.0,88.03827751196172
e4984e1c5fa49ab2fffec257ed1f68f850d74898a4,classifier_predicted_io_xgboost,classifier_io|model=xgboost,209,100.0,88.03827751196172
e4984e1c5fa49ab2fffec257ed1f68f850d74898a4,classifier_predicted_io_logistic_regression,classifier_io|model=logistic_regression,187,98.93048128342247,89.83957219251337
e71e5686f89366f3ad63ae3296b8ace647c7bd55c2,maximal_k_core_component,core=11|component=0e26e737d9b121ada548c2e20b98990b3acd117f37,10,100.0,100.0
e71e5686f89366f3ad63ae3296b8ace647c7bd55c2,direct_neighbors,account=e71e5686f89366f3ad63ae3296b8ace647c7bd55c2,12,100.0,100.0
e71e5686f89366f3ad63ae3296b8ace647c7bd55c2,louvain_community,community=24,10,100.0,100.0
e71e5686f89366f3ad63ae3296b8ace647c7bd55c2,same_top_topic,topic=0,1591,11.565053425518542,100.0
e71e5686f89366f3ad63ae3296b8ace647c7bd55c2,classifier_predicted_io_random_forest,classifier_io|model=random_forest,209,100.0,88.03827751196172
e71e5686f89366f3ad63ae3296b8ace647c7bd55c2,classifier_predicted_io_xgboost,classifier_io|model=xgboost,209,100.0,88.03827751196172
e71e5686f89366f3ad63ae3296b8ace647c7bd55c2,classifier_predicted_io_logistic_regression,classifier_io|model=logistic_regression,187,98.93048128342247,89.83957219251337
e7836ab0ee9c39e1d79af6534c2cf56996fc88326b,maximal_k_core_component,core=15|component=e7836ab0ee9c39e1d79af6534c2cf56996fc88326b,1,100.0,100.0
e7836ab0ee9c39e1d79af6534c2cf56996fc88326b,direct_neighbors,account=e7836ab0ee9c39e1d79af6534c2cf56996fc88326b,16,100.0,6.25
e7836ab0ee9c39e1d79af6534c2cf56996fc88326b,louvain_community,community=4,58,81.03448275862068,3.4482758620689653
e7836ab0ee9c39e1d79af6534c2cf56996fc88326b,same_top_topic,topic=4,417,0.7194244604316546,100.0
e7836ab0ee9c39e1d79af6534c2cf56996fc88326b,classifier_predicted_io_random_forest,classifier_io|model=random_forest,209,100.0,1.4354066985645932
e7836ab0ee9c39e1d79af6534c2cf56996fc88326b,classifier_predicted_io_xgboost,classifier_io|model=xgboost,209,100.0,1.4354066985645932
e7836ab0ee9c39e1d79af6534c2cf56996fc88326b,classifier_predicted_io_logistic_regression,classifier_io|model=logistic_regression,187,98.93048128342247,0.5347593582887701
e8571f8c3deddea433aefa0d7c0a31f665a921aef5,maximal_k_core_component,core=47|component=08a6f05e6ecbe877166d4f9489ae0901e568dc490d,21,100.0,100.0
e8571f8c3deddea433aefa0d7c0a31f665a921aef5,direct_neighbors,account=e8571f8c3deddea433aefa0d7c0a31f665a921aef5,59,100.0,89.83050847457628
e8571f8c3deddea433aefa0d7c0a31f665a921aef5,louvain_community,community=3,42,100.0,100.0
e8571f8c3deddea433aefa0d7c0a31f665a921aef5,same_top_topic,topic=0,1591,11.565053425518542,100.0
e8571f8c3deddea433aefa0d7c0a31f665a921aef5,classifier_predicted_io_random_forest,classifier_io|model=random_forest,209,100.0,88.03827751196172
e8571f8c3deddea433aefa0d7c0a31f665a921aef5,classifier_predicted_io_xgboost,classifier_io|model=xgboost,209,100.0,88.03827751196172
e8571f8c3deddea433aefa0d7c0a31f665a921aef5,classifier_predicted_io_logistic_regression,classifier_io|model=logistic_regression,187,98.93048128342247,89.83957219251337
ea179231738593104d9e6ed0eaab51ef38fc0dffb8,maximal_k_core_component,core=47|component=08a6f05e6ecbe877166d4f9489ae0901e568dc490d,21,100.0,100.0
ea179231738593104d9e6ed0eaab51ef38fc0dffb8,direct_neighbors,account=ea179231738593104d9e6ed0eaab51ef38fc0dffb8,57,100.0,89.47368421052632
ea179231738593104d9e6ed0eaab51ef38fc0dffb8,louvain_community,community=3,42,100.0,100.0
ea179231738593104d9e6ed0eaab51ef38fc0dffb8,same_top_topic,topic=0,1591,11.565053425518542,100.0
ea179231738593104d9e6ed0eaab51ef38fc0dffb8,classifier_predicted_io_random_forest,classifier_io|model=random_forest,209,100.0,88.03827751196172
ea179231738593104d9e6ed0eaab51ef38fc0dffb8,classifier_predicted_io_xgboost,classifier_io|model=xgboost,209,100.0,88.03827751196172
ea179231738593104d9e6ed0eaab51ef38fc0dffb8,classifier_predicted_io_logistic_regression,classifier_io|model=logistic_regression,187,98.93048128342247,89.83957219251337
ec7e2a42c10b3760fcf0c2f602c530c9429d5ede01,maximal_k_core_component,core=30|component=ec7e2a42c10b3760fcf0c2f602c530c9429d5ede01,1,100.0,100.0
ec7e2a42c10b3760fcf0c2f602c530c9429d5ede01,direct_neighbors,account=ec7e2a42c10b3760fcf0c2f602c530c9429d5ede01,34,100.0,67.6470588235294
ec7e2a42c10b3760fcf0c2f602c530c9429d5ede01,louvain_community,community=4,58,81.03448275862068,63.793103448275865
ec7e2a42c10b3760fcf0c2f602c530c9429d5ede01,same_top_topic,topic=0,1591,11.565053425518542,100.0
ec7e2a42c10b3760fcf0c2f602c530c9429d5ede01,classifier_predicted_io_random_forest,classifier_io|model=random_forest,209,100.0,88.03827751196172
ec7e2a42c10b3760fcf0c2f602c530c9429d5ede01,classifier_predicted_io_xgboost,classifier_io|model=xgboost,209,100.0,88.03827751196172
ec7e2a42c10b3760fcf0c2f602c530c9429d5ede01,classifier_predicted_io_logistic_regression,classifier_io|model=logistic_regression,187,98.93048128342247,89.83957219251337
ec81676cb924b129a483fda7c5a53bfb54283c1891,maximal_k_core_component,core=11|component=0e26e737d9b121ada548c2e20b98990b3acd117f37,10,100.0,100.0
ec81676cb924b129a483fda7c5a53bfb54283c1891,direct_neighbors,account=ec81676cb924b129a483fda7c5a53bfb54283c1891,12,100.0,100.0
ec81676cb924b129a483fda7c5a53bfb54283c1891,louvain_community,community=24,10,100.0,100.0
ec81676cb924b129a483fda7c5a53bfb54283c1891,same_top_topic,topic=0,1591,11.565053425518542,100.0
ec81676cb924b129a483fda7c5a53bfb54283c1891,classifier_predicted_io_random_forest,classifier_io|model=random_forest,209,100.0,88.03827751196172
ec81676cb924b129a483fda7c5a53bfb54283c1891,classifier_predicted_io_xgboost,classifier_io|model=xgboost,209,100.0,88.03827751196172
ec81676cb924b129a483fda7c5a53bfb54283c1891,classifier_predicted_io_logistic_regression,classifier_io|model=logistic_regression,187,98.93048128342247,89.83957219251337
ecf865fb4a4f176e5d3afa93b4e75aa3d823a475a9,maximal_k_core_component,core=50|component=0125a58a8ee67791a2a629fb6e8708543413bb636b,61,100.0,81.9672131147541
ecf865fb4a4f176e5d3afa93b4e75aa3d823a475a9,direct_neighbors,account=ecf865fb4a4f176e5d3afa93b4e75aa3d823a475a9,83,100.0,81.92771084337349
ecf865fb4a4f176e5d3afa93b4e75aa3d823a475a9,louvain_community,community=46,1062,5.367231638418079,67.51412429378531
ecf865fb4a4f176e5d3afa93b4e75aa3d823a475a9,same_top_topic,topic=0,1591,11.565053425518542,100.0
ecf865fb4a4f176e5d3afa93b4e75aa3d823a475a9,classifier_predicted_io_random_forest,classifier_io|model=random_forest,209,100.0,88.03827751196172
ecf865fb4a4f176e5d3afa93b4e75aa3d823a475a9,classifier_predicted_io_xgboost,classifier_io|model=xgboost,209,100.0,88.03827751196172
ecf865fb4a4f176e5d3afa93b4e75aa3d823a475a9,classifier_predicted_io_logistic_regression,classifier_io|model=logistic_regression,187,98.93048128342247,89.83957219251337
ee24afb8de6080a8913527417070d9adb430a61e51,maximal_k_core_component,core=41|component=ee24afb8de6080a8913527417070d9adb430a61e51,1,100.0,100.0
ee24afb8de6080a8913527417070d9adb430a61e51,direct_neighbors,account=ee24afb8de6080a8913527417070d9adb430a61e51,79,100.0,89.87341772151899
ee24afb8de6080a8913527417070d9adb430a61e51,louvain_community,community=22,48,100.0,100.0
ee24afb8de6080a8913527417070d9adb430a61e51,same_top_topic,topic=0,1591,11.565053425518542,100.0
ee24afb8de6080a8913527417070d9adb430a61e51,classifier_predicted_io_random_forest,classifier_io|model=random_forest,209,100.0,88.03827751196172
ee24afb8de6080a8913527417070d9adb430a61e51,classifier_predicted_io_xgboost,classifier_io|model=xgboost,209,100.0,88.03827751196172
ee24afb8de6080a8913527417070d9adb430a61e51,classifier_predicted_io_logistic_regression,classifier_io|model=logistic_regression,187,98.93048128342247,89.83957219251337
efe21f2d6130e4013dd319841dddb840e2334e5c72,maximal_k_core_component,core=38|component=0a94e8d65cfe693b008cef29bba8fa2ecc0015713b,20,100.0,100.0
efe21f2d6130e4013dd319841dddb840e2334e5c72,direct_neighbors,account=efe21f2d6130e4013dd319841dddb840e2334e5c72,53,100.0,90.56603773584905
efe21f2d6130e4013dd319841dddb840e2334e5c72,louvain_community,community=22,48,100.0,100.0
efe21f2d6130e4013dd319841dddb840e2334e5c72,same_top_topic,topic=0,1591,11.565053425518542,100.0
efe21f2d6130e4013dd319841dddb840e2334e5c72,classifier_predicted_io_random_forest,classifier_io|model=random_forest,209,100.0,88.03827751196172
efe21f2d6130e4013dd319841dddb840e2334e5c72,classifier_predicted_io_xgboost,classifier_io|model=xgboost,209,100.0,88.03827751196172
efe21f2d6130e4013dd319841dddb840e2334e5c72,classifier_predicted_io_logistic_regression,classifier_io|model=logistic_regression,187,98.93048128342247,89.83957219251337
f0ce6ad2ed0dd5dd6ed5fb966ec83c67002cd658f7,maximal_k_core_component,core=11|component=0e26e737d9b121ada548c2e20b98990b3acd117f37,10,100.0,100.0
f0ce6ad2ed0dd5dd6ed5fb966ec83c67002cd658f7,direct_neighbors,account=f0ce6ad2ed0dd5dd6ed5fb966ec83c67002cd658f7,12,100.0,100.0
f0ce6ad2ed0dd5dd6ed5fb966ec83c67002cd658f7,louvain_community,community=24,10,100.0,100.0
f0ce6ad2ed0dd5dd6ed5fb966ec83c67002cd658f7,same_top_topic,topic=0,1591,11.565053425518542,100.0
f0ce6ad2ed0dd5dd6ed5fb966ec83c67002cd658f7,classifier_predicted_io_random_forest,classifier_io|model=random_forest,209,100.0,88.03827751196172
f0ce6ad2ed0dd5dd6ed5fb966ec83c67002cd658f7,classifier_predicted_io_xgboost,classifier_io|model=xgboost,209,100.0,88.03827751196172
f0ce6ad2ed0dd5dd6ed5fb966ec83c67002cd658f7,classifier_predicted_io_logistic_regression,classifier_io|model=logistic_regression,187,98.93048128342247,89.83957219251337
f1265105a5616471442f517dd2ad5a1ad333b14ce0,maximal_k_core_component,core=13|component=f1265105a5616471442f517dd2ad5a1ad333b14ce0,1,100.0,100.0
f1265105a5616471442f517dd2ad5a1ad333b14ce0,direct_neighbors,account=f1265105a5616471442f517dd2ad5a1ad333b14ce0,14,100.0,57.142857142857146
f1265105a5616471442f517dd2ad5a1ad333b14ce0,louvain_community,community=46,1062,5.367231638418079,67.51412429378531
f1265105a5616471442f517dd2ad5a1ad333b14ce0,same_top_topic,topic=0,1591,11.565053425518542,100.0
f1265105a5616471442f517dd2ad5a1ad333b14ce0,classifier_predicted_io_random_forest,classifier_io|model=random_forest,209,100.0,88.03827751196172
f1265105a5616471442f517dd2ad5a1ad333b14ce0,classifier_predicted_io_xgboost,classifier_io|model=xgboost,209,100.0,88.03827751196172
f1265105a5616471442f517dd2ad5a1ad333b14ce0,classifier_predicted_io_logistic_regression,classifier_io|model=logistic_regression,187,98.93048128342247,89.83957219251337
f1a21291bbd1d0f764732432b07ed523fe66491505,maximal_k_core_component,core=50|component=0125a58a8ee67791a2a629fb6e8708543413bb636b,61,100.0,
f1a21291bbd1d0f764732432b07ed523fe66491505,direct_neighbors,account=f1a21291bbd1d0f764732432b07ed523fe66491505,117,100.0,
f1a21291bbd1d0f764732432b07ed523fe66491505,louvain_community,community=46,1062,5.367231638418079,
f1a21291bbd1d0f764732432b07ed523fe66491505,same_top_topic,topic=missing|account=f1a21291bbd1d0f764732432b07ed523fe66491505,1,100.0,
f1a21291bbd1d0f764732432b07ed523fe66491505,classifier_predicted_io_random_forest,classifier_io|model=random_forest,209,100.0,
f1a21291bbd1d0f764732432b07ed523fe66491505,classifier_predicted_io_xgboost,classifier_io|model=xgboost,209,100.0,
f1a21291bbd1d0f764732432b07ed523fe66491505,classifier_predicted_io_logistic_regression,classifier_io|model=logistic_regression,187,98.93048128342247,
f38d36558642f7c685b1eef495393e505568e1262c,maximal_k_core_component,core=50|component=0125a58a8ee67791a2a629fb6e8708543413bb636b,61,100.0,81.9672131147541
f38d36558642f7c685b1eef495393e505568e1262c,direct_neighbors,account=f38d36558642f7c685b1eef495393e505568e1262c,89,100.0,87.64044943820225
f38d36558642f7c685b1eef495393e505568e1262c,louvain_community,community=4,58,81.03448275862068,63.793103448275865
f38d36558642f7c685b1eef495393e505568e1262c,same_top_topic,topic=0,1591,11.565053425518542,100.0
f38d36558642f7c685b1eef495393e505568e1262c,classifier_predicted_io_random_forest,classifier_io|model=random_forest,209,100.0,88.03827751196172
f38d36558642f7c685b1eef495393e505568e1262c,classifier_predicted_io_xgboost,classifier_io|model=xgboost,209,100.0,88.03827751196172
f38d36558642f7c685b1eef495393e505568e1262c,classifier_predicted_io_logistic_regression,classifier_io|model=logistic_regression,187,98.93048128342247,89.83957219251337
f39ef52ee41620f96040776a937ebf2007a9334500,maximal_k_core_component,core=38|component=0a94e8d65cfe693b008cef29bba8fa2ecc0015713b,20,100.0,100.0
f39ef52ee41620f96040776a937ebf2007a9334500,direct_neighbors,account=f39ef52ee41620f96040776a937ebf2007a9334500,60,100.0,91.66666666666667
f39ef52ee41620f96040776a937ebf2007a9334500,louvain_community,community=22,48,100.0,100.0
f39ef52ee41620f96040776a937ebf2007a9334500,same_top_topic,topic=0,1591,11.565053425518542,100.0
f39ef52ee41620f96040776a937ebf2007a9334500,classifier_predicted_io_random_forest,classifier_io|model=random_forest,209,100.0,88.03827751196172
f39ef52ee41620f96040776a937ebf2007a9334500,classifier_predicted_io_xgboost,classifier_io|model=xgboost,209,100.0,88.03827751196172
f39ef52ee41620f96040776a937ebf2007a9334500,classifier_predicted_io_logistic_regression,classifier_io|model=logistic_regression,187,98.93048128342247,89.83957219251337
f477d618466a93e6b135a619bb525df1f29076eca8,maximal_k_core_component,core=7|component=712c984428e073dde07c1257f997451865ced5bbee,2,100.0,50.0
f477d618466a93e6b135a619bb525df1f29076eca8,direct_neighbors,account=f477d618466a93e6b135a619bb525df1f29076eca8,8,100.0,12.5
f477d618466a93e6b135a619bb525df1f29076eca8,louvain_community,community=4,58,81.03448275862068,3.4482758620689653
f477d618466a93e6b135a619bb525df1f29076eca8,same_top_topic,topic=4,417,0.7194244604316546,100.0
f477d618466a93e6b135a619bb525df1f29076eca8,classifier_predicted_io_random_forest,classifier_io|model=random_forest,209,100.0,1.4354066985645932
f477d618466a93e6b135a619bb525df1f29076eca8,classifier_predicted_io_xgboost,classifier_io|model=xgboost,209,100.0,1.4354066985645932
f477d618466a93e6b135a619bb525df1f29076eca8,classifier_predicted_io_logistic_regression,classifier_io|model=logistic_regression,187,98.93048128342247,0.5347593582887701
f6ea9c8e90aff528ac5f86e7fb41ae4006d3932700,maximal_k_core_component,core=32|component=f6ea9c8e90aff528ac5f86e7fb41ae4006d3932700,1,100.0,100.0
f6ea9c8e90aff528ac5f86e7fb41ae4006d3932700,direct_neighbors,account=f6ea9c8e90aff528ac5f86e7fb41ae4006d3932700,33,100.0,78.78787878787878
f6ea9c8e90aff528ac5f86e7fb41ae4006d3932700,louvain_community,community=22,48,100.0,100.0
f6ea9c8e90aff528ac5f86e7fb41ae4006d3932700,same_top_topic,topic=0,1591,11.565053425518542,100.0
f6ea9c8e90aff528ac5f86e7fb41ae4006d3932700,classifier_predicted_io_random_forest,classifier_io|model=random_forest,209,100.0,88.03827751196172
f6ea9c8e90aff528ac5f86e7fb41ae4006d3932700,classifier_predicted_io_xgboost,classifier_io|model=xgboost,209,100.0,88.03827751196172
f6ea9c8e90aff528ac5f86e7fb41ae4006d3932700,classifier_predicted_io_logistic_regression,classifier_io|model=logistic_regression,187,98.93048128342247,89.83957219251337
f74da0abe389486e37a23dfcea669af1c8ac2d2437,maximal_k_core_component,core=50|component=0125a58a8ee67791a2a629fb6e8708543413bb636b,61,100.0,81.9672131147541
f74da0abe389486e37a23dfcea669af1c8ac2d2437,direct_neighbors,account=f74da0abe389486e37a23dfcea669af1c8ac2d2437,85,100.0,87.05882352941177
f74da0abe389486e37a23dfcea669af1c8ac2d2437,louvain_community,community=46,1062,5.367231638418079,67.51412429378531
f74da0abe389486e37a23dfcea669af1c8ac2d2437,same_top_topic,topic=0,1591,11.565053425518542,100.0
f74da0abe389486e37a23dfcea669af1c8ac2d2437,classifier_predicted_io_random_forest,classifier_io|model=random_forest,209,100.0,88.03827751196172
f74da0abe389486e37a23dfcea669af1c8ac2d2437,classifier_predicted_io_xgboost,classifier_io|model=xgboost,209,100.0,88.03827751196172
f74da0abe389486e37a23dfcea669af1c8ac2d2437,classifier_predicted_io_logistic_regression,classifier_io|model=logistic_regression,187,98.93048128342247,89.83957219251337
f76a2c69ae90ee6857cd35b7659de97f33941a6675,maximal_k_core_component,core=15|component=f76a2c69ae90ee6857cd35b7659de97f33941a6675,1,100.0,100.0
f76a2c69ae90ee6857cd35b7659de97f33941a6675,direct_neighbors,account=f76a2c69ae90ee6857cd35b7659de97f33941a6675,16,100.0,87.5
f76a2c69ae90ee6857cd35b7659de97f33941a6675,louvain_community,community=3,42,100.0,100.0
f76a2c69ae90ee6857cd35b7659de97f33941a6675,same_top_topic,topic=0,1591,11.565053425518542,100.0
f76a2c69ae90ee6857cd35b7659de97f33941a6675,classifier_predicted_io_random_forest,classifier_io|model=random_forest,209,100.0,88.03827751196172
f76a2c69ae90ee6857cd35b7659de97f33941a6675,classifier_predicted_io_xgboost,classifier_io|model=xgboost,209,100.0,88.03827751196172
f76a2c69ae90ee6857cd35b7659de97f33941a6675,classifier_predicted_io_logistic_regression,classifier_io|model=logistic_regression,187,98.93048128342247,89.83957219251337
f9007e251b14634e37d7bb1aef635fdaa412d32dcc,maximal_k_core_component,core=47|component=08a6f05e6ecbe877166d4f9489ae0901e568dc490d,21,100.0,100.0
f9007e251b14634e37d7bb1aef635fdaa412d32dcc,direct_neighbors,account=f9007e251b14634e37d7bb1aef635fdaa412d32dcc,117,100.0,89.74358974358974
f9007e251b14634e37d7bb1aef635fdaa412d32dcc,louvain_community,community=22,48,100.0,100.0
f9007e251b14634e37d7bb1aef635fdaa412d32dcc,same_top_topic,topic=0,1591,11.565053425518542,100.0
f9007e251b14634e37d7bb1aef635fdaa412d32dcc,classifier_predicted_io_random_forest,classifier_io|model=random_forest,209,100.0,88.03827751196172
f9007e251b14634e37d7bb1aef635fdaa412d32dcc,classifier_predicted_io_xgboost,classifier_io|model=xgboost,209,100.0,88.03827751196172
f9007e251b14634e37d7bb1aef635fdaa412d32dcc,classifier_predicted_io_logistic_regression,classifier_io|model=logistic_regression,187,98.93048128342247,89.83957219251337
f9426c133533f12c5462b5819227dde337250c1b75,maximal_k_core_component,core=37|component=12b34e1efaa7cfe72ef0884b20c172c57d9e7751ed,9,100.0,88.88888888888889
f9426c133533f12c5462b5819227dde337250c1b75,direct_neighbors,account=f9426c133533f12c5462b5819227dde337250c1b75,44,100.0,95.45454545454545
f9426c133533f12c5462b5819227dde337250c1b75,louvain_community,community=22,48,100.0,100.0
f9426c133533f12c5462b5819227dde337250c1b75,same_top_topic,topic=0,1591,11.565053425518542,100.0
f9426c133533f12c5462b5819227dde337250c1b75,classifier_predicted_io_random_forest,classifier_io|model=random_forest,209,100.0,88.03827751196172
f9426c133533f12c5462b5819227dde337250c1b75,classifier_predicted_io_xgboost,classifier_io|model=xgboost,209,100.0,88.03827751196172
f9426c133533f12c5462b5819227dde337250c1b75,classifier_predicted_io_logistic_regression,classifier_io|model=logistic_regression,187,98.93048128342247,89.83957219251337
f96b1bd57d75defa7ec3d9a20166e20c18dc675129,maximal_k_core_component,core=50|component=0125a58a8ee67791a2a629fb6e8708543413bb636b,61,100.0,
f96b1bd57d75defa7ec3d9a20166e20c18dc675129,direct_neighbors,account=f96b1bd57d75defa7ec3d9a20166e20c18dc675129,182,84.06593406593407,
f96b1bd57d75defa7ec3d9a20166e20c18dc675129,louvain_community,community=46,1062,5.367231638418079,
f96b1bd57d75defa7ec3d9a20166e20c18dc675129,same_top_topic,topic=missing|account=f96b1bd57d75defa7ec3d9a20166e20c18dc675129,1,100.0,
f96b1bd57d75defa7ec3d9a20166e20c18dc675129,classifier_predicted_io_random_forest,classifier_io|model=random_forest,209,100.0,
f96b1bd57d75defa7ec3d9a20166e20c18dc675129,classifier_predicted_io_xgboost,classifier_io|model=xgboost,209,100.0,
f96b1bd57d75defa7ec3d9a20166e20c18dc675129,classifier_predicted_io_logistic_regression,classifier_io|model=logistic_regression,187,98.93048128342247,
f97d5788c27b43f1cb5e3eaa3624a59d588ca14777,maximal_k_core_component,core=0|component=f97d5788c27b43f1cb5e3eaa3624a59d588ca14777,1,100.0,100.0
f97d5788c27b43f1cb5e3eaa3624a59d588ca14777,direct_neighbors,account=f97d5788c27b43f1cb5e3eaa3624a59d588ca14777,1,100.0,100.0
f97d5788c27b43f1cb5e3eaa3624a59d588ca14777,louvain_community,community=51,1,100.0,100.0
f97d5788c27b43f1cb5e3eaa3624a59d588ca14777,same_top_topic,topic=0,1591,11.565053425518542,100.0
f97d5788c27b43f1cb5e3eaa3624a59d588ca14777,classifier_predicted_io_random_forest,classifier_io|model=random_forest,209,100.0,88.03827751196172
f97d5788c27b43f1cb5e3eaa3624a59d588ca14777,classifier_predicted_io_xgboost,classifier_io|model=xgboost,209,100.0,88.03827751196172
f97d5788c27b43f1cb5e3eaa3624a59d588ca14777,classifier_predicted_io_logistic_regression,classifier_io|model=logistic_regression,187,98.93048128342247,89.83957219251337
f9c3bcba55e123366d479ccbe8e804d11e4abe5df9,maximal_k_core_component,core=50|component=0125a58a8ee67791a2a629fb6e8708543413bb636b,61,100.0,81.9672131147541
f9c3bcba55e123366d479ccbe8e804d11e4abe5df9,direct_neighbors,account=f9c3bcba55e123366d479ccbe8e804d11e4abe5df9,117,100.0,81.19658119658119
f9c3bcba55e123366d479ccbe8e804d11e4abe5df9,louvain_community,community=4,58,81.03448275862068,63.793103448275865
f9c3bcba55e123366d479ccbe8e804d11e4abe5df9,same_top_topic,topic=0,1591,11.565053425518542,100.0
f9c3bcba55e123366d479ccbe8e804d11e4abe5df9,classifier_predicted_io_random_forest,classifier_io|model=random_forest,209,100.0,88.03827751196172
f9c3bcba55e123366d479ccbe8e804d11e4abe5df9,classifier_predicted_io_xgboost,classifier_io|model=xgboost,209,100.0,88.03827751196172
f9c3bcba55e123366d479ccbe8e804d11e4abe5df9,classifier_predicted_io_logistic_regression,classifier_io|model=logistic_regression,187,98.93048128342247,89.83957219251337
fa46b456ab81debdae5a4865c44cb63b72a07b7c76,maximal_k_core_component,core=49|component=1515f0769aa29ac51394f6094eec80c613491f6c7b,25,100.0,88.0
fa46b456ab81debdae5a4865c44cb63b72a07b7c76,direct_neighbors,account=fa46b456ab81debdae5a4865c44cb63b72a07b7c76,75,100.0,76.0
fa46b456ab81debdae5a4865c44cb63b72a07b7c76,louvain_community,community=4,58,81.03448275862068,63.793103448275865
fa46b456ab81debdae5a4865c44cb63b72a07b7c76,same_top_topic,topic=0,1591,11.565053425518542,100.0
fa46b456ab81debdae5a4865c44cb63b72a07b7c76,classifier_predicted_io_random_forest,classifier_io|model=random_forest,209,100.0,88.03827751196172
fa46b456ab81debdae5a4865c44cb63b72a07b7c76,classifier_predicted_io_xgboost,classifier_io|model=xgboost,209,100.0,88.03827751196172
fa46b456ab81debdae5a4865c44cb63b72a07b7c76,classifier_predicted_io_logistic_regression,classifier_io|model=logistic_regression,187,98.93048128342247,89.83957219251337
fb73010d55b5bfee26652f05cd2bd83d7692687885,maximal_k_core_component,core=47|component=08a6f05e6ecbe877166d4f9489ae0901e568dc490d,21,100.0,100.0
fb73010d55b5bfee26652f05cd2bd83d7692687885,direct_neighbors,account=fb73010d55b5bfee26652f05cd2bd83d7692687885,75,100.0,93.33333333333333
fb73010d55b5bfee26652f05cd2bd83d7692687885,louvain_community,community=3,42,100.0,100.0
fb73010d55b5bfee26652f05cd2bd83d7692687885,same_top_topic,topic=0,1591,11.565053425518542,100.0
fb73010d55b5bfee26652f05cd2bd83d7692687885,classifier_predicted_io_random_forest,classifier_io|model=random_forest,209,100.0,88.03827751196172
fb73010d55b5bfee26652f05cd2bd83d7692687885,classifier_predicted_io_xgboost,classifier_io|model=xgboost,209,100.0,88.03827751196172
fb73010d55b5bfee26652f05cd2bd83d7692687885,classifier_predicted_io_logistic_regression,classifier_io|model=logistic_regression,187,98.93048128342247,89.83957219251337
fb945a27f7031d232785e822e25f2b9887e10b9686,maximal_k_core_component,core=49|component=1515f0769aa29ac51394f6094eec80c613491f6c7b,25,100.0,88.0
fb945a27f7031d232785e822e25f2b9887e10b9686,direct_neighbors,account=fb945a27f7031d232785e822e25f2b9887e10b9686,71,100.0,90.14084507042253
fb945a27f7031d232785e822e25f2b9887e10b9686,louvain_community,community=3,42,100.0,100.0
fb945a27f7031d232785e822e25f2b9887e10b9686,same_top_topic,topic=0,1591,11.565053425518542,100.0
fb945a27f7031d232785e822e25f2b9887e10b9686,classifier_predicted_io_random_forest,classifier_io|model=random_forest,209,100.0,88.03827751196172
fb945a27f7031d232785e822e25f2b9887e10b9686,classifier_predicted_io_xgboost,classifier_io|model=xgboost,209,100.0,88.03827751196172
fb945a27f7031d232785e822e25f2b9887e10b9686,classifier_predicted_io_logistic_regression,classifier_io|model=logistic_regression,187,98.93048128342247,89.83957219251337
fc8ce8199934270d6a3f71c79ccf3f3a201ad3de63,maximal_k_core_component,core=49|component=1515f0769aa29ac51394f6094eec80c613491f6c7b,25,100.0,88.0
fc8ce8199934270d6a3f71c79ccf3f3a201ad3de63,direct_neighbors,account=fc8ce8199934270d6a3f71c79ccf3f3a201ad3de63,751,8.255659121171771,62.982689747003995
fc8ce8199934270d6a3f71c79ccf3f3a201ad3de63,louvain_community,community=46,1062,5.367231638418079,67.51412429378531
fc8ce8199934270d6a3f71c79ccf3f3a201ad3de63,same_top_topic,topic=0,1591,11.565053425518542,100.0
fc8ce8199934270d6a3f71c79ccf3f3a201ad3de63,classifier_predicted_io_random_forest,classifier_io|model=random_forest,209,100.0,88.03827751196172
fc8ce8199934270d6a3f71c79ccf3f3a201ad3de63,classifier_predicted_io_xgboost,classifier_io|model=xgboost,209,100.0,88.03827751196172
fc8ce8199934270d6a3f71c79ccf3f3a201ad3de63,classifier_predicted_io_logistic_regression,classifier_io|model=logistic_regression,187,98.93048128342247,89.83957219251337
fce6dc462fa24166d7896218b5d30a3b17c0e64ddc,maximal_k_core_component,core=50|component=0125a58a8ee67791a2a629fb6e8708543413bb636b,61,100.0,
fce6dc462fa24166d7896218b5d30a3b17c0e64ddc,direct_neighbors,account=fce6dc462fa24166d7896218b5d30a3b17c0e64ddc,1080,16.574074074074073,
fce6dc462fa24166d7896218b5d30a3b17c0e64ddc,louvain_community,community=46,1062,5.367231638418079,
fce6dc462fa24166d7896218b5d30a3b17c0e64ddc,same_top_topic,topic=missing|account=fce6dc462fa24166d7896218b5d30a3b17c0e64ddc,1,100.0,
fce6dc462fa24166d7896218b5d30a3b17c0e64ddc,classifier_predicted_io_random_forest,classifier_io|model=random_forest,209,100.0,
fce6dc462fa24166d7896218b5d30a3b17c0e64ddc,classifier_predicted_io_xgboost,classifier_io|model=xgboost,209,100.0,
fce6dc462fa24166d7896218b5d30a3b17c0e64ddc,classifier_predicted_io_logistic_regression,classifier_io|model=logistic_regression,187,98.93048128342247,
fd442c25e1468457949131908e403705e9f8f0d71a,maximal_k_core_component,core=50|component=0125a58a8ee67791a2a629fb6e8708543413bb636b,61,100.0,81.9672131147541
fd442c25e1468457949131908e403705e9f8f0d71a,direct_neighbors,account=fd442c25e1468457949131908e403705e9f8f0d71a,67,100.0,80.59701492537313
fd442c25e1468457949131908e403705e9f8f0d71a,louvain_community,community=4,58,81.03448275862068,63.793103448275865
fd442c25e1468457949131908e403705e9f8f0d71a,same_top_topic,topic=0,1591,11.565053425518542,100.0
fd442c25e1468457949131908e403705e9f8f0d71a,classifier_predicted_io_random_forest,classifier_io|model=random_forest,209,100.0,88.03827751196172
fd442c25e1468457949131908e403705e9f8f0d71a,classifier_predicted_io_xgboost,classifier_io|model=xgboost,209,100.0,88.03827751196172
fd442c25e1468457949131908e403705e9f8f0d71a,classifier_predicted_io_logistic_regression,classifier_io|model=logistic_regression,187,98.93048128342247,89.83957219251337
fd79e24a1b11dab73be631bc27a270b048655a3eb9,maximal_k_core_component,core=50|component=0125a58a8ee67791a2a629fb6e8708543413bb636b,61,100.0,81.9672131147541
fd79e24a1b11dab73be631bc27a270b048655a3eb9,direct_neighbors,account=fd79e24a1b11dab73be631bc27a270b048655a3eb9,76,100.0,81.57894736842105
fd79e24a1b11dab73be631bc27a270b048655a3eb9,louvain_community,community=46,1062,5.367231638418079,67.51412429378531
fd79e24a1b11dab73be631bc27a270b048655a3eb9,same_top_topic,topic=0,1591,11.565053425518542,100.0
fd79e24a1b11dab73be631bc27a270b048655a3eb9,classifier_predicted_io_random_forest,classifier_io|model=random_forest,209,100.0,88.03827751196172
fd79e24a1b11dab73be631bc27a270b048655a3eb9,classifier_predicted_io_xgboost,classifier_io|model=xgboost,209,100.0,88.03827751196172
fd79e24a1b11dab73be631bc27a270b048655a3eb9,classifier_predicted_io_logistic_regression,classifier_io|model=logistic_regression,187,98.93048128342247,89.83957219251337
fed3ab59784691383b980443aa913e0d4b9a91752e,maximal_k_core_component,core=25|component=fed3ab59784691383b980443aa913e0d4b9a91752e,1,100.0,100.0
fed3ab59784691383b980443aa913e0d4b9a91752e,direct_neighbors,account=fed3ab59784691383b980443aa913e0d4b9a91752e,27,100.0,62.96296296296296
fed3ab59784691383b980443aa913e0d4b9a91752e,louvain_community,community=4,58,81.03448275862068,63.793103448275865
fed3ab59784691383b980443aa913e0d4b9a91752e,same_top_topic,topic=0,1591,11.565053425518542,100.0
fed3ab59784691383b980443aa913e0d4b9a91752e,classifier_predicted_io_random_forest,classifier_io|model=random_forest,209,100.0,88.03827751196172
fed3ab59784691383b980443aa913e0d4b9a91752e,classifier_predicted_io_xgboost,classifier_io|model=xgboost,209,100.0,88.03827751196172
fed3ab59784691383b980443aa913e0d4b9a91752e,classifier_predicted_io_logistic_regression,classifier_io|model=logistic_regression,187,98.93048128342247,89.83957219251337
