topic_col,top_percentage,account_relations_configuration,indicators_configuration,model,indicators_runtime_seconds,n_graph_authors,n_all_authors,graph_authors_auc,graph_authors_f1,graph_authors_auc_pr,graph_authors_recall,graph_authors_precision,all_authors_auc,all_authors_f1,all_authors_auc_pr,all_authors_recall,all_authors_precision
BERTopic_topic_10,0.01,interactions,All,random_forest,3.0655059450073168,1738,1798,0.817809021675454,0.5909090909090909,0.5380529423420419,0.41935483870967744,1.0,0.8686127389232707,0.6222222222222222,0.6084847869801566,0.45161290322580644,1.0
BERTopic_topic_10,0.01,interactions,All,xgboost,3.0655059450073168,1738,1798,0.7849084415216282,0.5909090909090909,0.5004907888201514,0.41935483870967744,1.0,0.8254376836993629,0.6666666666666666,0.6063914240644391,0.5161290322580645,0.9411764705882353
BERTopic_topic_10,0.01,interactions,All but Betweenness and Harmonic,random_forest,3.0655059450073168,1738,1798,0.8640890451083775,0.5909090909090909,0.5278776761934377,0.41935483870967744,1.0,0.8784252514741587,0.6222222222222222,0.6084104094338825,0.45161290322580644,1.0
BERTopic_topic_10,0.01,interactions,All but Betweenness and Harmonic,xgboost,3.0655059450073168,1738,1798,0.820568059413799,0.5909090909090909,0.5107318397104154,0.41935483870967744,1.0,0.8366285119667013,0.6808510638297872,0.6047981111258416,0.5161290322580645,1.0
BERTopic_topic_10,0.01,interactions,Core Number Only,random_forest,3.0655059450073168,1738,1798,0.7260804656348621,0.0,0.12669303346968613,0.0,0.0,0.7039907260346496,0.0,0.09029355639262028,0.0,0.0
BERTopic_topic_10,0.01,interactions,Core Number Only,xgboost,3.0655059450073168,1738,1798,0.7253056673658749,0.0,0.12239793275254951,0.0,0.0,0.7268744180951859,0.0,0.09459156762726226,0.0,0.0
BERTopic_topic_10,0.01,similarity,All,random_forest,254.2598268199945,1738,1798,0.96747737022129,0.7843137254901961,0.8012719348682746,0.6451612903225806,1.0,0.9707724044763314,0.7843137254901961,0.8259370551466343,0.6451612903225806,1.0
BERTopic_topic_10,0.01,similarity,All,xgboost,254.2598268199945,1738,1798,0.9490900844719089,0.7169811320754716,0.7741047788217494,0.6129032258064516,0.8636363636363636,0.9391624221844936,0.6530612244897959,0.7690725297333607,0.5161290322580645,0.8888888888888888
BERTopic_topic_10,0.01,similarity,All but Betweenness and Harmonic,random_forest,254.2598268199945,1738,1798,0.9346523801424873,0.72,0.7782676849925312,0.5806451612903226,0.9473684210526315,0.966874783211932,0.7692307692307693,0.8008837646941818,0.6451612903225806,0.9523809523809523
BERTopic_topic_10,0.01,similarity,All but Betweenness and Harmonic,xgboost,254.2598268199945,1738,1798,0.9492034695844436,0.7307692307692307,0.7719518906123843,0.6129032258064516,0.9047619047619048,0.9451777205761542,0.6530612244897959,0.7842811194568364,0.5161290322580645,0.8888888888888888
BERTopic_topic_10,0.01,similarity,Core Number Only,random_forest,254.2598268199945,1738,1798,0.8230058393332955,0.0,0.0872858640365665,0.0,0.0,0.827016813626157,0.0,0.09163324959992895,0.0,0.0
BERTopic_topic_10,0.01,similarity,Core Number Only,xgboost,254.2598268199945,1738,1798,0.8186594100194644,0.0,0.08660369834202308,0.0,0.0,0.8297551892217536,0.0,0.08982803113364399,0.0,0.0
BERTopic_topic_10,0.01,similarity+interactions,All,random_forest,255.55361596902367,1738,1798,0.9506302322505056,0.7692307692307693,0.7788844316552339,0.6451612903225806,0.9523809523809523,0.9655512350073936,0.7843137254901961,0.7917262231797686,0.6451612903225806,1.0
BERTopic_topic_10,0.01,similarity+interactions,All,xgboost,255.55361596902367,1738,1798,0.9401893531379328,0.7058823529411765,0.7327899310590388,0.5806451612903226,0.9,0.9370173613012761,0.68,0.750296024196218,0.5483870967741935,0.8947368421052632
BERTopic_topic_10,0.01,similarity+interactions,All but Betweenness and Harmonic,random_forest,255.55361596902367,1738,1798,0.9205737286694258,0.7307692307692307,0.7607391563106216,0.6129032258064516,0.9047619047619048,0.9501067966482283,0.7692307692307693,0.7694340449551891,0.6451612903225806,0.9523809523809523
BERTopic_topic_10,0.01,similarity+interactions,All but Betweenness and Harmonic,xgboost,255.55361596902367,1738,1798,0.9418523347884422,0.7307692307692307,0.7400494586122897,0.6129032258064516,0.9047619047619048,0.9406228891688119,0.6666666666666666,0.7539469943997823,0.5483870967741935,0.85
BERTopic_topic_10,0.01,similarity+interactions,Core Number Only,random_forest,255.55361596902367,1738,1798,0.8237144962866376,0.0,0.08740299147842026,0.0,0.0,0.8282490826441755,0.0,0.0921101705865313,0.0,0.0
BERTopic_topic_10,0.01,similarity+interactions,Core Number Only,xgboost,255.55361596902367,1738,1798,0.8199066462573464,0.0,0.08683529967562016,0.0,0.0,0.8304580389579568,0.0,0.08992191886686021,0.0,0.0
BERTopic_topic_10,0.01,similarity+text_similarity,All,random_forest,259.6320203030482,1738,1798,0.9523499064572822,0.7450980392156863,0.7939838216050232,0.6129032258064516,0.95,0.9512569143983789,0.7843137254901961,0.7970554419621161,0.6451612903225806,1.0
BERTopic_topic_10,0.01,similarity+text_similarity,All,xgboost,259.6320203030482,1738,1798,0.9470302549275282,0.7547169811320755,0.7469434478147658,0.6451612903225806,0.9090909090909091,0.9425762637603374,0.6923076923076923,0.7784705314814829,0.5806451612903226,0.8571428571428571
BERTopic_topic_10,0.01,similarity+text_similarity,All but Betweenness and Harmonic,random_forest,259.6320203030482,1738,1798,0.9181264999905513,0.72,0.7680789220353108,0.5806451612903226,0.9473684210526315,0.9690928674443654,0.7692307692307693,0.7978578635089675,0.6451612903225806,0.9523809523809523
BERTopic_topic_10,0.01,similarity+text_similarity,All but Betweenness and Harmonic,xgboost,259.6320203030482,1738,1798,0.9445735774892757,0.7169811320754716,0.7471352422511963,0.6129032258064516,0.8636363636363636,0.9410975409387152,0.7547169811320755,0.7913748424599906,0.6451612903225806,0.9090909090909091
BERTopic_topic_10,0.01,similarity+text_similarity,Core Number Only,random_forest,259.6320203030482,1738,1798,0.8221365534705294,0.0,0.08734703181570913,0.0,0.0,0.8262865801339979,0.0,0.09231421401928201,0.0,0.0
BERTopic_topic_10,0.01,similarity+text_similarity,Core Number Only,xgboost,259.6320203030482,1738,1798,0.8200200313698812,0.0,0.08959907077157718,0.0,0.0,0.8339631597203205,0.0,0.09335358535480218,0.0,0.0
BERTopic_topic_10,0.01,similarity+text_similarity+interactions,All,random_forest,263.7436710209586,1738,1798,0.9498932290190298,0.7450980392156863,0.7835400646884181,0.6129032258064516,0.95,0.9354291034558301,0.7843137254901961,0.7820508958196666,0.6451612903225806,1.0
BERTopic_topic_10,0.01,similarity+text_similarity+interactions,All,xgboost,263.7436710209586,1738,1798,0.9473515127463764,0.6923076923076923,0.7194671285867219,0.5806451612903226,0.8571428571428571,0.9449951622031144,0.6938775510204082,0.7642941952124548,0.5483870967741935,0.9444444444444444
BERTopic_topic_10,0.01,similarity+text_similarity+interactions,All but Betweenness and Harmonic,random_forest,263.7436710209586,1738,1798,0.9333956951452274,0.7058823529411765,0.7617384950347643,0.5806451612903226,0.9,0.9502984829399201,0.7692307692307693,0.7789187835861455,0.6451612903225806,0.9523809523809523
BERTopic_topic_10,0.01,similarity+text_similarity+interactions,All but Betweenness and Harmonic,xgboost,263.7436710209586,1738,1798,0.9400381729878867,0.6792452830188679,0.7245941889046197,0.5806451612903226,0.8181818181818182,0.9424393449805575,0.72,0.7687822135507801,0.5806451612903226,0.9473684210526315
BERTopic_topic_10,0.01,similarity+text_similarity+interactions,Core Number Only,random_forest,263.7436710209586,1738,1798,0.8216641155016347,0.0,0.08725407188378911,0.0,0.0,0.8260309984117422,0.0,0.092250180982533,0.0,0.0
BERTopic_topic_10,0.01,similarity+text_similarity+interactions,Core Number Only,xgboost,263.7436710209586,1738,1798,0.8204546743012643,0.0,0.08870221143953283,0.0,0.0,0.8318454825930591,0.0,0.09234338935456744,0.0,0.0
BERTopic_topic_10,0.01,text_similarity,All,random_forest,248.14486581995152,1738,1798,0.9543530434453956,0.7843137254901961,0.8141857640760438,0.6451612903225806,1.0,0.9696679263194407,0.76,0.8208951974182537,0.6129032258064516,1.0
BERTopic_topic_10,0.01,text_similarity,All,xgboost,248.14486581995152,1738,1798,0.9586522289623371,0.7636363636363637,0.7888169828079835,0.6774193548387096,0.875,0.9453055114372821,0.68,0.8071928676480593,0.5483870967741935,0.8947368421052632
BERTopic_topic_10,0.01,text_similarity,All but Betweenness and Harmonic,random_forest,248.14486581995152,1738,1798,0.9343594686017727,0.7450980392156863,0.7812176075800096,0.6129032258064516,0.95,0.9716943242601823,0.7692307692307693,0.8085592528810455,0.6451612903225806,0.9523809523809523
BERTopic_topic_10,0.01,text_similarity,All but Betweenness and Harmonic,xgboost,248.14486581995152,1738,1798,0.9586522289623374,0.7636363636363637,0.7946694165563247,0.6774193548387096,0.875,0.9480803987074867,0.7058823529411765,0.8043327793726842,0.5806451612903226,0.9
BERTopic_topic_10,0.01,text_similarity,Core Number Only,random_forest,248.14486581995152,1738,1798,0.8209838048264264,0.0,0.08716675683019857,0.0,0.0,0.8226262847545502,0.0,0.09127158903107895,0.0,0.0
BERTopic_topic_10,0.01,text_similarity,Core Number Only,xgboost,248.14486581995152,1738,1798,0.8192735793790275,0.0,0.08860688579563102,0.0,0.0,0.8284316410172152,0.0,0.09054378693596458,0.0,0.0
BERTopic_topic_10,0.01,text_similarity+interactions,All,random_forest,250.71364665101282,1738,1798,0.9658805298864259,0.7692307692307693,0.7904369013122198,0.6451612903225806,0.9523809523809523,0.9537214524344159,0.7843137254901961,0.8118208550000814,0.6451612903225806,1.0
BERTopic_topic_10,0.01,text_similarity+interactions,All,xgboost,250.71364665101282,1738,1798,0.9617325245195306,0.7777777777777778,0.7838470306365797,0.6774193548387096,0.9130434782608695,0.9514577286087226,0.6923076923076923,0.7868523819875253,0.5806451612903226,0.8571428571428571
BERTopic_topic_10,0.01,text_similarity+interactions,All but Betweenness and Harmonic,random_forest,250.71364665101282,1738,1798,0.9338208893172327,0.7547169811320755,0.7654154435659144,0.6451612903225806,0.9090909090909091,0.9694853679464008,0.8076923076923077,0.7996102171563879,0.6774193548387096,1.0
BERTopic_topic_10,0.01,text_similarity+interactions,All but Betweenness and Harmonic,xgboost,250.71364665101282,1738,1798,0.9412854092257688,0.7777777777777778,0.7732230019635851,0.6774193548387096,0.9130434782608695,0.9446117896197308,0.6530612244897959,0.7754057576671671,0.5161290322580645,0.8888888888888888
BERTopic_topic_10,0.01,text_similarity+interactions,Core Number Only,random_forest,250.71364665101282,1738,1798,0.8213712039609199,0.0,0.08725134903027969,0.0,0.0,0.8229914015006298,0.0,0.09164181719969493,0.0,0.0
BERTopic_topic_10,0.01,text_similarity+interactions,Core Number Only,xgboost,250.71364665101282,1738,1798,0.8188011414101329,0.0,0.08864436580245788,0.0,0.0,0.8296639100352338,0.0,0.0906179261834759,0.0,0.0
BERTopic_topic_10,0.05,interactions,All,random_forest,4.617778031970374,1796,1798,0.8320296079685643,0.5909090909090909,0.5859405069152188,0.41935483870967744,1.0,0.8337988571845849,0.6222222222222222,0.5943784143595545,0.45161290322580644,1.0
BERTopic_topic_10,0.05,interactions,All,xgboost,4.617778031970374,1796,1798,0.8448871424655031,0.6521739130434783,0.5989533983119602,0.4838709677419355,1.0,0.8319550176168831,0.6521739130434783,0.5957429133958987,0.4838709677419355,1.0
BERTopic_topic_10,0.05,interactions,All but Betweenness and Harmonic,random_forest,4.617778031970374,1796,1798,0.8951110298821165,0.6222222222222222,0.6388897424569574,0.45161290322580644,1.0,0.8765631560691531,0.6222222222222222,0.6215521284101708,0.45161290322580644,1.0
BERTopic_topic_10,0.05,interactions,All but Betweenness and Harmonic,xgboost,4.617778031970374,1796,1798,0.8439733162752444,0.6521739130434783,0.5893400114044204,0.4838709677419355,1.0,0.8463041057378097,0.6382978723404256,0.6011395655347442,0.4838709677419355,0.9375
BERTopic_topic_10,0.05,interactions,Core Number Only,random_forest,4.617778031970374,1796,1798,0.6926893904779312,0.0,0.09037776295341177,0.0,0.0,0.7043467148620771,0.0,0.09347448123797585,0.0,0.0
BERTopic_topic_10,0.05,interactions,Core Number Only,xgboost,4.617778031970374,1796,1798,0.7051082884035457,0.0,0.09004610024603944,0.0,0.0,0.7266644759661901,0.0,0.09714776761016111,0.0,0.0
BERTopic_topic_10,0.05,similarity,All,random_forest,286.1994364600396,1796,1798,0.9541259252490177,0.7843137254901961,0.8083177795912071,0.6451612903225806,1.0,0.9649944319696223,0.8076923076923077,0.7935670238042939,0.6774193548387096,1.0
BERTopic_topic_10,0.05,similarity,All,xgboost,286.1994364600396,1796,1798,0.9278260074933746,0.6923076923076923,0.7507339106597252,0.5806451612903226,0.8571428571428571,0.9256439746608978,0.6666666666666666,0.7656494058002602,0.5483870967741935,0.85
BERTopic_topic_10,0.05,similarity,All but Betweenness and Harmonic,random_forest,286.1994364600396,1796,1798,0.9313716531115782,0.7843137254901961,0.7811867123100604,0.6451612903225806,1.0,0.9501798199974443,0.7924528301886793,0.7825926588691621,0.6774193548387096,0.9545454545454546
BERTopic_topic_10,0.05,similarity,All but Betweenness and Harmonic,xgboost,286.1994364600396,1796,1798,0.9261993968747145,0.6923076923076923,0.7499065547429975,0.5806451612903226,0.8571428571428571,0.9264654873395769,0.6923076923076923,0.7671416613463775,0.5806451612903226,0.8571428571428571
BERTopic_topic_10,0.05,similarity,Core Number Only,random_forest,286.1994364600396,1796,1798,0.8194188065429956,0.0,0.08530985068785456,0.0,0.0,0.8175968015773043,0.0,0.08249239154501609,0.0,0.0
BERTopic_topic_10,0.05,similarity,Core Number Only,xgboost,286.1994364600396,1796,1798,0.8135429041396327,0.0,0.08381317670578213,0.0,0.0,0.8146758676086678,0.0,0.08286335277891878,0.0,0.0
BERTopic_topic_10,0.05,similarity+interactions,All,random_forest,287.4140156250214,1796,1798,0.9366992598007858,0.7843137254901961,0.7726852860920224,0.6451612903225806,1.0,0.9645197801997188,0.7843137254901961,0.7705027036473049,0.6451612903225806,1.0
BERTopic_topic_10,0.05,similarity+interactions,All,xgboost,287.4140156250214,1796,1798,0.9337476012062507,0.6538461538461539,0.743431747171474,0.5483870967741935,0.8095238095238095,0.9311754933640031,0.6530612244897959,0.7353300191214771,0.5161290322580645,0.8888888888888888
BERTopic_topic_10,0.05,similarity+interactions,All but Betweenness and Harmonic,random_forest,287.4140156250214,1796,1798,0.9321849584209083,0.7843137254901961,0.7627426790703147,0.6451612903225806,1.0,0.9476057469375834,0.7924528301886793,0.7595401007630493,0.6774193548387096,0.9545454545454546
BERTopic_topic_10,0.05,similarity+interactions,All but Betweenness and Harmonic,xgboost,287.4140156250214,1796,1798,0.9366261537055651,0.6923076923076923,0.7437196434801601,0.5806451612903226,0.8571428571428571,0.9232524599740766,0.68,0.7334045523927087,0.5483870967741935,0.8947368421052632
BERTopic_topic_10,0.05,similarity+interactions,Core Number Only,random_forest,287.4140156250214,1796,1798,0.8190441378049895,0.0,0.0852348177362601,0.0,0.0,0.8172408127498769,0.0,0.08242069057845203,0.0,0.0
BERTopic_topic_10,0.05,similarity+interactions,Core Number Only,xgboost,287.4140156250214,1796,1798,0.8150324408297542,0.0,0.08377863508951515,0.0,0.0,0.8131880168683937,0.0,0.08207201958139117,0.0,0.0
BERTopic_topic_10,0.05,similarity+text_similarity,All,random_forest,285.0896496749483,1796,1798,0.9564196289865667,0.7843137254901961,0.808446459192462,0.6451612903225806,1.0,0.9371268963251,0.7843137254901961,0.7921822208436984,0.6451612903225806,1.0
BERTopic_topic_10,0.05,similarity+text_similarity,All,xgboost,285.0896496749483,1796,1798,0.9381065521337841,0.6792452830188679,0.7528437125798622,0.5806451612903226,0.8181818181818182,0.9338408456103838,0.7037037037037037,0.7577355213421327,0.6129032258064516,0.8260869565217391
BERTopic_topic_10,0.05,similarity+text_similarity,All but Betweenness and Harmonic,random_forest,285.0896496749483,1796,1798,0.9364799415151238,0.76,0.7879513626778831,0.6129032258064516,1.0,0.9381127115395148,0.7843137254901961,0.7863931599598573,0.6451612903225806,1.0
BERTopic_topic_10,0.05,similarity+text_similarity,All but Betweenness and Harmonic,xgboost,285.0896496749483,1796,1798,0.9328246367540892,0.6909090909090909,0.7555048633080844,0.6129032258064516,0.7916666666666666,0.9297058984610329,0.6538461538461539,0.7616966722265247,0.5483870967741935,0.8095238095238095
BERTopic_topic_10,0.05,similarity+text_similarity,Core Number Only,random_forest,285.0896496749483,1796,1798,0.822699442566024,0.0,0.08652104416885763,0.0,0.0,0.8211658177702321,0.0,0.08384457304273069,0.0,0.0
BERTopic_topic_10,0.05,similarity+text_similarity,Core Number Only,xgboost,285.0896496749483,1796,1798,0.8187608516860093,0.0,0.08696070793359263,0.0,0.0,0.8163645325592858,0.0,0.08518615331381811,0.0,0.0
BERTopic_topic_10,0.05,similarity+text_similarity+interactions,All,random_forest,293.1310949920444,1796,1798,0.9533583112492003,0.7843137254901961,0.7791180578727395,0.6451612903225806,1.0,0.9358124760392136,0.7843137254901961,0.7628515615978464,0.6451612903225806,1.0
BERTopic_topic_10,0.05,similarity+text_similarity+interactions,All,xgboost,293.1310949920444,1796,1798,0.933893813396692,0.6792452830188679,0.7585783264813266,0.5806451612903226,0.8181818181818182,0.9388977125435858,0.6538461538461539,0.7392649137343446,0.5483870967741935,0.8095238095238095
BERTopic_topic_10,0.05,similarity+text_similarity+interactions,All but Betweenness and Harmonic,random_forest,293.1310949920444,1796,1798,0.9193182856620672,0.7843137254901961,0.7521874352365903,0.6451612903225806,1.0,0.9361867207039452,0.7843137254901961,0.7631942850320588,0.6451612903225806,1.0
BERTopic_topic_10,0.05,similarity+text_similarity+interactions,All but Betweenness and Harmonic,xgboost,293.1310949920444,1796,1798,0.9237777574705291,0.6792452830188679,0.7541619912533846,0.5806451612903226,0.8181818181818182,0.9340234039834237,0.7058823529411765,0.7502945294284061,0.5806451612903226,0.9
BERTopic_topic_10,0.05,similarity+text_similarity+interactions,Core Number Only,random_forest,293.1310949920444,1796,1798,0.8226263364708033,0.0,0.08652104416885763,0.0,0.0,0.8210927944210162,0.0,0.08384457304273069,0.0,0.0
BERTopic_topic_10,0.05,similarity+text_similarity+interactions,Core Number Only,xgboost,293.1310949920444,1796,1798,0.8181028968290232,0.0,0.08695979443253181,0.0,0.0,0.8160359274878142,0.0,0.08518884210773768,0.0,0.0
BERTopic_topic_10,0.05,text_similarity,All,random_forest,290.20287452696357,1796,1798,0.9702458192451795,0.7843137254901961,0.8154524455444034,0.6451612903225806,1.0,0.969412344597185,0.7843137254901961,0.8016303580148103,0.6451612903225806,1.0
BERTopic_topic_10,0.05,text_similarity,All,xgboost,290.20287452696357,1796,1798,0.9423101526089739,0.7307692307692307,0.7603249055778621,0.6129032258064516,0.9047619047619048,0.9433338810084525,0.7307692307692307,0.7586437926719541,0.6129032258064516,0.9047619047619048
BERTopic_topic_10,0.05,text_similarity,All but Betweenness and Harmonic,random_forest,290.20287452696357,1796,1798,0.9205885040665267,0.7843137254901961,0.7910601960038194,0.6451612903225806,1.0,0.9530916260474286,0.7843137254901961,0.7964276732171224,0.6451612903225806,1.0
BERTopic_topic_10,0.05,text_similarity,All but Betweenness and Harmonic,xgboost,290.20287452696357,1796,1798,0.9385726034908161,0.7307692307692307,0.7612482719550614,0.6129032258064516,0.9047619047619048,0.9337586943425159,0.7407407407407407,0.7598644370023107,0.6451612903225806,0.8695652173913043
BERTopic_topic_10,0.05,text_similarity,Core Number Only,random_forest,290.20287452696357,1796,1798,0.8326418715160377,0.0,0.08743999766728235,0.0,0.0,0.8312156562060719,0.0,0.08444673007999975,0.0,0.0
BERTopic_topic_10,0.05,text_similarity,Core Number Only,xgboost,290.20287452696357,1796,1798,0.8280727405647446,0.0,0.08607870980590218,0.0,0.0,0.8298008288150136,0.0,0.0851765188510413,0.0,0.0
BERTopic_topic_10,0.05,text_similarity+interactions,All,random_forest,285.5242304059211,1796,1798,0.9646166499131866,0.7843137254901961,0.7944536835949443,0.6451612903225806,1.0,0.9684539131387262,0.7843137254901961,0.7906823228496247,0.6451612903225806,1.0
BERTopic_topic_10,0.05,text_similarity+interactions,All,xgboost,285.5242304059211,1796,1798,0.9481951932742393,0.72,0.7756103143500233,0.5806451612903226,0.9473684210526315,0.9446574292129909,0.68,0.7507894858073965,0.5483870967741935,0.8947368421052632
BERTopic_topic_10,0.05,text_similarity+interactions,All but Betweenness and Harmonic,random_forest,285.5242304059211,1796,1798,0.934798501325048,0.7843137254901961,0.78867766948225,0.6451612903225806,1.0,0.9339229968782519,0.7692307692307693,0.7644019634846988,0.6451612903225806,0.9523809523809523
BERTopic_topic_10,0.05,text_similarity+interactions,All but Betweenness and Harmonic,xgboost,285.5242304059211,1796,1798,0.942593438727954,0.7058823529411765,0.7713674448952689,0.5806451612903226,0.9,0.9367891633349763,0.6666666666666666,0.7338468357904439,0.5483870967741935,0.85
BERTopic_topic_10,0.05,text_similarity+interactions,Core Number Only,random_forest,285.5242304059211,1796,1798,0.8322306497304214,0.0,0.08735598355711113,0.0,0.0,0.8308048998667326,0.0,0.08436335429280287,0.0,0.0
BERTopic_topic_10,0.05,text_similarity+interactions,Core Number Only,xgboost,285.5242304059211,1796,1798,0.8277894544457643,0.0,0.0860578197826591,0.0,0.0,0.8276922796064041,0.0,0.0840543798483449,0.0,0.0
BERTopic_topic_10,0.1,interactions,All,random_forest,3.9099268920253962,1798,1798,0.870054950070285,0.6222222222222222,0.6094164285475328,0.45161290322580644,1.0,0.870054950070285,0.6222222222222222,0.6094164285475328,0.45161290322580644,1.0
BERTopic_topic_10,0.1,interactions,All,xgboost,3.9099268920253962,1798,1798,0.8310969932635961,0.6382978723404256,0.5937112590870359,0.4838709677419355,0.9375,0.8310969932635961,0.6382978723404256,0.5937112590870359,0.4838709677419355,0.9375
BERTopic_topic_10,0.1,interactions,All but Betweenness and Harmonic,random_forest,3.9099268920253962,1798,1798,0.8696533216495975,0.6222222222222222,0.6352986392211262,0.45161290322580644,1.0,0.8696533216495975,0.6222222222222222,0.6352986392211262,0.45161290322580644,1.0
BERTopic_topic_10,0.1,interactions,All but Betweenness and Harmonic,xgboost,3.9099268920253962,1798,1798,0.8345473465140478,0.5957446808510638,0.5793587918378332,0.45161290322580644,0.875,0.8345473465140478,0.5957446808510638,0.5793587918378332,0.45161290322580644,0.875
BERTopic_topic_10,0.1,interactions,Core Number Only,random_forest,3.9099268920253962,1798,1798,0.7047483432827647,0.0,0.090843465299883,0.0,0.0,0.7047483432827647,0.0,0.090843465299883,0.0,0.0
BERTopic_topic_10,0.1,interactions,Core Number Only,xgboost,3.9099268920253962,1798,1798,0.7131734121985505,0.0,0.09100674728599242,0.0,0.0,0.7131734121985505,0.0,0.09100674728599242,0.0,0.0
BERTopic_topic_10,0.1,similarity,All,random_forest,282.06901046901476,1798,1798,0.9509100534896033,0.7843137254901961,0.8072678099553011,0.6451612903225806,1.0,0.9509100534896033,0.7843137254901961,0.8072678099553011,0.6451612903225806,1.0
BERTopic_topic_10,0.1,similarity,All,xgboost,282.06901046901476,1798,1798,0.9293133979589974,0.7169811320754716,0.762575901822421,0.6129032258064516,0.8636363636363636,0.9293133979589974,0.7169811320754716,0.762575901822421,0.6129032258064516,0.8636363636363636
BERTopic_topic_10,0.1,similarity,All but Betweenness and Harmonic,random_forest,282.06901046901476,1798,1798,0.9692206583054932,0.7843137254901961,0.8068043085308257,0.6451612903225806,1.0,0.9692206583054932,0.7843137254901961,0.8068043085308257,0.6451612903225806,1.0
BERTopic_topic_10,0.1,similarity,All but Betweenness and Harmonic,xgboost,282.06901046901476,1798,1798,0.9265932782007048,0.6792452830188679,0.7534000225360273,0.5806451612903226,0.8181818181818182,0.9265932782007048,0.6792452830188679,0.7534000225360273,0.5806451612903226,0.8181818181818182
BERTopic_topic_10,0.1,similarity,Core Number Only,random_forest,282.06901046901476,1798,1798,0.8221151213100388,0.0,0.08719525057277525,0.0,0.0,0.8221151213100388,0.0,0.08719525057277525,0.0,0.0
BERTopic_topic_10,0.1,similarity,Core Number Only,xgboost,282.06901046901476,1798,1798,0.8190755243989264,0.0,0.08523283844491952,0.0,0.0,0.8190755243989264,0.0,0.08523283844491952,0.0,0.0
BERTopic_topic_10,0.1,similarity+interactions,All,random_forest,279.7514675890561,1798,1798,0.9357577085273017,0.7843137254901961,0.8060254799459091,0.6451612903225806,1.0,0.9357577085273017,0.7843137254901961,0.8060254799459091,0.6451612903225806,1.0
BERTopic_topic_10,0.1,similarity+interactions,All,xgboost,279.7514675890561,1798,1798,0.9446483012943389,0.6666666666666666,0.7393642584783987,0.5483870967741935,0.85,0.9446483012943389,0.6666666666666666,0.7393642584783987,0.5483870967741935,0.85
BERTopic_topic_10,0.1,similarity+interactions,All but Betweenness and Harmonic,random_forest,279.7514675890561,1798,1798,0.9545338371944428,0.7843137254901961,0.7871737300395978,0.6451612903225806,1.0,0.9545338371944428,0.7843137254901961,0.7871737300395978,0.6451612903225806,1.0
BERTopic_topic_10,0.1,similarity+interactions,All but Betweenness and Harmonic,xgboost,279.7514675890561,1798,1798,0.9265932782007047,0.7058823529411765,0.7381447732365289,0.5806451612903226,0.9,0.9265932782007047,0.7058823529411765,0.7381447732365289,0.5806451612903226,0.9
BERTopic_topic_10,0.1,similarity+interactions,Core Number Only,random_forest,279.7514675890561,1798,1798,0.8206181426511128,0.0,0.08625271283664371,0.0,0.0,0.8206181426511128,0.0,0.08625271283664371,0.0,0.0
BERTopic_topic_10,0.1,similarity+interactions,Core Number Only,xgboost,279.7514675890561,1798,1798,0.8140004016284207,0.0,0.0833489661756146,0.0,0.0,0.8140004016284207,0.0,0.0833489661756146,0.0,0.0
BERTopic_topic_10,0.1,similarity+text_similarity,All,random_forest,286.51842526101973,1798,1798,0.9365153257754166,0.7843137254901961,0.8003552126212712,0.6451612903225806,1.0,0.9365153257754166,0.7843137254901961,0.8003552126212712,0.6451612903225806,1.0
BERTopic_topic_10,0.1,similarity+text_similarity,All,xgboost,286.51842526101973,1798,1798,0.9464373733501287,0.7058823529411765,0.7781905918704962,0.5806451612903226,0.9,0.9464373733501287,0.7058823529411765,0.7781905918704962,0.5806451612903226,0.9
BERTopic_topic_10,0.1,similarity+text_similarity,All but Betweenness and Harmonic,random_forest,286.51842526101973,1798,1798,0.9686912390236778,0.76,0.8080971538079132,0.6129032258064516,1.0,0.9686912390236778,0.76,0.8080971538079132,0.6129032258064516,1.0
BERTopic_topic_10,0.1,similarity+text_similarity,All but Betweenness and Harmonic,xgboost,286.51842526101973,1798,1798,0.9455063256476258,0.7058823529411765,0.7703903350050044,0.5806451612903226,0.9,0.9455063256476258,0.7058823529411765,0.7703903350050044,0.5806451612903226,0.9
BERTopic_topic_10,0.1,similarity+text_similarity,Core Number Only,random_forest,286.51842526101973,1798,1798,0.8249995436040675,0.0,0.08813911455892898,0.0,0.0,0.8249995436040675,0.0,0.08813911455892898,0.0,0.0
BERTopic_topic_10,0.1,similarity+text_similarity,Core Number Only,xgboost,286.51842526101973,1798,1798,0.8194497690636582,0.0,0.08757980674584373,0.0,0.0,0.8194497690636582,0.0,0.08757980674584373,0.0,0.0
BERTopic_topic_10,0.1,similarity+text_similarity+interactions,All,random_forest,282.35159104305785,1798,1798,0.936268871971813,0.7843137254901961,0.8010919041574016,0.6451612903225806,1.0,0.936268871971813,0.7843137254901961,0.8010919041574016,0.6451612903225806,1.0
BERTopic_topic_10,0.1,similarity+text_similarity+interactions,All,xgboost,282.35159104305785,1798,1798,0.9482264454059185,0.7307692307692307,0.7749881306156892,0.6129032258064516,0.9047619047619048,0.9482264454059185,0.7307692307692307,0.7749881306156892,0.6129032258064516,0.9047619047619048
BERTopic_topic_10,0.1,similarity+text_similarity+interactions,All but Betweenness and Harmonic,random_forest,282.35159104305785,1798,1798,0.9371907917556639,0.7843137254901961,0.7853737863132317,0.6451612903225806,1.0,0.9371907917556639,0.7843137254901961,0.7853737863132317,0.6451612903225806,1.0
BERTopic_topic_10,0.1,similarity+text_similarity+interactions,All but Betweenness and Harmonic,xgboost,282.35159104305785,1798,1798,0.9527995326505649,0.7058823529411765,0.7841236942079474,0.5806451612903226,0.9,0.9527995326505649,0.7058823529411765,0.7841236942079474,0.5806451612903226,0.9
BERTopic_topic_10,0.1,similarity+text_similarity+interactions,Core Number Only,random_forest,282.35159104305785,1798,1798,0.8250269273600234,0.0,0.08816324897798938,0.0,0.0,0.8250269273600234,0.0,0.08816324897798938,0.0,0.0
BERTopic_topic_10,0.1,similarity+text_similarity+interactions,Core Number Only,xgboost,282.35159104305785,1798,1798,0.8197327345418697,0.0,0.0876034018207538,0.0,0.0,0.8197327345418697,0.0,0.0876034018207538,0.0,0.0
BERTopic_topic_10,0.1,text_similarity,All,random_forest,283.26309086894616,1798,1798,0.955309710279862,0.7843137254901961,0.8272989150699679,0.6451612903225806,1.0,0.955309710279862,0.7843137254901961,0.8272989150699679,0.6451612903225806,1.0
BERTopic_topic_10,0.1,text_similarity,All,xgboost,283.26309086894616,1798,1798,0.9490844697592056,0.7142857142857143,0.8004761493577591,0.6451612903225806,0.8,0.9490844697592056,0.7142857142857143,0.8004761493577591,0.6451612903225806,0.8
BERTopic_topic_10,0.1,text_similarity,All but Betweenness and Harmonic,random_forest,283.26309086894616,1798,1798,0.9711375212224109,0.8076923076923077,0.8261405184471681,0.6774193548387096,1.0,0.9711375212224109,0.8076923076923077,0.8261405184471681,0.6774193548387096,1.0
BERTopic_topic_10,0.1,text_similarity,All but Betweenness and Harmonic,xgboost,283.26309086894616,1798,1798,0.951932380378626,0.7636363636363637,0.7906289453314422,0.6774193548387096,0.875,0.951932380378626,0.7636363636363637,0.7906289453314422,0.6774193548387096,0.875
BERTopic_topic_10,0.1,text_similarity,Core Number Only,random_forest,283.26309086894616,1798,1798,0.834574730270004,0.0,0.08913587046590085,0.0,0.0,0.834574730270004,0.0,0.08913587046590085,0.0,0.0
BERTopic_topic_10,0.1,text_similarity,Core Number Only,xgboost,283.26309086894616,1798,1798,0.8308961790532523,0.0,0.08721685360336585,0.0,0.0,0.8308961790532523,0.0,0.08721685360336585,0.0,0.0
BERTopic_topic_10,0.1,text_similarity+interactions,All,random_forest,286.51905676105525,1798,1798,0.9389889917301057,0.7843137254901961,0.8209313927146459,0.6451612903225806,1.0,0.9389889917301057,0.7843137254901961,0.8209313927146459,0.6451612903225806,1.0
BERTopic_topic_10,0.1,text_similarity+interactions,All,xgboost,286.51905676105525,1798,1798,0.9521149387516659,0.6923076923076923,0.790484616617869,0.5806451612903226,0.8571428571428571,0.9521149387516659,0.6923076923076923,0.790484616617869,0.5806451612903226,0.8571428571428571
BERTopic_topic_10,0.1,text_similarity+interactions,All but Betweenness and Harmonic,random_forest,286.51905676105525,1798,1798,0.9527356372200011,0.7843137254901961,0.8035163039139226,0.6451612903225806,1.0,0.9527356372200011,0.7843137254901961,0.8035163039139226,0.6451612903225806,1.0
BERTopic_topic_10,0.1,text_similarity+interactions,All but Betweenness and Harmonic,xgboost,286.51905676105525,1798,1798,0.9521149387516659,0.7450980392156863,0.7910924032171996,0.6129032258064516,0.95,0.9521149387516659,0.7450980392156863,0.7910924032171996,0.6129032258064516,0.95
BERTopic_topic_10,0.1,text_similarity+interactions,Core Number Only,random_forest,286.51905676105525,1798,1798,0.8341913576866204,0.0,0.08902840272457246,0.0,0.0,0.8341913576866204,0.0,0.08902840272457246,0.0,0.0
BERTopic_topic_10,0.1,text_similarity+interactions,Core Number Only,xgboost,286.51905676105525,1798,1798,0.827865710060792,0.0,0.08593782454946704,0.0,0.0,0.827865710060792,0.0,0.08593782454946704,0.0,0.0
BERTopic_topic_10,0.2,interactions,All,random_forest,4.376478619989939,1798,1798,0.870054950070285,0.6222222222222222,0.6094164285475328,0.45161290322580644,1.0,0.870054950070285,0.6222222222222222,0.6094164285475328,0.45161290322580644,1.0
BERTopic_topic_10,0.2,interactions,All,xgboost,4.376478619989939,1798,1798,0.8310969932635961,0.6382978723404256,0.5937112590870359,0.4838709677419355,0.9375,0.8310969932635961,0.6382978723404256,0.5937112590870359,0.4838709677419355,0.9375
BERTopic_topic_10,0.2,interactions,All but Betweenness and Harmonic,random_forest,4.376478619989939,1798,1798,0.8696533216495975,0.6222222222222222,0.6352986392211262,0.45161290322580644,1.0,0.8696533216495975,0.6222222222222222,0.6352986392211262,0.45161290322580644,1.0
BERTopic_topic_10,0.2,interactions,All but Betweenness and Harmonic,xgboost,4.376478619989939,1798,1798,0.8345473465140478,0.5957446808510638,0.5793587918378332,0.45161290322580644,0.875,0.8345473465140478,0.5957446808510638,0.5793587918378332,0.45161290322580644,0.875
BERTopic_topic_10,0.2,interactions,Core Number Only,random_forest,4.376478619989939,1798,1798,0.7047483432827647,0.0,0.090843465299883,0.0,0.0,0.7047483432827647,0.0,0.090843465299883,0.0,0.0
BERTopic_topic_10,0.2,interactions,Core Number Only,xgboost,4.376478619989939,1798,1798,0.7131734121985505,0.0,0.09100674728599242,0.0,0.0,0.7131734121985505,0.0,0.09100674728599242,0.0,0.0
BERTopic_topic_10,0.2,similarity,All,random_forest,281.0013318560086,1798,1798,0.9509100534896033,0.7843137254901961,0.8072678099553011,0.6451612903225806,1.0,0.9509100534896033,0.7843137254901961,0.8072678099553011,0.6451612903225806,1.0
BERTopic_topic_10,0.2,similarity,All,xgboost,281.0013318560086,1798,1798,0.9293133979589974,0.7169811320754716,0.762575901822421,0.6129032258064516,0.8636363636363636,0.9293133979589974,0.7169811320754716,0.762575901822421,0.6129032258064516,0.8636363636363636
BERTopic_topic_10,0.2,similarity,All but Betweenness and Harmonic,random_forest,281.0013318560086,1798,1798,0.9692206583054932,0.7843137254901961,0.8068043085308257,0.6451612903225806,1.0,0.9692206583054932,0.7843137254901961,0.8068043085308257,0.6451612903225806,1.0
BERTopic_topic_10,0.2,similarity,All but Betweenness and Harmonic,xgboost,281.0013318560086,1798,1798,0.9265932782007048,0.6792452830188679,0.7534000225360273,0.5806451612903226,0.8181818181818182,0.9265932782007048,0.6792452830188679,0.7534000225360273,0.5806451612903226,0.8181818181818182
BERTopic_topic_10,0.2,similarity,Core Number Only,random_forest,281.0013318560086,1798,1798,0.8221151213100388,0.0,0.08719525057277525,0.0,0.0,0.8221151213100388,0.0,0.08719525057277525,0.0,0.0
BERTopic_topic_10,0.2,similarity,Core Number Only,xgboost,281.0013318560086,1798,1798,0.8190755243989264,0.0,0.08523283844491952,0.0,0.0,0.8190755243989264,0.0,0.08523283844491952,0.0,0.0
BERTopic_topic_10,0.2,similarity+interactions,All,random_forest,290.1441562969703,1798,1798,0.9357577085273017,0.7843137254901961,0.8060254799459091,0.6451612903225806,1.0,0.9357577085273017,0.7843137254901961,0.8060254799459091,0.6451612903225806,1.0
BERTopic_topic_10,0.2,similarity+interactions,All,xgboost,290.1441562969703,1798,1798,0.9446483012943389,0.6666666666666666,0.7393642584783987,0.5483870967741935,0.85,0.9446483012943389,0.6666666666666666,0.7393642584783987,0.5483870967741935,0.85
BERTopic_topic_10,0.2,similarity+interactions,All but Betweenness and Harmonic,random_forest,290.1441562969703,1798,1798,0.9545338371944428,0.7843137254901961,0.7871737300395978,0.6451612903225806,1.0,0.9545338371944428,0.7843137254901961,0.7871737300395978,0.6451612903225806,1.0
BERTopic_topic_10,0.2,similarity+interactions,All but Betweenness and Harmonic,xgboost,290.1441562969703,1798,1798,0.9265932782007047,0.7058823529411765,0.7381447732365289,0.5806451612903226,0.9,0.9265932782007047,0.7058823529411765,0.7381447732365289,0.5806451612903226,0.9
BERTopic_topic_10,0.2,similarity+interactions,Core Number Only,random_forest,290.1441562969703,1798,1798,0.8206181426511128,0.0,0.08625271283664371,0.0,0.0,0.8206181426511128,0.0,0.08625271283664371,0.0,0.0
BERTopic_topic_10,0.2,similarity+interactions,Core Number Only,xgboost,290.1441562969703,1798,1798,0.8140004016284207,0.0,0.0833489661756146,0.0,0.0,0.8140004016284207,0.0,0.0833489661756146,0.0,0.0
BERTopic_topic_10,0.2,similarity+text_similarity,All,random_forest,287.1505463649519,1798,1798,0.9365153257754166,0.7843137254901961,0.8003552126212712,0.6451612903225806,1.0,0.9365153257754166,0.7843137254901961,0.8003552126212712,0.6451612903225806,1.0
BERTopic_topic_10,0.2,similarity+text_similarity,All,xgboost,287.1505463649519,1798,1798,0.9464373733501287,0.7058823529411765,0.7781905918704962,0.5806451612903226,0.9,0.9464373733501287,0.7058823529411765,0.7781905918704962,0.5806451612903226,0.9
BERTopic_topic_10,0.2,similarity+text_similarity,All but Betweenness and Harmonic,random_forest,287.1505463649519,1798,1798,0.9686912390236778,0.76,0.8080971538079132,0.6129032258064516,1.0,0.9686912390236778,0.76,0.8080971538079132,0.6129032258064516,1.0
BERTopic_topic_10,0.2,similarity+text_similarity,All but Betweenness and Harmonic,xgboost,287.1505463649519,1798,1798,0.9455063256476258,0.7058823529411765,0.7703903350050044,0.5806451612903226,0.9,0.9455063256476258,0.7058823529411765,0.7703903350050044,0.5806451612903226,0.9
BERTopic_topic_10,0.2,similarity+text_similarity,Core Number Only,random_forest,287.1505463649519,1798,1798,0.8249995436040675,0.0,0.08813911455892898,0.0,0.0,0.8249995436040675,0.0,0.08813911455892898,0.0,0.0
BERTopic_topic_10,0.2,similarity+text_similarity,Core Number Only,xgboost,287.1505463649519,1798,1798,0.8194497690636582,0.0,0.08757980674584373,0.0,0.0,0.8194497690636582,0.0,0.08757980674584373,0.0,0.0
BERTopic_topic_10,0.2,similarity+text_similarity+interactions,All,random_forest,285.02522355900146,1798,1798,0.936268871971813,0.7843137254901961,0.8010919041574016,0.6451612903225806,1.0,0.936268871971813,0.7843137254901961,0.8010919041574016,0.6451612903225806,1.0
BERTopic_topic_10,0.2,similarity+text_similarity+interactions,All,xgboost,285.02522355900146,1798,1798,0.9482264454059185,0.7307692307692307,0.7749881306156892,0.6129032258064516,0.9047619047619048,0.9482264454059185,0.7307692307692307,0.7749881306156892,0.6129032258064516,0.9047619047619048
BERTopic_topic_10,0.2,similarity+text_similarity+interactions,All but Betweenness and Harmonic,random_forest,285.02522355900146,1798,1798,0.9371907917556639,0.7843137254901961,0.7853737863132317,0.6451612903225806,1.0,0.9371907917556639,0.7843137254901961,0.7853737863132317,0.6451612903225806,1.0
BERTopic_topic_10,0.2,similarity+text_similarity+interactions,All but Betweenness and Harmonic,xgboost,285.02522355900146,1798,1798,0.9527995326505649,0.7058823529411765,0.7841236942079474,0.5806451612903226,0.9,0.9527995326505649,0.7058823529411765,0.7841236942079474,0.5806451612903226,0.9
BERTopic_topic_10,0.2,similarity+text_similarity+interactions,Core Number Only,random_forest,285.02522355900146,1798,1798,0.8250269273600234,0.0,0.08816324897798938,0.0,0.0,0.8250269273600234,0.0,0.08816324897798938,0.0,0.0
BERTopic_topic_10,0.2,similarity+text_similarity+interactions,Core Number Only,xgboost,285.02522355900146,1798,1798,0.8197327345418697,0.0,0.0876034018207538,0.0,0.0,0.8197327345418697,0.0,0.0876034018207538,0.0,0.0
BERTopic_topic_10,0.2,text_similarity,All,random_forest,285.820108321961,1798,1798,0.955309710279862,0.7843137254901961,0.8272989150699679,0.6451612903225806,1.0,0.955309710279862,0.7843137254901961,0.8272989150699679,0.6451612903225806,1.0
BERTopic_topic_10,0.2,text_similarity,All,xgboost,285.820108321961,1798,1798,0.9490844697592056,0.7142857142857143,0.8004761493577591,0.6451612903225806,0.8,0.9490844697592056,0.7142857142857143,0.8004761493577591,0.6451612903225806,0.8
BERTopic_topic_10,0.2,text_similarity,All but Betweenness and Harmonic,random_forest,285.820108321961,1798,1798,0.9711375212224109,0.8076923076923077,0.8261405184471681,0.6774193548387096,1.0,0.9711375212224109,0.8076923076923077,0.8261405184471681,0.6774193548387096,1.0
BERTopic_topic_10,0.2,text_similarity,All but Betweenness and Harmonic,xgboost,285.820108321961,1798,1798,0.951932380378626,0.7636363636363637,0.7906289453314422,0.6774193548387096,0.875,0.951932380378626,0.7636363636363637,0.7906289453314422,0.6774193548387096,0.875
BERTopic_topic_10,0.2,text_similarity,Core Number Only,random_forest,285.820108321961,1798,1798,0.834574730270004,0.0,0.08913587046590085,0.0,0.0,0.834574730270004,0.0,0.08913587046590085,0.0,0.0
BERTopic_topic_10,0.2,text_similarity,Core Number Only,xgboost,285.820108321961,1798,1798,0.8308961790532523,0.0,0.08721685360336585,0.0,0.0,0.8308961790532523,0.0,0.08721685360336585,0.0,0.0
BERTopic_topic_10,0.2,text_similarity+interactions,All,random_forest,280.44386967795435,1798,1798,0.9389889917301057,0.7843137254901961,0.8209313927146459,0.6451612903225806,1.0,0.9389889917301057,0.7843137254901961,0.8209313927146459,0.6451612903225806,1.0
BERTopic_topic_10,0.2,text_similarity+interactions,All,xgboost,280.44386967795435,1798,1798,0.9521149387516659,0.6923076923076923,0.790484616617869,0.5806451612903226,0.8571428571428571,0.9521149387516659,0.6923076923076923,0.790484616617869,0.5806451612903226,0.8571428571428571
BERTopic_topic_10,0.2,text_similarity+interactions,All but Betweenness and Harmonic,random_forest,280.44386967795435,1798,1798,0.9527356372200011,0.7843137254901961,0.8035163039139226,0.6451612903225806,1.0,0.9527356372200011,0.7843137254901961,0.8035163039139226,0.6451612903225806,1.0
BERTopic_topic_10,0.2,text_similarity+interactions,All but Betweenness and Harmonic,xgboost,280.44386967795435,1798,1798,0.9521149387516659,0.7450980392156863,0.7910924032171996,0.6129032258064516,0.95,0.9521149387516659,0.7450980392156863,0.7910924032171996,0.6129032258064516,0.95
BERTopic_topic_10,0.2,text_similarity+interactions,Core Number Only,random_forest,280.44386967795435,1798,1798,0.8341913576866204,0.0,0.08902840272457246,0.0,0.0,0.8341913576866204,0.0,0.08902840272457246,0.0,0.0
BERTopic_topic_10,0.2,text_similarity+interactions,Core Number Only,xgboost,280.44386967795435,1798,1798,0.827865710060792,0.0,0.08593782454946704,0.0,0.0,0.827865710060792,0.0,0.08593782454946704,0.0,0.0
BERTopic_topic_10,0.5,interactions,All,random_forest,4.234446838032454,1798,1798,0.870054950070285,0.6222222222222222,0.6094164285475328,0.45161290322580644,1.0,0.870054950070285,0.6222222222222222,0.6094164285475328,0.45161290322580644,1.0
BERTopic_topic_10,0.5,interactions,All,xgboost,4.234446838032454,1798,1798,0.8310969932635961,0.6382978723404256,0.5937112590870359,0.4838709677419355,0.9375,0.8310969932635961,0.6382978723404256,0.5937112590870359,0.4838709677419355,0.9375
BERTopic_topic_10,0.5,interactions,All but Betweenness and Harmonic,random_forest,4.234446838032454,1798,1798,0.8696533216495975,0.6222222222222222,0.6352986392211262,0.45161290322580644,1.0,0.8696533216495975,0.6222222222222222,0.6352986392211262,0.45161290322580644,1.0
BERTopic_topic_10,0.5,interactions,All but Betweenness and Harmonic,xgboost,4.234446838032454,1798,1798,0.8345473465140478,0.5957446808510638,0.5793587918378332,0.45161290322580644,0.875,0.8345473465140478,0.5957446808510638,0.5793587918378332,0.45161290322580644,0.875
BERTopic_topic_10,0.5,interactions,Core Number Only,random_forest,4.234446838032454,1798,1798,0.7047483432827647,0.0,0.090843465299883,0.0,0.0,0.7047483432827647,0.0,0.090843465299883,0.0,0.0
BERTopic_topic_10,0.5,interactions,Core Number Only,xgboost,4.234446838032454,1798,1798,0.7131734121985505,0.0,0.09100674728599242,0.0,0.0,0.7131734121985505,0.0,0.09100674728599242,0.0,0.0
BERTopic_topic_10,0.5,similarity,All,random_forest,287.8954196779523,1798,1798,0.9509100534896033,0.7843137254901961,0.8072678099553011,0.6451612903225806,1.0,0.9509100534896033,0.7843137254901961,0.8072678099553011,0.6451612903225806,1.0
BERTopic_topic_10,0.5,similarity,All,xgboost,287.8954196779523,1798,1798,0.9293133979589974,0.7169811320754716,0.762575901822421,0.6129032258064516,0.8636363636363636,0.9293133979589974,0.7169811320754716,0.762575901822421,0.6129032258064516,0.8636363636363636
BERTopic_topic_10,0.5,similarity,All but Betweenness and Harmonic,random_forest,287.8954196779523,1798,1798,0.9692206583054932,0.7843137254901961,0.8068043085308257,0.6451612903225806,1.0,0.9692206583054932,0.7843137254901961,0.8068043085308257,0.6451612903225806,1.0
BERTopic_topic_10,0.5,similarity,All but Betweenness and Harmonic,xgboost,287.8954196779523,1798,1798,0.9265932782007048,0.6792452830188679,0.7534000225360273,0.5806451612903226,0.8181818181818182,0.9265932782007048,0.6792452830188679,0.7534000225360273,0.5806451612903226,0.8181818181818182
BERTopic_topic_10,0.5,similarity,Core Number Only,random_forest,287.8954196779523,1798,1798,0.8221151213100388,0.0,0.08719525057277525,0.0,0.0,0.8221151213100388,0.0,0.08719525057277525,0.0,0.0
BERTopic_topic_10,0.5,similarity,Core Number Only,xgboost,287.8954196779523,1798,1798,0.8190755243989264,0.0,0.08523283844491952,0.0,0.0,0.8190755243989264,0.0,0.08523283844491952,0.0,0.0
BERTopic_topic_10,0.5,similarity+interactions,All,random_forest,291.6826866810443,1798,1798,0.9357577085273017,0.7843137254901961,0.8060254799459091,0.6451612903225806,1.0,0.9357577085273017,0.7843137254901961,0.8060254799459091,0.6451612903225806,1.0
BERTopic_topic_10,0.5,similarity+interactions,All,xgboost,291.6826866810443,1798,1798,0.9446483012943389,0.6666666666666666,0.7393642584783987,0.5483870967741935,0.85,0.9446483012943389,0.6666666666666666,0.7393642584783987,0.5483870967741935,0.85
BERTopic_topic_10,0.5,similarity+interactions,All but Betweenness and Harmonic,random_forest,291.6826866810443,1798,1798,0.9545338371944428,0.7843137254901961,0.7871737300395978,0.6451612903225806,1.0,0.9545338371944428,0.7843137254901961,0.7871737300395978,0.6451612903225806,1.0
BERTopic_topic_10,0.5,similarity+interactions,All but Betweenness and Harmonic,xgboost,291.6826866810443,1798,1798,0.9265932782007047,0.7058823529411765,0.7381447732365289,0.5806451612903226,0.9,0.9265932782007047,0.7058823529411765,0.7381447732365289,0.5806451612903226,0.9
BERTopic_topic_10,0.5,similarity+interactions,Core Number Only,random_forest,291.6826866810443,1798,1798,0.8206181426511128,0.0,0.08625271283664371,0.0,0.0,0.8206181426511128,0.0,0.08625271283664371,0.0,0.0
BERTopic_topic_10,0.5,similarity+interactions,Core Number Only,xgboost,291.6826866810443,1798,1798,0.8140004016284207,0.0,0.0833489661756146,0.0,0.0,0.8140004016284207,0.0,0.0833489661756146,0.0,0.0
BERTopic_topic_10,0.5,similarity+text_similarity,All,random_forest,288.5860368619906,1798,1798,0.9365153257754166,0.7843137254901961,0.8003552126212712,0.6451612903225806,1.0,0.9365153257754166,0.7843137254901961,0.8003552126212712,0.6451612903225806,1.0
BERTopic_topic_10,0.5,similarity+text_similarity,All,xgboost,288.5860368619906,1798,1798,0.9464373733501287,0.7058823529411765,0.7781905918704962,0.5806451612903226,0.9,0.9464373733501287,0.7058823529411765,0.7781905918704962,0.5806451612903226,0.9
BERTopic_topic_10,0.5,similarity+text_similarity,All but Betweenness and Harmonic,random_forest,288.5860368619906,1798,1798,0.9686912390236778,0.76,0.8080971538079132,0.6129032258064516,1.0,0.9686912390236778,0.76,0.8080971538079132,0.6129032258064516,1.0
BERTopic_topic_10,0.5,similarity+text_similarity,All but Betweenness and Harmonic,xgboost,288.5860368619906,1798,1798,0.9455063256476258,0.7058823529411765,0.7703903350050044,0.5806451612903226,0.9,0.9455063256476258,0.7058823529411765,0.7703903350050044,0.5806451612903226,0.9
BERTopic_topic_10,0.5,similarity+text_similarity,Core Number Only,random_forest,288.5860368619906,1798,1798,0.8249995436040675,0.0,0.08813911455892898,0.0,0.0,0.8249995436040675,0.0,0.08813911455892898,0.0,0.0
BERTopic_topic_10,0.5,similarity+text_similarity,Core Number Only,xgboost,288.5860368619906,1798,1798,0.8194497690636582,0.0,0.08757980674584373,0.0,0.0,0.8194497690636582,0.0,0.08757980674584373,0.0,0.0
BERTopic_topic_10,0.5,similarity+text_similarity+interactions,All,random_forest,270.51152924099006,1798,1798,0.936268871971813,0.7843137254901961,0.8010919041574016,0.6451612903225806,1.0,0.936268871971813,0.7843137254901961,0.8010919041574016,0.6451612903225806,1.0
BERTopic_topic_10,0.5,similarity+text_similarity+interactions,All,xgboost,270.51152924099006,1798,1798,0.9482264454059185,0.7307692307692307,0.7749881306156892,0.6129032258064516,0.9047619047619048,0.9482264454059185,0.7307692307692307,0.7749881306156892,0.6129032258064516,0.9047619047619048
BERTopic_topic_10,0.5,similarity+text_similarity+interactions,All but Betweenness and Harmonic,random_forest,270.51152924099006,1798,1798,0.9371907917556639,0.7843137254901961,0.7853737863132317,0.6451612903225806,1.0,0.9371907917556639,0.7843137254901961,0.7853737863132317,0.6451612903225806,1.0
BERTopic_topic_10,0.5,similarity+text_similarity+interactions,All but Betweenness and Harmonic,xgboost,270.51152924099006,1798,1798,0.9527995326505649,0.7058823529411765,0.7841236942079474,0.5806451612903226,0.9,0.9527995326505649,0.7058823529411765,0.7841236942079474,0.5806451612903226,0.9
BERTopic_topic_10,0.5,similarity+text_similarity+interactions,Core Number Only,random_forest,270.51152924099006,1798,1798,0.8250269273600234,0.0,0.08816324897798938,0.0,0.0,0.8250269273600234,0.0,0.08816324897798938,0.0,0.0
BERTopic_topic_10,0.5,similarity+text_similarity+interactions,Core Number Only,xgboost,270.51152924099006,1798,1798,0.8197327345418697,0.0,0.0876034018207538,0.0,0.0,0.8197327345418697,0.0,0.0876034018207538,0.0,0.0
BERTopic_topic_10,0.5,text_similarity,All,random_forest,282.2582137150457,1798,1798,0.955309710279862,0.7843137254901961,0.8272989150699679,0.6451612903225806,1.0,0.955309710279862,0.7843137254901961,0.8272989150699679,0.6451612903225806,1.0
BERTopic_topic_10,0.5,text_similarity,All,xgboost,282.2582137150457,1798,1798,0.9490844697592056,0.7142857142857143,0.8004761493577591,0.6451612903225806,0.8,0.9490844697592056,0.7142857142857143,0.8004761493577591,0.6451612903225806,0.8
BERTopic_topic_10,0.5,text_similarity,All but Betweenness and Harmonic,random_forest,282.2582137150457,1798,1798,0.9711375212224109,0.8076923076923077,0.8261405184471681,0.6774193548387096,1.0,0.9711375212224109,0.8076923076923077,0.8261405184471681,0.6774193548387096,1.0
BERTopic_topic_10,0.5,text_similarity,All but Betweenness and Harmonic,xgboost,282.2582137150457,1798,1798,0.951932380378626,0.7636363636363637,0.7906289453314422,0.6774193548387096,0.875,0.951932380378626,0.7636363636363637,0.7906289453314422,0.6774193548387096,0.875
BERTopic_topic_10,0.5,text_similarity,Core Number Only,random_forest,282.2582137150457,1798,1798,0.834574730270004,0.0,0.08913587046590085,0.0,0.0,0.834574730270004,0.0,0.08913587046590085,0.0,0.0
BERTopic_topic_10,0.5,text_similarity,Core Number Only,xgboost,282.2582137150457,1798,1798,0.8308961790532523,0.0,0.08721685360336585,0.0,0.0,0.8308961790532523,0.0,0.08721685360336585,0.0,0.0
BERTopic_topic_10,0.5,text_similarity+interactions,All,random_forest,277.3767667199718,1798,1798,0.9389889917301057,0.7843137254901961,0.8209313927146459,0.6451612903225806,1.0,0.9389889917301057,0.7843137254901961,0.8209313927146459,0.6451612903225806,1.0
BERTopic_topic_10,0.5,text_similarity+interactions,All,xgboost,277.3767667199718,1798,1798,0.9521149387516659,0.6923076923076923,0.790484616617869,0.5806451612903226,0.8571428571428571,0.9521149387516659,0.6923076923076923,0.790484616617869,0.5806451612903226,0.8571428571428571
BERTopic_topic_10,0.5,text_similarity+interactions,All but Betweenness and Harmonic,random_forest,277.3767667199718,1798,1798,0.9527356372200011,0.7843137254901961,0.8035163039139226,0.6451612903225806,1.0,0.9527356372200011,0.7843137254901961,0.8035163039139226,0.6451612903225806,1.0
BERTopic_topic_10,0.5,text_similarity+interactions,All but Betweenness and Harmonic,xgboost,277.3767667199718,1798,1798,0.9521149387516659,0.7450980392156863,0.7910924032171996,0.6129032258064516,0.95,0.9521149387516659,0.7450980392156863,0.7910924032171996,0.6129032258064516,0.95
BERTopic_topic_10,0.5,text_similarity+interactions,Core Number Only,random_forest,277.3767667199718,1798,1798,0.8341913576866204,0.0,0.08902840272457246,0.0,0.0,0.8341913576866204,0.0,0.08902840272457246,0.0,0.0
BERTopic_topic_10,0.5,text_similarity+interactions,Core Number Only,xgboost,277.3767667199718,1798,1798,0.827865710060792,0.0,0.08593782454946704,0.0,0.0,0.827865710060792,0.0,0.08593782454946704,0.0,0.0
BERTopic_topic_10,1.0,interactions,All,random_forest,3.9911553899291903,1798,1798,0.870054950070285,0.6222222222222222,0.6094164285475328,0.45161290322580644,1.0,0.870054950070285,0.6222222222222222,0.6094164285475328,0.45161290322580644,1.0
BERTopic_topic_10,1.0,interactions,All,xgboost,3.9911553899291903,1798,1798,0.8310969932635961,0.6382978723404256,0.5937112590870359,0.4838709677419355,0.9375,0.8310969932635961,0.6382978723404256,0.5937112590870359,0.4838709677419355,0.9375
BERTopic_topic_10,1.0,interactions,All but Betweenness and Harmonic,random_forest,3.9911553899291903,1798,1798,0.8696533216495975,0.6222222222222222,0.6352986392211262,0.45161290322580644,1.0,0.8696533216495975,0.6222222222222222,0.6352986392211262,0.45161290322580644,1.0
BERTopic_topic_10,1.0,interactions,All but Betweenness and Harmonic,xgboost,3.9911553899291903,1798,1798,0.8345473465140478,0.5957446808510638,0.5793587918378332,0.45161290322580644,0.875,0.8345473465140478,0.5957446808510638,0.5793587918378332,0.45161290322580644,0.875
BERTopic_topic_10,1.0,interactions,Core Number Only,random_forest,3.9911553899291903,1798,1798,0.7047483432827647,0.0,0.090843465299883,0.0,0.0,0.7047483432827647,0.0,0.090843465299883,0.0,0.0
BERTopic_topic_10,1.0,interactions,Core Number Only,xgboost,3.9911553899291903,1798,1798,0.7131734121985505,0.0,0.09100674728599242,0.0,0.0,0.7131734121985505,0.0,0.09100674728599242,0.0,0.0
BERTopic_topic_10,1.0,similarity,All,random_forest,231.48690773698036,1798,1798,0.9509100534896033,0.7843137254901961,0.8072678099553011,0.6451612903225806,1.0,0.9509100534896033,0.7843137254901961,0.8072678099553011,0.6451612903225806,1.0
BERTopic_topic_10,1.0,similarity,All,xgboost,231.48690773698036,1798,1798,0.9293133979589974,0.7169811320754716,0.762575901822421,0.6129032258064516,0.8636363636363636,0.9293133979589974,0.7169811320754716,0.762575901822421,0.6129032258064516,0.8636363636363636
BERTopic_topic_10,1.0,similarity,All but Betweenness and Harmonic,random_forest,231.48690773698036,1798,1798,0.9692206583054932,0.7843137254901961,0.8068043085308257,0.6451612903225806,1.0,0.9692206583054932,0.7843137254901961,0.8068043085308257,0.6451612903225806,1.0
BERTopic_topic_10,1.0,similarity,All but Betweenness and Harmonic,xgboost,231.48690773698036,1798,1798,0.9265932782007048,0.6792452830188679,0.7534000225360273,0.5806451612903226,0.8181818181818182,0.9265932782007048,0.6792452830188679,0.7534000225360273,0.5806451612903226,0.8181818181818182
BERTopic_topic_10,1.0,similarity,Core Number Only,random_forest,231.48690773698036,1798,1798,0.8221151213100388,0.0,0.08719525057277525,0.0,0.0,0.8221151213100388,0.0,0.08719525057277525,0.0,0.0
BERTopic_topic_10,1.0,similarity,Core Number Only,xgboost,231.48690773698036,1798,1798,0.8190755243989264,0.0,0.08523283844491952,0.0,0.0,0.8190755243989264,0.0,0.08523283844491952,0.0,0.0
BERTopic_topic_10,1.0,similarity+interactions,All,random_forest,203.4550056270091,1798,1798,0.9357577085273017,0.7843137254901961,0.8060254799459091,0.6451612903225806,1.0,0.9357577085273017,0.7843137254901961,0.8060254799459091,0.6451612903225806,1.0
BERTopic_topic_10,1.0,similarity+interactions,All,xgboost,203.4550056270091,1798,1798,0.9446483012943389,0.6666666666666666,0.7393642584783987,0.5483870967741935,0.85,0.9446483012943389,0.6666666666666666,0.7393642584783987,0.5483870967741935,0.85
BERTopic_topic_10,1.0,similarity+interactions,All but Betweenness and Harmonic,random_forest,203.4550056270091,1798,1798,0.9545338371944428,0.7843137254901961,0.7871737300395978,0.6451612903225806,1.0,0.9545338371944428,0.7843137254901961,0.7871737300395978,0.6451612903225806,1.0
BERTopic_topic_10,1.0,similarity+interactions,All but Betweenness and Harmonic,xgboost,203.4550056270091,1798,1798,0.9265932782007047,0.7058823529411765,0.7381447732365289,0.5806451612903226,0.9,0.9265932782007047,0.7058823529411765,0.7381447732365289,0.5806451612903226,0.9
BERTopic_topic_10,1.0,similarity+interactions,Core Number Only,random_forest,203.4550056270091,1798,1798,0.8206181426511128,0.0,0.08625271283664371,0.0,0.0,0.8206181426511128,0.0,0.08625271283664371,0.0,0.0
BERTopic_topic_10,1.0,similarity+interactions,Core Number Only,xgboost,203.4550056270091,1798,1798,0.8140004016284207,0.0,0.0833489661756146,0.0,0.0,0.8140004016284207,0.0,0.0833489661756146,0.0,0.0
BERTopic_topic_10,1.0,similarity+text_similarity,All,random_forest,199.66824211494531,1798,1798,0.9365153257754166,0.7843137254901961,0.8003552126212712,0.6451612903225806,1.0,0.9365153257754166,0.7843137254901961,0.8003552126212712,0.6451612903225806,1.0
BERTopic_topic_10,1.0,similarity+text_similarity,All,xgboost,199.66824211494531,1798,1798,0.9464373733501287,0.7058823529411765,0.7781905918704962,0.5806451612903226,0.9,0.9464373733501287,0.7058823529411765,0.7781905918704962,0.5806451612903226,0.9
BERTopic_topic_10,1.0,similarity+text_similarity,All but Betweenness and Harmonic,random_forest,199.66824211494531,1798,1798,0.9686912390236778,0.76,0.8080971538079132,0.6129032258064516,1.0,0.9686912390236778,0.76,0.8080971538079132,0.6129032258064516,1.0
BERTopic_topic_10,1.0,similarity+text_similarity,All but Betweenness and Harmonic,xgboost,199.66824211494531,1798,1798,0.9455063256476258,0.7058823529411765,0.7703903350050044,0.5806451612903226,0.9,0.9455063256476258,0.7058823529411765,0.7703903350050044,0.5806451612903226,0.9
BERTopic_topic_10,1.0,similarity+text_similarity,Core Number Only,random_forest,199.66824211494531,1798,1798,0.8249995436040675,0.0,0.08813911455892898,0.0,0.0,0.8249995436040675,0.0,0.08813911455892898,0.0,0.0
BERTopic_topic_10,1.0,similarity+text_similarity,Core Number Only,xgboost,199.66824211494531,1798,1798,0.8194497690636582,0.0,0.08757980674584373,0.0,0.0,0.8194497690636582,0.0,0.08757980674584373,0.0,0.0
BERTopic_topic_10,1.0,similarity+text_similarity+interactions,All,random_forest,199.18633302906528,1798,1798,0.936268871971813,0.7843137254901961,0.8010919041574016,0.6451612903225806,1.0,0.936268871971813,0.7843137254901961,0.8010919041574016,0.6451612903225806,1.0
BERTopic_topic_10,1.0,similarity+text_similarity+interactions,All,xgboost,199.18633302906528,1798,1798,0.9482264454059185,0.7307692307692307,0.7749881306156892,0.6129032258064516,0.9047619047619048,0.9482264454059185,0.7307692307692307,0.7749881306156892,0.6129032258064516,0.9047619047619048
BERTopic_topic_10,1.0,similarity+text_similarity+interactions,All but Betweenness and Harmonic,random_forest,199.18633302906528,1798,1798,0.9371907917556639,0.7843137254901961,0.7853737863132317,0.6451612903225806,1.0,0.9371907917556639,0.7843137254901961,0.7853737863132317,0.6451612903225806,1.0
BERTopic_topic_10,1.0,similarity+text_similarity+interactions,All but Betweenness and Harmonic,xgboost,199.18633302906528,1798,1798,0.9527995326505649,0.7058823529411765,0.7841236942079474,0.5806451612903226,0.9,0.9527995326505649,0.7058823529411765,0.7841236942079474,0.5806451612903226,0.9
BERTopic_topic_10,1.0,similarity+text_similarity+interactions,Core Number Only,random_forest,199.18633302906528,1798,1798,0.8250269273600234,0.0,0.08816324897798938,0.0,0.0,0.8250269273600234,0.0,0.08816324897798938,0.0,0.0
BERTopic_topic_10,1.0,similarity+text_similarity+interactions,Core Number Only,xgboost,199.18633302906528,1798,1798,0.8197327345418697,0.0,0.0876034018207538,0.0,0.0,0.8197327345418697,0.0,0.0876034018207538,0.0,0.0
BERTopic_topic_10,1.0,text_similarity,All,random_forest,230.5633680849569,1798,1798,0.955309710279862,0.7843137254901961,0.8272989150699679,0.6451612903225806,1.0,0.955309710279862,0.7843137254901961,0.8272989150699679,0.6451612903225806,1.0
BERTopic_topic_10,1.0,text_similarity,All,xgboost,230.5633680849569,1798,1798,0.9490844697592056,0.7142857142857143,0.8004761493577591,0.6451612903225806,0.8,0.9490844697592056,0.7142857142857143,0.8004761493577591,0.6451612903225806,0.8
BERTopic_topic_10,1.0,text_similarity,All but Betweenness and Harmonic,random_forest,230.5633680849569,1798,1798,0.9711375212224109,0.8076923076923077,0.8261405184471681,0.6774193548387096,1.0,0.9711375212224109,0.8076923076923077,0.8261405184471681,0.6774193548387096,1.0
BERTopic_topic_10,1.0,text_similarity,All but Betweenness and Harmonic,xgboost,230.5633680849569,1798,1798,0.951932380378626,0.7636363636363637,0.7906289453314422,0.6774193548387096,0.875,0.951932380378626,0.7636363636363637,0.7906289453314422,0.6774193548387096,0.875
BERTopic_topic_10,1.0,text_similarity,Core Number Only,random_forest,230.5633680849569,1798,1798,0.834574730270004,0.0,0.08913587046590085,0.0,0.0,0.834574730270004,0.0,0.08913587046590085,0.0,0.0
BERTopic_topic_10,1.0,text_similarity,Core Number Only,xgboost,230.5633680849569,1798,1798,0.8308961790532523,0.0,0.08721685360336585,0.0,0.0,0.8308961790532523,0.0,0.08721685360336585,0.0,0.0
BERTopic_topic_10,1.0,text_similarity+interactions,All,random_forest,221.33647680003196,1798,1798,0.9389889917301057,0.7843137254901961,0.8209313927146459,0.6451612903225806,1.0,0.9389889917301057,0.7843137254901961,0.8209313927146459,0.6451612903225806,1.0
BERTopic_topic_10,1.0,text_similarity+interactions,All,xgboost,221.33647680003196,1798,1798,0.9521149387516659,0.6923076923076923,0.790484616617869,0.5806451612903226,0.8571428571428571,0.9521149387516659,0.6923076923076923,0.790484616617869,0.5806451612903226,0.8571428571428571
BERTopic_topic_10,1.0,text_similarity+interactions,All but Betweenness and Harmonic,random_forest,221.33647680003196,1798,1798,0.9527356372200011,0.7843137254901961,0.8035163039139226,0.6451612903225806,1.0,0.9527356372200011,0.7843137254901961,0.8035163039139226,0.6451612903225806,1.0
BERTopic_topic_10,1.0,text_similarity+interactions,All but Betweenness and Harmonic,xgboost,221.33647680003196,1798,1798,0.9521149387516659,0.7450980392156863,0.7910924032171996,0.6129032258064516,0.95,0.9521149387516659,0.7450980392156863,0.7910924032171996,0.6129032258064516,0.95
BERTopic_topic_10,1.0,text_similarity+interactions,Core Number Only,random_forest,221.33647680003196,1798,1798,0.8341913576866204,0.0,0.08902840272457246,0.0,0.0,0.8341913576866204,0.0,0.08902840272457246,0.0,0.0
BERTopic_topic_10,1.0,text_similarity+interactions,Core Number Only,xgboost,221.33647680003196,1798,1798,0.827865710060792,0.0,0.08593782454946704,0.0,0.0,0.827865710060792,0.0,0.08593782454946704,0.0,0.0
BERTopic_topic_128,0.01,interactions,All,random_forest,1.1661652710754424,655,1798,0.9216851558372954,0.7027027027027027,0.761755512841484,0.5416666666666666,1.0,0.7927962465998504,0.5581395348837209,0.5710741204776619,0.3870967741935484,1.0
BERTopic_topic_128,0.01,interactions,All,xgboost,1.1661652710754424,655,1798,0.9247886951928155,0.75,0.7785869102644548,0.625,0.9375,0.798099567336656,0.6086956521739131,0.5601994596760257,0.45161290322580644,0.9333333333333333
BERTopic_topic_128,0.01,interactions,All but Betweenness and Harmonic,random_forest,1.1661652710754424,655,1798,0.9151809297411517,0.7027027027027027,0.7507615802577263,0.5416666666666666,1.0,0.7934260729868375,0.5909090909090909,0.5859882602968889,0.41935483870967744,1.0
BERTopic_topic_128,0.01,interactions,All but Betweenness and Harmonic,xgboost,1.1661652710754424,655,1798,0.9249867934495509,0.75,0.7734315621154111,0.625,0.9375,0.8175237782280884,0.6086956521739131,0.582537109461983,0.45161290322580644,0.9333333333333333
BERTopic_topic_128,0.01,interactions,Core Number Only,random_forest,1.1661652710754424,655,1798,0.6911318013734813,0.6666666666666666,0.5270506115600926,0.5,1.0,0.6600854373185824,0.5581395348837209,0.4097418572181619,0.3870967741935484,1.0
BERTopic_topic_128,0.01,interactions,Core Number Only,xgboost,1.1661652710754424,655,1798,0.6793449550977285,0.6666666666666666,0.5252654611390509,0.5,1.0,0.6657721306387717,0.5581395348837209,0.4083758368146707,0.3870967741935484,1.0
BERTopic_topic_128,0.01,similarity,All,random_forest,16.38650736794807,655,1798,0.9414619651347068,0.8260869565217391,0.861687856248925,0.7916666666666666,0.8636363636363636,0.8240776238202165,0.76,0.6711300295469668,0.6129032258064516,1.0
BERTopic_topic_128,0.01,similarity,All,xgboost,16.38650736794807,655,1798,0.9570126782884311,0.7727272727272727,0.8327450614194999,0.7083333333333334,0.85,0.8355605454844187,0.7058823529411765,0.6717682469271927,0.5806451612903226,0.9
BERTopic_topic_128,0.01,similarity,All but Betweenness and Harmonic,random_forest,16.38650736794807,655,1798,0.9403394083465398,0.8837209302325582,0.8587470168950421,0.7916666666666666,1.0,0.8465414316227615,0.76,0.67768536284204,0.6129032258064516,1.0
BERTopic_topic_128,0.01,similarity,All but Betweenness and Harmonic,xgboost,16.38650736794807,655,1798,0.9541072371896461,0.7727272727272727,0.8270498180372174,0.7083333333333334,0.85,0.8346660094565237,0.6923076923076923,0.6614252511921905,0.5806451612903226,0.8571428571428571
BERTopic_topic_128,0.01,similarity,Core Number Only,random_forest,16.38650736794807,655,1798,0.8578645007923931,0.0,0.19587161539645348,0.0,0.0,0.7951421216934116,0.0,0.17483990559313117,0.0,0.0
BERTopic_topic_128,0.01,similarity,Core Number Only,xgboost,16.38650736794807,655,1798,0.8681656101426309,0.0,0.20710850515396367,0.0,0.0,0.7888164740675832,0.0,0.1763393836277999,0.0,0.0
BERTopic_topic_128,0.01,similarity+interactions,All,random_forest,17.34018995705992,655,1798,0.9394809825673534,0.8260869565217391,0.8618220459179984,0.7916666666666666,0.8636363636363636,0.7972506709020208,0.76,0.6652580206445955,0.6129032258064516,1.0
BERTopic_topic_128,0.01,similarity+interactions,All,xgboost,17.34018995705992,655,1798,0.9548335974643424,0.8372093023255814,0.832562508161001,0.75,0.9473684210526315,0.8130510980886138,0.7307692307692307,0.6594153887807347,0.6129032258064516,0.9047619047619048
BERTopic_topic_128,0.01,similarity+interactions,All but Betweenness and Harmonic,random_forest,17.34018995705992,655,1798,0.9392498679344954,0.8837209302325582,0.862966781707414,0.7916666666666666,1.0,0.8462675940632016,0.76,0.6778770825332125,0.6129032258064516,1.0
BERTopic_topic_128,0.01,similarity+interactions,All but Betweenness and Harmonic,xgboost,17.34018995705992,655,1798,0.9524564183835182,0.8181818181818182,0.8274692730995932,0.75,0.9,0.8347755444803476,0.7450980392156863,0.6684164686557094,0.6129032258064516,0.95
BERTopic_topic_128,0.01,similarity+interactions,Core Number Only,random_forest,17.34018995705992,655,1798,0.8547279450607502,0.0,0.19447338508983805,0.0,0.0,0.7926958394946784,0.0,0.17394149896483938,0.0,0.0
BERTopic_topic_128,0.01,similarity+interactions,Core Number Only,xgboost,17.34018995705992,655,1798,0.8667789223454834,0.0,0.20700915481876425,0.0,0.0,0.7877119959106925,0.0,0.17641128508816506,0.0,0.0
BERTopic_topic_128,0.01,similarity+text_similarity,All,random_forest,17.82552506297361,655,1798,0.9739830956154253,0.8444444444444444,0.8683641975308641,0.7916666666666666,0.9047619047619048,0.8244062288916882,0.76,0.6695578374805848,0.6129032258064516,1.0
BERTopic_topic_128,0.01,similarity+text_similarity,All,xgboost,17.82552506297361,655,1798,0.942122292657158,0.8,0.839252091008456,0.75,0.8571428571428571,0.811316793544736,0.6274509803921569,0.6350144168289231,0.5161290322580645,0.8
BERTopic_topic_128,0.01,similarity+text_similarity,All but Betweenness and Harmonic,random_forest,17.82552506297361,655,1798,0.9604793977812995,0.8636363636363636,0.862957184336645,0.7916666666666666,0.95,0.8490424813334064,0.7346938775510204,0.6812346514342056,0.5806451612903226,1.0
BERTopic_topic_128,0.01,similarity+text_similarity,All but Betweenness and Harmonic,xgboost,17.82552506297361,655,1798,0.9391178024300052,0.8,0.8410691816730749,0.75,0.8571428571428571,0.8123391204337586,0.6538461538461539,0.6369590236397106,0.5483870967741935,0.8095238095238095
BERTopic_topic_128,0.01,similarity+text_similarity,Core Number Only,random_forest,17.82552506297361,655,1798,0.8578645007923931,0.0,0.19587161539645348,0.0,0.0,0.7951421216934116,0.0,0.17483990559313117,0.0,0.0
BERTopic_topic_128,0.01,similarity+text_similarity,Core Number Only,xgboost,17.82552506297361,655,1798,0.8681656101426309,0.0,0.20710850515396367,0.0,0.0,0.7888164740675832,0.0,0.1763393836277999,0.0,0.0
BERTopic_topic_128,0.01,similarity+text_similarity+interactions,All,random_forest,18.32817893999163,655,1798,0.939580031695721,0.8260869565217391,0.8601899216565637,0.7916666666666666,0.8636363636363636,0.7995235226463662,0.7450980392156863,0.6651746739900881,0.6129032258064516,0.95
BERTopic_topic_128,0.01,similarity+text_similarity+interactions,All,xgboost,18.32817893999163,655,1798,0.9408346539883782,0.8181818181818182,0.8447994187683794,0.75,0.9,0.8119192361757671,0.7058823529411765,0.6536543396148912,0.5806451612903226,0.9
BERTopic_topic_128,0.01,similarity+text_similarity+interactions,All but Betweenness and Harmonic,random_forest,18.32817893999163,655,1798,0.9597200211304807,0.8636363636363636,0.8631255248225351,0.7916666666666666,0.95,0.8481753290614674,0.7346938775510204,0.6781141170861741,0.5806451612903226,1.0
BERTopic_topic_128,0.01,similarity+text_similarity+interactions,All but Betweenness and Harmonic,xgboost,18.32817893999163,655,1798,0.9453909138932909,0.8444444444444444,0.8443391529717789,0.7916666666666666,0.9047619047619048,0.8119009803384633,0.7450980392156863,0.6542421315466814,0.6129032258064516,0.95
BERTopic_topic_128,0.01,similarity+text_similarity+interactions,Core Number Only,random_forest,18.32817893999163,655,1798,0.8547279450607502,0.0,0.19447338508983805,0.0,0.0,0.7926958394946784,0.0,0.17394149896483938,0.0,0.0
BERTopic_topic_128,0.01,similarity+text_similarity+interactions,Core Number Only,xgboost,18.32817893999163,655,1798,0.8667789223454834,0.0,0.20700915481876425,0.0,0.0,0.7877119959106925,0.0,0.17641128508816506,0.0,0.0
BERTopic_topic_128,0.01,text_similarity,All,random_forest,17.683842428959906,655,1798,0.9385895404120441,0.8260869565217391,0.8598720088092414,0.7916666666666666,0.8636363636363636,0.8212570969567519,0.76,0.6709133364500739,0.6129032258064516,1.0
BERTopic_topic_128,0.01,text_similarity,All,xgboost,17.683842428959906,655,1798,0.9564183835182251,0.7555555555555555,0.8373370332325448,0.7083333333333334,0.8095238095238095,0.8118279569892473,0.6923076923076923,0.6438781770709793,0.5806451612903226,0.8571428571428571
BERTopic_topic_128,0.01,text_similarity,All but Betweenness and Harmonic,random_forest,17.683842428959906,655,1798,0.9603143159006868,0.8837209302325582,0.8640817448209457,0.7916666666666666,1.0,0.8479380031765158,0.76,0.6765962697884367,0.6129032258064516,1.0
BERTopic_topic_128,0.01,text_similarity,All but Betweenness and Harmonic,xgboost,17.683842428959906,655,1798,0.9556920232435288,0.7555555555555555,0.8313114885428697,0.7083333333333334,0.8095238095238095,0.8123573762710626,0.6923076923076923,0.6461143420885009,0.5806451612903226,0.8571428571428571
BERTopic_topic_128,0.01,text_similarity,Core Number Only,random_forest,17.683842428959906,655,1798,0.8585578446909667,0.0,0.19630511635015557,0.0,0.0,0.7954707267648832,0.0,0.1754563408869858,0.0,0.0
BERTopic_topic_128,0.01,text_similarity,Core Number Only,xgboost,17.683842428959906,655,1798,0.868000528262018,0.0,0.2070940789409073,0.0,0.0,0.788889497416799,0.0,0.17648313614346894,0.0,0.0
BERTopic_topic_128,0.01,text_similarity+interactions,All,random_forest,18.166291654924862,655,1798,0.9210578446909667,0.8260869565217391,0.8553368233208994,0.7916666666666666,0.8636363636363636,0.7987385216422951,0.7450980392156863,0.6632151001395337,0.6129032258064516,0.95
BERTopic_topic_128,0.01,text_similarity+interactions,All,xgboost,18.166291654924862,655,1798,0.9552297939778129,0.8181818181818182,0.8444849775610139,0.75,0.9,0.812047027036895,0.6923076923076923,0.641818661440168,0.5806451612903226,0.8571428571428571
BERTopic_topic_128,0.01,text_similarity+interactions,All but Betweenness and Harmonic,random_forest,18.166291654924862,655,1798,0.959554939249868,0.8837209302325582,0.8655632217987292,0.7916666666666666,1.0,0.8475728864304363,0.76,0.6755763610680843,0.6129032258064516,1.0
BERTopic_topic_128,0.01,text_similarity+interactions,All but Betweenness and Harmonic,xgboost,18.166291654924862,655,1798,0.9555599577390386,0.8181818181818182,0.8441224383032805,0.75,0.9,0.8122478412472387,0.6923076923076923,0.6442052182030993,0.5806451612903226,0.8571428571428571
BERTopic_topic_128,0.01,text_similarity+interactions,Core Number Only,random_forest,18.166291654924862,655,1798,0.8551571579503433,0.0,0.1950778412536865,0.0,0.0,0.79311572375267,0.0,0.17486576889786884,0.0,0.0
BERTopic_topic_128,0.01,text_similarity+interactions,Core Number Only,xgboost,18.166291654924862,655,1798,0.8666138404648707,0.0,0.20699526713749983,0.0,0.0,0.7874564141884368,0.0,0.17639020545066936,0.0,0.0
BERTopic_topic_128,0.05,interactions,All,random_forest,2.339956615003757,1376,1798,0.8386329866270431,0.6363636363636364,0.5992282559323482,0.4666666666666667,1.0,0.8776037387954799,0.6222222222222222,0.5588372720350334,0.45161290322580644,1.0
BERTopic_topic_128,0.05,interactions,All,xgboost,2.339956615003757,1376,1798,0.8632243684992571,0.6363636363636364,0.6308946520595559,0.4666666666666667,1.0,0.8166657538748016,0.5777777777777777,0.5903121099806162,0.41935483870967744,0.9285714285714286
BERTopic_topic_128,0.05,interactions,All but Betweenness and Harmonic,random_forest,2.339956615003757,1376,1798,0.9021050024764734,0.6363636363636364,0.5960181493787171,0.4666666666666667,1.0,0.8609635430929039,0.6222222222222222,0.5741052906507447,0.45161290322580644,1.0
BERTopic_topic_128,0.05,interactions,All but Betweenness and Harmonic,xgboost,2.339956615003757,1376,1798,0.8822189202575533,0.6222222222222222,0.6264963568742578,0.4666666666666667,0.9333333333333333,0.8093816747905143,0.6086956521739131,0.5854793099210001,0.45161290322580644,0.9333333333333333
BERTopic_topic_128,0.05,interactions,Core Number Only,random_forest,2.339956615003757,1376,1798,0.7090391282813275,0.0,0.10171685769719556,0.0,0.0,0.7201927816419299,0.0,0.09852944706767079,0.0,0.0
BERTopic_topic_128,0.05,interactions,Core Number Only,xgboost,2.339956615003757,1376,1798,0.7082466567607727,0.0,0.10155092503060786,0.0,0.0,0.7303247713456378,0.0,0.09977772784486963,0.0,0.0
BERTopic_topic_128,0.05,similarity,All,random_forest,130.15094834996853,1376,1798,0.913150074294205,0.76,0.7935931144369026,0.6333333333333333,0.95,0.9041842379100717,0.7450980392156863,0.7781200732465579,0.6129032258064516,0.95
BERTopic_topic_128,0.05,similarity,All,xgboost,130.15094834996853,1376,1798,0.9376423972263497,0.7272727272727273,0.7631287930801118,0.6666666666666666,0.8,0.9036000511163443,0.7407407407407407,0.7319549694569147,0.6451612903225806,0.8695652173913043
BERTopic_topic_128,0.05,similarity,All but Betweenness and Harmonic,random_forest,130.15094834996853,1376,1798,0.9140168400198118,0.7755102040816326,0.784461796107829,0.6333333333333333,1.0,0.9038191211639921,0.7843137254901961,0.7814970912864414,0.6451612903225806,1.0
BERTopic_topic_128,0.05,similarity,All but Betweenness and Harmonic,xgboost,130.15094834996853,1376,1798,0.9325408618127786,0.7407407407407407,0.7689699703170279,0.6666666666666666,0.8333333333333334,0.9121255271373022,0.7636363636363637,0.7662585579411418,0.6774193548387096,0.875
BERTopic_topic_128,0.05,similarity,Core Number Only,random_forest,130.15094834996853,1376,1798,0.7915428429915801,0.0,0.1427552373906985,0.0,0.0,0.7824178030925388,0.0,0.13932096112657957,0.0,0.0
BERTopic_topic_128,0.05,similarity,Core Number Only,xgboost,130.15094834996853,1376,1798,0.7836924219910847,0.0,0.14436018261892752,0.0,0.0,0.7630027201197582,0.0,0.1411138548425291,0.0,0.0
BERTopic_topic_128,0.05,similarity+interactions,All,random_forest,126.68049898394383,1376,1798,0.9103640416047548,0.7755102040816326,0.7768608981981076,0.6333333333333333,1.0,0.9035817952790404,0.7450980392156863,0.7687146985636164,0.6129032258064516,0.95
BERTopic_topic_128,0.05,similarity+interactions,All,xgboost,126.68049898394383,1376,1798,0.9362308073303616,0.75,0.7606343926672398,0.7,0.8076923076923077,0.9000036511674607,0.7547169811320755,0.7361757605123905,0.6451612903225806,0.9090909090909091
BERTopic_topic_128,0.05,similarity+interactions,All but Betweenness and Harmonic,random_forest,126.68049898394383,1376,1798,0.9103268945022288,0.7755102040816326,0.7748413310273173,0.6333333333333333,1.0,0.9036730744655603,0.7843137254901961,0.7763947476561746,0.6451612903225806,1.0
BERTopic_topic_128,0.05,similarity+interactions,All but Betweenness and Harmonic,xgboost,126.68049898394383,1376,1798,0.9309311540366519,0.7636363636363637,0.7656667722685141,0.7,0.84,0.918058674261095,0.7692307692307693,0.7491064362741152,0.6451612903225806,0.9523809523809523
BERTopic_topic_128,0.05,similarity+interactions,Core Number Only,random_forest,126.68049898394383,1376,1798,0.7920381376919268,0.0,0.14349420617558284,0.0,0.0,0.7827464081640104,0.0,0.1394306813517678,0.0,0.0
BERTopic_topic_128,0.05,similarity+interactions,Core Number Only,xgboost,126.68049898394383,1376,1798,0.7838162456661714,0.0,0.14468705153145153,0.0,0.0,0.7638424886357413,0.0,0.14138862203599983,0.0,0.0
BERTopic_topic_128,0.05,similarity+text_similarity,All,random_forest,132.28929300501477,1376,1798,0.9283556215948487,0.7755102040816326,0.7906471358620711,0.6333333333333333,1.0,0.9044489475509795,0.7843137254901961,0.7791687975532408,0.6451612903225806,1.0
BERTopic_topic_128,0.05,similarity+text_similarity,All,xgboost,132.28929300501477,1376,1798,0.9362803368003962,0.7857142857142857,0.7782586667685325,0.7333333333333333,0.8461538461538461,0.904019935374336,0.7924528301886793,0.7534107008429575,0.6774193548387096,0.9545454545454546
BERTopic_topic_128,0.05,similarity+text_similarity,All but Betweenness and Harmonic,random_forest,132.28929300501477,1376,1798,0.912444279346211,0.7843137254901961,0.7784414397585252,0.6666666666666666,0.9523809523809523,0.8829070595322854,0.7843137254901961,0.7638432822336017,0.6451612903225806,1.0
BERTopic_topic_128,0.05,similarity+text_similarity,All but Betweenness and Harmonic,xgboost,132.28929300501477,1376,1798,0.9422486379395741,0.7307692307692307,0.7853860382847517,0.6333333333333333,0.8636363636363636,0.9107380835021999,0.7777777777777778,0.7618476918719883,0.6774193548387096,0.9130434782608695
BERTopic_topic_128,0.05,similarity+text_similarity,Core Number Only,random_forest,132.28929300501477,1376,1798,0.7958395245170876,0.0,0.14758566315474925,0.0,0.0,0.7885517644266754,0.0,0.1463141550387543,0.0,0.0
BERTopic_topic_128,0.05,similarity+text_similarity,Core Number Only,xgboost,132.28929300501477,1376,1798,0.7880262506191185,0.0,0.15111120565978456,0.0,0.0,0.7699581941325739,0.0,0.14800175921688752,0.0,0.0
BERTopic_topic_128,0.05,similarity+text_similarity+interactions,All,random_forest,137.7076705560321,1376,1798,0.9258543833580979,0.7755102040816326,0.778259221733059,0.6333333333333333,1.0,0.919829490479581,0.7692307692307693,0.7742930312495615,0.6451612903225806,0.9523809523809523
BERTopic_topic_128,0.05,similarity+text_similarity+interactions,All,xgboost,137.7076705560321,1376,1798,0.9259782070331848,0.7547169811320755,0.7448744689517326,0.6666666666666666,0.8695652173913043,0.8890501487850739,0.7547169811320755,0.7246702291466027,0.6451612903225806,0.9090909090909091
BERTopic_topic_128,0.05,similarity+text_similarity+interactions,All but Betweenness and Harmonic,random_forest,137.7076705560321,1376,1798,0.8952575532441803,0.8,0.7629797753925661,0.6666666666666666,1.0,0.8838289793161364,0.7843137254901961,0.7623785293665256,0.6451612903225806,1.0
BERTopic_topic_128,0.05,similarity+text_similarity+interactions,All but Betweenness and Harmonic,xgboost,137.7076705560321,1376,1798,0.9226349678058445,0.7307692307692307,0.7414435267363609,0.6333333333333333,0.8636363636363636,0.8921718969640542,0.7692307692307693,0.7331813615031594,0.6451612903225806,0.9523809523809523
BERTopic_topic_128,0.05,similarity+text_similarity+interactions,Core Number Only,random_forest,137.7076705560321,1376,1798,0.7961862308073303,0.0,0.14769840251105476,0.0,0.0,0.7880953684940759,0.0,0.14505716531338736,0.0,0.0
BERTopic_topic_128,0.05,similarity+text_similarity+interactions,Core Number Only,xgboost,137.7076705560321,1376,1798,0.7869737493808817,0.0,0.15110763740436742,0.0,0.0,0.7696022053051462,0.0,0.14834386840760855,0.0,0.0
BERTopic_topic_128,0.05,text_similarity,All,random_forest,126.50373521691654,1376,1798,0.9248142644873698,0.76,0.7926338517617587,0.6333333333333333,0.95,0.9085108713511145,0.7450980392156863,0.7839900585343904,0.6129032258064516,0.95
BERTopic_topic_128,0.05,text_similarity,All,xgboost,126.50373521691654,1376,1798,0.9478207033184746,0.7636363636363637,0.7812232462277184,0.7,0.84,0.9199572813407088,0.8148148148148148,0.7636244580407786,0.7096774193548387,0.9565217391304348
BERTopic_topic_128,0.05,text_similarity,All but Betweenness and Harmonic,random_forest,126.50373521691654,1376,1798,0.8955547300643885,0.7843137254901961,0.7880250855568913,0.6666666666666666,0.9523809523809523,0.9026598754951896,0.7843137254901961,0.7829046327338522,0.6451612903225806,1.0
BERTopic_topic_128,0.05,text_similarity,All but Betweenness and Harmonic,xgboost,126.50373521691654,1376,1798,0.9362060425953443,0.7272727272727273,0.7770821310439096,0.6666666666666666,0.8,0.9126549464191175,0.7636363636363637,0.7585111019377857,0.6774193548387096,0.875
BERTopic_topic_128,0.05,text_similarity,Core Number Only,random_forest,126.50373521691654,1376,1798,0.7923848439821694,0.0,0.14323713299104682,0.0,0.0,0.7827098964894025,0.0,0.13884370680009242,0.0,0.0
BERTopic_topic_128,0.05,text_similarity,Core Number Only,xgboost,126.50373521691654,1376,1798,0.7825780089153046,0.0,0.14596789906575677,0.0,0.0,0.762345509976815,0.0,0.14112609394782746,0.0,0.0
BERTopic_topic_128,0.05,text_similarity+interactions,All,random_forest,132.60075167997275,1376,1798,0.9248637939574045,0.76,0.7819704413171331,0.6333333333333333,0.95,0.9067217992953247,0.7692307692307693,0.7767653856544295,0.6451612903225806,0.9523809523809523
BERTopic_topic_128,0.05,text_similarity+interactions,All,xgboost,132.60075167997275,1376,1798,0.9464091134224863,0.7636363636363637,0.7621193914731521,0.7,0.84,0.916415648903737,0.8148148148148148,0.7601131654462963,0.7096774193548387,0.9565217391304348
BERTopic_topic_128,0.05,text_similarity+interactions,All but Betweenness and Harmonic,random_forest,132.60075167997275,1376,1798,0.8938459633481921,0.8,0.7740280625276839,0.6666666666666666,1.0,0.9013089435346953,0.7843137254901961,0.7635025930363115,0.6451612903225806,1.0
BERTopic_topic_128,0.05,text_similarity+interactions,All but Betweenness and Harmonic,xgboost,132.60075167997275,1376,1798,0.9368003962357604,0.7547169811320755,0.7606743567293084,0.6666666666666666,0.8695652173913043,0.91055552512916,0.7843137254901961,0.746373572567558,0.6451612903225806,1.0
BERTopic_topic_128,0.05,text_similarity+interactions,Core Number Only,random_forest,132.60075167997275,1376,1798,0.7932392273402674,0.0,0.14446490945056933,0.0,0.0,0.7825821056282747,0.0,0.13882849229294594,0.0,0.0
BERTopic_topic_128,0.05,text_similarity+interactions,Core Number Only,xgboost,132.60075167997275,1376,1798,0.7801758296186231,0.0,0.14508587895168962,0.0,0.0,0.7641254541139528,0.0,0.14100631503901004,0.0,0.0
BERTopic_topic_128,0.1,interactions,All,random_forest,2.980991401942447,1592,1798,0.866325224071703,0.6363636363636364,0.684363910240127,0.4666666666666667,1.0,0.8124669112948866,0.5909090909090909,0.5652590824832273,0.41935483870967744,1.0
BERTopic_topic_128,0.1,interactions,All,xgboost,2.980991401942447,1592,1798,0.8854886897140419,0.6222222222222222,0.6288529527564375,0.4666666666666667,0.9333333333333333,0.8646238384723516,0.6521739130434783,0.6073411934084185,0.4838709677419355,1.0
BERTopic_topic_128,0.1,interactions,All but Betweenness and Harmonic,random_forest,2.980991401942447,1592,1798,0.8937686726419121,0.6046511627906976,0.6066457860103858,0.43333333333333335,1.0,0.8386001423955309,0.6521739130434783,0.5727247494115391,0.4838709677419355,1.0
BERTopic_topic_128,0.1,interactions,All but Betweenness and Harmonic,xgboost,2.980991401942447,1592,1798,0.9030089628681177,0.6521739130434783,0.6087059770922132,0.5,0.9375,0.8591288314438541,0.6086956521739131,0.6142082513730172,0.45161290322580644,0.9333333333333333
BERTopic_topic_128,0.1,interactions,Core Number Only,random_forest,2.980991401942447,1592,1798,0.7148954332052924,0.0,0.09931951744224735,0.0,0.0,0.7162312649469668,0.0,0.10000012110244916,0.0,0.0
BERTopic_topic_128,0.1,interactions,Core Number Only,xgboost,2.980991401942447,1592,1798,0.7094430217669655,0.0,0.099027693278848,0.0,0.0,0.717664348175329,0.0,0.10269219429940998,0.0,0.0
BERTopic_topic_128,0.1,similarity,All,random_forest,192.22537180501968,1592,1798,0.9472364489970124,0.75,0.7826287675718084,0.6,1.0,0.9087573251547182,0.76,0.7643317458866703,0.6129032258064516,1.0
BERTopic_topic_128,0.1,similarity,All,xgboost,192.22537180501968,1592,1798,0.930868544600939,0.7083333333333334,0.747567111934865,0.5666666666666667,0.9444444444444444,0.9333661938404806,0.7636363636363637,0.7532631116456212,0.6774193548387096,0.875
BERTopic_topic_128,0.1,similarity,All but Betweenness and Harmonic,random_forest,192.22537180501968,1592,1798,0.9454652155356381,0.75,0.7653521097444463,0.6,1.0,0.9119886083575224,0.76,0.7621384618600677,0.6129032258064516,1.0
BERTopic_topic_128,0.1,similarity,All but Betweenness and Harmonic,xgboost,192.22537180501968,1592,1798,0.9331946222791294,0.72,0.7459600670060826,0.6,0.9,0.9207879219380397,0.8,0.7469616393121293,0.7096774193548387,0.9166666666666666
BERTopic_topic_128,0.1,similarity,Core Number Only,random_forest,192.22537180501968,1592,1798,0.769579598804951,0.0,0.11640706340881701,0.0,0.0,0.7999342789857058,0.0,0.1262080934851874,0.0,0.0
BERTopic_topic_128,0.1,similarity,Core Number Only,xgboost,192.22537180501968,1592,1798,0.7175842936406317,0.0,0.11015121301071215,0.0,0.0,0.7530989283823503,0.0,0.11255951168198887,0.0,0.0
BERTopic_topic_128,0.1,similarity+interactions,All,random_forest,203.39609680802096,1592,1798,0.947300469483568,0.75,0.771585417410861,0.6,1.0,0.8934498055753328,0.76,0.7468632574069524,0.6129032258064516,1.0
BERTopic_topic_128,0.1,similarity+interactions,All,xgboost,203.39609680802096,1592,1798,0.9449850618864704,0.72,0.7320633720603994,0.6,0.9,0.9535571498986801,0.7924528301886793,0.7680195958728192,0.6774193548387096,0.9545454545454546
BERTopic_topic_128,0.1,similarity+interactions,All but Betweenness and Harmonic,random_forest,203.39609680802096,1592,1798,0.9296094750320103,0.75,0.7583068857545433,0.6,1.0,0.9091589535754058,0.76,0.7408409160820414,0.6129032258064516,1.0
BERTopic_topic_128,0.1,similarity+interactions,All but Betweenness and Harmonic,xgboost,203.39609680802096,1592,1798,0.9503841229193342,0.7450980392156863,0.7425437590740602,0.6333333333333333,0.9047619047619048,0.9471219672490279,0.7924528301886793,0.7623066667082858,0.6774193548387096,0.9545454545454546
BERTopic_topic_128,0.1,similarity+interactions,Core Number Only,random_forest,203.39609680802096,1592,1798,0.7686619718309861,0.0,0.11635839284034097,0.0,0.0,0.8000164302535737,0.0,0.12640602465352113,0.0,0.0
BERTopic_topic_128,0.1,similarity+interactions,Core Number Only,xgboost,203.39609680802096,1592,1798,0.7153649167733674,0.0,0.109741598670546,0.0,0.0,0.7538839293864213,0.0,0.11304351060207445,0.0,0.0
BERTopic_topic_128,0.1,similarity+text_similarity,All,random_forest,188.73768293391913,1592,1798,0.9484635083226632,0.75,0.7745134795512234,0.6,1.0,0.9270588020519561,0.7450980392156863,0.7708043116084256,0.6129032258064516,0.95
BERTopic_topic_128,0.1,similarity+text_similarity,All,xgboost,188.73768293391913,1592,1798,0.930452411438327,0.7058823529411765,0.7323977120856275,0.6,0.8571428571428571,0.9353286963506582,0.7777777777777778,0.7540739014424475,0.6774193548387096,0.9130434782608695
BERTopic_topic_128,0.1,similarity+text_similarity,All but Betweenness and Harmonic,random_forest,188.73768293391913,1592,1798,0.9491037131882202,0.75,0.7792725042993369,0.6,1.0,0.928948281212918,0.7692307692307693,0.776159440079669,0.6451612903225806,0.9523809523809523
BERTopic_topic_128,0.1,similarity+text_similarity,All but Betweenness and Harmonic,xgboost,188.73768293391913,1592,1798,0.932618437900128,0.72,0.7469088983105028,0.6,0.9,0.9442740566296074,0.7857142857142857,0.7777631214269989,0.7096774193548387,0.88
BERTopic_topic_128,0.1,similarity+text_similarity,Core Number Only,random_forest,188.73768293391913,1592,1798,0.770049082373026,0.0,0.11643773413683435,0.0,0.0,0.8033207368055937,0.0,0.12902618931683252,0.0,0.0
BERTopic_topic_128,0.1,similarity+text_similarity,Core Number Only,xgboost,188.73768293391913,1592,1798,0.7121852326077678,0.0,0.10978045974885103,0.0,0.0,0.7584296328751119,0.0,0.11611469501423703,0.0,0.0
BERTopic_topic_128,0.1,similarity+text_similarity+interactions,All,random_forest,202.11127966200002,1592,1798,0.9294814340588988,0.75,0.7685120428970901,0.6,1.0,0.9257443817660697,0.7450980392156863,0.758859512537946,0.6129032258064516,0.95
BERTopic_topic_128,0.1,similarity+text_similarity+interactions,All,xgboost,202.11127966200002,1592,1798,0.9340909090909091,0.76,0.7478193053856381,0.6333333333333333,0.95,0.934653230370411,0.7777777777777778,0.7611833759919279,0.6774193548387096,0.9130434782608695
BERTopic_topic_128,0.1,similarity+text_similarity+interactions,All but Betweenness and Harmonic,random_forest,202.11127966200002,1592,1798,0.9297055057618436,0.723404255319149,0.7632114351774263,0.5666666666666667,1.0,0.9268306040856564,0.76,0.7606310154376034,0.6129032258064516,1.0
BERTopic_topic_128,0.1,similarity+text_similarity+interactions,All but Betweenness and Harmonic,xgboost,202.11127966200002,1592,1798,0.9347737942808365,0.7755102040816326,0.7474715605089178,0.6333333333333333,1.0,0.9413166109863628,0.7777777777777778,0.77809548013506,0.6774193548387096,0.9130434782608695
BERTopic_topic_128,0.1,similarity+text_similarity+interactions,Core Number Only,random_forest,202.11127966200002,1592,1798,0.7689820742637644,0.0,0.11637864852781132,0.0,0.0,0.8029099804662542,0.0,0.12918468159880253,0.0,0.0
BERTopic_topic_128,0.1,similarity+text_similarity+interactions,Core Number Only,xgboost,202.11127966200002,1592,1798,0.710264618011097,0.0,0.10954327660553326,0.0,0.0,0.7580645161290324,0.0,0.11614028347536527,0.0,0.0
BERTopic_topic_128,0.1,text_similarity,All,random_forest,192.11387930996716,1592,1798,0.9491890738369612,0.75,0.8087619732157421,0.6,1.0,0.9256074629862899,0.7692307692307693,0.7745176415642667,0.6451612903225806,0.9523809523809523
BERTopic_topic_128,0.1,text_similarity,All,xgboost,192.11387930996716,1592,1798,0.9357874519846351,0.6938775510204082,0.7311581811791634,0.5666666666666667,0.8947368421052632,0.9405498658195958,0.7924528301886793,0.7587803695964322,0.6774193548387096,0.9545454545454546
BERTopic_topic_128,0.1,text_similarity,All but Betweenness and Harmonic,random_forest,192.11387930996716,1592,1798,0.9425309432351685,0.75,0.8013309242293616,0.6,1.0,0.9077349982656954,0.7843137254901961,0.7663903618755414,0.6451612903225806,1.0
BERTopic_topic_128,0.1,text_similarity,All but Betweenness and Harmonic,xgboost,192.11387930996716,1592,1798,0.9367690994451559,0.6938775510204082,0.7526393815643939,0.5666666666666667,0.8947368421052632,0.9332840425726125,0.7692307692307693,0.7527115646304026,0.6451612903225806,0.9523809523809523
BERTopic_topic_128,0.1,text_similarity,Core Number Only,random_forest,192.11387930996716,1592,1798,0.7592723004694836,0.0,0.11572967402786735,0.0,0.0,0.7887251948810633,0.0,0.12543330171461123,0.0,0.0
BERTopic_topic_128,0.1,text_similarity,Core Number Only,xgboost,192.11387930996716,1592,1798,0.7096991037131883,0.0,0.10901528688118794,0.0,0.0,0.7535553243149496,0.0,0.1130625240513335,0.0,0.0
BERTopic_topic_128,0.1,text_similarity+interactions,All,random_forest,203.9555269840639,1592,1798,0.9449210413999147,0.7346938775510204,0.7888726502836991,0.6,0.9473684210526315,0.927241360424996,0.7692307692307693,0.7699505781838738,0.6451612903225806,0.9523809523809523
BERTopic_topic_128,0.1,text_similarity+interactions,All,xgboost,203.9555269840639,1592,1798,0.9391165172855314,0.6956521739130435,0.7087953614808995,0.5333333333333333,1.0,0.9454241743797579,0.7924528301886793,0.7606526274966336,0.6774193548387096,0.9545454545454546
BERTopic_topic_128,0.1,text_similarity+interactions,All but Betweenness and Harmonic,random_forest,203.9555269840639,1592,1798,0.9435446009389672,0.75,0.7888591599477749,0.6,1.0,0.9224309472953977,0.7843137254901961,0.7595381246525029,0.6451612903225806,1.0
BERTopic_topic_128,0.1,text_similarity+interactions,All but Betweenness and Harmonic,xgboost,203.9555269840639,1592,1798,0.9241890738369613,0.6956521739130435,0.727291994513527,0.5333333333333333,1.0,0.9278072913814192,0.7777777777777778,0.7482703063461645,0.6774193548387096,0.9130434782608695
BERTopic_topic_128,0.1,text_similarity+interactions,Core Number Only,random_forest,203.9555269840639,1592,1798,0.759122919334187,0.0,0.11572247827953923,0.0,0.0,0.7884239735655476,0.0,0.12533538881166775,0.0,0.0
BERTopic_topic_128,0.1,text_similarity+interactions,Core Number Only,xgboost,203.9555269840639,1592,1798,0.7116623986342295,0.0,0.10901028104339475,0.0,0.0,0.755828176059295,0.0,0.11314985303165208,0.0,0.0
BERTopic_topic_128,0.2,interactions,All,random_forest,3.773063163040206,1710,1798,0.8537202380952382,0.6046511627906976,0.6027922309525433,0.43333333333333335,1.0,0.8499735290359092,0.5909090909090909,0.5934000003690846,0.41935483870967744,1.0
BERTopic_topic_128,0.2,interactions,All,xgboost,3.773063163040206,1710,1798,0.8848511904761905,0.6363636363636364,0.5857270369394588,0.4666666666666667,1.0,0.851826496522263,0.6086956521739131,0.6065818488811751,0.45161290322580644,0.9333333333333333
BERTopic_topic_128,0.2,interactions,All but Betweenness and Harmonic,random_forest,3.773063163040206,1710,1798,0.8467956349206349,0.6046511627906976,0.6135829707501533,0.43333333333333335,1.0,0.8666411084944412,0.6222222222222222,0.578601882187155,0.45161290322580644,1.0
BERTopic_topic_128,0.2,interactions,All but Betweenness and Harmonic,xgboost,3.773063163040206,1710,1798,0.886984126984127,0.6046511627906976,0.579094857151635,0.43333333333333335,1.0,0.8793015316647499,0.5909090909090909,0.5930029506330494,0.41935483870967744,1.0
BERTopic_topic_128,0.2,interactions,Core Number Only,random_forest,3.773063163040206,1710,1798,0.7189682539682539,0.0,0.0970045724269629,0.0,0.0,0.7272212790039615,0.0,0.10406130472407413,0.0,0.0
BERTopic_topic_128,0.2,interactions,Core Number Only,xgboost,3.773063163040206,1710,1798,0.7269642857142856,0.0,0.09875450060368683,0.0,0.0,0.7285904668017599,0.0,0.10652925912799445,0.0,0.0
BERTopic_topic_128,0.2,similarity,All,random_forest,229.61516243498772,1710,1798,0.9576190476190477,0.7346938775510204,0.7851453777032577,0.6,0.9473684210526315,0.9466929550723845,0.7450980392156863,0.778479124778382,0.6129032258064516,0.95
BERTopic_topic_128,0.2,similarity,All,xgboost,229.61516243498772,1710,1798,0.9575396825396826,0.7843137254901961,0.7464388089634567,0.6666666666666666,0.9523809523809523,0.9547529072420906,0.7169811320754716,0.7425658800559964,0.6129032258064516,0.8636363636363636
BERTopic_topic_128,0.2,similarity,All but Betweenness and Harmonic,random_forest,229.61516243498772,1710,1798,0.9310416666666667,0.75,0.7941161780570358,0.6,1.0,0.899054347627654,0.7692307692307693,0.7759340669129323,0.6451612903225806,0.9523809523809523
BERTopic_topic_128,0.2,similarity,All but Betweenness and Harmonic,xgboost,229.61516243498772,1710,1798,0.9506150793650794,0.7843137254901961,0.7421098104280488,0.6666666666666666,0.9523809523809523,0.9444018474907352,0.7547169811320755,0.7460532060453345,0.6451612903225806,0.9090909090909091
BERTopic_topic_128,0.2,similarity,Core Number Only,random_forest,229.61516243498772,1710,1798,0.8026984126984127,0.0,0.10348993484490286,0.0,0.0,0.812978074739398,0.0,0.10406182401369,0.0,0.0
BERTopic_topic_128,0.2,similarity,Core Number Only,xgboost,229.61516243498772,1710,1798,0.7720535714285713,0.0,0.10129164126313882,0.0,0.0,0.795698924731183,0.0,0.10453585700280114,0.0,0.0
BERTopic_topic_128,0.2,similarity+interactions,All,random_forest,240.9124589508865,1710,1798,0.9114484126984127,0.7346938775510204,0.7428061359484729,0.6,0.9473684210526315,0.9260547310002373,0.76,0.7403828903375126,0.6129032258064516,1.0
BERTopic_topic_128,0.2,similarity+interactions,All,xgboost,240.9124589508865,1710,1798,0.9378571428571428,0.7843137254901961,0.7405843199575383,0.6666666666666666,0.9523809523809523,0.9517589499242383,0.7692307692307693,0.7485814263837199,0.6451612903225806,0.9523809523809523
BERTopic_topic_128,0.2,similarity+interactions,All but Betweenness and Harmonic,random_forest,240.9124589508865,1710,1798,0.9290376984126983,0.75,0.7634256699142477,0.6,1.0,0.9130748306771092,0.7692307692307693,0.7428981950351388,0.6451612903225806,0.9523809523809523
BERTopic_topic_128,0.2,similarity+interactions,All but Betweenness and Harmonic,xgboost,240.9124589508865,1710,1798,0.9361706349206349,0.7450980392156863,0.7315337160071653,0.6333333333333333,0.9047619047619048,0.9476878982054512,0.7450980392156863,0.7531555452253546,0.6129032258064516,0.95
BERTopic_topic_128,0.2,similarity+interactions,Core Number Only,random_forest,240.9124589508865,1710,1798,0.8030952380952381,0.0,0.1035870656442019,0.0,0.0,0.8135622615331253,0.0,0.10420612920956406,0.0,0.0
BERTopic_topic_128,0.2,similarity+interactions,Core Number Only,xgboost,240.9124589508865,1710,1798,0.7707936507936509,0.0,0.10098619838357427,0.0,0.0,0.7965752049217737,0.0,0.104723272474581,0.0,0.0
BERTopic_topic_128,0.2,similarity+text_similarity,All,random_forest,234.77430058899336,1710,1798,0.9496527777777779,0.75,0.8019751113701049,0.6,1.0,0.9282819431513226,0.76,0.7771323061065095,0.6129032258064516,1.0
BERTopic_topic_128,0.2,similarity+text_similarity,All,xgboost,234.77430058899336,1710,1798,0.9520634920634921,0.7169811320754716,0.7418235689522181,0.6333333333333333,0.8260869565217391,0.9412800993117549,0.7924528301886793,0.7617893413778332,0.6774193548387096,0.9545454545454546
BERTopic_topic_128,0.2,similarity+text_similarity,All but Betweenness and Harmonic,random_forest,234.77430058899336,1710,1798,0.9145337301587303,0.75,0.7736208077248257,0.6,1.0,0.9122168063238221,0.7843137254901961,0.7809017712786606,0.6451612903225806,1.0
BERTopic_topic_128,0.2,similarity+text_similarity,All but Betweenness and Harmonic,xgboost,234.77430058899336,1710,1798,0.9528968253968255,0.7169811320754716,0.7382513822092351,0.6333333333333333,0.8260869565217391,0.9452416160067182,0.7692307692307693,0.7655380078155279,0.6451612903225806,0.9523809523809523
BERTopic_topic_128,0.2,similarity+text_similarity,Core Number Only,random_forest,234.77430058899336,1710,1798,0.8037599206349206,0.0,0.10309196787508385,0.0,0.0,0.8135622615331253,0.0,0.10352998507336547,0.0,0.0
BERTopic_topic_128,0.2,similarity+text_similarity,Core Number Only,xgboost,234.77430058899336,1710,1798,0.7720734126984127,0.0,0.10076930624550952,0.0,0.0,0.7926501999014184,0.0,0.10367408752298977,0.0,0.0
BERTopic_topic_128,0.2,similarity+text_similarity+interactions,All,random_forest,236.97146047989372,1710,1798,0.9148809523809525,0.75,0.759296014874214,0.6,1.0,0.9405498658195959,0.7843137254901961,0.7563318593055537,0.6451612903225806,1.0
BERTopic_topic_128,0.2,similarity+text_similarity+interactions,All,xgboost,236.97146047989372,1710,1798,0.9526388888888889,0.7450980392156863,0.738471621172228,0.6333333333333333,0.9047619047619048,0.9402942840973401,0.7924528301886793,0.7689569338765375,0.6774193548387096,0.9545454545454546
BERTopic_topic_128,0.2,similarity+text_similarity+interactions,All but Betweenness and Harmonic,random_forest,236.97146047989372,1710,1798,0.9285912698412698,0.75,0.7611929414333246,0.6,1.0,0.8975026014568159,0.76,0.7581807312440931,0.6129032258064516,1.0
BERTopic_topic_128,0.2,similarity+text_similarity+interactions,All but Betweenness and Harmonic,xgboost,236.97146047989372,1710,1798,0.9398809523809524,0.7307692307692307,0.7343780051563478,0.6333333333333333,0.8636363636363636,0.9402942840973402,0.7777777777777778,0.762721287472493,0.6774193548387096,0.9130434782608695
BERTopic_topic_128,0.2,similarity+text_similarity+interactions,Core Number Only,random_forest,236.97146047989372,1710,1798,0.8041567460317461,0.0,0.10319375820196938,0.0,0.0,0.8141464483268525,0.0,0.10367983820396103,0.0,0.0
BERTopic_topic_128,0.2,similarity+text_similarity+interactions,Core Number Only,xgboost,236.97146047989372,1710,1798,0.7709920634920635,0.0,0.10063204205058264,0.0,0.0,0.7959818902093944,0.0,0.10391588106293388,0.0,0.0
BERTopic_topic_128,0.2,text_similarity,All,random_forest,238.21092337509617,1710,1798,0.898452380952381,0.76,0.7944723973232745,0.6333333333333333,0.95,0.9257443817660698,0.7547169811320755,0.7720322640637727,0.6451612903225806,0.9090909090909091
BERTopic_topic_128,0.2,text_similarity,All,xgboost,238.21092337509617,1710,1798,0.9630753968253968,0.7692307692307693,0.7868497256677444,0.6666666666666666,0.9090909090909091,0.9674589700056593,0.8,0.7818187115400561,0.7096774193548387,0.9166666666666666
BERTopic_topic_128,0.2,text_similarity,All but Betweenness and Harmonic,random_forest,238.21092337509617,1710,1798,0.9000297619047619,0.75,0.7929192367492806,0.6,1.0,0.9138050641692681,0.7692307692307693,0.7771565635252886,0.6451612903225806,0.9523809523809523
BERTopic_topic_128,0.2,text_similarity,All but Betweenness and Harmonic,xgboost,238.21092337509617,1710,1798,0.9588888888888889,0.76,0.7587049878811922,0.6333333333333333,0.95,0.9580937254687186,0.8,0.7783954870430204,0.7096774193548387,0.9166666666666666
BERTopic_topic_128,0.2,text_similarity,Core Number Only,random_forest,238.21092337509617,1710,1798,0.803263888888889,0.0,0.10283190490059928,0.0,0.0,0.8129872026580499,0.0,0.10379519821966064,0.0,0.0
BERTopic_topic_128,0.2,text_similarity,Core Number Only,xgboost,238.21092337509617,1710,1798,0.7646825396825397,0.0,0.10002157670012486,0.0,0.0,0.7889168811727549,0.0,0.1034323940603451,0.0,0.0
BERTopic_topic_128,0.2,text_similarity+interactions,All,random_forest,247.86940268799663,1710,1798,0.9300396825396826,0.76,0.7838597402875482,0.6333333333333333,0.95,0.908209650035599,0.7843137254901961,0.7632007927118624,0.6451612903225806,1.0
BERTopic_topic_128,0.2,text_similarity+interactions,All,xgboost,247.86940268799663,1710,1798,0.9582539682539682,0.8,0.7809046571371994,0.6666666666666666,1.0,0.9667652481881083,0.7857142857142857,0.7895232256815711,0.7096774193548387,0.88
BERTopic_topic_128,0.2,text_similarity+interactions,All but Betweenness and Harmonic,random_forest,247.86940268799663,1710,1798,0.8994543650793652,0.75,0.7740051134345024,0.6,1.0,0.899191266407434,0.7692307692307693,0.7672834680976499,0.6451612903225806,0.9523809523809523
BERTopic_topic_128,0.2,text_similarity+interactions,All but Betweenness and Harmonic,xgboost,247.86940268799663,1710,1798,0.9546428571428571,0.76,0.7817070645725068,0.6333333333333333,0.95,0.9601201234094602,0.7777777777777778,0.7837166620638825,0.6774193548387096,0.9130434782608695
BERTopic_topic_128,0.2,text_similarity+interactions,Core Number Only,random_forest,247.86940268799663,1710,1798,0.8037599206349207,0.0,0.10295231411719478,0.0,0.0,0.8133340635668255,0.0,0.1038755000868843,0.0,0.0
BERTopic_topic_128,0.2,text_similarity+interactions,Core Number Only,xgboost,247.86940268799663,1710,1798,0.7684226190476189,0.0,0.10038809327166892,0.0,0.0,0.788816474067583,0.0,0.10340975625338795,0.0,0.0
BERTopic_topic_128,0.5,interactions,All,random_forest,3.399533168063499,1765,1798,0.9001562674405625,0.5581395348837209,0.6189650732237932,0.3870967741935484,1.0,0.8380159556018038,0.5909090909090909,0.577506643899131,0.41935483870967744,1.0
BERTopic_topic_128,0.5,interactions,All,xgboost,3.399533168063499,1765,1798,0.8718606987386985,0.6382978723404256,0.5894621237144622,0.4838709677419355,0.9375,0.8676269237088559,0.6382978723404256,0.5751630895097591,0.4838709677419355,0.9375
BERTopic_topic_128,0.5,interactions,All but Betweenness and Harmonic,random_forest,3.399533168063499,1765,1798,0.8953194180898166,0.5581395348837209,0.6161496071242322,0.3870967741935484,1.0,0.8909943954579478,0.5909090909090909,0.6003329232683177,0.41935483870967744,1.0
BERTopic_topic_128,0.5,interactions,All but Betweenness and Harmonic,xgboost,3.399533168063499,1765,1798,0.8718513971053317,0.6382978723404256,0.5976809226115652,0.4838709677419355,0.9375,0.8706208810267082,0.6222222222222222,0.5900723686064628,0.45161290322580644,1.0
BERTopic_topic_128,0.5,interactions,Core Number Only,random_forest,3.399533168063499,1765,1798,0.7071752799791643,0.0,0.0909752886747358,0.0,0.0,0.70527776256458,0.0,0.08815797747954521,0.0,0.0
BERTopic_topic_128,0.5,interactions,Core Number Only,xgboost,3.399533168063499,1765,1798,0.7177233322171374,0.0,0.0896313475373447,0.0,0.0,0.716048706573927,0.0,0.09032579120727606,0.0,0.0
BERTopic_topic_128,0.5,similarity,All,random_forest,274.2379096680088,1765,1798,0.9686907020872866,0.7843137254901961,0.8241811251325111,0.6451612903225806,1.0,0.9408875988097195,0.7843137254901961,0.8271066990798774,0.6451612903225806,1.0
BERTopic_topic_128,0.5,similarity,All,xgboost,274.2379096680088,1765,1798,0.9712021430963277,0.7924528301886793,0.8098686619531625,0.6774193548387096,0.9545454545454546,0.9513755773408548,0.7169811320754716,0.7633185103568523,0.6129032258064516,0.8636363636363636
BERTopic_topic_128,0.5,similarity,All but Betweenness and Harmonic,random_forest,274.2379096680088,1765,1798,0.9535197380660043,0.7692307692307693,0.8184053848566389,0.6451612903225806,0.9523809523809523,0.9686729831863738,0.7843137254901961,0.8186734858910527,0.6451612903225806,1.0
BERTopic_topic_128,0.5,similarity,All but Betweenness and Harmonic,xgboost,274.2379096680088,1765,1798,0.970681251627786,0.7692307692307693,0.8232050312656367,0.6451612903225806,0.9523809523809523,0.9583766909469302,0.7547169811320755,0.7678167545044836,0.6451612903225806,0.9090909090909091
BERTopic_topic_128,0.5,similarity,Core Number Only,random_forest,274.2379096680088,1765,1798,0.7935874539569148,0.0,0.09120352045537558,0.0,0.0,0.8230005294192817,0.0,0.0992135993776864,0.0,0.0
BERTopic_topic_128,0.5,similarity,Core Number Only,xgboost,274.2379096680088,1765,1798,0.7847974104252707,0.0,0.09174915516157217,0.0,0.0,0.8118188290705954,0.0,0.09855853037258672,0.0,0.0
BERTopic_topic_128,0.5,similarity+interactions,All,random_forest,272.64872104499955,1765,1798,0.9518826505934443,0.8076923076923077,0.8226068356943508,0.6774193548387096,1.0,0.9541961042043194,0.7843137254901961,0.8203574555383868,0.6451612903225806,1.0
BERTopic_topic_128,0.5,similarity+interactions,All,xgboost,272.64872104499955,1765,1798,0.965323510808498,0.7924528301886793,0.7990468858314738,0.6774193548387096,0.9545454545454546,0.9502437154280081,0.72,0.7706009034896752,0.5806451612903226,0.9473684210526315
BERTopic_topic_128,0.5,similarity+interactions,All but Betweenness and Harmonic,random_forest,272.64872104499955,1765,1798,0.955854448041076,0.7692307692307693,0.8198061721138706,0.6451612903225806,0.9523809523809523,0.9550541285576064,0.7843137254901961,0.8181386265381378,0.6451612903225806,1.0
BERTopic_topic_128,0.5,similarity+interactions,All but Betweenness and Harmonic,xgboost,272.64872104499955,1765,1798,0.9674070766826655,0.7777777777777778,0.8078648336300451,0.6774193548387096,0.9130434782608695,0.9552731986052541,0.72,0.7689328781913971,0.5806451612903226,0.9473684210526315
BERTopic_topic_128,0.5,similarity+interactions,Core Number Only,random_forest,272.64872104499955,1765,1798,0.7964709603006288,0.0,0.09135636404859089,0.0,0.0,0.8280391405151798,0.0,0.10006529442215398,0.0,0.0
BERTopic_topic_128,0.5,similarity+interactions,Core Number Only,xgboost,272.64872104499955,1765,1798,0.7951036201957064,0.0,0.09226865775105303,0.0,0.0,0.8224893659747705,0.0,0.09954594717426987,0.0,0.0
BERTopic_topic_128,0.5,similarity+text_similarity,All,random_forest,259.37448299198877,1765,1798,0.9361256836700524,0.7843137254901961,0.8016798066719155,0.6451612903225806,1.0,0.9689833324205415,0.7843137254901961,0.8229869808980241,0.6451612903225806,1.0
BERTopic_topic_128,0.5,similarity+text_similarity,All,xgboost,259.37448299198877,1765,1798,0.9640398854038769,0.7407407407407407,0.7875042947103277,0.6451612903225806,0.8695652173913043,0.959417273673257,0.7058823529411765,0.7641957349198448,0.5806451612903226,0.9
BERTopic_topic_128,0.5,similarity+text_similarity,All but Betweenness and Harmonic,random_forest,259.37448299198877,1765,1798,0.9706440450943186,0.7843137254901961,0.8331894956088517,0.6451612903225806,1.0,0.9709275790934151,0.76,0.8186505252422274,0.6129032258064516,1.0
BERTopic_topic_128,0.5,similarity+text_similarity,All but Betweenness and Harmonic,xgboost,259.37448299198877,1765,1798,0.9733787253041634,0.7407407407407407,0.8032150857627978,0.6451612903225806,0.8695652173913043,0.9531372656406886,0.7307692307692307,0.7534120673968528,0.6129032258064516,0.9047619047619048
BERTopic_topic_128,0.5,similarity+text_similarity,Core Number Only,random_forest,259.37448299198877,1765,1798,0.8038285522937828,0.0,0.09645136502739694,0.0,0.0,0.8347207769684357,0.0,0.1051683553239258,0.0,0.0
BERTopic_topic_128,0.5,similarity+text_similarity,Core Number Only,xgboost,259.37448299198877,1765,1798,0.7933363098560108,0.0,0.09792187428692528,0.0,0.0,0.8237125070741369,0.0,0.10511718397303985,0.0,0.0
BERTopic_topic_128,0.5,similarity+text_similarity+interactions,All,random_forest,273.2395066139288,1765,1798,0.9360512706031179,0.7843137254901961,0.8032207022172304,0.6451612903225806,1.0,0.9679792613688227,0.7843137254901961,0.8048368853405059,0.6451612903225806,1.0
BERTopic_topic_128,0.5,similarity+text_similarity+interactions,All,xgboost,273.2395066139288,1765,1798,0.9563567362428842,0.7636363636363637,0.780135068903426,0.6774193548387096,0.875,0.94864632966391,0.7037037037037037,0.7382361786528603,0.6129032258064516,0.8260869565217391
BERTopic_topic_128,0.5,similarity+text_similarity+interactions,All but Betweenness and Harmonic,random_forest,273.2395066139288,1765,1798,0.970625441827585,0.7843137254901961,0.8276169939947315,0.6451612903225806,1.0,0.9698961242857405,0.76,0.8192402864841595,0.6129032258064516,1.0
BERTopic_topic_128,0.5,similarity+text_similarity+interactions,All but Betweenness and Harmonic,xgboost,273.2395066139288,1765,1798,0.9659560218774417,0.8,0.7874488651781847,0.7096774193548387,0.9166666666666666,0.9464191175128247,0.6923076923076923,0.7283691867178413,0.5806451612903226,0.8571428571428571
BERTopic_topic_128,0.5,similarity+text_similarity+interactions,Core Number Only,random_forest,273.2395066139288,1765,1798,0.8069445994716672,0.0,0.09610761292470536,0.0,0.0,0.8386366540701389,0.0,0.1052697439039727,0.0,0.0
BERTopic_topic_128,0.5,similarity+text_similarity+interactions,Core Number Only,xgboost,273.2395066139288,1765,1798,0.8033634706254418,0.0,0.09809888766304227,0.0,0.0,0.828559431878343,0.0,0.10542497538315941,0.0,0.0
BERTopic_topic_128,0.5,text_similarity,All,random_forest,266.1428142719669,1765,1798,0.9672396472820628,0.8076923076923077,0.8318054202516336,0.6774193548387096,1.0,0.9877594610876828,0.8076923076923077,0.851294092091056,0.6774193548387096,1.0
BERTopic_topic_128,0.5,text_similarity,All,xgboost,266.1428142719669,1765,1798,0.9783644007887785,0.7407407407407407,0.7964714988392846,0.6451612903225806,0.8695652173913043,0.9583766909469302,0.7547169811320755,0.7835552469602509,0.6451612903225806,0.9090909090909091
BERTopic_topic_128,0.5,text_similarity,All but Betweenness and Harmonic,random_forest,266.1428142719669,1765,1798,0.9804293633962124,0.8148148148148148,0.8314996444077878,0.7096774193548387,0.9565217391304348,0.9548259305913066,0.7843137254901961,0.8314089444358224,0.6451612903225806,1.0
BERTopic_topic_128,0.5,text_similarity,All but Betweenness and Harmonic,xgboost,266.1428142719669,1765,1798,0.9808200319976188,0.7547169811320755,0.8167332891381149,0.6451612903225806,0.9090909090909091,0.9477335377987112,0.6923076923076923,0.7686244247761296,0.5806451612903226,0.8571428571428571
BERTopic_topic_128,0.5,text_similarity,Core Number Only,random_forest,266.1428142719669,1765,1798,0.7988242735424341,0.0,0.09536368385498502,0.0,0.0,0.8267155923106413,0.0,0.10332871235519207,0.0,0.0
BERTopic_topic_128,0.5,text_similarity,Core Number Only,xgboost,266.1428142719669,1765,1798,0.7862577668638613,0.0,0.09424284017172449,0.0,0.0,0.8186191284663271,0.0,0.1022877065455366,0.0,0.0
BERTopic_topic_128,0.5,text_similarity+interactions,All,random_forest,267.7665436139796,1765,1798,0.9720392900993415,0.8076923076923077,0.8359863046202157,0.6774193548387096,1.0,0.9821549190353616,0.7843137254901961,0.8217057515136101,0.6451612903225806,1.0
BERTopic_topic_128,0.5,text_similarity+interactions,All,xgboost,267.7665436139796,1765,1798,0.9771737917178256,0.7307692307692307,0.8382788601362547,0.6129032258064516,0.9047619047619048,0.9704985669167716,0.72,0.8150049097763521,0.5806451612903226,0.9473684210526315
BERTopic_topic_128,0.5,text_similarity+interactions,All but Betweenness and Harmonic,random_forest,267.7665436139796,1765,1798,0.9648770324068906,0.8148148148148148,0.8164577493101233,0.7096774193548387,0.9565217391304348,0.9532924402577724,0.76,0.8103368245312588,0.6129032258064516,1.0
BERTopic_topic_128,0.5,text_similarity+interactions,All but Betweenness and Harmonic,xgboost,267.7665436139796,1765,1798,0.9786248465230495,0.7450980392156863,0.835904812488721,0.6129032258064516,0.95,0.9646201873048907,0.72,0.8101937662552703,0.5806451612903226,0.9473684210526315
BERTopic_topic_128,0.5,text_similarity+interactions,Core Number Only,random_forest,267.7665436139796,1765,1798,0.820999367488931,0.0,0.09777434327913008,0.0,0.0,0.8509502163316722,0.0,0.10583162291882896,0.0,0.0
BERTopic_topic_128,0.5,text_similarity+interactions,Core Number Only,xgboost,267.7665436139796,1765,1798,0.816832235740596,0.0,0.09559791596028626,0.0,0.0,0.8483122478412473,0.0,0.10349424359300474,0.0,0.0
BERTopic_topic_128,1.0,interactions,All,random_forest,4.485064757987857,1798,1798,0.847691549372912,0.5909090909090909,0.6264046275721067,0.41935483870967744,1.0,0.847691549372912,0.5909090909090909,0.6264046275721067,0.41935483870967744,1.0
BERTopic_topic_128,1.0,interactions,All,xgboost,4.485064757987857,1798,1798,0.8315533891961955,0.6382978723404256,0.5591895744431249,0.4838709677419355,0.9375,0.8315533891961955,0.6382978723404256,0.5591895744431249,0.4838709677419355,0.9375
BERTopic_topic_128,1.0,interactions,All but Betweenness and Harmonic,random_forest,4.485064757987857,1798,1798,0.8702922759552367,0.5909090909090909,0.6192587309575468,0.41935483870967744,1.0,0.8702922759552367,0.5909090909090909,0.6192587309575468,0.41935483870967744,1.0
BERTopic_topic_128,1.0,interactions,All but Betweenness and Harmonic,xgboost,4.485064757987857,1798,1798,0.8447706154042756,0.6222222222222222,0.5640215806330224,0.45161290322580644,1.0,0.8447706154042756,0.6222222222222222,0.5640215806330224,0.45161290322580644,1.0
BERTopic_topic_128,1.0,interactions,Core Number Only,random_forest,4.485064757987857,1798,1798,0.7047483432827647,0.0,0.090843465299883,0.0,0.0,0.7047483432827647,0.0,0.090843465299883,0.0,0.0
BERTopic_topic_128,1.0,interactions,Core Number Only,xgboost,4.485064757987857,1798,1798,0.7131734121985505,0.0,0.09100674728599242,0.0,0.0,0.7131734121985505,0.0,0.09100674728599242,0.0,0.0
BERTopic_topic_128,1.0,similarity,All,random_forest,282.92268377903383,1798,1798,0.9669386786424958,0.7843137254901961,0.7998278223400036,0.6451612903225806,1.0,0.9669386786424958,0.7843137254901961,0.7998278223400036,0.6451612903225806,1.0
BERTopic_topic_128,1.0,similarity,All,xgboost,282.92268377903383,1798,1798,0.9418551581868303,0.7547169811320755,0.7649115920801568,0.6451612903225806,0.9090909090909091,0.9418551581868303,0.7547169811320755,0.7649115920801568,0.6451612903225806,0.9090909090909091
BERTopic_topic_128,1.0,similarity,All but Betweenness and Harmonic,random_forest,282.92268377903383,1798,1798,0.9708271719882433,0.76,0.8109359892783554,0.6129032258064516,1.0,0.9708271719882433,0.76,0.8109359892783554,0.6129032258064516,1.0
BERTopic_topic_128,1.0,similarity,All but Betweenness and Harmonic,xgboost,282.92268377903383,1798,1798,0.9377841064680432,0.7407407407407407,0.7733790685772357,0.6451612903225806,0.8695652173913043,0.9377841064680432,0.7407407407407407,0.7733790685772357,0.6451612903225806,0.8695652173913043
BERTopic_topic_128,1.0,similarity,Core Number Only,random_forest,282.92268377903383,1798,1798,0.8221151213100388,0.0,0.08719525057277525,0.0,0.0,0.8221151213100388,0.0,0.08719525057277525,0.0,0.0
BERTopic_topic_128,1.0,similarity,Core Number Only,xgboost,282.92268377903383,1798,1798,0.8190755243989264,0.0,0.08523283844491952,0.0,0.0,0.8190755243989264,0.0,0.08523283844491952,0.0,0.0
BERTopic_topic_128,1.0,similarity+interactions,All,random_forest,287.4412736539962,1798,1798,0.9515033682019827,0.7843137254901961,0.7912250627639672,0.6451612903225806,1.0,0.9515033682019827,0.7843137254901961,0.7912250627639672,0.6451612903225806,1.0
BERTopic_topic_128,1.0,similarity+interactions,All,xgboost,287.4412736539962,1798,1798,0.9408328312978076,0.7547169811320755,0.7720377750896741,0.6451612903225806,0.9090909090909091,0.9408328312978076,0.7547169811320755,0.7720377750896741,0.6451612903225806,0.9090909090909091
BERTopic_topic_128,1.0,similarity+interactions,All but Betweenness and Harmonic,random_forest,287.4412736539962,1798,1798,0.9685725760812018,0.7843137254901961,0.789283412581222,0.6451612903225806,1.0,0.9685725760812018,0.7843137254901961,0.789283412581222,0.6451612903225806,1.0
BERTopic_topic_128,1.0,similarity+interactions,All but Betweenness and Harmonic,xgboost,287.4412736539962,1798,1798,0.9345163115906311,0.7307692307692307,0.7761934905041377,0.6129032258064516,0.9047619047619048,0.9345163115906311,0.7307692307692307,0.7761934905041377,0.6129032258064516,0.9047619047619048
BERTopic_topic_128,1.0,similarity+interactions,Core Number Only,random_forest,287.4412736539962,1798,1798,0.8206181426511128,0.0,0.08625271283664371,0.0,0.0,0.8206181426511128,0.0,0.08625271283664371,0.0,0.0
BERTopic_topic_128,1.0,similarity+interactions,Core Number Only,xgboost,287.4412736539962,1798,1798,0.8140004016284207,0.0,0.0833489661756146,0.0,0.0,0.8140004016284207,0.0,0.0833489661756146,0.0,0.0
BERTopic_topic_128,1.0,similarity+text_similarity,All,random_forest,284.01141040900256,1798,1798,0.9690563557697575,0.7843137254901961,0.8111456681910751,0.6451612903225806,1.0,0.9690563557697575,0.7843137254901961,0.8111456681910751,0.6451612903225806,1.0
BERTopic_topic_128,1.0,similarity+text_similarity,All,xgboost,284.01141040900256,1798,1798,0.9616809974989502,0.7307692307692307,0.798304228495775,0.6129032258064516,0.9047619047619048,0.9616809974989502,0.7307692307692307,0.798304228495775,0.6129032258064516,0.9047619047619048
BERTopic_topic_128,1.0,similarity+text_similarity,All but Betweenness and Harmonic,random_forest,284.01141040900256,1798,1798,0.9558938970735893,0.7346938775510204,0.8282641600692031,0.5806451612903226,1.0,0.9558938970735893,0.7346938775510204,0.8282641600692031,0.5806451612903226,1.0
BERTopic_topic_128,1.0,similarity+text_similarity,All but Betweenness and Harmonic,xgboost,284.01141040900256,1798,1798,0.9558482574803294,0.7307692307692307,0.7943420028401149,0.6129032258064516,0.9047619047619048,0.9558482574803294,0.7307692307692307,0.7943420028401149,0.6129032258064516,0.9047619047619048
BERTopic_topic_128,1.0,similarity+text_similarity,Core Number Only,random_forest,284.01141040900256,1798,1798,0.8249995436040675,0.0,0.08813911455892898,0.0,0.0,0.8249995436040675,0.0,0.08813911455892898,0.0,0.0
BERTopic_topic_128,1.0,similarity+text_similarity,Core Number Only,xgboost,284.01141040900256,1798,1798,0.8194497690636582,0.0,0.08757980674584373,0.0,0.0,0.8194497690636582,0.0,0.08757980674584373,0.0,0.0
BERTopic_topic_128,1.0,similarity+text_similarity+interactions,All,random_forest,284.4012976370286,1798,1798,0.9679610055315186,0.7843137254901961,0.8012469712976487,0.6451612903225806,1.0,0.9679610055315186,0.7843137254901961,0.8012469712976487,0.6451612903225806,1.0
BERTopic_topic_128,1.0,similarity+text_similarity+interactions,All,xgboost,284.4012976370286,1798,1798,0.9673037953885755,0.7307692307692307,0.787897035669292,0.6129032258064516,0.9047619047619048,0.9673037953885755,0.7307692307692307,0.787897035669292,0.6129032258064516,0.9047619047619048
BERTopic_topic_128,1.0,similarity+text_similarity+interactions,All but Betweenness and Harmonic,random_forest,284.4012976370286,1798,1798,0.9542691275535353,0.7346938775510204,0.8001720911148213,0.5806451612903226,1.0,0.9542691275535353,0.7346938775510204,0.8001720911148213,0.5806451612903226,1.0
BERTopic_topic_128,1.0,similarity+text_similarity+interactions,All but Betweenness and Harmonic,xgboost,284.4012976370286,1798,1798,0.9649853040509703,0.7450980392156863,0.7880162502520796,0.6129032258064516,0.95,0.9649853040509703,0.7450980392156863,0.7880162502520796,0.6129032258064516,0.95
BERTopic_topic_128,1.0,similarity+text_similarity+interactions,Core Number Only,random_forest,284.4012976370286,1798,1798,0.8250269273600234,0.0,0.08816324897798938,0.0,0.0,0.8250269273600234,0.0,0.08816324897798938,0.0,0.0
BERTopic_topic_128,1.0,similarity+text_similarity+interactions,Core Number Only,xgboost,284.4012976370286,1798,1798,0.8197327345418697,0.0,0.0876034018207538,0.0,0.0,0.8197327345418697,0.0,0.0876034018207538,0.0,0.0
BERTopic_topic_128,1.0,text_similarity,All,random_forest,287.2750791030703,1798,1798,0.9514668565273747,0.7843137254901961,0.8241118855555924,0.6451612903225806,1.0,0.9514668565273747,0.7843137254901961,0.8241118855555924,0.6451612903225806,1.0
BERTopic_topic_128,1.0,text_similarity,All,xgboost,287.2750791030703,1798,1798,0.9658980959161692,0.7547169811320755,0.8235989221398539,0.6451612903225806,0.9090909090909091,0.9658980959161692,0.7547169811320755,0.8235989221398539,0.6451612903225806,0.9090909090909091
BERTopic_topic_128,1.0,text_similarity,All but Betweenness and Harmonic,random_forest,287.2750791030703,1798,1798,0.9664640268725926,0.7346938775510204,0.8393878128394655,0.5806451612903226,1.0,0.9664640268725926,0.7346938775510204,0.8393878128394655,0.5806451612903226,1.0
BERTopic_topic_128,1.0,text_similarity,All but Betweenness and Harmonic,xgboost,287.2750791030703,1798,1798,0.9632144878324844,0.7777777777777778,0.8301564567350748,0.6774193548387096,0.9130434782608695,0.9632144878324844,0.7777777777777778,0.8301564567350748,0.6774193548387096,0.9130434782608695
BERTopic_topic_128,1.0,text_similarity,Core Number Only,random_forest,287.2750791030703,1798,1798,0.834574730270004,0.0,0.08913587046590085,0.0,0.0,0.834574730270004,0.0,0.08913587046590085,0.0,0.0
BERTopic_topic_128,1.0,text_similarity,Core Number Only,xgboost,287.2750791030703,1798,1798,0.8308961790532523,0.0,0.08721685360336585,0.0,0.0,0.8308961790532523,0.0,0.08721685360336585,0.0,0.0
BERTopic_topic_128,1.0,text_similarity+interactions,All,random_forest,277.1341462859418,1798,1798,0.9363692790769849,0.7843137254901961,0.8143991830283995,0.6451612903225806,1.0,0.9363692790769849,0.7843137254901961,0.8143991830283995,0.6451612903225806,1.0
BERTopic_topic_128,1.0,text_similarity+interactions,All,xgboost,277.1341462859418,1798,1798,0.9727622907424649,0.7307692307692307,0.7984083421539505,0.6129032258064516,0.9047619047619048,0.9727622907424649,0.7307692307692307,0.7984083421539505,0.6129032258064516,0.9047619047619048
BERTopic_topic_128,1.0,text_similarity+interactions,All but Betweenness and Harmonic,random_forest,277.1341462859418,1798,1798,0.9675137375175712,0.7346938775510204,0.825713797220478,0.5806451612903226,1.0,0.9675137375175712,0.7346938775510204,0.825713797220478,0.5806451612903226,1.0
BERTopic_topic_128,1.0,text_similarity+interactions,All but Betweenness and Harmonic,xgboost,277.1341462859418,1798,1798,0.9697683334246125,0.7692307692307693,0.817188661108732,0.6451612903225806,0.9523809523809523,0.9697683334246125,0.7692307692307693,0.817188661108732,0.6451612903225806,0.9523809523809523
BERTopic_topic_128,1.0,text_similarity+interactions,Core Number Only,random_forest,277.1341462859418,1798,1798,0.8341913576866204,0.0,0.08902840272457246,0.0,0.0,0.8341913576866204,0.0,0.08902840272457246,0.0,0.0
BERTopic_topic_128,1.0,text_similarity+interactions,Core Number Only,xgboost,277.1341462859418,1798,1798,0.827865710060792,0.0,0.08593782454946704,0.0,0.0,0.827865710060792,0.0,0.08593782454946704,0.0,0.0
BERTopic_topic_256,0.01,interactions,All,random_forest,0.6891110979486257,124,1798,0.7720905172413792,0.7692307692307693,0.6598790322580645,0.625,1.0,0.5454752907242092,0.2777777777777778,0.18440719115574947,0.16129032258064516,1.0
BERTopic_topic_256,0.01,interactions,All,xgboost,0.6891110979486257,124,1798,0.9229525862068965,0.7142857142857143,0.6911461393458675,0.625,0.8333333333333334,0.5827810942548879,0.2777777777777778,0.20575357451675602,0.16129032258064516,1.0
BERTopic_topic_256,0.01,interactions,All but Betweenness and Harmonic,random_forest,0.6891110979486257,124,1798,0.8351293103448276,0.7692307692307693,0.6703013582342954,0.625,1.0,0.5451101739781296,0.2777777777777778,0.18541885066435185,0.16129032258064516,1.0
BERTopic_topic_256,0.01,interactions,All but Betweenness and Harmonic,xgboost,0.6891110979486257,124,1798,0.9229525862068965,0.7142857142857143,0.6911461393458675,0.625,0.8333333333333334,0.5827810942548879,0.2777777777777778,0.20575357451675602,0.16129032258064516,1.0
BERTopic_topic_256,0.01,interactions,Core Number Only,random_forest,0.6891110979486257,124,1798,0.7688577586206897,0.7692307692307693,0.6551777921199828,0.625,1.0,0.5255216605509612,0.2777777777777778,0.17624418822067367,0.16129032258064516,1.0
BERTopic_topic_256,0.01,interactions,Core Number Only,xgboost,0.6891110979486257,124,1798,0.6368534482758621,0.0,0.1153561827956989,0.0,0.0,0.48676451795461595,0.0,0.01680541352545944,0.0,0.0
BERTopic_topic_256,0.01,similarity,All,random_forest,0.7601380370324478,124,1798,0.9116379310344828,0.9333333333333333,0.8830645161290323,0.875,1.0,0.5514449495226099,0.358974358974359,0.24029972105433298,0.22580645161290322,0.875
BERTopic_topic_256,0.01,similarity,All,xgboost,0.7601380370324478,124,1798,0.8895474137931034,0.8571428571428571,0.8839285714285714,0.75,1.0,0.5549135586103657,0.2777777777777778,0.22004302916639745,0.16129032258064516,1.0
BERTopic_topic_256,0.01,similarity,All but Betweenness and Harmonic,random_forest,0.7601380370324478,124,1798,0.9046336206896552,0.9333333333333333,0.8830645161290323,0.875,1.0,0.5533161728462677,0.35,0.2403815961071669,0.22580645161290322,0.7777777777777778
BERTopic_topic_256,0.01,similarity,All but Betweenness and Harmonic,xgboost,0.7601380370324478,124,1798,0.890625,0.8571428571428571,0.884009009009009,0.75,1.0,0.5548131515051937,0.2631578947368421,0.2200414625422594,0.16129032258064516,0.7142857142857143
BERTopic_topic_256,0.01,similarity,Core Number Only,random_forest,0.7601380370324478,124,1798,0.8911637931034483,0.5263157894736842,0.3750662643807805,0.625,0.45454545454545453,0.5772952151450427,0.10810810810810811,0.11764445576948868,0.06451612903225806,0.3333333333333333
BERTopic_topic_256,0.01,similarity,Core Number Only,xgboost,0.7601380370324478,124,1798,0.90625,0.15384615384615385,0.38149450187493666,0.125,0.2,0.5742099786406704,0.10810810810810811,0.1175481860475496,0.06451612903225806,0.3333333333333333
BERTopic_topic_256,0.01,similarity+interactions,All,random_forest,1.7628087599296123,124,1798,0.9110991379310345,0.9333333333333333,0.8830645161290323,0.875,1.0,0.5523303576318527,0.358974358974359,0.2403340726298818,0.22580645161290322,0.875
BERTopic_topic_256,0.01,similarity+interactions,All,xgboost,1.7628087599296123,124,1798,0.8863146551724138,0.8571428571428571,0.883695652173913,0.75,1.0,0.5548953027730616,0.2777777777777778,0.22619234659095905,0.16129032258064516,1.0
BERTopic_topic_256,0.01,similarity+interactions,All but Betweenness and Harmonic,random_forest,1.7628087599296123,124,1798,0.9078663793103448,0.9333333333333333,0.8830645161290323,0.875,1.0,0.5512350073936141,0.35,0.24029750270086384,0.22580645161290322,0.7777777777777778
BERTopic_topic_256,0.01,similarity+interactions,All but Betweenness and Harmonic,xgboost,1.7628087599296123,124,1798,0.8873922413793103,0.9333333333333333,0.8837719298245614,0.875,1.0,0.5547218723186739,0.2777777777777778,0.2179932906284177,0.16129032258064516,1.0
BERTopic_topic_256,0.01,similarity+interactions,Core Number Only,random_forest,1.7628087599296123,124,1798,0.8917025862068966,0.5263157894736842,0.3750662643807805,0.625,0.45454545454545453,0.5773591105756065,0.10810810810810811,0.11764687934044737,0.06451612903225806,0.3333333333333333
BERTopic_topic_256,0.01,similarity+interactions,Core Number Only,xgboost,1.7628087599296123,124,1798,0.90625,0.15384615384615385,0.38149450187493666,0.125,0.2,0.5744016649323621,0.10810810810810811,0.11755298506635593,0.06451612903225806,0.3333333333333333
BERTopic_topic_256,0.01,similarity+text_similarity,All,random_forest,1.5190827160840854,124,1798,0.9100215517241379,0.9333333333333333,0.8830645161290323,0.875,1.0,0.5501487850740274,0.358974358974359,0.24024976540952553,0.22580645161290322,0.875
BERTopic_topic_256,0.01,similarity+text_similarity,All,xgboost,1.5190827160840854,124,1798,0.8825431034482759,0.8571428571428571,0.8834033613445378,0.75,1.0,0.5539733829892108,0.2777777777777778,0.21410601351047984,0.16129032258064516,1.0
BERTopic_topic_256,0.01,similarity+text_similarity,All but Betweenness and Harmonic,random_forest,1.5190827160840854,124,1798,0.904633620689655,0.9333333333333333,0.8830645161290323,0.875,1.0,0.5537178012669551,0.35,0.24039858472212616,0.22580645161290322,0.7777777777777778
BERTopic_topic_256,0.01,similarity+text_similarity,All but Betweenness and Harmonic,xgboost,1.5190827160840854,124,1798,0.8825431034482758,0.8571428571428571,0.8834033613445378,0.75,1.0,0.5543750114098983,0.2631578947368421,0.21411669535364522,0.16129032258064516,0.7142857142857143
BERTopic_topic_256,0.01,similarity+text_similarity,Core Number Only,random_forest,1.5190827160840854,124,1798,0.8911637931034483,0.5263157894736842,0.3750662643807805,0.625,0.45454545454545453,0.5772952151450427,0.10810810810810811,0.11764445576948868,0.06451612903225806,0.3333333333333333
BERTopic_topic_256,0.01,similarity+text_similarity,Core Number Only,xgboost,1.5190827160840854,124,1798,0.90625,0.15384615384615385,0.38149450187493666,0.125,0.2,0.5742099786406704,0.10810810810810811,0.1175481860475496,0.06451612903225806,0.3333333333333333
BERTopic_topic_256,0.01,similarity+text_similarity+interactions,All,random_forest,0.838090084027499,124,1798,0.9127155172413793,0.9333333333333333,0.8830645161290323,0.875,1.0,0.5531518703105317,0.358974358974359,0.2403663290106596,0.22580645161290322,0.875
BERTopic_topic_256,0.01,similarity+text_similarity+interactions,All,xgboost,0.838090084027499,124,1798,0.8825431034482758,0.8571428571428571,0.8834033613445378,0.75,1.0,0.5545758256202421,0.2777777777777778,0.22874150720386757,0.16129032258064516,1.0
BERTopic_topic_256,0.01,similarity+text_similarity+interactions,All but Betweenness and Harmonic,random_forest,0.838090084027499,124,1798,0.9067887931034482,0.9333333333333333,0.8830645161290323,0.875,1.0,0.5520473921536411,0.35,0.24033097156912972,0.22580645161290322,0.7777777777777778
BERTopic_topic_256,0.01,similarity+text_similarity+interactions,All but Betweenness and Harmonic,xgboost,0.838090084027499,124,1798,0.8825431034482758,0.9333333333333333,0.8834033613445378,0.875,1.0,0.5547583839932818,0.2777777777777778,0.22068177459728994,0.16129032258064516,1.0
BERTopic_topic_256,0.01,similarity+text_similarity+interactions,Core Number Only,random_forest,0.838090084027499,124,1798,0.8917025862068966,0.5263157894736842,0.3750662643807805,0.625,0.45454545454545453,0.5773591105756065,0.10810810810810811,0.11764687934044737,0.06451612903225806,0.3333333333333333
BERTopic_topic_256,0.01,similarity+text_similarity+interactions,Core Number Only,xgboost,0.838090084027499,124,1798,0.90625,0.15384615384615385,0.38149450187493666,0.125,0.2,0.5744016649323621,0.10810810810810811,0.11755298506635593,0.06451612903225806,0.3333333333333333
BERTopic_topic_256,0.01,text_similarity,All,random_forest,2.0634942370234057,124,1798,0.9040948275862069,0.9333333333333333,0.8830645161290323,0.875,1.0,0.5470270368950472,0.3684210526315789,0.2401315850172313,0.22580645161290322,1.0
BERTopic_topic_256,0.01,text_similarity,All,xgboost,2.0634942370234057,124,1798,0.8814655172413793,0.7142857142857143,0.8290878851540616,0.625,0.8333333333333334,0.5544297789218103,0.2702702702702703,0.20388894134012345,0.16129032258064516,0.8333333333333334
BERTopic_topic_256,0.01,text_similarity,All but Betweenness and Harmonic,random_forest,2.0634942370234057,124,1798,0.9046336206896551,0.9333333333333333,0.8830645161290323,0.875,1.0,0.5486244226591452,0.3684210526315789,0.24019841327440505,0.22580645161290322,1.0
BERTopic_topic_256,0.01,text_similarity,All but Betweenness and Harmonic,xgboost,2.0634942370234057,124,1798,0.8814655172413792,0.7142857142857143,0.8290878851540616,0.625,0.8333333333333334,0.5544297789218103,0.2702702702702703,0.20388894134012345,0.16129032258064516,0.8333333333333334
BERTopic_topic_256,0.01,text_similarity,Core Number Only,random_forest,2.0634942370234057,124,1798,0.8911637931034483,0.5263157894736842,0.3750662643807805,0.625,0.45454545454545453,0.5772952151450427,0.10810810810810811,0.11764445576948868,0.06451612903225806,0.3333333333333333
BERTopic_topic_256,0.01,text_similarity,Core Number Only,xgboost,2.0634942370234057,124,1798,0.90625,0.15384615384615385,0.38149450187493666,0.125,0.2,0.5741004436168465,0.10810810810810811,0.11750907804665019,0.06451612903225806,0.3333333333333333
BERTopic_topic_256,0.01,text_similarity+interactions,All,random_forest,0.8996535680489615,124,1798,0.9062499999999999,0.9333333333333333,0.8830645161290323,0.875,1.0,0.5479215729229422,0.3684210526315789,0.24016517448904615,0.22580645161290322,1.0
BERTopic_topic_256,0.01,text_similarity+interactions,All,xgboost,0.8996535680489615,124,1798,0.8787715517241379,0.6153846153846154,0.8168650793650793,0.5,0.8,0.5547766398305859,0.2702702702702703,0.20496917497097966,0.16129032258064516,0.8333333333333334
BERTopic_topic_256,0.01,text_similarity+interactions,All but Betweenness and Harmonic,random_forest,0.8996535680489615,124,1798,0.9035560344827587,0.9333333333333333,0.8830645161290323,0.875,1.0,0.5511528561257463,0.358974358974359,0.24029750270086384,0.22580645161290322,0.875
BERTopic_topic_256,0.01,text_similarity+interactions,All but Betweenness and Harmonic,xgboost,0.8996535680489615,124,1798,0.8809267241379309,0.7142857142857143,0.8498511904761905,0.625,0.8333333333333334,0.5549409423663217,0.2702702702702703,0.20497843033576535,0.16129032258064516,0.8333333333333334
BERTopic_topic_256,0.01,text_similarity+interactions,Core Number Only,random_forest,0.8996535680489615,124,1798,0.8917025862068966,0.5263157894736842,0.3750662643807805,0.625,0.45454545454545453,0.5773591105756065,0.10810810810810811,0.11764687934044737,0.06451612903225806,0.3333333333333333
BERTopic_topic_256,0.01,text_similarity+interactions,Core Number Only,xgboost,0.8996535680489615,124,1798,0.90625,0.15384615384615385,0.38149450187493666,0.125,0.2,0.5741643390474104,0.10810810810810811,0.11751147896091833,0.06451612903225806,0.3333333333333333
BERTopic_topic_256,0.05,interactions,All,random_forest,1.3301657950505614,404,1798,0.7640862944162434,0.6666666666666666,0.5363787340272488,0.5,1.0,0.5902568596308669,0.22857142857142856,0.18729797115041402,0.12903225806451613,1.0
BERTopic_topic_256,0.05,interactions,All,xgboost,1.3301657950505614,404,1798,0.8559644670050762,0.46153846153846156,0.5044643011348653,0.3,1.0,0.5955327966117165,0.17647058823529413,0.16304829282750002,0.0967741935483871,1.0
BERTopic_topic_256,0.05,interactions,All but Betweenness and Harmonic,random_forest,1.3301657950505614,404,1798,0.8158629441624365,0.5714285714285714,0.5466435121773047,0.4,1.0,0.5931504098435475,0.22857142857142856,0.18907208727160293,0.12903225806451613,1.0
BERTopic_topic_256,0.05,interactions,All but Betweenness and Harmonic,xgboost,1.3301657950505614,404,1798,0.8559644670050762,0.46153846153846156,0.5044643011348653,0.3,1.0,0.5955327966117165,0.17647058823529413,0.16304829282750002,0.0967741935483871,1.0
BERTopic_topic_256,0.05,interactions,Core Number Only,random_forest,1.3301657950505614,404,1798,0.709517766497462,0.0,0.12933025882389262,0.0,0.0,0.534823009657338,0.0,0.048859859188903815,0.0,0.0
BERTopic_topic_256,0.05,interactions,Core Number Only,xgboost,1.3301657950505614,404,1798,0.6711928934010153,0.0,0.1036802028776033,0.0,0.0,0.5234770067729156,0.0,0.03581437847546219,0.0,0.0
BERTopic_topic_256,0.05,similarity,All,random_forest,3.1524864630773664,404,1798,0.895304568527919,0.75,0.7191078310285016,0.6,1.0,0.5978877996239298,0.2777777777777778,0.247533475307101,0.16129032258064516,1.0
BERTopic_topic_256,0.05,similarity,All,xgboost,3.1524864630773664,404,1798,0.9362944162436548,0.5333333333333333,0.5452737143329407,0.4,0.8,0.6284115595961809,0.2222222222222222,0.22179391966151513,0.12903225806451613,0.8
BERTopic_topic_256,0.05,similarity,All but Betweenness and Harmonic,random_forest,3.1524864630773664,404,1798,0.9093908629441624,0.6666666666666666,0.6848384756944322,0.5,1.0,0.6024061193566643,0.2777777777777778,0.2380058571354909,0.16129032258064516,1.0
BERTopic_topic_256,0.05,similarity,All but Betweenness and Harmonic,xgboost,3.1524864630773664,404,1798,0.9421319796954315,0.5714285714285714,0.5622485768500949,0.4,1.0,0.6279003961516695,0.2222222222222222,0.21718873723239593,0.12903225806451613,0.8
BERTopic_topic_256,0.05,similarity,Core Number Only,random_forest,3.1524864630773664,404,1798,0.8112944162436548,0.0,0.16640488978869872,0.0,0.0,0.6062672289464557,0.0,0.062051274210055914,0.0,0.0
BERTopic_topic_256,0.05,similarity,Core Number Only,xgboost,3.1524864630773664,404,1798,0.7988578680203047,0.0,0.1823727974412777,0.0,0.0,0.6280099311754933,0.0,0.06956281646766872,0.0,0.0
BERTopic_topic_256,0.05,similarity+interactions,All,random_forest,4.151570855989121,404,1798,0.8954314720812183,0.6666666666666666,0.7057218317797946,0.5,1.0,0.5960622158935319,0.2777777777777778,0.2371687496841897,0.16129032258064516,1.0
BERTopic_topic_256,0.05,similarity+interactions,All,xgboost,4.151570855989121,404,1798,0.9060913705583756,0.5,0.575009758606262,0.4,0.6666666666666666,0.6164904978366833,0.2222222222222222,0.21941150947935364,0.12903225806451613,0.8
BERTopic_topic_256,0.05,similarity+interactions,All but Betweenness and Harmonic,random_forest,4.151570855989121,404,1798,0.9194162436548223,0.6666666666666666,0.7230473299046152,0.5,1.0,0.6038209467477226,0.2777777777777778,0.24482555594174218,0.16129032258064516,1.0
BERTopic_topic_256,0.05,similarity+interactions,All but Betweenness and Harmonic,xgboost,4.151570855989121,404,1798,0.9068527918781726,0.5,0.5584744238943713,0.4,0.6666666666666666,0.6273527210325501,0.2222222222222222,0.22627838439625275,0.12903225806451613,0.8
BERTopic_topic_256,0.05,similarity+interactions,Core Number Only,random_forest,4.151570855989121,404,1798,0.8091370558375635,0.0,0.15693367908219394,0.0,0.0,0.6057195538273363,0.0,0.0598966434017171,0.0,0.0
BERTopic_topic_256,0.05,similarity+interactions,Core Number Only,xgboost,4.151570855989121,404,1798,0.7983502538071066,0.0,0.18208252167930386,0.0,0.0,0.6276083027548057,0.0,0.0695400609525196,0.0,0.0
BERTopic_topic_256,0.05,similarity+text_similarity,All,random_forest,2.3126844849903136,404,1798,0.9003807106598984,0.75,0.6944603591872834,0.6,1.0,0.6295160377530715,0.2777777777777778,0.2434614161738912,0.16129032258064516,1.0
BERTopic_topic_256,0.05,similarity+text_similarity,All,xgboost,2.3126844849903136,404,1798,0.9393401015228426,0.5333333333333333,0.5897499996269638,0.4,0.8,0.6293060956240758,0.2222222222222222,0.2192401379711472,0.12903225806451613,0.8
BERTopic_topic_256,0.05,similarity+text_similarity,All but Betweenness and Harmonic,random_forest,2.3126844849903136,404,1798,0.9153553299492386,0.6666666666666666,0.7281718027425842,0.5,1.0,0.6037296675612027,0.2777777777777778,0.23636603533285405,0.16129032258064516,1.0
BERTopic_topic_256,0.05,similarity+text_similarity,All but Betweenness and Harmonic,xgboost,2.3126844849903136,404,1798,0.9449238578680204,0.5333333333333333,0.602365368549579,0.4,0.8,0.6283933037588769,0.2222222222222222,0.21919684336229353,0.12903225806451613,0.8
BERTopic_topic_256,0.05,similarity+text_similarity,Core Number Only,random_forest,2.3126844849903136,404,1798,0.8058375634517767,0.0,0.14588789869770388,0.0,0.0,0.6041495518191942,0.0,0.05516557743421113,0.0,0.0
BERTopic_topic_256,0.05,similarity+text_similarity,Core Number Only,xgboost,2.3126844849903136,404,1798,0.793274111675127,0.0,0.1588851628311024,0.0,0.0,0.6260200449093598,0.0,0.061920666183651066,0.0,0.0
BERTopic_topic_256,0.05,similarity+text_similarity+interactions,All,random_forest,3.7713709159288555,404,1798,0.8949238578680203,0.75,0.708954324003829,0.6,1.0,0.5987184402212608,0.2777777777777778,0.2374520075453297,0.16129032258064516,1.0
BERTopic_topic_256,0.05,similarity+text_similarity+interactions,All,xgboost,3.7713709159288555,404,1798,0.9378172588832487,0.5,0.5908850189545756,0.4,0.6666666666666666,0.6289135951220403,0.2222222222222222,0.23059286507766918,0.12903225806451613,0.8
BERTopic_topic_256,0.05,similarity+text_similarity+interactions,All but Betweenness and Harmonic,random_forest,3.7713709159288555,404,1798,0.9036802030456853,0.6666666666666666,0.7033689673315157,0.5,1.0,0.6290048743085601,0.2777777777777778,0.2374011357971486,0.16129032258064516,1.0
BERTopic_topic_256,0.05,similarity+text_similarity+interactions,All but Betweenness and Harmonic,xgboost,3.7713709159288555,404,1798,0.9329949238578681,0.5,0.5970503208275069,0.4,0.6666666666666666,0.6285484783759607,0.2222222222222222,0.2288100422722458,0.12903225806451613,0.8
BERTopic_topic_256,0.05,similarity+text_similarity+interactions,Core Number Only,random_forest,3.7713709159288555,404,1798,0.8036802030456852,0.0,0.13843764733616218,0.0,0.0,0.6036018767000748,0.0,0.05361871360478568,0.0,0.0
BERTopic_topic_256,0.05,similarity+text_similarity+interactions,Core Number Only,xgboost,3.7713709159288555,404,1798,0.792005076142132,0.0,0.15634158951609448,0.0,0.0,0.6255088814648484,0.0,0.06101597492370335,0.0,0.0
BERTopic_topic_256,0.05,text_similarity,All,random_forest,2.951994474977255,404,1798,0.9025380710659898,0.6666666666666666,0.6672651351109926,0.5,1.0,0.5964273326396115,0.2777777777777778,0.22274190245899902,0.16129032258064516,1.0
BERTopic_topic_256,0.05,text_similarity,All,xgboost,2.951994474977255,404,1798,0.9159898477157361,0.5,0.5417153539718248,0.4,0.6666666666666666,0.6255088814648484,0.17647058823529413,0.20340491638489888,0.0967741935483871,1.0
BERTopic_topic_256,0.05,text_similarity,All but Betweenness and Harmonic,random_forest,2.951994474977255,404,1798,0.9052030456852792,0.6666666666666666,0.6654535378911025,0.5,1.0,0.6217299231429249,0.2777777777777778,0.2397934152722126,0.16129032258064516,1.0
BERTopic_topic_256,0.05,text_similarity,All but Betweenness and Harmonic,xgboost,2.951994474977255,404,1798,0.9063451776649746,0.5,0.5082449074907682,0.4,0.6666666666666666,0.6255088814648484,0.17647058823529413,0.2098508745173815,0.0967741935483871,1.0
BERTopic_topic_256,0.05,text_similarity,Core Number Only,random_forest,2.951994474977255,404,1798,0.8058375634517767,0.0,0.14588789869770388,0.0,0.0,0.6041495518191942,0.0,0.05516557743421113,0.0,0.0
BERTopic_topic_256,0.05,text_similarity,Core Number Only,xgboost,2.951994474977255,404,1798,0.7947969543147207,0.0,0.15891630577722513,0.0,0.0,0.6248699271592092,0.0,0.061892699740068814,0.0,0.0
BERTopic_topic_256,0.05,text_similarity+interactions,All,random_forest,3.9611918600276113,404,1798,0.8871827411167513,0.6666666666666666,0.6635186079583568,0.5,1.0,0.5920368037680048,0.2777777777777778,0.22128147102711462,0.16129032258064516,1.0
BERTopic_topic_256,0.05,text_similarity+interactions,All,xgboost,3.9611918600276113,404,1798,0.9195431472081218,0.42857142857142855,0.5762242717599859,0.3,0.75,0.6254176022783284,0.17647058823529413,0.19344952580890823,0.0967741935483871,1.0
BERTopic_topic_256,0.05,text_similarity+interactions,All but Betweenness and Harmonic,random_forest,3.9611918600276113,404,1798,0.9012690355329949,0.6666666666666666,0.6714245228870713,0.5,1.0,0.6231630063712872,0.2777777777777778,0.23360966561916816,0.16129032258064516,1.0
BERTopic_topic_256,0.05,text_similarity+interactions,All but Betweenness and Harmonic,xgboost,3.9611918600276113,404,1798,0.9233502538071067,0.42857142857142855,0.5829425770308123,0.3,0.75,0.6259835332347519,0.17647058823529413,0.1911036403133676,0.0967741935483871,1.0
BERTopic_topic_256,0.05,text_similarity+interactions,Core Number Only,random_forest,3.9611918600276113,404,1798,0.8036802030456852,0.0,0.13843764733616218,0.0,0.0,0.6036018767000748,0.0,0.05361871360478568,0.0,0.0
BERTopic_topic_256,0.05,text_similarity+interactions,Core Number Only,xgboost,3.9611918600276113,404,1798,0.7935279187817259,0.0,0.15637273246221717,0.0,0.0,0.6255088814648485,0.0,0.061015974923703344,0.0,0.0
BERTopic_topic_256,0.1,interactions,All,random_forest,2.1662372699938715,696,1798,0.903716084894659,0.7741935483870968,0.6943552232797096,0.631578947368421,1.0,0.7333552403380981,0.5238095238095238,0.44596701526195764,0.3548387096774194,1.0
BERTopic_topic_256,0.1,interactions,All,xgboost,2.1662372699938715,696,1798,0.8666718494907875,0.7333333333333333,0.6502861108085154,0.5789473684210527,1.0,0.6853241323913322,0.5238095238095238,0.4025632974192014,0.3548387096774194,1.0
BERTopic_topic_256,0.1,interactions,All but Betweenness and Harmonic,random_forest,2.1662372699938715,696,1798,0.9209360180362278,0.7741935483870968,0.7028711258002814,0.631578947368421,1.0,0.7377366412910528,0.5238095238095238,0.4312946735937422,0.3548387096774194,1.0
BERTopic_topic_256,0.1,interactions,All but Betweenness and Harmonic,xgboost,2.1662372699938715,696,1798,0.8635621550182694,0.7333333333333333,0.6488892860496086,0.5789473684210527,1.0,0.6853241323913322,0.5238095238095238,0.4025632974192014,0.3548387096774194,1.0
BERTopic_topic_256,0.1,interactions,Core Number Only,random_forest,2.1662372699938715,696,1798,0.7583378683044391,0.48,0.4405421347610617,0.3157894736842105,1.0,0.626631615459043,0.32432432432432434,0.2661454737913034,0.1935483870967742,1.0
BERTopic_topic_256,0.1,interactions,Core Number Only,xgboost,2.1662372699938715,696,1798,0.7562776957163959,0.19047619047619047,0.31934035608125105,0.10526315789473684,1.0,0.6250342296949449,0.17647058823529413,0.21115274394391303,0.0967741935483871,1.0
BERTopic_topic_256,0.1,similarity,All,random_forest,10.869184758048505,696,1798,0.9307704268055663,0.75,0.8439306878226184,0.631578947368421,0.9230769230769231,0.7767493656096537,0.5454545454545454,0.5224611636574537,0.3870967741935484,0.9230769230769231
BERTopic_topic_256,0.1,similarity,All,xgboost,10.869184758048505,696,1798,0.9697582212547617,0.8235294117647058,0.8447911207606499,0.7368421052631579,0.9333333333333333,0.7925771765522026,0.6222222222222222,0.5188312671013757,0.45161290322580644,1.0
BERTopic_topic_256,0.1,similarity,All but Betweenness and Harmonic,random_forest,10.869184758048505,696,1798,0.9615952732644016,0.8235294117647058,0.880096834146957,0.7368421052631579,0.9333333333333333,0.7755079686729832,0.5909090909090909,0.5332347073900652,0.41935483870967744,1.0
BERTopic_topic_256,0.1,similarity,All but Betweenness and Harmonic,xgboost,10.869184758048505,696,1798,0.9645883541942004,0.8235294117647058,0.8309611784843983,0.7368421052631579,0.9333333333333333,0.7923763623418588,0.6222222222222222,0.5205227057615981,0.45161290322580644,1.0
BERTopic_topic_256,0.1,similarity,Core Number Only,random_forest,10.869184758048505,696,1798,0.8133794604680089,0.0,0.18680390665911065,0.0,0.0,0.6879986125563649,0.0,0.12492227532594462,0.0,0.0
BERTopic_topic_256,0.1,similarity,Core Number Only,xgboost,10.869184758048505,696,1798,0.7912617585322241,0.0,0.19385919159703646,0.0,0.0,0.6884550084889645,0.0,0.12522344964282733,0.0,0.0
BERTopic_topic_256,0.1,similarity+interactions,All,random_forest,16.728797515039332,696,1798,0.9543652336157972,0.75,0.8454295829135382,0.631578947368421,0.9230769230769231,0.7743943625974405,0.5454545454545454,0.5134716004343045,0.3870967741935484,0.9230769230769231
BERTopic_topic_256,0.1,similarity+interactions,All,xgboost,16.728797515039332,696,1798,0.9656378760786752,0.8,0.8245972091610638,0.7368421052631579,0.875,0.7948226445405918,0.5777777777777777,0.5159458630466014,0.41935483870967744,0.9285714285714286
BERTopic_topic_256,0.1,similarity+interactions,All but Betweenness and Harmonic,random_forest,16.728797515039332,696,1798,0.9565808909274663,0.7878787878787878,0.8651541126797817,0.6842105263157895,0.9285714285714286,0.7746134326450884,0.5581395348837209,0.5172131929442816,0.3870967741935484,1.0
BERTopic_topic_256,0.1,similarity+interactions,All but Betweenness and Harmonic,xgboost,16.728797515039332,696,1798,0.9695638653502293,0.8,0.825397962897963,0.7368421052631579,0.875,0.7955346221954469,0.6086956521739131,0.5167090836993632,0.45161290322580644,0.9333333333333333
BERTopic_topic_256,0.1,similarity+interactions,Core Number Only,random_forest,16.728797515039332,696,1798,0.8135738163725414,0.0,0.18680390665911065,0.0,0.0,0.6879986125563649,0.0,0.1249222753259446,0.0,0.0
BERTopic_topic_256,0.1,similarity+interactions,Core Number Only,xgboost,16.728797515039332,696,1798,0.7925833786830443,0.0,0.19391902043771972,0.0,0.0,0.6872957628201618,0.0,0.12519694135056103,0.0,0.0
BERTopic_topic_256,0.1,similarity+text_similarity,All,random_forest,11.513188097975217,696,1798,0.9312757521573505,0.7878787878787878,0.8495851425869803,0.6842105263157895,0.9285714285714286,0.7776621574748526,0.5581395348837209,0.515783006727051,0.3870967741935484,1.0
BERTopic_topic_256,0.1,similarity+text_similarity,All,xgboost,11.513188097975217,696,1798,0.9573971857265023,0.8235294117647058,0.8512202750817343,0.7368421052631579,0.9333333333333333,0.7896014750716541,0.6086956521739131,0.5176593333957447,0.45161290322580644,0.9333333333333333
BERTopic_topic_256,0.1,similarity+text_similarity,All but Betweenness and Harmonic,random_forest,11.513188097975217,696,1798,0.934735287258027,0.8235294117647058,0.8601876858114008,0.7368421052631579,0.9333333333333333,0.7730799423115542,0.5909090909090909,0.5190614667634907,0.41935483870967744,1.0
BERTopic_topic_256,0.1,similarity+text_similarity,All but Betweenness and Harmonic,xgboost,11.513188097975217,696,1798,0.9552592707766461,0.8235294117647058,0.850236346072786,0.7368421052631579,0.9333333333333333,0.788049728900816,0.6382978723404256,0.5203214734893495,0.4838709677419355,0.9375
BERTopic_topic_256,0.1,similarity+text_similarity,Core Number Only,random_forest,11.513188097975217,696,1798,0.8133794604680089,0.0,0.18680390665911065,0.0,0.0,0.6879986125563649,0.0,0.12492227532594462,0.0,0.0
BERTopic_topic_256,0.1,similarity+text_similarity,Core Number Only,xgboost,11.513188097975217,696,1798,0.7910674026276918,0.0,0.19385190428122226,0.0,0.0,0.6884550084889643,0.0,0.12522344964282733,0.0,0.0
BERTopic_topic_256,0.1,similarity+text_similarity+interactions,All,random_forest,18.318153862957843,696,1798,0.930653813262847,0.75,0.8343021346469622,0.631578947368421,0.9230769230769231,0.7652755718641036,0.5581395348837209,0.506889293139856,0.3870967741935484,1.0
BERTopic_topic_256,0.1,similarity+text_similarity+interactions,All,xgboost,18.318153862957843,696,1798,0.9649381948223588,0.8235294117647058,0.8339439390058867,0.7368421052631579,0.9333333333333333,0.7734450590576337,0.5652173913043478,0.49902138582582845,0.41935483870967744,0.8666666666666667
BERTopic_topic_256,0.1,similarity+text_similarity+interactions,All but Betweenness and Harmonic,random_forest,18.318153862957843,696,1798,0.932869470574516,0.8235294117647058,0.8485890031339693,0.7368421052631579,0.9333333333333333,0.7652664439454515,0.5581395348837209,0.5162577111523227,0.3870967741935484,1.0
BERTopic_topic_256,0.1,similarity+text_similarity+interactions,All but Betweenness and Harmonic,xgboost,18.318153862957843,696,1798,0.9673870792194667,0.8484848484848485,0.8416878053720158,0.7368421052631579,1.0,0.7727148255654744,0.5652173913043478,0.49880457932453487,0.41935483870967744,0.8666666666666667
BERTopic_topic_256,0.1,similarity+text_similarity+interactions,Core Number Only,random_forest,18.318153862957843,696,1798,0.8135738163725414,0.0,0.18680390665911065,0.0,0.0,0.6879986125563649,0.0,0.1249222753259446,0.0,0.0
BERTopic_topic_256,0.1,similarity+text_similarity+interactions,Core Number Only,xgboost,18.318153862957843,696,1798,0.7920003109694472,0.0,0.19390107663398656,0.0,0.0,0.6872957628201617,0.0,0.125196941350561,0.0,0.0
BERTopic_topic_256,0.1,text_similarity,All,random_forest,9.400684911059216,696,1798,0.9523439322086605,0.75,0.8234612277512883,0.631578947368421,0.9230769230769231,0.7905872902860691,0.5581395348837209,0.49164622170692185,0.3870967741935484,1.0
BERTopic_topic_256,0.1,text_similarity,All,xgboost,9.400684911059216,696,1798,0.9748114747726035,0.7878787878787878,0.8059003667388641,0.6842105263157895,0.9285714285714286,0.7510999141975647,0.5116279069767442,0.4745682035913959,0.3548387096774194,0.9166666666666666
BERTopic_topic_256,0.1,text_similarity,All but Betweenness and Harmonic,random_forest,9.400684911059216,696,1798,0.9324807587654513,0.75,0.8200002961345974,0.631578947368421,0.9230769230769231,0.7985011957573435,0.5581395348837209,0.5107651875921463,0.3870967741935484,1.0
BERTopic_topic_256,0.1,text_similarity,All but Betweenness and Harmonic,xgboost,9.400684911059216,696,1798,0.9738008240690352,0.75,0.8033000430542042,0.631578947368421,0.9230769230769231,0.7511729375467805,0.5454545454545454,0.4712163270321473,0.3870967741935484,0.9230769230769231
BERTopic_topic_256,0.1,text_similarity,Core Number Only,random_forest,9.400684911059216,696,1798,0.8133794604680089,0.0,0.18680390665911065,0.0,0.0,0.687925589207149,0.0,0.1249222753259446,0.0,0.0
BERTopic_topic_256,0.1,text_similarity,Core Number Only,xgboost,9.400684911059216,696,1798,0.7874135116224831,0.0,0.193705152812575,0.0,0.0,0.6874144257626377,0.0,0.12514768514703603,0.0,0.0
BERTopic_topic_256,0.1,text_similarity+interactions,All,random_forest,19.235295856022276,696,1798,0.9538599082640129,0.75,0.8139550390546977,0.631578947368421,0.9230769230769231,0.7632126622487541,0.5581395348837209,0.4846868155063979,0.3870967741935484,1.0
BERTopic_topic_256,0.1,text_similarity+interactions,All,xgboost,19.235295856022276,696,1798,0.9793205317577548,0.7333333333333333,0.7898779231975384,0.5789473684210527,1.0,0.7537561385252934,0.5333333333333333,0.4533795988432078,0.3870967741935484,0.8571428571428571
BERTopic_topic_256,0.1,text_similarity+interactions,All but Betweenness and Harmonic,random_forest,19.235295856022276,696,1798,0.9530436134649769,0.75,0.8076104167600073,0.631578947368421,0.9230769230769231,0.7994961388904102,0.5581395348837209,0.5013613627691096,0.3870967741935484,1.0
BERTopic_topic_256,0.1,text_similarity+interactions,All but Betweenness and Harmonic,xgboost,19.235295856022276,696,1798,0.9815750602503304,0.7741935483870968,0.8032093314682054,0.631578947368421,1.0,0.7543859649122807,0.46511627906976744,0.4513496969271505,0.3225806451612903,0.8333333333333334
BERTopic_topic_256,0.1,text_similarity+interactions,Core Number Only,random_forest,19.235295856022276,696,1798,0.8135738163725414,0.0,0.18680390665911065,0.0,0.0,0.687925589207149,0.0,0.12492227532594463,0.0,0.0
BERTopic_topic_256,0.1,text_similarity+interactions,Core Number Only,xgboost,19.235295856022276,696,1798,0.7872580268988572,0.0,0.19367843192483966,0.0,0.0,0.6873505303320737,0.0,0.1251516249225536,0.0,0.0
BERTopic_topic_256,0.2,interactions,All,random_forest,2.058694201055914,1128,1798,0.8353525060386473,0.6666666666666666,0.5684388597510005,0.5,1.0,0.7203570841776659,0.5581395348837209,0.435033332658089,0.3870967741935484,1.0
BERTopic_topic_256,0.2,interactions,All,xgboost,2.058694201055914,1128,1798,0.8419572765700483,0.6842105263157895,0.6264160763997388,0.5416666666666666,0.9285714285714286,0.7637694652865255,0.5454545454545454,0.47243948240445494,0.3870967741935484,0.9230769230769231
BERTopic_topic_256,0.2,interactions,All but Betweenness and Harmonic,random_forest,2.058694201055914,1128,1798,0.8312952898550725,0.6666666666666666,0.5824746418060335,0.5,1.0,0.7681417383208281,0.5581395348837209,0.4525222419513188,0.3870967741935484,1.0
BERTopic_topic_256,0.2,interactions,All but Betweenness and Harmonic,xgboost,2.058694201055914,1128,1798,0.8424856582125604,0.7027027027027027,0.6376496434225576,0.5416666666666666,1.0,0.7597805648356062,0.5454545454545454,0.4723328904375801,0.3870967741935484,0.9230769230769231
BERTopic_topic_256,0.2,interactions,Core Number Only,random_forest,2.058694201055914,1128,1798,0.6906891606280192,0.0,0.1835507807104109,0.0,0.0,0.6216751556310129,0.05128205128205128,0.13121149988578307,0.03225806451612903,0.125
BERTopic_topic_256,0.2,interactions,Core Number Only,xgboost,2.058694201055914,1128,1798,0.6888775664251208,0.0,0.18353553864761307,0.0,0.0,0.621711667305621,0.05128205128205128,0.13120769047806977,0.03225806451612903,0.125
BERTopic_topic_256,0.2,similarity,All,random_forest,51.901795220095664,1128,1798,0.9218183876811593,0.75,0.7120965192405854,0.625,0.9375,0.8424247403107143,0.6222222222222222,0.5628415301074028,0.45161290322580644,1.0
BERTopic_topic_256,0.2,similarity,All,xgboost,51.901795220095664,1128,1798,0.9329332729468599,0.7317073170731707,0.7408072637418561,0.625,0.8823529411764706,0.8286963506581229,0.6666666666666666,0.5513848433548765,0.5161290322580645,0.9411764705882353
BERTopic_topic_256,0.2,similarity,All but Betweenness and Harmonic,random_forest,51.901795220095664,1128,1798,0.9243848128019323,0.7692307692307693,0.7316359682994555,0.625,1.0,0.7908337440896727,0.6521739130434783,0.562810892604708,0.4838709677419355,1.0
BERTopic_topic_256,0.2,similarity,All but Betweenness and Harmonic,xgboost,51.901795220095664,1128,1798,0.9111186594202898,0.7317073170731707,0.7302035708088082,0.625,0.8823529411764706,0.8244701243222521,0.6382978723404256,0.5594238526924354,0.4838709677419355,0.9375
BERTopic_topic_256,0.2,similarity,Core Number Only,random_forest,51.901795220095664,1128,1798,0.8488262379227054,0.0,0.1514084314372721,0.0,0.0,0.7579823648611643,0.0,0.12061721350884981,0.0,0.0
BERTopic_topic_256,0.2,similarity,Core Number Only,xgboost,51.901795220095664,1128,1798,0.8651871980676328,0.0,0.1561295503952144,0.0,0.0,0.7557551527100791,0.0,0.12064877268757254,0.0,0.0
BERTopic_topic_256,0.2,similarity+interactions,All,random_forest,65.45515850896481,1128,1798,0.946256038647343,0.7692307692307693,0.7227463614186487,0.625,1.0,0.8401518885663692,0.6222222222222222,0.5664669496363213,0.45161290322580644,1.0
BERTopic_topic_256,0.2,similarity+interactions,All,xgboost,65.45515850896481,1128,1798,0.9422554347826088,0.7441860465116279,0.7278161049959815,0.6666666666666666,0.8421052631578947,0.8274914653960603,0.6666666666666666,0.5615307261869353,0.5161290322580645,0.9411764705882353
BERTopic_topic_256,0.2,similarity+interactions,All but Betweenness and Harmonic,random_forest,65.45515850896481,1128,1798,0.9026645531400967,0.75,0.7176581203166126,0.625,0.9375,0.7746955839129562,0.6521739130434783,0.5507765247041552,0.4838709677419355,1.0
BERTopic_topic_256,0.2,similarity+interactions,All but Betweenness and Harmonic,xgboost,65.45515850896481,1128,1798,0.9068538647342996,0.6818181818181818,0.7080061283003847,0.625,0.75,0.8144020300491083,0.6530612244897959,0.5713329229764516,0.5161290322580645,0.8888888888888888
BERTopic_topic_256,0.2,similarity+interactions,Core Number Only,random_forest,65.45515850896481,1128,1798,0.8490149456521738,0.0,0.151767836059402,0.0,0.0,0.7569782938094456,0.0,0.12049493825354785,0.0,0.0
BERTopic_topic_256,0.2,similarity+interactions,Core Number Only,xgboost,65.45515850896481,1128,1798,0.8652626811594203,0.0,0.15572740940755936,0.0,0.0,0.750889972068569,0.0,0.12006147893586329,0.0,0.0
BERTopic_topic_256,0.2,similarity+text_similarity,All,random_forest,50.61308989999816,1128,1798,0.9091183574879227,0.717948717948718,0.73131678050565,0.5833333333333334,0.9333333333333333,0.8399419464373734,0.6222222222222222,0.568207101218039,0.45161290322580644,1.0
BERTopic_topic_256,0.2,similarity+text_similarity,All,xgboost,50.61308989999816,1128,1798,0.9360280797101448,0.7317073170731707,0.730566097990321,0.625,0.8823529411764706,0.808012486992716,0.625,0.541888696587745,0.4838709677419355,0.8823529411764706
BERTopic_topic_256,0.2,similarity+text_similarity,All but Betweenness and Harmonic,random_forest,50.61308989999816,1128,1798,0.9084012681159419,0.717948717948718,0.7127836954335853,0.5833333333333334,0.9333333333333333,0.7954433430089272,0.6521739130434783,0.5673779713271383,0.4838709677419355,1.0
BERTopic_topic_256,0.2,similarity+text_similarity,All but Betweenness and Harmonic,xgboost,50.61308989999816,1128,1798,0.9100241545893718,0.7619047619047619,0.7460834840522146,0.6666666666666666,0.8888888888888888,0.7994048597038903,0.6666666666666666,0.5499492265188667,0.5161290322580645,0.9411764705882353
BERTopic_topic_256,0.2,similarity+text_similarity,Core Number Only,random_forest,50.61308989999816,1128,1798,0.8491470410628019,0.0,0.15192856278095287,0.0,0.0,0.7575624806031729,0.0,0.12054754174036325,0.0,0.0
BERTopic_topic_256,0.2,similarity+text_similarity,Core Number Only,xgboost,50.61308989999816,1128,1798,0.8645267210144928,0.0,0.15584130120816425,0.0,0.0,0.7527246837176188,0.0,0.12052153773929342,0.0,0.0
BERTopic_topic_256,0.2,similarity+text_similarity+interactions,All,random_forest,67.25003201107029,1128,1798,0.9108922101449275,0.7368421052631579,0.7110039591740465,0.5833333333333334,1.0,0.8441499169359403,0.5909090909090909,0.5611851019767788,0.41935483870967744,1.0
BERTopic_topic_256,0.2,similarity+text_similarity+interactions,All,xgboost,67.25003201107029,1128,1798,0.9519550120772947,0.7142857142857143,0.7296288689157897,0.625,0.8333333333333334,0.8031381784325539,0.6382978723404256,0.5467031743180483,0.4838709677419355,0.9375
BERTopic_topic_256,0.2,similarity+text_similarity+interactions,All but Betweenness and Harmonic,random_forest,67.25003201107029,1128,1798,0.9069293478260869,0.717948717948718,0.7069800651487677,0.5833333333333334,0.9333333333333333,0.7784836701535316,0.6521739130434783,0.5568608997452377,0.4838709677419355,1.0
BERTopic_topic_256,0.2,similarity+text_similarity+interactions,All but Betweenness and Harmonic,xgboost,67.25003201107029,1128,1798,0.9258378623188406,0.7619047619047619,0.7112600984593629,0.6666666666666666,0.8888888888888888,0.803083410920642,0.6530612244897959,0.5535118185337173,0.5161290322580645,0.8888888888888888
BERTopic_topic_256,0.2,similarity+text_similarity+interactions,Core Number Only,random_forest,67.25003201107029,1128,1798,0.8483544685990339,0.0,0.15159019450324426,0.0,0.0,0.7565584095514541,0.0,0.12042649219275946,0.0,0.0
BERTopic_topic_256,0.2,similarity+text_similarity+interactions,Core Number Only,xgboost,67.25003201107029,1128,1798,0.8648286533816425,0.0,0.15577063885178816,0.0,0.0,0.7507621812074411,0.0,0.11953893870763788,0.0,0.0
BERTopic_topic_256,0.2,text_similarity,All,random_forest,54.544446088024415,1128,1798,0.9266681763285024,0.6666666666666666,0.7104753967948806,0.5416666666666666,0.8666666666666667,0.828632455227559,0.6222222222222222,0.5564352293658861,0.45161290322580644,1.0
BERTopic_topic_256,0.2,text_similarity,All,xgboost,54.544446088024415,1128,1798,0.9280646135265701,0.6976744186046512,0.7244601115377972,0.625,0.7894736842105263,0.8059313215400624,0.6382978723404256,0.5391272055041393,0.4838709677419355,0.9375
BERTopic_topic_256,0.2,text_similarity,All but Betweenness and Harmonic,random_forest,54.544446088024415,1128,1798,0.9023248792270531,0.7,0.6994677752750372,0.5833333333333334,0.875,0.8044252149624842,0.6521739130434783,0.5529314508692961,0.4838709677419355,1.0
BERTopic_topic_256,0.2,text_similarity,All but Betweenness and Harmonic,xgboost,54.544446088024415,1128,1798,0.8984752415458938,0.7317073170731707,0.7117161964256101,0.625,0.8823529411764706,0.811271153951476,0.6521739130434783,0.550068868986029,0.4838709677419355,1.0
BERTopic_topic_256,0.2,text_similarity,Core Number Only,random_forest,54.544446088024415,1128,1798,0.8617904589371981,0.0,0.15891598727571649,0.0,0.0,0.7630939993062782,0.0,0.12108544945552813,0.0,0.0
BERTopic_topic_256,0.2,text_similarity,Core Number Only,xgboost,54.544446088024415,1128,1798,0.8832087862318841,0.0,0.16338090292822394,0.0,0.0,0.7581284115595962,0.0,0.12207667241709527,0.0,0.0
BERTopic_topic_256,0.2,text_similarity+interactions,All,random_forest,68.50212849804666,1128,1798,0.9276117149758454,0.6666666666666666,0.6974333440361589,0.5416666666666666,0.8666666666666667,0.8400332256238932,0.6521739130434783,0.5654285724586248,0.4838709677419355,1.0
BERTopic_topic_256,0.2,text_similarity+interactions,All,xgboost,68.50212849804666,1128,1798,0.916364734299517,0.7441860465116279,0.7074900212537929,0.6666666666666666,0.8421052631578947,0.7996239297515381,0.625,0.5445488445125378,0.4838709677419355,0.8823529411764706
BERTopic_topic_256,0.2,text_similarity+interactions,All but Betweenness and Harmonic,random_forest,68.50212849804666,1128,1798,0.9009095712560387,0.6666666666666666,0.6872012194367773,0.5416666666666666,0.8666666666666667,0.8024535845336546,0.6521739130434783,0.5454504229275747,0.4838709677419355,1.0
BERTopic_topic_256,0.2,text_similarity+interactions,All but Betweenness and Harmonic,xgboost,68.50212849804666,1128,1798,0.9136850845410628,0.7142857142857143,0.6972377686229475,0.625,0.8333333333333334,0.8082041732844076,0.6521739130434783,0.554038263458427,0.4838709677419355,1.0
BERTopic_topic_256,0.2,text_similarity+interactions,Core Number Only,random_forest,68.50212849804666,1128,1798,0.8599788647342996,0.0,0.1573983658897683,0.0,0.0,0.7627927779907626,0.0,0.12064744524316465,0.0,0.0
BERTopic_topic_256,0.2,text_similarity+interactions,Core Number Only,xgboost,68.50212849804666,1128,1798,0.8799064009661836,0.0,0.16184957690659724,0.0,0.0,0.7564762582835862,0.0,0.1202723883698867,0.0,0.0
BERTopic_topic_256,0.5,interactions,All,random_forest,3.3864507529651746,1599,1798,0.8422416744095067,0.5945945945945946,0.5910361208628211,0.4230769230769231,1.0,0.8340453109881886,0.5581395348837209,0.5012212696747397,0.3870967741935484,1.0
BERTopic_topic_256,0.5,interactions,All,xgboost,3.3864507529651746,1599,1798,0.8456892757592058,0.65,0.6143139563570877,0.5,0.9285714285714286,0.8315899008708035,0.5909090909090909,0.5258473362520726,0.41935483870967744,1.0
BERTopic_topic_256,0.5,interactions,All but Betweenness and Harmonic,random_forest,3.3864507529651746,1599,1798,0.8599442515526432,0.5945945945945946,0.5842910864052006,0.4230769230769231,1.0,0.8348850795041715,0.5238095238095238,0.49413101191280845,0.3548387096774194,1.0
BERTopic_topic_256,0.5,interactions,All but Betweenness and Harmonic,xgboost,3.3864507529651746,1599,1798,0.8428285001711575,0.65,0.6167442006647328,0.5,0.9285714285714286,0.8454643372218267,0.5909090909090909,0.523003251019666,0.41935483870967744,1.0
BERTopic_topic_256,0.5,interactions,Core Number Only,random_forest,3.3864507529651746,1599,1798,0.61912562961514,0.0,0.09889539431386309,0.0,0.0,0.6101831060481588,0.0,0.07996624440971895,0.0,0.0
BERTopic_topic_256,0.5,interactions,Core Number Only,xgboost,3.3864507529651746,1599,1798,0.6081470976575872,0.0,0.10037575282653982,0.0,0.0,0.6090512441353122,0.0,0.0809057739879696,0.0,0.0
BERTopic_topic_256,0.5,similarity,All,random_forest,173.0505694230087,1599,1798,0.9276859504132231,0.7906976744186046,0.7843721197046672,0.6538461538461539,1.0,0.912225934242474,0.7083333333333334,0.6637117978164095,0.5483870967741935,1.0
BERTopic_topic_256,0.5,similarity,All,xgboost,173.0505694230087,1599,1798,0.9431268032666633,0.7555555555555555,0.7531023727546076,0.6538461538461539,0.8947368421052632,0.9035270277671285,0.6938775510204082,0.610707514834094,0.5483870967741935,0.9444444444444444
BERTopic_topic_256,0.5,similarity,All but Betweenness and Harmonic,random_forest,173.0505694230087,1599,1798,0.9145434984595824,0.7727272727272727,0.7470388433261741,0.6538461538461539,0.9444444444444444,0.9025320846340619,0.6938775510204082,0.6405748560991129,0.5483870967741935,0.9444444444444444
BERTopic_topic_256,0.5,similarity,All but Betweenness and Harmonic,xgboost,173.0505694230087,1599,1798,0.9259010220548682,0.7727272727272727,0.7487031004426782,0.6538461538461539,0.9444444444444444,0.8953666684922503,0.72,0.6213148291310101,0.5806451612903226,0.9473684210526315
BERTopic_topic_256,0.5,similarity,Core Number Only,random_forest,173.0505694230087,1599,1798,0.8197955890263582,0.0,0.09229784721207321,0.0,0.0,0.8597221461562337,0.0,0.09475505411918429,0.0,0.0
BERTopic_topic_256,0.5,similarity,Core Number Only,xgboost,173.0505694230087,1599,1798,0.8262017702577144,0.0,0.09416872108214827,0.0,0.0,0.8474633514066123,0.0,0.09461641014327782,0.0,0.0
BERTopic_topic_256,0.5,similarity+interactions,All,random_forest,180.1371120690601,1599,1798,0.927857107927038,0.7441860465116279,0.7799757574915205,0.6153846153846154,0.9411764705882353,0.9068952297497125,0.6530612244897959,0.6232779384962005,0.5161290322580645,0.8888888888888888
BERTopic_topic_256,0.5,similarity+interactions,All,xgboost,180.1371120690601,1599,1798,0.9581642134089686,0.7111111111111111,0.7123542895945403,0.6153846153846154,0.8421052631578947,0.9025959800646256,0.6530612244897959,0.5731167850109522,0.5161290322580645,0.8888888888888888
BERTopic_topic_256,0.5,similarity+interactions,All but Betweenness and Harmonic,random_forest,180.1371120690601,1599,1798,0.9363783070076777,0.7441860465116279,0.7580021200048772,0.6153846153846154,0.9411764705882353,0.8985249283458385,0.6666666666666666,0.6191348079515597,0.5161290322580645,0.9411764705882353
BERTopic_topic_256,0.5,similarity+interactions,All but Betweenness and Harmonic,xgboost,180.1371120690601,1599,1798,0.9336886889334441,0.7111111111111111,0.7173178073703391,0.6153846153846154,0.8421052631578947,0.8868777041459006,0.64,0.5511130091216263,0.5161290322580645,0.8421052631578947
BERTopic_topic_256,0.5,similarity+interactions,Core Number Only,random_forest,180.1371120690601,1599,1798,0.819942295466771,0.0,0.09229784721207321,0.0,0.0,0.8597221461562334,0.0,0.09475505411918429,0.0,0.0
BERTopic_topic_256,0.5,similarity+interactions,Core Number Only,xgboost,180.1371120690601,1599,1798,0.8279133453958629,0.0,0.0942670769736481,0.0,0.0,0.8472716651149206,0.0,0.0946075094276575,0.0,0.0
BERTopic_topic_256,0.5,similarity+text_similarity,All,random_forest,166.3611638720613,1599,1798,0.9288962785466282,0.7906976744186046,0.8038172262497009,0.6538461538461539,1.0,0.9101538967084726,0.6808510638297872,0.6565628647696103,0.5161290322580645,1.0
BERTopic_topic_256,0.5,similarity+text_similarity,All,xgboost,166.3611638720613,1599,1798,0.9525649175998826,0.7727272727272727,0.7512215533862898,0.6538461538461539,0.9444444444444444,0.9198842579914929,0.6530612244897959,0.6260863464856276,0.5161290322580645,0.8888888888888888
BERTopic_topic_256,0.5,similarity+text_similarity,All but Betweenness and Harmonic,random_forest,166.3611638720613,1599,1798,0.9179544231991785,0.7906976744186046,0.7609886587611823,0.6538461538461539,1.0,0.8961790532522774,0.6938775510204082,0.6365395716378721,0.5483870967741935,0.9444444444444444
BERTopic_topic_256,0.5,similarity+text_similarity,All but Betweenness and Harmonic,xgboost,166.3611638720613,1599,1798,0.9478947625800773,0.7441860465116279,0.7557663327727553,0.6153846153846154,0.9411764705882353,0.9114865728316629,0.6530612244897959,0.6091637058936736,0.5161290322580645,0.8888888888888888
BERTopic_topic_256,0.5,similarity+text_similarity,Core Number Only,random_forest,166.3611638720613,1599,1798,0.8196244315125434,0.0,0.09227708860970839,0.0,0.0,0.8590375522573344,0.0,0.09453245384617463,0.0,0.0
BERTopic_topic_256,0.5,similarity+text_similarity,Core Number Only,xgboost,166.3611638720613,1599,1798,0.826739693872561,0.0,0.0941417624516958,0.0,0.0,0.8462219544699418,0.0,0.09450242420935544,0.0,0.0
BERTopic_topic_256,0.5,similarity+text_similarity+interactions,All,random_forest,181.86946895893198,1599,1798,0.9277837547068317,0.7441860465116279,0.7695582431143337,0.6153846153846154,0.9411764705882353,0.9068678459937566,0.6666666666666666,0.6319225928301625,0.5161290322580645,0.9411764705882353
BERTopic_topic_256,0.5,similarity+text_similarity+interactions,All,xgboost,181.86946895893198,1599,1798,0.9607315761161915,0.7111111111111111,0.7231577613245195,0.6153846153846154,0.8421052631578947,0.90725121857714,0.6938775510204082,0.5862589930635832,0.5483870967741935,0.9444444444444444
BERTopic_topic_256,0.5,similarity+text_similarity+interactions,All but Betweenness and Harmonic,random_forest,181.86946895893198,1599,1798,0.898479143234388,0.7441860465116279,0.7283784585206209,0.6153846153846154,0.9411764705882353,0.9060098216404695,0.6666666666666666,0.6220881844102528,0.5161290322580645,0.9411764705882353
BERTopic_topic_256,0.5,similarity+text_similarity+interactions,All but Betweenness and Harmonic,xgboost,181.86946895893198,1599,1798,0.9473812900386327,0.6818181818181818,0.7115169844502341,0.5769230769230769,0.8333333333333334,0.8911313142377275,0.6530612244897959,0.5548946075896808,0.5161290322580645,0.8888888888888888
BERTopic_topic_256,0.5,similarity+text_similarity+interactions,Core Number Only,random_forest,181.86946895893198,1599,1798,0.8197711379529561,0.0,0.09227708860970839,0.0,0.0,0.8590375522573344,0.0,0.09453245384617463,0.0,0.0
BERTopic_topic_256,0.5,similarity+text_similarity+interactions,Core Number Only,xgboost,181.86946895893198,1599,1798,0.8278033155655533,0.0,0.09421077486619765,0.0,0.0,0.8472534092776165,0.0,0.09453352830385375,0.0,0.0
BERTopic_topic_256,0.5,text_similarity,All,random_forest,167.87068892503157,1599,1798,0.9292874957210622,0.7619047619047619,0.7885790330351903,0.6153846153846154,1.0,0.9109023860379357,0.6382978723404256,0.6570854932092398,0.4838709677419355,0.9375
BERTopic_topic_256,0.5,text_similarity,All,xgboost,167.87068892503157,1599,1798,0.945461880776566,0.6818181818181818,0.6983077118091217,0.5769230769230769,0.8333333333333334,0.9182960001460467,0.6382978723404256,0.6248210163175698,0.4838709677419355,0.9375
BERTopic_topic_256,0.5,text_similarity,All but Betweenness and Harmonic,random_forest,167.87068892503157,1599,1798,0.9012176634554256,0.7906976744186046,0.7490367274628261,0.6538461538461539,1.0,0.8854902605107984,0.6808510638297872,0.6388258510952058,0.5161290322580645,1.0
BERTopic_topic_256,0.5,text_similarity,All but Betweenness and Harmonic,xgboost,167.87068892503157,1599,1798,0.9394713677930461,0.6666666666666666,0.689526578434671,0.5769230769230769,0.7894736842105263,0.9047501688664951,0.6382978723404256,0.6145750524862569,0.4838709677419355,0.9375
BERTopic_topic_256,0.5,text_similarity,Core Number Only,random_forest,167.87068892503157,1599,1798,0.8195999804391413,0.0,0.09218848486796286,0.0,0.0,0.8599594720411852,0.0,0.09611261515273901,0.0,0.0
BERTopic_topic_256,0.5,text_similarity,Core Number Only,xgboost,167.87068892503157,1599,1798,0.8279255709325639,0.0,0.09430109997643506,0.0,0.0,0.8472990488708764,0.0,0.09490866931508317,0.0,0.0
BERTopic_topic_256,0.5,text_similarity+interactions,All,random_forest,183.02488845400512,1599,1798,0.9266345542569319,0.6829268292682927,0.7599627358950862,0.5384615384615384,0.9333333333333333,0.8970827171988244,0.6382978723404256,0.6167562556690208,0.4838709677419355,0.9375
BERTopic_topic_256,0.5,text_similarity+interactions,All,xgboost,183.02488845400512,1599,1798,0.954631033302362,0.6363636363636364,0.7012833184908607,0.5384615384615384,0.7777777777777778,0.925616590904942,0.5833333333333334,0.600691365939096,0.45161290322580644,0.8235294117647058
BERTopic_topic_256,0.5,text_similarity+interactions,All but Betweenness and Harmonic,random_forest,183.02488845400512,1599,1798,0.8811800088023863,0.7142857142857143,0.7227849440779857,0.5769230769230769,0.9375,0.8817021742702229,0.6666666666666666,0.604227588199713,0.5161290322580645,0.9411764705882353
BERTopic_topic_256,0.5,text_similarity+interactions,All but Betweenness and Harmonic,xgboost,183.02488845400512,1599,1798,0.9279549122206465,0.6222222222222222,0.6916681810562366,0.5384615384615384,0.7368421052631579,0.8946181791627872,0.5833333333333334,0.5763660570569209,0.45161290322580644,0.8235294117647058
BERTopic_topic_256,0.5,text_similarity+interactions,Core Number Only,random_forest,183.02488845400512,1599,1798,0.819746686879554,0.0,0.09218848486796286,0.0,0.0,0.8599594720411852,0.0,0.09611261515273903,0.0,0.0
BERTopic_topic_256,0.5,text_similarity+interactions,Core Number Only,xgboost,183.02488845400512,1599,1798,0.8274976771480269,0.0,0.09429765492497018,0.0,0.0,0.8465961991346733,0.0,0.09489687623476935,0.0,0.0
BERTopic_topic_256,1.0,interactions,All,random_forest,3.0922623650403693,1798,1798,0.8867681691220769,0.5581395348837209,0.5992421974756913,0.3870967741935484,1.0,0.8867681691220769,0.5581395348837209,0.5992421974756913,0.3870967741935484,1.0
BERTopic_topic_256,1.0,interactions,All,xgboost,3.0922623650403693,1798,1798,0.8367836865837852,0.6521739130434783,0.6264186493080417,0.4838709677419355,1.0,0.8367836865837852,0.6521739130434783,0.6264186493080417,0.4838709677419355,1.0
BERTopic_topic_256,1.0,interactions,All but Betweenness and Harmonic,random_forest,3.0922623650403693,1798,1798,0.8746736769081915,0.5581395348837209,0.6104633880925004,0.3870967741935484,1.0,0.8746736769081915,0.5581395348837209,0.6104633880925004,0.3870967741935484,1.0
BERTopic_topic_256,1.0,interactions,All but Betweenness and Harmonic,xgboost,3.0922623650403693,1798,1798,0.8358708947185862,0.7083333333333334,0.6419539715865801,0.5483870967741935,1.0,0.8358708947185862,0.7083333333333334,0.6419539715865801,0.5483870967741935,1.0
BERTopic_topic_256,1.0,interactions,Core Number Only,random_forest,3.0922623650403693,1798,1798,0.7047483432827647,0.0,0.090843465299883,0.0,0.0,0.7047483432827647,0.0,0.090843465299883,0.0,0.0
BERTopic_topic_256,1.0,interactions,Core Number Only,xgboost,3.0922623650403693,1798,1798,0.7131734121985505,0.0,0.09100674728599242,0.0,0.0,0.7131734121985505,0.0,0.09100674728599242,0.0,0.0
BERTopic_topic_256,1.0,similarity,All,random_forest,284.85154078505,1798,1798,0.9368530587655401,0.7843137254901961,0.8064953828983755,0.6451612903225806,1.0,0.9368530587655401,0.7843137254901961,0.8064953828983755,0.6451612903225806,1.0
BERTopic_topic_256,1.0,similarity,All,xgboost,284.85154078505,1798,1798,0.9513664494222027,0.7272727272727273,0.7714304120708614,0.6451612903225806,0.8333333333333334,0.9513664494222027,0.7272727272727273,0.7714304120708614,0.6451612903225806,0.8333333333333334
BERTopic_topic_256,1.0,similarity,All but Betweenness and Harmonic,random_forest,284.85154078505,1798,1798,0.9398835277580007,0.76,0.8219009014244283,0.6129032258064516,1.0,0.9398835277580007,0.76,0.8219009014244283,0.6129032258064516,1.0
BERTopic_topic_256,1.0,similarity,All but Betweenness and Harmonic,xgboost,284.85154078505,1798,1798,0.944666557131643,0.7272727272727273,0.7793791651909874,0.6451612903225806,0.8333333333333334,0.944666557131643,0.7272727272727273,0.7793791651909874,0.6451612903225806,0.8333333333333334
BERTopic_topic_256,1.0,similarity,Core Number Only,random_forest,284.85154078505,1798,1798,0.8221151213100388,0.0,0.08719525057277525,0.0,0.0,0.8221151213100388,0.0,0.08719525057277525,0.0,0.0
BERTopic_topic_256,1.0,similarity,Core Number Only,xgboost,284.85154078505,1798,1798,0.8190755243989264,0.0,0.08523283844491952,0.0,0.0,0.8190755243989264,0.0,0.08523283844491952,0.0,0.0
BERTopic_topic_256,1.0,similarity+interactions,All,random_forest,281.84614634502213,1798,1798,0.9630593132154007,0.7843137254901961,0.8028960421438436,0.6451612903225806,1.0,0.9630593132154007,0.7843137254901961,0.8028960421438436,0.6451612903225806,1.0
BERTopic_topic_256,1.0,similarity+interactions,All,xgboost,281.84614634502213,1798,1798,0.9513299377475948,0.6909090909090909,0.7576734805419972,0.6129032258064516,0.7916666666666666,0.9513299377475948,0.6909090909090909,0.7576734805419972,0.6129032258064516,0.7916666666666666
BERTopic_topic_256,1.0,similarity+interactions,All but Betweenness and Harmonic,random_forest,281.84614634502213,1798,1798,0.9361136973547293,0.76,0.8025278623163642,0.6129032258064516,1.0,0.9361136973547293,0.76,0.8025278623163642,0.6129032258064516,1.0
BERTopic_topic_256,1.0,similarity+interactions,All but Betweenness and Harmonic,xgboost,281.84614634502213,1798,1798,0.9518411011921062,0.7547169811320755,0.7777787941623011,0.6451612903225806,0.9090909090909091,0.9518411011921062,0.7547169811320755,0.7777787941623011,0.6451612903225806,0.9090909090909091
BERTopic_topic_256,1.0,similarity+interactions,Core Number Only,random_forest,281.84614634502213,1798,1798,0.8206181426511128,0.0,0.08625271283664371,0.0,0.0,0.8206181426511128,0.0,0.08625271283664371,0.0,0.0
BERTopic_topic_256,1.0,similarity+interactions,Core Number Only,xgboost,281.84614634502213,1798,1798,0.8140004016284207,0.0,0.0833489661756146,0.0,0.0,0.8140004016284207,0.0,0.0833489661756146,0.0,0.0
BERTopic_topic_256,1.0,similarity+text_similarity,All,random_forest,292.003323359997,1798,1798,0.9656151304379574,0.7843137254901961,0.8147939851981005,0.6451612903225806,1.0,0.9656151304379574,0.7843137254901961,0.8147939851981005,0.6451612903225806,1.0
BERTopic_topic_256,1.0,similarity+text_similarity,All,xgboost,292.003323359997,1798,1798,0.9678879821823028,0.7547169811320755,0.7843262632061592,0.6451612903225806,0.9090909090909091,0.9678879821823028,0.7547169811320755,0.7843262632061592,0.6451612903225806,0.9090909090909091
BERTopic_topic_256,1.0,similarity+text_similarity,All but Betweenness and Harmonic,random_forest,292.003323359997,1798,1798,0.9564780838673166,0.76,0.8249508056051678,0.6129032258064516,1.0,0.9564780838673166,0.76,0.8249508056051678,0.6129032258064516,1.0
BERTopic_topic_256,1.0,similarity+text_similarity,All but Betweenness and Harmonic,xgboost,292.003323359997,1798,1798,0.9753911313142377,0.7272727272727273,0.7961485354143196,0.6451612903225806,0.8333333333333334,0.9753911313142377,0.7272727272727273,0.7961485354143196,0.6451612903225806,0.8333333333333334
BERTopic_topic_256,1.0,similarity+text_similarity,Core Number Only,random_forest,292.003323359997,1798,1798,0.8249995436040675,0.0,0.08813911455892898,0.0,0.0,0.8249995436040675,0.0,0.08813911455892898,0.0,0.0
BERTopic_topic_256,1.0,similarity+text_similarity,Core Number Only,xgboost,292.003323359997,1798,1798,0.8194497690636582,0.0,0.08757980674584373,0.0,0.0,0.8194497690636582,0.0,0.08757980674584373,0.0,0.0
BERTopic_topic_256,1.0,similarity+text_similarity+interactions,All,random_forest,288.9917460340075,1798,1798,0.9333935775964366,0.7843137254901961,0.8015675620808775,0.6451612903225806,1.0,0.9333935775964366,0.7843137254901961,0.8015675620808775,0.6451612903225806,1.0
BERTopic_topic_256,1.0,similarity+text_similarity+interactions,All,xgboost,288.9917460340075,1798,1798,0.9696587984007886,0.7307692307692307,0.7856155260664518,0.6129032258064516,0.9047619047619048,0.9696587984007886,0.7307692307692307,0.7856155260664518,0.6129032258064516,0.9047619047619048
BERTopic_topic_256,1.0,similarity+text_similarity+interactions,All but Betweenness and Harmonic,random_forest,288.9917460340075,1798,1798,0.9549537214524344,0.76,0.8137155174857567,0.6129032258064516,1.0,0.9549537214524344,0.76,0.8137155174857567,0.6129032258064516,1.0
BERTopic_topic_256,1.0,similarity+text_similarity+interactions,All but Betweenness and Harmonic,xgboost,288.9917460340075,1798,1798,0.9695949029702248,0.7307692307692307,0.7899752798838865,0.6129032258064516,0.9047619047619048,0.9695949029702248,0.7307692307692307,0.7899752798838865,0.6129032258064516,0.9047619047619048
BERTopic_topic_256,1.0,similarity+text_similarity+interactions,Core Number Only,random_forest,288.9917460340075,1798,1798,0.8250269273600234,0.0,0.08816324897798938,0.0,0.0,0.8250269273600234,0.0,0.08816324897798938,0.0,0.0
BERTopic_topic_256,1.0,similarity+text_similarity+interactions,Core Number Only,xgboost,288.9917460340075,1798,1798,0.8197327345418697,0.0,0.0876034018207538,0.0,0.0,0.8197327345418697,0.0,0.0876034018207538,0.0,0.0
BERTopic_topic_256,1.0,text_similarity,All,random_forest,282.9630305550527,1798,1798,0.956067327527977,0.7843137254901961,0.8340173177748758,0.6451612903225806,1.0,0.956067327527977,0.7843137254901961,0.8340173177748758,0.6451612903225806,1.0
BERTopic_topic_256,1.0,text_similarity,All,xgboost,282.9630305550527,1798,1798,0.9555287803275098,0.7636363636363637,0.8266573390611223,0.6774193548387096,0.875,0.9555287803275098,0.7636363636363637,0.8266573390611223,0.6774193548387096,0.875
BERTopic_topic_256,1.0,text_similarity,All but Betweenness and Harmonic,random_forest,282.9630305550527,1798,1798,0.9558665133176333,0.76,0.8470454726989328,0.6129032258064516,1.0,0.9558665133176333,0.76,0.8470454726989328,0.6129032258064516,1.0
BERTopic_topic_256,1.0,text_similarity,All but Betweenness and Harmonic,xgboost,282.9630305550527,1798,1798,0.9581758767365866,0.7547169811320755,0.831232314336782,0.6451612903225806,0.9090909090909091,0.9581758767365866,0.7547169811320755,0.831232314336782,0.6451612903225806,0.9090909090909091
BERTopic_topic_256,1.0,text_similarity,Core Number Only,random_forest,282.9630305550527,1798,1798,0.834574730270004,0.0,0.08913587046590085,0.0,0.0,0.834574730270004,0.0,0.08913587046590085,0.0,0.0
BERTopic_topic_256,1.0,text_similarity,Core Number Only,xgboost,282.9630305550527,1798,1798,0.8308961790532523,0.0,0.08721685360336585,0.0,0.0,0.8308961790532523,0.0,0.08721685360336585,0.0,0.0
BERTopic_topic_256,1.0,text_similarity+interactions,All,random_forest,297.1446093469858,1798,1798,0.9707450207203754,0.7843137254901961,0.8381199434579727,0.6451612903225806,1.0,0.9707450207203754,0.7843137254901961,0.8381199434579727,0.6451612903225806,1.0
BERTopic_topic_256,1.0,text_similarity+interactions,All,xgboost,297.1446093469858,1798,1798,0.9637804187889077,0.7407407407407407,0.8092409677159316,0.6451612903225806,0.8695652173913043,0.9637804187889077,0.7407407407407407,0.8092409677159316,0.6451612903225806,0.8695652173913043
BERTopic_topic_256,1.0,text_similarity+interactions,All but Betweenness and Harmonic,random_forest,297.1446093469858,1798,1798,0.9676780400533072,0.76,0.833404892515356,0.6129032258064516,1.0,0.9676780400533072,0.76,0.833404892515356,0.6129032258064516,1.0
BERTopic_topic_256,1.0,text_similarity+interactions,All but Betweenness and Harmonic,xgboost,297.1446093469858,1798,1798,0.96195483505851,0.7692307692307693,0.8214881549364164,0.6451612903225806,0.9523809523809523,0.96195483505851,0.7692307692307693,0.8214881549364164,0.6451612903225806,0.9523809523809523
BERTopic_topic_256,1.0,text_similarity+interactions,Core Number Only,random_forest,297.1446093469858,1798,1798,0.8341913576866204,0.0,0.08902840272457246,0.0,0.0,0.8341913576866204,0.0,0.08902840272457246,0.0,0.0
BERTopic_topic_256,1.0,text_similarity+interactions,Core Number Only,xgboost,297.1446093469858,1798,1798,0.827865710060792,0.0,0.08593782454946704,0.0,0.0,0.827865710060792,0.0,0.08593782454946704,0.0,0.0
BERTopic_topic_512,0.05,interactions,All,random_forest,1.2766644860384986,271,1798,0.4629329004329005,0.0,0.025149427027452688,0.0,0.0,0.4673129233072275,0.0,0.021777535350197372,0.0,0.0
BERTopic_topic_512,0.05,interactions,All,xgboost,1.2766644860384986,271,1798,0.7808441558441558,0.0,0.06784629368041022,0.0,0.0,0.431330667981087,0.0,0.01547975538153669,0.0,0.0
BERTopic_topic_512,0.05,interactions,All but Betweenness and Harmonic,random_forest,1.2766644860384986,271,1798,0.4334415584415584,0.0,0.024458366511681602,0.0,0.0,0.4382952699125546,0.0,0.02008449970967332,0.0,0.0
BERTopic_topic_512,0.05,interactions,All but Betweenness and Harmonic,xgboost,1.2766644860384986,271,1798,0.7808441558441558,0.0,0.06784629368041022,0.0,0.0,0.431330667981087,0.0,0.01547975538153669,0.0,0.0
BERTopic_topic_512,0.05,interactions,Core Number Only,random_forest,1.2766644860384986,271,1798,0.5137987012987013,0.0,0.026447462197885227,0.0,0.0,0.49851214925972576,0.0,0.017180382944866887,0.0,0.0
BERTopic_topic_512,0.05,interactions,Core Number Only,xgboost,1.2766644860384986,271,1798,0.4223484848484848,0.0,0.022369079565283084,0.0,0.0,0.48676451795461595,0.0,0.01680541352545944,0.0,0.0
BERTopic_topic_512,0.05,similarity,All,random_forest,1.958578468998894,271,1798,0.8655303030303029,0.0,0.30426778398022203,0.0,0.0,0.5525494276795005,0.0,0.10047157650825683,0.0,0.0
BERTopic_topic_512,0.05,similarity,All,xgboost,1.958578468998894,271,1798,0.7443181818181818,0.0,0.19113504566617845,0.0,0.0,0.46436460558263504,0.0,0.03273894620412512,0.0,0.0
BERTopic_topic_512,0.05,similarity,All but Betweenness and Harmonic,random_forest,1.958578468998894,271,1798,0.7600108225108225,0.0,0.33378233281755226,0.0,0.0,0.5837577815506508,0.0,0.11983385637912039,0.0,0.0
BERTopic_topic_512,0.05,similarity,All but Betweenness and Harmonic,xgboost,1.958578468998894,271,1798,0.7832792207792209,0.0,0.4615739216994738,0.0,0.0,0.4911094072329627,0.0625,0.05651327761877658,0.03225806451612903,1.0
BERTopic_topic_512,0.05,similarity,Core Number Only,random_forest,1.958578468998894,271,1798,0.46969696969696967,0.0,0.02846239451405503,0.0,0.0,0.4343702648921992,0.0,0.020259553022742422,0.0,0.0
BERTopic_topic_512,0.05,similarity,Core Number Only,xgboost,1.958578468998894,271,1798,0.5587121212121211,0.0,0.03514205768365791,0.0,0.0,0.4864176570458404,0.0,0.02147360207553567,0.0,0.0
BERTopic_topic_512,0.05,similarity+interactions,All,random_forest,2.346590023022145,271,1798,0.821969696969697,0.0,0.28839347650914426,0.0,0.0,0.5282417803092538,0.0,0.11011355698288582,0.0,0.0
BERTopic_topic_512,0.05,similarity+interactions,All,xgboost,2.346590023022145,271,1798,0.7713744588744589,0.25,0.2923058410361087,0.14285714285714285,1.0,0.5209211895503587,0.0,0.07374609969410217,0.0,0.0
BERTopic_topic_512,0.05,similarity+interactions,All but Betweenness and Harmonic,random_forest,2.346590023022145,271,1798,0.7573051948051948,0.0,0.3147012489101739,0.0,0.0,0.5225915986636727,0.0,0.10217963267267985,0.0,0.0
BERTopic_topic_512,0.05,similarity+interactions,All but Betweenness and Harmonic,xgboost,2.346590023022145,271,1798,0.7838203463203463,0.25,0.4710218877695513,0.14285714285714285,1.0,0.4621921609434617,0.0,0.041650432018062136,0.0,0.0
BERTopic_topic_512,0.05,similarity+interactions,Core Number Only,random_forest,2.346590023022145,271,1798,0.4683441558441558,0.0,0.02846239451405503,0.0,0.0,0.4338773572849919,0.0,0.020247471868389103,0.0,0.0
BERTopic_topic_512,0.05,similarity+interactions,Core Number Only,xgboost,2.346590023022145,271,1798,0.5692640692640693,0.0,0.03523969340291035,0.0,0.0,0.48652719206966427,0.0,0.022730004038476623,0.0,0.0
BERTopic_topic_512,0.05,similarity+text_similarity,All,random_forest,1.5412386719835922,271,1798,0.8349567099567099,0.0,0.3276175218448031,0.0,0.0,0.5562553626522081,0.0,0.10896634129231748,0.0,0.0
BERTopic_topic_512,0.05,similarity+text_similarity,All,xgboost,1.5412386719835922,271,1798,0.8141233766233766,0.0,0.2072102305912273,0.0,0.0,0.49245121127480507,0.0,0.06105376664165121,0.0,0.0
BERTopic_topic_512,0.05,similarity+text_similarity,All but Betweenness and Harmonic,random_forest,1.5412386719835922,271,1798,0.8492965367965368,0.0,0.28313446316163704,0.0,0.0,0.5526772185406283,0.0,0.10589099400070495,0.0,0.0
BERTopic_topic_512,0.05,similarity+text_similarity,All but Betweenness and Harmonic,xgboost,1.5412386719835922,271,1798,0.8346861471861472,0.0,0.47937535772209955,0.0,0.0,0.49330010770944005,0.0625,0.06300109878916091,0.03225806451612903,1.0
BERTopic_topic_512,0.05,similarity+text_similarity,Core Number Only,random_forest,1.5412386719835922,271,1798,0.4553571428571428,0.0,0.02680183285349337,0.0,0.0,0.4317688080763824,0.0,0.016944845867939255,0.0,0.0
BERTopic_topic_512,0.05,similarity+text_similarity,Core Number Only,xgboost,1.5412386719835922,271,1798,0.5476190476190476,0.0,0.0333334539585717,0.0,0.0,0.4844277707797068,0.0,0.020282735253835497,0.0,0.0
BERTopic_topic_512,0.05,similarity+text_similarity+interactions,All,random_forest,2.1229727669851854,271,1798,0.8146645021645023,0.0,0.27565182913606023,0.0,0.0,0.5595140296109682,0.0,0.08326135145700593,0.0,0.0
BERTopic_topic_512,0.05,similarity+text_similarity+interactions,All,xgboost,2.1229727669851854,271,1798,0.8568722943722944,0.4444444444444444,0.3597370610911731,0.2857142857142857,1.0,0.49468755134454234,0.0,0.053189397109946635,0.0,0.0
BERTopic_topic_512,0.05,similarity+text_similarity+interactions,All but Betweenness and Harmonic,random_forest,2.1229727669851854,271,1798,0.8428030303030303,0.0,0.27833371985157696,0.0,0.0,0.5517461708381255,0.0,0.08503779712119236,0.0,0.0
BERTopic_topic_512,0.05,similarity+text_similarity+interactions,All but Betweenness and Harmonic,xgboost,2.1229727669851854,271,1798,0.8322510822510822,0.6,0.4734199023120699,0.42857142857142855,1.0,0.49371999196743155,0.0625,0.06969560498580751,0.03225806451612903,1.0
BERTopic_topic_512,0.05,similarity+text_similarity+interactions,Core Number Only,random_forest,2.1229727669851854,271,1798,0.45400432900432897,0.0,0.02680183285349337,0.0,0.0,0.43127590046917497,0.0,0.01693289295692902,0.0,0.0
BERTopic_topic_512,0.05,similarity+text_similarity+interactions,Core Number Only,xgboost,2.1229727669851854,271,1798,0.5592532467532467,0.0,0.03364307940404289,0.0,0.0,0.48395311900980337,0.0,0.020250320199948647,0.0,0.0
BERTopic_topic_512,0.05,text_similarity,All,random_forest,1.579700996982865,271,1798,0.8598484848484848,0.0,0.2606337560077717,0.0,0.0,0.5544023951658543,0.0,0.07802137319745196,0.0,0.0
BERTopic_topic_512,0.05,text_similarity,All,xgboost,1.579700996982865,271,1798,0.7946428571428571,0.0,0.189810527668428,0.0,0.0,0.4934461544078719,0.0,0.06521648599445648,0.0,0.0
BERTopic_topic_512,0.05,text_similarity,All but Betweenness and Harmonic,random_forest,1.579700996982865,271,1798,0.7943722943722944,0.0,0.2942128908226256,0.0,0.0,0.5278949194004783,0.0,0.08375699817987683,0.0,0.0
BERTopic_topic_512,0.05,text_similarity,All but Betweenness and Harmonic,xgboost,1.579700996982865,271,1798,0.8146645021645021,0.25,0.4359956355129343,0.14285714285714285,1.0,0.49231429249502523,0.0625,0.09903987640830623,0.03225806451612903,1.0
BERTopic_topic_512,0.05,text_similarity,Core Number Only,random_forest,1.579700996982865,271,1798,0.4502164502164502,0.0,0.026642140529539116,0.0,0.0,0.4298245614035088,0.0,0.016897223471615066,0.0,0.0
BERTopic_topic_512,0.05,text_similarity,Core Number Only,xgboost,1.579700996982865,271,1798,0.5473484848484849,0.0,0.03348401814464157,0.0,0.0,0.482675210398525,0.0,0.020305728469450515,0.0,0.0
BERTopic_topic_512,0.05,text_similarity+interactions,All,random_forest,2.417964047053829,271,1798,0.8192640692640691,0.0,0.24304579759907757,0.0,0.0,0.5888876718330687,0.0,0.10786508267884365,0.0,0.0
BERTopic_topic_512,0.05,text_similarity+interactions,All,xgboost,2.417964047053829,271,1798,0.8509199134199134,0.2222222222222222,0.31271352811916325,0.14285714285714285,0.5,0.4939847016083393,0.0,0.05087936344533662,0.0,0.0
BERTopic_topic_512,0.05,text_similarity+interactions,All but Betweenness and Harmonic,random_forest,2.417964047053829,271,1798,0.7416125541125542,0.0,0.27109180849461556,0.0,0.0,0.4999178487321321,0.0,0.07973916350277827,0.0,0.0
BERTopic_topic_512,0.05,text_similarity+interactions,All but Betweenness and Harmonic,xgboost,2.417964047053829,271,1798,0.838474025974026,0.2222222222222222,0.3936195966406739,0.14285714285714285,0.5,0.49185789656242584,0.0,0.06086810761289667,0.0,0.0
BERTopic_topic_512,0.05,text_similarity+interactions,Core Number Only,random_forest,2.417964047053829,271,1798,0.44886363636363635,0.0,0.026642140529539116,0.0,0.0,0.4293316537963014,0.0,0.016885396190066158,0.0,0.0
BERTopic_topic_512,0.05,text_similarity+interactions,Core Number Only,xgboost,2.417964047053829,271,1798,0.5589826839826839,0.0,0.0338023804381535,0.0,0.0,0.48232834948974934,0.0,0.02057969169853622,0.0,0.0
BERTopic_topic_512,0.1,interactions,All,random_forest,1.4209059489658102,490,1798,0.5658333333333334,0.0,0.047280492362772056,0.0,0.0,0.45781988790915895,0.0,0.03501468987468329,0.0,0.0
BERTopic_topic_512,0.1,interactions,All,xgboost,1.4209059489658102,490,1798,0.7578125,0.0,0.061264529510327834,0.0,0.0,0.5321394015736531,0.0,0.04173107058177335,0.0,0.0
BERTopic_topic_512,0.1,interactions,All but Betweenness and Harmonic,random_forest,1.4209059489658102,490,1798,0.5634375,0.0,0.0453569116818089,0.0,0.0,0.48154334848567826,0.0,0.027313904178607094,0.0,0.0
BERTopic_topic_512,0.1,interactions,All but Betweenness and Harmonic,xgboost,1.4209059489658102,490,1798,0.7578125,0.0,0.061264529510327834,0.0,0.0,0.5316647498037498,0.0,0.04059739566176746,0.0,0.0
BERTopic_topic_512,0.1,interactions,Core Number Only,random_forest,1.4209059489658102,490,1798,0.5185416666666667,0.0,0.021208984126702468,0.0,0.0,0.50334994614528,0.0,0.018625210508438395,0.0,0.0
BERTopic_topic_512,0.1,interactions,Core Number Only,xgboost,1.4209059489658102,490,1798,0.3472916666666668,0.0,0.01556183056678277,0.0,0.0,0.431239388794567,0.0,0.014889517001749019,0.0,0.0
BERTopic_topic_512,0.1,similarity,All,random_forest,4.726922155939974,490,1798,0.9745833333333332,0.3333333333333333,0.6123833309547595,0.2,1.0,0.6247330083794294,0.0625,0.19844302401768843,0.03225806451612903,1.0
BERTopic_topic_512,0.1,similarity,All,xgboost,4.726922155939974,490,1798,0.8929166666666667,0.16666666666666666,0.3264670769428404,0.1,0.5,0.6287036529930445,0.0,0.1431042700315412,0.0,0.0
BERTopic_topic_512,0.1,similarity,All but Betweenness and Harmonic,random_forest,4.726922155939974,490,1798,0.9646875,0.3333333333333333,0.5804209107510994,0.2,1.0,0.6427241360424996,0.12121212121212122,0.1661447427173246,0.06451612903225806,1.0
BERTopic_topic_512,0.1,similarity,All but Betweenness and Harmonic,xgboost,4.726922155939974,490,1798,0.8114583333333333,0.3076923076923077,0.4072529345933793,0.2,0.6666666666666666,0.6218029464921409,0.0625,0.17176767738544527,0.03225806451612903,1.0
BERTopic_topic_512,0.1,similarity,Core Number Only,random_forest,4.726922155939974,490,1798,0.5734374999999999,0.0,0.039367775082060796,0.0,0.0,0.4919035361556858,0.0,0.02341785791961977,0.0,0.0
BERTopic_topic_512,0.1,similarity,Core Number Only,xgboost,4.726922155939974,490,1798,0.4983333333333333,0.0,0.03990247613869485,0.0,0.0,0.4834967230772039,0.0,0.020880330337479786,0.0,0.0
BERTopic_topic_512,0.1,similarity+interactions,All,random_forest,6.754872438963503,490,1798,0.9652083333333333,0.18181818181818182,0.5077003284072249,0.1,1.0,0.6154681709476605,0.0625,0.185439713753369,0.03225806451612903,1.0
BERTopic_topic_512,0.1,similarity+interactions,All,xgboost,6.754872438963503,490,1798,0.8881249999999999,0.18181818181818182,0.32411185106453644,0.1,1.0,0.6470690253208463,0.0625,0.16786864284067826,0.03225806451612903,1.0
BERTopic_topic_512,0.1,similarity+interactions,All but Betweenness and Harmonic,random_forest,6.754872438963503,490,1798,0.8777083333333334,0.3333333333333333,0.5399898473899664,0.2,1.0,0.6104660715263706,0.12121212121212122,0.17064092547312762,0.06451612903225806,1.0
BERTopic_topic_512,0.1,similarity+interactions,All but Betweenness and Harmonic,xgboost,6.754872438963503,490,1798,0.8568749999999999,0.3076923076923077,0.42259759056540086,0.2,0.6666666666666666,0.648164375559085,0.0625,0.17491346722663942,0.03225806451612903,1.0
BERTopic_topic_512,0.1,similarity+interactions,Core Number Only,random_forest,6.754872438963503,490,1798,0.5713541666666666,0.0,0.03807086963881389,0.0,0.0,0.49232342041367727,0.0,0.023295105981218464,0.0,0.0
BERTopic_topic_512,0.1,similarity+interactions,Core Number Only,xgboost,6.754872438963503,490,1798,0.5044791666666667,0.0,0.03848894117339489,0.0,0.0,0.4802563119557479,0.0,0.020548718254577204,0.0,0.0
BERTopic_topic_512,0.1,similarity+text_similarity,All,random_forest,4.6071611299412325,490,1798,0.975625,0.18181818181818182,0.5993813454235448,0.1,1.0,0.6452525695091005,0.0625,0.1941884210017711,0.03225806451612903,1.0
BERTopic_topic_512,0.1,similarity+text_similarity,All,xgboost,4.6071611299412325,490,1798,0.9158333333333334,0.16666666666666666,0.3512734890218314,0.1,0.5,0.6279916753381893,0.0625,0.15409625141556274,0.03225806451612903,1.0
BERTopic_topic_512,0.1,similarity+text_similarity,All but Betweenness and Harmonic,random_forest,4.6071611299412325,490,1798,0.8917708333333333,0.3333333333333333,0.5613125880983023,0.2,1.0,0.6030450736623034,0.0625,0.1655470704751106,0.03225806451612903,1.0
BERTopic_topic_512,0.1,similarity+text_similarity,All but Betweenness and Harmonic,xgboost,4.6071611299412325,490,1798,0.8731249999999999,0.42857142857142855,0.4092417174824562,0.3,0.75,0.5991109407232963,0.12121212121212122,0.12264252287920038,0.06451612903225806,1.0
BERTopic_topic_512,0.1,similarity+text_similarity,Core Number Only,random_forest,4.6071611299412325,490,1798,0.5721875,0.0,0.039367775082060796,0.0,0.0,0.4897128356792084,0.0,0.023350625327525087,0.0,0.0
BERTopic_topic_512,0.1,similarity+text_similarity,Core Number Only,xgboost,4.6071611299412325,490,1798,0.48989583333333336,0.0,0.039923455890238144,0.0,0.0,0.4806488124577834,0.0,0.020803256591402065,0.0,0.0
BERTopic_topic_512,0.1,similarity+text_similarity+interactions,All,random_forest,6.88889394805301,490,1798,0.9232291666666667,0.18181818181818182,0.509349382180363,0.1,1.0,0.6326286580133997,0.0625,0.1710428434634342,0.03225806451612903,1.0
BERTopic_topic_512,0.1,similarity+text_similarity+interactions,All,xgboost,6.88889394805301,490,1798,0.8807291666666667,0.18181818181818182,0.29320038244448143,0.1,1.0,0.5978147762747139,0.12121212121212122,0.1274078786984902,0.06451612903225806,1.0
BERTopic_topic_512,0.1,similarity+text_similarity+interactions,All but Betweenness and Harmonic,random_forest,6.88889394805301,490,1798,0.8157291666666667,0.3333333333333333,0.5858528596623834,0.2,1.0,0.5990196615367764,0.0625,0.17053732164633645,0.03225806451612903,1.0
BERTopic_topic_512,0.1,similarity+text_similarity+interactions,All but Betweenness and Harmonic,xgboost,6.88889394805301,490,1798,0.8916666666666667,0.46153846153846156,0.47789276533021846,0.3,1.0,0.596847216897603,0.0625,0.13852487016415413,0.03225806451612903,1.0
BERTopic_topic_512,0.1,similarity+text_similarity+interactions,Core Number Only,random_forest,6.88889394805301,490,1798,0.5713541666666666,0.0,0.0369799605479048,0.0,0.0,0.4918761523997298,0.0,0.023281406719760846,0.0,0.0
BERTopic_topic_512,0.1,similarity+text_similarity+interactions,Core Number Only,xgboost,6.88889394805301,490,1798,0.49916666666666665,0.0,0.03836758010885792,0.0,0.0,0.47830293736422225,0.0,0.019970492917391454,0.0,0.0
BERTopic_topic_512,0.1,text_similarity,All,random_forest,4.305045866989531,490,1798,0.9695833333333334,0.18181818181818182,0.6579811609615256,0.1,1.0,0.6466217573068989,0.12121212121212122,0.20824737251947123,0.06451612903225806,1.0
BERTopic_topic_512,0.1,text_similarity,All,xgboost,4.305045866989531,490,1798,0.9670833333333334,0.3076923076923077,0.4767412587412587,0.2,0.6666666666666666,0.6263851616554393,0.06060606060606061,0.13718597882231331,0.03225806451612903,0.5
BERTopic_topic_512,0.1,text_similarity,All but Betweenness and Harmonic,random_forest,4.305045866989531,490,1798,0.898125,0.3333333333333333,0.6083175589076211,0.2,1.0,0.6058564726071161,0.12121212121212122,0.19317760217793545,0.06451612903225806,1.0
BERTopic_topic_512,0.1,text_similarity,All but Betweenness and Harmonic,xgboost,4.305045866989531,490,1798,0.9420833333333334,0.4,0.45802409988385595,0.3,0.6,0.6332128448071271,0.12121212121212122,0.14008817004158416,0.06451612903225806,1.0
BERTopic_topic_512,0.1,text_similarity,Core Number Only,random_forest,4.305045866989531,490,1798,0.6045833333333333,0.0,0.03515873015873015,0.0,0.0,0.5152527520674736,0.0,0.022824878610402312,0.0,0.0
BERTopic_topic_512,0.1,text_similarity,Core Number Only,xgboost,4.305045866989531,490,1798,0.5185416666666667,0.0,0.033116432247383656,0.0,0.0,0.4970516822754075,0.0,0.022430526010082413,0.0,0.0
BERTopic_topic_512,0.1,text_similarity+interactions,All,random_forest,6.571441486012191,490,1798,0.9565625,0.0,0.5675493612078978,0.0,0.0,0.663900907315114,0.0,0.1972512547132692,0.0,0.0
BERTopic_topic_512,0.1,text_similarity+interactions,All,xgboost,6.571441486012191,490,1798,0.9466666666666668,0.15384615384615385,0.3538181849786981,0.1,0.3333333333333333,0.6301093524654507,0.12121212121212122,0.18567965370858464,0.06451612903225806,1.0
BERTopic_topic_512,0.1,text_similarity+interactions,All but Betweenness and Harmonic,random_forest,6.571441486012191,490,1798,0.8563541666666665,0.18181818181818182,0.6107786804042005,0.1,1.0,0.6023969914380123,0.12121212121212122,0.1924565404063704,0.06451612903225806,1.0
BERTopic_topic_512,0.1,text_similarity+interactions,All but Betweenness and Harmonic,xgboost,6.571441486012191,490,1798,0.9535416666666666,0.3076923076923077,0.4449023199023199,0.2,0.6666666666666666,0.6021596655530606,0.12121212121212122,0.13712666278999192,0.06451612903225806,1.0
BERTopic_topic_512,0.1,text_similarity+interactions,Core Number Only,random_forest,6.571441486012191,490,1798,0.60125,0.0,0.03466174516411859,0.0,0.0,0.5157639155119849,0.0,0.02292291557553772,0.0,0.0
BERTopic_topic_512,0.1,text_similarity+interactions,Core Number Only,xgboost,6.571441486012191,490,1798,0.5305208333333333,0.0,0.03396876696714877,0.0,0.0,0.49736203150957514,0.0,0.022218336279937852,0.0,0.0
BERTopic_topic_512,0.2,interactions,All,random_forest,1.98628908500541,853,1798,0.6217979315831345,0.3333333333333333,0.2324031006419749,0.2,1.0,0.5689066579038646,0.0625,0.12729042220344572,0.03225806451612903,1.0
BERTopic_topic_512,0.2,interactions,All,xgboost,1.98628908500541,853,1798,0.7523866348448687,0.3,0.2633790541998067,0.2,0.6,0.6097358380342115,0.12121212121212122,0.14407442717849223,0.06451612903225806,1.0
BERTopic_topic_512,0.2,interactions,All but Betweenness and Harmonic,random_forest,1.98628908500541,853,1798,0.5912490055688147,0.23529411764705882,0.20348906585775445,0.13333333333333333,1.0,0.5345400441791264,0.0625,0.09871219166941521,0.03225806451612903,1.0
BERTopic_topic_512,0.2,interactions,All but Betweenness and Harmonic,xgboost,1.98628908500541,853,1798,0.7492442322991248,0.2608695652173913,0.24302704774031905,0.2,0.375,0.6094346167186958,0.0,0.09248485576155772,0.0,0.0
BERTopic_topic_512,0.2,interactions,Core Number Only,random_forest,1.98628908500541,853,1798,0.633054892601432,0.0,0.030399847925820084,0.0,0.0,0.5428647059897402,0.0,0.022543379381253226,0.0,0.0
BERTopic_topic_512,0.2,interactions,Core Number Only,xgboost,1.98628908500541,853,1798,0.5869928400954654,0.0,0.02853901703254714,0.0,0.0,0.5311992259524984,0.0,0.022152765874686127,0.0,0.0
BERTopic_topic_512,0.2,similarity,All,random_forest,21.08824646100402,853,1798,0.9415672235481305,0.5714285714285714,0.6552375532474681,0.4,1.0,0.7493290979790788,0.32432432432432434,0.3111568723991137,0.1935483870967742,1.0
BERTopic_topic_512,0.2,similarity,All,xgboost,21.08824646100402,853,1798,0.9653937947494033,0.3333333333333333,0.6736444657397818,0.2,1.0,0.6868302389689103,0.22857142857142856,0.22704817960603996,0.12903225806451613,1.0
BERTopic_topic_512,0.2,similarity,All but Betweenness and Harmonic,random_forest,21.08824646100402,853,1798,0.8855608591885442,0.5,0.654722326351007,0.3333333333333333,1.0,0.7096317797615788,0.2702702702702703,0.3155911857422775,0.16129032258064516,0.8333333333333334
BERTopic_topic_512,0.2,similarity,All but Betweenness and Harmonic,xgboost,21.08824646100402,853,1798,0.8875099443118536,0.4,0.6076561143656619,0.26666666666666666,0.8,0.6718604523796484,0.2702702702702703,0.23275782169759643,0.16129032258064516,0.8333333333333334
BERTopic_topic_512,0.2,similarity,Core Number Only,random_forest,21.08824646100402,853,1798,0.7929992044550517,0.0,0.07924639906959208,0.0,0.0,0.5987001843839568,0.0,0.048091691816129226,0.0,0.0
BERTopic_topic_512,0.2,similarity,Core Number Only,xgboost,21.08824646100402,853,1798,0.7861972951471758,0.0,0.0853835119549079,0.0,0.0,0.5734432334739034,0.0,0.047888558994710256,0.0,0.0
BERTopic_topic_512,0.2,similarity+interactions,All,random_forest,29.481422455981374,853,1798,0.9648766905330151,0.5714285714285714,0.6562016404481636,0.4,1.0,0.7757544224765869,0.2777777777777778,0.31647728316154466,0.16129032258064516,1.0
BERTopic_topic_512,0.2,similarity+interactions,All,xgboost,29.481422455981374,853,1798,0.9544152744630072,0.3333333333333333,0.7117569777003886,0.2,1.0,0.6923252459974076,0.2222222222222222,0.21788226451722975,0.12903225806451613,0.8
BERTopic_topic_512,0.2,similarity+interactions,All but Betweenness and Harmonic,random_forest,29.481422455981374,853,1798,0.8904932378679395,0.42105263157894735,0.6371809855037188,0.26666666666666666,1.0,0.7024937473757235,0.22857142857142856,0.31239259130407804,0.12903225806451613,1.0
BERTopic_topic_512,0.2,similarity+interactions,All but Betweenness and Harmonic,xgboost,29.481422455981374,853,1798,0.8945107398568019,0.42105263157894735,0.586420125647552,0.26666666666666666,1.0,0.6819011628968362,0.21052631578947367,0.20050096667869854,0.12903225806451613,0.5714285714285714
BERTopic_topic_512,0.2,similarity+interactions,Core Number Only,random_forest,29.481422455981374,853,1798,0.7925616547334924,0.0,0.07901888804996847,0.0,0.0,0.5978604158679739,0.0,0.04796412874914691,0.0,0.0
BERTopic_topic_512,0.2,similarity+interactions,Core Number Only,xgboost,29.481422455981374,853,1798,0.7904136833731106,0.0,0.08524984575236022,0.0,0.0,0.5726856162257883,0.0,0.047734635084693056,0.0,0.0
BERTopic_topic_512,0.2,similarity+text_similarity,All,random_forest,21.05223723500967,853,1798,0.9619331742243437,0.5,0.6009609893686149,0.3333333333333333,1.0,0.7337112291655257,0.32432432432432434,0.3039650709652575,0.1935483870967742,1.0
BERTopic_topic_512,0.2,similarity+text_similarity,All,xgboost,21.05223723500967,853,1798,0.9453460620525059,0.23529411764705882,0.6305694234840086,0.13333333333333333,1.0,0.695355714989868,0.11764705882352941,0.2063993264053228,0.06451612903225806,0.6666666666666666
BERTopic_topic_512,0.2,similarity+text_similarity,All but Betweenness and Harmonic,random_forest,21.05223723500967,853,1798,0.8776849642004774,0.5714285714285714,0.6225135847752579,0.4,1.0,0.6790167406028077,0.32432432432432434,0.29825110244122843,0.1935483870967742,1.0
BERTopic_topic_512,0.2,similarity+text_similarity,All but Betweenness and Harmonic,xgboost,21.05223723500967,853,1798,0.8849642004773269,0.42105263157894735,0.5476619130732895,0.26666666666666666,1.0,0.6978750205378169,0.2222222222222222,0.27173563222133507,0.12903225806451613,0.8
BERTopic_topic_512,0.2,similarity+text_similarity,Core Number Only,random_forest,21.05223723500967,853,1798,0.7597454256165473,0.0,0.07753550088832675,0.0,0.0,0.6135147963561349,0.0,0.04819756789320155,0.0,0.0
BERTopic_topic_512,0.2,similarity+text_similarity,Core Number Only,xgboost,21.05223723500967,853,1798,0.724741447891806,0.0,0.08296950388311632,0.0,0.0,0.5929861073078116,0.0,0.047684744610189914,0.0,0.0
BERTopic_topic_512,0.2,similarity+text_similarity+interactions,All,random_forest,26.480507722939365,853,1798,0.8881861575178998,0.5714285714285714,0.5501395266067892,0.4,1.0,0.7300691896233822,0.32432432432432434,0.3024735980322625,0.1935483870967742,1.0
BERTopic_topic_512,0.2,similarity+text_similarity+interactions,All,xgboost,26.480507722939365,853,1798,0.9498011137629276,0.23529411764705882,0.6412296292308407,0.13333333333333333,1.0,0.6856253537068477,0.17647058823529413,0.21962453313950353,0.0967741935483871,1.0
BERTopic_topic_512,0.2,similarity+text_similarity+interactions,All but Betweenness and Harmonic,random_forest,26.480507722939365,853,1798,0.850994431185362,0.5714285714285714,0.6123487575650861,0.4,1.0,0.6663654453511512,0.2777777777777778,0.28620022384542765,0.16129032258064516,1.0
BERTopic_topic_512,0.2,similarity+text_similarity+interactions,All but Betweenness and Harmonic,xgboost,26.480507722939365,853,1798,0.8755767700875099,0.42105263157894735,0.5094727146619004,0.26666666666666666,1.0,0.6757124340507877,0.22857142857142856,0.22972772360378255,0.12903225806451613,1.0
BERTopic_topic_512,0.2,similarity+text_similarity+interactions,Core Number Only,random_forest,26.480507722939365,853,1798,0.7588305489260144,0.0,0.07673157513953698,0.0,0.0,0.6124559577925042,0.0,0.04767334820534153,0.0,0.0
BERTopic_topic_512,0.2,similarity+text_similarity+interactions,Core Number Only,xgboost,26.480507722939365,853,1798,0.7335719968178201,0.0,0.0830426827703226,0.0,0.0,0.5922284900596967,0.0,0.04716598410634893,0.0,0.0
BERTopic_topic_512,0.2,text_similarity,All,random_forest,19.101444230997004,853,1798,0.9326173428798727,0.3333333333333333,0.6401549632155085,0.2,1.0,0.7268379064205779,0.2777777777777778,0.3081831063907764,0.16129032258064516,1.0
BERTopic_topic_512,0.2,text_similarity,All,xgboost,19.101444230997004,853,1798,0.950079554494829,0.5,0.6830824317809306,0.3333333333333333,1.0,0.7072767767493656,0.22857142857142856,0.26731051376980974,0.12903225806451613,1.0
BERTopic_topic_512,0.2,text_similarity,All but Betweenness and Harmonic,random_forest,19.101444230997004,853,1798,0.8591885441527447,0.3333333333333333,0.6143938776515657,0.2,1.0,0.721908830348504,0.32432432432432434,0.30672163214825376,0.1935483870967742,1.0
BERTopic_topic_512,0.2,text_similarity,All but Betweenness and Harmonic,xgboost,19.101444230997004,853,1798,0.9142402545743835,0.42105263157894735,0.57415475288893,0.26666666666666666,1.0,0.6799295324680067,0.2222222222222222,0.26453193587033325,0.12903225806451613,0.8
BERTopic_topic_512,0.2,text_similarity,Core Number Only,random_forest,19.101444230997004,853,1798,0.758392999204455,0.0,0.07775337461548361,0.0,0.0,0.6161071252532997,0.0,0.04871737037216018,0.0,0.0
BERTopic_topic_512,0.2,text_similarity,Core Number Only,xgboost,19.101444230997004,853,1798,0.7246221161495625,0.0,0.0835692843943707,0.0,0.0,0.5963269255344398,0.0,0.04908491050451479,0.0,0.0
BERTopic_topic_512,0.2,text_similarity+interactions,All,random_forest,25.3569213449955,853,1798,0.9293556085918855,0.42105263157894735,0.593683514059032,0.26666666666666666,1.0,0.7090019533745915,0.2777777777777778,0.284923070298543,0.16129032258064516,1.0
BERTopic_topic_512,0.2,text_similarity+interactions,All,xgboost,25.3569213449955,853,1798,0.9342084327764519,0.42105263157894735,0.669249343277981,0.26666666666666666,1.0,0.7075688701462293,0.17647058823529413,0.28545506737146537,0.0967741935483871,1.0
BERTopic_topic_512,0.2,text_similarity+interactions,All but Betweenness and Harmonic,random_forest,25.3569213449955,853,1798,0.8215194908512331,0.3333333333333333,0.543015450096341,0.2,1.0,0.6967066469503624,0.3684210526315789,0.297355712745702,0.22580645161290322,1.0
BERTopic_topic_512,0.2,text_similarity+interactions,All but Betweenness and Harmonic,xgboost,25.3569213449955,853,1798,0.8841686555290375,0.42105263157894735,0.5259372110996986,0.26666666666666666,1.0,0.678907205578984,0.17647058823529413,0.2698173101745045,0.0967741935483871,1.0
BERTopic_topic_512,0.2,text_similarity+interactions,Core Number Only,random_forest,25.3569213449955,853,1798,0.7590692124105013,0.0,0.07803465645917412,0.0,0.0,0.6168099749895029,0.0,0.04885198727082309,0.0,0.0
BERTopic_topic_512,0.2,text_similarity+interactions,Core Number Only,xgboost,25.3569213449955,853,1798,0.7192919649960223,0.0,0.0836825212754021,0.0,0.0,0.5964912280701753,0.0,0.04922799934862497,0.0,0.0
BERTopic_topic_512,0.5,interactions,All,random_forest,2.493894860963337,1479,1798,0.7521761480466073,0.2608695652173913,0.30714360280364256,0.15,1.0,0.7707797068112529,0.17647058823529413,0.2634713564586186,0.0967741935483871,1.0
BERTopic_topic_512,0.5,interactions,All,xgboost,2.493894860963337,1479,1798,0.7799691569568197,0.37037037037037035,0.3634719554295192,0.25,0.7142857142857143,0.7581192836409442,0.2777777777777778,0.22832691314641923,0.16129032258064516,1.0
BERTopic_topic_512,0.5,interactions,All but Betweenness and Harmonic,random_forest,2.493894860963337,1479,1798,0.7837217272104181,0.3333333333333333,0.29612937615788276,0.2,1.0,0.7585209120616316,0.2777777777777778,0.22618096635507917,0.16129032258064516,1.0
BERTopic_topic_512,0.5,interactions,All but Betweenness and Harmonic,xgboost,2.493894860963337,1479,1798,0.7866689513365319,0.37037037037037035,0.3606743355019336,0.25,0.7142857142857143,0.7696478448984062,0.2777777777777778,0.24542535709948202,0.16129032258064516,1.0
BERTopic_topic_512,0.5,interactions,Core Number Only,random_forest,2.493894860963337,1479,1798,0.5374228923920493,0.0,0.02438196661084592,0.0,0.0,0.5008397685159831,0.0,0.02615959193450386,0.0,0.0
BERTopic_topic_512,0.5,interactions,Core Number Only,xgboost,2.493894860963337,1479,1798,0.563793694311172,0.0,0.02616811694085161,0.0,0.0,0.5228289245486244,0.0,0.027426862981083062,0.0,0.0
BERTopic_topic_512,0.5,similarity,All,random_forest,135.18997177900746,1479,1798,0.8965558601782043,0.5806451612903226,0.6412984168252087,0.45,0.8181818181818182,0.8797031600854374,0.43902439024390244,0.432881354181169,0.2903225806451613,0.9
BERTopic_topic_512,0.5,similarity,All,xgboost,135.18997177900746,1479,1798,0.9276216586703221,0.5454545454545454,0.5729685509413028,0.45,0.6923076923076923,0.8713237307629115,0.42857142857142855,0.3680479362590546,0.2903225806451613,0.8181818181818182
BERTopic_topic_512,0.5,similarity,All but Betweenness and Harmonic,random_forest,135.18997177900746,1479,1798,0.8894790952707334,0.5806451612903226,0.6261520692862973,0.45,0.8181818181818182,0.8511419026233639,0.4,0.411417731655923,0.25806451612903225,0.8888888888888888
BERTopic_topic_512,0.5,similarity,All but Betweenness and Harmonic,xgboost,135.18997177900746,1479,1798,0.920870459218643,0.5517241379310345,0.5710708687680441,0.4,0.8888888888888888,0.8695346587071215,0.38095238095238093,0.37559792240854417,0.25806451612903225,0.7272727272727273
BERTopic_topic_512,0.5,similarity,Core Number Only,random_forest,135.18997177900746,1479,1798,0.7305003427004798,0.0,0.053759677495429654,0.0,0.0,0.7855212954342152,0.0,0.05810065680668513,0.0,0.0
BERTopic_topic_512,0.5,similarity,Core Number Only,xgboost,135.18997177900746,1479,1798,0.7046778615490061,0.0,0.054198415906020474,0.0,0.0,0.7807656498165289,0.0,0.05565673317901433,0.0,0.0
BERTopic_topic_512,0.5,similarity+interactions,All,random_forest,139.45339288399555,1479,1798,0.8988690884167239,0.5806451612903226,0.6121473876056005,0.45,0.8181818181818182,0.8881282290012231,0.43902439024390244,0.42129746286016345,0.2903225806451613,0.9
BERTopic_topic_512,0.5,similarity+interactions,All,xgboost,139.45339288399555,1479,1798,0.9034612748457849,0.5454545454545454,0.5818561546091116,0.45,0.6923076923076923,0.874984026142359,0.3902439024390244,0.3942237530350426,0.25806451612903225,0.8
BERTopic_topic_512,0.5,similarity+interactions,All but Betweenness and Harmonic,random_forest,139.45339288399555,1479,1798,0.9205277587388621,0.6,0.5970711591313772,0.45,0.9,0.8600416233090531,0.42857142857142855,0.3919732503209312,0.2903225806451613,0.8181818181818182
BERTopic_topic_512,0.5,similarity+interactions,All but Betweenness and Harmonic,xgboost,139.45339288399555,1479,1798,0.8990061686086359,0.5161290322580645,0.6068239784162704,0.4,0.7272727272727273,0.8736878616937767,0.3902439024390244,0.38821967008925723,0.25806451612903225,0.8
BERTopic_topic_512,0.5,similarity+interactions,Core Number Only,random_forest,139.45339288399555,1479,1798,0.7305003427004797,0.0,0.05461032990792409,0.0,0.0,0.785639958376691,0.0,0.0589262545754952,0.0,0.0
BERTopic_topic_512,0.5,similarity+interactions,Core Number Only,xgboost,139.45339288399555,1479,1798,0.7074023303632626,0.0,0.055370363202768814,0.0,0.0,0.7819431513226355,0.0,0.05674017366990742,0.0,0.0
BERTopic_topic_512,0.5,similarity+text_similarity,All,random_forest,128.35941507993266,1479,1798,0.8945681973954763,0.5806451612903226,0.6480875375022528,0.45,0.8181818181818182,0.8811088595578437,0.43902439024390244,0.4315381117906363,0.2903225806451613,0.9
BERTopic_topic_512,0.5,similarity+text_similarity,All,xgboost,128.35941507993266,1479,1798,0.9197052775873885,0.6,0.6238278633184007,0.45,0.9,0.8744272231045876,0.42857142857142855,0.3771033717643157,0.2903225806451613,0.8181818181818182
BERTopic_topic_512,0.5,similarity+text_similarity,All but Betweenness and Harmonic,random_forest,128.35941507993266,1479,1798,0.8939684715558602,0.6,0.6340416419369757,0.45,0.9,0.8636836628511967,0.4,0.41491268267863324,0.25806451612903225,0.8888888888888888
BERTopic_topic_512,0.5,similarity+text_similarity,All but Betweenness and Harmonic,xgboost,128.35941507993266,1479,1798,0.9120287868403015,0.5517241379310345,0.6199436398036573,0.4,0.8888888888888888,0.8687861693776585,0.42857142857142855,0.36318169883785134,0.2903225806451613,0.8181818181818182
BERTopic_topic_512,0.5,similarity+text_similarity,Core Number Only,random_forest,128.35941507993266,1479,1798,0.7312200137080191,0.0,0.053759677495429654,0.0,0.0,0.7854117604103912,0.0,0.058048252158807476,0.0,0.0
BERTopic_topic_512,0.5,similarity+text_similarity,Core Number Only,xgboost,128.35941507993266,1479,1798,0.7057059629883482,0.0,0.052999708745793,0.0,0.0,0.7826825127334466,0.0,0.05708418980790539,0.0,0.0
BERTopic_topic_512,0.5,similarity+text_similarity+interactions,All,random_forest,143.73487329797354,1479,1798,0.8987320082248116,0.5806451612903226,0.6104976503677549,0.45,0.8181818181818182,0.8770195520017525,0.43902439024390244,0.4081273665848343,0.2903225806451613,0.9
BERTopic_topic_512,0.5,similarity+text_similarity+interactions,All,xgboost,143.73487329797354,1479,1798,0.8897189856065799,0.6,0.6013783435959028,0.45,0.9,0.8708855906676161,0.3902439024390244,0.36466379687994266,0.25806451612903225,0.8
BERTopic_topic_512,0.5,similarity+text_similarity+interactions,All but Betweenness and Harmonic,random_forest,143.73487329797354,1479,1798,0.8971213159698423,0.6,0.6165320817127828,0.45,0.9,0.8641674425397522,0.4,0.3991551733007265,0.25806451612903225,0.8888888888888888
BERTopic_topic_512,0.5,similarity+text_similarity+interactions,All but Betweenness and Harmonic,xgboost,143.73487329797354,1479,1798,0.8894448252227553,0.5333333333333333,0.6198446074083634,0.4,0.8,0.8705752414334484,0.4186046511627907,0.35177162255345795,0.2903225806451613,0.75
BERTopic_topic_512,0.5,similarity+text_similarity+interactions,Core Number Only,random_forest,143.73487329797354,1479,1798,0.7311514736120631,0.0,0.053691615210733346,0.0,0.0,0.7848732132099239,0.0,0.057910143023896785,0.0,0.0
BERTopic_topic_512,0.5,similarity+text_similarity+interactions,Core Number Only,xgboost,143.73487329797354,1479,1798,0.7078307059629882,0.0,0.05414336261856258,0.0,0.0,0.7801449513481935,0.0,0.05680861461682965,0.0,0.0
BERTopic_topic_512,0.5,text_similarity,All,random_forest,134.4302857199218,1479,1798,0.9043351610692255,0.625,0.6658474886915156,0.5,0.8333333333333334,0.8715062891359513,0.43902439024390244,0.44755850124194496,0.2903225806451613,0.9
BERTopic_topic_512,0.5,text_similarity,All,xgboost,134.4302857199218,1479,1798,0.9320082248115147,0.5333333333333333,0.6489194110099181,0.4,0.8,0.8720083246618107,0.34146341463414637,0.3807884662137736,0.22580645161290322,0.7
BERTopic_topic_512,0.5,text_similarity,All but Betweenness and Harmonic,random_forest,134.4302857199218,1479,1798,0.917392049348869,0.6,0.6627082230512829,0.45,0.9,0.8622870912974424,0.43902439024390244,0.44130777993626813,0.2903225806451613,0.9
BERTopic_topic_512,0.5,text_similarity,All but Betweenness and Harmonic,xgboost,134.4302857199218,1479,1798,0.9162440027416038,0.5333333333333333,0.6323475376580325,0.4,0.8,0.8740164667652482,0.35,0.36452969422584214,0.22580645161290322,0.7777777777777778
BERTopic_topic_512,0.5,text_similarity,Core Number Only,random_forest,134.4302857199218,1479,1798,0.7276387936943112,0.0,0.052554178008413055,0.0,0.0,0.7842160030669807,0.0,0.058798309844373994,0.0,0.0
BERTopic_topic_512,0.5,text_similarity,Core Number Only,xgboost,134.4302857199218,1479,1798,0.7086531871144619,0.0,0.05241937726587871,0.0,0.0,0.7853204812238713,0.0,0.05820205710836484,0.0,0.0
BERTopic_topic_512,0.5,text_similarity+interactions,All,random_forest,143.03352193604223,1479,1798,0.8973440712816998,0.5625,0.6428300015880352,0.45,0.75,0.850183471164905,0.35,0.4157264996303234,0.22580645161290322,0.7777777777777778
BERTopic_topic_512,0.5,text_similarity+interactions,All,xgboost,143.03352193604223,1479,1798,0.9057573680603153,0.5161290322580645,0.6163504801406838,0.4,0.7272727272727273,0.8891779396462018,0.3902439024390244,0.3916227126458713,0.25806451612903225,0.8
BERTopic_topic_512,0.5,text_similarity+interactions,All but Betweenness and Harmonic,random_forest,143.03352193604223,1479,1798,0.8958533241946539,0.5333333333333333,0.6367813416305794,0.4,0.8,0.8511510305420158,0.358974358974359,0.41594997990564353,0.22580645161290322,0.875
BERTopic_topic_512,0.5,text_similarity+interactions,All but Betweenness and Harmonic,xgboost,143.03352193604223,1479,1798,0.8919122686771761,0.5517241379310345,0.5846682217642205,0.4,0.8888888888888888,0.8782518210197712,0.38095238095238093,0.3789953935550475,0.25806451612903225,0.7272727272727273
BERTopic_topic_512,0.5,text_similarity+interactions,Core Number Only,random_forest,143.03352193604223,1479,1798,0.7277587388622344,0.0,0.052554178008413055,0.0,0.0,0.7841794913923728,0.0,0.058774962637440475,0.0,0.0
BERTopic_topic_512,0.5,text_similarity+interactions,Core Number Only,xgboost,143.03352193604223,1479,1798,0.7110863605209048,0.0,0.052850161028414944,0.0,0.0,0.7825364660350147,0.0,0.05808435057270443,0.0,0.0
BERTopic_topic_512,1.0,interactions,All,random_forest,3.820211093989201,1798,1798,0.8463041057378097,0.5909090909090909,0.5694234362720951,0.41935483870967744,1.0,0.8463041057378097,0.5909090909090909,0.5694234362720951,0.41935483870967744,1.0
BERTopic_topic_512,1.0,interactions,All,xgboost,3.820211093989201,1798,1798,0.8419044489475509,0.6382978723404256,0.5542432388254079,0.4838709677419355,0.9375,0.8419044489475509,0.6382978723404256,0.5542432388254079,0.4838709677419355,0.9375
BERTopic_topic_512,1.0,interactions,All but Betweenness and Harmonic,random_forest,3.820211093989201,1798,1798,0.8417036347372073,0.5581395348837209,0.5521438856163474,0.3870967741935484,1.0,0.8417036347372073,0.5581395348837209,0.5521438856163474,0.3870967741935484,1.0
BERTopic_topic_512,1.0,interactions,All but Betweenness and Harmonic,xgboost,3.820211093989201,1798,1798,0.8532504518319732,0.6521739130434783,0.5977687709636103,0.4838709677419355,1.0,0.8532504518319732,0.6521739130434783,0.5977687709636103,0.4838709677419355,1.0
BERTopic_topic_512,1.0,interactions,Core Number Only,random_forest,3.820211093989201,1798,1798,0.7047483432827647,0.0,0.090843465299883,0.0,0.0,0.7047483432827647,0.0,0.090843465299883,0.0,0.0
BERTopic_topic_512,1.0,interactions,Core Number Only,xgboost,3.820211093989201,1798,1798,0.7131734121985505,0.0,0.09100674728599242,0.0,0.0,0.7131734121985505,0.0,0.09100674728599242,0.0,0.0
BERTopic_topic_512,1.0,similarity,All,random_forest,283.0034844110487,1798,1798,0.9348266608247988,0.7843137254901961,0.8126849395276106,0.6451612903225806,1.0,0.9348266608247988,0.7843137254901961,0.8126849395276106,0.6451612903225806,1.0
BERTopic_topic_512,1.0,similarity,All,xgboost,283.0034844110487,1798,1798,0.9291856070978695,0.7547169811320755,0.7707650498298311,0.6451612903225806,0.9090909090909091,0.9291856070978695,0.7547169811320755,0.7707650498298311,0.6451612903225806,0.9090909090909091
BERTopic_topic_512,1.0,similarity,All but Betweenness and Harmonic,random_forest,283.0034844110487,1798,1798,0.9402395165854283,0.7843137254901961,0.8276650999448458,0.6451612903225806,1.0,0.9402395165854283,0.7843137254901961,0.8276650999448458,0.6451612903225806,1.0
BERTopic_topic_512,1.0,similarity,All but Betweenness and Harmonic,xgboost,283.0034844110487,1798,1798,0.9319057268561624,0.7407407407407407,0.7834953896071996,0.6451612903225806,0.8695652173913043,0.9319057268561624,0.7407407407407407,0.7834953896071996,0.6451612903225806,0.8695652173913043
BERTopic_topic_512,1.0,similarity,Core Number Only,random_forest,283.0034844110487,1798,1798,0.8221151213100388,0.0,0.08719525057277525,0.0,0.0,0.8221151213100388,0.0,0.08719525057277525,0.0,0.0
BERTopic_topic_512,1.0,similarity,Core Number Only,xgboost,283.0034844110487,1798,1798,0.8190755243989264,0.0,0.08523283844491952,0.0,0.0,0.8190755243989264,0.0,0.08523283844491952,0.0,0.0
BERTopic_topic_512,1.0,similarity+interactions,All,random_forest,281.56423479900695,1798,1798,0.9217007138032385,0.7843137254901961,0.8021837768208245,0.6451612903225806,1.0,0.9217007138032385,0.7843137254901961,0.8021837768208245,0.6451612903225806,1.0
BERTopic_topic_512,1.0,similarity+interactions,All,xgboost,281.56423479900695,1798,1798,0.9342789857056795,0.7407407407407407,0.7715961441131917,0.6451612903225806,0.8695652173913043,0.9342789857056795,0.7407407407407407,0.7715961441131917,0.6451612903225806,0.8695652173913043
BERTopic_topic_512,1.0,similarity+interactions,All but Betweenness and Harmonic,random_forest,281.56423479900695,1798,1798,0.9521970900195338,0.76,0.8101740433569968,0.6129032258064516,1.0,0.9521970900195338,0.76,0.8101740433569968,0.6129032258064516,1.0
BERTopic_topic_512,1.0,similarity+interactions,All but Betweenness and Harmonic,xgboost,281.56423479900695,1798,1798,0.9252514741588623,0.7547169811320755,0.7773597038851462,0.6451612903225806,0.9090909090909091,0.9252514741588623,0.7547169811320755,0.7773597038851462,0.6451612903225806,0.9090909090909091
BERTopic_topic_512,1.0,similarity+interactions,Core Number Only,random_forest,281.56423479900695,1798,1798,0.8206181426511128,0.0,0.08625271283664371,0.0,0.0,0.8206181426511128,0.0,0.08625271283664371,0.0,0.0
BERTopic_topic_512,1.0,similarity+interactions,Core Number Only,xgboost,281.56423479900695,1798,1798,0.8140004016284207,0.0,0.0833489661756146,0.0,0.0,0.8140004016284207,0.0,0.0833489661756146,0.0,0.0
BERTopic_topic_512,1.0,similarity+text_similarity,All,random_forest,280.0992621839978,1798,1798,0.9564233163554047,0.7843137254901961,0.8325729829077173,0.6451612903225806,1.0,0.9564233163554047,0.7843137254901961,0.8325729829077173,0.6451612903225806,1.0
BERTopic_topic_512,1.0,similarity+text_similarity,All,xgboost,280.0992621839978,1798,1798,0.9498785986819286,0.7307692307692307,0.8052784073880687,0.6129032258064516,0.9047619047619048,0.9498785986819286,0.7307692307692307,0.8052784073880687,0.6129032258064516,0.9047619047619048
BERTopic_topic_512,1.0,similarity+text_similarity,All but Betweenness and Harmonic,random_forest,280.0992621839978,1798,1798,0.9401117257243004,0.76,0.8308123886397816,0.6129032258064516,1.0,0.9401117257243004,0.76,0.8308123886397816,0.6129032258064516,1.0
BERTopic_topic_512,1.0,similarity+text_similarity,All but Betweenness and Harmonic,xgboost,280.0992621839978,1798,1798,0.9602205305146321,0.7692307692307693,0.8080781334582544,0.6451612903225806,0.9523809523809523,0.9602205305146321,0.7692307692307693,0.8080781334582544,0.6451612903225806,0.9523809523809523
BERTopic_topic_512,1.0,similarity+text_similarity,Core Number Only,random_forest,280.0992621839978,1798,1798,0.8249995436040675,0.0,0.08813911455892898,0.0,0.0,0.8249995436040675,0.0,0.08813911455892898,0.0,0.0
BERTopic_topic_512,1.0,similarity+text_similarity,Core Number Only,xgboost,280.0992621839978,1798,1798,0.8194497690636582,0.0,0.08757980674584373,0.0,0.0,0.8194497690636582,0.0,0.08757980674584373,0.0,0.0
BERTopic_topic_512,1.0,similarity+text_similarity+interactions,All,random_forest,289.16046293103136,1798,1798,0.9375285247457874,0.7843137254901961,0.821899944309396,0.6451612903225806,1.0,0.9375285247457874,0.7843137254901961,0.821899944309396,0.6451612903225806,1.0
BERTopic_topic_512,1.0,similarity+text_similarity+interactions,All,xgboost,289.16046293103136,1798,1798,0.951174763130511,0.7307692307692307,0.7962024669876977,0.6129032258064516,0.9047619047619048,0.951174763130511,0.7307692307692307,0.7962024669876977,0.6129032258064516,0.9047619047619048
BERTopic_topic_512,1.0,similarity+text_similarity+interactions,All but Betweenness and Harmonic,random_forest,289.16046293103136,1798,1798,0.9382587582379467,0.76,0.8282905078239806,0.6129032258064516,1.0,0.9382587582379467,0.76,0.8282905078239806,0.6129032258064516,1.0
BERTopic_topic_512,1.0,similarity+text_similarity+interactions,All but Betweenness and Harmonic,xgboost,289.16046293103136,1798,1798,0.9441371378498274,0.7547169811320755,0.8036371498393772,0.6451612903225806,0.9090909090909091,0.9441371378498274,0.7547169811320755,0.8036371498393772,0.6451612903225806,0.9090909090909091
BERTopic_topic_512,1.0,similarity+text_similarity+interactions,Core Number Only,random_forest,289.16046293103136,1798,1798,0.8250269273600234,0.0,0.08816324897798938,0.0,0.0,0.8250269273600234,0.0,0.08816324897798938,0.0,0.0
BERTopic_topic_512,1.0,similarity+text_similarity+interactions,Core Number Only,xgboost,289.16046293103136,1798,1798,0.8197327345418697,0.0,0.0876034018207538,0.0,0.0,0.8197327345418697,0.0,0.0876034018207538,0.0,0.0
BERTopic_topic_512,1.0,text_similarity,All,random_forest,279.4970229991013,1798,1798,0.9554648848969458,0.7843137254901961,0.8433013215324111,0.6451612903225806,1.0,0.9554648848969458,0.7843137254901961,0.8433013215324111,0.6451612903225806,1.0
BERTopic_topic_512,1.0,text_similarity,All,xgboost,279.4970229991013,1798,1798,0.9556018036767256,0.7777777777777778,0.8298177824740258,0.6774193548387096,0.9130434782608695,0.9556018036767256,0.7777777777777778,0.8298177824740258,0.6774193548387096,0.9130434782608695
BERTopic_topic_512,1.0,text_similarity,All but Betweenness and Harmonic,random_forest,279.4970229991013,1798,1798,0.9571352940102598,0.76,0.84664937751873,0.6129032258064516,1.0,0.9571352940102598,0.76,0.84664937751873,0.6129032258064516,1.0
BERTopic_topic_512,1.0,text_similarity,All but Betweenness and Harmonic,xgboost,279.4970229991013,1798,1798,0.951129123537251,0.7692307692307693,0.8271258851996561,0.6451612903225806,0.9523809523809523,0.951129123537251,0.7692307692307693,0.8271258851996561,0.6451612903225806,0.9523809523809523
BERTopic_topic_512,1.0,text_similarity,Core Number Only,random_forest,279.4970229991013,1798,1798,0.834574730270004,0.0,0.08913587046590085,0.0,0.0,0.834574730270004,0.0,0.08913587046590085,0.0,0.0
BERTopic_topic_512,1.0,text_similarity,Core Number Only,xgboost,279.4970229991013,1798,1798,0.8308961790532523,0.0,0.08721685360336585,0.0,0.0,0.8308961790532523,0.0,0.08721685360336585,0.0,0.0
BERTopic_topic_512,1.0,text_similarity+interactions,All,random_forest,289.3422882379964,1798,1798,0.9537579641090239,0.7843137254901961,0.8473696762210017,0.6451612903225806,1.0,0.9537579641090239,0.7843137254901961,0.8473696762210017,0.6451612903225806,1.0
BERTopic_topic_512,1.0,text_similarity+interactions,All,xgboost,289.3422882379964,1798,1798,0.9469850484692481,0.7924528301886793,0.8279323199441954,0.6774193548387096,0.9545454545454546,0.9469850484692481,0.7924528301886793,0.8279323199441954,0.6774193548387096,0.9545454545454546
BERTopic_topic_512,1.0,text_similarity+interactions,All but Betweenness and Harmonic,random_forest,289.3422882379964,1798,1798,0.9405772495755518,0.76,0.8358390448577177,0.6129032258064516,1.0,0.9405772495755518,0.76,0.8358390448577177,0.6129032258064516,1.0
BERTopic_topic_512,1.0,text_similarity+interactions,All but Betweenness and Harmonic,xgboost,289.3422882379964,1798,1798,0.9456158606714498,0.7692307692307693,0.8305840863357843,0.6451612903225806,0.9523809523809523,0.9456158606714498,0.7692307692307693,0.8305840863357843,0.6451612903225806,0.9523809523809523
BERTopic_topic_512,1.0,text_similarity+interactions,Core Number Only,random_forest,289.3422882379964,1798,1798,0.8341913576866204,0.0,0.08902840272457246,0.0,0.0,0.8341913576866204,0.0,0.08902840272457246,0.0,0.0
BERTopic_topic_512,1.0,text_similarity+interactions,Core Number Only,xgboost,289.3422882379964,1798,1798,0.827865710060792,0.0,0.08593782454946704,0.0,0.0,0.827865710060792,0.0,0.08593782454946704,0.0,0.0
K_Means_topic_116,0.01,interactions,All,random_forest,2.1126083040144295,1119,1798,0.9386446886446886,0.65,0.7137143015582423,0.48148148148148145,1.0,0.9181499534476149,0.5909090909090909,0.6811434789329216,0.41935483870967744,1.0
K_Means_topic_116,0.01,interactions,All,xgboost,2.1126083040144295,1119,1798,0.9546872880206214,0.7555555555555555,0.7724027903497875,0.6296296296296297,0.9444444444444444,0.8805794402760283,0.6382978723404256,0.6978878363873424,0.4838709677419355,0.9375
K_Means_topic_116,0.01,interactions,All but Betweenness and Harmonic,random_forest,2.1126083040144295,1119,1798,0.934506851173518,0.6829268292682927,0.7376367211607475,0.5185185185185185,1.0,0.8513974843456196,0.5909090909090909,0.6602463175404327,0.41935483870967744,1.0
K_Means_topic_116,0.01,interactions,All but Betweenness and Harmonic,xgboost,2.1126083040144295,1119,1798,0.9410018993352326,0.7391304347826086,0.7677472400056549,0.6296296296296297,0.8947368421052632,0.8860927031418295,0.6808510638297872,0.705824047026397,0.5161290322580645,1.0
K_Means_topic_116,0.01,interactions,Core Number Only,random_forest,2.1126083040144295,1119,1798,0.691459774793108,0.45714285714285713,0.4035549219484459,0.2962962962962963,1.0,0.6503368201982583,0.41025641025641024,0.328390107516945,0.25806451612903225,1.0
K_Means_topic_116,0.01,interactions,Core Number Only,xgboost,2.1126083040144295,1119,1798,0.6917141500474834,0.3125,0.3889241052342958,0.18518518518518517,1.0,0.7042554356755573,0.41025641025641024,0.3353709094930821,0.25806451612903225,1.0
K_Means_topic_116,0.01,similarity,All,random_forest,78.21269061998464,1119,1798,0.9713403880070546,0.875,0.8703019007117059,0.7777777777777778,1.0,0.9332657867353087,0.8076923076923077,0.7723838378656385,0.6774193548387096,1.0
K_Means_topic_116,0.01,similarity,All,xgboost,78.21269061998464,1119,1798,0.9600461267127934,0.8235294117647058,0.8464717370905828,0.7777777777777778,0.875,0.9074063931942239,0.7692307692307693,0.7423488646830121,0.6451612903225806,0.9523809523809523
K_Means_topic_116,0.01,similarity,All but Betweenness and Harmonic,random_forest,78.21269061998464,1119,1798,0.9876543209876543,0.8571428571428571,0.8694529255997971,0.7777777777777778,0.9545454545454546,0.936314511565073,0.8076923076923077,0.7764841424452806,0.6774193548387096,1.0
K_Means_topic_116,0.01,similarity,All but Betweenness and Harmonic,xgboost,78.21269061998464,1119,1798,0.9663207163207163,0.8235294117647058,0.8708245120699191,0.7777777777777778,0.875,0.9102451758949923,0.7924528301886793,0.7458298093887028,0.6774193548387096,0.9545454545454546
K_Means_topic_116,0.01,similarity,Core Number Only,random_forest,78.21269061998464,1119,1798,0.8464421381088046,0.0,0.13222852562530785,0.0,0.0,0.8226627964291582,0.0,0.12481126035488324,0.0,0.0
K_Means_topic_116,0.01,similarity,Core Number Only,xgboost,78.21269061998464,1119,1798,0.8312983312983313,0.0,0.13767791703421217,0.0,0.0,0.820262153823685,0.0,0.1290304546323667,0.0,0.0
K_Means_topic_116,0.01,similarity+interactions,All,random_forest,75.42487051803619,1119,1798,0.9677960927960928,0.875,0.8577060777619567,0.7777777777777778,1.0,0.9107563393395037,0.8076923076923077,0.7654693182585484,0.6774193548387096,1.0
K_Means_topic_116,0.01,similarity+interactions,All,xgboost,75.42487051803619,1119,1798,0.9625898792565459,0.8235294117647058,0.8522739637254242,0.7777777777777778,0.875,0.9066944155393687,0.7692307692307693,0.7302589308966906,0.6451612903225806,0.9523809523809523
K_Means_topic_116,0.01,similarity+interactions,All but Betweenness and Harmonic,random_forest,75.42487051803619,1119,1798,0.9711877628544294,0.84,0.8645392801830254,0.7777777777777778,0.9130434782608695,0.9347718933128868,0.8076923076923077,0.7825092191629556,0.6774193548387096,1.0
K_Means_topic_116,0.01,similarity+interactions,All but Betweenness and Harmonic,xgboost,75.42487051803619,1119,1798,0.9640822140822141,0.8,0.8437869667553464,0.7407407407407407,0.8695652173913043,0.9056720886503459,0.7692307692307693,0.7431664777449577,0.6451612903225806,0.9523809523809523
K_Means_topic_116,0.01,similarity+interactions,Core Number Only,random_forest,75.42487051803619,1119,1798,0.847442680776014,0.0,0.13204865747528316,0.0,0.0,0.8268798948463771,0.0,0.12549041339955908,0.0,0.0
K_Means_topic_116,0.01,similarity+interactions,Core Number Only,xgboost,75.42487051803619,1119,1798,0.8308743725410392,0.0,0.1366427580079705,0.0,0.0,0.8232652390601894,0.0,0.12874443588355294,0.0,0.0
K_Means_topic_116,0.01,similarity+text_similarity,All,random_forest,77.44700038898736,1119,1798,0.9508377425044092,0.851063829787234,0.8607098994446737,0.7407407407407407,1.0,0.9335487522135204,0.8076923076923077,0.7730634006677862,0.6774193548387096,1.0
K_Means_topic_116,0.01,similarity+text_similarity,All,xgboost,77.44700038898736,1119,1798,0.9629290462623796,0.8235294117647058,0.8394348151468363,0.7777777777777778,0.875,0.9069773810175804,0.7692307692307693,0.7434880942413874,0.6451612903225806,0.9523809523809523
K_Means_topic_116,0.01,similarity+text_similarity,All but Betweenness and Harmonic,random_forest,77.44700038898736,1119,1798,0.9531779948446615,0.8571428571428571,0.8595514891023266,0.7777777777777778,0.9545454545454546,0.9118790733336984,0.8076923076923077,0.761879622506665,0.6774193548387096,1.0
K_Means_topic_116,0.01,similarity+text_similarity,All but Betweenness and Harmonic,xgboost,77.44700038898736,1119,1798,0.9639465472798806,0.8235294117647058,0.8422006795587701,0.7777777777777778,0.875,0.9068130784818446,0.7777777777777778,0.7420390054487955,0.6774193548387096,0.9130434782608695
K_Means_topic_116,0.01,similarity+text_similarity,Core Number Only,random_forest,77.44700038898736,1119,1798,0.8461029711029711,0.0,0.1321459679379539,0.0,0.0,0.8224802380561185,0.0,0.12478068237400257,0.0,0.0
K_Means_topic_116,0.01,similarity+text_similarity,Core Number Only,xgboost,77.44700038898736,1119,1798,0.8318749152082485,0.0,0.13761541455658413,0.0,0.0,0.8206272705697646,0.0,0.12910891031580823,0.0,0.0
K_Means_topic_116,0.01,similarity+text_similarity+interactions,All,random_forest,70.99789591692388,1119,1798,0.9342185592185592,0.851063829787234,0.8542809991004281,0.7407407407407407,1.0,0.9455610931595377,0.7843137254901961,0.7772924512975978,0.6451612903225806,1.0
K_Means_topic_116,0.01,similarity+text_similarity+interactions,All,xgboost,70.99789591692388,1119,1798,0.9600800434133768,0.8,0.8434069303153073,0.7407407407407407,0.8695652173913043,0.9008708034393997,0.7450980392156863,0.720262452562049,0.6129032258064516,0.95
K_Means_topic_116,0.01,similarity+text_similarity+interactions,All but Betweenness and Harmonic,random_forest,70.99789591692388,1119,1798,0.9525844525844527,0.84,0.853887573382776,0.7777777777777778,0.9130434782608695,0.9098983149862169,0.8076923076923077,0.760777784143135,0.6774193548387096,1.0
K_Means_topic_116,0.01,similarity+text_similarity+interactions,All but Betweenness and Harmonic,xgboost,70.99789591692388,1119,1798,0.9623524623524624,0.8,0.8480514458106337,0.7407407407407407,0.8695652173913043,0.8963159720320573,0.7777777777777778,0.7208574566736096,0.6774193548387096,0.9130434782608695
K_Means_topic_116,0.01,similarity+text_similarity+interactions,Core Number Only,random_forest,70.99789591692388,1119,1798,0.8473239723239723,0.0,0.13200911737770893,0.0,0.0,0.8268981506836811,0.0,0.12549041339955908,0.0,0.0
K_Means_topic_116,0.01,similarity+text_similarity+interactions,Core Number Only,xgboost,70.99789591692388,1119,1798,0.8317901234567902,0.0,0.13665907037782477,0.0,0.0,0.8222246563338628,0.0,0.1286325422876512,0.0,0.0
K_Means_topic_116,0.01,text_similarity,All,random_forest,69.96098619804252,1119,1798,0.9550773300773301,0.851063829787234,0.8837221654631091,0.7407407407407407,1.0,0.9247585665516549,0.7843137254901961,0.7712728840279061,0.6451612903225806,1.0
K_Means_topic_116,0.01,text_similarity,All,xgboost,69.96098619804252,1119,1798,0.9683557183557183,0.8301886792452831,0.8889616364186641,0.8148148148148148,0.8461538461538461,0.9358398597951695,0.8,0.7592091965320548,0.7096774193548387,0.9166666666666666
K_Means_topic_116,0.01,text_similarity,All but Betweenness and Harmonic,random_forest,69.96098619804252,1119,1798,0.9741045991045991,0.84,0.8936236598649259,0.7777777777777778,0.9130434782608695,0.948545922558738,0.8076923076923077,0.7828081191774954,0.6774193548387096,1.0
K_Means_topic_116,0.01,text_similarity,All but Betweenness and Harmonic,xgboost,69.96098619804252,1119,1798,0.9687627187627188,0.8076923076923077,0.8867493098507314,0.7777777777777778,0.84,0.9267119411431805,0.7636363636363637,0.7471202305984618,0.6774193548387096,0.875
K_Means_topic_116,0.01,text_similarity,Core Number Only,random_forest,69.96098619804252,1119,1798,0.8444580111246778,0.0,0.1316226111445259,0.0,0.0,0.8231830877923216,0.0,0.12490040456488237,0.0,0.0
K_Means_topic_116,0.01,text_similarity,Core Number Only,xgboost,69.96098619804252,1119,1798,0.8307895807895807,0.0,0.13766995040861932,0.0,0.0,0.8210836665023642,0.0,0.129110575968682,0.0,0.0
K_Means_topic_116,0.01,text_similarity+interactions,All,random_forest,75.99784076004289,1119,1798,0.9547551214217881,0.851063829787234,0.8777121087121195,0.7407407407407407,1.0,0.9238001350931959,0.7692307692307693,0.7716227118802059,0.6451612903225806,0.9523809523809523
K_Means_topic_116,0.01,text_similarity+interactions,All,xgboost,75.99784076004289,1119,1798,0.9646587979921313,0.84,0.8730113204144221,0.7777777777777778,0.9130434782608695,0.9146083210106432,0.8,0.7471956552576664,0.7096774193548387,0.9166666666666666
K_Means_topic_116,0.01,text_similarity+interactions,All but Betweenness and Harmonic,random_forest,75.99784076004289,1119,1798,0.9718491385158052,0.8571428571428571,0.8787248886987933,0.7777777777777778,0.9545454545454546,0.932882414151925,0.7450980392156863,0.7750123593751782,0.6129032258064516,0.95
K_Means_topic_116,0.01,text_similarity+interactions,All but Betweenness and Harmonic,xgboost,75.99784076004289,1119,1798,0.9671686338353005,0.84,0.8852309112139628,0.7777777777777778,0.9130434782608695,0.9105007576172479,0.8,0.7440651983393064,0.7096774193548387,0.9166666666666666
K_Means_topic_116,0.01,text_similarity+interactions,Core Number Only,random_forest,75.99784076004289,1119,1798,0.8477988061321394,0.0,0.1327083835212594,0.0,0.0,0.8225806451612904,0.0,0.12480777646103869,0.0,0.0
K_Means_topic_116,0.01,text_similarity+interactions,Core Number Only,xgboost,75.99784076004289,1119,1798,0.8320275403608737,0.0,0.13775302536505846,0.0,0.0,0.821330120305968,0.0,0.12939195399341893,0.0,0.0
K_Means_topic_116,0.05,interactions,All,random_forest,4.171993559924886,1685,1798,0.8877501267699028,0.5909090909090909,0.6244222833095268,0.41935483870967744,1.0,0.8801047885061248,0.5581395348837209,0.6506220280019146,0.3870967741935484,1.0
K_Means_topic_116,0.05,interactions,All,xgboost,4.171993559924886,1685,1798,0.9070289035378555,0.6938775510204082,0.6631993466252495,0.5483870967741935,0.9444444444444444,0.886476075725213,0.6530612244897959,0.6425221897464223,0.5161290322580645,0.8888888888888888
K_Means_topic_116,0.05,interactions,All but Betweenness and Harmonic,random_forest,4.171993559924886,1685,1798,0.8962924679174631,0.5909090909090909,0.6438228364919165,0.41935483870967744,1.0,0.8954579476787703,0.5581395348837209,0.6500413234724496,0.3870967741935484,1.0
K_Means_topic_116,0.05,interactions,All but Betweenness and Harmonic,xgboost,4.171993559924886,1685,1798,0.8928891836018256,0.6530612244897959,0.6746454761302115,0.5161290322580645,0.8888888888888888,0.8838654909907442,0.6923076923076923,0.634550375940906,0.5806451612903226,0.8571428571428571
K_Means_topic_116,0.05,interactions,Core Number Only,random_forest,4.171993559924886,1685,1798,0.7090338183094745,0.0,0.0945097102331634,0.0,0.0,0.693740073388466,0.0,0.08844076616696273,0.0,0.0
K_Means_topic_116,0.05,interactions,Core Number Only,xgboost,4.171993559924886,1685,1798,0.7310235206927488,0.0,0.09530714259518831,0.0,0.0,0.7078792193803969,0.0,0.0889943690268645,0.0,0.0
K_Means_topic_116,0.05,similarity,All,random_forest,250.5709277249407,1685,1798,0.9509595506494519,0.8076923076923077,0.79735525827706,0.6774193548387096,1.0,0.9354656151304379,0.7843137254901961,0.7861277361692954,0.6451612903225806,1.0
K_Means_topic_116,0.05,similarity,All,xgboost,250.5709277249407,1685,1798,0.9578538830596404,0.7586206896551724,0.8075750159886715,0.7096774193548387,0.8148148148148148,0.9493948189933731,0.7857142857142857,0.7765108686584814,0.7096774193548387,0.88
K_Means_topic_116,0.05,similarity,All but Betweenness and Harmonic,random_forest,250.5709277249407,1685,1798,0.9310956820220776,0.7924528301886793,0.7876120265110703,0.6774193548387096,0.9545454545454546,0.939609690198441,0.7450980392156863,0.8040300435308585,0.6129032258064516,0.95
K_Means_topic_116,0.05,similarity,All but Betweenness and Harmonic,xgboost,250.5709277249407,1685,1798,0.9455474509497991,0.7857142857142857,0.8134127252556814,0.7096774193548387,0.88,0.9450316738777225,0.7636363636363637,0.7807650672169617,0.6774193548387096,0.875
K_Means_topic_116,0.05,similarity,Core Number Only,random_forest,250.5709277249407,1685,1798,0.8083921675703085,0.0,0.11029941588406703,0.0,0.0,0.8033207368055936,0.0,0.11525390413061402,0.0,0.0
K_Means_topic_116,0.05,similarity,Core Number Only,xgboost,250.5709277249407,1685,1798,0.827241876974685,0.0,0.11368103306169389,0.0,0.0,0.814447669642368,0.0,0.1175769356373232,0.0,0.0
K_Means_topic_116,0.05,similarity+interactions,All,random_forest,252.6364654059289,1685,1798,0.9470979443772672,0.7924528301886793,0.7859132354319396,0.6774193548387096,0.9545454545454546,0.9326085765923655,0.7692307692307693,0.7767288764926872,0.6451612903225806,0.9523809523809523
K_Means_topic_116,0.05,similarity+interactions,All,xgboost,252.6364654059289,1685,1798,0.9535437063618988,0.8148148148148148,0.7966673718983787,0.7096774193548387,0.9565217391304348,0.9354108476185261,0.7037037037037037,0.7648052501639172,0.6129032258064516,0.8260869565217391
K_Means_topic_116,0.05,similarity+interactions,All but Betweenness and Harmonic,random_forest,252.6364654059289,1685,1798,0.9166536646253463,0.7777777777777778,0.7703740086019342,0.6774193548387096,0.9130434782608695,0.9361593369479891,0.7307692307692307,0.774048774232049,0.6129032258064516,0.9047619047619048
K_Means_topic_116,0.05,similarity+interactions,All but Betweenness and Harmonic,xgboost,252.6364654059289,1685,1798,0.933777353044428,0.7857142857142857,0.7898867398695987,0.7096774193548387,0.88,0.9422202749329098,0.6785714285714286,0.7689176811497566,0.6129032258064516,0.76
K_Means_topic_116,0.05,similarity+interactions,Core Number Only,random_forest,252.6364654059289,1685,1798,0.8085774466591255,0.0,0.11039876001383563,0.0,0.0,0.8039414352739287,0.0,0.11539076126057067,0.0,0.0
K_Means_topic_116,0.05,similarity+interactions,Core Number Only,xgboost,252.6364654059289,1685,1798,0.8285973397823458,0.0,0.11387811402315885,0.0,0.0,0.8128867955528779,0.0,0.1177080377053465,0.0,0.0
K_Means_topic_116,0.05,similarity+text_similarity,All,random_forest,240.83947722800076,1685,1798,0.9355521316846745,0.8076923076923077,0.7970161045644055,0.6774193548387096,1.0,0.9328276466400134,0.7843137254901961,0.7913318663569306,0.6451612903225806,1.0
K_Means_topic_116,0.05,similarity+text_similarity,All,xgboost,240.83947722800076,1685,1798,0.9462495611811055,0.7586206896551724,0.7997803498324567,0.7096774193548387,0.8148148148148148,0.955236686930646,0.7169811320754716,0.7882381345388503,0.6129032258064516,0.8636363636363636
K_Means_topic_116,0.05,similarity+text_similarity,All but Betweenness and Harmonic,random_forest,240.83947722800076,1685,1798,0.9656941139758942,0.7692307692307693,0.8084757370899338,0.6451612903225806,0.9523809523809523,0.9541869762856674,0.76,0.8106904202743098,0.6129032258064516,1.0
K_Means_topic_116,0.05,similarity+text_similarity,All but Betweenness and Harmonic,xgboost,240.83947722800076,1685,1798,0.9402426180910403,0.7586206896551724,0.8065395351378367,0.7096774193548387,0.8148148148148148,0.9492305164576373,0.7636363636363637,0.7983716388015317,0.6774193548387096,0.875
K_Means_topic_116,0.05,similarity+text_similarity,Core Number Only,random_forest,240.83947722800076,1685,1798,0.7979287748176465,0.0,0.10738183387989245,0.0,0.0,0.7880314730635122,0.0,0.10980025768456687,0.0,0.0
K_Means_topic_116,0.05,similarity+text_similarity,Core Number Only,xgboost,240.83947722800076,1685,1798,0.8148671841479113,0.0,0.10727604382364218,0.0,0.0,0.8041057378096647,0.0,0.11000572004685812,0.0,0.0
K_Means_topic_116,0.05,similarity+text_similarity+interactions,All,random_forest,248.56196148507297,1685,1798,0.918486952451535,0.7924528301886793,0.783318368116062,0.6774193548387096,0.9545454545454546,0.9500520291363164,0.7450980392156863,0.7889113772272682,0.6129032258064516,0.95
K_Means_topic_116,0.05,similarity+text_similarity+interactions,All,xgboost,248.56196148507297,1685,1798,0.9410227405702696,0.7636363636363637,0.7833510569184428,0.6774193548387096,0.875,0.9495956332037169,0.6923076923076923,0.7739289208024374,0.5806451612903226,0.8571428571428571
K_Means_topic_116,0.05,similarity+text_similarity+interactions,All but Betweenness and Harmonic,random_forest,248.56196148507297,1685,1798,0.9505694894098374,0.7547169811320755,0.7911395569203048,0.6451612903225806,0.9090909090909091,0.939618818117093,0.7307692307692307,0.7960906850669147,0.6129032258064516,0.9047619047619048
K_Means_topic_116,0.05,similarity+text_similarity+interactions,All but Betweenness and Harmonic,xgboost,248.56196148507297,1685,1798,0.9290381089831103,0.7857142857142857,0.7990351164299658,0.7096774193548387,0.88,0.932070029391898,0.6923076923076923,0.7654927000555487,0.5806451612903226,0.8571428571428571
K_Means_topic_116,0.05,similarity+text_similarity+interactions,Core Number Only,random_forest,248.56196148507297,1685,1798,0.7977825018527909,0.0,0.10721468584302628,0.0,0.0,0.7867626923708857,0.0,0.10889887364853158,0.0,0.0
K_Means_topic_116,0.05,similarity+text_similarity+interactions,Core Number Only,xgboost,248.56196148507297,1685,1798,0.8173245699574833,0.0,0.10754770034103617,0.0,0.0,0.8032294576190737,0.0,0.11003626136196618,0.0,0.0
K_Means_topic_116,0.05,text_similarity,All,random_forest,246.74467910605017,1685,1798,0.9523442680500839,0.8076923076923077,0.8235173853385487,0.6774193548387096,1.0,0.9558482574803294,0.7843137254901961,0.8235034710744,0.6451612903225806,1.0
K_Means_topic_116,0.05,text_similarity,All,xgboost,246.74467910605017,1685,1798,0.9647579670008191,0.7692307692307693,0.8168225571259456,0.6451612903225806,0.9523809523809523,0.9475235956697154,0.7307692307692307,0.7860571086088801,0.6129032258064516,0.9047619047619048
K_Means_topic_116,0.05,text_similarity,All but Betweenness and Harmonic,random_forest,246.74467910605017,1685,1798,0.9396965323555799,0.7924528301886793,0.8221050347989824,0.6774193548387096,0.9545454545454546,0.9525439509283093,0.7450980392156863,0.8111071181774802,0.6129032258064516,0.95
K_Means_topic_116,0.05,text_similarity,All but Betweenness and Harmonic,xgboost,246.74467910605017,1685,1798,0.9446210555057144,0.7636363636363637,0.808634211220487,0.6774193548387096,0.875,0.9350639867097503,0.7777777777777778,0.8130144841280655,0.6774193548387096,0.9130434782608695
K_Means_topic_116,0.05,text_similarity,Core Number Only,random_forest,246.74467910605017,1685,1798,0.8063443460623317,0.0,0.11097899155745207,0.0,0.0,0.7983642769775636,0.0,0.11528909515328555,0.0,0.0
K_Means_topic_116,0.05,text_similarity,Core Number Only,xgboost,246.74467910605017,1685,1798,0.8206985996801498,0.0,0.11358280570252251,0.0,0.0,0.8050459134308195,0.0,0.1172890213696574,0.0,0.0
K_Means_topic_116,0.05,text_similarity+interactions,All,random_forest,241.70066985103767,1685,1798,0.965635604789952,0.7692307692307693,0.8040063691265014,0.6451612903225806,0.9523809523809523,0.9509374372455592,0.7692307692307693,0.7949681940914888,0.6451612903225806,0.9523809523809523
K_Means_topic_116,0.05,text_similarity+interactions,All,xgboost,241.70066985103767,1685,1798,0.9554355033740298,0.7924528301886793,0.8015470195083703,0.6774193548387096,0.9545454545454546,0.9465651642112566,0.7037037037037037,0.7752168843474097,0.6129032258064516,0.8260869565217391
K_Means_topic_116,0.05,text_similarity+interactions,All but Betweenness and Harmonic,random_forest,241.70066985103767,1685,1798,0.9390431797792254,0.7777777777777778,0.8066343007204817,0.6774193548387096,0.9130434782608695,0.9359128831443855,0.6923076923076923,0.7730302030609042,0.5806451612903226,0.8571428571428571
K_Means_topic_116,0.05,text_similarity+interactions,All but Betweenness and Harmonic,xgboost,241.70066985103767,1685,1798,0.938448336388813,0.8,0.8001823052204294,0.7096774193548387,0.9166666666666666,0.9420285886412181,0.6909090909090909,0.7657567276125716,0.6129032258064516,0.7916666666666666
K_Means_topic_116,0.05,text_similarity+interactions,Core Number Only,random_forest,241.70066985103767,1685,1798,0.8063345945313415,0.0,0.11100780572817884,0.0,0.0,0.7987841612355551,0.0,0.11541456220897191,0.0,0.0
K_Means_topic_116,0.05,text_similarity+interactions,Core Number Only,xgboost,241.70066985103767,1685,1798,0.8225513905683192,0.0,0.11381163794925614,0.0,0.0,0.8072457418259489,0.0,0.1174792100622185,0.0,0.0
K_Means_topic_116,0.1,interactions,All,random_forest,3.8925960100023076,1779,1798,0.9096202111168524,0.5581395348837209,0.6044130856230181,0.3870967741935484,1.0,0.9059276703726016,0.5581395348837209,0.617614011030258,0.3870967741935484,1.0
K_Means_topic_116,0.1,interactions,All,xgboost,3.8925960100023076,1779,1798,0.8456853915996161,0.625,0.5770227094900825,0.4838709677419355,0.8823529411764706,0.8621319166803585,0.5777777777777777,0.5597532343966125,0.41935483870967744,0.9285714285714286
K_Means_topic_116,0.1,interactions,All but Betweenness and Harmonic,random_forest,3.8925960100023076,1779,1798,0.9143537314534583,0.5581395348837209,0.6173922126784397,0.3870967741935484,1.0,0.9021122003760703,0.5909090909090909,0.6217396001544694,0.41935483870967744,1.0
K_Means_topic_116,0.1,interactions,All but Betweenness and Harmonic,xgboost,3.8925960100023076,1779,1798,0.8819664870451023,0.6382978723404256,0.6023715298849893,0.4838709677419355,0.9375,0.8846231082388594,0.6382978723404256,0.572305321803442,0.4838709677419355,0.9375
K_Means_topic_116,0.1,interactions,Core Number Only,random_forest,3.8925960100023076,1779,1798,0.7036613272311212,0.0,0.08690802415442095,0.0,0.0,0.7088011391642478,0.0,0.09843130810284025,0.0,0.0
K_Means_topic_116,0.1,interactions,Core Number Only,xgboost,3.8925960100023076,1779,1798,0.7260463571270392,0.0,0.08757739803794704,0.0,0.0,0.7179016740602808,0.0,0.10003195969510582,0.0,0.0
K_Means_topic_116,0.1,similarity,All,random_forest,279.9706092530396,1779,1798,0.9712297925740017,0.7843137254901961,0.8115223470180184,0.6451612903225806,1.0,0.9681253080672545,0.8076923076923077,0.8220674162693071,0.6774193548387096,1.0
K_Means_topic_116,0.1,similarity,All,xgboost,279.9706092530396,1779,1798,0.9463718904554514,0.7931034482758621,0.7941674746139634,0.7419354838709677,0.8518518518518519,0.9471219672490279,0.7636363636363637,0.7868803322095208,0.6774193548387096,0.875
K_Means_topic_116,0.1,similarity,All but Betweenness and Harmonic,random_forest,279.9706092530396,1779,1798,0.9316453827415664,0.72,0.7903780300008009,0.5806451612903226,0.9473684210526315,0.9186154772988664,0.7924528301886793,0.7920081098390331,0.6774193548387096,0.9545454545454546
K_Means_topic_116,0.1,similarity,All but Betweenness and Harmonic,xgboost,279.9706092530396,1779,1798,0.948032774784085,0.8070175438596491,0.7938513994350095,0.7419354838709677,0.8846153846153846,0.9380396881902988,0.8,0.7890204700220158,0.7096774193548387,0.9166666666666666
K_Means_topic_116,0.1,similarity,Core Number Only,random_forest,279.9706092530396,1779,1798,0.8294271794493245,0.0,0.10474122256526958,0.0,0.0,0.831955017616883,0.0,0.10328359604990452,0.0,0.0
K_Means_topic_116,0.1,similarity,Core Number Only,xgboost,279.9706092530396,1779,1798,0.8273787554440097,0.0,0.10422582106483733,0.0,0.0,0.8245431476714679,0.0,0.10131811435381265,0.0,0.0
K_Means_topic_116,0.1,similarity+interactions,All,random_forest,284.1350797560299,1779,1798,0.9679818409980071,0.7843137254901961,0.7938707867226809,0.6451612903225806,1.0,0.9507913905471275,0.8076923076923077,0.7933873846936554,0.6774193548387096,1.0
K_Means_topic_116,0.1,similarity+interactions,All,xgboost,284.1350797560299,1779,1798,0.9553406658300732,0.7636363636363637,0.7834145783039942,0.6774193548387096,0.875,0.9466473154791244,0.7169811320754716,0.7806012705416879,0.6129032258064516,0.8636363636363636
K_Means_topic_116,0.1,similarity+interactions,All but Betweenness and Harmonic,random_forest,284.1350797560299,1779,1798,0.9332693585295637,0.7450980392156863,0.7617624730597452,0.6129032258064516,0.95,0.9348449166621029,0.7924528301886793,0.7720567497176352,0.6774193548387096,0.9545454545454546
K_Means_topic_116,0.1,similarity+interactions,All but Betweenness and Harmonic,xgboost,284.1350797560299,1779,1798,0.9356868679412416,0.7037037037037037,0.7648368196051452,0.6129032258064516,0.8260869565217391,0.9385508516348102,0.7307692307692307,0.791641572938869,0.6129032258064516,0.9047619047619048
K_Means_topic_116,0.1,similarity+interactions,Core Number Only,random_forest,284.1350797560299,1779,1798,0.8344006053000663,0.0,0.1046039827699604,0.0,0.0,0.8330594957737736,0.0,0.10268762744624557,0.0,0.0
K_Means_topic_116,0.1,similarity+interactions,Core Number Only,xgboost,284.1350797560299,1779,1798,0.8349450062744519,0.0,0.10468831473315628,0.0,0.0,0.8312795516366359,0.0,0.10139681444100683,0.0,0.0
K_Means_topic_116,0.1,similarity+text_similarity,All,random_forest,285.0343104900094,1779,1798,0.9673174872665534,0.7843137254901961,0.8013331289030257,0.6451612903225806,1.0,0.9692662978987532,0.7843137254901961,0.826051705121515,0.6451612903225806,1.0
K_Means_topic_116,0.1,similarity+text_similarity,All,xgboost,285.0343104900094,1779,1798,0.9572968184837971,0.7169811320754716,0.7604501246734768,0.6129032258064516,0.8636363636363636,0.9505997042554357,0.7407407407407407,0.7787610706554123,0.6451612903225806,0.8695652173913043
K_Means_topic_116,0.1,similarity+text_similarity,All but Betweenness and Harmonic,random_forest,285.0343104900094,1779,1798,0.917601683029453,0.7346938775510204,0.7875205195665986,0.5806451612903226,1.0,0.9330558446063129,0.7843137254901961,0.7903303060686147,0.6451612903225806,1.0
K_Means_topic_116,0.1,similarity+text_similarity,All but Betweenness and Harmonic,xgboost,285.0343104900094,1779,1798,0.9445264634236362,0.7169811320754716,0.7599080905183971,0.6129032258064516,0.8636363636363636,0.9405407379009438,0.7547169811320755,0.8020446175364416,0.6451612903225806,0.9090909090909091
K_Means_topic_116,0.1,similarity+text_similarity,Core Number Only,random_forest,285.0343104900094,1779,1798,0.8298147191260059,0.0,0.10587194260841093,0.0,0.0,0.8350950216331672,0.0,0.10517658491163202,0.0,0.0
K_Means_topic_116,0.1,similarity+text_similarity,Core Number Only,xgboost,285.0343104900094,1779,1798,0.8293810437735292,0.0,0.10510038701781602,0.0,0.0,0.8292896653705022,0.0,0.10401474296643934,0.0,0.0
K_Means_topic_116,0.1,similarity+text_similarity+interactions,All,random_forest,283.85288015706465,1779,1798,0.9486233114342659,0.7843137254901961,0.7828016244320151,0.6451612903225806,1.0,0.9647936177592786,0.7843137254901961,0.7952192085051455,0.6451612903225806,1.0
K_Means_topic_116,0.1,similarity+text_similarity+interactions,All,xgboost,283.85288015706465,1779,1798,0.9529047021480771,0.7407407407407407,0.757444447882013,0.6451612903225806,0.8695652173913043,0.9499333661938405,0.7777777777777778,0.7875495299074295,0.6774193548387096,0.9130434782608695
K_Means_topic_116,0.1,similarity+text_similarity+interactions,All but Betweenness and Harmonic,random_forest,283.85288015706465,1779,1798,0.9019155532590242,0.76,0.7643023302345093,0.6129032258064516,1.0,0.9176387900031036,0.7692307692307693,0.7699547791584831,0.6451612903225806,0.9523809523809523
K_Means_topic_116,0.1,similarity+text_similarity+interactions,All but Betweenness and Harmonic,xgboost,283.85288015706465,1779,1798,0.9382889200561011,0.7142857142857143,0.7291901754052861,0.6451612903225806,0.8,0.943726381510488,0.7692307692307693,0.7991643222692886,0.6451612903225806,0.9523809523809523
K_Means_topic_116,0.1,similarity+text_similarity+interactions,Core Number Only,random_forest,283.85288015706465,1779,1798,0.8350465047612017,0.0,0.10548603687674149,0.0,0.0,0.8359621739051061,0.0,0.10397093198631098,0.0,0.0
K_Means_topic_116,0.1,similarity+text_similarity+interactions,Core Number Only,xgboost,283.85288015706465,1779,1798,0.8366520262788809,0.0,0.10539572266397892,0.0,0.0,0.8387644449312668,0.0,0.10406889707849266,0.0,0.0
K_Means_topic_116,0.1,text_similarity,All,random_forest,289.8578493830282,1779,1798,0.9569000516719569,0.7843137254901961,0.8291955354018603,0.6451612903225806,1.0,0.9564963397046207,0.7843137254901961,0.8240979897722636,0.6451612903225806,1.0
K_Means_topic_116,0.1,text_similarity,All,xgboost,289.8578493830282,1779,1798,0.9573521812947516,0.7636363636363637,0.8011720239330494,0.6774193548387096,0.875,0.9592712269748253,0.7450980392156863,0.7990578720945072,0.6129032258064516,0.95
K_Means_topic_116,0.1,text_similarity,All but Betweenness and Harmonic,random_forest,289.8578493830282,1779,1798,0.9368402598361262,0.7450980392156863,0.7970740562873797,0.6129032258064516,0.95,0.9531190098033846,0.7924528301886793,0.8055924195084456,0.6774193548387096,0.9545454545454546
K_Means_topic_116,0.1,text_similarity,All but Betweenness and Harmonic,xgboost,289.8578493830282,1779,1798,0.9389163652469181,0.7636363636363637,0.7862049592138605,0.6774193548387096,0.875,0.9501250524855323,0.7692307692307693,0.7987262292463103,0.6451612903225806,0.9523809523809523
K_Means_topic_116,0.1,text_similarity,Core Number Only,random_forest,289.8578493830282,1779,1798,0.8231065918653577,0.0,0.10476410547701913,0.0,0.0,0.8283768735053033,0.0,0.1035982489442275,0.0,0.0
K_Means_topic_116,0.1,text_similarity,Core Number Only,xgboost,289.8578493830282,1779,1798,0.8125415221082158,0.0,0.10357375075193959,0.0,0.0,0.8204355842780728,0.0,0.1024232702922034,0.0,0.0
K_Means_topic_116,0.1,text_similarity+interactions,All,random_forest,286.34830970398616,1779,1798,0.967492802834576,0.7692307692307693,0.8011391354987858,0.6451612903225806,0.9523809523809523,0.952854300162477,0.7692307692307693,0.8161700575610515,0.6451612903225806,0.9523809523809523
K_Means_topic_116,0.1,text_similarity+interactions,All,xgboost,286.34830970398616,1779,1798,0.9624086513619252,0.7636363636363637,0.7905816225527086,0.6774193548387096,0.875,0.9560764554466291,0.7636363636363637,0.7997386087197097,0.6774193548387096,0.875
K_Means_topic_116,0.1,text_similarity+interactions,All but Betweenness and Harmonic,random_forest,286.34830970398616,1779,1798,0.9339798479368125,0.7307692307692307,0.771460513665369,0.6129032258064516,0.9047619047619048,0.9510743560253391,0.7777777777777778,0.7844614218364736,0.6774193548387096,0.9130434782608695
K_Means_topic_116,0.1,text_similarity+interactions,All but Betweenness and Harmonic,xgboost,286.34830970398616,1779,1798,0.9342658891267439,0.8076923076923077,0.7906008875320875,0.6774193548387096,1.0,0.9391898059404495,0.7407407407407407,0.7951182056832578,0.6451612903225806,0.8695652173913043
K_Means_topic_116,0.1,text_similarity+interactions,Core Number Only,random_forest,286.34830970398616,1779,1798,0.8506864988558351,0.0,0.10776521265605798,0.0,0.0,0.8527027767128539,0.0,0.10602788567043167,0.0,0.0
K_Means_topic_116,0.1,text_similarity+interactions,Core Number Only,xgboost,286.34830970398616,1779,1798,0.8474385472798405,0.0,0.10556727613543207,0.0,0.0,0.8546926629789875,0.0,0.10467342651716426,0.0,0.0
K_Means_topic_116,0.2,interactions,All,random_forest,3.7489895230391994,1797,1798,0.8950699594490923,0.5909090909090909,0.648195934824431,0.41935483870967744,1.0,0.8912682330175075,0.5909090909090909,0.6264949254722518,0.41935483870967744,1.0
K_Means_topic_116,0.2,interactions,All,xgboost,3.7489895230391994,1797,1798,0.8879370182296423,0.625,0.6359165438067581,0.4838709677419355,0.8823529411764706,0.8971739963853442,0.6530612244897959,0.6548018672907576,0.5161290322580645,0.8888888888888888
K_Means_topic_116,0.2,interactions,All but Betweenness and Harmonic,random_forest,3.7489895230391994,1797,1798,0.9307529317210389,0.5909090909090909,0.6714430555689567,0.41935483870967744,1.0,0.8770560636763606,0.5581395348837209,0.611804064874651,0.3870967741935484,1.0
K_Means_topic_116,0.2,interactions,All but Betweenness and Harmonic,xgboost,3.7489895230391994,1797,1798,0.929492565666898,0.6808510638297872,0.640982311924557,0.5161290322580645,1.0,0.8979133577961552,0.7083333333333334,0.6512338453420907,0.5483870967741935,1.0
K_Means_topic_116,0.2,interactions,Core Number Only,random_forest,3.7489895230391994,1797,1798,0.6921236254703539,0.0,0.08718078384151833,0.0,0.0,0.7033426438103584,0.0,0.08870140975428191,0.0,0.0
K_Means_topic_116,0.2,interactions,Core Number Only,xgboost,3.7489895230391994,1797,1798,0.7066908997917656,0.0,0.08966358690536248,0.0,0.0,0.7122423644960477,0.0,0.0915490034523338,0.0,0.0
K_Means_topic_116,0.2,similarity,All,random_forest,285.10371433000546,1797,1798,0.9359313922478354,0.7843137254901961,0.8168896232364465,0.6451612903225806,1.0,0.9542417437975792,0.7843137254901961,0.832663523452412,0.6451612903225806,1.0
K_Means_topic_116,0.2,similarity,All,xgboost,285.10371433000546,1797,1798,0.9457677273225442,0.8070175438596491,0.804388851062448,0.7419354838709677,0.8846153846153846,0.94212899574639,0.7857142857142857,0.8035743520332168,0.7096774193548387,0.88
K_Means_topic_116,0.2,similarity,All but Betweenness and Harmonic,random_forest,285.10371433000546,1797,1798,0.9539692397618091,0.7843137254901961,0.8349751747393276,0.6451612903225806,1.0,0.9392080617777534,0.7843137254901961,0.8201190137241473,0.6451612903225806,1.0
K_Means_topic_116,0.2,similarity,All but Betweenness and Harmonic,xgboost,285.10371433000546,1797,1798,0.946544039747196,0.8070175438596491,0.8027627006424913,0.7419354838709677,0.8846153846153846,0.9464373733501288,0.8,0.8205771831154323,0.7096774193548387,0.9166666666666666
K_Means_topic_116,0.2,similarity,Core Number Only,random_forest,285.10371433000546,1797,1798,0.8218682643480802,0.0,0.09051976917032936,0.0,0.0,0.8223341913576866,0.0,0.08598356424726779,0.0,0.0
K_Means_topic_116,0.2,similarity,Core Number Only,xgboost,285.10371433000546,1797,1798,0.8150184488364447,0.0,0.08657949758636131,0.0,0.0,0.8178249995436041,0.0,0.08456490549234758,0.0,0.0
K_Means_topic_116,0.2,similarity+interactions,All,random_forest,285.7647261399543,1797,1798,0.9692306287217332,0.7843137254901961,0.8089482120454404,0.6451612903225806,1.0,0.9368713146028442,0.7843137254901961,0.8089045592456192,0.6451612903225806,1.0
K_Means_topic_116,0.2,similarity+interactions,All,xgboost,285.7647261399543,1797,1798,0.94960362400906,0.7719298245614035,0.8057633413673502,0.7096774193548387,0.8461538461538461,0.9435438231374482,0.7368421052631579,0.78958791994078,0.6774193548387096,0.8076923076923077
K_Means_topic_116,0.2,similarity+interactions,All but Betweenness and Harmonic,random_forest,285.7647261399543,1797,1798,0.9533664559967852,0.76,0.8060035834713185,0.6129032258064516,1.0,0.9555196524088578,0.7843137254901961,0.8021826939332278,0.6451612903225806,1.0
K_Means_topic_116,0.2,similarity+interactions,All but Betweenness and Harmonic,xgboost,285.7647261399543,1797,1798,0.9363880466152777,0.8,0.7878217779997101,0.7096774193548387,0.9166666666666666,0.9402577724227322,0.7636363636363637,0.7920885887586668,0.6774193548387096,0.875
K_Means_topic_116,0.2,similarity+interactions,Core Number Only,random_forest,285.7647261399543,1797,1798,0.8209184232638002,0.0,0.09013514350120702,0.0,0.0,0.8217865162385674,0.0,0.08583382205463377,0.0,0.0
K_Means_topic_116,0.2,similarity+interactions,Core Number Only,xgboost,285.7647261399543,1797,1798,0.8149088517882584,0.0,0.08632561457137174,0.0,0.0,0.8157803457655586,0.0,0.08396490883216155,0.0,0.0
K_Means_topic_116,0.2,similarity+text_similarity,All,random_forest,291.893804679974,1797,1798,0.9677236693091732,0.7843137254901961,0.8214340634720619,0.6451612903225806,1.0,0.9509009255709513,0.7843137254901961,0.829981851843444,0.6451612903225806,1.0
K_Means_topic_116,0.2,similarity+text_similarity,All,xgboost,291.893804679974,1797,1798,0.9553392028641362,0.8214285714285714,0.8157381026309105,0.7419354838709677,0.92,0.9600562279788962,0.8363636363636363,0.8140345998108156,0.7419354838709677,0.9583333333333334
K_Means_topic_116,0.2,similarity+text_similarity,All but Betweenness and Harmonic,random_forest,291.893804679974,1797,1798,0.9533847221714828,0.76,0.8248813391806513,0.6129032258064516,1.0,0.9534111032002482,0.7843137254901961,0.8105482530153009,0.6451612903225806,1.0
K_Means_topic_116,0.2,similarity+text_similarity,All but Betweenness and Harmonic,xgboost,291.893804679974,1797,1798,0.949658422533153,0.8070175438596491,0.8098037650752345,0.7419354838709677,0.8846153846153846,0.9591160523577413,0.8070175438596491,0.8174514287657499,0.7419354838709677,0.8846153846153846
K_Means_topic_116,0.2,similarity+text_similarity,Core Number Only,random_forest,291.893804679974,1797,1798,0.8251744419683629,0.0,0.09196865084139019,0.0,0.0,0.8250177994413714,0.0,0.08732787320329799,0.0,0.0
K_Means_topic_116,0.2,similarity+text_similarity,Core Number Only,xgboost,291.893804679974,1797,1798,0.8192379351916121,0.0,0.08975381992756824,0.0,0.0,0.8203899446848129,0.0,0.08745598441393392,0.0,0.0
K_Means_topic_116,0.2,similarity+text_similarity+interactions,All,random_forest,287.3141693229554,1797,1798,0.966490702517079,0.7843137254901961,0.802761182051406,0.6451612903225806,1.0,0.9496138890410208,0.7843137254901961,0.8121553414254454,0.6451612903225806,1.0
K_Means_topic_116,0.2,similarity+text_similarity+interactions,All,xgboost,287.3141693229554,1797,1798,0.9531655280751106,0.8148148148148148,0.8081311997963249,0.7096774193548387,0.9565217391304348,0.9474414444018475,0.7777777777777778,0.798949079644322,0.6774193548387096,0.9130434782608695
K_Means_topic_116,0.2,similarity+text_similarity+interactions,All but Betweenness and Harmonic,random_forest,287.3141693229554,1797,1798,0.9519234281956672,0.76,0.7935797264046829,0.6129032258064516,1.0,0.9377841064680432,0.76,0.7883851698368298,0.6129032258064516,1.0
K_Means_topic_116,0.2,similarity+text_similarity+interactions,All but Betweenness and Harmonic,xgboost,287.3141693229554,1797,1798,0.9404248712234683,0.8,0.8027064082147334,0.7096774193548387,0.9166666666666666,0.9399656790258686,0.7407407407407407,0.7842962109370043,0.6451612903225806,0.8695652173913043
K_Means_topic_116,0.2,similarity+text_similarity+interactions,Core Number Only,random_forest,287.3141693229554,1797,1798,0.8251653088810141,0.0,0.09199192337909752,0.0,0.0,0.8250086715227194,0.0,0.0873511457410053,0.0,0.0
K_Means_topic_116,0.2,similarity+text_similarity+interactions,Core Number Only,xgboost,287.3141693229554,1797,1798,0.8190826727066818,0.0,0.08968523615158237,0.0,0.0,0.8197236066232177,0.0,0.08737865065326399,0.0,0.0
K_Means_topic_116,0.2,text_similarity,All,random_forest,286.38955201301724,1797,1798,0.9741716289774596,0.7843137254901961,0.8429330944812952,0.6451612903225806,1.0,0.9683717618708582,0.8076923076923077,0.8346252441624513,0.6774193548387096,1.0
K_Means_topic_116,0.2,text_similarity,All,xgboost,286.38955201301724,1797,1798,0.9641708983304718,0.75,0.8076016419485257,0.6774193548387096,0.84,0.9664822827098964,0.8214285714285714,0.8111273000135402,0.7419354838709677,0.92
K_Means_topic_116,0.2,text_similarity,All but Betweenness and Harmonic,random_forest,286.38955201301724,1797,1798,0.9732583202425749,0.7843137254901961,0.8290096964611501,0.6451612903225806,1.0,0.9745422348796028,0.76,0.8448270255144594,0.6129032258064516,1.0
K_Means_topic_116,0.2,text_similarity,All but Betweenness and Harmonic,xgboost,286.38955201301724,1797,1798,0.9494940269608738,0.8148148148148148,0.8219647565101547,0.7096774193548387,0.9565217391304348,0.9594446574292129,0.8363636363636363,0.8217938025914789,0.7419354838709677,0.9583333333333334
K_Means_topic_116,0.2,text_similarity,Core Number Only,random_forest,286.38955201301724,1797,1798,0.8391845979614949,0.0,0.09390761341279195,0.0,0.0,0.8357796155320665,0.0,0.08822081881669731,0.0,0.0
K_Means_topic_116,0.2,text_similarity,Core Number Only,xgboost,286.38955201301724,1797,1798,0.8346637197238154,0.0,0.09016993434797144,0.0,0.0,0.8339266480457126,0.0,0.08710532090919736,0.0,0.0
K_Means_topic_116,0.2,text_similarity+interactions,All,random_forest,291.0788017370505,1797,1798,0.9698790779235013,0.7692307692307693,0.8195698814447931,0.6451612903225806,0.9523809523809523,0.949549993610457,0.7692307692307693,0.8234574577062377,0.6451612903225806,0.9523809523809523
K_Means_topic_116,0.2,text_similarity+interactions,All,xgboost,291.0788017370505,1797,1798,0.9567091659664633,0.7636363636363637,0.8106207751156334,0.6774193548387096,0.875,0.962758091899885,0.8148148148148148,0.8212826379791837,0.7096774193548387,0.9565217391304348
K_Means_topic_116,0.2,text_similarity+interactions,All but Betweenness and Harmonic,random_forest,291.0788017370505,1797,1798,0.9495031600482228,0.76,0.8022813812545568,0.6129032258064516,1.0,0.9548806981032185,0.7692307692307693,0.8127819403279133,0.6451612903225806,0.9523809523809523
K_Means_topic_116,0.2,text_similarity+interactions,All but Betweenness and Harmonic,xgboost,291.0788017370505,1797,1798,0.9365615752749058,0.7924528301886793,0.8111349206762759,0.6774193548387096,0.9545454545454546,0.9359402669003414,0.7924528301886793,0.8103212961185972,0.6774193548387096,0.9545454545454546
K_Means_topic_116,0.2,text_similarity+interactions,Core Number Only,random_forest,291.0788017370505,1797,1798,0.8387736090307968,0.0,0.09379802877807429,0.0,0.0,0.8350402541212554,0.0,0.08786265854475472,0.0,0.0
K_Means_topic_116,0.2,text_similarity+interactions,Core Number Only,xgboost,291.0788017370505,1797,1798,0.8414039381872648,0.0,0.08953903413846082,0.0,0.0,0.8320189130474469,0.0,0.08624351205770782,0.0,0.0
K_Means_topic_116,0.5,interactions,All,random_forest,4.0331535750301555,1798,1798,0.8892235792394619,0.5909090909090909,0.6410075666129251,0.41935483870967744,1.0,0.8892235792394619,0.5909090909090909,0.6410075666129251,0.41935483870967744,1.0
K_Means_topic_116,0.5,interactions,All,xgboost,4.0331535750301555,1798,1798,0.8924000949303539,0.6666666666666666,0.653975211799537,0.5161290322580645,0.9411764705882353,0.8924000949303539,0.6666666666666666,0.653975211799537,0.5161290322580645,0.9411764705882353
K_Means_topic_116,0.5,interactions,All but Betweenness and Harmonic,random_forest,4.0331535750301555,1798,1798,0.9006608613104041,0.5581395348837209,0.6444073817078513,0.3870967741935484,1.0,0.9006608613104041,0.5581395348837209,0.6444073817078513,0.3870967741935484,1.0
K_Means_topic_116,0.5,interactions,All but Betweenness and Harmonic,xgboost,4.0331535750301555,1798,1798,0.9112583748653632,0.6938775510204082,0.6543304091749762,0.5483870967741935,0.9444444444444444,0.9112583748653632,0.6938775510204082,0.6543304091749762,0.5483870967741935,0.9444444444444444
K_Means_topic_116,0.5,interactions,Core Number Only,random_forest,4.0331535750301555,1798,1798,0.7047483432827647,0.0,0.090843465299883,0.0,0.0,0.7047483432827647,0.0,0.090843465299883,0.0,0.0
K_Means_topic_116,0.5,interactions,Core Number Only,xgboost,4.0331535750301555,1798,1798,0.7131734121985505,0.0,0.09100674728599242,0.0,0.0,0.7131734121985505,0.0,0.09100674728599242,0.0,0.0
K_Means_topic_116,0.5,similarity,All,random_forest,273.2371895920951,1798,1798,0.9386421308213302,0.7843137254901961,0.8269045669550947,0.6451612903225806,1.0,0.9386421308213302,0.7843137254901961,0.8269045669550947,0.6451612903225806,1.0
K_Means_topic_116,0.5,similarity,All,xgboost,273.2371895920951,1798,1798,0.9532468006645125,0.8070175438596491,0.8099167685703457,0.7419354838709677,0.8846153846153846,0.9532468006645125,0.8070175438596491,0.8099167685703457,0.7419354838709677,0.8846153846153846
K_Means_topic_116,0.5,similarity,All but Betweenness and Harmonic,random_forest,273.2371895920951,1798,1798,0.9680066451247786,0.7843137254901961,0.80642045376404,0.6451612903225806,1.0,0.9680066451247786,0.7843137254901961,0.80642045376404,0.6451612903225806,1.0
K_Means_topic_116,0.5,similarity,All but Betweenness and Harmonic,xgboost,273.2371895920951,1798,1798,0.937026489219928,0.8070175438596491,0.8121434881416497,0.7419354838709677,0.8846153846153846,0.937026489219928,0.8070175438596491,0.8121434881416497,0.7419354838709677,0.8846153846153846
K_Means_topic_116,0.5,similarity,Core Number Only,random_forest,273.2371895920951,1798,1798,0.8221151213100388,0.0,0.08719525057277525,0.0,0.0,0.8221151213100388,0.0,0.08719525057277525,0.0,0.0
K_Means_topic_116,0.5,similarity,Core Number Only,xgboost,273.2371895920951,1798,1798,0.8190755243989264,0.0,0.08523283844491952,0.0,0.0,0.8190755243989264,0.0,0.08523283844491952,0.0,0.0
K_Means_topic_116,0.5,similarity+interactions,All,random_forest,296.9033569910098,1798,1798,0.9359767785749494,0.7843137254901961,0.8134159001407635,0.6451612903225806,1.0,0.9359767785749494,0.7843137254901961,0.8134159001407635,0.6451612903225806,1.0
K_Means_topic_116,0.5,similarity+interactions,All,xgboost,296.9033569910098,1798,1798,0.9466564433977764,0.7457627118644068,0.7907883666289668,0.7096774193548387,0.7857142857142857,0.9466564433977764,0.7457627118644068,0.7907883666289668,0.7096774193548387,0.7857142857142857
K_Means_topic_116,0.5,similarity+interactions,All but Betweenness and Harmonic,random_forest,296.9033569910098,1798,1798,0.9680431567993867,0.76,0.8015326723857035,0.6129032258064516,1.0,0.9680431567993867,0.76,0.8015326723857035,0.6129032258064516,1.0
K_Means_topic_116,0.5,similarity+interactions,All but Betweenness and Harmonic,xgboost,296.9033569910098,1798,1798,0.9320791573105499,0.7719298245614035,0.797058983865841,0.7096774193548387,0.8461538461538461,0.9320791573105499,0.7719298245614035,0.797058983865841,0.7096774193548387,0.8461538461538461
K_Means_topic_116,0.5,similarity+interactions,Core Number Only,random_forest,296.9033569910098,1798,1798,0.8206181426511128,0.0,0.08625271283664371,0.0,0.0,0.8206181426511128,0.0,0.08625271283664371,0.0,0.0
K_Means_topic_116,0.5,similarity+interactions,Core Number Only,xgboost,296.9033569910098,1798,1798,0.8140004016284207,0.0,0.0833489661756146,0.0,0.0,0.8140004016284207,0.0,0.0833489661756146,0.0,0.0
K_Means_topic_116,0.5,similarity+text_similarity,All,random_forest,285.91246889694594,1798,1798,0.9530277306168649,0.7843137254901961,0.8323387362481506,0.6451612903225806,1.0,0.9530277306168649,0.7843137254901961,0.8323387362481506,0.6451612903225806,1.0
K_Means_topic_116,0.5,similarity+text_similarity,All,xgboost,285.91246889694594,1798,1798,0.9605856472607116,0.8,0.8152748705724572,0.7096774193548387,0.9166666666666666,0.9605856472607116,0.8,0.8152748705724572,0.7096774193548387,0.9166666666666666
K_Means_topic_116,0.5,similarity+text_similarity,All but Betweenness and Harmonic,random_forest,285.91246889694594,1798,1798,0.9696405425634845,0.76,0.8160258370111347,0.6129032258064516,1.0,0.9696405425634845,0.76,0.8160258370111347,0.6129032258064516,1.0
K_Means_topic_116,0.5,similarity+text_similarity,All but Betweenness and Harmonic,xgboost,285.91246889694594,1798,1798,0.9638078025448638,0.7636363636363637,0.8200657696301854,0.6774193548387096,0.875,0.9638078025448638,0.7636363636363637,0.8200657696301854,0.6774193548387096,0.875
K_Means_topic_116,0.5,similarity+text_similarity,Core Number Only,random_forest,285.91246889694594,1798,1798,0.8249995436040675,0.0,0.08813911455892898,0.0,0.0,0.8249995436040675,0.0,0.08813911455892898,0.0,0.0
K_Means_topic_116,0.5,similarity+text_similarity,Core Number Only,xgboost,285.91246889694594,1798,1798,0.8194497690636582,0.0,0.08757980674584373,0.0,0.0,0.8194497690636582,0.0,0.08757980674584373,0.0,0.0
K_Means_topic_116,0.5,similarity+text_similarity+interactions,All,random_forest,302.4205781739438,1798,1798,0.9492396443762894,0.7843137254901961,0.8209850099303047,0.6451612903225806,1.0,0.9492396443762894,0.7843137254901961,0.8209850099303047,0.6451612903225806,1.0
K_Means_topic_116,0.5,similarity+text_similarity+interactions,All,xgboost,302.4205781739438,1798,1798,0.9529455793489968,0.7407407407407407,0.7917734146498604,0.6451612903225806,0.8695652173913043,0.9529455793489968,0.7407407407407407,0.7917734146498604,0.6451612903225806,0.8695652173913043
K_Means_topic_116,0.5,similarity+text_similarity+interactions,All but Betweenness and Harmonic,random_forest,302.4205781739438,1798,1798,0.9556656991072896,0.76,0.8048482025923227,0.6129032258064516,1.0,0.9556656991072896,0.76,0.8048482025923227,0.6129032258064516,1.0
K_Means_topic_116,0.5,similarity+text_similarity+interactions,All but Betweenness and Harmonic,xgboost,302.4205781739438,1798,1798,0.9603209376198039,0.7407407407407407,0.7999296353130046,0.6451612903225806,0.8695652173913043,0.9603209376198039,0.7407407407407407,0.7999296353130046,0.6451612903225806,0.8695652173913043
K_Means_topic_116,0.5,similarity+text_similarity+interactions,Core Number Only,random_forest,302.4205781739438,1798,1798,0.8250269273600234,0.0,0.08816324897798938,0.0,0.0,0.8250269273600234,0.0,0.08816324897798938,0.0,0.0
K_Means_topic_116,0.5,similarity+text_similarity+interactions,Core Number Only,xgboost,302.4205781739438,1798,1798,0.8197327345418697,0.0,0.0876034018207538,0.0,0.0,0.8197327345418697,0.0,0.0876034018207538,0.0,0.0
K_Means_topic_116,0.5,text_similarity,All,random_forest,273.00165719504,1798,1798,0.968444785220074,0.7843137254901961,0.8292298884326884,0.6451612903225806,1.0,0.968444785220074,0.7843137254901961,0.8292298884326884,0.6451612903225806,1.0
K_Means_topic_116,0.5,text_similarity,All,xgboost,273.00165719504,1798,1798,0.9668839111305839,0.8214285714285714,0.839138060469582,0.7419354838709677,0.92,0.9668839111305839,0.8214285714285714,0.839138060469582,0.7419354838709677,0.92
K_Means_topic_116,0.5,text_similarity,All but Betweenness and Harmonic,random_forest,273.00165719504,1798,1798,0.9672216441207074,0.7843137254901961,0.8219053905161828,0.6451612903225806,1.0,0.9672216441207074,0.7843137254901961,0.8219053905161828,0.6451612903225806,1.0
K_Means_topic_116,0.5,text_similarity,All but Betweenness and Harmonic,xgboost,273.00165719504,1798,1798,0.9671029811782318,0.7931034482758621,0.822841838918945,0.7419354838709677,0.8518518518518519,0.9671029811782318,0.7931034482758621,0.822841838918945,0.7419354838709677,0.8518518518518519
K_Means_topic_116,0.5,text_similarity,Core Number Only,random_forest,273.00165719504,1798,1798,0.834574730270004,0.0,0.08913587046590085,0.0,0.0,0.834574730270004,0.0,0.08913587046590085,0.0,0.0
K_Means_topic_116,0.5,text_similarity,Core Number Only,xgboost,273.00165719504,1798,1798,0.8308961790532523,0.0,0.08721685360336585,0.0,0.0,0.8308961790532523,0.0,0.08721685360336585,0.0,0.0
K_Means_topic_116,0.5,text_similarity+interactions,All,random_forest,283.1886808599811,1798,1798,0.9508370301403875,0.7843137254901961,0.8242746934384637,0.6451612903225806,1.0,0.9508370301403875,0.7843137254901961,0.8242746934384637,0.6451612903225806,1.0
K_Means_topic_116,0.5,text_similarity+interactions,All,xgboost,283.1886808599811,1798,1798,0.964455884769155,0.7857142857142857,0.8226939464331723,0.7096774193548387,0.88,0.964455884769155,0.7857142857142857,0.8226939464331723,0.7096774193548387,0.88
K_Means_topic_116,0.5,text_similarity+interactions,All but Betweenness and Harmonic,random_forest,283.1886808599811,1798,1798,0.9686912390236778,0.76,0.8201368424698978,0.6129032258064516,1.0,0.9686912390236778,0.76,0.8201368424698978,0.6129032258064516,1.0
K_Means_topic_116,0.5,text_similarity+interactions,All but Betweenness and Harmonic,xgboost,283.1886808599811,1798,1798,0.9635430929039561,0.7586206896551724,0.8225527316311101,0.7096774193548387,0.8148148148148148,0.9635430929039561,0.7586206896551724,0.8225527316311101,0.7096774193548387,0.8148148148148148
K_Means_topic_116,0.5,text_similarity+interactions,Core Number Only,random_forest,283.1886808599811,1798,1798,0.8341913576866204,0.0,0.08902840272457246,0.0,0.0,0.8341913576866204,0.0,0.08902840272457246,0.0,0.0
K_Means_topic_116,0.5,text_similarity+interactions,Core Number Only,xgboost,283.1886808599811,1798,1798,0.827865710060792,0.0,0.08593782454946704,0.0,0.0,0.827865710060792,0.0,0.08593782454946704,0.0,0.0
K_Means_topic_116,1.0,interactions,All,random_forest,3.761335236951709,1798,1798,0.8892235792394619,0.5909090909090909,0.6410075666129251,0.41935483870967744,1.0,0.8892235792394619,0.5909090909090909,0.6410075666129251,0.41935483870967744,1.0
K_Means_topic_116,1.0,interactions,All,xgboost,3.761335236951709,1798,1798,0.8924000949303539,0.6666666666666666,0.653975211799537,0.5161290322580645,0.9411764705882353,0.8924000949303539,0.6666666666666666,0.653975211799537,0.5161290322580645,0.9411764705882353
K_Means_topic_116,1.0,interactions,All but Betweenness and Harmonic,random_forest,3.761335236951709,1798,1798,0.9006608613104041,0.5581395348837209,0.6444073817078513,0.3870967741935484,1.0,0.9006608613104041,0.5581395348837209,0.6444073817078513,0.3870967741935484,1.0
K_Means_topic_116,1.0,interactions,All but Betweenness and Harmonic,xgboost,3.761335236951709,1798,1798,0.9112583748653632,0.6938775510204082,0.6543304091749762,0.5483870967741935,0.9444444444444444,0.9112583748653632,0.6938775510204082,0.6543304091749762,0.5483870967741935,0.9444444444444444
K_Means_topic_116,1.0,interactions,Core Number Only,random_forest,3.761335236951709,1798,1798,0.7047483432827647,0.0,0.090843465299883,0.0,0.0,0.7047483432827647,0.0,0.090843465299883,0.0,0.0
K_Means_topic_116,1.0,interactions,Core Number Only,xgboost,3.761335236951709,1798,1798,0.7131734121985505,0.0,0.09100674728599242,0.0,0.0,0.7131734121985505,0.0,0.09100674728599242,0.0,0.0
K_Means_topic_116,1.0,similarity,All,random_forest,281.3261565149296,1798,1798,0.9386421308213302,0.7843137254901961,0.8269045669550947,0.6451612903225806,1.0,0.9386421308213302,0.7843137254901961,0.8269045669550947,0.6451612903225806,1.0
K_Means_topic_116,1.0,similarity,All,xgboost,281.3261565149296,1798,1798,0.9532468006645125,0.8070175438596491,0.8099167685703457,0.7419354838709677,0.8846153846153846,0.9532468006645125,0.8070175438596491,0.8099167685703457,0.7419354838709677,0.8846153846153846
K_Means_topic_116,1.0,similarity,All but Betweenness and Harmonic,random_forest,281.3261565149296,1798,1798,0.9680066451247786,0.7843137254901961,0.80642045376404,0.6451612903225806,1.0,0.9680066451247786,0.7843137254901961,0.80642045376404,0.6451612903225806,1.0
K_Means_topic_116,1.0,similarity,All but Betweenness and Harmonic,xgboost,281.3261565149296,1798,1798,0.937026489219928,0.8070175438596491,0.8121434881416497,0.7419354838709677,0.8846153846153846,0.937026489219928,0.8070175438596491,0.8121434881416497,0.7419354838709677,0.8846153846153846
K_Means_topic_116,1.0,similarity,Core Number Only,random_forest,281.3261565149296,1798,1798,0.8221151213100388,0.0,0.08719525057277525,0.0,0.0,0.8221151213100388,0.0,0.08719525057277525,0.0,0.0
K_Means_topic_116,1.0,similarity,Core Number Only,xgboost,281.3261565149296,1798,1798,0.8190755243989264,0.0,0.08523283844491952,0.0,0.0,0.8190755243989264,0.0,0.08523283844491952,0.0,0.0
K_Means_topic_116,1.0,similarity+interactions,All,random_forest,288.75640818697866,1798,1798,0.9359767785749494,0.7843137254901961,0.8134159001407635,0.6451612903225806,1.0,0.9359767785749494,0.7843137254901961,0.8134159001407635,0.6451612903225806,1.0
K_Means_topic_116,1.0,similarity+interactions,All,xgboost,288.75640818697866,1798,1798,0.9466564433977764,0.7457627118644068,0.7907883666289668,0.7096774193548387,0.7857142857142857,0.9466564433977764,0.7457627118644068,0.7907883666289668,0.7096774193548387,0.7857142857142857
K_Means_topic_116,1.0,similarity+interactions,All but Betweenness and Harmonic,random_forest,288.75640818697866,1798,1798,0.9680431567993867,0.76,0.8015326723857035,0.6129032258064516,1.0,0.9680431567993867,0.76,0.8015326723857035,0.6129032258064516,1.0
K_Means_topic_116,1.0,similarity+interactions,All but Betweenness and Harmonic,xgboost,288.75640818697866,1798,1798,0.9320791573105499,0.7719298245614035,0.797058983865841,0.7096774193548387,0.8461538461538461,0.9320791573105499,0.7719298245614035,0.797058983865841,0.7096774193548387,0.8461538461538461
K_Means_topic_116,1.0,similarity+interactions,Core Number Only,random_forest,288.75640818697866,1798,1798,0.8206181426511128,0.0,0.08625271283664371,0.0,0.0,0.8206181426511128,0.0,0.08625271283664371,0.0,0.0
K_Means_topic_116,1.0,similarity+interactions,Core Number Only,xgboost,288.75640818697866,1798,1798,0.8140004016284207,0.0,0.0833489661756146,0.0,0.0,0.8140004016284207,0.0,0.0833489661756146,0.0,0.0
K_Means_topic_116,1.0,similarity+text_similarity,All,random_forest,287.0274912290042,1798,1798,0.9530277306168649,0.7843137254901961,0.8323387362481506,0.6451612903225806,1.0,0.9530277306168649,0.7843137254901961,0.8323387362481506,0.6451612903225806,1.0
K_Means_topic_116,1.0,similarity+text_similarity,All,xgboost,287.0274912290042,1798,1798,0.9605856472607116,0.8,0.8152748705724572,0.7096774193548387,0.9166666666666666,0.9605856472607116,0.8,0.8152748705724572,0.7096774193548387,0.9166666666666666
K_Means_topic_116,1.0,similarity+text_similarity,All but Betweenness and Harmonic,random_forest,287.0274912290042,1798,1798,0.9696405425634845,0.76,0.8160258370111347,0.6129032258064516,1.0,0.9696405425634845,0.76,0.8160258370111347,0.6129032258064516,1.0
K_Means_topic_116,1.0,similarity+text_similarity,All but Betweenness and Harmonic,xgboost,287.0274912290042,1798,1798,0.9638078025448638,0.7636363636363637,0.8200657696301854,0.6774193548387096,0.875,0.9638078025448638,0.7636363636363637,0.8200657696301854,0.6774193548387096,0.875
K_Means_topic_116,1.0,similarity+text_similarity,Core Number Only,random_forest,287.0274912290042,1798,1798,0.8249995436040675,0.0,0.08813911455892898,0.0,0.0,0.8249995436040675,0.0,0.08813911455892898,0.0,0.0
K_Means_topic_116,1.0,similarity+text_similarity,Core Number Only,xgboost,287.0274912290042,1798,1798,0.8194497690636582,0.0,0.08757980674584373,0.0,0.0,0.8194497690636582,0.0,0.08757980674584373,0.0,0.0
K_Means_topic_116,1.0,similarity+text_similarity+interactions,All,random_forest,293.7411837510299,1798,1798,0.9492396443762894,0.7843137254901961,0.8209850099303047,0.6451612903225806,1.0,0.9492396443762894,0.7843137254901961,0.8209850099303047,0.6451612903225806,1.0
K_Means_topic_116,1.0,similarity+text_similarity+interactions,All,xgboost,293.7411837510299,1798,1798,0.9529455793489968,0.7407407407407407,0.7917734146498604,0.6451612903225806,0.8695652173913043,0.9529455793489968,0.7407407407407407,0.7917734146498604,0.6451612903225806,0.8695652173913043
K_Means_topic_116,1.0,similarity+text_similarity+interactions,All but Betweenness and Harmonic,random_forest,293.7411837510299,1798,1798,0.9556656991072896,0.76,0.8048482025923227,0.6129032258064516,1.0,0.9556656991072896,0.76,0.8048482025923227,0.6129032258064516,1.0
K_Means_topic_116,1.0,similarity+text_similarity+interactions,All but Betweenness and Harmonic,xgboost,293.7411837510299,1798,1798,0.9603209376198039,0.7407407407407407,0.7999296353130046,0.6451612903225806,0.8695652173913043,0.9603209376198039,0.7407407407407407,0.7999296353130046,0.6451612903225806,0.8695652173913043
K_Means_topic_116,1.0,similarity+text_similarity+interactions,Core Number Only,random_forest,293.7411837510299,1798,1798,0.8250269273600234,0.0,0.08816324897798938,0.0,0.0,0.8250269273600234,0.0,0.08816324897798938,0.0,0.0
K_Means_topic_116,1.0,similarity+text_similarity+interactions,Core Number Only,xgboost,293.7411837510299,1798,1798,0.8197327345418697,0.0,0.0876034018207538,0.0,0.0,0.8197327345418697,0.0,0.0876034018207538,0.0,0.0
K_Means_topic_116,1.0,text_similarity,All,random_forest,284.380609949003,1798,1798,0.968444785220074,0.7843137254901961,0.8292298884326884,0.6451612903225806,1.0,0.968444785220074,0.7843137254901961,0.8292298884326884,0.6451612903225806,1.0
K_Means_topic_116,1.0,text_similarity,All,xgboost,284.380609949003,1798,1798,0.9668839111305839,0.8214285714285714,0.839138060469582,0.7419354838709677,0.92,0.9668839111305839,0.8214285714285714,0.839138060469582,0.7419354838709677,0.92
K_Means_topic_116,1.0,text_similarity,All but Betweenness and Harmonic,random_forest,284.380609949003,1798,1798,0.9672216441207074,0.7843137254901961,0.8219053905161828,0.6451612903225806,1.0,0.9672216441207074,0.7843137254901961,0.8219053905161828,0.6451612903225806,1.0
K_Means_topic_116,1.0,text_similarity,All but Betweenness and Harmonic,xgboost,284.380609949003,1798,1798,0.9671029811782318,0.7931034482758621,0.822841838918945,0.7419354838709677,0.8518518518518519,0.9671029811782318,0.7931034482758621,0.822841838918945,0.7419354838709677,0.8518518518518519
K_Means_topic_116,1.0,text_similarity,Core Number Only,random_forest,284.380609949003,1798,1798,0.834574730270004,0.0,0.08913587046590085,0.0,0.0,0.834574730270004,0.0,0.08913587046590085,0.0,0.0
K_Means_topic_116,1.0,text_similarity,Core Number Only,xgboost,284.380609949003,1798,1798,0.8308961790532523,0.0,0.08721685360336585,0.0,0.0,0.8308961790532523,0.0,0.08721685360336585,0.0,0.0
K_Means_topic_116,1.0,text_similarity+interactions,All,random_forest,280.88786096603144,1798,1798,0.9508370301403875,0.7843137254901961,0.8242746934384637,0.6451612903225806,1.0,0.9508370301403875,0.7843137254901961,0.8242746934384637,0.6451612903225806,1.0
K_Means_topic_116,1.0,text_similarity+interactions,All,xgboost,280.88786096603144,1798,1798,0.964455884769155,0.7857142857142857,0.8226939464331723,0.7096774193548387,0.88,0.964455884769155,0.7857142857142857,0.8226939464331723,0.7096774193548387,0.88
K_Means_topic_116,1.0,text_similarity+interactions,All but Betweenness and Harmonic,random_forest,280.88786096603144,1798,1798,0.9686912390236778,0.76,0.8201368424698978,0.6129032258064516,1.0,0.9686912390236778,0.76,0.8201368424698978,0.6129032258064516,1.0
K_Means_topic_116,1.0,text_similarity+interactions,All but Betweenness and Harmonic,xgboost,280.88786096603144,1798,1798,0.9635430929039561,0.7586206896551724,0.8225527316311101,0.7096774193548387,0.8148148148148148,0.9635430929039561,0.7586206896551724,0.8225527316311101,0.7096774193548387,0.8148148148148148
K_Means_topic_116,1.0,text_similarity+interactions,Core Number Only,random_forest,280.88786096603144,1798,1798,0.8341913576866204,0.0,0.08902840272457246,0.0,0.0,0.8341913576866204,0.0,0.08902840272457246,0.0,0.0
K_Means_topic_116,1.0,text_similarity+interactions,Core Number Only,xgboost,280.88786096603144,1798,1798,0.827865710060792,0.0,0.08593782454946704,0.0,0.0,0.827865710060792,0.0,0.08593782454946704,0.0,0.0
