post_time,shared_hashtag_count,shared_author_hashtag_uses,coordination_score
2019-02-01 12:00:00,56,1286,38955
2018-09-27 20:00:00,7,618,36684
2019-01-31 20:00:00,45,1154,34606
2019-02-01 13:00:00,62,917,27581
2019-02-02 11:00:00,33,823,26286
2019-01-31 19:00:00,46,968,25470
2019-02-04 11:00:00,50,857,25275
2019-02-04 13:00:00,50,874,24034
2018-09-21 21:00:00,63,823,23819
2018-09-24 12:00:00,18,621,23622
2019-03-07 17:00:00,7,438,23115
2019-02-02 10:00:00,42,852,22906
2019-02-04 14:00:00,52,883,22795
2019-02-05 10:00:00,60,972,22193
2019-02-26 19:00:00,80,1231,21547
2019-02-23 22:00:00,26,820,20604
2018-11-18 23:00:00,20,670,20276
2019-02-02 13:00:00,53,917,20140
2018-11-20 23:00:00,12,557,19931
2019-02-01 14:00:00,66,939,19742
2019-01-28 11:00:00,96,1122,19431
2019-02-03 10:00:00,76,960,18809
2019-02-03 12:00:00,84,977,18632
2019-02-02 14:00:00,67,865,18575
2018-11-12 17:00:00,7,484,18531
2019-02-02 21:00:00,43,718,18495
2019-02-12 12:00:00,86,976,18492
2019-02-24 02:00:00,21,718,18020
2018-11-09 19:00:00,8,506,17893
2019-02-28 19:00:00,43,808,17693
2019-02-03 19:00:00,25,533,17601
2018-10-25 17:00:00,23,648,17436
2019-02-05 11:00:00,60,822,17381
2019-01-25 13:00:00,64,1086,17313
2018-12-26 18:00:00,12,411,17220
2019-01-09 14:00:00,58,871,17218
2019-01-31 12:00:00,49,785,16904
2018-09-28 21:00:00,16,646,16781
2019-01-31 21:00:00,31,710,16737
2019-02-26 18:00:00,103,1111,16634
2019-02-05 13:00:00,48,785,16577
2019-01-04 17:00:00,29,673,16300
2019-01-20 16:00:00,33,506,16264
2018-12-03 13:00:00,54,1068,15936
2019-01-25 14:00:00,66,1068,15832
2018-10-30 11:00:00,24,556,15775
2019-02-01 11:00:00,71,882,15316
2018-11-18 22:00:00,22,708,15120
2019-02-04 15:00:00,35,698,14950
2019-02-02 12:00:00,42,725,14680
2018-10-29 16:00:00,7,391,14565
2019-02-24 00:00:00,38,735,14533
2019-03-05 20:00:00,13,496,14479
2019-01-31 11:00:00,38,733,14292
2019-01-29 20:00:00,66,797,14201
2019-01-29 11:00:00,62,656,13992
2019-01-31 15:00:00,60,835,13925
2019-01-29 13:00:00,43,568,13669
2019-01-31 16:00:00,45,802,13491
2019-02-02 17:00:00,41,711,13446
2019-01-31 10:00:00,36,677,13370
2019-02-27 20:00:00,52,823,13293
2019-02-27 23:00:00,46,985,13274
2019-02-27 21:00:00,60,900,13222
2019-02-11 15:00:00,47,705,13033
2018-12-17 11:00:00,52,540,12987
2019-01-28 13:00:00,74,865,12890
2019-02-05 14:00:00,49,677,12841
2018-11-13 21:00:00,16,552,12775
2019-01-27 17:00:00,68,842,12556
2018-09-21 14:00:00,6,390,12480
2019-01-28 15:00:00,62,685,12433
2018-11-27 13:00:00,22,424,12349
2019-01-29 10:00:00,47,516,11654
2018-11-13 19:00:00,13,485,11560
2019-02-23 20:00:00,73,958,11556
2019-01-14 20:00:00,33,761,11530
2019-01-30 21:00:00,26,637,11504
2018-11-07 16:00:00,23,608,11347
2019-01-29 12:00:00,61,641,11280
2018-12-16 12:00:00,45,505,11135
2019-01-28 14:00:00,77,664,11125
2018-10-04 13:00:00,7,272,10985
2018-10-20 16:00:00,16,424,10934
2019-02-10 10:00:00,113,907,10859
2018-11-26 21:00:00,9,420,10856
2018-10-25 18:00:00,28,583,10802
2018-12-13 20:00:00,18,582,10797
2019-02-04 10:00:00,46,536,10756
2019-02-25 20:00:00,54,712,10687
2019-01-24 03:00:00,40,778,10668
2018-10-25 19:00:00,15,458,10515
2018-09-29 20:00:00,21,615,10469
2019-02-04 12:00:00,49,618,10407
2018-09-12 17:00:00,7,385,10395
2018-10-29 17:00:00,8,318,10380
2018-11-19 00:00:00,25,630,10328
2018-12-26 19:00:00,20,375,10269
2018-10-25 13:00:00,6,354,10266
2018-11-22 22:00:00,25,475,10192
2019-02-02 15:00:00,50,619,10143
2019-02-12 13:00:00,67,701,9982
2018-11-09 20:00:00,16,471,9921
2019-02-16 16:00:00,28,482,9918
2019-02-05 12:00:00,46,557,9869
2019-02-01 01:00:00,41,597,9795
2018-12-30 23:00:00,27,473,9760
2019-01-16 13:00:00,76,779,9579
2018-11-15 20:00:00,10,430,9514
2018-11-19 18:00:00,24,447,9443
2019-01-31 13:00:00,56,679,9427
2019-01-17 22:00:00,18,338,9403
2019-01-24 01:00:00,32,689,9351
2019-01-16 14:00:00,76,858,9337
2019-01-09 09:00:00,51,535,9311
2019-01-29 15:00:00,53,465,9269
2019-02-23 00:00:00,16,428,9269
2019-01-20 01:00:00,37,587,9223
2019-01-09 10:00:00,47,478,9203
2019-02-13 12:00:00,82,646,9187
2019-01-31 14:00:00,58,605,9122
2018-09-21 20:00:00,20,424,9089
2019-01-30 23:00:00,26,466,9029
2018-12-19 14:00:00,35,466,8769
2019-01-09 08:00:00,50,619,8716
2018-11-14 16:00:00,15,371,8699
2019-01-13 09:00:00,49,541,8656
2019-02-22 13:00:00,26,413,8626
2018-10-31 16:00:00,5,232,8552
2019-02-13 14:00:00,77,680,8538
2018-12-14 01:00:00,18,510,8448
2019-02-24 01:00:00,22,495,8438
2018-12-14 02:00:00,20,518,8368
2018-12-03 21:00:00,48,812,8355
2018-12-03 18:00:00,55,809,8192
2019-02-11 14:00:00,47,624,8185
2019-02-28 22:00:00,35,526,8172
2018-09-27 10:00:00,7,276,8135
2019-02-04 00:00:00,15,363,8117
2019-02-08 13:00:00,24,358,8094
2018-11-26 11:00:00,21,415,8038
2018-10-25 21:00:00,28,466,8023
2019-01-31 06:00:00,11,379,7986
2019-01-12 08:00:00,25,408,7962
2018-12-03 16:00:00,40,565,7929
2019-02-11 13:00:00,63,641,7916
2019-02-11 19:00:00,27,465,7849
2018-12-03 19:00:00,45,794,7814
2019-02-17 19:00:00,19,440,7808
2018-12-27 12:00:00,57,420,7798
2019-02-10 12:00:00,46,490,7742
2019-02-21 20:00:00,36,358,7739
2019-02-03 23:00:00,16,356,7679
2019-01-23 20:00:00,70,832,7664
2019-01-21 22:00:00,38,592,7662
2019-02-02 18:00:00,45,519,7662
2019-03-03 22:00:00,22,270,7649
2018-09-30 14:00:00,27,350,7617
2018-12-16 13:00:00,38,471,7547
2018-09-16 14:00:00,5,228,7534
2019-01-28 20:00:00,41,440,7533
2019-01-23 23:00:00,55,745,7480
2019-02-27 00:00:00,68,739,7418
2019-01-23 12:00:00,113,833,7416
2018-12-14 17:00:00,22,402,7412
2018-08-29 12:00:00,7,303,7365
2019-01-27 11:00:00,56,649,7350
2019-02-12 11:00:00,36,426,7345
2019-02-05 09:00:00,41,486,7249
2019-02-01 15:00:00,46,547,7147
2019-01-29 09:00:00,55,461,7087
2019-02-25 12:00:00,78,784,7044
2019-02-04 16:00:00,28,414,7016
2018-09-12 19:00:00,9,358,7006
2019-02-28 09:00:00,63,513,6974
2019-01-25 15:00:00,48,648,6964
2019-01-28 12:00:00,98,784,6925
2019-02-28 21:00:00,42,533,6893
2019-02-28 10:00:00,49,487,6887
2019-01-25 16:00:00,47,655,6881
2019-03-07 18:00:00,5,238,6845
2018-10-06 17:00:00,9,284,6835
2019-01-16 08:00:00,38,462,6823
2019-02-03 11:00:00,33,543,6797
2018-09-29 22:00:00,21,497,6758
2018-09-22 20:00:00,15,414,6726
2018-12-16 20:00:00,13,272,6675
2019-03-01 00:00:00,24,429,6665
2019-02-03 00:00:00,21,357,6664
2019-03-03 23:00:00,27,259,6613
2019-03-01 01:00:00,25,441,6605
2018-11-26 13:00:00,33,397,6572
2019-01-08 09:00:00,42,462,6564
2018-11-25 12:00:00,48,575,6547
2019-02-24 16:00:00,48,509,6542
2019-02-26 01:00:00,42,594,6511
2019-03-05 23:00:00,14,311,6500
2019-03-05 10:00:00,40,330,6420
2018-11-08 17:00:00,5,255,6375
2019-02-10 11:00:00,79,580,6363
2019-01-31 18:00:00,40,552,6316
2019-01-06 22:00:00,19,376,6316
2019-01-30 20:00:00,29,476,6266
2018-09-19 17:00:00,3,195,6240
2019-01-04 16:00:00,23,410,6229
2019-01-29 14:00:00,43,401,6228
2019-02-12 09:00:00,77,610,6224
2019-01-29 23:00:00,56,620,6213
2018-09-09 13:00:00,17,400,6206
2019-02-04 01:00:00,24,378,6190
2018-11-17 22:00:00,18,413,6189
2018-09-16 22:00:00,8,238,6182
2019-02-20 18:00:00,39,372,6155
2019-01-21 17:00:00,46,494,6146
2018-10-15 19:00:00,10,270,6144
2019-02-06 11:00:00,55,501,6090
2019-02-14 12:00:00,78,610,6055
2019-02-06 09:00:00,51,560,6037
2018-08-28 20:00:00,5,247,5978
2018-10-22 17:00:00,11,302,5947
2018-11-16 14:00:00,16,369,5941
2018-11-13 22:00:00,18,395,5939
2019-01-27 13:00:00,69,617,5923
2018-12-09 13:00:00,24,344,5921
2019-02-28 23:00:00,35,451,5880
2019-02-03 13:00:00,60,578,5873
2018-11-03 13:00:00,10,302,5844
2019-02-11 11:00:00,43,465,5843
2018-09-22 15:00:00,17,272,5826
2019-02-25 09:00:00,67,572,5814
2019-03-08 13:00:00,6,196,5806
2018-12-15 20:00:00,26,483,5780
2019-02-25 19:00:00,44,575,5730
2018-12-27 13:00:00,50,438,5717
2019-02-06 18:00:00,24,340,5713
2019-03-05 14:00:00,39,372,5695
2018-12-13 23:00:00,26,461,5691
2019-01-29 18:00:00,63,628,5689
2019-01-13 08:00:00,31,338,5686
2019-02-25 11:00:00,74,530,5657
2018-10-23 17:00:00,7,276,5646
2019-02-25 17:00:00,42,586,5625
2019-02-26 13:00:00,63,570,5607
2019-01-23 19:00:00,67,684,5590
2019-01-06 23:00:00,16,336,5577
2019-01-24 15:00:00,82,588,5560
2019-01-28 08:00:00,63,511,5560
2018-11-17 15:00:00,28,503,5552
2019-01-23 21:00:00,45,636,5541
2018-11-21 00:00:00,16,313,5533
2018-10-01 18:00:00,9,193,5518
2019-01-10 08:00:00,39,372,5496
2019-02-24 21:00:00,62,632,5475
2019-02-28 11:00:00,57,479,5468
2018-09-30 15:00:00,16,300,5438
2019-03-07 15:00:00,7,234,5437
2019-02-05 15:00:00,42,418,5427
2019-02-13 08:00:00,42,427,5404
2018-09-17 17:00:00,4,152,5404
2018-11-22 10:00:00,27,424,5400
2019-03-05 21:00:00,26,390,5392
2019-03-05 19:00:00,20,337,5392
2019-02-12 14:00:00,46,433,5328
2018-12-03 20:00:00,38,614,5317
2019-01-12 13:00:00,52,465,5316
2019-01-03 13:00:00,27,377,5291
2018-12-03 14:00:00,42,597,5239
2019-02-02 22:00:00,24,323,5196
2019-01-31 17:00:00,43,493,5191
2018-11-16 20:00:00,19,313,5182
2019-01-26 08:00:00,39,317,5173
2019-01-24 00:00:00,48,599,5158
2018-09-30 01:00:00,21,469,5142
2019-02-23 23:00:00,32,444,5138
2018-09-23 13:00:00,9,195,5111
2018-09-29 17:00:00,4,204,5100
2019-01-15 01:00:00,31,482,5096
2019-01-29 21:00:00,35,454,5088
2019-02-26 10:00:00,57,473,5059
2019-02-24 22:00:00,41,524,5042
2019-02-13 13:00:00,75,595,5031
2019-01-27 22:00:00,42,506,5029
2019-02-02 23:00:00,13,240,5026
2019-02-26 20:00:00,85,675,5016
2018-12-14 00:00:00,21,428,5010
2018-10-07 17:00:00,6,248,5002
2019-02-26 23:00:00,45,469,4996
2019-02-03 21:00:00,42,470,4983
2019-02-06 12:00:00,95,751,4978
2019-02-24 14:00:00,89,593,4964
2019-02-12 19:00:00,56,357,4939
2018-11-26 12:00:00,46,419,4938
2018-09-22 19:00:00,9,262,4926
2019-01-04 22:00:00,20,365,4919
2019-01-25 17:00:00,45,481,4916
2019-01-30 22:00:00,17,360,4916
2018-11-06 15:00:00,20,232,4916
2018-09-14 16:00:00,15,369,4914
2019-01-09 19:00:00,27,429,4908
2018-11-05 15:00:00,19,252,4878
2018-09-14 11:00:00,12,348,4876
2019-02-24 17:00:00,88,539,4868
2018-11-18 21:00:00,30,446,4859
2018-11-17 16:00:00,37,510,4855
2018-12-13 22:00:00,29,430,4849
2019-01-31 08:00:00,51,467,4846
2019-01-12 09:00:00,37,389,4844
2019-01-21 21:00:00,56,599,4820
2018-11-11 07:00:00,6,224,4819
2018-10-27 20:00:00,11,253,4754
2019-02-21 08:00:00,27,341,4749
2018-11-19 14:00:00,21,373,4745
2018-09-24 13:00:00,14,316,4742
2018-10-15 18:00:00,9,256,4742
2019-01-23 02:00:00,41,388,4735
2019-01-20 02:00:00,36,498,4723
2019-01-14 08:00:00,25,333,4711
2019-02-08 15:00:00,26,292,4700
2019-01-15 02:00:00,29,460,4684
2019-01-08 13:00:00,42,354,4615
2019-01-05 08:00:00,39,344,4613
2019-01-25 19:00:00,33,495,4602
2019-02-24 20:00:00,64,517,4595
2019-02-12 20:00:00,45,274,4591
2019-02-18 08:00:00,55,402,4583
2019-02-18 10:00:00,45,372,4550
2019-02-14 00:00:00,18,382,4535
2018-11-13 15:00:00,25,244,4530
2019-01-07 08:00:00,29,319,4515
2019-01-28 21:00:00,52,374,4509
2018-11-19 15:00:00,32,366,4503
2019-01-15 09:00:00,37,425,4489
2019-02-11 17:00:00,50,477,4478
2018-12-04 01:00:00,47,622,4462
2018-09-29 21:00:00,22,427,4454
2019-01-12 05:00:00,6,234,4446
2018-12-17 10:00:00,59,460,4439
2019-01-04 21:00:00,16,298,4423
2018-12-03 22:00:00,38,582,4400
2019-02-18 17:00:00,61,383,4394
2018-10-20 15:00:00,21,244,4372
2019-01-06 08:00:00,32,291,4339
2019-02-06 00:00:00,6,195,4335
2019-02-25 18:00:00,57,569,4334
2019-01-17 08:00:00,45,393,4309
2019-01-08 08:00:00,16,235,4303
2019-01-10 09:00:00,40,402,4296
2019-02-19 13:00:00,60,413,4285
2019-02-28 00:00:00,50,548,4277
2019-01-15 08:00:00,34,324,4277
2019-02-10 20:00:00,27,357,4275
2018-10-07 20:00:00,7,248,4271
2019-01-15 13:00:00,62,427,4262
2019-02-04 02:00:00,18,309,4260
2018-10-25 22:00:00,30,386,4242
2019-01-29 19:00:00,44,430,4235
2019-01-17 09:00:00,48,413,4234
2018-09-24 16:00:00,13,127,4234
2019-02-19 08:00:00,39,358,4227
2019-02-20 19:00:00,50,356,4227
2019-02-24 15:00:00,46,376,4223
2019-01-23 00:00:00,18,326,4203
2019-01-31 22:00:00,26,388,4190
2019-02-23 18:00:00,68,434,4189
2019-01-23 17:00:00,83,681,4188
2019-02-11 12:00:00,60,522,4171
2018-11-20 18:00:00,15,254,4152
2018-12-15 21:00:00,22,409,4144
2019-01-08 12:00:00,36,233,4143
2019-02-04 09:00:00,67,515,4142
2018-11-14 00:00:00,19,338,4141
2019-02-12 08:00:00,43,393,4137
2018-11-10 00:00:00,17,334,4124
2018-12-15 13:00:00,33,195,4107
2019-02-18 15:00:00,21,211,4106
2019-02-27 12:00:00,47,433,4104
2019-02-22 23:00:00,16,236,4102
2018-09-14 12:00:00,19,293,4095
2019-01-09 20:00:00,32,428,4066
2019-03-03 09:00:00,30,316,4066
2019-02-25 21:00:00,67,584,4063
2018-09-23 03:00:00,21,311,4054
2018-09-12 18:00:00,12,246,4026
2019-02-06 20:00:00,19,227,4019
2019-01-24 08:00:00,38,357,4004
2019-02-26 14:00:00,88,516,3997
2019-02-02 09:00:00,38,406,3997
2019-02-19 10:00:00,57,461,3996
2019-02-11 08:00:00,36,375,3991
2019-02-17 12:00:00,69,424,3983
2018-12-12 00:00:00,11,200,3979
2018-09-23 04:00:00,9,232,3977
2018-11-22 21:00:00,30,369,3965
2019-02-28 18:00:00,61,502,3956
2019-01-02 08:00:00,44,431,3951
2019-02-03 18:00:00,21,319,3951
2018-10-20 13:00:00,7,204,3942
2019-03-03 10:00:00,51,481,3933
2018-11-26 19:00:00,22,297,3930
2018-12-26 20:00:00,19,256,3928
2019-02-24 19:00:00,55,429,3908
2018-09-24 20:00:00,3,128,3907
2019-02-22 14:00:00,29,241,3905
2019-02-22 17:00:00,23,268,3887
2019-02-05 23:00:00,15,225,3883
2019-02-10 14:00:00,34,314,3880
2019-01-23 13:00:00,85,579,3873
2019-02-26 15:00:00,49,332,3870
2018-11-07 13:00:00,10,230,3870
2018-11-09 22:00:00,14,319,3867
2019-01-10 13:00:00,32,338,3866
2018-11-22 11:00:00,59,493,3860
2018-10-26 02:00:00,28,461,3844
2018-11-15 19:00:00,30,388,3841
2019-05-09 23:00:00,12,246,3828
2019-02-19 15:00:00,37,356,3815
2019-02-17 17:00:00,33,372,3814
2018-11-10 01:00:00,25,351,3808
2018-10-30 13:00:00,8,236,3796
2019-02-23 14:00:00,40,320,3795
2019-02-16 18:00:00,34,272,3787
2018-09-25 18:00:00,5,178,3785
2019-02-28 12:00:00,51,405,3766
2019-02-15 18:00:00,7,203,3757
2018-10-22 16:00:00,10,243,3754
2019-02-19 12:00:00,63,379,3743
2019-02-26 21:00:00,45,462,3740
2019-01-27 09:00:00,54,448,3737
2019-03-05 17:00:00,18,196,3729
2018-12-15 16:00:00,19,256,3721
2019-01-28 19:00:00,41,372,3720
2019-02-06 22:00:00,18,217,3667
2018-11-05 14:00:00,6,200,3659
2019-02-06 15:00:00,49,382,3654
2018-12-17 12:00:00,38,300,3635
2018-12-25 08:00:00,36,282,3634
2019-01-29 17:00:00,68,538,3630
2019-02-10 13:00:00,42,333,3625
2018-12-03 11:00:00,33,356,3624
2019-01-23 16:00:00,67,579,3614
2019-02-03 14:00:00,80,549,3607
2019-01-28 09:00:00,58,387,3605
2018-11-22 14:00:00,20,287,3592
2018-09-28 02:00:00,12,110,3590
2019-04-21 18:00:00,38,445,3580
2019-01-03 14:00:00,22,261,3577
2018-09-26 13:00:00,6,95,3575
2019-02-02 20:00:00,32,361,3574
2019-03-05 16:00:00,26,263,3571
2019-01-24 10:00:00,64,436,3566
2018-11-23 18:00:00,26,439,3554
2019-02-11 16:00:00,42,339,3543
2018-10-05 17:00:00,7,205,3541
2019-02-25 14:00:00,63,448,3535
2019-02-24 12:00:00,70,455,3533
2019-02-23 16:00:00,32,326,3527
2019-02-14 08:00:00,34,266,3527
2018-11-11 20:00:00,23,274,3499
2019-01-02 17:00:00,8,240,3480
2018-10-20 20:00:00,16,199,3477
2018-10-03 13:00:00,6,109,3467
2018-12-11 21:00:00,14,191,3460
2019-02-06 01:00:00,5,174,3459
2019-02-02 19:00:00,21,308,3455
2019-02-16 00:00:00,17,213,3455
2019-03-05 15:00:00,30,268,3447
2018-11-19 01:00:00,32,389,3444
2019-01-19 18:00:00,34,327,3432
2018-12-04 00:00:00,41,529,3427
2019-02-14 11:00:00,63,420,3420
2018-12-04 18:00:00,43,275,3417
2019-01-08 11:00:00,65,406,3410
2019-02-13 15:00:00,51,384,3399
2019-02-24 18:00:00,24,238,3392
2019-02-06 13:00:00,65,464,3377
2019-03-07 16:00:00,8,184,3374
2019-02-10 09:00:00,71,507,3365
2019-02-14 09:00:00,61,491,3360
2018-12-30 18:00:00,26,214,3339
2018-11-15 21:00:00,18,280,3338
2018-08-30 21:00:00,8,233,3332
2019-01-27 12:00:00,59,483,3318
2018-09-23 20:00:00,4,120,3308
2018-09-22 18:00:00,9,208,3304
2018-09-29 16:00:00,21,201,3303
2019-02-10 21:00:00,18,269,3298
2019-02-03 20:00:00,46,386,3296
2018-11-01 20:00:00,29,240,3290
2019-02-03 22:00:00,21,249,3289
2019-01-29 01:00:00,9,176,3289
2018-12-11 22:00:00,10,176,3286
2018-09-06 19:00:00,6,168,3282
2018-09-11 18:00:00,4,164,3280
2019-02-27 14:00:00,70,457,3275
2019-02-23 17:00:00,40,328,3263
2019-01-26 09:00:00,92,536,3260
2019-01-13 11:00:00,55,338,3260
2019-01-30 08:00:00,23,225,3255
2018-12-04 17:00:00,42,295,3245
2019-02-10 23:00:00,17,235,3245
2018-11-19 17:00:00,31,373,3244
2018-12-01 23:00:00,6,177,3234
2019-01-14 19:00:00,33,407,3233
2019-02-16 19:00:00,21,161,3231
2018-11-15 15:00:00,28,287,3199
2018-12-23 08:00:00,44,320,3196
2019-03-08 14:00:00,13,190,3194
2019-01-27 10:00:00,78,494,3189
2018-09-22 16:00:00,10,211,3185
2019-01-26 11:00:00,47,343,3183
2019-01-27 18:00:00,66,493,3160
2018-12-31 01:00:00,18,255,3160
2019-02-10 22:00:00,15,247,3153
2019-01-21 16:00:00,50,385,3145
2018-11-17 02:00:00,16,279,3141
2019-02-13 11:00:00,48,364,3140
2018-12-10 21:00:00,9,150,3138
2018-11-11 09:00:00,22,240,3134
2019-04-24 21:00:00,13,259,3129
2019-02-18 13:00:00,63,366,3123
2018-10-05 18:00:00,5,160,3116
2018-09-19 18:00:00,7,149,3116
2019-02-25 22:00:00,36,393,3099
2019-01-24 17:00:00,62,399,3093
2018-09-22 13:00:00,5,122,3093
2019-01-06 13:00:00,26,249,3072
2018-10-23 14:00:00,16,198,3070
2019-02-18 14:00:00,49,363,3069
2018-09-28 22:00:00,22,292,3069
2018-11-22 13:00:00,14,240,3065
2019-01-31 00:00:00,15,233,3058
2019-01-25 20:00:00,32,428,3047
2019-02-19 14:00:00,29,237,3047
2018-11-19 13:00:00,55,393,3040
2019-01-02 14:00:00,55,396,3038
2019-02-14 14:00:00,56,376,3034
2019-02-17 15:00:00,33,244,3032
2019-02-27 22:00:00,52,379,3031
2019-01-15 11:00:00,51,360,3029
2018-11-21 01:00:00,21,275,3018
2019-02-11 20:00:00,35,339,3015
2018-11-08 00:00:00,18,279,3010
2019-02-15 17:00:00,16,167,3001
2018-11-22 20:00:00,27,315,2997
2019-02-27 08:00:00,35,315,2996
2018-11-08 22:00:00,7,179,2977
2019-02-19 16:00:00,51,364,2976
2018-09-12 09:00:00,2,110,2970
2018-11-25 13:00:00,44,336,2962
2018-12-02 00:00:00,17,214,2962
2019-01-31 09:00:00,51,414,2957
2018-10-26 01:00:00,41,454,2952
2019-02-26 02:00:00,37,403,2952
2019-02-11 18:00:00,51,418,2941
2018-10-25 20:00:00,28,252,2938
2019-02-10 18:00:00,13,221,2934
2019-02-05 22:00:00,23,286,2933
2019-01-26 15:00:00,81,548,2932
2019-01-13 15:00:00,17,229,2931
2019-01-08 10:00:00,57,455,2926
2018-11-23 01:00:00,21,247,2922
2019-02-23 15:00:00,60,401,2900
2019-02-25 13:00:00,59,391,2895
2018-09-26 22:00:00,8,196,2894
2019-01-07 00:00:00,13,207,2887
2019-02-06 14:00:00,85,497,2886
2018-09-26 23:00:00,7,191,2884
2019-01-29 08:00:00,35,242,2875
2018-10-01 17:00:00,12,128,2872
2019-01-16 09:00:00,44,341,2867
2018-10-11 14:00:00,19,322,2867
2019-02-26 11:00:00,56,361,2865
2019-02-18 22:00:00,26,309,2865
2018-10-02 22:00:00,11,209,2857
2018-11-24 11:00:00,60,368,2854
2019-02-28 20:00:00,33,341,2852
2019-02-25 10:00:00,68,452,2850
2018-10-30 12:00:00,8,205,2843
2019-04-28 21:00:00,11,231,2838
2019-02-20 21:00:00,33,279,2833
2019-02-08 17:00:00,17,228,2830
2018-10-09 20:00:00,6,142,2829
2019-02-10 15:00:00,60,385,2823
2019-02-27 15:00:00,67,398,2819
2019-01-08 14:00:00,37,321,2808
2019-02-04 05:00:00,8,216,2808
2019-01-28 16:00:00,46,368,2802
2019-01-18 06:00:00,11,253,2783
2018-11-13 00:00:00,18,224,2775
2019-02-03 17:00:00,27,335,2772
2019-01-21 23:00:00,30,350,2771
2018-09-22 17:00:00,15,228,2768
2018-10-05 14:00:00,7,139,2766
2018-10-05 16:00:00,9,180,2754
2019-03-05 18:00:00,15,161,2737
2019-02-17 09:00:00,52,304,2718
2018-10-03 02:00:00,6,183,2700
2019-02-27 09:00:00,43,304,2699
2019-01-24 19:00:00,44,323,2698
2019-02-22 12:00:00,26,272,2696
2019-02-11 23:00:00,17,273,2689
2019-02-12 21:00:00,59,525,2686
2019-03-03 13:00:00,44,324,2679
2018-12-19 13:00:00,31,237,2674
2019-02-14 15:00:00,59,375,2668
2018-09-16 19:00:00,4,148,2664
2019-03-03 14:00:00,34,246,2658
2019-01-06 21:00:00,15,190,2657
2019-03-22 11:00:00,18,318,2655
2019-03-05 09:00:00,42,383,2654
2019-01-26 12:00:00,48,304,2646
2018-12-24 08:00:00,38,260,2637
2018-12-27 08:00:00,41,328,2627
2019-01-24 12:00:00,67,471,2623
2019-01-27 16:00:00,46,404,2622
2018-10-02 13:00:00,25,184,2618
2018-11-20 21:00:00,10,188,2614
2019-01-10 10:00:00,37,293,2610
2019-02-21 10:00:00,40,358,2606
2019-01-24 04:00:00,36,424,2601
2018-12-16 14:00:00,32,290,2593
2019-01-25 18:00:00,41,415,2584
2019-01-23 09:00:00,53,413,2572
2018-12-01 22:00:00,10,177,2561
2019-02-01 08:00:00,38,277,2560
2019-01-31 02:00:00,13,243,2559
2019-02-16 14:00:00,88,446,2556
2019-02-25 23:00:00,78,479,2548
2019-02-24 08:00:00,38,327,2544
2019-02-01 10:00:00,85,459,2538
2018-09-08 19:00:00,15,236,2537
2019-02-03 09:00:00,62,412,2527
2019-02-08 11:00:00,7,180,2527
2019-01-27 21:00:00,46,395,2526
2018-09-16 18:00:00,5,151,2526
2018-12-01 09:00:00,7,143,2525
2018-12-22 08:00:00,54,289,2520
2018-12-11 23:00:00,4,144,2520
2018-10-23 16:00:00,14,208,2519
2019-02-26 00:00:00,25,283,2512
2019-01-28 22:00:00,31,214,2512
2019-01-03 15:00:00,26,258,2509
2018-10-01 19:00:00,3,90,2505
2019-01-27 15:00:00,52,358,2501
2019-02-13 20:00:00,30,323,2501
2018-10-25 14:00:00,19,265,2497
2019-01-17 02:00:00,27,326,2495
2019-02-27 16:00:00,70,383,2491
2019-02-11 22:00:00,16,236,2490
2018-12-01 11:00:00,17,217,2484
2019-02-01 09:00:00,69,401,2472
2018-10-07 21:00:00,8,192,2470
2019-02-12 10:00:00,54,346,2469
2018-10-31 21:00:00,11,139,2468
2018-12-18 08:00:00,51,350,2467
2019-03-03 11:00:00,32,245,2462
2018-11-27 10:00:00,5,127,2462
2018-10-05 19:00:00,5,120,2461
2019-02-14 10:00:00,60,376,2455
2019-02-18 18:00:00,51,248,2448
2018-12-31 08:00:00,46,329,2446
2019-02-27 11:00:00,38,245,2439
2019-02-20 08:00:00,17,168,2439
2019-01-05 13:00:00,58,344,2435
2019-01-10 14:00:00,49,352,2431
2018-12-04 19:00:00,16,162,2429
2019-02-02 01:00:00,21,181,2428
2019-02-23 11:00:00,38,319,2393
2019-01-26 19:00:00,40,346,2392
2019-01-11 14:00:00,12,173,2391
2018-12-09 11:00:00,14,188,2382
2018-09-23 02:00:00,4,140,2380
2018-10-19 14:00:00,4,140,2380
2019-01-23 18:00:00,70,463,2369
2018-10-18 18:00:00,4,118,2366
2018-10-13 15:00:00,8,112,2363
2019-01-09 11:00:00,53,351,2356
2018-11-15 16:00:00,29,254,2354
2018-11-02 17:00:00,2,98,2352
2018-09-06 21:00:00,11,217,2349
2018-12-01 19:00:00,13,150,2345
2018-12-16 19:00:00,19,219,2341
2019-02-14 16:00:00,49,303,2339
2018-12-04 13:00:00,50,386,2335
2019-02-18 21:00:00,25,284,2335
2019-01-16 18:00:00,46,391,2334
2019-01-27 20:00:00,68,440,2333
2018-12-27 15:00:00,18,224,2332
2019-02-20 22:00:00,20,176,2324
2019-02-26 09:00:00,37,248,2322
2019-01-01 14:00:00,23,209,2318
2019-02-24 13:00:00,54,345,2315
2018-09-13 12:00:00,6,142,2315
2018-12-17 13:00:00,30,238,2312
2018-09-28 20:00:00,22,269,2311
2018-09-27 11:00:00,14,185,2309
2019-01-23 11:00:00,60,413,2302
2018-09-14 17:00:00,13,251,2301
2018-10-01 20:00:00,5,106,2299
2018-11-07 18:00:00,18,189,2298
2019-01-21 15:00:00,56,299,2289
2018-11-15 13:00:00,24,246,2289
2019-02-03 02:00:00,12,214,2289
2019-01-04 23:00:00,22,270,2286
2018-12-31 21:00:00,17,201,2286
2018-12-22 13:00:00,50,341,2280
2019-01-28 18:00:00,36,295,2271
2019-01-09 17:00:00,43,329,2267
2018-11-01 15:00:00,5,112,2265
2018-10-16 14:00:00,10,151,2258
2019-01-15 20:00:00,17,242,2255
2018-08-26 21:00:00,10,179,2253
2019-01-24 16:00:00,79,491,2252
2019-01-14 10:00:00,46,303,2252
2019-02-20 17:00:00,36,266,2250
2018-10-27 14:00:00,26,163,2246
2019-01-23 10:00:00,62,375,2240
2019-02-18 20:00:00,34,242,2238
2018-11-13 18:00:00,12,230,2234
2019-01-09 15:00:00,34,286,2228
2018-10-26 12:00:00,3,117,2223
2019-02-16 10:00:00,56,351,2221
2019-02-25 15:00:00,40,362,2217
2019-02-03 08:00:00,42,282,2213
2019-02-01 17:00:00,24,236,2213
2018-12-16 17:00:00,35,238,2212
2018-11-18 20:00:00,9,204,2211
2019-02-28 08:00:00,47,350,2201
2019-01-15 03:00:00,26,312,2194
2018-11-16 00:00:00,20,230,2194
2019-01-22 13:00:00,45,347,2193
2019-02-18 11:00:00,36,244,2193
2019-02-27 19:00:00,36,330,2192
2019-02-25 16:00:00,40,256,2184
2019-02-02 16:00:00,39,287,2182
2019-01-25 22:00:00,32,352,2176
2019-01-17 12:00:00,45,288,2176
2018-11-26 18:00:00,12,197,2176
2019-02-23 13:00:00,51,326,2170
2019-01-09 12:00:00,24,189,2170
2018-12-28 01:00:00,12,218,2167
2018-12-18 14:00:00,39,285,2152
2018-12-02 13:00:00,19,205,2149
2018-12-27 14:00:00,36,267,2146
2018-12-30 11:00:00,38,314,2143
2018-12-03 17:00:00,37,344,2138
2019-01-07 09:00:00,22,232,2138
2019-02-19 09:00:00,48,325,2132
2019-01-24 13:00:00,64,379,2130
2018-12-17 09:00:00,32,266,2130
2018-11-25 10:00:00,35,323,2126
2019-01-03 10:00:00,37,289,2122
2019-02-27 10:00:00,40,293,2117
2018-12-04 20:00:00,10,128,2116
2018-09-21 15:00:00,7,164,2107
2018-09-21 16:00:00,6,162,2106
2019-02-24 11:00:00,58,378,2099
2019-01-26 16:00:00,52,377,2097
2019-01-22 09:00:00,46,337,2094
2018-12-13 19:00:00,18,269,2092
2018-12-03 15:00:00,31,325,2091
2019-05-16 18:00:00,9,175,2087
2018-09-10 14:00:00,4,100,2086
2018-09-26 20:00:00,7,164,2074
2019-02-23 08:00:00,23,172,2072
2019-02-18 12:00:00,72,351,2071
2019-01-16 15:00:00,63,420,2067
2019-05-24 15:00:00,17,259,2064
2019-01-08 15:00:00,15,195,2063
2019-01-16 10:00:00,59,341,2057
2018-11-17 01:00:00,20,227,2053
2019-01-19 23:00:00,22,281,2052
2018-12-30 19:00:00,16,179,2046
2018-12-30 22:00:00,20,246,2045
2019-02-20 09:00:00,23,240,2042
2019-02-17 21:00:00,25,254,2038
2019-02-25 08:00:00,45,336,2036
2019-01-03 08:00:00,34,250,2024
2018-11-18 16:00:00,12,204,2020
2018-12-09 15:00:00,21,181,2019
2018-10-26 00:00:00,41,338,2018
2018-09-06 20:00:00,13,188,2018
2019-01-09 16:00:00,32,328,2013
2019-01-28 10:00:00,42,302,2011
2019-02-12 18:00:00,44,322,2008
2018-09-01 22:00:00,7,153,2007
2019-01-02 12:00:00,36,274,2005
2018-11-20 19:00:00,7,161,2005
2018-11-11 16:00:00,3,111,1998
2018-12-29 08:00:00,38,276,1993
2018-11-27 18:00:00,10,165,1993
2018-11-15 12:00:00,32,253,1985
2018-09-13 09:00:00,5,130,1985
2018-12-31 10:00:00,36,286,1976
2019-01-17 10:00:00,49,335,1974
2019-01-07 10:00:00,31,249,1971
2019-02-12 15:00:00,48,262,1968
2019-03-03 16:00:00,23,242,1962
2018-11-10 04:00:00,24,303,1959
2018-10-29 18:00:00,5,142,1957
2019-02-16 08:00:00,25,170,1954
2019-01-22 21:00:00,43,326,1953
2018-12-15 22:00:00,25,211,1953
2019-05-22 18:00:00,20,266,1947
2019-01-14 09:00:00,53,286,1941
2018-12-12 14:00:00,25,191,1936
2019-02-26 17:00:00,45,289,1933
2018-09-18 18:00:00,9,130,1928
2019-01-01 12:00:00,35,245,1926
2019-02-18 19:00:00,37,210,1924
2018-12-20 11:00:00,18,155,1924
2019-02-18 09:00:00,50,287,1923
2019-03-03 21:00:00,36,224,1923
2018-12-27 11:00:00,32,223,1923
2018-12-28 02:00:00,10,180,1922
2019-02-16 17:00:00,27,168,1921
2019-04-21 22:00:00,21,294,1911
2019-01-13 19:00:00,7,144,1910
2018-12-16 16:00:00,22,227,1907
2018-11-27 09:00:00,21,224,1906
2018-11-18 12:00:00,35,219,1906
2019-01-05 09:00:00,30,243,1905
2019-01-16 01:00:00,34,224,1903
2019-02-20 10:00:00,23,172,1903
2018-12-10 13:00:00,27,209,1888
2018-10-04 18:00:00,10,170,1883
2018-12-26 09:00:00,19,178,1880
2019-02-24 09:00:00,51,297,1878
2019-01-23 15:00:00,61,345,1873
2019-03-05 22:00:00,11,167,1873
2019-01-22 10:00:00,64,341,1872
2019-02-21 22:00:00,19,161,1868
2018-09-30 19:00:00,7,163,1862
2019-01-29 16:00:00,61,370,1851
2019-01-15 22:00:00,23,169,1836
2019-03-08 16:00:00,9,118,1826
2018-10-15 22:00:00,15,174,1821
2019-02-03 07:00:00,33,262,1818
2018-11-13 23:00:00,15,222,1810
2019-02-28 13:00:00,46,295,1809
2019-02-16 11:00:00,70,362,1807
2019-02-27 18:00:00,33,214,1806
2019-02-10 19:00:00,30,212,1803
2019-02-02 08:00:00,37,277,1801
2018-09-12 20:00:00,9,183,1800
2018-12-26 12:00:00,64,379,1798
2019-01-24 14:00:00,65,369,1796
2019-03-03 15:00:00,43,255,1795
2019-01-25 23:00:00,48,372,1794
2018-09-26 18:00:00,4,108,1788
2019-02-23 19:00:00,43,318,1787
2019-01-23 08:00:00,42,275,1786
2019-02-19 19:00:00,75,317,1785
2018-10-02 17:00:00,3,105,1785
2019-02-28 14:00:00,35,272,1779
2018-12-26 22:00:00,10,140,1778
2018-11-18 18:00:00,10,185,1772
2018-11-17 21:00:00,17,198,1771
2018-11-11 21:00:00,25,235,1767
2018-11-18 15:00:00,33,243,1763
2019-01-17 14:00:00,43,293,1762
2019-02-26 12:00:00,37,243,1762
2018-10-16 18:00:00,8,134,1761
2018-12-19 19:00:00,13,190,1755
2018-12-06 13:00:00,16,164,1754
2018-10-24 14:00:00,19,165,1747
2018-11-11 11:00:00,26,227,1739
2018-09-25 19:00:00,9,128,1735
2019-01-27 23:00:00,27,272,1733
2019-02-08 12:00:00,23,226,1733
2019-01-17 19:00:00,26,234,1731
2019-01-01 08:00:00,23,212,1728
2018-09-20 17:00:00,9,141,1726
2018-11-02 18:00:00,4,88,1724
2019-02-07 08:00:00,8,112,1722
2018-11-19 12:00:00,48,282,1721
2019-01-13 14:00:00,40,276,1721
2019-03-02 15:00:00,80,379,1720
2018-12-16 15:00:00,28,203,1720
2019-01-20 20:00:00,34,211,1719
2019-02-23 21:00:00,48,326,1717
2019-02-10 08:00:00,55,317,1710
2019-03-04 10:00:00,54,304,1704
2019-01-09 18:00:00,30,294,1701
2019-04-29 23:00:00,13,187,1700
2019-01-20 19:00:00,29,274,1697
2019-02-01 16:00:00,31,227,1692
2018-11-14 18:00:00,17,202,1692
2018-12-05 12:00:00,17,169,1689
2019-02-28 17:00:00,50,265,1686
2019-01-28 17:00:00,36,271,1685
2019-02-21 09:00:00,36,241,1685
2018-12-30 08:00:00,22,202,1685
2018-09-18 17:00:00,3,102,1683
2019-01-21 08:00:00,26,224,1680
2019-01-16 11:00:00,76,386,1674
2018-11-18 13:00:00,17,154,1671
2019-02-11 10:00:00,41,251,1652
2019-02-07 16:00:00,8,124,1652
2019-02-16 12:00:00,76,372,1651
2018-12-03 09:00:00,11,159,1651
2019-01-22 17:00:00,53,340,1650
2018-10-06 19:00:00,15,160,1650
2019-03-06 01:00:00,7,146,1650
2019-01-27 14:00:00,68,343,1647
2018-12-26 14:00:00,16,145,1644
2019-01-16 12:00:00,77,393,1640
2018-12-13 21:00:00,17,229,1639
2018-12-08 10:00:00,23,184,1639
2019-01-20 00:00:00,18,224,1637
2018-09-07 01:00:00,13,197,1630
2018-11-20 13:00:00,25,171,1625
2018-11-11 19:00:00,10,157,1625
2019-01-14 13:00:00,53,265,1619
2018-12-16 08:00:00,24,163,1618
2019-03-03 20:00:00,22,148,1617
2018-11-26 16:00:00,13,130,1617
2019-02-16 20:00:00,18,138,1613
2018-12-18 09:00:00,29,219,1612
2019-02-14 13:00:00,37,253,1607
2018-12-05 14:00:00,16,187,1607
2018-10-29 09:00:00,10,76,1607
2019-03-02 13:00:00,41,281,1603
2018-12-26 08:00:00,39,236,1598
2019-02-28 16:00:00,31,213,1594
2018-12-04 16:00:00,30,187,1591
2018-12-18 13:00:00,52,307,1590
2019-01-01 11:00:00,54,302,1590
2018-10-04 17:00:00,12,162,1589
2018-12-22 23:00:00,8,88,1589
2019-03-04 12:00:00,39,284,1585
2018-11-09 21:00:00,14,174,1583
2019-01-17 04:00:00,15,220,1578
2019-04-17 17:00:00,6,123,1578
2018-12-31 09:00:00,33,215,1577
2018-12-10 11:00:00,17,153,1575
2018-09-11 11:00:00,8,95,1573
2019-02-17 11:00:00,72,343,1570
2019-02-06 19:00:00,41,263,1564
2019-04-12 23:00:00,13,186,1564
2019-01-06 10:00:00,34,214,1558
2018-11-17 14:00:00,38,279,1554
2018-11-25 11:00:00,35,272,1554
2018-12-18 19:00:00,22,174,1554
2018-11-15 14:00:00,31,266,1552
2019-02-06 21:00:00,15,169,1551
2018-09-26 14:00:00,5,67,1551
2019-01-05 14:00:00,44,273,1544
2019-01-15 14:00:00,45,257,1542
2018-10-05 15:00:00,3,92,1541
2019-02-28 02:00:00,9,154,1538
2018-12-14 23:00:00,10,144,1535
2018-12-04 04:00:00,39,355,1530
2018-11-11 10:00:00,17,183,1527
2018-12-19 09:00:00,20,185,1526
2018-10-07 19:00:00,9,146,1525
2018-11-23 10:00:00,20,211,1521
2019-01-19 22:00:00,25,228,1520
2019-02-23 09:00:00,28,224,1520
2019-02-21 13:00:00,34,217,1518
2019-02-19 11:00:00,28,192,1516
2019-01-16 02:00:00,35,247,1513
2018-11-20 16:00:00,24,197,1511
2019-01-24 06:00:00,25,232,1509
2019-01-06 14:00:00,45,240,1507
2019-02-20 20:00:00,25,190,1507
2018-10-27 11:00:00,25,124,1506
2018-10-22 19:00:00,22,184,1505
2018-12-12 12:00:00,19,164,1504
2019-01-18 03:00:00,13,118,1503
2019-02-07 12:00:00,22,211,1502
2018-12-27 22:00:00,7,108,1501
2019-02-21 11:00:00,17,137,1500
2018-10-01 15:00:00,12,112,1497
2019-02-13 09:00:00,72,351,1496
2018-10-18 14:00:00,7,91,1496
2018-09-27 13:00:00,8,132,1495
2018-12-27 10:00:00,24,219,1494
2018-11-22 17:00:00,29,281,1492
2018-11-05 11:00:00,10,128,1491
2019-01-16 19:00:00,31,202,1490
2018-09-18 19:00:00,3,96,1488
2019-02-05 08:00:00,45,272,1487
2018-12-20 13:00:00,23,198,1487
2018-10-06 13:00:00,25,218,1486
2019-02-22 15:00:00,16,148,1486
2019-01-22 11:00:00,48,250,1485
2018-11-10 02:00:00,20,234,1482
2019-03-04 04:00:00,2,78,1482
2019-01-12 19:00:00,12,152,1473
2019-03-29 17:00:00,17,212,1470
2019-02-05 20:00:00,13,167,1469
2018-10-08 20:00:00,6,98,1465
2018-11-17 11:00:00,29,183,1461
2018-11-21 10:00:00,26,152,1460
2019-02-21 21:00:00,22,188,1459
2019-05-25 22:00:00,18,213,1453
2018-11-27 16:00:00,22,188,1452
2018-11-05 21:00:00,5,123,1452
2018-12-23 11:00:00,37,220,1447
2019-01-19 11:00:00,22,180,1446
2019-02-20 16:00:00,36,237,1443
2018-10-11 19:00:00,16,210,1443
2019-02-21 12:00:00,68,290,1436
2019-01-19 17:00:00,18,206,1432
2018-11-21 15:00:00,34,224,1431
2018-11-21 17:00:00,7,142,1431
2018-10-17 14:00:00,14,113,1431
2019-04-01 18:00:00,14,198,1429
2019-01-14 14:00:00,30,214,1427
2019-02-04 21:00:00,14,153,1427
2018-10-06 09:00:00,9,114,1423
2018-12-10 20:00:00,3,93,1422
2018-10-15 17:00:00,9,118,1421
2018-09-09 14:00:00,15,132,1420
2018-12-11 20:00:00,13,129,1420
2019-01-07 20:00:00,5,111,1419
2019-04-19 23:00:00,10,156,1418
2018-11-14 19:00:00,13,157,1417
2019-02-21 14:00:00,22,184,1412
2018-11-27 17:00:00,11,140,1411
2019-01-29 22:00:00,28,272,1410
2019-04-27 22:00:00,10,120,1410
2019-01-16 16:00:00,47,291,1407
2019-02-11 09:00:00,49,274,1407
2019-01-04 20:00:00,20,209,1407
2019-01-15 19:00:00,12,165,1405
2018-09-06 13:00:00,4,108,1404
2018-12-19 20:00:00,14,177,1403
2018-09-20 15:00:00,7,103,1403
2019-01-07 13:00:00,19,166,1401
2018-08-30 14:00:00,10,133,1401
2019-01-13 13:00:00,48,264,1398
2018-11-04 12:00:00,10,115,1397
2019-02-08 14:00:00,29,180,1396
2018-10-04 19:00:00,8,143,1396
2019-01-24 20:00:00,55,334,1393
2018-11-20 17:00:00,8,138,1393
2019-04-01 19:00:00,18,203,1382
2019-02-21 23:00:00,8,134,1382
2018-12-29 14:00:00,32,220,1380
2018-09-01 18:00:00,5,120,1380
2018-09-28 19:00:00,3,57,1380
2019-01-22 14:00:00,31,180,1379
2019-02-01 00:00:00,23,211,1377
2019-02-02 00:00:00,16,119,1377
2018-12-20 14:00:00,51,282,1374
2019-01-27 08:00:00,58,263,1373
2019-03-05 11:00:00,50,260,1371
2019-01-06 19:00:00,24,161,1370
2019-02-21 15:00:00,26,197,1365
2018-10-30 14:00:00,15,162,1360
2019-01-12 11:00:00,36,248,1358
2019-01-20 15:00:00,35,220,1358
2019-01-24 09:00:00,53,296,1357
2019-01-20 17:00:00,30,198,1353
2019-02-19 17:00:00,37,211,1352
2018-10-04 16:00:00,7,115,1351
2019-01-02 13:00:00,38,268,1347
2019-01-07 14:00:00,19,155,1343
2019-02-03 15:00:00,50,279,1342
2018-10-22 21:00:00,10,149,1340
2018-12-26 13:00:00,74,324,1336
2018-12-24 09:00:00,35,241,1335
2018-12-23 10:00:00,41,236,1335
2019-03-03 19:00:00,31,166,1333
2018-12-09 14:00:00,25,152,1332
2018-11-01 06:00:00,2,74,1332
2018-10-13 21:00:00,36,181,1330
2018-11-17 18:00:00,16,187,1327
2019-02-12 22:00:00,40,204,1325
2019-02-27 13:00:00,38,230,1322
2018-10-18 21:00:00,15,131,1322
2019-01-07 19:00:00,6,114,1320
2018-10-13 20:00:00,28,180,1316
2018-12-27 21:00:00,11,107,1315
2018-10-27 21:00:00,18,167,1314
2019-03-06 14:00:00,8,149,1314
2019-01-21 00:00:00,7,113,1312
2019-01-20 18:00:00,27,195,1310
2018-12-01 12:00:00,22,158,1309
2018-11-07 22:00:00,17,196,1304
2018-09-23 07:00:00,5,105,1300
2018-11-06 16:00:00,4,104,1300
2019-02-16 13:00:00,60,261,1299
2019-01-01 03:00:00,3,75,1297
2019-01-10 02:00:00,16,206,1294
2018-12-01 14:00:00,13,144,1293
2018-09-07 22:00:00,8,140,1293
2018-10-11 13:00:00,15,174,1288
2019-02-17 10:00:00,58,263,1287
2019-01-22 08:00:00,31,202,1285
2019-04-11 20:00:00,12,170,1285
2019-01-10 19:00:00,7,130,1285
2018-12-19 15:00:00,30,224,1283
2018-11-25 18:00:00,12,173,1281
2019-01-12 12:00:00,66,293,1280
2018-12-22 11:00:00,29,176,1278
2019-01-14 11:00:00,48,282,1276
2018-12-03 01:00:00,12,129,1273
2019-01-23 14:00:00,57,330,1271
2018-11-26 14:00:00,27,172,1269
2018-11-07 21:00:00,13,167,1268
2018-12-24 13:00:00,50,277,1267
2018-08-28 21:00:00,7,124,1266
2018-09-23 15:00:00,10,119,1264
2018-10-06 16:00:00,13,143,1263
2018-11-18 19:00:00,13,163,1262
2018-12-20 08:00:00,28,153,1262
2018-11-12 18:00:00,6,126,1260
2019-05-16 04:00:00,6,126,1260
2019-01-19 08:00:00,54,239,1257
2018-10-09 13:00:00,11,87,1255
2018-12-15 23:00:00,5,105,1254
2018-10-20 11:00:00,9,123,1251
2018-12-11 12:00:00,13,115,1249
2018-08-27 17:00:00,4,90,1248
2019-03-08 12:00:00,6,100,1247
2018-09-29 19:00:00,18,209,1244
2019-02-17 20:00:00,26,212,1241
2018-12-22 19:00:00,14,126,1241
2018-12-04 11:00:00,42,239,1239
2018-11-14 13:00:00,9,119,1239
2019-01-12 14:00:00,33,208,1237
2019-05-22 00:00:00,12,156,1237
2018-09-11 19:00:00,5,109,1236
2018-09-20 18:00:00,4,97,1236
2018-12-24 15:00:00,30,199,1232
2018-11-22 15:00:00,31,177,1232
2018-12-02 10:00:00,10,139,1231
2018-12-30 14:00:00,37,234,1230
2018-10-02 20:00:00,7,99,1230
2019-02-17 08:00:00,39,216,1228
2018-10-20 12:00:00,21,198,1227
2019-01-13 20:00:00,9,126,1223
2019-02-16 09:00:00,43,237,1221
2018-11-22 23:00:00,20,211,1221
2019-01-16 21:00:00,21,207,1219
2019-01-16 20:00:00,47,212,1218
2018-11-21 12:00:00,5,106,1215
2019-01-21 13:00:00,47,270,1212
2018-12-06 15:00:00,14,126,1210
2018-11-21 08:00:00,17,168,1209
2018-10-29 12:00:00,15,131,1209
2018-08-27 22:00:00,6,123,1209
2018-09-23 14:00:00,7,84,1204
2019-03-06 02:00:00,7,126,1203
2018-12-21 21:00:00,5,103,1203
2018-12-22 14:00:00,43,232,1202
2018-09-12 11:00:00,4,77,1201
2018-09-11 17:00:00,4,100,1200
2018-11-25 09:00:00,17,194,1199
2018-09-20 22:00:00,27,165,1198
2018-09-30 16:00:00,7,80,1195
2018-10-08 18:00:00,7,120,1194
2018-09-26 09:00:00,13,139,1192
2018-09-04 17:00:00,4,74,1192
2018-12-30 20:00:00,15,181,1191
2018-09-24 18:00:00,2,70,1190
2018-10-16 06:00:00,2,70,1190
2019-01-05 10:00:00,53,278,1187
2019-02-22 20:00:00,12,148,1186
2019-05-25 21:00:00,16,194,1184
2018-11-05 16:00:00,11,123,1183
2019-01-20 08:00:00,48,279,1181
2018-10-13 18:00:00,24,129,1181
2019-02-26 08:00:00,30,195,1180
2019-03-01 20:00:00,14,178,1180
2018-12-24 20:00:00,7,122,1180
2018-11-27 11:00:00,11,101,1179
2018-10-08 19:00:00,5,111,1178
2019-01-10 20:00:00,7,123,1177
2018-11-28 11:00:00,16,117,1176
2019-05-18 19:00:00,8,141,1173
2019-01-09 22:00:00,24,208,1171
2018-08-13 19:00:00,14,184,1171
2019-01-26 18:00:00,51,272,1169
2019-03-03 12:00:00,51,266,1169
2019-05-22 19:00:00,22,213,1158
2018-11-21 21:00:00,15,158,1158
2018-12-27 07:00:00,4,77,1155
2019-01-22 18:00:00,43,257,1153
2018-10-25 23:00:00,29,254,1151
2018-10-24 02:00:00,9,136,1150
2018-12-04 03:00:00,39,306,1142
2018-08-30 22:00:00,15,158,1141
2019-01-09 13:00:00,28,188,1140
2018-11-14 01:00:00,25,221,1139
2018-12-10 08:00:00,16,118,1139
2018-12-27 09:00:00,12,108,1139
2018-10-30 09:00:00,10,103,1137
2018-12-31 20:00:00,15,149,1134
2018-11-14 20:00:00,14,143,1134
2018-10-27 22:00:00,14,151,1128
2018-12-05 21:00:00,4,75,1125
2019-03-05 13:00:00,26,174,1123
2018-09-09 17:00:00,3,70,1123
2018-11-25 16:00:00,18,165,1122
2018-09-17 18:00:00,2,68,1122
2018-11-01 11:00:00,2,68,1122
2018-12-12 22:00:00,2,68,1122
2019-03-02 14:00:00,45,258,1119
2018-12-03 12:00:00,58,334,1118
2018-12-18 12:00:00,30,177,1117
2018-12-26 11:00:00,30,190,1116
2018-12-29 12:00:00,26,138,1116
2018-09-14 15:00:00,13,176,1115
2019-01-24 02:00:00,34,272,1113
2019-02-05 07:00:00,9,108,1113
2018-10-04 21:00:00,5,84,1113
2019-02-24 10:00:00,66,298,1112
2019-01-30 00:00:00,29,249,1111
2019-01-21 14:00:00,54,307,1108
2018-10-20 03:00:00,6,101,1108
2018-11-06 12:00:00,10,125,1106
2018-11-15 18:00:00,11,147,1104
2019-01-25 21:00:00,35,251,1098
2019-01-22 02:00:00,14,150,1098
2019-03-02 19:00:00,22,144,1096
2018-12-12 20:00:00,10,93,1092
2018-12-31 14:00:00,18,152,1091
2018-12-29 13:00:00,42,243,1085
2019-02-08 18:00:00,21,149,1085
2018-12-18 15:00:00,32,179,1084
2018-12-02 22:00:00,4,95,1084
2019-02-13 23:00:00,15,187,1083
2018-10-06 14:00:00,25,145,1083
2018-12-16 01:00:00,4,95,1081
2018-09-14 13:00:00,22,181,1079
2018-11-03 12:00:00,26,226,1077
2018-11-07 23:00:00,17,179,1077
2018-12-22 10:00:00,48,240,1073
2019-01-28 01:00:00,16,193,1070
2019-02-17 13:00:00,66,283,1068
2019-01-03 19:00:00,6,105,1068
2019-01-05 19:00:00,5,103,1067
2018-11-07 11:00:00,8,92,1064
2019-01-22 19:00:00,18,136,1061
2019-01-21 19:00:00,39,201,1060
2019-02-02 05:00:00,7,101,1060
2019-01-11 20:00:00,6,98,1060
2018-12-12 21:00:00,4,71,1060
2019-03-05 08:00:00,27,179,1058
2018-12-08 12:00:00,8,100,1058
2018-12-14 05:00:00,15,181,1057
2018-11-15 11:00:00,20,171,1057
2019-03-06 00:00:00,13,129,1057
2018-11-14 21:00:00,9,129,1056
2018-10-07 16:00:00,6,112,1056
2018-09-11 09:00:00,2,66,1056
2018-11-27 05:00:00,2,66,1056
2019-05-03 22:00:00,8,112,1055
2019-02-15 15:00:00,5,90,1049
2019-01-21 12:00:00,51,251,1048
2019-02-25 01:00:00,23,154,1045
2018-11-16 23:00:00,17,154,1044
2019-01-25 12:00:00,45,242,1042
2019-01-17 13:00:00,60,283,1040
2019-03-04 00:00:00,15,122,1040
2018-10-16 15:00:00,8,102,1039
2018-12-04 12:00:00,53,329,1038
2018-11-20 22:00:00,11,148,1037
2019-04-13 00:00:00,13,144,1037
2018-12-02 01:00:00,11,124,1037
2018-12-16 09:00:00,51,226,1036
2019-01-09 21:00:00,24,196,1036
2019-01-17 20:00:00,6,106,1034
2018-11-23 11:00:00,37,215,1033
2019-01-01 13:00:00,32,204,1033
2018-12-01 13:00:00,18,134,1031
2019-01-11 15:00:00,19,156,1028
2019-01-20 09:00:00,52,262,1023
2018-12-14 21:00:00,25,197,1023
2018-10-01 12:00:00,4,70,1022
2018-11-18 17:00:00,9,138,1021
2018-10-14 16:00:00,3,72,1020
2019-03-04 09:00:00,35,223,1018
2019-04-30 00:00:00,10,139,1017
2018-09-08 18:00:00,18,162,1015
2018-10-18 20:00:00,7,98,1015
2018-09-09 08:00:00,13,169,1014
2018-11-06 21:00:00,6,96,1014
2019-02-27 17:00:00,19,136,1013
2018-08-26 17:00:00,4,92,1012
2018-09-13 11:00:00,4,92,1012
2019-02-26 05:00:00,4,92,1012
2018-11-26 10:00:00,13,123,1007
2019-01-06 09:00:00,32,206,1004
2018-10-24 15:00:00,14,131,1002
2018-11-08 23:00:00,12,118,1002
2018-11-01 17:00:00,15,103,1002
2018-09-29 08:00:00,11,154,1001
2018-12-11 10:00:00,12,116,1000
2019-02-11 21:00:00,26,198,999
2019-03-04 15:00:00,19,138,997
2018-12-19 12:00:00,40,228,995
2019-04-12 18:00:00,10,127,995
2018-10-09 17:00:00,5,70,995
2019-01-03 11:00:00,25,141,993
2019-03-04 01:00:00,3,66,993
2018-09-23 01:00:00,15,180,990
2019-03-08 15:00:00,8,93,990
2018-09-25 21:00:00,5,86,988
2019-01-12 20:00:00,7,114,987
2018-09-06 00:00:00,24,214,985
2018-12-20 15:00:00,36,199,985
2018-11-06 09:00:00,17,147,985
2018-12-24 11:00:00,51,207,984
2018-11-16 22:00:00,18,154,983
2018-12-30 10:00:00,31,174,981
2018-12-04 15:00:00,23,140,980
2018-10-11 23:00:00,21,132,980
2019-01-08 19:00:00,5,99,979
2018-12-10 17:00:00,4,80,979
2018-10-23 18:00:00,20,194,978
2019-05-12 03:00:00,9,130,977
2019-02-14 23:00:00,5,82,977
2018-11-25 19:00:00,7,114,975
2019-01-20 23:00:00,18,151,974
2019-02-09 00:00:00,10,126,970
2018-09-04 02:00:00,9,129,966
2018-12-17 15:00:00,43,201,965
2019-04-24 20:00:00,12,151,964
2019-02-07 09:00:00,17,112,962
2018-12-23 12:00:00,27,143,960
2019-01-22 03:00:00,8,128,960
2018-10-30 22:00:00,13,131,958
2018-09-24 15:00:00,20,166,957
2018-11-15 03:00:00,9,124,956
2018-10-29 22:00:00,6,104,956
2018-12-10 15:00:00,23,157,954
2019-02-06 17:00:00,12,120,952
2018-09-07 16:00:00,7,119,952
2019-01-08 20:00:00,5,96,952
2018-11-19 03:00:00,25,214,951
2019-02-10 07:00:00,18,124,950
2018-10-06 23:00:00,4,75,949
2019-02-03 16:00:00,38,227,948
2018-11-16 21:00:00,19,173,948
2018-11-07 15:00:00,16,140,948
2019-01-26 14:00:00,56,271,947
2019-02-04 08:00:00,60,286,946
2018-11-13 06:00:00,1,44,946
2019-01-09 23:00:00,18,181,940
2019-01-31 05:00:00,14,153,939
2019-04-01 11:00:00,8,119,939
2019-01-30 13:00:00,30,161,936
2019-02-17 22:00:00,12,145,935
2019-02-24 07:00:00,15,162,933
2019-04-17 20:00:00,11,101,933
2018-09-24 22:00:00,3,65,933
2018-10-20 17:00:00,8,99,932
2018-12-09 18:00:00,3,64,931
2018-11-02 19:00:00,2,62,930
2018-11-06 22:00:00,7,94,927
2018-10-02 18:00:00,4,78,926
2018-12-05 10:00:00,3,76,925
2018-09-22 01:00:00,14,168,924
2018-07-24 15:00:00,4,88,924
2018-11-25 15:00:00,20,160,922
2018-11-12 20:00:00,8,112,920
2018-11-20 15:00:00,10,90,920
2019-01-15 00:00:00,28,209,919
2018-08-14 18:00:00,6,108,918
2019-01-15 10:00:00,49,221,916
2019-03-04 11:00:00,25,167,914
2019-02-27 04:00:00,30,240,912
2019-04-06 20:00:00,5,98,912
2019-05-18 06:00:00,10,140,910
2019-03-26 20:00:00,16,163,909
2018-12-11 08:00:00,22,134,908
2018-10-04 12:00:00,5,81,907
2018-10-06 12:00:00,8,107,905
2018-12-02 08:00:00,14,126,903
2018-09-04 20:00:00,3,75,903
2018-11-24 09:00:00,4,77,901
2019-02-26 22:00:00,25,186,900
2018-11-16 01:00:00,19,180,900
2018-10-20 14:00:00,15,127,900
2018-07-29 19:00:00,3,75,900
2018-12-25 15:00:00,38,190,897
2019-01-19 20:00:00,19,173,897
2019-03-31 12:00:00,12,139,896
2018-11-17 00:00:00,15,124,896
2018-12-14 04:00:00,16,169,894
2018-12-01 21:00:00,6,99,894
2019-03-01 03:00:00,17,165,893
2018-10-29 21:00:00,6,96,893
2019-01-16 22:00:00,28,215,891
2018-09-02 01:00:00,12,128,891
2018-08-29 18:00:00,14,121,891
2018-12-16 11:00:00,12,102,890
2018-11-21 22:00:00,15,113,889
2018-12-23 15:00:00,40,206,887
2018-12-26 10:00:00,24,137,887
2019-01-19 09:00:00,35,184,886
2019-02-26 16:00:00,25,153,886
2019-01-05 20:00:00,5,94,885
2018-10-29 19:00:00,5,71,885
2018-09-03 21:00:00,7,96,883
2018-12-25 13:00:00,32,171,882
2018-12-26 21:00:00,15,111,882
2018-11-21 16:00:00,10,78,882
2018-12-02 19:00:00,4,68,882
2018-12-02 11:00:00,16,123,881
2019-02-21 16:00:00,33,198,880
2018-12-05 15:00:00,19,134,880
2019-03-03 08:00:00,30,161,877
2018-12-08 14:00:00,13,98,877
2018-11-19 16:00:00,23,172,876
2018-12-12 23:00:00,8,72,876
2018-10-13 19:00:00,19,142,875
2019-02-06 10:00:00,58,272,874
2019-01-10 01:00:00,24,209,874
2018-12-23 14:00:00,46,233,872
2019-02-21 18:00:00,27,168,872
2018-12-12 13:00:00,22,132,871
2019-01-12 10:00:00,22,129,870
2018-10-20 07:00:00,2,60,870
2018-10-15 23:00:00,18,136,869
2018-12-22 12:00:00,39,181,867
2019-01-20 13:00:00,20,139,866
2018-11-14 14:00:00,8,79,865
2019-04-11 21:00:00,13,152,862
2018-11-08 10:00:00,5,91,862
2018-09-13 13:00:00,5,87,862
2018-10-29 05:00:00,1,42,861
2019-04-26 23:00:00,10,125,860
2018-11-25 23:00:00,11,143,858
2018-10-20 18:00:00,9,124,855
2018-09-26 21:00:00,9,91,851
2019-02-20 14:00:00,21,135,850
2019-02-20 13:00:00,13,102,850
2018-10-05 20:00:00,8,93,850
2018-09-10 15:00:00,6,75,849
2018-12-10 09:00:00,15,100,848
2018-12-18 11:00:00,37,183,847
2019-03-08 10:00:00,8,86,847
2019-01-27 19:00:00,32,222,846
2018-12-25 14:00:00,31,155,845
2019-04-01 12:00:00,14,134,845
2018-10-14 15:00:00,12,92,844
2018-12-29 10:00:00,33,201,843
2018-12-15 04:00:00,4,70,842
2019-02-04 07:00:00,19,152,841
2019-02-12 16:00:00,25,143,841
2018-09-16 15:00:00,5,80,841
2018-08-20 11:00:00,8,120,840
2018-09-08 12:00:00,4,84,840
2018-10-19 22:00:00,4,84,840
2019-01-24 11:00:00,71,292,839
2019-02-05 18:00:00,19,144,838
2019-02-22 16:00:00,14,103,838
2018-11-19 20:00:00,15,142,835
2018-12-02 12:00:00,16,135,835
2019-04-12 22:00:00,10,128,835
2019-01-15 12:00:00,49,208,834
2019-02-04 17:00:00,24,166,834
2018-12-05 22:00:00,9,60,834
2019-03-12 22:00:00,6,78,831
2018-12-30 13:00:00,42,210,830
2019-04-11 11:00:00,12,121,830
2018-11-04 04:00:00,16,147,828
2018-12-05 17:00:00,3,72,828
2019-02-08 01:00:00,3,72,828
2019-02-05 01:00:00,15,142,827
2019-01-06 20:00:00,25,137,827
2019-01-13 12:00:00,35,184,826
2018-09-03 20:00:00,5,92,826
2019-02-19 20:00:00,33,184,824
2018-11-03 14:00:00,9,99,822
2018-12-25 11:00:00,50,223,821
2018-11-27 19:00:00,6,95,820
2019-03-15 16:00:00,4,83,820
2018-11-12 21:00:00,9,114,818
2019-04-28 20:00:00,11,125,817
2018-11-01 12:00:00,26,190,816
2018-08-16 10:00:00,6,102,816
2018-11-25 21:00:00,19,143,814
2018-08-29 20:00:00,2,58,812
2018-10-02 10:00:00,2,58,812
2018-12-12 10:00:00,24,135,811
2018-12-14 22:00:00,7,107,810
2018-12-31 11:00:00,19,146,809
2018-11-27 14:00:00,17,110,808
2018-12-24 14:00:00,21,127,806
2018-12-01 10:00:00,11,108,805
2019-01-03 20:00:00,5,90,805
2018-10-22 01:00:00,6,87,805
2018-12-23 19:00:00,4,82,805
2019-01-19 10:00:00,33,151,800
2019-02-28 15:00:00,43,225,798
2018-09-24 11:00:00,12,144,798
2018-12-10 18:00:00,11,87,798
2018-12-30 15:00:00,39,198,797
2018-12-13 18:00:00,22,165,797
2018-10-26 04:00:00,24,196,796
2018-12-03 23:00:00,39,259,795
2018-12-30 17:00:00,16,94,795
2019-01-16 03:00:00,19,151,794
2018-12-24 19:00:00,13,106,793
2019-01-16 17:00:00,36,204,789
2019-02-23 10:00:00,44,196,789
2019-04-21 20:00:00,25,183,789
2018-10-11 11:00:00,15,132,789
2019-01-06 11:00:00,38,193,788
2018-10-20 19:00:00,16,126,786
2019-02-25 00:00:00,34,191,785
2019-04-21 17:00:00,22,193,783
2018-11-08 18:00:00,11,107,783
2019-02-22 18:00:00,7,89,782
2018-09-30 12:00:00,12,82,782
2018-10-08 13:00:00,9,91,781
2018-09-28 01:00:00,1,40,780
2018-12-30 12:00:00,58,230,779
2018-12-19 18:00:00,9,115,778
2018-12-23 16:00:00,7,91,777
2019-01-22 20:00:00,35,204,775
2018-11-16 18:00:00,28,173,775
2018-10-09 22:00:00,5,74,775
2018-11-25 14:00:00,17,135,774
2018-09-04 01:00:00,9,107,770
2019-02-06 23:00:00,9,95,769
2019-03-04 21:00:00,7,79,767
2019-05-24 14:00:00,15,159,765
2018-08-18 20:00:00,5,90,765
2019-01-15 21:00:00,9,89,765
2019-02-17 16:00:00,9,81,765
2019-05-18 05:00:00,12,134,763
2019-02-22 19:00:00,5,64,763
2019-01-11 22:00:00,4,80,762
2019-02-02 06:00:00,5,73,761
2018-12-25 10:00:00,36,195,760
2018-08-15 19:00:00,4,80,760
2018-09-25 20:00:00,4,71,760
2018-11-19 19:00:00,12,127,759
2018-09-22 12:00:00,10,84,759
2019-01-14 12:00:00,41,182,756
2018-10-05 09:00:00,2,56,756
2018-09-17 11:00:00,4,50,756
2018-11-01 18:00:00,13,109,755
2018-11-23 15:00:00,22,173,754
2019-02-10 16:00:00,38,211,753
2018-11-14 15:00:00,12,94,747
2018-12-22 21:00:00,9,89,747
2019-01-10 12:00:00,40,192,746
2018-09-09 11:00:00,17,167,746
2018-10-30 01:00:00,7,98,745
2018-10-03 14:00:00,9,93,745
2018-11-17 12:00:00,44,175,740
2018-11-11 01:00:00,13,145,737
2018-11-09 01:00:00,19,148,736
2019-02-01 19:00:00,11,120,733
2018-12-02 02:00:00,6,90,732
2018-11-16 17:00:00,16,141,731
2018-12-13 08:00:00,26,156,730
2018-11-17 08:00:00,24,134,729
2019-05-17 22:00:00,9,114,729
2019-05-21 23:00:00,9,114,729
2018-11-01 23:00:00,13,96,729
2018-10-27 10:00:00,2,55,729
2019-01-04 18:00:00,22,165,728
2019-02-11 03:00:00,15,133,727
2019-01-22 23:00:00,23,164,726
2019-03-03 17:00:00,20,112,726
2019-02-07 10:00:00,8,90,726
2018-11-27 12:00:00,39,195,724
2018-12-04 14:00:00,58,283,723
2018-11-26 15:00:00,8,97,723
2019-01-22 22:00:00,29,183,722
2019-02-12 17:00:00,18,126,721
2018-09-03 11:00:00,4,50,721
2019-01-26 00:00:00,39,234,719
2019-02-21 19:00:00,22,145,719
2019-01-24 05:00:00,25,200,717
2018-12-14 03:00:00,18,156,717
2019-02-05 21:00:00,10,112,717
2019-01-01 00:00:00,14,79,716
2018-11-08 13:00:00,3,67,716
2018-09-04 15:00:00,12,90,715
2019-01-21 20:00:00,46,206,712
2018-10-30 23:00:00,14,132,710
2018-11-15 04:00:00,10,109,710
2019-02-24 23:00:00,29,182,709
2018-10-08 22:00:00,6,92,709
2018-11-20 14:00:00,40,199,708
2018-09-07 18:00:00,8,105,708
2018-11-15 02:00:00,8,105,708
2018-10-09 21:00:00,4,74,708
2018-12-23 09:00:00,25,138,707
2018-09-30 18:00:00,7,103,707
2018-08-28 22:00:00,3,57,705
2018-12-13 09:00:00,16,105,704
2018-12-20 10:00:00,58,239,703
2018-11-10 15:00:00,31,192,703
2018-09-13 19:00:00,1,38,703
2018-10-09 12:00:00,1,38,703
2019-02-17 23:00:00,12,102,702
2018-11-02 20:00:00,2,54,702
2019-04-12 14:00:00,2,54,702
2019-01-02 09:00:00,38,190,701
2018-11-15 10:00:00,29,146,697
2018-11-14 11:00:00,15,93,697
2019-01-13 10:00:00,26,139,695
2018-12-30 21:00:00,4,76,695
2018-12-16 18:00:00,20,111,694
2018-10-26 10:00:00,3,66,693
2019-01-30 14:00:00,113,378,692
2018-11-16 19:00:00,9,116,692
2018-12-15 00:00:00,7,93,692
2018-09-16 11:00:00,8,65,692
2019-01-26 04:00:00,35,226,691
2018-12-31 13:00:00,46,218,691
2019-03-23 20:00:00,18,144,691
2018-09-27 21:00:00,8,94,689
2018-12-29 19:00:00,14,137,688
2019-01-10 11:00:00,66,250,687
2018-10-27 12:00:00,5,78,687
2018-10-27 23:00:00,9,106,685
2018-08-30 16:00:00,7,101,685
2019-04-29 22:00:00,12,117,684
2018-09-03 19:00:00,4,76,684
2019-01-11 21:00:00,4,76,684
2018-12-22 18:00:00,3,53,684
2019-02-24 03:00:00,17,147,683
2019-02-16 05:00:00,6,88,683
2018-12-05 02:00:00,24,169,680
2019-01-01 15:00:00,29,159,680
2019-05-11 20:00:00,5,85,680
2018-12-01 08:00:00,6,73,680
2019-01-21 18:00:00,52,238,677
2019-01-22 01:00:00,50,193,676
2018-08-24 19:00:00,6,93,675
2019-01-28 00:00:00,25,175,674
2019-02-13 10:00:00,39,190,673
2019-05-20 03:00:00,3,65,672
2018-12-16 10:00:00,20,119,671
2019-02-03 01:00:00,12,121,670
2018-10-12 04:00:00,26,188,668
2019-02-25 04:00:00,16,144,668
2018-10-21 11:00:00,14,93,668
2018-09-17 16:00:00,3,41,668
2018-11-22 18:00:00,22,152,667
2018-09-28 13:00:00,10,116,667
2019-02-05 17:00:00,11,97,667
2018-10-31 12:00:00,3,62,666
2018-10-01 07:00:00,1,37,666
2019-01-22 15:00:00,29,141,665
2018-09-07 17:00:00,7,100,665
2018-12-03 00:00:00,4,74,664
2019-03-04 08:00:00,22,147,662
2018-09-25 01:00:00,10,120,660
2019-01-17 23:00:00,16,96,660
2018-10-20 08:00:00,12,72,660
2019-05-22 20:00:00,19,150,658
2018-12-24 12:00:00,51,227,657
2018-10-31 11:00:00,23,119,656
2019-01-01 10:00:00,30,150,654
2018-11-01 19:00:00,24,131,654
2018-09-08 15:00:00,6,71,654
2019-05-20 04:00:00,4,67,654
2018-11-16 15:00:00,38,160,653
2018-11-22 01:00:00,26,174,652
2018-09-04 00:00:00,12,110,652
2018-10-09 19:00:00,9,97,652
2019-01-23 22:00:00,45,241,651
2018-09-09 19:00:00,3,54,651
2018-08-25 15:00:00,2,52,650
2018-12-19 17:00:00,9,100,644
2019-03-23 18:00:00,21,160,643
2019-05-08 18:00:00,7,86,643
2019-01-02 11:00:00,28,139,641
2019-01-14 21:00:00,34,177,640
2018-12-12 08:00:00,16,90,639
2019-02-11 01:00:00,23,151,637
2019-01-07 04:00:00,7,98,637
2019-05-12 04:00:00,7,98,637
2019-01-22 05:00:00,13,117,636
2019-01-22 12:00:00,55,213,635
2018-12-30 09:00:00,32,156,635
2018-10-08 14:00:00,6,70,635
2019-02-17 14:00:00,31,154,634
2019-02-20 23:00:00,14,110,634
2018-09-04 19:00:00,3,52,633
2018-12-19 08:00:00,34,155,632
2018-11-20 11:00:00,39,144,631
2019-01-06 15:00:00,19,126,630
2018-12-11 17:00:00,9,93,630
2018-08-25 01:00:00,6,90,630
2018-12-23 13:00:00,42,192,629
2018-12-25 12:00:00,25,137,627
2018-12-04 09:00:00,38,188,625
2019-01-15 15:00:00,41,180,625
2019-05-18 20:00:00,8,104,624
2018-12-31 12:00:00,28,155,620
2018-10-21 13:00:00,11,82,618
2018-12-14 20:00:00,24,172,617
2018-10-15 20:00:00,8,98,616
2018-11-13 17:00:00,17,96,616
2018-12-23 20:00:00,5,67,614
2019-02-02 02:00:00,7,60,614
2018-10-24 01:00:00,9,100,613
2018-11-07 02:00:00,5,74,613
2019-01-17 07:00:00,18,150,612
2018-11-28 14:00:00,13,96,612
2018-08-15 10:00:00,4,72,612
2018-09-20 21:00:00,4,72,612
2018-12-12 01:00:00,4,72,612
2019-01-05 01:00:00,19,144,608
2019-01-31 01:00:00,11,109,607
2018-12-22 22:00:00,17,86,607
2019-02-27 01:00:00,41,198,606
2019-01-14 22:00:00,31,180,606
2019-03-03 18:00:00,17,100,606
2018-12-19 16:00:00,18,113,605
2019-03-23 22:00:00,19,146,604
2018-11-26 20:00:00,15,122,601
2018-09-27 19:00:00,16,121,601
2018-12-15 10:00:00,36,159,600
2019-01-28 07:00:00,21,143,600
2018-11-27 22:00:00,5,80,600
2019-05-02 01:00:00,5,80,600
2018-12-10 23:00:00,4,63,600
2018-09-10 19:00:00,2,50,600
2018-09-12 12:00:00,2,50,600
2018-09-23 23:00:00,2,50,600
2018-10-14 01:00:00,2,50,600
2018-09-09 20:00:00,11,71,595
2018-09-10 09:00:00,1,35,595
2018-08-19 14:00:00,9,108,594
2018-10-24 08:00:00,11,111,592
2019-02-08 16:00:00,7,89,590
2018-11-13 10:00:00,14,74,590
2018-12-27 16:00:00,8,75,589
2019-01-17 11:00:00,33,161,584
2018-10-31 13:00:00,37,151,582
2018-08-27 02:00:00,21,142,582
2018-12-22 09:00:00,47,198,577
2018-11-05 17:00:00,5,77,576
2019-01-30 10:00:00,32,142,575
2018-11-23 02:00:00,19,117,573
2018-08-27 19:00:00,6,66,573
2018-10-06 11:00:00,4,63,573
2019-01-26 20:00:00,24,141,572
2018-10-08 03:00:00,11,104,572
2019-02-16 06:00:00,5,78,570
2018-08-17 17:00:00,3,60,570
2018-10-29 13:00:00,6,46,570
2019-01-05 11:00:00,15,111,569
2018-12-22 15:00:00,30,134,564
2018-12-17 14:00:00,16,106,564
2018-12-15 03:00:00,4,56,564
2019-03-14 19:00:00,15,137,563
2018-11-28 08:00:00,5,61,563
2018-10-17 20:00:00,2,36,562
2018-11-13 16:00:00,23,118,560
2018-11-23 08:00:00,10,100,560
2019-05-16 17:00:00,8,94,560
2019-02-16 01:00:00,7,82,559
2019-04-30 14:00:00,5,74,559
2019-01-10 15:00:00,22,123,558
2019-05-13 23:00:00,10,91,557
2018-12-09 19:00:00,5,55,557
2019-02-16 21:00:00,11,76,556
2018-09-30 13:00:00,24,135,555
2018-12-17 16:00:00,21,113,555
2018-11-15 23:00:00,10,110,554
2018-10-30 20:00:00,8,95,552
2018-11-09 04:00:00,10,94,552
2018-12-02 07:00:00,4,64,552
2018-09-11 12:00:00,2,48,552
2019-02-06 05:00:00,2,48,552
2019-02-16 15:00:00,44,180,550
2018-10-27 19:00:00,9,98,549
2019-02-12 00:00:00,51,205,547
2018-11-23 00:00:00,20,122,546
2018-08-29 17:00:00,4,68,544
2018-11-01 14:00:00,11,65,544
2018-11-17 10:00:00,23,138,542
2018-08-27 01:00:00,17,133,542
2019-04-12 17:00:00,8,85,542
2018-12-01 20:00:00,6,77,541
2019-02-01 18:00:00,13,100,539
2019-02-12 07:00:00,9,82,539
2019-01-05 17:00:00,16,108,538
2019-01-17 15:00:00,25,141,535
2018-11-09 23:00:00,15,129,535
2018-10-17 13:00:00,17,102,535
2018-11-27 15:00:00,11,88,535
2018-12-17 08:00:00,38,171,533
2019-01-22 16:00:00,33,155,533
2019-01-03 09:00:00,42,177,530
2019-01-30 12:00:00,38,150,528
2019-02-04 06:00:00,8,96,528
2019-05-18 18:00:00,8,96,528
2018-11-21 18:00:00,7,82,528
2018-10-22 18:00:00,10,96,527
2018-11-07 20:00:00,7,79,527
2018-08-30 11:00:00,12,91,526
2019-05-08 14:00:00,6,77,526
2018-10-13 14:00:00,13,70,526
2019-05-07 00:00:00,5,75,525
2019-01-29 07:00:00,5,57,525
2018-11-22 12:00:00,19,128,524
2018-10-07 18:00:00,6,78,522
2019-01-21 10:00:00,32,152,521
2019-01-16 23:00:00,38,185,520
2019-01-06 12:00:00,29,142,516
2019-03-24 15:00:00,12,114,516
2019-05-19 17:00:00,4,66,516
2019-02-07 11:00:00,5,55,516
2019-03-02 12:00:00,45,193,514
2018-11-22 08:00:00,9,75,513
2018-12-09 08:00:00,9,75,513
2018-08-16 11:00:00,3,57,513
2018-09-02 18:00:00,3,57,513
2018-11-01 01:00:00,3,57,513
2018-11-03 15:00:00,3,57,513
2019-04-11 22:00:00,21,136,510
2018-12-11 15:00:00,7,65,510
2018-09-23 18:00:00,4,62,510
2018-12-15 14:00:00,35,151,509
2019-02-06 08:00:00,29,139,508
2018-11-02 00:00:00,5,59,508
2018-11-20 12:00:00,58,237,507
2019-01-07 12:00:00,12,76,507
2018-12-09 17:00:00,3,54,507
2018-09-02 07:00:00,2,46,506
2018-09-04 10:00:00,2,46,506
2019-02-23 01:00:00,2,46,506
2018-11-28 12:00:00,22,111,504
2018-12-08 11:00:00,13,83,504
2019-01-30 02:00:00,23,155,503
2018-12-03 10:00:00,21,134,503
2019-01-14 18:00:00,36,183,502
2019-01-22 07:00:00,22,99,501
2019-04-23 22:00:00,7,55,501
2018-11-19 02:00:00,27,162,498
2019-01-15 04:00:00,26,149,498
2019-03-01 02:00:00,21,117,498
2018-12-06 10:00:00,20,104,498
2018-12-22 20:00:00,9,71,496
2019-03-24 20:00:00,13,120,495
2018-10-03 11:00:00,4,46,494
2018-09-25 17:00:00,6,48,493
2019-01-21 09:00:00,26,133,492
2018-10-24 16:00:00,6,71,491
2018-09-16 10:00:00,4,43,490
2018-10-12 01:00:00,21,153,489
2018-08-31 23:00:00,30,112,489
2019-02-14 18:00:00,10,77,489
2018-10-21 20:00:00,10,66,489
2019-02-23 12:00:00,30,151,488
2019-03-22 18:00:00,23,146,488
2018-11-11 08:00:00,19,131,487
2019-01-20 11:00:00,16,106,487
2018-12-23 00:00:00,3,48,484
2018-11-25 17:00:00,8,83,483
2018-11-10 03:00:00,22,153,482
2018-11-07 19:00:00,18,112,482
2019-02-19 18:00:00,29,140,480
2018-10-25 15:00:00,22,139,480
2019-02-08 23:00:00,9,87,480
2018-08-15 12:00:00,4,64,480
2018-10-20 01:00:00,4,64,480
2019-05-19 16:00:00,4,64,480
2019-03-02 11:00:00,23,117,479
2018-12-16 21:00:00,16,108,479
2019-01-26 10:00:00,57,205,478
2018-12-02 14:00:00,18,89,477
2018-08-02 10:00:00,3,55,477
2018-10-30 16:00:00,12,73,475
2019-05-15 16:00:00,12,90,474
2018-09-14 01:00:00,5,69,474
2019-01-18 00:00:00,10,71,473
2018-10-22 00:00:00,7,74,472
2018-12-15 15:00:00,29,115,471
2018-10-02 21:00:00,9,69,471
2018-11-20 20:00:00,8,82,470
2019-02-21 17:00:00,30,147,469
2018-10-03 03:00:00,7,80,469
2018-10-08 23:00:00,6,78,469
2018-10-24 22:00:00,6,78,468
2018-11-13 20:00:00,13,107,466
2019-02-15 16:00:00,8,75,466
2018-12-02 23:00:00,4,63,466
2019-01-21 11:00:00,29,134,465
2018-11-25 20:00:00,15,103,465
2019-02-16 02:00:00,8,79,465
2018-12-10 22:00:00,6,60,465
2018-09-16 13:00:00,1,31,465
2018-09-09 12:00:00,17,134,464
2018-12-20 20:00:00,4,48,464
2018-10-12 03:00:00,24,159,463
2019-03-13 19:00:00,5,59,463
2019-05-10 20:00:00,3,46,463
2019-01-20 21:00:00,50,188,462
2018-10-06 00:00:00,7,84,462
2018-10-19 01:00:00,4,62,462
2019-03-15 23:00:00,24,139,460
2019-01-26 13:00:00,53,198,459
2018-11-06 00:00:00,12,94,459
2018-08-16 18:00:00,3,54,459
2018-09-02 21:00:00,3,54,459
2018-10-06 22:00:00,3,54,459
2019-02-25 03:00:00,22,141,456
2019-02-24 05:00:00,18,135,456
2019-01-30 09:00:00,18,95,456
2018-09-16 16:00:00,5,64,456
2019-05-04 00:00:00,5,70,455
2019-01-17 00:00:00,28,163,454
2019-01-14 15:00:00,32,140,454
2018-09-27 12:00:00,14,106,453
2018-10-01 16:00:00,8,70,453
2019-01-19 07:00:00,51,216,452
2019-05-25 20:00:00,13,108,452
2018-12-06 08:00:00,10,52,452
2018-10-15 11:00:00,6,69,450
2019-03-08 17:00:00,8,64,449
2019-01-14 23:00:00,25,141,448
2018-10-06 20:00:00,3,50,448
2019-04-30 22:00:00,8,88,446
2019-01-07 11:00:00,21,120,444
2019-04-13 01:00:00,11,97,444
2019-05-24 16:00:00,29,144,442
2019-01-02 19:00:00,12,95,442
2018-10-11 20:00:00,19,136,441
2019-05-01 20:00:00,8,74,441
2018-11-12 02:00:00,8,88,440
2019-03-07 00:00:00,8,88,440
2019-01-26 22:00:00,36,143,439
2018-11-21 07:00:00,11,100,438
2019-01-26 07:00:00,6,55,438
2018-11-07 09:00:00,30,134,437
2018-10-18 12:00:00,16,108,436
2019-05-21 22:00:00,11,94,435
2018-10-06 15:00:00,8,57,435
2019-03-16 00:00:00,22,145,434
2018-10-07 22:00:00,16,100,434
2018-09-29 01:00:00,12,108,432
2018-11-24 13:00:00,11,69,432
2019-02-26 07:00:00,4,49,432
2019-04-09 17:00:00,11,76,431
2019-03-22 14:00:00,22,137,430
2018-10-20 02:00:00,5,65,430
2019-01-05 07:00:00,6,63,430
2018-11-24 15:00:00,34,122,429
2018-11-01 16:00:00,6,51,429
2019-04-17 21:00:00,14,82,427
2018-10-22 15:00:00,16,99,426
2018-10-19 18:00:00,5,64,426
2018-12-12 02:00:00,9,70,425
2019-01-24 18:00:00,59,187,424
2019-04-01 22:00:00,12,107,424
2019-02-16 03:00:00,9,77,424
2018-12-30 16:00:00,24,104,423
2018-11-04 10:00:00,10,62,423
2018-09-22 21:00:00,15,120,420
2018-12-11 09:00:00,28,116,420
2019-02-06 02:00:00,4,60,420
2018-09-02 10:00:00,2,42,420
2018-09-23 19:00:00,2,42,420
2018-12-20 19:00:00,2,42,420
2018-10-11 22:00:00,21,127,419
2019-04-24 18:00:00,12,99,418
2019-01-28 23:00:00,18,89,418
2019-05-11 21:00:00,7,68,417
2018-10-26 03:00:00,27,154,416
2019-01-10 05:00:00,14,115,416
2019-05-25 23:00:00,15,115,416
2018-11-24 10:00:00,47,157,415
2018-10-31 18:00:00,10,65,415
2019-02-03 03:00:00,13,93,414
2018-11-26 17:00:00,10,88,414
2018-10-25 10:00:00,9,64,413
2018-11-12 23:00:00,17,102,412
2018-08-30 10:00:00,9,79,412
2019-02-15 12:00:00,4,55,412
2018-09-20 14:00:00,5,55,410
2018-09-10 13:00:00,5,37,410
2018-11-19 11:00:00,34,135,409
2018-11-18 08:00:00,5,54,409
2018-11-27 20:00:00,14,93,408
2018-08-14 16:00:00,3,51,408
2018-09-18 20:00:00,3,51,408
2019-01-18 02:00:00,3,51,408
2018-09-02 00:00:00,7,79,407
2018-11-19 09:00:00,7,63,407
2019-03-29 15:00:00,10,92,406
2018-09-27 01:00:00,7,77,406
2018-09-01 00:00:00,1,29,406
2019-05-10 02:00:00,8,81,405
2018-12-31 02:00:00,5,65,405
2018-11-19 22:00:00,14,94,404
2018-11-17 19:00:00,17,111,402
2018-10-11 12:00:00,14,78,402
2018-09-06 01:00:00,3,47,401
2019-01-26 01:00:00,46,195,400
2018-11-21 02:00:00,11,95,400
2018-10-30 19:00:00,13,93,399
2019-01-19 12:00:00,9,78,399
2019-04-30 01:00:00,10,91,397
2019-03-24 14:00:00,11,99,396
2018-12-31 00:00:00,14,93,396
2018-10-08 00:00:00,7,78,396
2018-09-17 01:00:00,6,72,396
2019-05-13 18:00:00,7,71,396
2018-09-07 13:00:00,8,82,395
2019-05-03 23:00:00,10,75,395
2018-09-28 08:00:00,6,70,395
2019-03-08 11:00:00,8,63,394
2018-12-11 14:00:00,18,108,393
2018-12-31 19:00:00,8,81,391
2018-11-08 21:00:00,6,67,391
2018-11-11 12:00:00,5,65,390
2019-04-06 21:00:00,5,65,390
2019-01-20 12:00:00,33,133,389
2018-12-10 12:00:00,18,89,387
2018-08-30 20:00:00,7,77,385
2018-09-08 05:00:00,7,77,385
2019-01-07 06:00:00,7,77,385
2019-04-11 13:00:00,7,77,385
2018-08-29 13:00:00,7,72,385
2019-05-11 01:00:00,6,67,385
2018-12-04 08:00:00,35,175,384
2019-01-26 03:00:00,34,163,384
2018-11-12 15:00:00,16,90,384
2018-10-09 23:00:00,10,74,384
2018-10-15 13:00:00,7,52,383
2018-12-29 11:00:00,34,144,381
2018-12-12 17:00:00,2,39,381
2018-08-17 19:00:00,2,40,380
2018-08-29 21:00:00,2,40,380
2018-09-04 18:00:00,2,40,380
2018-09-05 22:00:00,2,40,380
2018-10-13 04:00:00,22,123,378
2019-03-01 14:00:00,17,113,378
2018-12-20 12:00:00,25,110,378
2019-04-12 21:00:00,8,81,378
2019-02-20 15:00:00,11,74,378
2018-09-12 01:00:00,5,64,378
2018-08-27 20:00:00,6,60,378
2018-12-18 07:00:00,4,57,378
2019-04-06 14:00:00,5,53,378
2018-09-07 02:00:00,8,81,376
2018-10-12 05:00:00,23,141,375
2018-10-25 16:00:00,8,81,375
2018-10-14 10:00:00,10,51,375
2019-04-06 15:00:00,5,57,373
2018-10-11 21:00:00,18,106,372
2019-04-29 00:00:00,11,96,372
2018-11-01 21:00:00,5,50,372
2019-01-10 00:00:00,21,124,371
2018-12-31 15:00:00,26,116,371
2019-04-19 22:00:00,10,86,370
2018-09-04 13:00:00,7,60,370
2018-12-21 22:00:00,5,60,370
2019-01-31 07:00:00,14,90,369
2019-03-27 15:00:00,9,86,369
2018-11-04 11:00:00,10,66,367
2018-10-21 16:00:00,52,191,366
2018-11-16 08:00:00,11,95,366
2018-12-02 20:00:00,4,54,366
2018-09-11 20:00:00,5,58,365
2019-03-14 18:00:00,19,120,364
2018-12-27 19:00:00,9,80,364
2018-11-14 08:00:00,14,78,364
2018-08-19 21:00:00,4,56,364
2019-02-28 01:00:00,15,79,362
2019-03-07 21:00:00,11,92,361
2018-10-23 00:00:00,13,86,361
2019-01-22 04:00:00,9,82,361
2018-11-16 16:00:00,15,99,360
2019-05-18 21:00:00,8,80,360
2019-02-22 06:00:00,3,48,360
2019-03-01 13:00:00,19,115,359
2018-12-13 13:00:00,19,97,359
2018-12-29 20:00:00,10,83,358
2019-02-22 21:00:00,12,82,357
2018-11-05 08:00:00,8,70,357
2019-01-22 00:00:00,24,124,356
2018-09-22 14:00:00,23,117,356
2019-01-02 20:00:00,8,76,356
2018-12-13 10:00:00,37,140,355
2019-04-17 19:00:00,18,98,355
2018-11-27 08:00:00,14,84,354
2018-11-15 09:00:00,6,49,353
2019-01-17 05:00:00,16,110,352
2018-08-28 17:00:00,5,54,351
2018-10-14 21:00:00,4,54,351
2018-10-31 19:00:00,14,78,350
2018-11-07 17:00:00,6,50,350
2019-02-20 12:00:00,17,89,349
2018-11-21 23:00:00,6,53,349
2018-11-22 07:00:00,22,115,348
2019-02-18 23:00:00,10,74,348
2019-01-02 10:00:00,29,115,347
2018-10-04 11:00:00,13,54,347
2018-11-04 08:00:00,21,110,346
2018-12-02 16:00:00,4,53,346
2019-02-25 07:00:00,2,38,346
2019-03-04 06:00:00,5,49,345
2018-10-31 09:00:00,7,42,345
2019-03-22 19:00:00,3,41,345
2019-03-26 17:00:00,16,77,344
2018-11-23 09:00:00,19,112,343
2018-10-04 14:00:00,22,105,343
2018-12-15 18:00:00,7,45,343
2019-03-14 20:00:00,19,116,342
2018-11-04 03:00:00,9,75,342
2018-09-12 10:00:00,2,38,342
2018-09-24 19:00:00,2,38,342
2018-12-11 13:00:00,34,121,341
2018-11-10 11:00:00,13,61,341
2018-11-19 07:00:00,21,107,340
2018-11-22 09:00:00,19,89,340
2019-01-01 01:00:00,15,72,340
2018-10-15 09:00:00,5,46,339
2018-11-08 01:00:00,15,104,338
2019-02-05 19:00:00,14,76,338
2019-02-14 17:00:00,25,106,337
2018-11-18 00:00:00,17,87,337
2018-12-13 16:00:00,2,34,336
2018-11-17 17:00:00,17,65,335
2018-12-05 01:00:00,42,167,334
2019-01-20 03:00:00,17,99,334
2018-11-12 01:00:00,9,79,334
2019-02-04 20:00:00,11,74,334
2018-11-05 22:00:00,9,68,334
2018-11-22 16:00:00,8,51,333
2018-12-13 11:00:00,48,165,331
2018-10-15 21:00:00,7,68,331
2018-10-02 14:00:00,17,83,330
2018-10-24 20:00:00,6,66,330
2018-11-08 20:00:00,5,60,330
2018-11-27 23:00:00,5,60,330
2019-03-28 14:00:00,5,60,330
2018-11-17 03:00:00,11,88,329
2018-10-21 21:00:00,8,48,329
2019-05-07 18:00:00,9,60,327
2018-10-16 12:00:00,8,58,327
2019-02-06 16:00:00,31,125,326
2019-01-20 10:00:00,30,113,326
2019-01-15 07:00:00,7,45,326
2019-03-02 16:00:00,31,128,325
2019-03-29 14:00:00,10,83,325
2018-12-04 02:00:00,38,173,324
2018-12-18 16:00:00,18,93,323
2018-11-19 21:00:00,19,106,322
2018-11-26 09:00:00,16,71,321
2018-12-05 13:00:00,7,58,321
2018-10-16 16:00:00,30,125,320
2019-02-09 04:00:00,6,65,320
2018-11-01 22:00:00,8,55,319
2018-12-24 21:00:00,6,47,319
2018-12-12 11:00:00,28,109,318
2019-01-07 05:00:00,9,74,317
2018-10-26 11:00:00,4,47,316
2019-04-21 14:00:00,15,105,315
2018-08-20 14:00:00,3,45,315
2018-10-06 21:00:00,3,45,315
2018-10-29 14:00:00,17,78,313
2018-11-20 09:00:00,7,60,313
2018-09-29 15:00:00,5,54,313
2018-10-04 10:00:00,7,40,313
2019-02-17 18:00:00,21,112,312
2018-10-28 14:00:00,11,73,312
2018-08-29 19:00:00,4,52,312
2018-10-04 20:00:00,4,52,312
2018-11-06 17:00:00,4,52,312
2018-12-29 16:00:00,26,112,311
2019-01-02 16:00:00,12,82,311
2019-01-23 01:00:00,46,154,310
2019-01-03 12:00:00,12,82,310
2018-10-17 15:00:00,30,93,309
2018-10-14 20:00:00,7,61,309
2018-11-03 01:00:00,5,42,309
2018-11-12 10:00:00,5,35,309
2019-01-18 05:00:00,11,88,308
2019-01-18 07:00:00,11,88,308
2018-11-02 23:00:00,3,38,307
2018-12-09 20:00:00,3,38,307
2019-02-26 03:00:00,24,126,306
2019-04-22 15:00:00,6,61,306
2018-08-21 19:00:00,2,36,306
2018-09-02 11:00:00,2,36,306
2018-10-05 12:00:00,2,36,306
2019-05-10 21:00:00,2,36,306
2019-01-15 18:00:00,17,70,303
2019-04-01 17:00:00,13,92,302
2018-08-27 21:00:00,3,29,302
2018-11-23 17:00:00,22,104,301
2019-01-01 09:00:00,17,86,301
2018-10-01 14:00:00,12,64,301
2019-03-28 16:00:00,10,80,300
2018-10-02 16:00:00,1,25,300
2018-09-27 09:00:00,10,67,298
2019-04-28 23:00:00,11,81,297
2018-10-06 18:00:00,6,60,297
2019-01-10 06:00:00,16,102,296
2018-11-20 01:00:00,11,81,296
2019-02-18 00:00:00,9,48,295
2018-12-15 17:00:00,21,96,293
2018-10-29 15:00:00,15,53,292
2019-03-02 18:00:00,21,87,291
2019-03-21 16:00:00,6,54,291
2019-02-08 10:00:00,6,62,290
2018-10-15 10:00:00,11,59,290
2019-01-07 07:00:00,8,69,289
2018-09-01 23:00:00,9,67,289
2018-09-02 08:00:00,10,69,286
2018-11-09 05:00:00,11,69,286
2018-12-05 09:00:00,11,44,286
2019-05-25 02:00:00,19,114,285
2018-11-21 09:00:00,19,81,285
2019-01-03 04:00:00,3,42,285
2018-12-05 23:00:00,9,40,284
2018-11-11 18:00:00,8,54,282
2018-09-10 08:00:00,3,39,282
2019-02-28 03:00:00,8,57,281
2018-12-02 21:00:00,4,49,281
2019-01-23 07:00:00,6,34,281
2019-04-21 19:00:00,31,130,280
2018-12-11 01:00:00,5,46,280
2019-03-06 07:00:00,9,73,279
2019-02-13 00:00:00,11,60,279
2018-10-02 15:00:00,9,56,279
2018-10-31 20:00:00,5,48,279
2018-12-12 15:00:00,33,125,278
2019-03-06 11:00:00,9,59,278
2019-02-16 22:00:00,4,40,278
2019-05-01 00:00:00,5,47,277
2019-04-06 23:00:00,6,57,276
2018-11-08 16:00:00,1,24,276
2019-01-30 11:00:00,38,134,275
2018-10-07 11:00:00,12,68,275
2018-10-10 00:00:00,7,63,275
2019-03-11 22:00:00,6,56,275
2018-08-11 10:00:00,5,55,275
2018-12-31 03:00:00,5,55,275
2019-02-16 04:00:00,5,55,275
2019-05-02 10:00:00,5,55,275
2019-05-07 01:00:00,5,55,275
2019-03-24 19:00:00,14,93,274
2019-02-08 21:00:00,13,71,274
2018-10-24 17:00:00,8,65,274
2019-04-24 19:00:00,8,65,274
2018-09-19 19:00:00,3,42,273
2019-04-04 19:00:00,3,42,273
2019-05-10 22:00:00,3,42,273
2018-11-02 08:00:00,2,34,273
2018-12-06 12:00:00,17,80,272
2018-08-18 15:00:00,2,34,272
2018-08-22 11:00:00,2,34,272
2018-08-25 16:00:00,2,34,272
2018-08-28 11:00:00,2,34,272
2019-04-29 13:00:00,2,34,272
2019-01-26 17:00:00,23,102,271
2018-12-10 19:00:00,9,53,271
2018-10-24 18:00:00,6,60,270
2018-12-29 15:00:00,8,57,270
2019-01-11 19:00:00,8,56,270
2018-10-25 08:00:00,25,105,269
2019-03-23 19:00:00,20,103,268
2018-11-12 13:00:00,13,68,268
2018-09-25 15:00:00,26,103,267
2018-12-26 15:00:00,18,72,265
2018-11-22 00:00:00,6,53,265
2019-01-31 03:00:00,8,52,265
2019-01-19 21:00:00,26,120,264
2018-09-08 11:00:00,4,48,264
2018-09-10 01:00:00,4,48,264
2018-09-21 01:00:00,4,48,264
2019-04-24 12:00:00,4,48,264
2019-01-01 17:00:00,18,96,262
2019-01-02 15:00:00,14,72,262
2018-10-23 10:00:00,9,47,262
2019-03-23 23:00:00,22,109,261
2018-09-15 02:00:00,13,89,261
2018-12-06 02:00:00,5,33,261
2018-09-09 01:00:00,23,107,260
2018-11-19 06:00:00,18,106,260
2018-10-11 05:00:00,13,67,260
2018-12-11 00:00:00,3,41,260
2019-03-05 12:00:00,20,87,259
2018-12-15 08:00:00,23,83,259
2019-02-01 23:00:00,7,35,259
2018-12-18 10:00:00,30,110,258
2018-10-31 15:00:00,15,93,258
2018-12-05 00:00:00,21,88,258
2018-12-04 22:00:00,27,87,258
2018-11-18 10:00:00,44,133,257
2018-11-04 07:00:00,19,97,257
2018-09-09 21:00:00,25,94,257
2018-10-02 12:00:00,10,57,257
2019-05-16 15:00:00,5,53,256
2019-01-17 01:00:00,27,116,255
2018-12-09 12:00:00,31,107,255
2018-09-14 18:00:00,20,105,255
2018-12-14 06:00:00,21,105,255
2018-09-08 22:00:00,13,81,255
2018-10-16 00:00:00,7,54,255
2018-10-27 17:00:00,5,53,255
2018-10-17 18:00:00,2,25,254
2019-01-14 06:00:00,2,25,254
2018-10-23 23:00:00,8,65,253
2018-09-26 01:00:00,4,47,253
2018-12-01 16:00:00,1,23,253
2018-09-24 14:00:00,38,135,252
2018-11-18 11:00:00,23,94,252
2019-03-22 16:00:00,14,90,252
2018-08-05 20:00:00,12,84,252
2019-05-11 00:00:00,6,51,252
2018-11-24 08:00:00,7,60,249
2018-12-13 12:00:00,19,76,248
2019-01-21 07:00:00,8,44,248
2018-10-24 00:00:00,16,80,247
2019-02-04 03:00:00,14,79,247
2018-12-31 04:00:00,6,54,246
2019-01-19 14:00:00,21,85,245
2018-08-28 08:00:00,8,52,245
2019-02-20 11:00:00,22,92,244
2018-12-27 20:00:00,7,59,244
2018-12-12 19:00:00,7,51,244
2018-10-16 13:00:00,8,48,244
2019-01-08 18:00:00,4,37,244
2019-04-19 14:00:00,2,32,244
2018-11-23 07:00:00,24,96,243
2019-01-11 18:00:00,5,48,243
2019-02-15 20:00:00,8,66,241
2019-02-04 18:00:00,7,52,241
2019-03-01 04:00:00,12,82,240
2018-11-11 15:00:00,14,77,240
2018-08-18 12:00:00,2,32,240
2018-09-17 14:00:00,9,52,239
2018-12-14 18:00:00,22,95,238
2018-10-24 23:00:00,8,60,238
2018-09-24 07:00:00,3,38,238
2019-01-31 23:00:00,20,82,237
2019-04-30 12:00:00,13,66,237
2019-04-30 23:00:00,5,43,236
2018-12-01 17:00:00,4,41,235
2019-02-13 16:00:00,27,102,234
2018-12-10 14:00:00,26,91,234
2019-02-10 17:00:00,17,86,234
2018-09-27 17:00:00,3,39,234
2018-12-14 19:00:00,12,76,233
2018-12-04 05:00:00,37,143,232
2018-10-10 13:00:00,14,62,232
2019-02-27 06:00:00,2,24,232
2019-03-08 09:00:00,2,24,232
2018-11-13 13:00:00,18,73,231
2019-03-04 18:00:00,9,61,231
2018-12-23 01:00:00,3,35,231
2018-12-29 09:00:00,37,124,230
2019-01-30 01:00:00,19,103,230
2018-10-16 10:00:00,17,70,230
2019-02-13 01:00:00,20,75,229
2018-12-18 17:00:00,12,69,229
2018-12-08 08:00:00,8,60,229
2018-12-11 19:00:00,11,59,229
2018-11-11 13:00:00,7,55,229
2019-04-11 23:00:00,16,92,228
2018-12-26 17:00:00,8,54,228
2019-01-19 15:00:00,48,153,227
2019-01-01 16:00:00,24,92,226
2019-03-29 16:00:00,13,77,226
2018-12-01 15:00:00,8,59,226
2019-01-13 01:00:00,5,48,226
2019-02-22 22:00:00,9,48,226
2019-02-06 07:00:00,8,55,225
2019-05-16 14:00:00,5,50,225
2019-03-26 19:00:00,11,75,224
2018-08-05 19:00:00,8,64,224
2018-08-10 19:00:00,8,64,224
2018-09-21 22:00:00,8,64,224
2018-11-12 03:00:00,8,64,224
2019-01-14 16:00:00,13,52,224
2018-10-13 05:00:00,22,110,223
2019-03-04 13:00:00,18,78,223
2018-11-15 01:00:00,13,72,223
2019-02-19 00:00:00,7,45,223
2018-12-27 06:00:00,4,37,223
2019-04-25 20:00:00,6,48,222
2018-11-14 22:00:00,7,59,221
2018-12-12 03:00:00,5,46,221
2019-04-25 21:00:00,5,46,221
2018-08-03 17:00:00,4,44,220
2018-09-11 21:00:00,4,44,220
2018-11-06 19:00:00,4,44,220
2019-01-21 04:00:00,4,44,220
2019-04-27 23:00:00,4,44,220
2018-11-16 02:00:00,19,88,219
2019-02-22 00:00:00,19,82,219
2018-11-03 09:00:00,17,67,219
2018-11-17 23:00:00,26,109,218
2018-11-04 02:00:00,13,80,217
2018-08-06 19:00:00,6,54,216
2018-09-08 17:00:00,6,54,216
2018-11-12 16:00:00,6,54,216
2019-04-07 00:00:00,5,49,216
2019-02-01 22:00:00,9,42,216
2018-10-09 16:00:00,4,36,216
2018-10-18 19:00:00,14,72,214
2018-10-16 17:00:00,6,44,214
2018-12-09 22:00:00,6,38,214
2018-10-18 17:00:00,4,34,212
2018-12-09 23:00:00,4,34,212
2019-04-17 18:00:00,19,82,211
2019-02-11 04:00:00,10,65,211
2018-09-14 14:00:00,13,80,210
2018-08-27 07:00:00,10,65,210
2019-02-05 00:00:00,10,47,210
2018-09-17 19:00:00,2,30,210
2018-11-27 06:00:00,2,30,210
2019-05-23 15:00:00,2,30,210
2018-08-18 10:00:00,1,21,210
2018-11-13 11:00:00,15,73,209
2018-10-23 01:00:00,12,76,208
2018-10-02 23:00:00,12,68,208
2018-09-26 19:00:00,8,55,207
2018-12-15 11:00:00,27,102,205
2018-10-31 17:00:00,10,50,205
2018-09-16 12:00:00,8,49,205
2018-10-29 11:00:00,7,40,205
2018-10-15 12:00:00,3,32,205
2019-01-18 04:00:00,7,45,204
2018-10-31 00:00:00,9,62,203
2018-11-20 08:00:00,17,86,202
2019-01-29 03:00:00,14,60,202
2019-02-01 07:00:00,30,124,201
2018-10-27 15:00:00,27,87,201
2018-10-15 14:00:00,14,66,201
2018-11-21 11:00:00,13,53,201
2018-10-03 08:00:00,6,42,201
2019-01-17 06:00:00,14,82,200
2018-11-23 06:00:00,10,66,200
2018-11-18 01:00:00,7,53,200
2019-02-12 23:00:00,6,40,200
2019-03-15 22:00:00,25,94,199
2018-10-06 01:00:00,4,38,199
2019-01-30 19:00:00,34,116,198
2019-03-02 17:00:00,12,47,198
2018-09-02 23:00:00,3,36,198
2018-09-13 08:00:00,3,36,198
2018-09-16 17:00:00,3,36,198
2018-09-19 01:00:00,3,36,198
2018-09-19 08:00:00,3,36,198
2018-09-20 01:00:00,3,36,198
2019-01-18 09:00:00,3,36,198
2019-03-08 08:00:00,3,36,198
2019-04-06 18:00:00,3,36,198
2019-05-11 02:00:00,3,36,198
2018-10-16 07:00:00,10,47,197
2018-11-18 05:00:00,7,56,196
2018-10-14 00:00:00,10,50,196
2018-10-09 15:00:00,7,47,196
2018-09-24 17:00:00,3,26,196
2018-10-28 02:00:00,9,63,195
2018-11-19 08:00:00,17,84,194
2018-11-24 14:00:00,15,56,194
2019-02-01 21:00:00,17,74,193
2019-04-01 21:00:00,12,74,192
2018-12-12 07:00:00,10,66,192
2018-12-06 11:00:00,15,64,192
2018-12-29 07:00:00,9,57,192
2019-02-19 07:00:00,3,24,192
2018-11-12 12:00:00,19,84,191
2019-04-27 00:00:00,7,52,191
2018-12-16 00:00:00,5,43,191
2019-05-24 21:00:00,19,95,190
2019-05-25 01:00:00,19,95,190
2018-10-25 12:00:00,11,66,190
2018-10-01 06:00:00,1,20,190
2018-11-13 01:00:00,15,77,189
2019-01-06 16:00:00,19,68,189
2019-01-15 16:00:00,14,64,189
2018-12-03 08:00:00,8,59,189
2018-11-06 02:00:00,7,52,189
2018-12-09 16:00:00,5,42,189
2018-09-23 12:00:00,7,36,189
2018-09-17 15:00:00,4,34,189
2018-09-07 20:00:00,8,58,188
2019-03-01 17:00:00,22,96,187
2018-11-22 19:00:00,14,76,187
2018-12-17 17:00:00,13,62,187
2019-01-12 17:00:00,14,62,187
2019-03-11 23:00:00,6,45,187
2018-09-29 23:00:00,17,88,186
2018-08-07 17:00:00,9,62,186
2018-11-13 02:00:00,9,60,186
2019-02-15 23:00:00,6,49,186
2019-04-30 13:00:00,6,46,186
2018-10-13 17:00:00,4,33,186
2018-10-14 19:00:00,8,49,185
2019-01-29 00:00:00,19,71,183
2018-10-02 09:00:00,3,30,183
2018-12-11 03:00:00,3,30,183
2018-11-05 12:00:00,44,127,182
2019-03-30 08:00:00,14,76,182
2018-10-05 13:00:00,2,28,182
2018-11-13 14:00:00,14,72,181
2019-05-08 13:00:00,6,47,181
2018-11-07 01:00:00,5,42,181
2019-01-16 00:00:00,5,42,181
2018-09-29 06:00:00,12,72,180
2018-10-16 19:00:00,13,69,180
2018-09-26 10:00:00,13,59,180
2018-11-07 08:00:00,8,55,180
2019-04-13 20:00:00,12,45,180
2019-05-08 19:00:00,5,45,180
2018-09-11 22:00:00,4,40,180
2019-02-02 04:00:00,6,37,180
2019-01-25 10:00:00,41,140,179
2018-11-21 13:00:00,33,105,179
2019-02-19 21:00:00,9,54,179
2018-12-06 03:00:00,4,27,179
2018-12-19 11:00:00,31,103,178
2019-01-26 23:00:00,19,76,178
2018-12-31 23:00:00,11,49,178
2019-04-22 16:00:00,6,30,178
2019-02-07 13:00:00,15,66,177
2019-05-03 18:00:00,4,36,177
2019-03-28 13:00:00,7,49,176
2019-05-01 18:00:00,7,48,176
2018-12-02 15:00:00,10,47,176
2018-10-16 20:00:00,8,44,176
2018-11-23 12:00:00,8,57,175
2018-12-05 20:00:00,4,38,175
2018-12-06 09:00:00,22,76,174
2018-11-15 08:00:00,9,56,174
2018-08-27 03:00:00,20,91,173
2019-01-21 01:00:00,5,41,172
2019-04-12 00:00:00,17,79,171
2018-11-27 01:00:00,29,114,169
2018-11-27 02:00:00,29,114,169
2019-05-17 21:00:00,9,58,169
2018-09-06 04:00:00,8,41,169
2018-10-11 09:00:00,5,38,169
2019-04-05 22:00:00,5,38,169
2018-10-12 13:00:00,8,36,169
2019-04-13 17:00:00,3,26,169
2018-10-27 02:00:00,24,102,168
2019-03-02 20:00:00,19,84,168
2018-11-10 08:00:00,8,56,168
2018-08-11 11:00:00,6,48,168
2019-02-14 21:00:00,6,48,168
2018-10-20 09:00:00,10,44,168
2018-12-02 09:00:00,6,36,168
2018-10-14 17:00:00,16,63,167
2018-10-02 11:00:00,8,43,167
2019-03-08 21:00:00,4,31,167
2019-02-07 00:00:00,4,28,167
2018-10-21 17:00:00,10,62,166
2018-10-28 08:00:00,10,62,166
2018-12-14 13:00:00,11,61,166
2018-10-21 23:00:00,5,36,166
2019-01-04 19:00:00,11,66,165
2018-07-22 12:00:00,3,33,165
2018-09-05 02:00:00,3,33,165
2018-10-03 01:00:00,3,33,165
2018-10-06 07:00:00,3,33,165
2019-05-10 23:00:00,3,33,165
2019-02-21 02:00:00,8,44,164
2018-12-24 16:00:00,29,106,163
2018-09-30 09:00:00,15,77,163
2018-10-18 22:00:00,5,40,163
2018-12-23 22:00:00,6,33,163
2018-09-29 10:00:00,30,100,162
2018-11-08 08:00:00,8,55,162
2018-11-18 09:00:00,18,66,161
2019-05-08 15:00:00,6,47,161
2018-10-12 09:00:00,19,73,160
2019-03-24 12:00:00,11,65,160
2019-03-26 18:00:00,11,65,160
2019-02-27 03:00:00,3,32,160
2019-02-03 05:00:00,18,73,159
2018-10-28 11:00:00,11,59,159
2018-09-05 21:00:00,4,30,158
2018-10-30 15:00:00,30,93,157
2019-02-18 16:00:00,19,68,157
2019-05-13 22:00:00,11,56,157
2018-09-03 23:00:00,8,54,157
2019-03-30 19:00:00,3,28,157
2019-01-08 00:00:00,5,42,156
2018-09-11 16:00:00,2,26,156
2018-09-24 08:00:00,2,26,156
2018-10-16 23:00:00,2,26,156
2019-02-19 04:00:00,2,26,156
2019-05-23 16:00:00,2,26,156
2018-10-22 20:00:00,8,52,155
2018-08-27 00:00:00,11,63,153
2019-03-12 00:00:00,7,43,153
2018-11-07 07:00:00,4,37,153
2018-09-13 18:00:00,1,18,153
2018-09-28 07:00:00,1,18,153
2019-04-12 03:00:00,9,52,152
2018-10-13 10:00:00,24,95,150
2019-02-25 02:00:00,19,78,150
2018-10-13 23:00:00,13,57,150
2018-10-22 23:00:00,10,55,150
2018-08-30 07:00:00,6,42,150
2018-12-08 09:00:00,8,39,150
2019-04-19 16:00:00,4,30,150
2018-09-17 13:00:00,6,36,149
2018-10-01 22:00:00,16,77,148
2018-09-18 09:00:00,25,75,148
2018-10-30 21:00:00,8,51,148
2019-05-06 20:00:00,10,44,148
2019-01-08 01:00:00,5,41,148
2019-04-01 14:00:00,6,41,148
2018-10-03 12:00:00,5,37,148
2019-02-11 00:00:00,13,63,147
2018-10-01 13:00:00,13,57,147
2018-11-06 08:00:00,7,49,147
2019-04-11 12:00:00,7,48,147
2018-08-24 18:00:00,6,45,147
2018-12-27 17:00:00,6,40,147
2019-05-11 22:00:00,7,39,147
2019-04-12 02:00:00,5,35,147
2019-03-22 15:00:00,16,70,146
2019-03-02 10:00:00,16,64,146
2019-03-29 20:00:00,12,49,146
2018-09-01 21:00:00,7,46,146
2019-01-10 16:00:00,9,40,146
2018-07-18 19:00:00,4,35,146
2018-09-25 13:00:00,27,83,145
2019-03-14 17:00:00,17,78,145
2018-10-06 10:00:00,15,60,145
2018-11-06 11:00:00,9,54,145
2018-10-14 14:00:00,6,36,145
2018-09-25 10:00:00,6,29,145
2019-03-26 21:00:00,16,71,144
2019-03-23 21:00:00,12,64,144
2018-10-25 09:00:00,14,62,144
2018-09-10 10:00:00,4,36,144
2018-10-19 16:00:00,4,36,144
2019-04-24 17:00:00,4,36,144
2018-10-05 03:00:00,2,25,144
2018-11-28 16:00:00,2,25,144
2019-04-12 16:00:00,7,44,142
2018-10-12 00:00:00,26,91,141
2019-04-21 16:00:00,21,87,140
2018-07-08 11:00:00,5,40,140
2018-08-09 21:00:00,5,40,140
2018-11-01 09:00:00,4,34,140
2018-10-01 03:00:00,3,22,140
2019-03-16 01:00:00,23,90,139
2018-08-19 11:00:00,46,138,138
2018-11-20 02:00:00,40,125,138
2019-03-01 15:00:00,12,55,138
2018-12-05 08:00:00,11,53,138
2018-10-30 08:00:00,8,51,138
2019-04-12 13:00:00,8,36,138
2018-12-11 02:00:00,3,30,138
2018-11-20 07:00:00,11,58,137
2019-04-20 00:00:00,8,49,137
2019-01-10 04:00:00,14,69,136
2018-10-23 11:00:00,6,38,136
2018-08-19 10:00:00,1,17,136
2018-09-01 01:00:00,26,96,135
2018-08-19 15:00:00,9,54,135
2018-12-24 00:00:00,9,54,135
2018-09-02 19:00:00,3,30,135
2018-09-11 01:00:00,3,30,135
2018-09-13 07:00:00,3,30,135
2018-12-05 18:00:00,3,30,135
2018-12-13 02:00:00,5,30,135
2019-05-16 21:00:00,3,30,135
2019-05-20 02:00:00,3,30,135
2019-03-04 14:00:00,20,75,134
2018-11-23 23:00:00,18,73,134
2019-03-27 02:00:00,11,59,134
2019-02-14 20:00:00,13,52,134
2019-01-12 16:00:00,10,46,134
2019-01-19 13:00:00,20,60,133
2018-11-18 14:00:00,18,54,133
2018-10-07 00:00:00,3,26,133
2018-09-30 05:00:00,17,73,132
2018-11-03 21:00:00,12,54,132
2018-10-11 15:00:00,11,51,132
2019-05-22 01:00:00,8,50,132
2019-01-26 21:00:00,13,49,132
2018-09-25 14:00:00,11,43,132
2018-10-19 12:00:00,5,35,132
2019-03-04 02:00:00,4,34,132
2018-07-13 10:00:00,2,24,132
2018-07-13 18:00:00,2,24,132
2018-09-10 17:00:00,2,24,132
2018-09-17 20:00:00,2,24,132
2018-09-24 01:00:00,2,24,132
2018-12-04 23:00:00,34,94,131
2019-03-26 22:00:00,21,76,131
2018-11-04 15:00:00,16,59,131
2018-10-02 19:00:00,6,38,131
2019-05-24 23:00:00,19,80,130
2018-10-23 19:00:00,21,72,130
2018-09-20 10:00:00,17,65,130
2019-03-24 22:00:00,13,65,130
2018-08-25 02:00:00,10,56,130
2019-04-19 17:00:00,7,39,130
2018-10-03 10:00:00,4,25,130
2019-03-01 09:00:00,21,79,129
2018-09-13 10:00:00,4,34,129
2018-09-30 10:00:00,13,53,128
2018-11-14 10:00:00,5,36,128
2018-10-10 09:00:00,7,29,128
2018-09-29 11:00:00,24,66,127
2019-04-12 01:00:00,12,59,127
2019-05-15 17:00:00,7,44,127
2018-11-24 12:00:00,6,36,127
2018-11-23 19:00:00,22,57,126
2019-03-28 22:00:00,11,57,126
2018-08-06 16:00:00,6,42,126
2018-11-03 22:00:00,6,42,126
2018-11-12 19:00:00,6,42,126
2018-11-01 08:00:00,7,45,125
2019-01-07 01:00:00,17,63,124
2019-01-07 02:00:00,8,47,124
2019-02-19 06:00:00,3,21,124
2019-01-25 01:00:00,42,124,123
2019-04-11 10:00:00,7,45,123
2018-09-15 01:00:00,13,63,122
2019-03-01 18:00:00,21,80,121
2018-10-08 15:00:00,4,26,121
2019-04-24 00:00:00,2,23,121
2019-01-30 16:00:00,15,62,120
2019-04-01 20:00:00,12,60,120
2019-01-03 16:00:00,14,55,120
2018-11-25 08:00:00,12,54,120
2018-09-09 04:00:00,9,48,120
2019-05-10 01:00:00,8,48,120
2019-05-18 17:00:00,8,48,120
2019-05-22 03:00:00,8,48,120
2019-02-22 11:00:00,9,39,120
2018-10-13 22:00:00,6,38,120
2019-02-07 02:00:00,4,33,120
2019-01-13 07:00:00,3,26,120
2018-10-09 14:00:00,1,16,120
2019-01-30 15:00:00,35,101,119
2019-03-22 13:00:00,12,59,119
2018-11-13 09:00:00,13,57,119
2018-11-05 23:00:00,14,55,119
2019-03-31 21:00:00,8,46,119
2019-01-07 23:00:00,7,42,119
2019-01-05 12:00:00,25,78,118
2018-12-18 18:00:00,20,67,118
2018-12-04 21:00:00,4,30,118
2018-12-09 09:00:00,7,30,118
2019-02-05 03:00:00,3,23,118
2019-02-05 16:00:00,15,57,117
2018-12-10 04:00:00,4,28,117
2018-09-26 08:00:00,4,24,117
2018-12-15 12:00:00,28,84,116
2019-01-05 15:00:00,12,47,116
2018-10-28 15:00:00,8,43,116
2018-12-18 06:00:00,8,40,116
2019-01-07 15:00:00,6,37,116
2019-04-01 13:00:00,6,37,116
2018-11-23 16:00:00,8,47,115
2018-11-12 00:00:00,9,46,115
2018-10-23 20:00:00,7,38,115
2019-01-19 16:00:00,38,101,114
2019-05-24 22:00:00,19,76,114
2018-10-11 16:00:00,18,68,114
2019-03-28 15:00:00,10,49,114
2018-11-14 12:00:00,17,57,113
2018-12-10 10:00:00,13,49,113
2019-05-19 04:00:00,3,25,113
2019-03-31 16:00:00,8,45,112
2019-03-31 18:00:00,8,45,112
2018-09-13 03:00:00,4,32,112
2018-10-18 23:00:00,4,32,112
2018-10-19 17:00:00,4,32,112
2019-01-13 00:00:00,4,32,112
2019-04-25 22:00:00,4,32,112
2018-12-04 06:00:00,37,108,111
2018-10-17 12:00:00,13,51,111
2018-11-20 00:00:00,10,51,111
2018-10-29 23:00:00,6,39,111
2019-03-11 21:00:00,6,33,111
2019-03-21 15:00:00,6,33,111
2018-12-25 21:00:00,5,27,111
2018-11-02 22:00:00,3,24,111
2019-01-05 00:00:00,11,55,110
2019-05-22 21:00:00,11,55,110
2019-02-21 07:00:00,10,44,110
2018-10-18 13:00:00,8,42,110
2018-07-23 20:00:00,2,22,110
2018-08-02 12:00:00,2,22,110
2018-09-04 14:00:00,2,22,110
2018-09-06 05:00:00,2,22,110
2018-09-12 13:00:00,2,22,110
2018-10-18 15:00:00,2,22,110
2019-04-23 20:00:00,4,22,110
2019-05-19 20:00:00,2,22,110
2019-05-24 18:00:00,2,22,110
2019-02-03 06:00:00,12,54,109
2018-09-29 18:00:00,9,45,109
2018-11-18 02:00:00,7,40,109
2019-03-02 23:00:00,9,34,109
2018-08-27 18:00:00,4,29,109
2018-10-26 18:00:00,4,29,109
2018-09-04 23:00:00,5,23,109
2018-09-03 18:00:00,12,57,108
2018-10-03 15:00:00,5,29,108
2018-09-02 22:00:00,3,27,108
2018-09-19 20:00:00,3,27,108
2018-11-02 01:00:00,3,27,108
2018-11-21 19:00:00,3,27,108
2019-03-29 21:00:00,3,27,108
2019-01-06 17:00:00,27,80,107
2018-09-03 04:00:00,7,39,107
2019-04-22 17:00:00,6,35,107
2019-03-22 00:00:00,11,41,106
2018-09-17 12:00:00,8,39,106
2018-12-04 10:00:00,38,103,105
2018-11-03 08:00:00,10,51,105
2018-09-02 02:00:00,7,42,105
2019-04-12 19:00:00,7,40,105
2018-07-08 18:00:00,5,35,105
2018-12-31 05:00:00,5,35,105
2019-01-08 02:00:00,5,35,105
2018-10-14 22:00:00,4,31,105
2018-09-13 21:00:00,1,15,105
2019-04-18 23:00:00,1,15,105
2018-12-11 11:00:00,24,79,104
2019-02-26 06:00:00,16,64,104
2018-09-22 11:00:00,7,33,104
2018-11-15 22:00:00,13,56,103
2018-12-08 15:00:00,16,54,103
2018-11-28 09:00:00,11,50,103
2018-08-28 10:00:00,4,28,103
2019-02-17 06:00:00,6,27,103
2018-09-26 16:00:00,4,24,103
2018-11-07 14:00:00,12,55,102
2019-02-13 19:00:00,15,51,102
2019-01-01 04:00:00,5,32,102
2018-12-24 10:00:00,25,74,101
2019-01-05 16:00:00,20,69,101
2019-03-24 16:00:00,21,69,100
2019-03-27 00:00:00,10,50,100
2019-05-18 07:00:00,10,50,100
2018-09-09 18:00:00,10,37,100
2018-10-17 16:00:00,6,30,100
2018-09-10 20:00:00,3,25,100
2018-10-29 10:00:00,5,24,100
2018-10-05 22:00:00,3,22,100
2018-10-29 00:00:00,11,51,99
2018-11-17 07:00:00,11,51,99
2019-02-04 19:00:00,10,42,99
2019-04-12 15:00:00,6,30,99
2018-09-06 23:00:00,10,47,98
2019-01-12 00:00:00,4,30,98
2019-03-01 16:00:00,24,76,97
2018-12-22 16:00:00,16,56,97
2019-03-31 14:00:00,13,50,97
2018-12-20 09:00:00,13,49,97
2018-10-23 21:00:00,8,40,97
2018-09-30 03:00:00,17,66,96
2018-11-11 22:00:00,11,47,96
2019-04-09 18:00:00,6,36,96
2018-10-08 17:00:00,6,33,96
2019-02-17 07:00:00,16,58,95
2018-11-14 17:00:00,7,40,95
2018-12-31 17:00:00,6,30,95
2018-09-09 22:00:00,32,94,94
2018-11-07 12:00:00,18,58,94
2018-09-07 00:00:00,9,44,94
2019-01-15 17:00:00,8,36,94
2018-11-07 10:00:00,11,43,93
2018-11-06 01:00:00,5,33,93
2018-09-05 11:00:00,7,31,93
2018-11-15 17:00:00,15,55,92
2019-05-25 19:00:00,13,52,92
2018-09-08 21:00:00,10,48,92
2019-03-27 01:00:00,10,48,92
2019-02-09 01:00:00,8,40,92
2018-11-04 13:00:00,5,31,92
2018-08-13 18:00:00,14,55,91
2019-01-12 15:00:00,9,38,91
2018-11-26 08:00:00,4,29,91
2018-12-09 21:00:00,3,22,91
2018-12-12 18:00:00,3,22,91
2019-02-21 03:00:00,3,22,91
2018-09-13 20:00:00,1,14,91
2019-04-23 14:00:00,1,14,91
2018-08-31 08:00:00,15,60,90
2019-04-21 15:00:00,15,60,90
2018-08-11 21:00:00,9,45,90
2019-03-27 12:00:00,9,45,90
2019-03-27 17:00:00,9,45,90
2019-03-02 22:00:00,14,43,90
2018-10-13 03:00:00,6,36,90
2019-05-15 18:00:00,6,36,90
2018-10-14 03:00:00,2,20,90
2018-10-16 21:00:00,2,20,90
2018-10-19 03:00:00,2,20,90
2019-02-12 04:00:00,2,20,90
2019-03-15 00:00:00,18,65,89
2018-09-09 10:00:00,12,48,89
2018-12-23 17:00:00,5,28,89
2019-04-28 22:00:00,11,47,88
2019-02-07 17:00:00,9,40,88
2018-11-23 03:00:00,8,38,88
2018-10-26 14:00:00,7,32,88
2018-10-31 08:00:00,5,32,88
2019-01-17 21:00:00,7,32,88
2019-02-22 02:00:00,4,25,88
2018-09-14 03:00:00,3,21,88
2019-01-19 06:00:00,39,102,87
2018-09-14 19:00:00,16,61,87
2018-09-13 14:00:00,7,34,87
2018-10-30 00:00:00,6,33,87
2019-01-25 11:00:00,6,30,87
2019-05-01 01:00:00,4,27,87
2018-12-18 20:00:00,4,24,87
2018-11-03 17:00:00,8,39,86
2019-05-20 05:00:00,5,28,86
2018-11-14 09:00:00,19,57,85
2018-11-07 04:00:00,5,30,85
2018-10-11 08:00:00,4,26,85
2019-03-13 20:00:00,4,26,85
2019-04-04 17:00:00,4,26,85
2019-04-08 13:00:00,4,26,85
2018-12-15 19:00:00,4,21,85
2019-01-01 18:00:00,3,19,85
2019-02-13 02:00:00,20,66,84
2019-05-16 16:00:00,8,37,84
2018-10-08 16:00:00,8,36,84
2018-07-20 21:00:00,4,28,84
2018-08-03 16:00:00,4,28,84
2018-08-05 18:00:00,4,28,84
2018-12-03 04:00:00,4,28,84
2019-04-09 20:00:00,4,28,84
2019-03-04 07:00:00,5,25,84
2018-08-10 10:00:00,3,24,84
2018-08-13 02:00:00,3,24,84
2018-09-20 11:00:00,3,24,84
2018-09-30 07:00:00,3,24,84
2018-11-03 18:00:00,3,24,84
2019-03-02 04:00:00,3,24,84
2018-10-17 11:00:00,5,22,84
2018-10-11 17:00:00,17,58,83
2018-09-23 08:00:00,13,46,83
2018-09-16 21:00:00,9,40,83
2019-03-04 16:00:00,5,27,83
2019-04-19 15:00:00,5,26,83
2018-08-27 16:00:00,19,64,82
2018-11-09 10:00:00,17,60,82
2019-01-11 17:00:00,9,41,82
2019-02-15 14:00:00,6,30,82
2018-07-16 12:00:00,3,23,82
2019-03-04 03:00:00,3,21,82
2018-10-17 17:00:00,3,18,82
2018-11-28 21:00:00,28,81,81
2019-05-19 18:00:00,5,27,81
2019-02-18 07:00:00,5,26,81
2019-05-17 23:00:00,8,40,80
2019-01-20 22:00:00,6,31,80
2018-12-13 03:00:00,6,28,80
2018-12-02 18:00:00,4,27,80
2019-04-05 20:00:00,4,27,80
2018-12-15 09:00:00,20,57,79
2018-09-29 12:00:00,9,38,79
2018-12-06 04:00:00,4,24,79
2018-12-31 16:00:00,16,52,78
2018-08-25 06:00:00,10,44,78
2018-12-20 16:00:00,10,41,78
2018-12-11 04:00:00,7,33,78
2019-01-18 11:00:00,7,30,78
2018-11-21 20:00:00,4,25,78
2019-01-03 01:00:00,1,13,78
2019-03-28 21:00:00,11,46,77
2018-12-03 02:00:00,12,34,77
2018-12-12 16:00:00,3,20,77
2019-01-17 18:00:00,22,66,76
2018-08-20 10:00:00,8,39,76
2018-12-25 16:00:00,11,39,76
2018-10-28 12:00:00,7,35,76
2018-11-13 05:00:00,7,35,76
2018-11-23 13:00:00,12,45,75
2018-11-12 14:00:00,10,43,75
2019-05-08 20:00:00,5,30,75
2019-05-10 00:00:00,5,30,75
2019-05-11 19:00:00,5,30,75
2019-05-13 19:00:00,5,30,75
2018-09-23 10:00:00,6,27,75
2018-09-30 08:00:00,17,55,74
2019-01-05 02:00:00,11,46,74
2019-05-26 01:00:00,11,46,74
2018-11-21 14:00:00,10,38,74
2019-04-14 19:00:00,4,22,74
2019-01-17 03:00:00,14,52,73
2018-12-25 18:00:00,14,47,73
2019-01-17 16:00:00,13,43,73
2019-03-28 23:00:00,10,43,73
2019-05-06 21:00:00,3,20,73
2019-05-19 03:00:00,3,20,73
2019-03-29 22:00:00,12,45,72
2018-11-28 13:00:00,8,34,72
2019-02-15 10:00:00,8,30,72
2019-05-01 19:00:00,5,29,72
2018-07-23 06:00:00,2,18,72
2018-09-04 16:00:00,2,18,72
2018-09-16 08:00:00,2,18,72
2018-09-30 21:00:00,2,18,72
2018-10-05 08:00:00,2,18,72
2018-10-16 22:00:00,2,18,72
2018-10-23 15:00:00,13,46,71
2018-10-24 04:00:00,8,37,71
2018-11-14 23:00:00,8,37,71
2018-12-18 22:00:00,6,31,71
2018-12-27 23:00:00,7,31,71
2018-10-13 16:00:00,5,27,71
2018-10-09 11:00:00,3,20,71
2018-09-01 02:00:00,24,71,70
2019-05-24 20:00:00,20,62,70
2018-12-14 16:00:00,21,59,70
2018-11-17 20:00:00,11,45,70
2018-12-17 20:00:00,13,39,70
2019-01-12 07:00:00,10,33,70
2018-08-30 06:00:00,6,32,70
2018-09-26 15:00:00,5,28,70
2019-01-08 23:00:00,3,21,70
2019-03-26 23:00:00,11,44,69
2019-03-01 19:00:00,17,54,68
2019-05-26 03:00:00,13,48,68
2018-10-24 19:00:00,8,36,67
2018-11-26 22:00:00,8,36,67
2018-11-23 22:00:00,8,35,67
2018-12-26 23:00:00,6,30,67
2018-11-05 18:00:00,7,29,67
2018-10-29 08:00:00,4,25,67
2019-02-22 03:00:00,4,22,67
2019-04-19 19:00:00,3,19,67
2018-09-01 03:00:00,24,69,66
2018-10-26 05:00:00,19,60,66
2019-04-11 17:00:00,10,39,66
2019-01-11 16:00:00,10,36,66
2019-04-11 14:00:00,7,34,66
2018-11-11 23:00:00,4,24,66
2019-03-26 16:00:00,4,24,66
2019-01-13 16:00:00,14,42,65
2018-12-18 21:00:00,7,26,65
2018-10-16 01:00:00,5,25,65
2018-09-14 10:00:00,31,74,64
2019-01-11 11:00:00,24,68,64
2019-01-24 23:00:00,22,65,64
2018-11-16 03:00:00,12,45,64
2019-03-28 20:00:00,10,41,64
2019-04-26 22:00:00,10,38,64
2019-03-15 15:00:00,9,35,64
2018-11-08 09:00:00,6,28,64
2019-01-08 17:00:00,6,28,64
2018-09-14 02:00:00,3,18,64
2019-02-28 04:00:00,3,18,64
2018-10-12 21:00:00,22,64,63
2018-09-08 20:00:00,13,46,63
2018-10-13 12:00:00,10,40,63
2018-09-25 11:00:00,10,32,63
2018-09-18 01:00:00,3,21,63
2018-10-25 11:00:00,3,21,63
2018-11-12 07:00:00,3,21,63
2019-01-10 17:00:00,3,21,63
2019-01-18 08:00:00,3,21,63
2019-02-27 07:00:00,3,21,63
2019-04-06 16:00:00,3,21,63
2019-05-07 17:00:00,3,21,63
2019-05-07 19:00:00,3,21,63
2018-10-12 22:00:00,22,64,62
2018-10-14 12:00:00,15,44,62
2018-12-17 18:00:00,11,38,62
2019-03-27 13:00:00,9,38,62
2019-02-15 03:00:00,7,30,62
2018-11-22 02:00:00,8,28,62
2018-11-01 13:00:00,17,45,61
2018-10-25 00:00:00,7,32,61
2018-10-23 02:00:00,5,27,61
2018-10-19 15:00:00,5,26,61
2018-12-13 06:00:00,5,24,61
2019-02-19 23:00:00,4,21,61
2018-11-24 07:00:00,24,66,60
2019-01-11 01:00:00,12,44,60
2018-08-27 06:00:00,10,40,60
2019-04-19 21:00:00,11,40,60
2018-08-26 10:00:00,6,30,60
2018-09-04 07:00:00,6,30,60
2019-03-31 13:00:00,6,30,60
2019-05-16 05:00:00,6,30,60
2018-10-08 21:00:00,5,27,60
2018-07-31 06:00:00,4,24,60
2018-08-24 02:00:00,4,24,60
2018-09-09 15:00:00,4,24,60
2018-09-13 16:00:00,4,24,60
2018-10-04 22:00:00,4,24,60
2019-01-11 23:00:00,4,24,60
2019-01-13 02:00:00,4,24,60
2019-01-21 02:00:00,4,24,60
2019-01-06 18:00:00,25,61,59
2019-05-26 00:00:00,11,35,59
2018-10-01 10:00:00,8,33,59
2018-11-17 06:00:00,11,41,58
2018-09-23 16:00:00,7,32,58
2018-10-24 06:00:00,7,32,58
2018-12-31 22:00:00,8,31,58
2018-08-04 05:00:00,4,23,58
2018-10-29 01:00:00,29,67,57
2018-08-20 20:00:00,19,57,57
2018-10-11 18:00:00,13,45,57
2018-10-24 11:00:00,12,41,57
2018-10-14 11:00:00,12,38,57
2018-09-08 23:00:00,9,35,57
2018-12-08 16:00:00,4,21,57
2018-12-29 23:00:00,3,18,57
2019-05-10 19:00:00,3,18,57
2018-12-30 07:00:00,12,37,56
2019-04-22 13:00:00,7,29,56
2018-10-28 10:00:00,5,24,56
2018-10-08 10:00:00,3,17,56
2018-07-04 14:00:00,2,16,56
2018-07-22 23:00:00,2,16,56
2018-08-12 18:00:00,2,16,56
2018-08-26 06:00:00,2,16,56
2018-11-03 00:00:00,2,16,56
2019-04-14 18:00:00,2,16,56
2019-05-06 22:00:00,2,16,56
2018-12-06 00:00:00,2,13,56
2018-12-06 05:00:00,2,13,56
2019-04-10 19:00:00,2,13,56
2018-10-24 03:00:00,25,64,55
2019-02-15 22:00:00,22,60,55
2018-11-06 13:00:00,8,27,55
2018-09-25 22:00:00,4,23,55
2018-08-02 11:00:00,1,11,55
2018-09-04 21:00:00,1,11,55
2018-09-09 23:00:00,1,11,55
2018-10-01 09:00:00,1,11,55
2018-10-18 01:00:00,1,11,55
2019-04-05 16:00:00,1,11,55
2019-04-19 00:00:00,1,11,55
2018-10-12 02:00:00,25,62,54
2018-11-19 05:00:00,18,54,54
2019-01-20 14:00:00,17,45,54
2019-03-27 14:00:00,12,41,54
2019-01-24 21:00:00,11,37,54
2018-11-20 05:00:00,9,36,54
2019-05-04 18:00:00,12,36,54
2018-08-30 15:00:00,7,31,54
2018-12-12 09:00:00,7,28,54
2019-04-05 21:00:00,4,22,54
2018-09-30 11:00:00,15,47,53
2018-10-19 19:00:00,12,38,53
2018-10-14 18:00:00,10,37,53
2018-09-07 19:00:00,10,36,53
2018-10-02 07:00:00,9,34,53
2018-12-05 16:00:00,10,32,53
2018-10-20 21:00:00,9,31,53
2019-04-29 21:00:00,6,28,53
2019-04-23 15:00:00,9,26,53
2018-09-03 03:00:00,7,29,52
2019-04-17 16:00:00,5,24,52
2019-02-09 12:00:00,3,17,52
2018-10-22 22:00:00,8,32,51
2018-11-05 13:00:00,6,27,51
2019-03-06 03:00:00,6,24,51
2018-11-03 02:00:00,4,21,51
2018-09-10 11:00:00,5,19,51
2019-04-13 19:00:00,2,14,51
2019-02-13 17:00:00,9,32,50
2018-08-31 11:00:00,7,30,50
2018-08-27 08:00:00,5,25,50
2019-05-07 02:00:00,5,25,50
2019-05-13 16:00:00,5,25,50
2019-03-17 18:00:00,4,19,50
2018-11-05 09:00:00,4,17,50
2018-12-08 13:00:00,4,17,50
2018-12-23 02:00:00,3,17,50
2019-05-25 00:00:00,19,53,49
2019-05-22 17:00:00,13,42,49
2019-04-11 19:00:00,13,41,49
2018-12-01 18:00:00,8,26,49
2018-12-24 18:00:00,5,20,49
2019-03-01 11:00:00,19,45,48
2019-03-22 17:00:00,14,44,48
2018-10-03 16:00:00,15,43,48
2019-01-19 19:00:00,11,37,48
2019-05-18 00:00:00,8,32,48
2019-05-18 16:00:00,8,32,48
2018-07-31 14:00:00,8,26,48
2018-10-04 09:00:00,5,22,48
2019-04-05 17:00:00,3,17,48
2018-11-04 05:00:00,13,40,47
2019-02-28 07:00:00,12,36,47
2018-12-20 07:00:00,6,25,47
2018-07-30 15:00:00,5,22,47
2018-09-10 00:00:00,3,14,47
2018-10-17 19:00:00,3,14,47
2019-03-17 17:00:00,3,14,47
2019-05-01 17:00:00,13,38,46
2019-01-27 00:00:00,12,37,46
2018-10-26 16:00:00,4,20,46
2018-08-28 09:00:00,4,19,46
2018-09-30 06:00:00,2,12,46
2018-10-09 09:00:00,2,12,46
2019-04-10 20:00:00,2,12,46
2018-12-04 07:00:00,15,43,45
2019-01-06 01:00:00,14,40,45
2018-08-30 01:00:00,12,38,45
2018-09-07 12:00:00,8,31,45
2019-05-22 02:00:00,8,31,45
2019-02-21 00:00:00,10,30,45
2019-01-15 23:00:00,4,21,45
2018-09-03 08:00:00,3,18,45
2019-05-03 19:00:00,3,18,45
2019-05-04 19:00:00,3,18,45
2018-09-25 16:00:00,3,16,45
2018-07-12 08:00:00,1,10,45
2018-09-01 05:00:00,1,10,45
2018-10-05 21:00:00,1,10,45
2018-10-22 02:00:00,1,10,45
2018-12-15 07:00:00,1,10,45
2018-12-11 16:00:00,7,26,44
2019-02-09 03:00:00,6,26,44
2018-11-07 03:00:00,6,25,44
2019-04-08 11:00:00,6,23,44
2018-10-30 10:00:00,18,48,43
2019-03-29 00:00:00,11,36,43
2018-10-24 07:00:00,8,30,43
2019-03-08 22:00:00,8,30,43
2018-11-07 00:00:00,7,26,43
2018-12-02 17:00:00,4,20,43
2019-03-02 21:00:00,6,20,43
2018-12-09 10:00:00,12,36,42
2018-09-07 21:00:00,7,28,42
2018-10-23 05:00:00,7,28,42
2018-10-23 06:00:00,7,28,42
2018-10-31 01:00:00,7,28,42
2018-11-09 18:00:00,7,28,42
2018-11-11 14:00:00,7,27,42
2019-01-20 07:00:00,6,24,42
2019-04-07 01:00:00,5,23,42
2018-07-30 16:00:00,4,20,42
2019-01-18 17:00:00,5,18,42
2018-07-05 07:00:00,2,14,42
2018-07-17 15:00:00,2,14,42
2018-07-18 20:00:00,2,14,42
2018-07-23 10:00:00,2,14,42
2018-07-30 23:00:00,2,14,42
2018-08-28 15:00:00,2,14,42
2018-09-23 21:00:00,2,14,42
2018-12-13 01:00:00,2,14,42
2018-12-15 01:00:00,2,14,42
2019-04-29 16:00:00,2,14,42
2019-05-19 21:00:00,2,14,42
2019-05-24 17:00:00,2,14,42
2018-10-16 02:00:00,2,13,42
2018-11-17 13:00:00,22,53,41
2018-09-29 13:00:00,16,41,41
2018-09-30 00:00:00,13,36,41
2019-05-10 15:00:00,13,35,41
2018-12-29 21:00:00,10,29,41
2018-12-18 05:00:00,5,22,41
2018-10-18 06:00:00,4,19,41
2019-02-19 22:00:00,19,45,40
2019-02-13 18:00:00,14,41,40
2019-02-07 07:00:00,13,38,40
2019-02-15 13:00:00,10,32,40
2019-02-15 11:00:00,9,31,40
2018-11-25 07:00:00,6,25,40
2018-12-26 16:00:00,6,22,40
2018-08-30 08:00:00,4,20,40
2018-09-08 09:00:00,4,20,40
2018-10-19 23:00:00,4,20,40
2018-12-11 18:00:00,4,20,40
2018-12-27 01:00:00,4,20,40
2019-01-21 03:00:00,4,20,40
2019-02-14 06:00:00,4,18,40
2018-09-30 02:00:00,17,45,39
2018-11-11 00:00:00,13,39,39
2019-02-25 05:00:00,13,39,39
2018-10-27 18:00:00,6,24,39
2019-02-11 02:00:00,5,21,39
2018-12-03 03:00:00,4,19,39
2018-11-23 20:00:00,22,49,38
2018-10-26 19:00:00,6,23,38
2018-09-19 10:00:00,7,22,38
2018-09-10 12:00:00,3,13,38
2018-08-13 06:00:00,31,65,37
2018-09-15 10:00:00,19,45,37
2019-03-14 23:00:00,17,44,37
2018-11-18 03:00:00,6,24,37
2018-09-20 09:00:00,8,23,37
2018-10-07 09:00:00,3,15,37
2018-09-19 21:00:00,2,11,37
2018-10-05 23:00:00,2,11,37
2018-08-18 08:00:00,36,72,36
2018-11-23 05:00:00,20,48,36
2018-09-29 00:00:00,12,36,36
2018-11-20 06:00:00,9,30,36
2018-11-04 19:00:00,6,24,36
2018-12-17 01:00:00,6,24,36
2018-12-28 03:00:00,6,24,36
2019-03-12 07:00:00,7,24,36
2019-05-15 19:00:00,6,24,36
2018-10-20 10:00:00,5,19,36
2018-10-12 15:00:00,5,18,36
2018-12-10 03:00:00,3,16,36
2018-08-31 22:00:00,1,9,36
2018-09-18 12:00:00,12,32,35
2018-12-29 17:00:00,11,32,35
2018-11-09 02:00:00,9,29,35
2019-02-01 20:00:00,8,25,35
2019-03-02 09:00:00,7,22,35
2019-01-10 18:00:00,3,14,35
2019-02-21 05:00:00,3,14,35
2018-08-16 08:00:00,26,56,34
2018-12-13 14:00:00,14,35,34
2018-12-25 17:00:00,14,35,34
2018-10-18 11:00:00,11,32,34
2018-09-27 18:00:00,7,23,34
2018-10-15 16:00:00,5,20,34
2018-09-24 10:00:00,5,18,34
2019-04-19 18:00:00,4,17,34
2019-03-24 21:00:00,13,36,33
2019-03-24 00:00:00,11,33,33
2018-11-05 19:00:00,8,26,33
2018-12-29 22:00:00,7,24,33
2018-09-04 12:00:00,5,18,33
2018-11-02 02:00:00,4,18,33
2019-02-01 04:00:00,4,16,33
2018-11-04 09:00:00,14,34,32
2019-04-11 15:00:00,9,28,32
2018-12-10 16:00:00,9,27,32
2018-10-28 04:00:00,7,24,32
2018-08-29 09:00:00,5,19,32
2018-10-10 07:00:00,4,18,32
2019-01-11 13:00:00,4,18,32
2018-09-01 12:00:00,5,16,32
2019-04-22 14:00:00,5,16,32
2019-01-25 08:00:00,13,33,31
2019-02-09 17:00:00,9,28,31
2018-09-03 05:00:00,6,22,31
2019-05-03 20:00:00,6,22,31
2019-02-13 22:00:00,7,21,31
2019-05-19 05:00:00,3,14,31
2018-11-20 03:00:00,12,33,30
2018-10-21 18:00:00,10,30,30
2019-01-15 05:00:00,10,30,30
2018-08-06 07:00:00,5,20,30
2018-10-28 00:00:00,5,20,30
2019-05-13 15:00:00,5,20,30
2019-05-13 17:00:00,5,20,30
2018-08-30 13:00:00,3,15,30
2018-09-18 02:00:00,3,15,30
2018-10-11 07:00:00,3,15,30
2018-10-26 15:00:00,3,15,30
2018-10-26 17:00:00,3,15,30
2018-10-31 22:00:00,3,15,30
2018-11-01 00:00:00,3,15,30
2018-11-12 08:00:00,3,15,30
2019-03-12 01:00:00,3,15,30
2019-03-21 19:00:00,3,15,30
2019-04-04 18:00:00,3,15,30
2019-04-06 17:00:00,3,15,30
2019-04-08 15:00:00,3,15,30
2019-05-04 20:00:00,3,15,30
2018-07-04 13:00:00,2,12,30
2018-07-05 15:00:00,2,12,30
2018-07-19 22:00:00,2,12,30
2018-07-31 11:00:00,2,12,30
2018-08-23 02:00:00,2,12,30
2018-09-04 09:00:00,2,12,30
2018-09-19 09:00:00,3,12,30
2018-10-09 10:00:00,3,12,30
2018-10-19 00:00:00,2,12,30
2018-11-02 21:00:00,2,12,30
2018-12-02 06:00:00,2,12,30
2019-01-01 02:00:00,2,12,30
2019-02-23 02:00:00,2,12,30
2019-03-19 08:00:00,2,12,30
2019-04-14 17:00:00,2,12,30
2018-08-14 09:00:00,29,58,29
2019-01-11 10:00:00,23,49,29
2018-11-17 04:00:00,11,31,29
2019-03-15 21:00:00,12,31,29
2018-10-10 12:00:00,2,10,29
2018-10-12 12:00:00,2,10,29
2019-02-28 06:00:00,13,32,28
2018-10-07 10:00:00,12,30,28
2018-09-07 23:00:00,8,25,28
2018-12-06 14:00:00,3,14,28
2019-04-13 18:00:00,3,13,28
2018-09-10 07:00:00,1,8,28
2018-09-23 09:00:00,1,8,28
2018-09-24 21:00:00,1,8,28
2018-10-01 05:00:00,1,8,28
2019-03-31 19:00:00,1,8,28
2018-12-19 10:00:00,14,33,27
2018-08-11 22:00:00,9,27,27
2018-09-12 21:00:00,9,27,27
2019-02-11 06:00:00,11,27,27
2019-03-27 16:00:00,9,27,27
2019-03-29 13:00:00,9,27,27
2019-05-09 22:00:00,7,22,27
2018-11-04 23:00:00,7,21,27
2018-09-29 14:00:00,5,16,27
2018-11-01 10:00:00,4,15,27
2018-11-08 02:00:00,14,34,26
2018-08-19 09:00:00,10,28,26
2018-12-28 00:00:00,10,28,26
2018-12-17 19:00:00,8,23,26
2019-01-29 05:00:00,8,23,26
2018-12-23 21:00:00,8,22,26
2018-12-28 12:00:00,6,20,26
2019-01-27 07:00:00,25,50,25
2018-12-25 09:00:00,13,31,25
2019-01-10 23:00:00,11,29,25
2018-12-01 01:00:00,9,26,25
2019-04-30 02:00:00,9,26,25
2018-12-19 01:00:00,5,18,25
2019-03-07 20:00:00,5,18,25
2019-03-15 20:00:00,5,18,25
2019-04-21 12:00:00,5,18,25
2018-09-05 08:00:00,4,16,25
2018-12-20 18:00:00,3,12,25
2019-03-21 23:00:00,2,11,25
2019-01-30 03:00:00,24,48,24
2019-01-25 09:00:00,13,30,24
2019-02-12 03:00:00,12,29,24
2019-01-20 04:00:00,10,27,24
2019-03-06 13:00:00,8,24,24
2019-03-06 23:00:00,8,24,24
2019-05-17 20:00:00,8,24,24
2019-05-22 04:00:00,8,24,24
2019-02-04 22:00:00,8,21,24
2018-11-05 20:00:00,5,18,24
2019-03-02 08:00:00,5,17,24
2018-07-21 05:00:00,4,16,24
2018-07-24 07:00:00,4,16,24
2018-07-25 17:00:00,4,16,24
2018-08-07 12:00:00,4,16,24
2018-08-15 13:00:00,4,16,24
2018-08-19 22:00:00,4,16,24
2018-09-06 12:00:00,4,16,24
2018-09-06 17:00:00,4,16,24
2018-11-06 20:00:00,4,16,24
2018-12-20 06:00:00,4,16,24
2019-03-07 19:00:00,4,16,24
2019-04-24 16:00:00,4,16,24
2018-11-12 11:00:00,2,10,24
2018-11-08 15:00:00,11,27,23
2018-09-25 09:00:00,7,19,23
2018-09-25 12:00:00,7,19,23
2018-09-01 16:00:00,3,11,23
2018-11-22 06:00:00,22,44,22
2018-09-30 04:00:00,16,35,22
2018-09-30 17:00:00,10,25,22
2018-11-27 21:00:00,9,24,22
2019-02-23 07:00:00,9,24,22
2018-11-23 14:00:00,8,23,22
2019-04-30 21:00:00,7,20,22
2018-10-23 03:00:00,6,17,22
2018-10-26 20:00:00,5,17,22
2019-01-23 04:00:00,4,15,22
2019-02-09 11:00:00,2,9,22
2018-11-05 10:00:00,10,25,21
2019-02-04 23:00:00,10,25,21
2018-10-04 15:00:00,8,22,21
2019-04-17 22:00:00,8,22,21
2018-09-09 03:00:00,7,21,21
2019-02-14 01:00:00,7,21,21
2019-03-06 10:00:00,7,21,21
2019-03-31 17:00:00,7,21,21
2019-05-13 21:00:00,7,21,21
2018-10-25 01:00:00,6,19,21
2019-04-12 20:00:00,6,19,21
2018-11-08 14:00:00,6,18,21
2018-09-18 22:00:00,3,12,21
2018-12-10 01:00:00,3,12,21
2019-04-14 20:00:00,3,12,21
2019-05-10 18:00:00,3,12,21
2019-03-04 17:00:00,2,10,21
2018-08-05 22:00:00,1,7,21
2018-09-20 16:00:00,1,7,21
2018-10-12 11:00:00,1,7,21
2018-10-17 21:00:00,1,7,21
2018-12-06 01:00:00,1,7,21
2018-12-08 22:00:00,1,7,21
2019-03-10 18:00:00,1,7,21
2019-04-10 12:00:00,1,7,21
2019-04-18 22:00:00,1,7,21
2018-10-12 20:00:00,14,31,20
2019-05-13 20:00:00,10,25,20
2018-12-13 17:00:00,10,24,20
2019-02-07 01:00:00,5,16,20
2018-09-26 11:00:00,4,13,20
2018-07-23 19:00:00,2,10,20
2018-08-26 09:00:00,2,10,20
2018-08-31 12:00:00,2,10,20
2018-09-05 15:00:00,2,10,20
2018-09-06 06:00:00,2,10,20
2018-11-17 09:00:00,2,10,20
2019-05-23 17:00:00,2,10,20
2018-08-16 23:00:00,19,38,19
2019-03-29 18:00:00,13,29,19
2018-11-13 12:00:00,12,27,19
2018-08-26 23:00:00,11,26,19
2019-05-26 02:00:00,11,26,19
2019-01-12 18:00:00,9,23,19
2018-10-21 22:00:00,8,20,19
2018-09-19 12:00:00,6,17,19
2018-10-09 00:00:00,5,14,19
2019-03-29 19:00:00,4,14,19
2019-05-26 04:00:00,4,14,19
2018-09-01 10:00:00,3,11,19
2018-10-08 09:00:00,3,11,19
2019-02-13 05:00:00,3,11,19
2019-03-04 19:00:00,3,11,19
2019-03-04 20:00:00,3,11,19
2019-03-17 21:00:00,3,11,19
2018-10-27 03:00:00,18,36,18
2018-11-19 04:00:00,18,36,18
2019-03-23 16:00:00,18,36,18
2018-08-24 21:00:00,6,18,18
2018-10-10 10:00:00,6,18,18
2018-11-04 01:00:00,6,18,18
2018-11-04 18:00:00,6,18,18
2018-11-10 17:00:00,6,18,18
2018-11-24 16:00:00,7,18,18
2018-11-29 01:00:00,6,18,18
2019-03-31 15:00:00,6,18,18
2019-05-16 03:00:00,6,18,18
2019-03-08 00:00:00,5,16,18
2018-10-19 11:00:00,4,14,18
2018-09-23 11:00:00,4,13,18
2018-07-19 06:00:00,3,12,18
2018-07-30 10:00:00,3,12,18
2018-08-20 13:00:00,3,12,18
2018-08-27 23:00:00,3,12,18
2018-08-28 06:00:00,3,12,18
2018-10-03 07:00:00,3,12,18
2018-10-27 16:00:00,3,12,18
2018-11-03 19:00:00,3,12,18
2019-01-19 02:00:00,3,12,18
2019-03-21 17:00:00,3,12,18
2019-04-08 14:00:00,3,12,18
2019-05-03 17:00:00,3,12,18
2019-05-16 20:00:00,3,12,18
2018-08-21 04:00:00,17,34,17
2018-08-21 05:00:00,17,34,17
2019-03-02 07:00:00,17,34,17
2018-10-16 11:00:00,7,19,17
2018-09-13 00:00:00,6,16,17
2018-10-03 00:00:00,3,11,17
2018-09-28 16:00:00,3,10,17
2019-01-10 07:00:00,3,10,17
2018-10-01 21:00:00,16,32,16
2019-03-14 21:00:00,16,32,16
2018-09-06 22:00:00,11,24,16
2018-10-23 04:00:00,8,20,16
2018-09-01 19:00:00,6,17,16
2018-11-06 23:00:00,6,17,16
2018-11-09 15:00:00,6,17,16
2019-02-18 03:00:00,5,14,16
2018-09-19 14:00:00,4,13,16
2019-03-21 22:00:00,2,9,16
2018-12-24 07:00:00,2,8,16
2019-03-06 05:00:00,2,8,16
2019-04-13 16:00:00,2,8,16
2018-08-30 23:00:00,15,30,15
2019-03-14 15:00:00,15,30,15
2018-09-09 09:00:00,13,27,15
2019-02-13 21:00:00,11,24,15
2019-03-24 13:00:00,11,24,15
2018-08-25 05:00:00,7,18,15
2019-01-06 00:00:00,6,16,15
2018-07-08 19:00:00,5,15,15
2018-10-01 11:00:00,5,15,15
2018-10-23 12:00:00,6,15,15
2018-10-29 20:00:00,5,15,15
2019-04-13 03:00:00,5,15,15
2019-05-03 21:00:00,5,15,15
2018-10-18 10:00:00,5,14,15
2018-10-31 14:00:00,5,14,15
2019-04-11 18:00:00,5,14,15
2018-09-13 15:00:00,4,13,15
2019-03-02 00:00:00,4,13,15
2019-01-03 17:00:00,4,12,15
2018-09-06 02:00:00,3,11,15
2018-07-07 13:00:00,1,6,15
2018-07-08 08:00:00,1,6,15
2018-10-29 06:00:00,1,6,15
2018-11-13 07:00:00,1,6,15
2018-12-05 05:00:00,1,6,15
2018-12-06 18:00:00,1,6,15
2019-01-09 00:00:00,1,6,15
2019-04-10 10:00:00,1,6,15
2019-04-10 11:00:00,1,6,15
2019-04-23 12:00:00,1,6,15
2018-11-09 09:00:00,14,28,14
2018-11-28 22:00:00,14,28,14
2019-01-10 03:00:00,14,28,14
2019-04-21 11:00:00,14,28,14
2018-11-19 23:00:00,10,22,14
2018-12-05 11:00:00,9,20,14
2018-09-18 14:00:00,7,17,14
2018-10-13 11:00:00,6,16,14
2018-10-21 12:00:00,6,16,14
2018-12-27 18:00:00,6,16,14
2019-04-10 09:00:00,5,13,14
2019-01-24 07:00:00,4,12,14
2019-02-12 06:00:00,4,12,14
2018-10-04 00:00:00,3,10,14
2018-11-24 21:00:00,13,26,13
2019-02-27 05:00:00,8,18,13
2019-01-02 07:00:00,6,15,13
2019-01-05 18:00:00,5,14,13
2019-05-04 06:00:00,5,14,13
2018-08-27 12:00:00,4,11,13
2018-09-09 16:00:00,3,10,13
2019-03-22 01:00:00,3,10,13
2019-01-13 17:00:00,2,8,13
2019-02-25 06:00:00,2,8,13
2019-04-10 14:00:00,2,8,13
2018-09-29 05:00:00,12,24,12
2019-03-22 12:00:00,12,24,12
2019-03-24 10:00:00,12,24,12
2019-03-30 07:00:00,12,24,12
2018-08-30 00:00:00,10,21,12
2018-10-24 13:00:00,8,18,12
2018-12-31 07:00:00,7,16,12
2018-08-16 06:00:00,6,15,12
2019-05-07 20:00:00,6,15,12
2018-08-23 08:00:00,4,12,12
2018-12-19 00:00:00,4,12,12
2019-01-12 23:00:00,4,12,12
2019-03-11 20:00:00,4,12,12
2019-04-28 01:00:00,4,12,12
2019-04-30 04:00:00,4,12,12
2019-04-08 12:00:00,3,10,12
2018-07-17 12:00:00,2,8,12
2018-07-17 13:00:00,2,8,12
2018-07-20 10:00:00,2,8,12
2018-07-31 13:00:00,2,8,12
2018-08-28 23:00:00,2,8,12
2018-09-03 22:00:00,2,8,12
2018-09-04 11:00:00,2,8,12
2018-09-06 08:00:00,2,8,12
2018-12-10 00:00:00,2,8,12
2018-12-16 22:00:00,2,8,12
2019-02-21 04:00:00,2,8,12
2019-03-22 02:00:00,2,8,12
2019-03-30 20:00:00,2,8,12
2019-04-29 08:00:00,2,8,12
2018-09-29 09:00:00,11,22,11
2018-12-30 00:00:00,11,22,11
2019-02-08 22:00:00,11,22,11
2019-03-22 10:00:00,11,22,11
2019-01-01 21:00:00,9,19,11
2019-01-06 02:00:00,7,16,11
2019-01-16 07:00:00,7,16,11
2018-10-10 08:00:00,6,14,11
2019-04-09 15:00:00,6,14,11
2018-09-19 11:00:00,5,13,11
2018-11-08 07:00:00,5,13,11
2018-11-28 01:00:00,5,13,11
2019-05-07 16:00:00,5,13,11
2018-12-28 16:00:00,4,11,11
2018-09-01 17:00:00,2,7,11
2018-10-10 14:00:00,2,7,11
2019-03-01 05:00:00,2,7,11
2019-04-10 13:00:00,2,7,11
2019-04-10 17:00:00,2,7,11
2018-08-14 10:00:00,10,20,10
2018-11-21 06:00:00,10,20,10
2019-04-02 00:00:00,10,20,10
2019-04-11 16:00:00,10,20,10
2019-01-27 01:00:00,8,17,10
2019-02-09 02:00:00,8,17,10
2019-02-15 21:00:00,8,17,10
2019-01-30 18:00:00,6,14,10
2019-05-15 15:00:00,6,14,10
2018-09-01 15:00:00,5,12,10
2018-11-28 15:00:00,5,12,10
2018-12-06 23:00:00,4,11,10
2019-03-08 18:00:00,4,11,10
2019-03-21 13:00:00,4,11,10
2019-04-17 23:00:00,4,11,10
2019-04-19 20:00:00,4,11,10
2019-05-16 19:00:00,4,11,10
2018-08-06 04:00:00,1,5,10
2018-09-18 10:00:00,1,5,10
2018-09-28 17:00:00,1,5,10
2018-10-01 04:00:00,1,5,10
2018-10-09 01:00:00,1,5,10
2018-11-14 07:00:00,1,5,10
2018-12-05 04:00:00,1,5,10
2019-02-21 01:00:00,1,5,10
2019-03-08 07:00:00,1,5,10
2019-03-17 22:00:00,1,5,10
2019-04-23 19:00:00,1,5,10
2018-09-23 22:00:00,9,18,9
2018-10-23 22:00:00,9,18,9
2018-11-14 02:00:00,9,18,9
2018-11-20 04:00:00,9,18,9
2018-12-17 22:00:00,9,18,9
2019-01-28 05:00:00,9,18,9
2018-08-30 03:00:00,7,15,9
2018-10-28 23:00:00,7,15,9
2018-11-16 13:00:00,7,15,9
2018-09-15 11:00:00,5,12,9
2018-12-24 23:00:00,5,12,9
2019-04-14 21:00:00,5,12,9
2018-10-03 19:00:00,4,10,9
2018-10-08 11:00:00,4,10,9
2018-10-15 15:00:00,4,10,9
2018-10-23 13:00:00,4,10,9
2019-02-07 15:00:00,4,10,9
2018-06-19 12:00:00,3,9,9
2018-06-20 13:00:00,3,9,9
2018-08-03 15:00:00,3,9,9
2018-10-20 23:00:00,3,9,9
2018-10-26 13:00:00,3,9,9
2018-11-11 17:00:00,3,9,9
2019-01-18 10:00:00,3,9,9
2019-02-14 19:00:00,3,9,9
2019-03-12 21:00:00,3,9,9
2019-03-15 19:00:00,3,9,9
2019-03-26 15:00:00,3,9,9
2019-03-31 22:00:00,3,9,9
2019-04-30 19:00:00,3,9,9
2019-05-04 21:00:00,3,9,9
2019-05-08 16:00:00,3,9,9
2019-05-20 12:00:00,3,9,9
2018-09-03 14:00:00,2,7,9
2018-09-22 09:00:00,2,7,9
2018-10-18 09:00:00,2,7,9
2019-01-17 17:00:00,2,7,9
2019-01-22 06:00:00,2,7,9
2019-03-17 23:00:00,2,7,9
2018-08-15 11:00:00,8,16,8
2018-10-17 10:00:00,8,16,8
2018-11-10 14:00:00,8,16,8
2018-12-01 00:00:00,8,16,8
2019-01-28 06:00:00,8,16,8
2019-02-08 00:00:00,8,16,8
2019-03-07 13:00:00,8,16,8
2019-03-31 11:00:00,8,16,8
2018-09-05 09:00:00,6,13,8
2019-02-14 07:00:00,6,13,8
2018-09-19 16:00:00,4,10,8
2018-09-25 08:00:00,4,10,8
2018-10-04 01:00:00,4,10,8
2018-10-14 07:00:00,4,10,8
2019-01-24 22:00:00,4,10,8
2019-04-03 14:00:00,4,10,8
2019-04-03 15:00:00,4,10,8
2018-09-20 13:00:00,3,8,8
2018-12-13 07:00:00,3,8,8
2018-12-27 00:00:00,3,8,8
2018-09-04 03:00:00,7,14,7
2018-09-09 00:00:00,7,14,7
2018-10-15 01:00:00,7,14,7
2018-11-18 06:00:00,7,14,7
2018-12-24 22:00:00,7,14,7
2019-01-09 06:00:00,7,14,7
2019-01-09 07:00:00,7,14,7
2019-03-06 08:00:00,7,14,7
2019-03-06 09:00:00,7,14,7
2018-10-15 00:00:00,5,11,7
2018-11-13 08:00:00,5,11,7
2018-08-18 11:00:00,3,8,7
2018-09-05 13:00:00,3,8,7
2018-09-22 10:00:00,3,8,7
2018-09-26 12:00:00,3,8,7
2018-10-21 09:00:00,3,8,7
2018-09-12 23:00:00,2,6,7
2019-01-05 22:00:00,2,6,7
2019-03-03 01:00:00,2,6,7
2019-03-17 19:00:00,2,6,7
2019-03-18 00:00:00,2,6,7
2019-04-10 08:00:00,2,6,7
2018-07-04 12:00:00,6,12,6
2018-09-21 17:00:00,6,12,6
2018-09-27 07:00:00,6,12,6
2018-10-28 13:00:00,6,12,6
2018-11-03 23:00:00,6,12,6
2018-11-29 12:00:00,6,12,6
2018-11-30 12:00:00,6,12,6
2018-11-30 18:00:00,6,12,6
2018-12-07 00:00:00,6,12,6
2018-12-25 00:00:00,6,12,6
2019-01-14 17:00:00,6,12,6
2019-02-02 03:00:00,6,12,6
2019-02-08 20:00:00,6,12,6
2019-03-06 06:00:00,6,12,6
2019-03-23 17:00:00,6,12,6
2018-10-09 18:00:00,4,9,6
2018-10-22 10:00:00,4,9,6
2019-01-16 04:00:00,4,9,6
2019-03-15 17:00:00,4,9,6
2018-06-18 12:00:00,2,6,6
2018-06-18 13:00:00,2,6,6
2018-07-16 14:00:00,2,6,6
2018-08-07 16:00:00,2,6,6
2018-08-22 00:00:00,2,6,6
2018-08-29 08:00:00,2,6,6
2018-08-29 22:00:00,2,6,6
2018-08-31 14:00:00,2,6,6
2018-09-04 08:00:00,2,6,6
2018-09-11 15:00:00,2,6,6
2018-09-18 21:00:00,2,6,6
2018-12-13 00:00:00,2,6,6
2018-12-22 17:00:00,2,6,6
2019-01-26 06:00:00,2,6,6
2019-02-01 02:00:00,2,6,6
2019-02-14 22:00:00,2,6,6
2019-03-30 18:00:00,2,6,6
2019-03-30 21:00:00,2,6,6
2019-03-31 01:00:00,2,6,6
2019-04-14 16:00:00,2,6,6
2018-07-15 23:00:00,1,4,6
2018-07-16 13:00:00,1,4,6
2018-08-05 09:00:00,1,4,6
2018-09-14 00:00:00,1,4,6
2018-09-19 22:00:00,1,4,6
2018-10-08 12:00:00,1,4,6
2018-10-09 08:00:00,1,4,6
2018-10-10 11:00:00,1,4,6
2018-10-12 19:00:00,1,4,6
2018-10-29 02:00:00,1,4,6
2018-11-03 10:00:00,1,4,6
2018-12-06 19:00:00,1,4,6
2018-12-09 07:00:00,1,4,6
2018-12-28 19:00:00,1,4,6
2019-01-05 06:00:00,1,4,6
2019-01-18 01:00:00,1,4,6
2019-02-07 22:00:00,1,4,6
2019-02-22 10:00:00,1,4,6
2019-03-17 16:00:00,1,4,6
2019-03-31 20:00:00,1,4,6
2019-04-22 07:00:00,1,4,6
2018-06-23 14:00:00,5,10,5
2018-08-29 04:00:00,5,10,5
2018-09-06 18:00:00,5,10,5
2018-09-27 23:00:00,5,10,5
2018-10-20 22:00:00,5,10,5
2018-10-28 01:00:00,5,10,5
2018-11-09 00:00:00,5,10,5
2018-11-18 04:00:00,5,10,5
2018-12-26 07:00:00,5,10,5
2019-01-07 22:00:00,5,10,5
2019-01-19 05:00:00,5,10,5
2019-02-09 21:00:00,5,10,5
2019-03-08 01:00:00,5,10,5
2019-03-12 06:00:00,5,10,5
2019-03-28 11:00:00,5,10,5
2019-05-02 09:00:00,5,10,5
2018-09-05 19:00:00,3,7,5
2018-10-03 20:00:00,3,7,5
2018-10-08 01:00:00,3,7,5
2018-10-18 05:00:00,3,7,5
2018-11-19 10:00:00,3,7,5
2018-11-28 10:00:00,3,7,5
2018-12-06 16:00:00,3,7,5
2018-12-20 17:00:00,3,7,5
2019-01-08 16:00:00,3,7,5
2019-02-14 03:00:00,3,7,5
2019-03-02 01:00:00,3,7,5
2019-03-03 07:00:00,3,7,5
2019-04-02 20:00:00,3,7,5
2019-04-23 21:00:00,3,7,5
2018-06-23 06:00:00,4,8,4
2018-09-03 13:00:00,4,8,4
2018-09-05 20:00:00,4,8,4
2018-09-06 14:00:00,4,8,4
2018-09-13 02:00:00,4,8,4
2018-09-16 20:00:00,4,8,4
2018-09-17 08:00:00,4,8,4
2018-09-18 11:00:00,4,8,4
2018-09-28 09:00:00,4,8,4
2018-09-28 15:00:00,4,8,4
2018-10-21 01:00:00,4,8,4
2018-12-28 10:00:00,4,8,4
2019-01-26 02:00:00,4,8,4
2019-02-12 02:00:00,4,8,4
2019-02-15 09:00:00,4,8,4
2019-02-27 02:00:00,4,8,4
2019-03-09 00:00:00,4,8,4
2019-03-13 22:00:00,4,8,4
2019-03-15 10:00:00,4,8,4
2019-04-01 15:00:00,4,8,4
2019-04-02 01:00:00,4,8,4
2019-04-02 02:00:00,4,8,4
2019-04-25 19:00:00,4,8,4
2019-04-27 21:00:00,4,8,4
2019-04-29 12:00:00,4,8,4
2019-05-16 08:00:00,4,8,4
2018-09-01 11:00:00,2,5,4
2018-09-18 13:00:00,2,5,4
2018-09-24 06:00:00,2,5,4
2018-09-26 17:00:00,2,5,4
2018-10-12 16:00:00,2,5,4
2018-10-22 09:00:00,2,5,4
2018-10-22 14:00:00,2,5,4
2018-11-10 12:00:00,2,5,4
2019-01-13 18:00:00,2,5,4
2019-01-25 02:00:00,2,5,4
2019-01-29 04:00:00,2,5,4
2019-01-30 17:00:00,2,5,4
2019-02-17 05:00:00,2,5,4
2019-04-05 13:00:00,2,5,4
2019-04-09 14:00:00,2,5,4
2018-06-21 19:00:00,3,6,3
2018-06-23 10:00:00,3,6,3
2018-06-28 14:00:00,3,6,3
2018-07-02 10:00:00,3,6,3
2018-07-02 15:00:00,3,6,3
2018-07-03 07:00:00,3,6,3
2018-07-03 10:00:00,3,6,3
2018-08-14 15:00:00,3,6,3
2018-08-30 02:00:00,3,6,3
2018-09-03 10:00:00,3,6,3
2018-09-09 02:00:00,3,6,3
2018-09-11 02:00:00,3,6,3
2018-09-16 09:00:00,3,6,3
2018-09-19 13:00:00,3,6,3
2018-09-24 00:00:00,3,6,3
2018-09-26 07:00:00,3,6,3
2018-10-03 06:00:00,3,6,3
2018-10-07 23:00:00,3,6,3
2018-10-11 04:00:00,3,6,3
2018-10-11 10:00:00,3,6,3
2018-10-18 16:00:00,3,6,3
2018-10-23 09:00:00,3,6,3
2018-11-08 12:00:00,3,6,3
2018-11-16 04:00:00,3,6,3
2018-11-24 00:00:00,3,6,3
2018-12-07 01:00:00,3,6,3
2018-12-24 17:00:00,3,6,3
2018-12-25 06:00:00,3,6,3
2018-12-28 11:00:00,3,6,3
2018-12-29 00:00:00,3,6,3
2019-01-03 06:00:00,3,6,3
2019-01-18 12:00:00,3,6,3
2019-02-13 07:00:00,3,6,3
2019-02-16 23:00:00,3,6,3
2019-02-20 00:00:00,3,6,3
2019-02-21 06:00:00,3,6,3
2019-03-12 23:00:00,3,6,3
2019-03-21 18:00:00,3,6,3
2019-04-08 10:00:00,3,6,3
2019-04-17 14:00:00,3,6,3
2019-04-17 15:00:00,3,6,3
2019-05-01 16:00:00,3,6,3
2019-05-06 15:00:00,3,6,3
2018-06-21 15:00:00,1,3,3
2018-06-23 20:00:00,1,3,3
2018-08-06 05:00:00,1,3,3
2018-08-27 13:00:00,1,3,3
2018-08-31 16:00:00,1,3,3
2018-09-05 01:00:00,1,3,3
2018-10-03 23:00:00,1,3,3
2018-10-08 07:00:00,1,3,3
2018-10-12 17:00:00,1,3,3
2018-10-13 02:00:00,1,3,3
2018-10-18 02:00:00,1,3,3
2018-10-21 08:00:00,1,3,3
2018-10-22 12:00:00,1,3,3
2018-10-28 19:00:00,1,3,3
2018-10-28 21:00:00,1,3,3
2018-12-05 07:00:00,1,3,3
2018-12-06 21:00:00,1,3,3
2018-12-10 07:00:00,1,3,3
2018-12-16 07:00:00,1,3,3
2018-12-18 23:00:00,1,3,3
2018-12-21 04:00:00,1,3,3
2018-12-21 05:00:00,1,3,3
2018-12-21 16:00:00,1,3,3
2019-01-07 18:00:00,1,3,3
2019-01-13 06:00:00,1,3,3
2019-01-18 13:00:00,1,3,3
2019-01-23 03:00:00,1,3,3
2019-02-06 06:00:00,1,3,3
2019-03-18 18:00:00,1,3,3
2019-04-23 13:00:00,1,3,3
2019-04-23 18:00:00,1,3,3
2019-04-26 20:00:00,1,3,3
2018-06-22 20:00:00,2,4,2
2018-06-25 11:00:00,2,4,2
2018-06-28 07:00:00,2,4,2
2018-06-28 10:00:00,2,4,2
2018-06-28 12:00:00,2,4,2
2018-06-28 13:00:00,2,4,2
2018-07-01 12:00:00,2,4,2
2018-07-02 11:00:00,2,4,2
2018-07-02 14:00:00,2,4,2
2018-07-03 12:00:00,2,4,2
2018-07-23 07:00:00,2,4,2
2018-08-13 17:00:00,2,4,2
2018-08-18 16:00:00,2,4,2
2018-08-22 01:00:00,2,4,2
2018-08-23 01:00:00,2,4,2
2018-08-26 07:00:00,2,4,2
2018-08-26 22:00:00,2,4,2
2018-08-28 18:00:00,2,4,2
2018-08-31 03:00:00,2,4,2
2018-09-05 12:00:00,2,4,2
2018-09-08 16:00:00,2,4,2
2018-09-11 10:00:00,2,4,2
2018-09-11 13:00:00,2,4,2
2018-09-21 13:00:00,2,4,2
2018-10-04 23:00:00,2,4,2
2018-10-07 01:00:00,2,4,2
2018-10-10 01:00:00,2,4,2
2018-10-14 13:00:00,2,4,2
2018-10-21 15:00:00,2,4,2
2018-10-24 09:00:00,2,4,2
2018-11-01 05:00:00,2,4,2
2018-11-10 13:00:00,2,4,2
2018-11-25 06:00:00,2,4,2
2018-11-29 07:00:00,2,4,2
2018-11-29 09:00:00,2,4,2
2018-12-02 04:00:00,2,4,2
2018-12-06 22:00:00,2,4,2
2018-12-10 02:00:00,2,4,2
2018-12-13 15:00:00,2,4,2
2018-12-18 04:00:00,2,4,2
2018-12-19 21:00:00,2,4,2
2018-12-19 23:00:00,2,4,2
2018-12-20 21:00:00,2,4,2
2018-12-28 15:00:00,2,4,2
2019-01-02 18:00:00,2,4,2
2019-01-02 22:00:00,2,4,2
2019-01-08 22:00:00,2,4,2
2019-01-12 21:00:00,2,4,2
2019-01-20 06:00:00,2,4,2
2019-02-11 07:00:00,2,4,2
2019-02-12 01:00:00,2,4,2
2019-02-15 00:00:00,2,4,2
2019-02-24 04:00:00,2,4,2
2019-03-01 23:00:00,2,4,2
2019-03-20 17:00:00,2,4,2
2019-03-20 20:00:00,2,4,2
2019-03-30 23:00:00,2,4,2
2019-03-31 02:00:00,2,4,2
2019-04-01 16:00:00,2,4,2
2019-04-01 23:00:00,2,4,2
2019-04-12 12:00:00,2,4,2
2019-04-13 02:00:00,2,4,2
2019-04-29 17:00:00,2,4,2
2019-05-10 16:00:00,2,4,2
2019-05-14 16:00:00,2,4,2
2019-05-19 22:00:00,2,4,2
2019-05-21 21:00:00,2,4,2
2018-06-11 12:00:00,1,2,1
2018-06-19 08:00:00,1,2,1
2018-06-28 08:00:00,1,2,1
2018-06-30 14:00:00,1,2,1
2018-07-02 09:00:00,1,2,1
2018-07-08 15:00:00,1,2,1
2018-08-01 13:00:00,1,2,1
2018-08-13 09:00:00,1,2,1
2018-08-28 14:00:00,1,2,1
2018-08-29 11:00:00,1,2,1
2018-08-31 15:00:00,1,2,1
2018-09-05 14:00:00,1,2,1
2018-09-08 13:00:00,1,2,1
2018-09-15 09:00:00,1,2,1
2018-09-15 12:00:00,1,2,1
2018-09-15 13:00:00,1,2,1
2018-09-18 15:00:00,1,2,1
2018-09-20 20:00:00,1,2,1
2018-09-24 09:00:00,1,2,1
2018-09-27 14:00:00,1,2,1
2018-09-29 07:00:00,1,2,1
2018-10-02 08:00:00,1,2,1
2018-10-04 07:00:00,1,2,1
2018-10-07 12:00:00,1,2,1
2018-10-07 14:00:00,1,2,1
2018-10-08 08:00:00,1,2,1
2018-10-13 01:00:00,1,2,1
2018-10-15 07:00:00,1,2,1
2018-10-22 06:00:00,1,2,1
2018-10-24 10:00:00,1,2,1
2018-11-01 07:00:00,1,2,1
2018-11-06 14:00:00,1,2,1
2018-11-10 09:00:00,1,2,1
2018-11-10 10:00:00,1,2,1
2018-11-20 10:00:00,1,2,1
2018-12-01 04:00:00,1,2,1
2018-12-06 20:00:00,1,2,1
2018-12-07 03:00:00,1,2,1
2018-12-07 15:00:00,1,2,1
2018-12-08 00:00:00,1,2,1
2018-12-08 01:00:00,1,2,1
2018-12-08 17:00:00,1,2,1
2018-12-08 19:00:00,1,2,1
2018-12-08 21:00:00,1,2,1
2018-12-17 21:00:00,1,2,1
2018-12-21 15:00:00,1,2,1
2018-12-23 18:00:00,1,2,1
2018-12-24 05:00:00,1,2,1
2018-12-25 19:00:00,1,2,1
2018-12-25 22:00:00,1,2,1
2018-12-28 13:00:00,1,2,1
2018-12-28 18:00:00,1,2,1
2018-12-28 23:00:00,1,2,1
2019-01-02 06:00:00,1,2,1
2019-01-05 21:00:00,1,2,1
2019-01-09 01:00:00,1,2,1
2019-01-13 05:00:00,1,2,1
2019-01-16 06:00:00,1,2,1
2019-01-28 02:00:00,1,2,1
2019-01-29 06:00:00,1,2,1
2019-01-30 07:00:00,1,2,1
2019-02-02 07:00:00,1,2,1
2019-02-07 14:00:00,1,2,1
2019-02-09 22:00:00,1,2,1
2019-02-09 23:00:00,1,2,1
2019-02-11 05:00:00,1,2,1
2019-02-15 19:00:00,1,2,1
2019-02-18 02:00:00,1,2,1
2019-02-18 06:00:00,1,2,1
2019-02-19 01:00:00,1,2,1
2019-02-19 05:00:00,1,2,1
2019-02-20 01:00:00,1,2,1
2019-03-01 06:00:00,1,2,1
2019-03-01 08:00:00,1,2,1
2019-03-02 03:00:00,1,2,1
2019-03-03 03:00:00,1,2,1
2019-03-04 23:00:00,1,2,1
2019-03-05 01:00:00,1,2,1
2019-03-05 06:00:00,1,2,1
2019-03-05 07:00:00,1,2,1
2019-03-06 16:00:00,1,2,1
2019-03-07 07:00:00,1,2,1
2019-03-11 11:00:00,1,2,1
2019-03-11 16:00:00,1,2,1
2019-03-11 17:00:00,1,2,1
2019-03-11 19:00:00,1,2,1
2019-03-13 01:00:00,1,2,1
2019-03-15 06:00:00,1,2,1
2019-03-16 08:00:00,1,2,1
2019-03-18 14:00:00,1,2,1
2019-03-19 07:00:00,1,2,1
2019-03-20 19:00:00,1,2,1
2019-03-20 23:00:00,1,2,1
2019-03-24 18:00:00,1,2,1
2019-04-03 07:00:00,1,2,1
2019-04-13 15:00:00,1,2,1
2019-04-19 13:00:00,1,2,1
2019-04-23 23:00:00,1,2,1
2019-05-14 17:00:00,1,2,1
