entity,count
cuba,10690
13d032f4fecc73d7abd5fa69fc26f3e9cc06eb9955,4290
cuban,2041
d463782efbda558e57be8a6331c3fbe42e408ee0ad,1875
european,1807
union,1772
journal,1743
venezuela,1605
somoscontinuidad,1379
9e3548a037f767a04a7115948eb67a0e9f50da3eea,1336
d7216e544e3bf206b07da05f7cd2fdef2bf48aa9c0,1329
somoscuba,1260
eeuu,1158
de460705e88c8e18ed16fc70f126ee7d15d0bcc55f,1141
48df885f5be7b3e19346f4ca0e0b7f9a7ee3b67080,1010
7bd0c5263293928a64c3fad8d2e24f33605e39f0ad,966
fidel,948
0d7ce1e2da2735c6f3da9d21d263d47a3437fd3a62,907
59e7fc296a60876c1c4b819d8a68b5a8413198a34a,779
45a539dd852f3ac3c6075d577f668f873064db69fc,750
fidelcastro,682
a81f6f0757c2fd8564829f05e59c46abe22ad3908e,658
686dc60ba231457fa762ef925f1370e9f18c652fd0,648
4d8b930f1dd49e22e471253ead9e6dd784fd47d677,550
c48e260d2e55844213e2638957b12cc4be4dde7ee5,546
b3250d165da032c37f676bb80a0132f0a794f5c1ec,518
0988e63e8ff978ea5c3eaf6a91feb715451f048cb9,516
president,515
e0d024e6e07553a754d71979865523d595dbed56e8,510
cubans,508
252c31630a2cda3f559dd1436c2e8dd0b751d6c757,476
f0d98ebd7eedadd8551ca439a610b22b1ffaf1a7e3,462
4322194d72d1de9b810290ac9d1cf85754605ac545,459
trump,448
761f8a0fde1843eeceac9bcf5b5253e913432f7478,447
f6112a712ddf0869657752d5f2a1d5195261f21b13,443
befe7393cac240faeda8671953c44ee9a8c4d90f29,433
20a2a9b3b646fbe4af90b2df507d9406ffc8864966,427
6f6b52dfbf37416493d29ce6f4133e2d88142fb1b8,424
2e5af1274d86c1c17257216e5889f08da05b495716,422
c9c1fca3a285e8ca032f48568d8103111d7b02ac6e,417
bac4680c093a6400ecb0066d43ab7ea47a7ec56c57,416
narcorubio,408
546aad47c3a1b1ebea1c6ccef560c5e1f1915b6cd8,403
patriagrande,396
712993b86696c88f5874f2444d32031cbc375fcd6e,391
d459f1de5eb47dd463d7946f0e14d74d06fdcc35d9,374
ban,360
ba,356
b66171c169333b3393302009236f6908619a343ba1,350
21acfdfbc2e6764ee5fac13731326ec3b68c91f62d,343
20812d8823c9373ec4098efbb4dfeaffef349c1025,342
038dfa6dedb3af90366ba8b283e674e1af4fc44997,339
c893bde8656eb9f40851270f68dcfcfdfa01e42ed4,328
de5aad9b638729cdc8388fc4e88d0342682856c242,328
e5b92d5173e6d911f4643c5538ec6e502f94010377,323
united_states,322
tenemosmemoria,303
b16c5b6a69f4a227932211886b3487ecc996b07b5a,299
noalaleyhelmsburton,296
bolivia,276
6313cd0ec2b67816d8e23779ed623231d92f9506de,275
8ae3132bce17693f132f4bae905901e6809f441a5b,274
fdd36914f1cefc80dd1cfb75c226d5971d6ee1eba5,273
argentina,271
venezuelan,266
juliodevictorias,261
d23f2dcad05c228e8dc055f77930a838a76d44cbe1,260
c8d51d13ae9ecd8541854be1b1fa0ae7590424f6cc,254
cubaesnuestra,245
4cddbd3f23dec0a732732ed3f1ad8a14c044884365,242
60190d4144deb4d4934537e4eb3ed9763026f5dad1,235
twitter,234
nicaragua,232
76e4ec4bace8e6b2e95dd7daa92ca3b4f8203a79b3,231
b9cc268271ebd71a94c64e2e10e2dbee4ae24557d0,228
alertajovencubano,225
7c322c741e8bc04322f52c5ba7c55c415e38034298,223
93a7825bc2f91fe920990463d275a99c5efeeafe1a,223
d9bd7b3433dc4e5d6a9e20673575ec0063262ce543,220
chile,216
cuban_revolution,213
14b0d9d176d14c7e05fe7cf43c397daa25b17aa886,213
fidelvive,213
895ae8b4a7c0de5518a1a097531bab737a10a0e1f8,210
a5dfeb3ab5bc633f6fbdf25d2af41be82defa349b2,206
cubainformatiza,201
helmsburton,200
cubaislabella,196
b6cdb45e6427c0a486124094240c2c40948252715c,192
united,190
yosigoamipresidente,184
c03622da67d69f59e368a1173ef38a3cd1132e184f,183
revolución,178
82b7e83efa0692e84fb3f4837ce2851210a6899e78,178
leygarrote,174
cf14f44b8380c9c9fb3cabf98aac8e5f84d222e109,170
8dbf6ca1b0fd7f9b677d0b2ac4273887f2065219f2,168
c4349b9b2b46395046864052fef54e645052829fad,168
fef6e8f75519e646272379a4f8bf603192da27ea1e,168
873defedd594823a11cc091b3324197cd3353cc870,167
8d8b43bd6ff62e885b27445bfe9a8a9ba87f4a273c,164
f802954e3a9264ca3d3917d0a624c5458a08678ef9,164
26de7ad893d230c0bad21ca2d62c2a6abc751df065,162
66b33495ffb40e689df4fb2ba132c7decde9849d8e,161
fidel_castro,159
leyhelmsburton,158
c5c26c5443414dde3e02011d29df32009008750b29,153
beee25da88cd1896ae95d56c70e2e43410cbfa169a,151
bloqueo,151
371fdb18a7e18c0826063a9a394b520013d73b83af,151
303850d623fb5a7531fd6b61ca855e53c51528a013,150
nomasbloqueo,150
24589778b87fb90e01493f5d632e4495a1ada626f4,148
9caac9fa5a753b6fa15fc0915f363357a3c92204ee,147
9df3f2cd4f2225a5dbd7e83d579f2f048062aa91f0,146
cubaavanza,146
usa,144
b801e01164d1c070fdff0a15e03261f3199a672bef,142
18788ec9289d4841b713bdbdee32c9d3d42ccecf76,142
ab8f53df87d20e2dd9806a7c9428916307102625a6,142
be328982200a01fcb3e3865a394652dbc714e18d8f,141
83c46166664bf6ba4ace7a648b66b527f55598b72c,140
telodigoenverso,139
america,137
revolucioncubana,136
ecuador,134
121dac057c751eaa24ef4021da3a536df1456ab55b,132
lahabana,132
havana,126
efcc97578a8eec2148e17741a93cfd7e270abf65fa,126
government,120
41dcc3a34cf4f187b93342f4e2b9265080af39142b,119
8059917f6b9e9af4da2185e9924546c127ad4ca109,119
9491b0d6ecb6e7fe2f730af6a58592aaed79e58f87,117
cd22f842675e052eed7c419ef69e3f4cddfe057aaa,117
9e9f0537a43902a7894862a3861aaaa1743fb481f8,117
f87de2d06c2941dc19dcf4127cbdd363734791f584,116
3280e20b1e66aacf83c66bf778305097a91671dd92,116
empire,116
habana500,113
40bcfc13ee7fcd2261703f913a881784e67e16b99d,113
felizdomingo,113
cubaessalud,113
3881e757add03ff97e1dca8757e4ff799ee72bb6ab,112
burton,112
uba,111
301cc1331eaebbce5077266fe26ed23b381e2b7b1c,110
brazil,109
9931a112e30e39e3328f0e7394cfa304a8cd838217,109
colombia,108
3b2fb3f0895e46ae7c4f486b3e5963d212c3a5a1c6,108
5a46ed2b70e5e15ca2c1a49c870d7584741cf60b41,107
3cbbdd9231304f4de4262207963fde96dac885e7c6,107
fidelporsiempre,105
564d00423e0bd9aeb44739d4736a9e5a6e969ca4cf,104
vamospormas,103
d4c91f6afb92c2816f071e26b6c7b550f4f8c9cd48,102
revolucióncubana,102
seguiremosvenciendo,101
d74de079f126dac297bb1355c06d8ddc5026525cda,100
u.s,100
174bbb0840357a46da14ca13759a53e6e4d1410e10,99
telodigoenprosa,98
d037c444ccede1bc2a04393a120fc0048a5e19f46a,97
american,95
3137fe6c12b53da598c3cae8c6bb8a40c07cfc5bf6,95
8d35cec81ee871b621a7af7c5ae31914d5ad0f30d1,94
bd3753483655d6ef26a3ae396bb2fce715a60232ab,94
5eb9e615acc317ed2096976a90eb15887e84ac5a44,93
states,93
890c6aec279490108480ad2f53714676c6416b7519,93
06e0ddacabfe1905e9ce627d04050cbdf02f9b0178,93
9d6d55f7d875131a999203f970ebbcc70dd73c936a,92
marti,92
cubanos,91
cubaescultura,91
villaclara,91
eu,91
c6c9262d0043033b8ed87fa7fde83d73b91a46d9f2,91
revolucion,90
rt,90
21329ac5df384c5cbddf3c914993e5ada00568dd81,90
idel,90
3416e88fcd8fc53c6f616a9e305b3e735c2c84c481,88
eed1f0a5164363c607ee43fce9a087afac88ace588,88
f76cd44b061f4a20577efc1c87d4c2f79fd9545b44,88
f33be8f9acbdadde87e8263d2dde55849de84208d2,88
ed78161e022624d78fbbc34a51f1fd97865ef26aa7,85
mexico,85
f6cc71d4de07b5ed04f7aa48e5485b18f6d93fd51a,85
felizsabado,84
tuiterosactivos,84
u.s._government,84
600323fdf310145cb575394b4a3fdddf93369811a0,84
0ba1784746cfd0853aedb10b7e62636b47a3a8da4e,84
nomásbloqueo,84
mifortalezahoy,84
brasil,83
mujerescubanas,82
636e9b181673422c04212bb09209d89658c23d238b,82
2ea4b5bf3092e369362cb8dbba1c70eebc1b29abfd,82
imperialist,81
revolution,81
5a4efa29d4a6136ca9dc0948ba77f4b2b5fd5cb34f,80
acbd55585512ca82c45d54aadb2671b2577c9b53c9,80
a601e44156f96e2f2b46bf0bc4e99d55732b964d37,80
26da61e3b46997f67dd4d96641077059be42dee30f,80
camilocienfuegos,79
matanzas,79
7c551d66b558341653c53f375fdf804851f4fa41f1,79
4f971f4914aa73abb919c2b6b9c766cf311d03676c,79
8e93c501e26b962cd043397436a18b610b64690318,79
d93942c1a41c7e208bb88edbf0438bb3bddaa1a51a,77
f6a3c870d445e2e994203b535acefeee04a7eb209b,77
cubaeduca,77
0d28e4da4bf3444ce069bf4d8f2fafb3c1cb6eb987,77
1demayo,76
poderpopular,75
653ccd78e339747e6697d6cc25a574033b75201a78,75
513942b65e1562af213df520d0fbb6b33b7778e794,75
fc997c4b0d9d56dd3d7ecb8fdba955c9e22d727a2a,74
felizlunes,74
f3c3a5e4d76db7c04d105d06b1e86db27a05c21d4b,74
2f646008d4f5ca7e77f7819e3d96d908b44bfa9019,74
1e6bb45417064103d3a9cee4a0cdf622191f4c2862,73
jovenclubteconecta,73
chavez,72
chocatumano,72
903d3c67390f83790ed22df9f65e460e801ab1531c,72
c646394cc2ac560e1314b73083a1ae082e3d946b35,71
4cfb5c5b6b05f375b3d64de29e65b2b161e7049740,71
dadbbea1a4a7eec1980cbee80726d883cbb006bbd6,71
bloqueoeeuu,70
37c92ccebac3e29f9935978d201e9e2d2b8be0ada6,70
latin_america,69
nonosentendemos,69
8f89db6e60544a5f76176b7ee221933f679a7b4e46,68
1mayo,68
raul,67
china,67
3a89a6368381556eea04c40080766de4303f58875c,67
70a6353236dbdf367ddc662667fc9b0c1eb9ef0f9e,66
44cd1f4a63524456532236a1348b790461588066b1,66
russia,66
martí,66
abbf668d0957c50c2156b74741fb7b5bbc85e41193,65
camilo,65
a518287022f6ddc53f27383244ee5abdbd279e6cbb,64
josémartí,64
f739e03a209cddb695c08c05bb971d5c2570f79624,64
canel,64
8e7dcbd4c872515272057e6e0c894961ec9da04d3a,63
habana,63
msburton,63
0caa1162c9274b68338b2d5c480aa1ad2aa77c1f89,63
lobellodemipaíses,63
bf5e2217c527a853e6cd09a4e174c5c497b685a7a3,63
6b78b1a5a8bbd5200da06d64128a500e6e0982ea58,62
4c7801d28775291be6593eed20fa9b6e14f98bc80e,62
raulcastro,61
62979bc7672d0ae16d0a51aaba0fadab204953b950,61
f342aede6d169817173df383fadb0586ea08d6ac44,61
11ujc,61
ed6cc13e275a766dbdba6a0f0eb9cf7e49febbe17b,61
a281cd0a8bdea2b98a42382bf815a0b32b84c924c8,61
c7c6d5d792eae44616af25e905a148491bd7443216,59
vamospormás,59
rusia,59
hoy,59
53019eea184447696b4d0bad75145b2647618ad9f6,59
077233237ffe1a0a4627aac20f11106ef9a15c2078,59
1f97ba31bf2e13c9af2fb2a7da6bdcdd6c1ba96b87,58
128644b13bc71423811db6516187be88bb836c3def,58
99ee96c6992c439c97d6db124c9c3e71f628d87118,57
5d45d765a0a637ad7dd3bf8fe4bd396fbbbba4a872,57
674cbb186bdf1ecd557e753952ffc5c97302287b5c,57
ezuela,57
sinleygarrotebajanlosprecios,57
9370fc787bebee65faf8b76923a79aa3c3deb2a9aa,57
cubalegisla,57
salud,57
0f26685476f10483e0cf2354198376d266b14acf81,57
73674e7543922c3630d12973b576620420f07735d0,56
4b4dad5d946902b47364fc1c1d35dc9dc68b4727f5,56
41513693584e01472b70f31ba97721009f24c20f0d,56
6d1b3e9f081a1b7b11936e0d8f5079f23de3262905,56
european_union,55
ahora,55
ae6d25d154cbc3f1635f780122466aa648a5619685,55
2b506cb39a2baa0fb1ed9c1dd24e5c2fd65d702c09,55
honduras,54
helms-burton,54
d63a3aa06a4ff0edd52e15b87b4b23b23bc89746a4,53
homeland,53
felizmiercoles,53
99d981f9b4e7e9f942b1a8af565aa4e5f2949294fe,53
revolutionaries,53
congress,52
cubavsbloqueo,52
world,52
miami,52
argentine,52
venezuelaserespeta,52
yoanifraude,51
tuiterospatriotas,51
d55b35b5b71d1c9ebb193e52ad85604f4bbf5e5124,51
e5fdac13eccd669ac34535bce11f7b8f2dc0613fe7,51
bolsonaro,50
patria,50
afeff17421b07cfa8d7b6da9cfd84bfea3ed703f49,50
2a91c09ed257143c2978752a2907777cf5c10f8350,50
clanpussicats,50
donald_trump,50
cubano,50
bolton,50
868bf3b8c69cda993a4d6b5249e5eb6e2133a12799,49
yankees,49
d9b0ad64237a9d45a58e9cfa678a1905a81788f59e,49
che,49
ab089cc5847d1b20681bd583e084c3dd650b9b5654,49
imperialism,49
d34a2b1f1b66adba1eacd5273b44f0a3524db0d3a6,48
7a907872121816cac8648f27383bb1215b42a77f1b,48
verano2019,48
arecuba,48
us,48
yosoyfidel,48
revolutionary,47
044b79682d987856ab491b69fc5eefaa5ed640eecb,47
484208ef8970d9ca6137d7576d86c805d78020275c,47
primerodemayo,47
196466e233687a152345bd4ea206325961d62ee4c7,46
josemarti,45
uae,45
latin,45
244272d2335b7864772bc06dd9a36015e28ef907f6,45
c85d33eae35bfcfc5f9f87a70cc4c6983547977a29,45
fanbalserviciodelpueblo,44
nomoretrump,44
6377fa45cd24602eaa4121a89be7e1cbdd0d94c2d3,44
yankee,44
castro,44
71a9881d3d715f04f1e0da00b4a5678bad13cbb989,43
latin_american,43
iran,43
8a7ed18315936d49a85201607c67899b50e8bac80d,43
ae,43
d0437e877e864680fd149fe16e821d9b648afdc81c,43
internet,43
4bc764932d882e818f00f5e9aaa88bda1d8ffe5ada,43
c383f78642b6cff2c0a9d3969a4834b61be4630bd4,43
pinardelrío,43
054beb530ae2159f70709612f185604989f65a82d6,42
fmc,42
chilean,42
aquinoserindenadie,42
imperial,42
2156f563f2da483ae9d7e694b332215ce1aa307afa,42
c8a9277dc753ea717df8e9a6cdec408752b6d55817,42
felizjueves,41
2087399d0b911ed0bb43aa9da21d7301f0a077e56c,41
socialism,41
ac2d5ea3616b5f862a3076feb23e3e48ccd54f73bb,41
republic,41
7ab0674ead442f4c118bf8d103ef4372ab363e1bfe,40
df716b9d160377e59750ca0d1a89769b8ce3a9dd73,40
donald,40
a4597f078fc06e5d82b507f6b708bff05ebe4ed01e,40
1rodemayo,40
6f8e5f8a3ce01b263ad2561cb2e3c247371df38a4e,40
a9e5057f4d99d883451fd7ce3c82650d551da67ce5,40
660f06863afa936ae3e885ededba934fb70a0fdc91,39
863d07b4d667911e1252a6dbc97a21ec899661f962,39
mundo,39
buenosdias,39
9a9f983f760292de7b2a28b16bd701019390196128,39
071b025cf61818b118de91f8066fe6e23971237e95,38
ad34cf4f09f229f6b13fb3e02810ff2a2fd6ff77c3,38
spanish,38
f46c703529ca13fe53e6b26c292a9819d96dbe4f56,38
2845e9e5a196c89774bd99cee29d08f459f8f294b9,38
509431b396cfbf7b1ea098bfe465729f1fbd1b277f,38
u.s.,38
raúl,38
2aa74718b1dd837f08fcc7d6db4dc0c470ded1ca34,37
f329aceba50f0987a1779f47868c39663dc54617a6,37
1626192bfba447d8c4cffd48e8e9cb4f414c0efa7f,37
065ff2cd161f6b2b4f73403e1c58aabb49dd27ccf5,37
pinardelrio,37
9d86eebe943a48635ecccb014f82fc861902a22aa8,37
commission,37
cf68dac7fe534068e1fc64d2560adb7fceea821d90,37
862506cf379c8c179bb21a0c003ab6d150eb068618,37
bebc6e11ab5139fd73a7278f28b641bc8979dad50e,37
buenosdiasatodos,37
015d32ce05c53ba9aa3f21332f2844d07cd7f28895,37
agostodefidel,36
constitution,36
vietnam,36
f3fa1c0979a3fa3f94f2ef1799b37e6cc362d38946,36
ec1f60f891c09024a2eecb0534e0ca6551787ff5a9,36
b5f7567aa66b431ff1c74371032dfec6748785c83c,36
venezuelans,36
9542ed310cc7b671bf532a6c4f3b9d8e48940afc57,36
1e088f62a7b5194d3a589dd4fabda4262fedb20ef6,36
19d4993de9e795a2392840f0c857a29e9857506f56,35
0e9563c1c5accd5c89ea151331c60e99bdb5374b05,35
7b5f02c0440411366868ebc8e3fb90f870835e6755,35
united_states_government,35
ddhh,35
policiacubana,35
lula,35
4a0b2f6b4e45a0c723ea45c540bce93b10e6ca27e7,35
brazilian,35
protecciónsocialalpueblo,35
5950e6fe44e12d8da180a4fce70356bff58d9c5078,35
3b107eacb1ec189ad38bb0d3ba74b991fac4697f9c,35
claevenezuela2019,35
moncada,35
socialist,34
russian,34
a499c0180d90252ad1ed286fc91a7b7140c3027df9,34
estadosunidos,34
envivo,34
argentinadecide,34
july,34
f794ed0e2773c0ec6992f9b9d8ba8b9ad38f55296d,34
65652740c7b667c0721a0da49b1b1b9622f92debc3,34
africa,34
felizmartes,34
81b7e0099df25a6b3a153501c81791d76d505d0d13,34
bfc19bb0f1838f0fb7b0556bea2b68c6e34b542105,34
836e6064824514fcefee849dd2c742783fccfd1cc5,34
guaidó,34
7859b06a7f3001735d58c3cd68de5fd57027a7aae4,34
80b5cc422ffce184b712557218631594526ac060d2,34
ferrerpresopordelincuente,33
bahamas,33
7cf4980da1d954d3c16509bac4d9b803d176e66e84,33
lima2019,33
noalaleygarrote,33
neoliberalism,33
51d155f415fbab3d30bff3f91473af0bb89abffac2,33
washington,33
kenya,33
a90af086de2700e1d53284ba1b9f4a3fa04ab1887f,33
miguel_díaz,32
minintcuba,32
dcfeb35db0101ddd62e301b272ac775bd496c808f9,32
united_nations,32
87cc51242f025f2f7247a9d942094d9b72cbd2a459,32
caribbean,32
a2cd115ee8ffd574ee45bb51267050cac76e5636d6,32
0d4a5ad0da32fc052fe9c967f2b86f2cbc4c2423d7,32
9418332e4e8367d3d0619c314f2ae7792ee40901ba,32
f83630c62ed20d906a7ae31b1e9a9cf14cd3b4d75b,32
c5fa385129ae8e0b613c8d6b715e6f23273a97aa08,32
b90ac13f11f72e82bdfbf200dc064dd30bb7b2a554,32
manosfueradevenezuela,32
76d28211696c6ee8df4825ee2176c96a0c5b9a6adb,32
53080a9594040e251b9dcacdb659000e69099e4b67,31
granma,31
imperialists,31
15may,31
legadodefidel,31
76bc87fb73e21721713ffb5e244abf9ca9f1e1509c,31
edede2290c3b26e96ab8b828db6f4e3509af22dea1,31
nuevaconstitución,31
8abb7e2f2b0971517e8d4ad03e9dbb22d41b3c2b3e,31
council,31
e27d30b51c642928941b5da674f7d75006ce3b0e12,31
lenin,31
76c8692dbf6fececd141a5f730f947a1dbecb3b2c3,30
lobellodemipaises,30
cubasiempresocialista,30
josé_martí,30
international,30
18783656e6eb062c61ae8c944d88a2ac4e5d161ab1,30
75e75fa1c5b321a0e5230200e29fcc5a8867e9347b,30
f6498f5a2577d2e56e576ca17ea292325ddb4b1182,30
5487ae93c1cf1db9a214aeaab3dbae1c89856a6040,30
sistemadeprotecciónsocial,30
960786d0ea00c646888cda70bef16eaa72d31756af,30
parliament,30
58dd366dc66a215b12db04cb826d65adc9f1ae15ea,30
51708a91ea9541e23d58af29eaac1982f2471dd674,30
286ebc1206fad5ff0c7ad17addf7a7c39219e67365,30
1b6fcce73c15c1ee2445b8151155525fd653c16338,30
f22d30f9055815927d77a424e081750ab6543dea32,30
facebook,30
cuban_government,30
9b946f238f974c2bcc5b9884b15ac46ee65414d3d8,30
b84579c22fade89f90189a51e7e4e4bd2d9c0441b0,30
minint,30
bd7fb8858ce923e183f55641da2f0ba48967f12b3f,29
americalatina,29
helms,29
b79b4de90a26ec3625ea3602ca0acc3778a1e738b9,29
8f9a380ad4fbb54d1c9212b5735b3704bdce947f7b,29
paz,29
university,29
3faf5e4b7ed5f20d78a7d15c9781f5ffce2f005f64,29
cubaesvida,29
commander,29
309c9c186895c2dd82eafcd71bda57cb26ab925d4f,29
1f73c8ec92d8a2f9b3fcb54f7f36ec3a7286df394a,29
3c6b778e67b3a6e9a47e011e2be448f6cc8102e979,29
diadelosniños,29
96958f6fe5648b7b3d4db37f72be14594582bab73a,29
55aa1d4cb0e713b962db4b9b071aa439abf0576b52,29
fitcuba2019,28
74d5edb9b85116151eba66bcf462744a491a00151a,28
americans,28
28460d3a22e683a6c71a3f04ebb97f430dfc25766e,28
lgbt,28
felizviernes,28
hacemoscuba,28
gentedezona,28
bienaldelahabana,28
462125a59a6a0f0d23b5e3b5858422c5d9a08266e6,28
33a838cb74aadec0e26a391be1b6c7a35cb1bfdc1d,28
santiagodecuba,28
f22c1e515709c8b41dca4688045dfd36f39518cd0d,28
maceo,28
31fd1dace34453421518dafa8fd50be2a0cb062e0e,28
f1a900880003506c08b56640314f8588a97855c808,28
1f55050ffed72d0bcab8af589127baedcacc42d8ff,28
zuela,27
531270f3c529ae3c49668d19f8a821946f06ff3e8d,27
cubaen26,27
macri,27
6db911b504bc4180201104d508eb4e24eed163b482,27
82d9935d1b696df77af46a3fecc0f01ee841653807,27
226a4aab7154e4de9acf7e5bc434bc79c2941f789c,27
11aa8d64d0c75eb729c6adab30ecc158288be054e9,27
89c9c4621657d3d41b4e1c8fcaa9fadeeacb00ad5a,27
8575e06c291b6740e07e7c2a350ed1aa47c67a7126,27
13deagosto,27
santaclara,27
santiago,27
7fd95ecec7a9c123cec4f237cb7ccdda34ef80df1a,27
fecee8eb3cdc691b57f14c6307e835f9de3026cd01,27
memorialdeladenuncia,26
977a6592e01aef9ebacc8c2b0aceab2643ee1c02e2,26
ad242808c7eb174a18a4e7c80603b260b6287982a6,26
european_parliament,26
caracas,26
ce63bc4274882f0e151e7e338ffb2060a1a47fb8dc,26
f9ad055fda5248b97bf9c5cb118f8910873b700bc8,26
76fa947183976d372810d7a12084f365844b772148,26
holguin,26
3ce30a1d7bce0e7411ad91420984f83b7a42a248c3,26
jovenclubcuba,26
432edd82555cbdf975ccc013c34dca81697cf61229,26
e18dcf79919d28f300199a3c75a815c55494ce9faa,26
canada,26
juliodevictoria,26
martian,26
unblockcuba,26
peru,25
capitalism,25
bca4fce763d63e726ac30e33b75edc6117399a22a8,25
chancellor,25
cd7b3941252e7f730c7e49957c53c04973b01a6025,25
bolivarian,25
e402bf130c54ea446a875a38212c9c0ddc6ace1d9d,25
sagualagrande,25
ed7ccc951f2eeb9ce1340795b5467da4a770b723e9,25
bolivian,25
3ec49c405b6a9916f26ad7a735ca26f32ce032fe08,25
eaa850d60086418145685264e0637fa0a8b4b3cca4,25
298d75770df9f56cb5bc1c33f71b46dd35be99f840,25
22bd7f8fae7f74a8d10b0ec9be778aabbb398aeecd,25
granmaen26,24
d77ac3b31a8545916a78f7769a0976234682b54392,24
184f9da410e307e0ba4508e4273dc2b8188ef9e58b,24
fe4baa2bbbc97b85a194a26aa7f569404187ba4c94,24
ba1e44e59532aba7e7d187048f03594aa83ed61d0e,24
199a024968dda83a0524aa7ce2478247bbc0442d14,24
spain,24
5a843b771f90c3034071117d5b8fb70ff0987b1b54,24
united_states_america,24
c2e1ae34cb9f510c1a644ce6b9b970abd1ab4f1e6a,24
chief,24
5980cd980813608db6c9cf7858b44fc968614c5cee,24
18claevzla,24
4d4f0fafb7968e194daeda2c35473c7303fd510fd2,24
f59620267e984d015af0fb381b330fe33230f22c9f,24
a76fce095864c3675c2dec8efacb885080f2bab4db,24
socialismo,24
83b86c12673b67e590daa06ca60b98853349ff22d5,24
0e73141f156613e0f768d16e2035d96be4898493fc,24
idel_castro,24
df4324c7d7a29a070be576ab135ed59d29259c4f7e,24
ba9a86b5d8c48993e89953209f3008f59db562f081,24
fakenews,24
e77dca6725d7d78a1e05b4c13661e3341f91fc30bb,24
5ee6ff0190aad2318fb5823d9cba3f4cd21f910888,24
minint_cuba,23
lulalivre,23
0fd7e8a7943059da5db03ebaa2a140e17587dd1b67,23
44c15d8391b4bd193984a3d6cb3ee2d1fe0c96b23b,23
cubaporlasalud,23
9bc750b4ef5faaafd4db0754d34dbfa0e6715ca34b,23
helms_burton,23
cubasegura,23
nomastrump,23
bb43d44ebd762d4f83376f6a3e91c45a1895c67839,23
democratic,23
90221b5994867bb954b9fc72b6adcd481e2ab32fda,23
fernandez,23
raul_castro,23
b0b7c48e1d345ff51b1a4df00c1def16fe71959c88,23
jaimeortega,23
fernandezfernandez2019,23
user,23
49aadf29c70f46d65fbd0be934d4504d0e594b7619,23
4cdf93ed910733e9c12a5c44d4d271346f7d8e2342,23
camagüey,22
c47d57cab682f23725879b5e962f4d476ac93222cc,22
22a545ad2813453bbf06951ddcf4c5c5c8d45952bb,22
af2f38419f53878d8f6231a9710b276ae30f82df9d,22
3de1da560fa091a25ecd40ca88d172720e80382a1e,22
7d5e8c74cf7af0cc416028dca772c7fa16ead83c62,22
56f09e5a1358b891f1ee5ac8a777765b9bdc331736,22
710053062fb4ab720d86852527033162c3019dcfd8,22
fictecfanb2019,22
031eaa2d11010a849a9c290b83b0090435ddcae28d,22
pompey,22
e4b6e3abe7618d7e1c9c8c8f84ea7c3c88c0783320,22
5e7c261e28b57870bee0aa8baef9e89337d456a0d1,22
82af205a90cf9ccb85e17cb37b0086df18e0e41ed3,22
be1cdd13ce8331ea3bc8092b1e21a83eb91fb7f12b,22
1c4a61c065201cf377fa0b1286f9aedac2919c0f60,22
colombian,22
camiloespueblo,22
f9aaa99e7515ace34dee0a955639acc9f241d6dd15,22
c7f95c8f7010c417b9026ed9e8e2ad395f414694d2,22
72019f26f4f406f4c2489210fa76ae8a9ff59500ef,22
fdd27a5a6ea2e866121dfe3cc334cb13e63f01651c,22
lgbti,21
72c77a2c6faec4027fd3666b22255a32c0c30392ca,21
114557b75ead760fef45cd59ab68e9b374804a354b,21
lastunas,21
artemisa,21
communist,21
b910e2649a17b1b7ed6426ae48b33fbe5ee7e9b8ce,21
46ffa8be4e40c6198b1686890ea1623c7482fe8a98,21
president_cuba,21
ecuadorian,21
cia,21
argentines,21
oea,21
f7d0d8cedbe62c11af6813e29bdd1d65de7415af35,21
d017a9d13d52b2ea71870efd2522fa6d2c5b473e01,21
3ead46f18506cb4a41b63572b96abca5b97c82378d,21
4d71e34315c0928ee1bda1a42e943fd26810c3fc69,21
f4a5a34ca5a5ec385e16ac5c8d7b33cfda6ce2ed66,20
nicaraguan,20
yoteentregaría,20
1fb44f42be79ea701693ceaa10ce42cde0d862f6b8,20
mozambique,20
gobernanzainternetcuba,20
lawhelmsburton,20
abajoelbloqueo,20
b298eb13718713642e4575e2fd770cbbe9b63fdb11,20
fb63f40b77e61f97f0258b380ba06551225dfc8bab,20
b9d9a53893a23ac05b7612826f3465810588d781d7,20
c8c702b2324b6eebf017026372499dbbd14c6bed08,20
377315d63b18a89e633cd315ec05fc5ff9ee50f055,20
324fe659947a0633223976dd0a7d70077fad88d2f3,20
moscow,20
1107f437a2d3c8e4d66502172c879a8f66399d8ba8,20
etecsa,20
jovenclub,20
ab61ce28e6285c095c8d2615164a2b4ee0a4f6e3fc,20
25eb196f32e2323769a552b312b6b000f3b801cdaa,20
b183de0033a56612dd20d3411025be93a35fe54ebb,20
cube,20
6fa2876e8ac9a436c9532990f12a87e888eaf9d56b,20
cdbb5411d49d3b22228fc631378af5aef53d9d1078,20
aaf800b4d82ebd03b8773d6af4cd33d82af95b14fa,20
c5172d9851fd6774c1b246505de6744edce8a88d03,20
josemartí,19
venezuelanoestásola,19
embassy,19
coup_d'état,19
3d3b43e8645ab234542a5fada84a3cf9f347fb2ef1,19
c9ff11db289879e3317eebde1aee0cae1fc1dcadcd,19
0148d9abdf5e4f0b113e2c988dd3914e0f07459b8e,19
b37170a82fdec957f6af5276c8583962cf2a7905a9,19
fidelentrenosotros,19
4a396178b008afeb39935b2c3cebe5ef09e6415153,19
b26460367f48a3b0f7e7bb624d0e38436f16af2d58,19
2a45c185a4f5261b3f63a4ee98292a9b110c2b3e2a,19
a18984d3aa503b81067d13b8baabd8176af1c022fe,19
c38af1602f25ff74d29c4736f994bbd5aa0f9109b9,19
b78db848956ddbe20a0bee4b1becc5d6cbbaec15fb,19
2b970f4d26187954e6e8fa8d59f585cae455822cd1,19
7e82198ba577292b1e25ba90647e69473cb801d2ad,19
4bd6bf9c93a877282561d77b8641e0ba3bb8bea946,19
estebanlazo,19
tumbandolahelmsburton,19
vilma,19
cubana,19
0984e2f520fa616ec243064e534edb8f74a08dc690,19
903a333657ae85563f8f7ded0e6dc3277742a4552c,19
56cc4c9885d1eb96828a668fba224db3097b7c3389,19
d8cb48aec5cafb980748b87f0db386b9766092d86b,19
unidosenvictorias,19
pensarcomopaís,19
2944c76d4887899df702ee41b6255f5a328427aee9,19
169b03bc4aaf9d89e95247b4161a6c8d8ddb6325d1,19
98af6fa69491c6bb48c5bd6739d5ec59e00bb68f8e,19
european_parliament_council,19
onu,19
carlos,19
2039bb105a225e31618a8c914b9b36290a055a96c4,18
3f7b04d2b1e19ccb5c76da5f1ca1f75fa247963a70,18
1eeeea8fec841e123d09ba91d4f7d41e42ec0fd834,18
south_africa,18
bolivarian_revolution,18
44f17473baa93275b3f590c82e5cfd7a0f8264d7f5,18
048916d28f135cbc884a5c2d62d1d51def7dcb844b,18
guaimaro150,18
80f6769924f3616f42f7d0c25d0d04c19e378cf30f,18
91c2235eda22d5aa8030562f0a4fdf6827b89a1188,18
5f3e5ed55998b91b9e1ba2cdd2bb0e861ef32dee54,18
xxicongresoctc,18
army,18
chinese,18
apostle,18
f1c09a019a0f4c3765b73011e284148a1aa766245e,18
leyelectoral,18
8a3686776b80f574a00b6abbd5e178295dcee51f9f,18
5e50394b69db4da31bac525104bfe1a7a7651aa6ae,18
angola,18
florida,18
buenasnoches,18
c2fd3dcd893517bc5d7cecaaf7ef67973de7364719,17
diazcanelb,17
5d2ac0050e29d2e85a26683fe00fdf9564c4a3bfdd,17
8e4cb1c36c683c552f0c612dbb65b5d2f9c1e0861e,17
331791789e5b3ffbbcb405cd404d40368a6dd2da0c,17
maduro,17
80b7ddcdd0a2426c726eec26be19080502c2abf941,17
beb0ef2a8737afb9e9bd22923459f402b139b4777d,17
500bd71d850ffbb4582a87e6e4ac2e4b0426ae7ec6,17
santaclara330,17
15e349974539b4022d9b8e02524aa3298a914729cf,17
754fdd0ca468ea9d4edbd4b8dcfe1dfb064d5f70d7,17
40e7a3ea3cf88588a146b7928ae8d4943912f727b7,17
cubamasinternetvsbloqueo,17
26dejulio,17
d0790fbdd32c3384aa349e90fb00ac3790183ff505,17
7c5b6eb97f82ff212dee66f3217f59673a790f4f1e,17
de7ab593db7640ce86990848ae4be7f2ffdca35505,17
cubacoopera,17
israel,17
85bde82500e2c1da026d961f44ab2816816c0edf78,17
4cdef56f34b528c8304e014eed2f6870a6830bfcd7,17
presidente,17
national,17
b887e6c04738c226d3e10e698cc43d7e9efcd16b1a,17
5fac50417ee93d3fbf8e07cb7e08f3dc1767129204,17
neoliberal,17
josemarty,17
youtube,17
dayz,16
victories,16
camilocien,16
1439b1ceb5f9d21e3fa2d50d1ad8220570826d0ca4,16
juanalmeida,16
fidel_raul,16
b9f8cf98fc1cc369af91ab75e55cddd973790ecfb6,16
ac267a998d95dcd05194785b99517ab2ac086452aa,16
ea3056b2a4f6a279781f8ce4296063466041a976d9,16
culture,16
marty,16
d13a66a09469740a0a562c7278a7fb86132dba5014,16
belarus,16
island,16
d73d7a52c4677674ff494a24507b40b9ef437ea5e8,16
15291620069aef44d4dafb6659203535e6b512be39,16
fbad7d216c9280346a14083e8bfa38733685b7a98f,16
1027fb5c570903f53706cb3bb712c1bcf59bbcc56b,16
78e22e931e9d37c32670e9b63c14a6baddf688f5c5,16
batalladoresdigitales,16
e3b5f59cb3790a28fdae1082fc1cac24dbb9c44b59,16
dbb69698026b0217ab782b9716e8132020b34bc712,16
a76e117155a8e2653ed2479d96088361818e70f120,16
f6faa488384f730315173a14759404629bfedad0cc,16
9ca65c4058d82bbc5b963e2f21d0faa7dd847004fa,16
6c8f764a504de013b3ab42127095e0bccd822c09ae,16
cdc9694350e2d715d1ad595cef963b63e0eb36d720,16
feliztarde,16
aae2514dd2b49b2e9005f27a9b7c88b4368e7b0c2d,16
d9131ba3b13d52ab516d125e4175c285387ea59751,16
feliznoche,16
c4bf0d83cffa23b02712acde532928691d2726f845,16
a07b2886e4140eeb98aca71209ec413d6669b7fa6f,16
e590c69ca80401acd4d0313c435f67edc445a7b6b5,16
bff06d31ea891af66373dadf12765a9390de3594af,16
americas,16
8e471f2247654f60b753f29001ecfcb7cdbdaabd8b,16
96cef58f320c56cdb92c9ac106c8cc865e22b790d5,16
1ea51c7b5d56a4aa180891e41f87c17a87240d0c6b,16
96dd5184aba78da7413abcdb583ee6d4ad942bf957,16
santa_clara,15
ec4863efbfdae393a73c16c936aa75bf24bedb1e75,15
italian,15
cheguevara,15
588f15aed222a93008faed27593e7a4438fb0d2388,15
guaido,15
buendía,15
42a3dddbc6f6e5be80da54521d8d3571acbbff4342,15
57c73c83c2fe0e357548f358124da609b5edd00ac1,15
ce3986b957a1f82726ee7dac15215e84ba649712db,15
noaleyhelmsburton,15
081e0f552d2cd72d440df797e7b6b84900a7b98609,15
9f7dd5241426bab07df479b6a448a9271bad537ac5,15
uruguay,15
bf09ba6e2380bba8185ff6018adf4aa25979243b2f,15
helmsburton_law,15
mnoal,15
cb96eaea49a5024ccc4449f0d6427a4a550eb93de4,15
quemishijosnazcansinbloqueo,15
a25201d495571943c9796fa64487e15d8b106b62b6,15
06e51c81e967651396c47029b98327ac6d936260a5,15
coup,15
76121492d3ec6b939cf9f70043df5deae9d505caee,15
5cd8fc1f85de41d5ed91e2126b73c11f370ff72d51,15
15c811f708b081ad9872db21b43bd5ba2bba9c43e9,15
europe,15
sanctispiritus,15
bolivar,15
4a5e087ef0dfe4c2a9e123dd4839d6ff8c0a545dc4,15
38d1800abfca1577509192227e3877e82d65f82945,15
2be45c691b673f829a843c2e901543434576e02772,15
lapupilatv,15
2b77595e23ed0912dd8039c3e792176b07356c25c2,15
buenosdías,15
f563f39061b36a8306c2425266ff3a5d098e9c3c59,15
2ed1ff4ae259ab45aafbd447d82be69380c06b96eb,15
98688b612858ab548f3a5a6d6315632ffc5026c1bc,15
8c5221bb30bf3f3965b1699aec16744070aef63437,15
guantanamo,15
372a1808109b2923da754ffa3aa146986d0d3008c6,15
vivelo2019,15
méxico,15
7d41b03a603695e987dcfc1a492ff59465fe4b01bd,15
ireland,15
3a4764d48347601ed58362f1928270d7332d039f77,15
b0154ab66f7bf9f411c5f39f7eac9687829ebe96c3,15
d2990c7bebff767f6ca18981a8dac250039d429053,15
envideo,14
5349d2670b26f931650d4993dce906cfa3323169b3,14
donaldtrump,14
state,14
e5773edece5a44ec1f16063945a626d84bde388fbe,14
amazon,14
d4325cbee4664845e8cc90971e65033b86a093cd17,14
african,14
palace,14
pensarcomopais,14
30bc91b3fe34a4fca4dba594c1d04f89509486cfd6,14
panama,14
26may,14
ddhhcuba,14
9714323ceace14663445e4deb71d61eaf8517f577e,14
cubasolidaria,14
3607c1dfc41bf4c364ecca5dc72e3e19f966055a74,14
56221b58e7e0bbd7be611e3360452643bd74c10cb3,14
2a0c0e8312da5d6f99202685139bba801709a143cd,14
be2eb9cd7c2fd36d722db52cf3c06f76c3b08f84f2,14
96f8f8189ce455e39188b706682fe804206c11c983,14
manipulacionmercenariano,14
2916fe7ec1d6cc87ef2434db895480a92631e7e1ea,14
e7e995c48a6592524848c703907e014c98d48b5ee8,14
fanb,14
mexican,14
40c727c524e72501de532e252936b7c84f957074cc,14
9beb7c976c4b2ccd8f7b944fcf0b8d4ce7afb8394e,14
independence,14
9f4512a5eb15a7f830393d7e61715fdca83de5ffaf,14
067e6342a607590e767fd073628f82267d99806025,14
chavezvive,14
4bf44b2b10eab8bca2d01ccec18cedad4aea9dd19d,14
0c8e1d12e12ca1475212ea8ac7000a21e3196e03f6,14
2aa086d7f10f7653798ab966798431454819dead5f,14
leninmorenotraidor,14
27b00e0f6b1233ad3574b79f68db138d41009001fa,14
putin,14
8877cfe2fd75cc3908a936e4a7a80754af6ce960c6,14
cristina,14
sanpetersburgo,14
yosoyelqueacusa,14
28deoctubre,14
lafotodehoy,14
elan,13
españa,13
holguín,13
473cd9cededde6549956e4eb50279a492231853727,13
argentinavota,13
washington_post,13
john_bolton,13
venezueladignaysoberana,13
chicago,13
ms-burton,13
69235cadf03a48d4d0460bc84800a82a9813f8d75d,13
03881d352b81efc6b5fb719018a53a47e347368853,13
solidaridad,13
antiago,13
55b9d7ee9257febc6bd5193a66e742c923a97b510e,13
ferrer,13
juventud,13
1c68d7d4acd049b76188ca4390129189f897db8e98,13
e184054fc4cb4388e398504f99de7f13e378280e4b,13
c19c3f2790ffc7260fbd5199f143650b0a598b05e3,13
0ed3270da01991ac7a00a93f9bd19746e607e0455b,13
9d016a0dd5f3a226252c1a87cff6bae28b2dc86ff0,13
cfa565a2bdfbc367e6be464bf2f488e3b11d9e199b,13
alex,13
cultura,13
zonadepaz,13
4630b50504384b84f7b864d770acbbbf4e995bd713,13
520cbdfd893dc94786635bfcae6c63561d33ea4a22,13
224b1c3df362beaa020cd7893b94b63a4c120617ae,13
762f243a69321fffb9c7fe944f05113f9e6b9f2618,13
850ff01b8177a2f90389af258445bd29a41b7674cf,13
st._petersburg,13
ezuelan,13
nicolas_maduro,13
guantánamo,13
f490b10e4bc2d1e708990056c669b145a82510eb28,13
semeocurredecirteque,13
36bfef8cc897e01dec51b7d6c8e8dc4219fda2dc64,13
ad5742aab3e07c6a038d20dd88df04ed6671f53e74,13
retamar,13
15efebd10e8a8f594266cf053055fccd0cf55656f5,13
urgente,13
51ddf7e679c66f3740837e4ef4b3c12b77c525a587,13
347451309ff2ab22aae0a83e2b23d64f81d6da0a18,13
4bdda9ce7ab8cc9530ae26b47f5a6bf29ad02ff4f9,13
5ebeb636af0a0b07c1c116dc8f2f6fb411434e274b,13
chavista,13
maceoyche,13
4dbe9641c60b64f9ffbe7aa0d5a493dde79d8e24cb,13
e1f26d99f5f22d3a60a43483572da1a27bbea6af24,13
59c0d498ecebcf43e2e8041a60bb305b78a30cfba3,13
7fa33e1389f468023df98b7efe629bf76c4c0cdb19,13
2a797f008e305714b2e3305df5240f0a133fdde9a2,13
08ac92ddd2dfd4c5c557a2e0ecdfdd8a5bd9dcaa55,13
c31c0ce8078f5ba5c90c93aa6b5a32975c32fa82b5,13
modoactivo,13
9ade31977a2a285d6bdea9b15960f147ab419b5460,13
province,13
461ab88ce1ca65aa09a4c3ec55a74031673538fba1,12
84fc706e3649cb9c714f983756e3298dab0b950165,12
mike_pompeo,12
díadelosniños,12
5b49553cd500bd21d301f07efa8e70ed6bbe9529c7,12
comandanteenjefe,12
patriots,12
assange,12
92d7b09078767be42097431272f8c8b5b46b92741a,12
snet,12
ac6b9d0c0d0f032be0839823e8b11b2d29d78a4c76,12
d38a25b043f71f4a2c8dc8e69e7fd0f6a406496feb,12
pompeo,12
venezuelacultivasoberanía,12
diainternacionaldelajuventud,12
panamericanoslima2019,12
historia,12
felizsábado,12
argentine_elections,12
unidad,12
2deseptiembre,12
yovotovsbloqueo,12
371fd0e070d3c41bfda1f5b35b6296762fbf740320,12
committee,12
obama,12
france,12
da68e3cb84a05c3edee24dbab3c460420bbc11f4e7,12
e48667bf9d8ba262b0616f6791f93a81fff6694ab7,12
60b50698995e7e38427823804fc60f0694855d2669,12
f47be94aebe0e4aa80537b61d33b3ba5ba12d98ccc,12
b5386f0ec268f6128a8f88f804ab04e14c37f368d3,12
a83609bb3dcc4e9cda8d1c66a2581b583080c72a54,12
9a8c3d133e727e5171922e483465fe248c69b727ed,12
ernesto_che_guevara,12
874645c4aaa14525ce49ece6ae80c396b522b6b4d2,12
e0ff193a2fec4196db45bcba0382aa4723c2a8b427,12
03383669e80d0de05a97b8ad9abb922558f95fc3d2,12
469d6cff8a30a7dc4caa3020a405d325d088887c83,12
507ab91a73895f0f63dc8aa03cd3470febe6bb3aad,12
fd391775ea3f84e3456ce22058d07fb817334eafda,12
012a551af907d88ab50b8e313c66843158a2df46dc,12
30c00226cceee0661d5f008b35ac602c0a66aeb989,12
ultimahora,12
ed8c946abf0e57bf0d7266742b9cbb8a1fcb6bfdc8,12
68a644d074b7de9f22fb844d2baf37d5013d0f82de,12
ciegodeavila,12
cubaserespeta,12
domingo,12
21d55220fc4009206ec260e630ff553c74085d2f4b,12
ee,12
algeria,12
1082c41993a6fd24609de1d75102dc7fcb6e46a5e4,12
security,12
6a7164d3381c9f3215c3b480700e57f99f4dc44446,12
a3b4a2958528adb97133d5c772efeb318c3ea2507f,12
fe54d7bad381581a0ec2169df991fa90069233f331,12
camaguey,12
josé_daniel_ferrer,12
américalatina,12
medicoscubanos,12
cubanoestasola,12
republic_cuba,12
eleccionesargentina,11
francia,11
alberto_fernandez,11
sandinista,11
derechoshumanos,11
latin_american_caribbean,11
alberto_fernández,11
f25e296449a2cff5d7e4feeea810c2179ae192deec,11
f6cc9a6d689221da2efa5a0cc1a888dd96e741ca7d,11
transfermóvil,11
5c7f7e2d467df8c420879431bb38ddbd32570098a7,11
haiti,11
rebel,11
israeli,11
02fe18beec4f47940c808d964c9742c391560eb3c4,11
0a7dad2c5d072f03e122c980f2879dac44ade28d23,11
narcorubi,11
b19847ad074ec22ff30c1182e2fa3a66154616cae7,11
9d8f6d5cd0c8d3660f38b15b0255aeeda23ea2cee0,11
dcd0b9c3f3c47a97992af6f547221d2b803b945ac7,11
9c5fedcd8f2628bb1628bad23314c071b9f27855ae,11
2b7d2b3b26171fc8b61f8b7ce8a6c383c08f170019,11
23b64eb31b1f9a70f10465c05b4daa991ad368143f,11
mariana_grajales,11
central,11
09353e00c5d53234125c56d6e7228ae17bca45695c,11
festivaldelcaribe,11
4a10f2066bd1a4930da7c545f1980498b45c87d6b4,11
1mayocuba,11
lahabana500,11
lima,11
chávez,11
oeapalcarajo,11
administration,11
simon_bolivar,11
trumpdesbloqueavenezuela,11
ca474e09e3c690e94e36b3138eebb7d917c4840f8c,11
latin_america_caribbean,11
video,11
giants,11
canadá,11
d62e7f7d0a7766cd53105ed903e4645bf55d26262c,11
5eb380be46e2f6572db49f69cf9cc5650e396b1495,11
f47880329a9503958e94c4366bc422120efbbdcbcf,11
124fda90bc8be5e5607d554c0920ad3930c7485fc6,11
8c8635ff79481fed6e2a4e92ac0a0382098dc72346,11
livian,11
trump_administration,11
c137627d418d92afd71b722fd1dcbda4bf0541f918,11
f66c745e6581743f68a22e0e21e725cc64d384f55b,11
0579e479f66144120c9258b95a3e75892017588dfb,11
483a9ff0bd98ca65c72a575a5d8adda5f04664f391,11
trumpfueradevenezuela,11
30452ff13473e1f5dbe190add334f4cfae2c32ab67,11
2c8c99155432f39d71438a088bab3dee97d0864bec,11
cuban_society,11
venezuelauniónytrabajo,11
2f5f52689b0b2ab5a6b458ce9572e1c12918a633ee,11
25may,11
f18538c37ce13ed0db8069d04386a9df829e82a690,11
huawei,11
90a2b20d2f748946c44791dd2e0437fedec3ef5265,11
iraq,11
30a5868938a62490f0882a2327c1467fa45137467e,11
current,11
pan-american,11
evomorales,11
raúl_castro,11
livarian,11
f1a6f489b526c8b4526e6eab05ed8f866df245e1c9,11
party,11
california,11
29726afbad963ebad01984ccaca838521390e04971,11
994f61b1bc931f7e455039f0769abfd2ad53dd33a2,11
ccd42ef730d4cc736b48989b26bb0c998ba9f30337,11
city,11
cienfuegos,11
6e61c2b3eeea2042175801c701d43e3b0f153c3b9f,11
026816f01bf74f2a766f1833448bd35af7b0315b1e,11
silviorodriguez,10
educación,10
socialist_revolution,10
laleyhelmsburton,10
diainternacionaldelainfancia,10
scow,10
mipresidente,10
moreno,10
ankees,10
comandante,10
canadian,10
ae4d0d443fce8d80448e008e99bdbf5f9ff3df85cc,10
yosigoami,10
japan,10
f46277f8d5c7313aa697c41401316e958ba47596be,10
b4e013002ed27ab9ccc06f6e3bec20cc4888c04d5e,10
nuestrafuerzaeslafuerzadelpueblo,10
74cd8fabce2c7d1e597f073fc3c9f05318dd399a15,10
765894cd901f767d320a875da3361373a5b4de1293,10
puertorico,10
7019dbcfe505155b8b502881d05f9959681b181415,10
teampussicats,10
albertofernandez,10
10deoctubre,10
9c966033fc505b1313eaeef3584bfbb7ea88e41fe5,10
niños,10
b7b958328b948c1e313fd900d9d69893847a555c99,10
10deabril,10
8e7600812cf7092721f61d35190ce9d51b4f0e7a6d,10
ana,10
leninmorenoasesino,10
28oct,10
venezuelan_embassy,10
puerto_rico,10
salvador,10
pussicatsclub,10
fb0c06d0624ecffbf85f32dc4621cfe481301b9c61,10
4870ba896b43493650a265d85befdd53ac13ab860a,10
nationalist,10
french,10
helms-burton_act,10
albatcp,10
9a4e34d92bab8c5bf77d091f0a47e174dc008d4420,10
af868a9347d4e7b20f01a79bb983793b12377bf301,10
0f8b6c3157163ec2ce26b0a8f7d2f54651ccdd134c,10
ue,10
5be9e6b53cda21ac6822bf38d686c9cccba8749a9d,10
612e1c8e1b793e17eea022892ed380d333484851fa,10
1cceea7b77d2d5db91b1265e0d7b022676b7731d05,10
b31d7408dac559c6ab098fd958a7f3cc423a65f09a,10
sandino,10
unpacu,10
bd1fe109cdf4486c0c51dca6e0193a75024da621ca,10
b9fbcbbf77d42496718bdcf559fc02a5f346dd7439,10
mr,10
bda46af9eb787b6e099a475f9d553ab84f1a670336,10
texas,10
0e44eb0e862e4487b7a43d4efe55c7fcad97d8a8f8,10
a0cf9269e4da6b208afed0972036780db5623dc729,10
5f37f768740f2c62d17400c4a7dcc18043df67ac1b,10
d159c3b71da5aca0d4b6aa41259528fea81d72223b,10
9806a7bc93075a09ae84be3aba356836bb8f8a4e4f,10
042ff74846e786db2fe21929d7f6991f44cc22165e,10
caribe,10
pueblo,10
4fd0aa5c3a62cbdeb9a5a80078db7605f8cff13373,10
81d206b7fdabbca3a471a1bf3b8fef4ba2387c9e6d,10
ramiro,10
170f847e22199eabc4171a0ca7db37fbe9da1b9c72,10
guáimaro150,10
bio,10
117491a7e18412b33a7b1a89d9475512f9937f476c,10
chileans,10
678068c7ca69c2e5ff5b81dd634fdd62d973b9221f,10
9e6cbcf768973d7b80238aac12fc92194c4086ef4b,10
secomenta,10
4664930a39d0341813a2ae701b128a38a1d0047052,10
danny_glover,10
covid19,10
federation,10
db2e68fe25e943f2de784ea937c68618ca5b70f3cc,10
lobellodemipais,10
buendia,10
varadero,10
lealessiempretraidoresnunca,10
9b2a2922c28b5b4a2b2d9bedf0165fec60aa0d0d7c,10
21ec0d389f73fab9fe8d3c7c505170bc1e7debfd57,9
97bf2352bbd6739c2f6d6be21feed4a8055136d066,9
kenyan,9
plomo19,9
bbdacc857adcfa675d62f7205c1c775f09ceb1744d,9
3b1796e80d07da81826a522b55f52569d483eb7d58,9
assembly,9
9a7b534f89ec54dda44856d7e926a1af29c017e153,9
d087d8c2e0c46b37946793c10bdc3ae097b45bfbe1,9
c63fde5bbb97f6ed16ab45ac5c8f54de6dd7ef11f5,9
985bfc19aeac262edef332a0bba2d2b6b9af5b2718,9
a1d09fa13d62a60978d93277db42c8c2b0fcefb80a,9
juanformell,9
09e6bdde8b6d63ecc3588b158bb6364e3c1dcfee15,9
nautahogar,9
fidelyraul,9
3d364b2ff07b5e2c23b30b1d665164f9402a4b1e14,9
fe7b0e5a3f133908123b918e82a7a84b782b7a1634,9
ccf568298fcabb049224548572b51c13cfd99d46b8,9
constitucion,9
e1eeee13c57b0df1c59da5ae0ccb0b0197599573a7,9
2c4fcbce87bb9e31e7f298153e1dd11c217076d9d4,9
aa2f3891e35b0c8be4aba9a8516858fdaa5d47e19a,9
congresswoman,9
liberal,9
venezuelapatriasoberana,9
guevara,9
police,9
belarús,9
d8e9549e3c61b8b7849657ccb063423013b44ae0ad,9
d9fab98559abf1906590d379182af030fab1b5de35,9
56437f2d770c2e600e5a3c3b213e48f4a297668b88,9
ff8faecc5a607b62531b1e748ff06d3eb15fea5b81,9
cc810c1eba61435deb93939cb0dcb38f5c78fb7637,9
clae,9
honoresamilitaresleales,9
0d6c1a5088c7d17f36813a17129c4961b8071bf912,9
d2ea026ae4c7b2f6e5dc24d74b6810b52e62fe5f1b,9
almagro,9
c6041b1d52d490f4f659f683f9e2527c817b3137db,9
cc6dadff7ce70448cc3c3e734ade0fb223c2df01f6,9
e25bd53fa16ca26444f38d9c54059fb973435ff594,9
nuevaconstitucion,9
62004b58d4e6e8406ea1820ed9c2964167488d1e03,9
3ade2129a08478e5983681a5975142c108f63f4420,9
72a5445bf003922da67e1afa7c7c0946fdea506470,9
b70e15859554e9a6c8428dc1614a8c5597436d2556,9
romeríasdemayo,9
communist_party,9
8bf5ada8f8c1c16c3ba1d7e5e68ac703f6bc8befe9,9
a801b60dd5c486e0ce8459b27dc49982bfa67c3db1,9
felizfindesemana,9
96d5e3c08c15a07be78d952182d1fd4cd4f28fc6a1,9
3b69392f1470bb9130c2fb0136726686485dc941e1,9
6b01fbc84a8d813fb4436115b3e9cb80d776324aef,9
45c49325dd72d36ef68c454531cabf8bbbdeaf7b85,9
35d77217d78a4d11bfaebdbb2f63a94e953f6be151,9
ba18fb8733d852ae3f99a464246fc0bced7abaa036,9
82e5fdfa43a9d034065bc50e514bc5a4bdca386f75,9
fa4f9fb617433dd3f65b4f3322185272a155ce2328,9
aragua,9
c2a93d2c2bc1a3fc9da8f1f2c0e8458d747feb928b,9
iranian,9
38253f5365e034e9e7239190c150e7db4304e782dd,9
24870f2e86f651e42decf59a06dd4b9651b1e9c487,9
00b65ea880143d111d25825ab5affa47ed179d7d57,9
evo,9
cc67c4be3502102294ab5c4aa2612a3b7e3aaad34b,9
03f263d7005e5d5da701e4a24e6a5fafc8d759ba6d,9
0d250e9b4cbbd09f15aab04cf4a010200760712d14,9
f9346f8aed777f72ad8a6e7ccecf2d26341bac93a7,9
e5433a78665d58c9ed0f814ca6bea66d51da5a887e,9
luchaylealtadalapatria,9
673a3ce78800ec2903a9404aa0295c0225f002d208,9
cuban_revolutionary,9
noalbloqueo,9
ea8d59b3a6c6b050b07c719ab6be95395bb51c01d7,9
ujc,9
bolivians,9
27a869bc13798f0c1b1d6c29e446db7fedd540d9cc,9
playagirón,9
llamamientodelcaribe,9
4b668277767ea29871309e2d0669a29c442d41f7bc,9
b11533dfcab5fc4f0ed199b9c8ec1a828e545c9e12,9
albertopresidente,9
13bienaldelahabana,9
3a10116778149c49c2015984df2124c0da11430637,9
bruno_rodriguez,9
mariana,9
dannyglover,9
president_united_states,9
proteccionsocialalpueblo,9
369a2fc605adc16ab50fe04c350e0ae1e129f67bb0,9
82921c34f6a20b35b6a5510f89dcecbdc36494e9b5,9
a9cf8dd4a7fba6c987972604a151f8f8d457e99d98,9
celia,9
entine,9
havana500,9
mincomcuba,9
baptist,9
yankee_empire,9
ab75e947790c31183adf7bcb826cd4fe32a9889f08,9
6754733e18daf0f94f4a4483a9c069e21dd6dce54e,9
dr,9
mr._trump,9
969e169483f464f8c7c177a05848b6f8cd7cdd12f2,9
juventudcubana,9
yosigo,9
razonesdecuba,9
lobellodemipaís,9
livia,9
porcuba,8
fideporsiempre,8
avant-garde,8
tropa,8
diazcanel,8
venezuelanoestasola,8
carnavaldelahabana,8
60ymás,8
2a69548bde2390238f3bb6a5e534677b1808d9c9f5,8
3b68a15f9ee64d335e38e8da50d3f7953c344e1d5e,8
3dejunio,8
2a35ed50089aff986e04414a966e3183ef90f12c7a,8
caribbean_festival,8
imperialismo,8
house,8
ec04d10ef1cbddf82b00596fa291352313ea399b53,8
petersburg,8
39594839491877f94fa4f81ac16836ccd20756918a,8
freedom,8
sisepuede,8
british,8
s.,8
diálogoypaz,8
meteoro2019,8
d4402d13391b4259b9af204b758466c3ccc31ad896,8
841ad2cfa13fe8c6ac58032baee8f12ce8ceebb18f,8
guido,8
f7d20d0c8e3d762a1db0944984dbac9adb54ae9d55,8
368e45f87e2b54e385469b3f501045a3e896118a2a,8
fcef8dd952188691bd948af21d4ee76df10e3df24b,8
hugochávez,8
3b3f0780ed33c6e189271cef1679b988fc44097533,8
8094dfebcb28c790f01a893f7c3302a9b01dcddd15,8
c966d67c6211bbac6f3338aaae7bdf261a2c410fd5,8
leyhemlsburton,8
vivacubalibre,8
4110e8269d709bab07111049084b19b0f670003887,8
3ae307f682aecb1ea629fee07930ead19df17af3cd,8
60ymas,8
buenviernes,8
united_states_cuba,8
juan_almeida,8
constitución,8
buenastardes,8
socialista,8
lulalibre,8
10abril,8
victoria,8
fa635e6d4b81d3173c606ed4684c4b91bdf81ee979,8
cubadebate,8
a2df046b0273cbaa1c1941a1247fb07b80e0fc6c2e,8
nuevafotodeperfil,8
38b0f9ad17b54f4aa4cbf6022b83be76e723ff3e3f,8
28f5dbfda283df4a4a6a57040c7066bb2a36e93865,8
b27eafe756cb558c129f3cf74ae575a98497302a56,8
la_habana,8
yellow_vests,8
lgbtq,8
20demayo,8
eusebio,8
20e453b8863909796780fb6fe3a2d30b5678e7e3c0,8
d6f7d070f0789ef1f0b1f2f9ee3047e7dda06b01f2,8
35b15a914ea557ecb6da998208ed56c2f219be01b6,8
eli,8
3c77cdda10300c2f73aa8883e496c3ce5440a485e7,8
705eea27320c1ff61771fec50c248aaa4c9183e8aa,8
fcebf1c1a869ec503872552f1d02d5a3e91951c6a1,8
13may,8
senator,8
3cf9243243bc191f86fb643b61e3b5d66e27f63ebc,8
e4bde65ee8a83c15838ebd63b11dc7446ea25f400d,8
52ad3abacf9b599613c4705ea5b021009aeec6e612,8
guaidog,8
844eade30490fee6e8aee23682eb80dc8fb81650f9,8
d258163beccd4d282f7235e5e8aac6c0732e907dd0,8
afghanistan,8
48442651fb8c506ee4a16bb4fd3e45069a4a166bfd,8
10d911d8d236679ad5dab79fe130ef7a2814775894,8
c9a311375bfaf8ece221a456c36795eb19e1b66564,8
2fdd900896b91f0f864b0df0c485f98203ef571bcc,8
06647a602133767f57048e6a96e7c2fc9f595e4929,8
014347bbc53b84a7e4b4137d56530124e04b7f7e27,8
8fe7968f4c59c731a7d84dd3c3b16cf74c132c2e8f,8
6dejunio,8
provincial,8
science,8
sudáfrica,8
0a6a44aab2e7331aed731814e24c4d23994767a6a5,8
5ffe9009616bc0fb3caf88c58e5c09a85e24ab4a91,8
bayamo,8
70494347e6a77fc26c5eb7045599dd03a102ee9163,8
e8b4932e68901b177727378aa142010af96e9960c1,8
3c68768d101bba15f6ab2fa4c6086d417436d1be7f,8
5ac6476d45dae8eafa8ea19ea4111eb16c687c6c2c,8
policíacubana,8
américa,8
honduran,8
feu,8
bruno_rodríguez,8
pinochet,8
palestinian,8
ac9f8c828eed8d784b86ff62f10af9ffe07b33d235,8
4g,8
infanciafeliz,8
inclusiónsocialparatodos,8
casadelasaméricas,8
ms,8
pieforzado,8
irlanda,8
hiroshima,8
mialmadice,8
chilenoserinde,8
via,8
13agosto,8
cf779837daabfa2aa6f1229fb48e17dfa050dda908,8
venezuelaunidavencera,8
james_mcgovern,8
el,8
aduanadecuba,8
seguimosvenciendo,8
brazilians,8
db0270174969a79143c26d3fce82cc3b10a6fe5156,8
russian_federation,8
turkey,8
ctc,8
bba968e71f5c6b4b77cd6556bebf9328697a29eaee,8
886f5700783c6cc196d559e98c1aac6d8c8ea9e0e4,8
f2b48181b10a726402dc4d9947b58446595ba28802,8
mipaísesejemplo,8
conectateajovenclub,8
new_york,8
mujercubana,8
dinamicats,8
fotopoema,8
warriors,7
23deagosto,7
venezuelaheroica,7
4deseptiembre,7
tustuitsreflejan,7
12ago,7
diamundialdelafotografia,7
hugo_chavez,7
4b3dbc49f684a590a72bdca1d2da850a8a58f6228a,7
5a1a4793e43afb29f4616e19bfd509a77d6fdf9eb8,7
amigos,7
nopudieronnipodran,7
ed7365aa0cb1a419a2095f5f4e511c94767460e443,7
63566e208c9131778dacda6cfb177639c867ce87e2,7
07b5930b0938ec5de17e79a5a8b249bd80d3ed3c43,7
761d946831953e263a1adc0ae9ee696616918c2999,7
337172254dc208517513947776bd42dde072dc86ce,7
cd64d0821910b3ca89cd3488e6789b4a187bdc15a2,7
d05e0ee1b22537ff3ff0e5d2a24676a66f6c4e9bf6,7
commander-in,7
cuba_venezuela,7
costarica,7
ruz,7
herald,7
hugochavez,7
4fdca4c4021f4200436de70806de9eb6ae0f0d8d2e,7
chileresiste,7
porsiempreformell,7
white_house,7
country,7
miguel,7
3dbb86179259a659fb3ded341dd6331794f3f3097a,7
89a9ef885653a2b5876c9a20066bcb34e7a8acfa04,7
mayabeque,7
cubanoestásola,7
d5031057afc61c7b7c93899be92c9250caf12b4bf4,7
4cb67da8f2b41b052fe61b55111547195fcf3aa23c,7
77f36a9e02f29d0b95a1c504537d395b05e2adf97b,7
bloqueovscuba,7
sundaythoughts,7
84863e763824be5bb2bd649ebf91b80ac2ad101966,7
c3716b5d62f0732968e1e8b58f69a86de8f88a53e4,7
2019,7
josé,7
fascist,7
e39f158ab20deb86fac7216272dd75e97df5059f01,7
wha72,7
2e4de86ad472a911b2e2421ca415ade7fa7a011e9f,7
8ea111c543e1f8cb7b235502d687fe919af5f82837,7
continuidad,7
ca76dd3eeb3eb0c1d4605a080c5eb8b541da2541e6,7
karl_marx,7
48351c5f5a265b2dacaf859965209baeee53137243,7
b53449a313fafdd09aa1d507a0f80db4d534e230cd,7
7858b2f2cb443b112bc48de430ff333ad8a5ff699d,7
sudafrica,7
42a10e235227646df558e58db328b62d73df001b4e,7
6a07bc526f088d8eecd533ca98fe8a2c6ee2ed0159,7
313638b5dbe99cb1b8818d5f3d92d3760f5fa18b8b,7
c9ead5878693bd69d4c38046e98bbd584f023e27a1,7
gerardo,7
9e68e40aa7aac1e79830aa25978cfbe4811d83625e,7
5cd86026fff881316336c0eae9a2fc3b0a2aad3c0b,7
a64d38794ee8b30ba1170b822e369d1fac7b3b1409,7
sierra,7
duke,7
57a2f853ecb9a8f21f7a3e04052fad594236784417,7
94f452c782fe032875d1254ac363a86e9a9b9e8489,7
concubanotemetas,7
13bienal,7
dictatorship,7
bachelet,7
4f58f9bfd295f9c1d518199b30dc4354f3c5c654c0,7
79aa4a15a544b40e7780fc7d855360927f8a26e9bf,7
ddb54945fa078479c718f428a5a1e682ac83798a61,7
031ce9160a16c92a0d585f9e91d742af04c73c1a87,7
entumóvil,7
venice,7
eusebioleal,7
e36d8d75d38eed2b3001b5ab2500415c1a03060d9d,7
vilmaespín,7
600ae0c76f1a9c3402dfad4d8a32a1fc9f3d3d5e0e,7
e070100146ce49e99db3651000f002b095a813ea8b,7
national_assembly,7
daniel2021,7
1aa19cdab2467c50b9e6362f5c8386fb9729d5dae9,7
earth,7
ms_burton,7
ghana,7
a13a4c9fbd904ca8ab7d1d4113f5950e1e45e9b87f,7
fad08ad53d3296ab950d78624409ab233520ff3788,7
9c735dcd7f796ae7cf6e1460b31f7e2b3c5251a2b1,7
periodistasdelaverdad,7
guane,7
concuba,7
bca36f320b90cdcc7cc66944296f97a0245db22b86,7
dd75fedfab52bb70bc706089d1df140722024dc5d0,7
0720e06aca239f5a3457ebfb771a00d058f6b4ce0e,7
2b70f06633f660cffbbda2845a39d4f08742956a71,7
7c61d57b4724de265b0cf0f99a13dbfac4b0507c33,7
f1dfd940cea58ec90073ce54aa21d2d59a792a47b0,7
84a7646c87c2ecc767906aa4f777cbe6572e58a18c,7
4a733935bc45360cd35ffadf508c65809cef733b4f,7
cb971703df1e7909bf98a99b53816260500ef4b088,7
05302639fe6f1a9b34ddf40e1d4b915d8d5d87f59e,7
e3c47ebd5e4956ab2a75debe781522e56d9ba68c17,7
addfab9c144c242f22e77bf3f4f207a73279e51598,7
45a71ed4f200b20863626f20daf7134175ef5584a0,7
díazcanel,7
72176c132e34fa2bc9c21f032e5b660167b7927e57,7
57fa174f7bb0da7d1a6374aae81a23d44ce752b72c,7
c19d3035556a452cd8813f7505826b935903f4703e,7
moscú,7
a018f06d305d7c56b5641b7fc958edf991ffe1427c,7
e08b9288277337d17ad395d26f0715f172cd13c42d,7
567b85afeaf792ab65e78b90209eb741a700f2259c,7
juan_guaidó,7
silva,7
faddfce304bbcedbedef78bfcc1f625fab30fab87b,7
nam,7
square_revolution,7
movidaenfacebook,7
santiago_de,7
narcorube,7
joseph_daniel_ferrer,7
18f7df8ca4c4e538e471b32b5ec582a2ae50b7c58c,7
ef5c1fb30d89ce42c74dfc46ed9b7716a815bb57e8,7
d91b53c3c1debe675de52e492bc646302f8d170a8f,7
casablanca,7
59b903fe4099def6be7724b6654d4fdc9abcb87b17,7
revoluciónbolivariana,7
pan_american,7
7680ad27276a407c46761be2a22aeb6c2d863974c6,7
faithful,7
policía,7
robert_fernandez,7
antonio_maceo,7
costa_rica,7
nuestraamérica,7
northern,7
yan,7
28abr,7
escaladacontradiplomaciacubana,7
yaguajay,7
jose_daniel_ferrer,7
12deagosto,6
valparaiso,6
2septiembre,6
venezuela_nicaragua,6
dominican_republic,6
b16b01cea3b93ded4bdc20af15162237e5cacb8966,6
difficult,6
vida,6
6884fd071a23e1c7202fe0be1dab3005bef0bf000c,6
a6abcdbada2589bcd9ff96c0d937a74e46eee0c593,6
62a8b936d524c905c801ab7fb01f5a15cbad181eb4,6
26abr,6
23c83c07e4ad2bbca8740daa83623574e834558d97,6
10dejulio,6
states_america,6
aa91664205d4e08bcd61336830ffbb752e09f710d8,6
81ef7f7f43ca77b044761e871f5126e30da3ac183b,6
7bfa4d3ca35a160659a8814dd4fc3788a4b0ecedf2,6
9e40d1a6a91aa001ff87b2b0e3d1bd14395d8688c4,6
653b6ae33ffdd8cbe211378f142bbf8cded08b6803,6
ac673fedd775ee331cd98f8b9af103add68efd7a99,6
fee0da2287ae43fc54ee3bc6a79bad70992c95f298,6
6fc826e2ca0e36ecc1e17ef8f39aeae506a6af8b49,6
3b77cb432c6e1fef08b685448f41950cebaf40ae20,6
2jun,6
sinbloqueobajanlosprecios,6
5df2e6e81e9f6fe95956bcc247149aeccbaedf4d57,6
0dadec6a3e886db120645003b28affa1aa125412c2,6
330cc730eebbd31d44cba74729397e7f6c923406c4,6
49c3d8b750ab9a9cd4df8c22a99d01cdb2523e6299,6
529006d7dda488644c4b211873841a275822586f89,6
acacc46e493957a2fff363405836b16aad7e7ce785,6
dd1a4a39d7f3d5e553d5c04e354c7923c380ae8d0e,6
benedetti,6
e24d08764deca3f15f6a7579042f381804a06b69cc,6
raúlcastro,6
0278bd22e40bf7b37b569cd7380eb5a086d1e404dd,6
edd10de42e3a7a041cdc0b625f22e03b7cdf46dc33,6
marianas,6
sierra_maestra,6
7b8950a9ba10b073c9005ca231455e747df56af690,6
cf2136b55d972609fd8fa1aa145438a2fadd1b4af7,6
4347210dd96d2064f02a9968f07f3ebfdd6b558467,6
caricom,6
0b027d53a932f205dedfea9fd76c54f34fa50ce99c,6
402c312d831ace1d0e6ab2ed9e289a81fa172c548f,6
9c62d4a207b9736520a0aa0ca2be6bef093841a390,6
2789fb34402d5be2317213dcf6462a69105236103e,6
a549a04314ff6142c262fb842986f80ac5c0659bff,6
68937c233e8458cdea5bf9312cbf2951fffafd4ab2,6
diadelosderechoshumanos,6
mareaantimperialista,6
eb4f9766e14031bf99801b6e72804b99b484aacc98,6
d0d9aceb307b1cf78ba90c5fef219be6b8ceaec806,6
27oct,6
julian_assange,6
ysitepropongo,6
c6d4e949516a03c557e5a4c18f3f2f1f13fab87676,6
3d12f41496bbb92bb3524909dca022657f4d2d0964,6
london,6
west,6
38f4ce95b7c7394920d65301a44b2c97a81078df40,6
ccac75d9b9812f21610b940a0b90da53329f82f6ca,6
3add8964dea1a498015c0a73e8e40b11073b1c44c2,6
congratulations,6
felizmiércoles,6
5a9af946d1419f12bed46bf794ba65bddba5575c3f,6
vietnamese,6
venezuelan_government,6
alberto,6
ca98444fae65da294a2df08b87bbbbedff4cd070cc,6
5c818502ea6372dba8e1ec062b9e36cc62a336ed99,6
cfa03015b5e922ae0d99c35d31e576216a99596483,6
day,6
stle,6
germany,6
2a11e1c44b23e06ef1f750b6326da86d36337a6063,6
89b288753a653fa49d75bf171120e1bd3a6d694652,6
52c9c43effcc8f7046849532c5987ed8ae18302d23,6
danielortega,6
4bed42e5f31330bd3e45803222e29d06708ac4987d,6
alba,6
fee23a36429f66e776ab55bb16923097d0ea734fed,6
siempre,6
guamaro,6
palestine,6
pan_american_games,6
66ced5291f527da47b64b4864166c8e0cf67b1307f,6
cujae,6
165add03b833074520f04ffd1d11958e6ea99283b4,6
1623dedcc334469b46968dbfe3332912220f8ab4d4,6
c7ce1cc8d6070972ccb1f22eb396022b4526f7e10c,6
somalia,6
05c1a5150ebd7749383ec1786ed019b704eb52fd3f,6
fascism,6
6492d2c64bf954ba51cc079c234c5478e4e2cee3b4,6
ciegodeávila,6
vanguard,6
823a8d5d8044e4ea7b779e561843eec7bfca88b3ce,6
8aad36ca6fd4bf59fbd30c8e995a4bfcee77d4b48d,6
15demayo,6
57231eae8ccc5c3a8bea3594edf9cf6650c98d124a,6
4d63dcaf2ce0c331e4ddebdf73aa05c96892eeb620,6
rio,6
773dd13e62af69f28111f5055ee5ac4c4a29ec579f,6
telesur,6
republican,6
military,6
780d6ef30e9aa078cf6ce418a66e2b1537eb3e0b56,6
venezuela_cuba,6
diaz,6
luis,6
portuguese,6
pride,6
6ad0429845ab12f690c28be9e76fcaf7b9a19f7d24,6
cardinal,6
29db1d687dc4d29223ccb41535f16db05864d54f7b,6
97914190313ba81fb394792b954f69499f0ee4e497,6
jueves,6
407cfe1e30b09c713daba9f4f730b152d7aa9a837d,6
27jun,6
67380e1d89a670f8529dbd45929c5322b187e68cc0,6
xxibienalhumorismo,6
2956d5431aeb7a9166fc04e9b3c1cd93f9af293259,6
652adcecf9ce1f4a4b46d9a078a133f4740ee398ac,6
4demayo,6
7f47a1233fd431b24fa51a91fcd3fb55697f14021c,6
3c06c4c63511374154be7ebcf5a8a4fe7be33165d8,6
3808669661e16c4a16919c0f6351486c558a1b1b7a,6
cultural,6
34049cd027bdf2e2344eaefee175d2c37f25d6fefb,6
6e9a39c6347b3824baed81cedb1bf7bb1cd51f1ed7,6
214628f02d0a6d0c4cad7d1b1a162c42bdb95bdb20,6
vivelo,6
0ed5dda95481ea8b54decfdf1091ec3c9a984f3133,6
154aa20bd5a85a092f8d1d4dfec4794381b3e3b791,6
7e721d4e15f49c399f5ecd11ec671c9957ca345cd7,6
jóvenes,6
3ae13a3f1340d6c92f7b426b20e483929847aa6a2f,6
cubaesdiversa,6
03708d338ae2f0c1f7514c38d8ae83dbfe44ee777e,6
43398647635513f067bbab8ba4fbbda5fc34594e2d,6
939043256362a9626de9365c29ed965d955722b1f0,6
ab725a91274fb518df66e85d2eb22f7bc7cc8f7d57,6
6f58e6cf05bb7ee27bfa0a2530ee0ea0b65f244199,6
2d667263abba59ca7cbe0ef99a318ba59adbdee36e,6
d24d471704779cde51744d39bf3032eb6785a9f263,6
elsalvador,6
pastoresporlapaz,6
b293b0e9c3071e419fb0beb46f3f2022aa39bffaf7,6
ebbb7a35ca46e0788ad4968bde0dcaf4b6b7b1ad5c,6
54c2f303181d91c05c95cfff1ba3987861a48477dd,6
1cda57529e408ea45032b9988df2f287b1b8a884df,6
c908b962c29b3fa763552743383818cd7a703a02dd,6
28ebe73e6b3f490eef46362aeac8b8051b911b5dcc,6
samuel_moncada,6
plaza,6
69c8103cfece8e4e349869f5e4a64a881513885081,6
a915f337521e1f329bac80d7d8df3fecfd17a16cad,6
law,6
santiago_de_cuba,6
governor,6
new_york_times,6
f793b2a0f834f088775431396aaf88f4f39607af91,6
cuba_revolution,6
cuba_island,6
latinoamerica,6
palestina,6
0c4130ef08793ec0b6a6197d3cbf84c5cab0283e87,6
43b382d760a05ef5eba4003094aec528eb5b73c171,6
be512965b28ca06b3c357fdb2f1eb2b99cc17c4571,6
venezolanos,6
18may,6
c9ef95f854c2f7bd44468e26b4a64e1b13ef110e35,6
7737156254665d1c5cf42d4c003189abafab3c2c13,6
54830c3b8fbd9001a3d381b4e930edfb4098eda7a1,6
e2ccd4861a5cfc79c5b2009fb6479d7649cb70524a,6
b7226f927eafa5385fbc8c1263c6e55afd45f069d9,6
diadelniño,6
prince,6
25abril,6
councils,6
peasants,6
helms_burton_act,6
108dbc1d22c46c4b927b461cd28b6ba7448d57accf,6
mauro,6
minister,6
1erodemayo,6
youngclub,6
club,6
raul_castro_ruz,6
llegaatudestino,6
tweeterspatriots,6
september,6
trumpoloco,6
anpp,6
e06b8f275cfbc8b35aea8a534a88fb6b89a27c0032,6
f96dc66323c10ea5fbeb5e5a55fb781a96ade9fccb,6
29421b598b6c8d84356ce65684b5eb7dbe5a51ca22,6
yavaliobershsi,6
evoespueblo,6
capitalist,6
27abr,6
nomástrump,6
voleibol,6
christian,6
ramiro_valdés,6
paris,6
daniel_ortega,6
gringos,6
batista,6
difficulties,6
nicolasmaduro,6
felizviernesatodos,6
pinar,5
uador,5
camilocienfire,5
fabio_di_celmo,5
oms,5
2mayo,5
mella,5
díavíctimasdelterrorismo,5
19deagosto,5
archipelago,5
nicaragua40revolucion,5
6deoctubre,5
democracy,5
domingoymeprovoca,5
yotambiensoyzangano,5
muertecruzadaya,5
trumpimpeachment,5
supreme,5
pensarcuba,5
b6ecc1796f19a6d1c4af3c32aee76130e057baead9,5
0ecadf99ec80f374a5b4ac2ba0e7947127c50242e4,5
turismo,5
atomic,5
historiadecuba,5
22sept,5
cuban_federations,5
domingodeganarseguidores,5
1e5e52c6819e94a99bfc5cceed9a1bcdacd074c54e,5
diadelnino,5
ef2be2e3d713793cc4e5a89b7c6ccc7ebd439a30a2,5
7ce9f2d614e0150d112c006089ccf3213396025fd7,5
11176451ce2b8e3023333bc9b5c4a9dbcfafbf0712,5
182549aeb710a9c04dfb979fd9daf796e6dadd63fa,5
34a15089d88b57c5d39c07da9192e653647f1d203d,5
libya,5
omar,5
constitution_republic,5
ec84ce2c159434e12566a9cdbfa12a0e740bb92aff,5
484cbe68397bbe99df30434237710ff12e53768781,5
78f40d92c8dfcc9289b3d5a4e30a4e9fdc30aff61e,5
d4797f6dfa77efe824e43a2374a2d6fe9af3561073,5
28db07933bb1c6a29ab4b995cda11312d8be45dbf7,5
médicoscubanos,5
51660fe5458d14201bc27072b31d7607e20dd15c4a,5
40a630d65fc139fe62b6108084f40101cf9a159c96,5
873e54f44c6724bf7a31f382fa906af076c9ff4658,5
d24eb455009cc87328a03e8619c7d4e2189185ec78,5
edc682f7f186fb64cf2c23c7d59d145cb92bc66c69,5
64f95bfb0d4fc5016843ff8d6cb4d646e3dae60008,5
affairs,5
4418bc03afc163232140056980ad904d6ed751df62,5
5b4df7aa03348f27f2fcef14492f20f94b53066867,5
80c4d0c29a87d074d85847d94a473f6994032badee,5
6aa8edbfef8916290b7c48939b2421fa19ac261931,5
0bfd1a47c87f9e916f93798c74608be50f400ee9f4,5
58ad2958f58f8121d5b9d2ad9d7f2bf96ea5268596,5
d564b2ef694546cc6f08490b6afd07bcac584a3b51,5
cubaeseducacion,5
747ea7b46eea068d13d572d2d5805e4269a8008504,5
liberenamedicoscubanos,5
venezuelapazysoberanía,5
mesaredonda,5
quebec,5
f3bd0bd302284c7f61bf69ba8f1e6e82203a21d33f,5
86385660428e5d052592d26bec74e0a32dc4401a1d,5
1c581508e05f5c4f3c089e19612156bb8e26648304,5
e9c50298124066493f86d848bb580ef40fd57ccf38,5
toronto,5
ruiz,5
la,5
23mayo,5
cubasocialista,5
educacion,5
5175c998c63b109557642eccbe5eb78d2b97410503,5
s._government,5
econ,5
a7cd96084d9d28eb180e870a7ffe301359c22ff511,5
tcp,5
latin_american_caribbean_student_congress,5
leopold_lopez,5
esperanza,5
somosfeu,5
unióneuropea,5
nicaragua40revolución,5
maradona,5
20abril,5
a77d5113964d4ba473e06c22a4823aedc8972f8daa,5
commander_chavez,5
cuba_russia,5
helms-burton_law,5
7007ef2358b1184b5567229a5e2a5253e7d9a6cf18,5
south,5
international_congress,5
protection,5
syrian,5
senate,5
panamanian,5
5dc0a83fd179b35ad26c2a393d2acffd46447af4a8,5
b7cb17b46d7c38b32c1bf4a218a322f9ab72de631b,5
52d373aba3a7783e2d8148e8b8189ae6abe682679d,5
e17805784058d48a75e2a6c4a715710d33b8c6bf6f,5
monroe,5
8ad87e016ea11175f00a93c3f796d603d09411d622,5
1b219b5e7fb0621ebe48c33cba21b13bbe4911d175,5
822cc9bcf3667380315e3b765f4bd0886d0cd00e10,5
bolivar_chavez,5
11847d3501b820a9d865afa8e3ec8bcbd0d5cc7de3,5
pines,5
interior_ministry,5
ban_government,5
4may,5
27fb0398831aa406cba73621f7058846f03f55af84,5
a7e6c91933191709b6951fcd46d2b7e32a560c49ff,5
f0a753e13ede39903a9e9fe4e181d792334d0eeeb3,5
7b8f99de6eb643a16735dad874616a93c33988d83e,5
530fcc35f557e1f192936cdd0daa70173e28669b70,5
17mayo,5
2e8f96aa98d873235b6eaf32bc1d1a451857b9e60d,5
3dfe648dfdffcffe25eda76a41391ec8948c78a53c,5
0186740800d044ed0eced819040eca0e4c79c24f8c,5
state_councils,5
3mayo,5
4cd1030ffdfefde8d217f5c3fe51fa435c9130e693,5
eb9e094b596cb3f375d8ac10fba2922af7082078a0,5
8e35241ce0a52df158a1fb36c3a020e4bf3f826d60,5
5e355ea909381acf750fff6e2127f51d882e22127e,5
a4ee8902801a395ff4a25c00c5b497ffe2a35c71b3,5
clae2019,5
cubanas,5
12dejulio,5
cubaporlavida,5
commander-in-chief,5
silvio,5
presidents,5
nicolas_guillen,5
ian,5
wikileaks,5
8f395ec0c209365719fb77c24ef6d74f1fb7fc963b,5
5dbde1a84f08370dfd74b4b9b38d10c60f1f327aa0,5
6d895ebbe44ab5c54f8a3aac550d5ff747fe5e601d,5
2249513b5c3f55bcdde25202e22b5423b4006919af,5
ec70211f588d86b4ba030f8f8aef2a02b3cedf0d35,5
laos,5
icrt,5
trumpitico,5
3e52b5162c8c77e08d2073539a2638f024eeaf0f02,5
diamundialdelemoji,5
venezueladefiendelapaz,5
vilmaespin,5
arizona,5
redfsln,5
gobernanzainternetcubaes,5
3480007d0b4757abc143cde8fb015fe65983879a3a,5
3207f798142adbbe62d21e1c815ba14690bbaba8b9,5
juventudrebelde,5
futuro,5
argelia,5
bbc,5
cuban_chancellor,5
5915b969c38d4efd498eded101ee2004adfaa965bd,5
blockade,5
03c61d53e89dfc8116f3dd1c1ec96c756b741568f7,5
d349ca65daf5ca62b07acb317209f39334cee013bd,5
eastern,5
e394fb5884851eaea59f543ba19601c9ae491515de,5
agosto,5
henry_reeve,5
vladimir_putin,5
mercenarios,5
latinoamérica,5
237815b3b87eacc7c6cd80d48c1d17a957fc614359,5
a542cf7e52e80900f9e29ce26acf00b33b2d498b26,5
an,5
sagua,5
diainternacionaldelafamilia,5
200f9d10f85e7574df5c9e6f65413de3b805123b5a,5
3545c31bd01497e500b97da24cb7bd0d6ed87e28ff,5
claeintegraciónlatioamericana,5
11julio,5
537a3e1ebbe7b09a51514464d6c45bb3ae20f93dfb,5
4e74ec34c797a34e9d931189024e7e1f5a36b672e9,5
sabado,5
13julio,5
7e523099e98b4d58795f6f9bcfc2c33b25928323a5,5
ef3494bc50471f8da9189eb9d015d4291a1fea7272,5
amistad,5
carnaval2019,5
bogotá,5
d10ea9d607f1af07dbc8b4a7dce52000c9d878bb3e,5
fb26b0c1f607190926024322408b0391a70463f2ba,5
7b0971e932d31e90cfcb57d2bc32932413ac01119c,5
almeida,5
guillermo,5
76ed6a58773fca789f21a0367c4774224c9e274e32,5
abel_prieto,5
díaz,5
congolese,5
prosecutor,5
omaraportuondo,5
lula74anosdeluta,5
pineradictador,5
kirchner,5
b5281efe6a26348a4b2c2b86560bea8eb4fee8214d,5
5cf8a04fdffd98173b837cc12619f3a8a5a9297506,5
efemérides,5
lgtbi,5
17fabb3312269358d4da5ebecea3405beb059dc3fd,5
1ce8274c1672c0c45cfe0171ac55951ab52df57ab5,5
08b0aea04401da256025b19084dd6ce433a1fdb18d,5
30abr,5
727e9849e31f6c8496bad6a5ab66652a6b46e4dd7d,5
5may,5
yovotésí,5
7afb46dbcec5c562c78f1a00d3dd4f3856e99165cf,5
lord,5
fatherland,5
noticia,5
silvio_rodríguez,5
nomasbloqueodigital,5
lobellosdemipaíses,5
venezuelanaciónproductiva,5
dmitry_medvedev,5
dublin,5
trumprespetamipatria,5
carnavalesdelahabana,5
indian,5
28e5d5b65676a73f4a3df3d098cb45162082830a20,5
986f9cdeca2d8f34e72f22f45a12a125eb6827a075,5
95e63e16bd8ee153a2063367157ce2840334a5e5c0,5
juegospanamericanos2019,5
23agosto,5
latin_americans,5
marti_fidel,5
ecuadorians,5
e09d52daa5f581e8649a2e6401c1fffab7ec65ed09,5
pentagon,5
xi_jinping,5
fotos,5
f64b9b6f4d3a1352a268734d51c76783fa863a6cbb,5
c03ff8fbea983304ff8b9b8045a503c03390b9ef7b,5
f1826f3b3c8ce9855cda00b8430d872f333337d8d6,5
cubavsblocking,5
people,5
education,5
894f0d331f237d48d15b9cfe959c6e34cac2e4cf31,5
mercedessosa,5
antoniomaceo,5
fe8b6702d62e13d602ef4e6a19b548a39c896102ed,5
0ea77a9f4a35763b2075c2499e4c88d9dca64daad8,5
cubasiempreen26,5
21dejulio,5
3d79ad371b67c685a6d8c0e305d0b800b7ea78395b,5
handsoffvenezuela,5
hong_kong,5
agradecidos,5
tufuturohoy,5
pinera,5
kempinski,5
guerrilla,5
jc,5
federal,5
bad0bcb60068ba9802c7d0c8e90aca5a63a0b2b562,5
0b25924e4ae1067655020e94953c47c927d6c07258,5
a6ddbb69f3184fe25c1600b02d77680d0e0e71d95c,5
fd364d07bec5bac5f90d88af61854fec8d4005fd08,5
cd06d769337adc72231cabc8f0bc571c573afd4ebf,5
felizdia,5
vanguardia,5
lenin_moreno,5
countries,5
revolucionbolivariana,5
ago,5
120paísesconvenezuela,5
siemprees26,5
jose_marti,5
cuban_parliament,5
abajolaleyhelmsburton,5
cubava,5
the,5
north,5
islabella,5
cdr,5
fidel_cuba,4
8sept,4
13ago,4
nestorkirchner,4
12agosto,4
sao_paulo,4
00318354948f100def7e1461c8512713b5c50b08a5,4
4d632124e86be9ab635c0674582abd88b2e0c6fe76,4
00345593e88fe1973bbf11095764e6392856e2cc90,4
45ec86e79cb9e11a53def562c317b95591c25f2dce,4
0674417f2edda42d740f0385dbf7f41c9810f524b1,4
8a1f268f008575965f89b45f05acd15ec6aa284afb,4
edd518bf28dde8ea4911aa84b6298bcd5421e88d20,4
36e4a77bb5836d92ed98eead23853ef2d8bc45fbc2,4
caribbean_island,4
humanist,4
sundayfunday,4
nauta,4
f1deb92bf50d5b24cbb2245818aa3ff71a1452770e,4
c020d19c0f18b8e7dac1363c087dd7dfca05d54681,4
c649a469f0bc632b3399d4cff2d4998ef05241b90f,4
e24e9f50cee93c617f64c11dfae9847a7533b643b7,4
ciarp2019,4
moscu,4
macrimentiroso,4
eleccionesargentina2019,4
somosigualesyyabasta,4
bombaatomica,4
pence,4
cárdenas,4
71cd666096fba0ab842f2dc02a8a84e65a3315b9e2,4
c5b1d8f289a42527d4178b485272df3c554f249c90,4
e02c96f575262e1dfeabb07527af002bd5f53ba9dd,4
rumboalapotenciaminera,4
93twxelcomandante,4
vanvan,4
buenosaires,4
cubanosconderechos,4
a9135cb2590ae5f36f7050a9e53d2352d1c82a1470,4
58dd42cb1c8a44bba43ad295d0d769c2657a23b211,4
664d7cd8ada1a2b6faf2831e7538c6849fb9624776,4
capitalismo,4
44eaf1316156c1b453640eb4ae48d29f033eea55e0,4
dedc87ad32f520df1c070514e32d64eff9e17aab5c,4
a3f3e04f161176ff0d5c841beed77d79b43de41115,4
asambleanacional,4
bohemia,4
2020,4
29jun,4
ad28b66cc47e2b68ae45e6023949330095b3c6d209,4
38f70056fe5d71c988079e15b3ab3a7c06c2cdc6da,4
56a3c2ffe1c2f5830cc2af8a76ba0257f61e18002e,4
7aa093a0e8a77d5fb84fda690b82496d93b516442c,4
298aa7a93e0ea3f17fe4f403dbfd50a9e65df0b175,4
636a1a24f61d0093e4e72b5d6f9aa1d43e3e096ebe,4
c245b6fdb2a3a8a3b86c3513036f34840504b2b648,4
787e0600a97cbe0b989a1d0b305b9be459d9a02d2a,4
us_government,4
latin_american_countries,4
destiny,4
forces,4
enfotos,4
42730e79deddc3eeb8ad89da56a5a8a185e6c206fb,4
domingodecartelitos,4
4dejulio,4
julio,4
redcubava,4
24f999b3db228ee8f16f1d41e0edef8af99987d208,4
4b6ced718b83cae9179fd10217428c11d3dda6ce19,4
b0250283eee7a7376a749b41f22b005555bdd9fe9a,4
lodijo,4
9cdaf8bf22e0c0316fe401fc55a12aca1f1f79aba3,4
088e45bd3b291adc5641e507989ef64c069810d185,4
finland,4
edfc22780e36865d3ea4af0fb37ce4ed58a6db4591,4
e5fe3bb4687770bce7a6d55f5eb1cfd5337b05ca32,4
80b052bf972d14aa8ac7af941d1efb0a0db8b1d142,4
cmkc,4
landy_assel,4
counterrevolutionaries,4
los,4
ivan_duke,4
buendomingo,4
4c2b0287be85332d5a46ea77d7a0761b97baa8150a,4
672cbe8a5f6bf7471dcbfb32f74829e4710f8c61c4,4
policia,4
yovotesi,4
londres,4
e4dc14f4b9bbdb4053de5eb38388442aab2bde7869,4
c4bb6cf3d3c7fb211bafd1d01ba51eaae0d89372e6,4
da0433708b9945fc55c954000b40465f409cfc7e29,4
miguelbarnet,4
latin_american_caribbean_congress,4
communists,4
san,4
frank,4
cuba_america,4
josemarte,4
english,4
fidel_fidel,4
mediocreluismanuelotero,4
fiscaliacubana,4
556abb75ce02822c3047a6575dac4ac7c2445b3194,4
fraguamartiana,4
federica_mogherini,4
bolivarian_republic_venezuela,4
turkish,4
devil,4
60años,4
democracia,4
08d931d0160470e822c035861dbfa8bb15322eee5b,4
efbf50426cfae3ca42eceb4b3c820ea4a2cf10e716,4
8af26e69d64f7e9758c84ef5959e2826e6d6d47c88,4
sundaymorning,4
7d36a24f4bdaca6d97df8866dc1b0e24fa6844674f,4
adef4792ef754dfc9389b80a9271c1bbb4bb9eb00a,4
93e0fb2482ae6d3bc2c88c1b2b453d4e7155159574,4
41e52f56cbd322678b3e1cafd5171949f604edede1,4
cuban_women,4
agricultural,4
president_user,4
god,4
cb8a173bc650869e438c683ca30d0ee447e7bdf25f,4
ee74477881f55a80aa9d57873eb7f1bf3a18073bd6,4
4642fded9aefd8d59b8ed81e27300a68195e81d9b9,4
5929d7db6d3bbd34627025e251afc1d230ec05c158,4
ixcongresouneac,4
alertajoven,4
d1ae0f896bd3bf491f5049acfd44b34b695a80d6bd,4
f1c728b947b1b875c6d13be050651144fa1d42ccf7,4
madres,4
lgbtiq,4
cd07e6ee53b2f3398df73dfc22992d26bdff193990,4
barracks,4
irán,4
be0b48a0af4a3ad4449827d65da24d748d157837cd,4
8db61419a7b61c9f62e602f198614bf8042626580d,4
40f083609e86f61cad7af8b69e304346dd0af46496,4
c19a3a95f3efff031abd88a4ef61f42fa403faad29,4
8ac8c021edc14e766a1fe787bace7f8d465d0505c3,4
51b6fa701c749066ecaeb4617d00d81182805503f4,4
a589b54c74518ef35dcdc9a4ce3353d1e798ec5a78,4
ultimominuto,4
4mayo,4
congo,4
11dejulio,4
13dejulio,4
marianagrajales,4
13jul,4
6db57f0c8e6fdcea14cd24002a04fe50484196c27e,4
947d37bc380d4f2c683b871366f98674c78e2ac136,4
e836378d325ace1d93289e0a2e90a2da21add27b08,4
80ff3b2210c98d5150cb2de0f29be74de50c734784,4
a8141c8b616a98fe43f8a74ea79ad3141f8855ac5a,4
b7065a7aa77f7a1725fb780bfc0e7e5bc79629388b,4
4571d774df588a53cac26051abb178c3227cc9e3ff,4
242075c0397bfc1042f3d25857177070e5d338e9a2,4
a5a93d3d8b2dea83b0824da0a6729dc88c77185aae,4
nicaraguans,4
human_rights,4
virgin,4
14e8c7e134160d5df4603eed3f5327ef8cf668a102,4
14mayo,4
felicidades,4
5demayo,4
karlmarx,4
mark,4
ernesto,4
clara,4
conferenciadeprensa,4
1may,4
yoani_sanchez,4
canadians,4
jair_bolsonaro,4
7ae1dc1d0977de60991f0d2f0532abf132b449dc0e,4
11e9a103045868bfb9b481d7e492a6298db134572a,4
2ad125ab0e14062964197cf4da29d344909abd95ff,4
261fdae52df6f03ab707190524c3856857c42757ee,4
32c12740de0218a068506edf567a997afd6fa2b063,4
7110a3e3db17b2d48f802461fa7f7b81e655735250,4
bilbao,4
cambioenrevolución,4
expocuba,4
bloqueocontracuba,4
social_protection,4
cyril_ramaphosa,4
founded,4
amor,4
7ef32551e0a2a688fb931f7a4ea99c3435e3bace73,4
d7977f308727e0c8d308873357b911ac618968e37c,4
401c3b7f940f1de91fd390c4891dc1f8d288eaa5f7,4
844cb64e3b1b7114c87b15883d665a8a08c195e71e,4
69e0b492d15c1d38fe923c93b5f1ee7351890a26ad,4
b4c36acb22fa56d9d29ca8e203837ea45758e84340,4
92ff2ba0c32137094957dfe70cfdfee8b1841afb4b,4
077e81bc27bcacaaff79b5d9043d81be5fa6852e15,4
15mayo,4
19dejulio,4
juan,4
nations,4
mine,4
camaguay,4
comunicado,4
jovenescubanos,4
26bf58037e7399caf775c1770f5b614cbe739b90d3,4
people's_republic_china,4
68c5a1d08edb3dfb5a13142f2c3cea601c9c860242,4
88db5b7e4a0cd148fde5e91d64c628cb72d5e3752b,4
bc461bb79cb47d617db3dae65f608e3719abc60b2a,4
yoanisanchez,4
18mayo,4
08edd1861253bfd009f33568aecb594fba1d66f801,4
3a04438b09aded049fe27e7c615443012aee13de7b,4
4af046081d6ae5fb210921a32dc813c7c5f69c02dc,4
alejandro,4
latigazocubano,4
fonseca,4
bans,4
olympic,4
internationalist,4
03may,4
68eb4cacf7b60f3ad1210389667cd170c823bc8ecb,4
bolivarian_republic,4
b8744cd8db8213b871ca927e9c4a5f47ac76591a33,4
774d8ca2bc73ef08c109599e84b4acf691a4c49eb4,4
4ab7c720fb262d106e00b016d46fe411a1399b081d,4
015a70dd5e166b550f1252ff93bc4efa470cce13a3,4
3c926baaad131e681de8712f29e3c9b1d4e331c7d4,4
24dc5103b3e87b4c9a0ac0f0a8661ab3440a7a9060,4
9fee21874042f700976061d136958fb59d94803ed4,4
diadelospadres,4
ernestocheguevara,4
2fdf27678b641c0244f1e52c4867f77891dff7176a,4
leygarrotehelmsburton,4
b8586878136878121f15a5d6e7edf1354dea9cdc39,4
3c0d8d3148aa07a67251d62b03ad104c112456b2ce,4
48d376255cf53552bec6445877f20df70ebe663ea2,4
shelmsburton,4
eacb008d33a3d9cfed6ce341d8321e52fef313a5f5,4
98ccdc80dd3081cf8d040dd09fb9e81060276464df,4
d021f7e7ec4e8184376a9aac7948d8308398bd2275,4
3532674686a45d3decce0eda4a2dcafa2927151040,4
244c28cf7d2a503e7931c65ce9987a8b2abd0a8622,4
df19c8ffea0dfc433f14f714d4f537f7f3b6fb3384,4
4bd76859db59363bad53d77330161e57d43298eb26,4
3595026569b29ebe5da6fd2631f062ec307051d214,4
6bd58bfd948df6d7463879854e723e36a3d5031f90,4
a5d6b47f2e2e032746c8e8dbd8d0b7bf47efd49e17,4
e3fc7b65cc9d69c2516fff8b393e478c9fe4aa29a6,4
7692a90e15c1ba0bbce747a36e16c559de3fe9a089,4
efemerides,4
nobel_peace_prize,4
15e0533488f50971d44caa835c00430977b34b43c6,4
fernandezfernandez,4
1734a4d7288983ad808adc4e859c95e10e7a580dfb,4
noleygarrote,4
movidaentwitter,4
ma,4
ean,4
twitteroscubanos,4
chavistas,4
d9f4321f38229041eed26a5f4664f2cc87d28780e1,4
faf701e84332d232742f74d7191d62c107d57b4860,4
14dejunio,4
14jun,4
montreal,4
fa444dd6d10ea8f87957bde639cbc2e21c9bcd3142,4
22mayo,4
21demayo,4
7d3490eb3b0a15d6ba8cc481be8db738c759d2f725,4
18clae,4
perú,4
c97ae50921e8efacbda996aacf648067df380a76ea,4
79674290750127332b415d224081756178edff2df8,4
04395dd05851c8a6e9a912425771663ac948191cbd,4
7c2d3bdf6bb799c883e9734c0089864f0bdd246ce0,4
andean_revolution,4
10jun,4
argentinian,4
valley,4
saint,4
immigration,4
noalaguerra,4
square,4
revolucionsandinista,4
b95ea42225f3e01d77c53258b1f7a45cf62564be2b,4
state_department,4
machado,4
north_american,4
association,4
aidó,4
latinos,4
stro,4
internet_governance,4
24may,4
diadeafrica,4
cibermercenarios,4
24demayo,4
900d19292c447b905004009ee32444dbc63a1d0283,4
3983b40f6e00e7e76537714b54bdcb22c524eab033,4
a8188126bbd310da28a5ffc7cbba4120062a851f98,4
90fc5020ee65dd00f9167e13c858b5ba3a739e98db,4
cuban_police,4
azerbaijan,4
roberto_fernandez,4
madrid,4
cuban_university,4
julian,4
fuerzamaduro,4
ton,4
014abfc6055a496fa051738807e86f11e8df4fb480,4
ministry,4
bana,4
american_dream,4
maxim,4
venezuelaunidavencerá,4
adnfidel,4
5448e2295e456ff16a47c0aa1984cc9ac4def3393b,4
fea4b13cd322a0a32529f7f3eb01000b0885ed1869,4
uneac,4
giant,4
community,4
revolucionarios,4
columbine,4
0f6f1ebdd38767f395b6c9b6b3c2df034fcd7e6150,4
9e20c71d4ec408f2e364d2f304b5fc8b10c2b1ad70,4
25demayo,4
600055a1eab29b5627252be5bddc761ad5e7061758,4
87cdee0288acc5ef99032a96d343829108080815bd,4
verano,4
pnr,4
4jun,4
alfredodespaigne,4
jimaguayú,4
usau,4
google,4
marian,4
guanabacoa,4
1deagosto,4
semanamundialdelalactanciamaterna,4
1de0257eb07d3e6187c1de891943917e6ad51d226d,4
ce0c9ac703ca02f5f594bf6f909de49ef6a4935692,4
a3224f92cae36ffbe1d2aafa838d1adf1b9755d00e,4
mexican_government,4
salvador_valdés,4
centfuegos,4
justicia,4
oclae,4
julianassange,4
marco_rubio,4
far,4
80094f2a9f306f1c7c80a1ad2768bf1acf6585ebd8,4
349e7c51fa50c71c03af571793e710dcbd8aa3554c,4
7fc472ba2298b1f70ae3168af6c262238da67e6bb6,4
1b8c40cf520b68a28ac41a45ed593596a49ef16afa,4
fabf0c6306f4cc5a5e4ca8fc13aef9ce821787c689,4
4bbf4981a993598148d447c04c1f544cfee3e30628,4
e7ae8ab7383a296670e33a1e3b7ff41327dddc9680,4
heryrevi,4
unidos,4
alberto_cristina,4
camiloes,4
ruido,4
coronavirus,4
juntossomosmasfuertes,4
cardinal_jaime_ortega,4
hiroshimaday,4
6deagosto,4
yoteentregaria,4
chiledespierta,4
ecuadorencrisis,4
restituyantelesurenecuador,4
5oct,4
southern,4
3fb6f5933502d74152cd5e527a9d2d57fe0a393a98,4
764d3a147cdded2a0d108cbbda3cae406ada0098e0,4
a4d488501209a6c73a2bcd769089ecd6b56a3c22f9,4
2671d9fdeff01da0834ca73585dd93cb5420b8e566,4
wifi,4
e6ff36a97561ec09c5137750217eb2edff65f342a2,4
sistemadeproteccionsocial,4
cuban_constitution,4
b7dcfd2818ca867da4a10082ef283cf35824819ae8,4
1e919fd8330692a5c0925b0497535cc06fc24d3771,4
858c63df8c023bd19e0aaa0590d26fe561c9ebfbcd,4
6dbcdada23652c6e8108f4ac4d8d5211a28d6a2de7,4
e504b3d5fffef7b119986fbe83aac6caa103b028a5,4
b2ff719fd9bc32b45b5536d02aa3d14c0d893e7ed1,4
94dd79f6340cd4d869bf467f2f509d7c2ad8020d33,4
1jun,4
dd05bb0b64fa88c3bf13231f6c536b772ecfbe2d62,4
a1452562a352244c03ac9606266988250b3dbebd53,4
44b6a9a023884af67c185d788b48205739cca0d368,4
buenmiercoles,4
japón,4
bb24ee8c5577c3db1a8260b61bf5c2a3e51f5abad5,4
78d8bfb2774ad7357d185bcc071338033a19491a13,4
c892dca667ae34ad04d42b74a6b00b984a47bf1cfe,4
agramonte,4
15sept,4
warrior,4
ohio,4
uadorian,4
verdad,4
buenlunes,4
17deagosto,4
compromiso,4
sigoamipresidente,4
economía,4
chernobyl,4
albert_einstein,4
unesco,4
yanks,4
isabelsantos,4
8deseptiembre,4
salvadorallende,4
cubasalvavidas,4
cristina_fernandez,4
as,4
cuban_revolutionaries,4
1romayo,4
henryreeve,4
12julio,3
640ae7003640f86ec90acddc53fa01d369137a60f2,3
cemetery,3
c15dfd53b052e68870793251f63f84ce84b3c5b2f2,3
wecuba,3
39c200cddd2c28a03b2e2679ccc9203824acb918d5,3
manzanillo,3
diplomaciarevolucionaria,3
ofensivacultural2019,3
7a038cce69037273105f09d64dd9915e04da792ed0,3
cf21a97547d505c955ba6cea5848dfa5659d3efa3d,3
3de8880770da70fda70c95e3e332c8cdad803947db,3
ranchuelo,3
0ea58ffec2d529e1a7c50a8a240820362f6f17f6a7,3
d862d1ff125d62c1e6cbd47648c19687e85982de80,3
320d5dfb3ecdcfa1999a470e16c4042feac21b5b0e,3
e09093aff95a83da063c1e7102a9ab41d072fa0fae,3
54ac02af0004a910fb3ce273635fbbbeb4a9a90eb0,3
ccf33c5783d0b1f22a7589dff84a7d3da9bb305a9b,3
55515e117aed9c4ccb3fb6cfbd94073bf523e0d8ce,3
82575bbff55c805dfb7cd2733dad2498c6825ec536,3
ca0ea3210712c4691161dbeb34adb45e482085193a,3
d7db54c28d7b1c9c5f14d0fdfc00bf8d4c1542facf,3
c425768fc04b4c8ac424b8fd387adf3fad861e8267,3
5c1da8a3fa706b4b424cc58224b4b8305c04994e4e,3
viernes,3
dbef65c682655b54789b9e0b52049c84c4fca666b0,3
bfe2df684562866d8d3ffced35091be3281d6820a7,3
mary,3
d24e904e3f581681148767794bb1a270f22af95560,3
alc,3
noalfascismo,3
8625c53c97c90103355bfefc7696a3001e9c436145,3
últimominuto,3
el_salvador,3
a263e4a6902a8863fc0d56bcd90dac6580d5b3e2ae,3
envídeo,3
jorge_ramos,3
0863f0c11e09ee108803e8a0d9ed9d66eca1756cbf,3
a997fdc5558c9d98530e28570de7e2cc7c96b659da,3
5c81a7063aa19a318e4559542666d538de097dfb45,3
meliá,3
1162aa70ef94fcf10d02a38a2a1a436d6159597fa9,3
9df7805eb200cd2b46e7a1fbb720d0825306653b69,3
139386aeab7f22efac54c572defd4d72f505efc8d2,3
joseantonioechevarria,3
21julio,3
saviour_wood,3
cinema,3
36da67f3ca5c69dd354e15463cc4f05441a9ff9aed,3
salvador_wood,3
1a8bf64eb461beeb30fab20a00c188276d7a74ac50,3
b8b1aea308ef4465129cecf78d478aa1a2284fa8f7,3
b5ec5326d0050502ca99d7196cdcc04e897db1ea63,3
16jul,3
29b2aa506cebc71bde83935099512a1a38b1f1dbb1,3
4331fd6c7766e36d0c7f3a57067bf5851e485b149f,3
c8e2d37869e62fd1a71c1ece66129825396d7b0070,3
c83351e22d54d7def127876878c97577ec4faa7e43,3
aadd8d5adce4e62c99400bdfc75f39ad917d0edafa,3
a3ccf2c2f18ee56dd8dd0a4795aa508801a38bc17c,3
dc294d2fc1d50aa890f664075ac1ccb8440c4a65b6,3
8may,3
c9697ae3907ce82438b32757fe7e9a1d02aa6c32a6,3
8248e222590dca3eda994e4792837fefb325a0450f,3
mondaymotivation,3
7mayo,3
martes,3
frankpaís,3
1ec0927f18db6c07ff7a7b57ad46d4db0c75850bda,3
fitcuba,3
b59c081da2944ae6856611644e84ba965ea92892ed,3
17069c4efb6f0fa819c661370d0193beb9132565cf,3
61a0769f02863aea576b5a34f3a86f1186099397bf,3
c0aae9e11538e869912996f4352dfb87ead9ca5023,3
616339a20759f6ec885c37e332cf5431bd06120247,3
d1ed31761b65994969aa3d5fb2b336b4225b47cd94,3
a41d1a9ec134c1a635eaeafbcacc2f1dff139f010f,3
778163630962b93d84a9a0b2b5bf838d3844289af5,3
4july,3
9e4d4fcc3421d7b4c8a4c8933208c687f01dbcdd04,3
yoanisfraude,3
aumento,3
139710fd9a5643cf45226f0f3b227809c6e8c55611,3
chavistaganador,3
felizdiadelasmadres,3
11may,3
josédanielferrer,3
mariel,3
37b1e158cb9e4bd268fe32fc71738712e68c88c8a8,3
d76ab1989cb8c9f48c0d249b70700229be30042705,3
dc71ffe2d9de0b5f40a4ae5a672f0848dc48edc34d,3
cd7e2d285c944df3b1352993006c57f97c02dbbfee,3
e0b188ddc1d3451eff656c9f6cb2cf990e7396b8d3,3
c69efc64ebf9337a0d182d1dc913125357555c085a,3
59b74ae6100c0c8055d3047741cbac8c40512abdbb,3
trumpunblockvenezuela,3
df3f6d8bf4f6a93ed2d1488003ee872b098f71e551,3
7317f3430c5c2ce7756f66b9465a09e508eb47b38a,3
52cbc93c9addfeb20d96bfa9c9c1786e3964d528de,3
governanceinternetcuba,3
8496a8b24a65a338ce20517d3955c9c13a8821cc4b,3
venezuelaunionytrabajo,3
radiorevolución,3
ianifraude,3
fe6f090c961ca56b4785697623e1c0715768c7cde2,3
72072d5e44eb467a0400d90e5c4a569589080938ed,3
cd6db4cc0169457cfc731276865e966c5d5d44f663,3
6c9ebfc0e64e11ed383e2c1bc475bb3924d33bfb2e,3
7ad1aee5229dcee2320b82db695f3b16cbafa4b7d8,3
eb192104094c54b46008a626e52e549dea8e9e0e51,3
d39069278d8c544853988d50ee8629c6fe633fe194,3
juliodepazypatria,3
nadaevitaráque,3
3dejulio,3
europa,3
ibbean,3
078da1f8c2d34de1bd8427c4e647b9233124c2b575,3
bridges,3
85dc0245de8b5b975d66ca9fefb3186cf433a08ce3,3
fiestadelfuego,3
angelina_jolie,3
instagram,3
repúblicadominicana,3
edbe3ba93880db73fd2e79111f5bf71622a81d542b,3
lgtbiq,3
registroplanchambamayor,3
28dejunio,3
defending,3
2d93c2c4ed46ac13d6fcf145189193fc8e727cfa03,3
5eae24360235a761e38a4a932da2973b27345a24e8,3
bd5ae8a043385a0b61012dccd4ee23a5daf7cb602a,3
523ace50c37cccd5e5fa08ec1be249d5121f970994,3
5b6893f7e8b990440aa9a0d917bb01d31262a3c385,3
0e4da648a35e83e54d16bfd1c1c640acfcd106d69a,3
6e9e3604e8aab0a15e0e544d82c91f95be677f0e1d,3
96527983fed08146164798e9b21e9b1095a342e769,3
alex_otaola,3
felizdía,3
unpacumercenarios,3
792da9b13d91d5878313b9cedfb23710658599ba9e,3
7d31a56e8d2f42bb57d79d4c4463bac7ecf27daf60,3
40e42d2239778b54f0062be764c3fdfc55a8b03536,3
3c42d49a1f5bc29eefe0728651cec00994754fe4dc,3
paraguay,3
imperialis,3
mujer,3
buenaventura,3
cambiosenrevolución,3
educaciónsuperior,3
indigenous,3
8ac64262f111868cc3b85ff2be66cce5b49fe56290,3
viral,3
juanes,3
2d5c9416c9d503d7a91783361954d18020dcfaa92a,3
250003be8ab21dd94795797eb07aa7822b614ea3f9,3
29oct,3
micalaveritaespara,3
nicolas,3
e29323814a3e0dc18872162ad26934cb7f2c6bddfe,3
omc,3
havana_malecon,3
fidelescuba,3
namese,3
jeanineáñez,3
cf05b8392fdf2ebc71e679e31e084cbaf95e27e988,3
sky,3
elbloqueoesreal,3
48e428d416ec7f08a566d0c84e3d7bd5eecfc54714,3
f5670ff7bed4521e75460339e69015a909965bf30b,3
6c7a73056a66e10b77be90aa946e5c54d3d8d15bb1,3
0aa0b49f4cf0166b41b1ca9f013fb2c10fa7fd90e8,3
4denoviembre,3
encuentroantimperialista,3
bd22c3bd9dbbc9aa9ea42dba98eaed31d6fc3bb07e,3
4b303ff107e94ec355deafd9f5a342952bbb960ead,3
814acc36cb4860df59170a1d5874d5d1897ce9e950,3
fihav2019,3
dc2bf08724ada838983ecf0c81dcebb1b6440f8941,3
belarusian,3
uruguaydecide,3
norway,3
political,3
guatemala,3
camilosonrisadepueblo,3
vienna,3
ricardo_alarcón,3
4d7201ef290bfbcba2a1f28a0faaee116067e994ab,3
45dca5921c3ed4e104fd767fbf2ab37bfc2540c274,3
mayor,3
saturdaythoughts,3
5deagosto,3
discussed,3
nuncanuncadiriaque,3
miguel_díaz-canel,3
capablanca2019,3
tweeter,3
2773ef6499b3da8ae9bc4c05876db4f428eaeb8703,3
62238573480ac380f81aa14b2c199e55a0a9e40fa5,3
argentinadepie,3
institute,3
alex_warrior,3
cochabamba,3
argentina2019,3
3e4528986c804322ec5a4a2b3ae66002e27e7cf620,3
buenmartes,3
42abbc06c16add2b0c4d2f2e08cf854ea3a32099f6,3
argentinavota2019,3
bishop,3
yoani,3
chilesomostodos,3
cubaesdiverse,3
8abr,3
nuevacontitución,3
raúl_castro_ruiz,3
0c7933b093f6a42dfe6cbbb85c4f6fb4863c1ed371,3
president_nicolas_maduro,3
latin_american_revolution,3
06078b146737765abb63896a5cd27ca9a777d517cc,3
21jul,3
diadelperro,3
cuban_warrior,3
south_african,3
fidelychavez,3
camilom2019,3
79a3d5553c937e1b636a4289c81fc1ae3db32029f3,3
stebanlazo,3
world_athletics_championships,3
bakú,3
ramón,3
emisoramarcha26,3
diálogoyacciónenrevolución,3
cubatravel,3
32453c13ed54fad3ffbeb67df66a1c17b81bee5e5d,3
18julio,3
c72bf0851f0f54911956b43ce9e1e4785248e9e98d,3
marcorubiocuba,3
trumpisaracist,3
3e25ba02f898770ceb0556156bcffdfaa97e66b717,3
b9af4e980d555b43677051fbd5877d71e1acecb442,3
jóvenescubanos,3
federations,3
9b892a805f820a49f12f059d72946f2e37d4f45f72,3
vp,3
20jul,3
b99bcc56d5f5ac9ca47bae1705815cb60453a233c0,3
877745d15d809bc00e3548374184449ee25a8d04f9,3
accuse,3
4cc94e80509a86c0e6e7f6bbf342dee27c9f6ad043,3
7f6291b8c79a59726b528f3716d2a589315849308e,3
1f19a06d18864dcfd06dc8d9a5dc1ef3eca119c461,3
532b8da42932fbb4fcf672cdb312bc0250fd46892e,3
b015cf3e457f0f9125b700fbcd737c93c3201135fa,3
awei,3
molotovdigital,3
juegospanamericanoslima2019,3
exxon,3
cubaesdeporte,3
fidelantimperialista,3
d57aeaf9e02ea54947fc742cc1b4de96fec55dca89,3
contraloriacuba,3
7eb841a404545b307452b726636865b81943aaa69e,3
d97ef7f2913a5f8cb79438f2dacae7d90b72613663,3
7dfb6300972218cc80bc78c908c8033b6ba77c3706,3
10dediciembre,3
887df6bd4354aa10ea24559d2c54f7c45d5bd7dd46,3
47808ef61cd211fbd4c7cce7ae83010ea24dbeb780,3
raúl_castro_ruz,3
d22bc977285b634f89f16a258d0ee1a4014ca152f7,3
park,3
peruvian,3
5030a726771b73c043e0b37b8431b81e3ea9a2913c,3
3ec697826f8cdffa908bf78d997aeacc79cb539d0a,3
e1238b3dccc973f8499a787b991759091cf26171f9,3
opjm,3
531ce262c2e62589a7e56d0ae07797f1693bb3628f,3
gambiadaily,3
38e3460ca06b1434310017e4a3fe03b199ce4169c0,3
erra,3
's,3
juegospanamericanos,3
ethiopia,3
ce5e60b2f7795bc8e6c3990e6deabbabac57d28eb5,3
frankpais,3
15c0d181f9546b24a4ef7f7e566c98cc433a374aeb,3
3deagosto,3
42c4b970ccd9e7cda2da3c9365e405802cab9a5baf,3
43fb4b12dda61c6d69e1324f9d86635189b5e83f0f,3
19may,3
f753b64eb91208d0af2ddb5fd7a50dcb5bb67d7955,3
19demayo,3
gomez,3
8a8ac53e870c0e00f44858896f9cf0b913dc6cd872,3
ab9b6ba1704a964457528d18adf7e25d76c9b6c075,3
8d18ab5351e3dc0558e5cb3805a31add03bf488954,3
8b1be29ada09c5abedd7b944f21e62e270efd8ebf4,3
69161feacf87d46d78feaf9aaec1518f9e3380da1f,3
international_youth_day,3
822d7d998b60d90a25152c96b6f93200dae6a4b6b4,3
20mayo,3
20may,3
7ced05e9315218ab8676cdb51898d62f3b4cb76519,3
1c7d3707d171049387f97ff018c46a0107be8062e5,3
2e1492a32392f65ce7bee1d50a86c9eda17aa9fe2a,3
claeintegraciónlatinoamericana,3
boicotalapolar,3
53440e45f3763ddc3a104c30af22fba1060e396c41,3
0ea76f927fc008c82c862fa0360af84ad94cc69567,3
0b41272fbf934978b5999ec68d48ae2c377913b5d3,3
55e998ad4c623efd582080f014e9c80bf6c0a1ce2d,3
ernestoguevara,3
726a1585ac78dc0deedb0b75acafb8f983659bd601,3
e3d3ec94ef953c5c4ef2476843fddbc234bf94090e,3
394c79aacf9f984b7b919943c32fce3dd1cd515488,3
gambia,3
yemen,3
b9262ec64794b1068d4c68e3a006c696dfe2d8ef00,3
1d004c1824702fabd230eaddac058b51ad5762b14c,3
f51b842ddf7e5b1987f8e805ac6819d73b8c8c4ddb,3
e355f4445faadce1f50311bb7b3fa840cb67f5c187,3
82dc7b7f54c1a2b26223ca8db3463d537ef661d528,3
93c7a249c89d524f97f5dd36431a4c9ea14e6e7e9c,3
07jun,3
youthclubcuba,3
014c97a45311d95cb7e34483bc88cf7b335c2c723a,3
e62a522f4a1d601cccdfddd1c961e15d474a431e22,3
67f323ebaf4840a679f7dc94f0830f355d093deb43,3
176f10d37beddddc31902ac4ee7712194b92973642,3
626f9ad5a676f1e1555a48f2e85ec48489d332207d,3
08b652d3799493e447e7d51c8f9f74acafadbed72c,3
8e592bd410208c0e636da758f7690a5af4e75c0b82,3
c72b54ed0c9148a68131b903edb6fcc02078fce55f,3
8286d75f2a4c7e92eb2d0778d2aa4cbebf35ccaeae,3
80b765d0eefbf9d01702cbb81b24a5f7e5a751d77d,3
5b3348b2808b88fa4d151f7896c09b39d7a54a4d8e,3
santa_clara330,3
7d70efc79a2eeea53066ec5437725b1c57377f6d8a,3
bb3f2c8249df61c1310c055edfe7f028de47b8a9b9,3
d0343dfaf055246e4907e5875f90f00e7a131e918e,3
067de6e9758596f786ca399a1342594a7927edfb41,3
9a5614b90b604a19092a2632b59ce523e6caf99b97,3
planet,3
f8d7589c42ef7c21e5f27f4b2c00c646c246a24ad6,3
138ba1cfad1bdaf891ed2443fd244f7bdd4c25acdd,3
albertoycristina,3
17demayo,3
diainternacionaldelosmuseos,3
7e8a1e86938ae888b4964c04e42525035bb165519e,3
207a4c7a65219b60464ad978ae85eaac0eaae6fa18,3
rubio,3
68f6a5b148facd0f0eccf0d595ecd96863018facac,3
930a35f7801584aa147034fe212b858040cd94eff9,3
5f4aed861c7efa380f4610344f82ec6f9cf5f470d5,3
84f7cbee31b6b2d7b4855303d162b08f8a2567e209,3
75cf5b991793eeca4e360813c2def9ce75b3e2e3b9,3
stupidtrump,3
bb9eb648c7e94ff12e13c50679cc9358c771d5d682,3
consejodeministros,3
b089b89bd1fb79e18ae3ac5f2e9c4ba0fa92ad5df4,3
b1a021e1f56ec2589103419955528ba432b392c99d,3
0bf6b40a792ef5ef5a651fbc358453cf41e88a0676,3
2459499eb5595dea26880d4f3fd5546550b55bd474,3
bf56b0b5545081b58cc38ca2c329755096bdab4314,3
3e064311bf0f2ab520371ea1e32005eb634be41ae1,3
ed82eb0e0ff9d2fe36c11d45056bdedde5c263bff5,3
7c12e839c16f6a1e4c244b6741ce8a80bfa7417d8a,3
hospital,3
6ec87dfdd50b826a5dc96a2b8cfd6eabbe4bbd89b6,3
7f72fbac06304966544cc18b0594164f7d99c405ec,3
801f07a45572344a423ca65c17b0c54ed8d444fde6,3
vívelo,3
united_states_congress,3
bajenlospreciosdeinternet,3
transfermovil,3
wifiparatodos,3
d9350b0e073fa45f6f3b008a4bf7179d8a45e157b0,3
709635f81ab843ac767ee48a9073602153ad8c6a28,3
1dejunio,3
019f093777cdc9402a5e4abf1fac2afeeff22497e7,3
c4fceb7540d05f4d3e8143a57cc87e80eb497e7775,3
a6añosdetusiembracomandante,3
6d095b2aba609425609b2e51a1f98a55a0d5f7543e,3
91353a51d362f1619145b9ea3e976d97aa2fe31699,3
973b02d8d796ffcdbaa8b6a0c96034294cb9192c74,3
2d0f7b939c529e0b552942dcca406698522104a99c,3
1148cd9b6239a2d6dd60f57402eb0466f97b0aae14,3
myjaín_lópez,3
dayton,3
39cb4c928ef534995822f518711c9470400ec2f2e3,3
infanciafelizcuba,3
diálogopazydemocracia,3
conéctate2019,3
uocuba,3
f1ce092b32d0707bc557c2773d305b11a2a49d41e3,3
0dca00a1d862bb2af108f169601b26c17275f3ceba,3
alys_ortiz,3
429a6ae184c74d944d29cea52c712e5264aa90059d,3
panamá,3
bolívar,3
44cb5c49754427e7b69004d3d7eea46504d82d9f1f,3
saludpública,3
ad53cae9a0c8ad55375b9fe5646cf41243bf0656d0,3
9f31be7b3998af5d1d9efb13fce144de30644c0d9b,3
3269bc76291ba0e7046839cfda3665ca983848ed54,3
0753667b4105764b0a2b7fb676791f36d9b7cc037d,3
967f652945ced4bd4b1217df7706a1a1fe8e8bd4b6,3
82ad3b37de462f5a3909bd090606449784c00d72ed,3
34a7d6779af1585428cd7c3987dc19fdc864c18ce8,3
11af6ac17f82ccfdae073ba96ac9f614756a4d02b4,3
a21e86eed62406cead41db49e04302de1efbe6dac3,3
00c3b93f34b738679a81ab4747c2a8b35511d6b0da,3
javier_sotomayor,3
celulares,3
5422510e5af0183f487216d82f5611de1d98a61b4b,3
b99ee32ebdedad1f1bec63d1411c725d201f5d1f6f,3
de2f24bfc160abecfaccbc31e80e656eefbf003a2b,3
4e8ffe641cee030fbcec723a8d0b2d518714e3c510,3
informatización,3
bastayadementiras,3
465a9a386b5ba3955a64fd9c5964269f64a9a5398a,3
áfrica,3
9d1768b1686e787d40be5a8399be317bd7ebd0708b,3
d940d503cdbb4231cfed30bfdf7971a986002e3aec,3
b7f8327c3894454a72d17a573a18ab452944fa7dd5,3
cardinal_jaimeortega,3
18d4dce2be02f4a3bb5eb0efceabc0593ec9398bc2,3
30a30bb497351e54a00a17b4f2641989cd714acf58,3
90d5209745e479076f9743e84fc3311967f88430be,3
amlo,3
feedly,3
dayzcanel,3
a2e81388ec1303a8c4409cc1f0cb874224be69ba80,3
243153a1b4788937fcf109ec7890821925da91402c,3
igf,3
placetas,3
994608cc9ea6be31dd4acd7206a6b15629856bc659,3
waslala,3
pdvsa,3
7223cb32d4a25a1fc8e6812b77592fa15f45db893f,3
8482188a163de5f90d69e430523a1525cd8c75e31d,3
2bfd656781e47d2a02af11645f8e35df4729c4c923,3
8d071ee39ebc38dc0a281b20089967f06b78690bb4,3
4e7d532b06a3a5dfe7f81f5d0088c7642ee68c37d0,3
7abril,3
libertad,3
68748029e8117f56dbb8a610702b8f8c3c57b94b6a,3
17acd596113f67e3dd5f36601e221a281ce3601cb1,3
liverpool,3
producirparavencer,3
a8bc47933297463c2f45b84976af4fff44863bb248,3
balanceujcuci,3
u.s._embassy,3
d31dd83a208a55a42d335940a5fafb0100ad685283,3
19mayo,3
blogtelesur,3
universidad,3
5416583e4d691817ea2a4a8eef84c382d91fb2b206,3
notimippci,3
8699d9b58cb67b9bb5ad533800a818341cc8a7d039,3
99ee604324a41d3387d8437ae9d6d5ddcf7318c984,3
f7aaf8a2be1448d6876388c8ec474749598b4ff3c8,3
uclvnuestra,3
eua,3
33f9d0a2be2df0002a4ee5f3dca2fda45d6e6a3368,3
luiz_inacio_lula,3
pan-americans,3
cubaesamor,3
27dejunio,3
489ebea4529b59eafea1b977841383a8248fdeeddd,3
65b218d92680878173f28d9f2a282e760f862ba98f,3
armed_forces,3
sanjuanymartinez,3
4aca34df0fd46dfa9093a2fe8fc47bafa0e3ece383,3
salvador_allende,3
c7a67fd02c956667cc692f9c5d237fd438d1a13452,3
1f427eaf47254db7d224ca40561877b7930a3a598e,3
mas,3
c8ae59b4d28723aa63459d73adb49b9c6a96903f48,3
c878ed2c5cda577825ac472e45beaec67fcc5d5e5e,3
o,3
che_guevara,3
ca436468030b37b75deb2f91a41063908e38d7b230,3
af1a0d830f05467a80cd33bac2c118341128b49c69,3
bbefc45bf884f89eb7bc173e9f0acc06e8932ce2b6,3
9c6276ff3dbaac1e1978755906c98ede840187aa59,3
fidelecastro,3
1481c6b8374bad4fa18c28cca70c2f7c897756ed42,3
272f80bf83d85b5de02faacf56232fe7bd4c24e4c9,3
carabobo,3
b4cc1d6af61a611b80a57dba584a2bc7404cb23d18,3
tampa,3
unicef,3
mujeresporlapatria,3
argentinos,3
782d7674acadf76f6f264fcd624f142997fd4f9172,3
2ddf26b08899df4051bf4c6cde75480847ef5f66cd,3
f0492c490488e587551dbe1bc669a4dcb73826da9d,3
gmvv,3
cubaesmoral,3
nicolásmaduro,3
77a6a7e0acb929d880d4a61714b40872fbab279c9c,3
respetoconpueblosdelmundo,3
2ed02adbb94297e3d81d66becaeabb907f2ed9efde,3
a8cadb83b73b0b1eaf538caaa3d1c578c4bd5780fc,3
39faf0fe821c2d4cb4032f3bec518878c573b54ae9,3
q,3
5df7d7f178b936dd61037650c8e5651e767febf11a,3
937a86843ad4dbac19d03cf49f53e9821545f56716,3
81c63b1726bc19b5586afdcd03c0ecd51d30ccfa31,3
ratasdecloaca,3
06737134472438fae7e5413c50662bab4672f48310,3
venceremos,3
610b6058dcf7980b9a82ec5dcf6ce7894487deede8,3
141cc043da1f3f4def6cb61cc50b0b745e1716c92e,3
endirecto,3
6279864ca4280a5058d5acb1f1ca1f60ccc0c0c44c,3
siguemeytesigo,3
ul,3
2e1ee595cdc623d9e313c4dff6e8901d7287e7421c,3
7dejunio,3
6894617e701f100d98e790673fae3f21d623f403e3,3
president_council_state_council,3
diadelcampesino,3
thclub,3
editorial,3
ché,3
díadelcampesino,3
285981c7bbb8f72d15d4f0e96c668c2a80cec1a466,3
446dbfb4f86bcc8f7250edd6d2e840b73d02ab32f3,3
nuevayork,3
16may,3
68f41cd2c44732c88fdce435619fd2982ddbc22c5f,3
eabe5e02d2f61665b274a345b2ddcb884515ae2fa0,3
16mayo,3
0eb5dfb4345e1e1f74e82aeeae3a06867053d183fd,3
912fec55bd0af1b065662c74354ac93f3da0ab928a,3
ced68f327b795bd06eb244ce26f2ae47079c91b7f5,3
united_nations_organization,3
373813e838169d824be5789a476d0594c2cbc6e72d,3
f4c9c4da93c6530e50c2ef7dbe3838a8ed9f26a53d,3
02a8b83a4ad203e6370d9901f7d87f08a8fa0aab54,3
3839ef41fd500f7006a914a0a2aff9c08173c24967,3
af30168d6871e45ec13e0f5d788bd3555c1a7bf215,3
df5f13ee96802b068a028674346f01c1579794744c,3
mc,3
80719bba801ccc11ec102f7dc19c251ddf2e659407,3
city_santa_clara,3
a3fef1d6c0aa37eb0184bd2d351fc1d5122b67d7f4,3
46497e215ae93e2d13801aa8947a676e818cf3b532,3
f95a3b245bdab66b52792d39eadc22d0d244c75b74,3
b39bbbb9aab42c95c103a1b0f4e61c3d3eee5124b5,3
79102ad18a376d4f9ea103c15e51c15e0019e762f4,3
53ed32c3d05ff380ab91fcca438718754e6257692f,3
f151ded94147ba357f0cb683f2e9348e95da93f3b1,3
dbe2564ffa39b7caaa4c83e859a50ffc6be252fa03,3
9bc8f962e07f12f39b7e2606435c73a4b32a2be828,3
minsap,3
manipulaciónmercenariano,3
yanquisfueradeguantánamo,3
cfk,3
318a5c237f14cc086758adefc24310d300080ab547,3
9e634137281b53cf9d1bf698114f69950dd9763a4f,3
06595d66d81938eac326595928b9f1adfcb974d81a,3
9a1afdfabef327af06bd84c6588a7e7789f142c5cb,3
nuestraamerica,3
14junio,3
2e64665b721d0ef9240af464e92c8b9f542f65be7c,3
f6ff5953f9b8126de9063392937326b933d9c3f72b,3
4e5c84151e0ec6b85f7119ca24f97634feda00b3e7,3
aa2539686403a797475efb6de3fe82f3526c043a2a,3
thinkcuba,3
59175db04fdf93d810aa47da75ff131e6ca6c9ae1d,3
efd2cfd9aff3c5cd6e9fc49d049c460e83f37160f7,3
23rd_street,3
4septiembre,3
illa,3
04sep,3
universidadcubana,3
marvel,3
foro,3
universo,3
pcc,3
shepherds,3
pine_river,3
ingo,3
ecuadorenresistencia,3
jamaica,3
feliziniciodesemana,3
sandinista_revolution,3
cuban_patriots,3
vivacuba,3
comandantefidel,3
cuba_law,3
chess,3
centenary,3
jovenclubdecomputacion,3
jovenclubredcuba,3
cgr,3
fuerzavenezuela,3
antidote,3
barbara_lee,3
nuestroche,3
carnavaldelahabana2019,3
north_korea,3
felizdiadeltrabajador,3
cubaeseducación,3
governments,3
trumpverguenzamundial,3
guam,3
channel,3
siberia,3
joy,3
uccuba,3
helmsburton_act,3
vila_clara,3
barcelona,3
josémarti,3
independenciademexico,3
cuban_embassy,3
19ago,3
colonel,3
playagiron,3
nobel_prize,3
cubaue,3
vivafidel,3
homenajefidelcastro,3
manosfueradecuba,3
antonio_guiteras,3
ecuadorsos,3
president_trump,3
lia,3
court,3
lawshelmsburton,3
lacayos,3
cuba_nicaragua,3
worldphotographyday,3
ilo,3
de,3
david,3
venezuelaresiste,3
siemprefidel,3
tuiterosdelmundo,3
bermúdez,3
squid,3
luiz_inacio_lula_da_silva,3
paronacional,3
customs,3
capitol,3
ukrainian,3
hitler,3
german,3
fidel_raúl,3
mexico_cuba,3
central_park,3
biden,3
hollywood,3
ella,3
11deagosto,3
national_association,3
gaza,3
penton,3
tumiradasoñadora,3
alpidio_alonso,3
agualagrande,3
19deseptiembre,3
nicaragua40revolution,3
boeing,3
abrams,3
et,3
cristina_fernández,3
titan,3
lara,3
18th_congress,3
iroel_sánchez,3
terrorist,3
trinidad,3
august,3
unidadcompromisoyvictoria,3
company,3
development,3
cada,3
imperialistas,3
trudeau,3
counterrevolutionary,3
elalto,3
presidential,3
girón,3
communist_party_russia,3
amazonasenllamas,3
buenjueves,3
artemis,3
helmsburtonact,3
huracandorian,3
diavictimasdelterrorismo,3
estanoche,3
tania_brugera,3
faith,3
guard,3
american_airlines,3
berlin,3
celia_sánchez_mandoley,3
pey,3
20deseptiembre,3
s-burton,3
prayforamazonas,3
nicaragua40,3
daniel,3
golpedeestado,3
ignacio_agramonte,3
tomorrow,3
nazi,3
aq,3
congressman,3
cursoescolar,3
spaniards,3
elliott_abrams,3
giron,3
american_marriage,3
u.s._state_department,3
colombians,3
29abr,3
radio,3
evopresidente,3
pedro,3
chiledepie,3
yosoel,3
league,3
humboldt,3
ernesto_guevara,3
terrorismo,3
gomes,3
buensabado,3
twitterdesbloqueacuentascubanas,3
here,3
al,3
abraham,3
center,3
fanblealtadabsoluta,3
cubaresisteyvencerá,3
21oct,3
first,3
ami,3
national_council,3
nicholas,3
teresa_melo,3
soberanía,3
pabexpo,3
josé_ramón_machado,3
humanism,3
presente,3
b7efa53e02b33f683d5219106bb9b1f309d6f0e32b,3
9sept,3
feliz,3
69de373939221c16814ffe4d81db738424e3316dc4,3
da23fe93200be5ff9241f88b6f6c647244209b1f54,3
mitrans,3
díadelaculturacubana,3
ri_lanka,3
are,3
guayaquil,3
hurricane,3
smanic21,3
diainternacionaldelostrabajadores,3
central_american,3
mibandera,3
centre,3
piñeiraasesino,3
esther,3
miranda,3
east,3
16sept,3
uci,3
alerta,3
4abril,3
camilovive,3
fidelenlamemoria,3
sabadosanto,3
lafrasedeldía,3
cross,3
trumpnottoday,3
american_government,3
20th_congress,3
9deseptiembre,3
may,3
tiar,3
gerardo_machado,3
belgium,3
columbus,3
austria,3
bolivarian_government,3
bolsonaromiente,3
act,3
8ffcf1aa320843ad03a62b30f38ec4dbb3a06b1e56,2
pinardelry,2
0dc058f8c686417a46ec6cc6df20b7ce93dfa2361c,2
7e2637257c25d8f99846ae64d699fe6f07fd0d1700,2
60282dd9380c047175f748140bf1f7476985ebacbf,2
0d73d48462040c3b8dcf01f084771b79c47850728d,2
6cf85a6baa3c725746162927ea94175d6682dac49d,2
cd4171644ddf4ef350d1bb5119d7ce57ecd0e2411c,2
9983fa952b76aaaddc921aac49eda03d7c55f050f3,2
09efbbcec7c51b1a6cfe176dd85c6b0ead15a41231,2
president_council,2
7f30de97d5db4239e579f92d804b7c3319214bc2bd,2
bf3f68f6032975bbbc51e7bfccf737b59f37aced4a,2
d009abc92377e6893039cac6bc201d4b38f1007ffb,2
lincoln,2
tump,2
eta,2
st._johns_river_florida,2
36f3f9e9fbf9dbe9a547bb90f5d2cd3d6c43a1e3f7,2
9f73929be71aed77e766d6c215994be746b3d88af6,2
cubislabella,2
efd9a0cc44981c275fc678f5939cb8b31937100b96,2
eliseoreyes,2
22091dd16efe3b9e8450c9ee9d1563cf0a09b8198c,2
ranchuelo_province,2
pinar_del_río,2
b8e246d116c526a68620ef58946d01b8369a8a44c1,2
twitt,2
22907efb879afd44ed0b87620cc10da71857f55282,2
ce221335d97aa206db1d134e18cdfb1dbc0e613462,2
josé_luis_toledo,2
meps,2
3a38d761b24e3a5b2f2dc78f1b611e5bb89078e8d2,2
3809655a2d60c069c3b7d8f8fca194d66e2299cfdb,2
fa83e716d6817e9f5c86d85ef71681a0bc15a95f57,2
6e30f8231d90c6bec7633211f08775b93ee593e3d5,2
24feb,2
amy_goodman,2
5156b317c89289d58682941bd6b0ff0181d015f6f9,2
84995d0a3f76f4a6aa9f396ea31387e01468872591,2
ilhan_omar_trump,2
957337f1f1a2a0f02856daa33b5bf66174f886cbe4,2
cuban_television,2
brothers,2
fce37986f3f75b7c92f8f4130f76a94592a6825c73,2
a71dbc02bbb2f29779b3eb90e63bb8dcce109bddbb,2
usd,2
misiónmilagro,2
lazaro,2
jubilee,2
ms-burton_act,2
jaranero,2
howard,2
sara_gonzalez,2
orinoco,2
e2750bf0a7eae6d2dcd706d56cfba9616f57039c9c,2
84c5a75b5f8e8ebc46900f014a52a5ac919d259dcd,2
664d75c011ad2e82ae2480363488e61c1f60c51874,2
c7c7c9d4bfcaba704d5b6bcbee690b4f901a83453f,2
726e7b5af0edb71ad9e10b104784d0fcaa6d71291e,2
c844b34ee82971ab1ef3d82672e2f8a1837d30e66f,2
yosigoamipresident,2
pinarean,2
zionist,2
malecón,2
4cde0bbe9cac47758334eb6d06d163c19b9eea33c8,2
pueblos,2
robert_fabelo,2
679241ce12ef1c93f6e55f17537b2e04598a00e889,2
a02a852a0554b04755f9af04189c4437298019e22b,2
cd43639d28e020bc75acca675ee99a6400e0a1938e,2
manuel_fajardo,2
9125a17178df69cb859c3f1891e02ea255e5b551f1,2
seattle,2
american_states,2
f2e2bed3f493224f73476bf13e40af041c95534e57,2
bolivar_marti,2
69ffd940c0bcee7f391672eefe39187e5eac1202f7,2
nopudieronnipodrán,2
e8994fe33831621517779aa9258123fb09d31b720a,2
president_evo_morales,2
b9c6bebfa7deb623197774da04a095779701658105,2
3bbed39e68df04ad955a6207acee87075398554362,2
bbe28f45a40ff3bd5509b4b976fce29777d0d1d933,2
counterrevolution,2
legislature,2
bc340aa3d24e83299a3e32bcc7ddde970c8a8cf4a2,2
circumstance,2
66ade13370c1fc576c9e378d18534c68a92a715622,2
ca4a724f37be1d8b9061bdfe0f19c58c54c5d93150,2
italy,2
cb92e32fea81ff4f3eee08172b7d7c368c3a5e1146,2
noalaleyhelmsburto,2
coreadelnorte,2
malecónhabanero,2
miamifl,2
ivan_melnikov,2
nicaraguatrabajoypaz,2
cuban_national,2
ad983a4c6eb9ca741f19c16a8c7163530332fa1f38,2
keywest,2
edmundo,2
da75e7d2119d9e3addeaea462d57c592dd4b7663f2,2
147ffc03bed4f3ee764b0d251259d8ea3459ed9b69,2
artemisa_province,2
edf1229a283dbcbdd0755de69e106e0c043af668fc,2
82323a0a67a3557b54a1d1923ba43784a06311f7ad,2
raul_dayz-canel,2
872e63b9fec1dc89a44ef9cec95593b827050edfc0,2
2b0f46d3ee0020f824af81cc5a51f517520452f061,2
5e0aa8fd9dc4a34f53a57ade81e9ff6703eab17b1f,2
joel_james_figarola,2
rapporteur,2
ken,2
ón,2
arecontinuitycuban,2
3839bc496c21e518e35b79eae25c34b63b5c5770bc,2
agua,2
jorge,2
mayan,2
homelandgrande,2
1789f1bc73e6da8de867bd5ee7523853595c9c4f27,2
electronics,2
85ba0b6a74d1d09e32b356cf295b899e30f0348fdd,2
b352bcf664e51c94d54b23322fa2d6c692e406a1af,2
central_palace_computing,2
spengler,2
5b8b569e24aaf58fd58c2648bf2aed719581f9091c,2
51cd70d6ba8d8c1c3c6271a7aecc44203126517393,2
0ae9c4ab79a3c36c31744e7f8b453498791a182dac,2
academy,2
ff545fa3abc4cf3df96b41c23db8c0bd142c1fa464,2
d3752d0216e105b954619597653e10562eb83ee342,2
2c56932cae1fb662c1e6a3b0d39d24a0b588182c26,2
fascists,2
secure,2
ramonet,2
cubatanzania,2
4ce9fb93fabb62eefd63d245faf5d4eb87267d00ab,2
palace_revolution,2
mario_rivas,2
machado_ventura,2
9bf64d9d3aae57ba76774aa94d5de203fb616e784c,2
blockovscuba,2
patriotismo,2
calisto_garcía_park,2
fa7359ed25023f784691cef1079b295d70903c119c,2
evangelical_churches,2
griezmann,2
cuban_empire,2
sri_lanka,2
12778c7376184f9ecde00fd036fd74d0db8d079cbc,2
60fbdce4639d8c039324dd9d18ae7baceaa6a8e04f,2
bélgica,2
sudán,2
cubainformatizes,2
rafael,2
raul_diaz-canel,2
barça,2
cine,2
cuba_country,2
cubaculture,2
realmadrid,2
8b0862c41a6b456cd1eaffd9ec189b085689f13d9a,2
06d9df4ab4b1124ef518d0e4358083cea4ae183f34,2
honoris_causa,2
6f2c7dc56c7ff9ffb15cbc441f43ef250f874011e2,2
porsiemprefidel,2
bank,2
england,2
relations,2
eeuuviolaembajadavzla,2
san_luis,2
yovotosi,2
ibero,2
salvadoran,2
cuban_association,2
camillo,2
havana_bay,2
noalterrorismo,2
venezuelaunidajamasseravencida,2
cuban_ministry,2
d6bdb310262e4d78c56fb51a511890c049bad28fae,2
nicolás_guillén,2
42722af7e4d7990470ffabeec85fd2fe43bd0ef5e4,2
7ef097c2940f521dda81b160317ed119dfbf175ae9,2
10d19c609824be84e7dd13637047704049e8db855f,2
63c74fee0a5f8ef1bece803abfcf7fa2a2336a3acb,2
bee,2
dabcff1e314af02559625405593c177d9a4d636c7d,2
raúl_torres,2
53842c17b148d1288eb9b7ff04045405f3bb84406f,2
argentina_uruguay,2
ff73ae46a397c5bf122f4e397a9ee881dc7abe6d3d,2
international_law,2
cuba_state,2
44263e9e309606e63121354c2531482ec1a65e7cfb,2
2dae42481b7a4142148eb909b16d688e68e11188c9,2
70f553c54dddd62ab5331e81a154428959f6cc99af,2
american_empire,2
congress_ctc,2
matagalpa,2
arleen,2
silvio_rodriguez,2
yankee_imperialism,2
4ae0f196e0628c7d661ec4fee02ce93503cb4307e9,2
pope,2
9352843448461aab8133c6efc0a07875dd3a2b8d99,2
internet_governance_forum,2
soviet_union,2
gambian,2
siempre_con_cuba,2
josé_luis_farinas,2
-american,2
sonrisa,2
united_faith,2
mella_fidel,2
fight,2
cortés,2
maycuba,2
noalaleyhelmsbur,2
29marzo,2
old_havana,2
ban_warner,2
caibarién,2
muchoamor,2
alegria,2
canalyoutube,2
central_palace,2
e6e20a3052171b2869d5e70fd950cc8cc9376f93bc,2
14th_street,2
elian_gonzález,2
presidentelazo,2
ban_university,2
julioantoniomella,2
plazamella,2
stars,2
solidaridadcubana,2
06583a1346caa2e810c5951c7fbbcfd9b24726bf28,2
868b8cf569c2da2dcf32cf216d4e6651cb7238d58a,2
615e5f65ece3b115fd6b1e11081040b655de5fc079,2
hemlsburton,2
09bfa661c4a084505ff9189a44d2772accb9251f80,2
bertha_soler,2
manuel_ventura,2
1385c31c69f025d8839192dfca2b15d317db31939b,2
3059b25b0d731b112e2c834b0c73c77309380f3527,2
archbishop,2
cardanas,2
trinity,2
muslims,2
4f0c6e023952a89dc27aaab5fc6b949bebe6927c70,2
trumpito,2
74377e5bc07bff26f52a82b2fe1a58b8a1622bbb01,2
f83f2760db85ad603e7749a50db9587a8f69d25e32,2
z,2
ga,2
f9a63cbb93fc449a44160fc1a9fc49c694b2b3e6bc,2
e4e04a148cade68d568aaba3263186b029bffc23b1,2
ecd44a5d0d582c1d0056f9dba5249d86df092580b2,2
indigenous_peoples,2
35b3f7c6a4797be034ef03ffb5f9e69610b34f4e81,2
ahscuba,2
antiimperialista,2
96c713d99ca37e6ad9c889219169bf68d7603a0c6a,2
mr.,2
osdegedic,2
claintegraciónlatinoamericana,2
prensanacional,2
cubabella,2
thebeatles,2
ciren,2
fidelista,2
trumpo,2
0a7f7cccc7e475b4543d66d42cfb0e49af5efb6500,2
asian,2
lucy,2
eb9e405452913a5283b72addfe2a963c82d681e84d,2
national_literary_award,2
ae7154a0be111650d5f01c9edbabdae82e62d6b5d4,2
849c3e576a83982b4da015c3c07752f5415ac32b59,2
government_united_states,2
ardelrio,2
キューバ,2
first_century,2
icpc2019,2
santamaría,2
providence,2
4b475b928cbb41d9844ab5c6b7f0c1c854bf0d9125,2
d81bc35a48fee86013e235835a34bad9cdc763d39a,2
nancy_morejon,2
9aacbca059515d8df6002579a6197b46fae3c19883,2
947b0ea70994d5ca0740b650ee6fe03de13e2b9559,2
indians,2
internacionalismo,2
5fb67ad26bc5ff22e997506d7a813179b38952f9a0,2
verano2019vívelo,2
san_juan_river,2
cuban-american,2
trade_union,2
medicina,2
patricia,2
victor_santiago_alonzo,2
jaime_ortega,2
589a88e8892b322ae66b2fb52f32487563df1e862a,2
states_cuba,2
iphones,2
bmctimorleste,2
martyr,2
864f84ff73d1b5fef1837ec0d31b4d4d501366fe03,2
5d8ce140b676a994d68ea82b458889fad36ef71e85,2
haydee,2
cab3770a84fd25c06acf270c26267e556711c4a045,2
9089d5b17b4a04d6975900b82a92883170bf3caf0b,2
eyhelmsburton,2
tokio2020,2
c2543ca2973634917dd8e59b55535ad3f03bd3835c,2
cuban_workers,2
hong,2
f2a0f1f6c31d6ecbd9e8962c2c06dbc171e187289f,2
revolucionsocialista,2
7bb41e040d885f1438e605d8cf3f0d2bc208da22e3,2
b1a6ef809d763bd704706a2886781d6d526ea9609b,2
c6c97c8d361b248eacfc3be9b7dafaed2d95000c4d,2
india,2
fidel_marti,2
argentino,2
sábado,2
revolution_square,2
havanese,2
6d10597f7a8c2398cebe8566dcfb8eb385884d455d,2
1e860fbc45658d8c198de64af2748cb76b2a720d2a,2
cuban_culture,2
81255c20581a78ca743089c4e7ed47cea1c0b257f1,2
nomasbl,2
20abr,2
rhythmic_gymnastics,2
7559460fb23d4959a003bcd8874e4f4256d870f575,2
uguay,2
todus,2
d'état,2
daf01c160f81f2799e6ba21387640bf283f4f8ff9c,2
messi,2
26mayo,2
sabadodegloria,2
c188d4b4e8edb950943b821475e0f63a27b22502f1,2
96c33f238c7170d7448ec96c598d9b6c25e13b4e6c,2
d2ed6c3031ef507ae9ebfb4492d3380932db483594,2
0dc4ec751bf2b2b87f8af241fb3bf1d14db5062368,2
maria_corina_machado,2
palace_miraflores,2
8286b2043ef2cf3203a57cd72bacc7e35fae1d29b8,2
sismo,2
homeland_revolution,2
suarez,2
fidel_chavez,2
ciberseguridad,2
gold_medal,2
jfk,2
parlamento,2
fake,2
ofensivacomunalproductiva,2
revoluciócubana,2
lisandra,2
rivas,2
pan_american_olympic,2
41caa6a9de247cb46f3d02c69ff1970ef226c5f953,2
masmedics,2
21abr,2
egypt,2
e1df3402a4768e327581863767791a61866325abf1,2
b200fb9648f37e9f7fa02c32702cdd6942317c9832,2
2e13f4f7d257f274e0b9f141ea52ffb003310cce15,2
16f2d532d5c84fd6f013cb13f422264d9ce5327db3,2
21deabril,2
9a890b5bbe3fc91cf54e7da99431b0a22a39905ab1,2
plaza_de_la_revolución,2
2e42e79e6f5250d2deaaf862a0d96c2ab6a46af6ae,2
f1307732188270c1a1cf46405ebc4c66600d7d1855,2
b5885dd2c37b59c39a23977a91c2e9225ed01bb44c,2
1099c5f798c5cb3eaff911e9a93881e91ddef0e690,2
martyrs_chicago_ii,2
castro_miguel,2
washington_dc,2
kendall_jones,2
elan_embassy,2
8000c855d2934ae9e04f245ee48bc3427c5ece5973,2
bogota,2
51ab7b3e7a36979c8c24c4fbd998824a7d21ef301f,2
interéshoy,2
022bfb255daee36dc5f02b604c1ced437ca23eddd7,2
d146189b267cb841235be7ad66dbd5bd7f0ba7dc08,2
b4fcb4c2fa0bebc6fe870343b3b9c1fe6dab9b3c85,2
ec9e62afebdbef35597e358a8e0d6c57846f2051a8,2
state_united_states,2
emperor_trump,2
6c66d168117f10ad870046973e778472194bd3633e,2
loultimo,2
b40ab3c01c12b427e8b862401a27f7dd1a14fdc12c,2
e78610499f49f7539a03dd0dc360b20a0ecfbb6ad5,2
right,2
490147dca3ec07145ed09ef5403cce75bec01fc1f4,2
b046257b071c42f3f1e83ab1097b38c3ad66078417,2
668c677afa9007decada1119a66e713961d8bc7e82,2
post_office,2
bolivian_government,2
cuba26,2
635624e81ecb7ef5c32c7dd295d8de21ad70b9a108,2
states_government,2
8e66393d541ed689d3a9d83c2552fa40bbd0fc315d,2
pedro_calzadilla,2
democrats,2
colonial,2
5ab28aaee946fcac84a71596a2c28f85c2dabe8ea5,2
juliode,2
91a184cfd9de0c0592325fd81e3db301e10d28f286,2
d4a09fb2651bd99c7c29b29b54b699c523d212bdb2,2
269698f8c80d3430c8de4c7e2a4c0a0880084588a9,2
sancti_spíritus,2
lahabanalomasgrande,2
967a3b5f9b912924d3043caf420586ac4c746cbf5f,2
0b76af6dc2195640181f95f61c91eafa19ce980a34,2
22064e42899fb97276e8862954a07cc170df07c774,2
8c21a290b68f0a7a1a56471b0dd74dca596c391a0d,2
287d0022321fea1ec5c6cda8059fb0defaf74dd5a1,2
1918fb4966312006ff8985a820f76100f48a669dde,2
5236641e4acc64ce91128bea6cc438943459fb7af3,2
d28a3582301e46137bc58e6195c021293355fca174,2
lying,2
859a38ee487da1d6d324103c4d268222622b22f0d0,2
antonio_gramsci,2
132517fefb6850760d09723e2f4b6f568b8d1b11cd,2
batalladoresdigtales,2
83b8f9566b0930d1e20f92c8babd3e6082b1507cd4,2
go,2
6a130e570a7a039f3d25d7d0dd6240def4b4fe6228,2
9c01ca0d66e5b71b768be79a9d78384a7f01cef53c,2
a243e9bff3bc4206c48b8a6993ad16d0cc2b6913d5,2
ae38ad2e58e5298b46def045770b42690943ff3075,2
1b08a175f3714d264b3fdb5551d3a49f987ae51537,2
israeli_army,2
triumph_revolution,2
pope_francis,2
havana-santiago,2
cuba_united_states,2
march_cubans,2
16demayo,2
marianao,2
billdeblasio,2
vest,2
diadellibro,2
future,2
barinas,2
birán,2
d3f0bd1a7b08e25e505d69b5cb8cd6dabcc56f441f,2
geneva,2
latino,2
trabajoluchayproducción,2
7f45b06d321332cfb2e77d679f68c19bfe67ea7442,2
gracias,2
marta_oramas_rivero,2
landscapes,2
7ad012f7f2774bfdcdb634f5fcae262e26609df974,2
78cefd80df7bd78f7df581411eef8e2dfd0daca90e,2
ó,2
9daad048b4e4d9f585dbd0905c59d94fbe1a423dd8,2
state_ministry,2
abb32f76f56d2a18fdd4b7f9d82c43d064b4b4d6b9,2
wilvio,2
house_americas,2
progressive,2
region,2
e75bb57fde4ebc88c9b48351cab6d25a0292d611ce,2
elliot_abramhs,2
genocide,2
d65c57a88cd68d6ab12308b414a3f74754a271c895,2
1f4bf550e9301cc36835119d589c1807018f7a68ce,2
porvenezuela,2
fidelcastroruz,2
leydereformaagraria,2
cubadiversa,2
ea83020104fa1efaeec5c3047a5a6295750d5e8b3f,2
guillermo_garcía_frías,2
korea,2
golden_age,2
4cee68d043c2a692cc5c5e46f40313704544e0a7c4,2
amnesty_international,2
trumpet,2
44adcbbab6245e2fd35b3439948226dd10f91911da,2
132b51c82227f3c49aa7752e3a3bb5fb6cbcefd0f8,2
9a0f9d44012f591967784d46a23a7c2108d6b985a5,2
ley,2
venezuelan_revolution,2
f5889e1d8f2e359374d47f4d319a225ddd1e7ebc43,2
b81507e4aa3c617b3aa24ea83572a6d0d77223d2ca,2
juanito,2
isabel_santos,2
23demayo,2
josé_marti,2
swiss,2
dialogoypaz,2
robert_fdez,2
6ab9b909d4e87118dfc305ccbeba6a8ab27376162b,2
genes,2
legar,2
gu_amo,2
railway,2
mar,2
aa86a8027f7c9277690e578889f9012f224ac813a3,2
labella,2
09396d849b9c3cc9354befccbe3fbd3a5d287321c3,2
bb045d06a41bef962f4df2187daebab282d5f71842,2
tomás_cardanas_garcía,2
indonesia,2
timorleste,2
cp,2
diego_pary,2
bandung,2
b28f8f9da1c6e337bdbfb9ac7aad48ab6de4be5957,2
9f1066ae3257a800c1f841885ff33afa47d0322512,2
sovereignty,2
c7104b72cf1609702529fd822386133c957a98c7ea,2
pinar_river,2
díadeáfrica,2
roberto,2
hart,2
ivan_i,2
melnikov,2
e87acf9491f86cb19333977b51b201b62a155f7a90,2
rodríguez,2
4f4090a5279b4c22ad47432520e8baa3847d6107a2,2
univision,2
macrismo,2
felix_varela,2
5e9186ac7a540de4aef789b81f83b52ea8a9a20e36,2
b090bae62b073c77df842f87f81200ad50dc851f00,2
state_council,2
moncada_barracks,2
gmvvconstruyepatria,2
cia_lying,2
cimex,2
mariobenedetti,2
porlahabanalomasgrande,2
b5960d48d8809691006cf4120fea57b300b573323e,2
national_rifle_association,2
3f7402993d02f92a72bdcc413cc58c532fa59d8f0e,2
28784b80963e2505840212eae4838a4ad1fe66d2d0,2
e6eacbb4244a1b9279d334669146f9b2d185d7e58a,2
0ea5aa666bc34a166af117311c8a10c427b29076c9,2
5c629ede930fcccf1c3450f5de4ca443b78ff16ebd,2
frontier,2
dda02d0cda04f2332fa8c579706e891adb7fbe3f27,2
a6070ce3c1e7c00934583f187866279ebe4350475a,2
honor,2
david_mauricio_rivera,2
humanismo,2
winnipeg,2
0162ebe151414e509d69197c55bbf5254f92d85e62,2
co,2
gobierno,2
siporcuba,2
22deabril,2
8a4743efe7b212d8bfa23e6902a73d0089abee75e9,2
cubadisco,2
39d6a562b5e42124171279fcc3fcf7213c17e2a93f,2
miraflores,2
a1c7c1f4c50a08bfd1fe02c09f133ffe3812366be0,2
ed039af2187846abbfee6342e326fe656e5cc66e85,2
morning,2
nelson_mandela,2
latin_american_studies,2
1f1a7a23eda3a9736a9879ec9dd0df2e7fb716e37f,2
2a4470a12ea54c80bdcf4a3a989061a26b3302b0d8,2
b621adc45639d2939eb55d0250b8b069329ec056a0,2
b51bf7e7131471b153ac97151ede0b2ae7e2f5e3f5,2
5cf61569da22a18b0be236f078a7970c66c9c393d0,2
02cef506362c9bd682ddaeec4f7fb1aee42f7e1a3f,2
venezuelaestamoscontigo,2
chiefs,2
heroic_guerrilla,2
villaclareños,2
radiorebelde61,2
portoondo,2
74967775a7171e273db61d31c26ff20e1d300896ca,2
a584e7f7bf14231dd25bfcfa0d3ff9df00fa058e8a,2
45ea532c9c7b69f8261ef69674e0d3ef2a966e98fa,2
b9cab782ea7a7947ade48c24150c666fee8cf19a1f,2
e1460e65947a357a2e61df9f8650a04acd7afd5d05,2
9db8087970a15141f0fa843c0acff882bb358e5498,2
cultured,2
isabela,2
a055d07ec55530deff244061c51e12a7642fbff476,2
arthis_s.a,2
e2e9cc07b0af73d74325bf0a1e2070dc05d65c094e,2
ea,2
c2718b48a210e7f74e25320155780ebd4d53f9c087,2
culturacubana,2
isla,2
gringoland,2
bill,2
c2acd8130613839aaa1b709c150e21459359e08310,2
e517fc79b62f9e277d0c0f7cd1f4e0b46c5b6dbcca,2
df913c8c95b24968eefb836e2bca277316829af032,2
anuncio,2
somosuci,2
somosvenezuela,2
titanic,2
7095b8cc7e8119e9d81813564b68bc11007ee663bb,2
4dc622c23a1ba32baab329b4f7ca1ba1ea1b4f6fd7,2
815319a35fe984321e21501434933223d06395c974,2
5f64edbf45f9291a40be903a8e55753af5cba9c6f2,2
d54fbeb6bad9949a62934059bd924f16a1dee0c699,2
world_health_assembly,2
gerardo_hernández_nordelo,2
ministers_health,2
cub,2
f37482643b1381cb6acbc41319e34be354ac8898c9,2
8b3fd1632f75bf06f5ee4ba62e65a1af6304f77d78,2
cf42373ebdecfa84dc10c4fdcbd707d653ed1f7820,2
sierra_leone,2
saudi_arabia,2
saudi,2
4018ba526c134cf7de5e87f8dd9a8bd8f5f2d33221,2
95be017809ad7ae900e1d400a1d30fb9df16ba6895,2
cayman,2
56250e9a103aba340dd612498427429fea8190baa1,2
yasser_atta,2
a8f23951048feae88fe8842c3da9bf6cd08ebcd6f2,2
9c82867ccfb0dbf1ad6ba1135042f938389ee3ef2d,2
a02076cbabcc10d090efcb976d5824724656ad0e98,2
acd8081b2e395de5d66330ddfbd21e37d4897994cc,2
acc71934d0fb928237c3491c532efdfc05a538a57b,2
minister_higher_education,2
colombian_government,2
sabiasqué,2
greece,2
simadurocae,2
78d3d5f30b6a61ab237fa956d9427d8828cb062d5f,2
comunistas,2
polytechnic,2
cubaeshumanidad,2
noticomunas,2
yoscuba,2
piñera,2
josé_ramón_savorido,2
bcd99dbf2c926ae15b90917dbc90183513863688b2,2
mercedes,2
internationalists,2
central_america,2
puebloenmirafloresconmaduro,2
national_ballet_cuba,2
vivachavez,2
guaidootravezfracasó,2
higher_education_institution,2
52bc4d85ae122be34cf1254d56cb27f3adbfd04153,2
29d5ca1d5dac1bc9e0dc27d22fb15993d57b478c37,2
d8260387eaef1a9e6cfa1afb22ee6abd46ad16f6f0,2
8261345760c025241da5b3dfe50e205af15b9a3fbb,2
exchange,2
miguel_barnet,2
sa,2
leninist,2
7e0abb0eba6e531d5f4f7dd3aefe340f05a687dec9,2
massachusetts,2
democratic_congressman_state_massachusetts,2
0fb39eee90ee90d11ccb10de312cca34388e2aba95,2
c0ae4f5d5b450525dd394b92a60ddc6ccf1f4f209a,2
hugo,2
e682daefdc51c649f46f95d9d674e7560d8150f609,2
states_european_union,2
bonifaciobyrne,2
u.s._border_patrol,2
f9dfd3534dd2a248ac5a4f34abd92439b1a90c9243,2
ned,2
3ddcf92664b39f4ae4a4fe2e6cfc2779b97d8e93d3,2
ab01f24cddd2c98e0d610a3eb61ea62dd4d7e748fc,2
clearville,2
25c90449cb5334e18f5059394d14f993b0dd301146,2
dd8f09cddca3972061f72a146c823a3812f2259958,2
a38eac025551224e62be729b2271c9ca985aa1e779,2
russia_china,2
119dcf55b6ac11a12a07473888b1b8b1872fe972b3,2
granada,2
6bd8bba8806503a8edf07b30105c03cc1f58459c71,2
ee19bd85c8f994e0fb11f9d3ecba39f7ee50095b3c,2
cb843c23bdcc5ef83834c9e7ca4df1284c72093fd8,2
6472c062203a1be644a01ae93d5375f50594e0358a,2
venezuelaunida,2
d38e01f4c50ada065a7e953e11a468e30411ed0544,2
0c61914921fdf8e3066c67c276783145aa97412da1,2
2bb8bcb9acf76047071239f42ec9f0fe3a7dd67c65,2
ank,2
e6c9c2ac2557868e5834669654c7d7d7a6e875c944,2
cubanism,2
951ec0e58df50c260b4f566e6a3b19146a7cf0926d,2
ernest_hemingway,2
acas,2
cuban_economy,2
max_gomes,2
pine_island,2
64a542ffaf35cd9944b10ea423b8f511c4bfa3070e,2
jose_ramón,2
world_cup,2
6e2865ac3ab4624f53fd1a3148a3e52c14bdbd4ad7,2
2dbe35ce53d966645905cadd5c7bf6a326e99e376d,2
c7fd1243d2aa0678b5e1084e4a638d62f18346f2e9,2
dcd2ca2bbfd58b17dea6a1ec0b22bae8acafb49dbe,2
emperor,2
6a8d6af63130b042a038797065274208785cf6bece,2
96e91a4c68dcdc700e554d4175b4325207333ed098,2
lie,2
agrande,2
force,2
77b1803561ae244d09010f689af64c3f76f8be386c,2
zuelan,2
health,2
liberator,2
informática,2
acubaserespeta,2
60th,2
telecomunicaciones,2
ban_parliament,2
a,2
national_union,2
chavezcomandanteeterno,2
3c78603e52cce2e426233aeb2bfa5dee21ef724cfd,2
gringo,2
vicentegarcia,2
4effd806081d62eeb4dc11ddaf83951b04a7b273d9,2
artejovencubano,2
9f4092dbca1e81e9c179ce1a7afa491399b8e7e51c,2
986e55d38bd71d591e190222fa2850c8733496e094,2
922041d803c6bdc0e8960d26ba3184f263f6406c6c,2
asílodijo,2
34a78d499b334001ed104c53fb404cc8604e6fdfd6,2
f4f085d36789718222111ad7db79e6b0590723fdf7,2
020cf33e998130ccb10b42330e85fcfcedd16b41ce,2
western,2
c85fe2aa91e322b5075640ad8c1aeb2d7279a15690,2
villac,2
lgbt_independence,2
marches,2
central_university,2
d7bdf20e36b501948fcf6c980bed2ccf6112dc912c,2
f8d916dc246a7145f5c2e794175f11b2496d54ae18,2
republica,2
xiiibienaldelahabana,2
3cc7d81c7675129fe65d6de6d52d25d24f403392c0,2
f3fb739b19699d54c8d20e51ec3f0fa59090b35867,2
santrich,2
9563bc103d96173d83200a83f25c80fe1fc5e86233,2
07dfe01712fa2f838e657991e28bf59c675939730f,2
fellow,2
5b9868e7dc9af704fa4e170e8efa8c8df743f5bfbb,2
56556267a7dba0502cacccc81f7b078e56e049bede,2
cuban_independence,2
02e5e923d02555d2d68bc4c4ff0d7f0b08f52496d1,2
clae_venezuela,2
museums,2
01cfa85ce17d4baab147f31421a5afd5eed0e8db9d,2
apartheid,2
reform,2
stephen_ventura,2
ca31346656ca012f341314ca428df5b75666069e39,2
international_fair,2
timbiriche,2
west_indies,2
alex_guerrero,2
9b28f254269a8419c44537962aef6cd23c3a22dfbc,2
agriculture,2
juan_almeida_bosque,2
ban_health,2
anian,2
8fe9e67a862b39670c2887a41e2fefaa53c069adf0,2
9e4e75cd0b36fd7e3bb54c598ea132ac3844e68028,2
bayamo_province,2
wilmaespin,2
mariela,2
elia,2
f87a438d4000c431871796420a5fcaafcac5455bab,2
coppelia,2
1d5c960ee702564a616156ef7181888f5a5ebdae2f,2
d8475e1f0eccd1081803f601f2d850203434ddc7ab,2
20a8b968eb464d3271ad633d0183a81a1cdcb134cb,2
guaidopelele,2
da6551161f7410ff3f7113ec7f5acf26e1b86ebc54,2
cuban_people,2
rector_university,2
robert_morales,2
5e7d735a8350be2337daca165e3a115e1a3544b52c,2
f15248093b6b6a38f202ed2fe8191e0d55f7fdb153,2
3may,2
reflexión,2
americanairlines,2
ali,2
moncadistas,2
c92726923725982eb002cdb7a443b77c5cb678559f,2
9a58f7c6d013a9540dafbc2ee6e098a2e728ad8e5b,2
94780dd26024a8d5b6dc2fa27026cad238318c906c,2
1aa90601854d990d1c6100780fd3fe6629afa3bef6,2
52a6c24e90d7bbbdc74cd80c5ac93d85c85faeeb4e,2
fdf41a3d26035077903f1d5248ed1fd74c911ab684,2
telodigoenverse,2
amenaza,2
fuerza,2
batista_fulgencio,2
cfae85b2b52cedf58b216c58d9c74b890b5ae0d59c,2
eccc9c10022243172d03c9615ed61e21b1205f899e,2
38de8583d122642020bc75af45651b8e12be3e26e2,2
cuban_minister,2
6f41d5f66a74ed6a82331819aa4fb213b3f423dee1,2
2baa6e28d14a49c47b2eb55d658827b7afa287937b,2
defense,2
palestinians,2
678ff0bb8fcc3f3c5fcfa06426fc524a9015bb3936,2
robert,2
juangelman,2
marta_abreu,2
cuban_delegation,2
jesus_menendez,2
van,2
2f488f1240d2dfe112bcfef5617cd067bc01fb8de8,2
guatemalan,2
prince_wales,2
mountain,2
rafaelcorrea,2
f79225c0601ec45db19c0fd2a4a437c52f79bbca26,2
u.s._marshal,2
may1st,2
f6486d45d7231bec311fb42703019daeced7f939f9,2
vivalarevolucioncubana,2
radiorebelde60,2
e4a998d604b217fe40a41acefcb4c9e1cec418d13d,2
4c03db4406a4362895bb8125802aa9d9386109aec3,2
media,2
3d14daf5c1e486cb74288fb5b89732b4ad56c818aa,2
ti,2
e56dd04b8a387497e6c459f8a798f32fe4134f2277,2
28e03118bd671105451a251e3a8cf7d42382355858,2
tian,2
l,2
3c57387159e8e119adf69e09a6597216292f9cccc5,2
30060a62c74803c4e16cc69d44369404c03744f019,2
chavez_fidel,2
aefe70434a5a04a98733274cdb6dff2a3ce0f7fcac,2
2657f27cfd9b1d6012327d9a1fda48a6ea683db995,2
090556677a34386e46ff0836eee06c816e608a79d3,2
pueblovictoriosoyenmarcha,2
fc811fcf5d61da08d25da2a1429a9c585b38d4943d,2
8b17b5cb4093ace858fe467222580d68d85f90dae0,2
589e3e816c1dacaaa3aed5e2de21474f1cc209fe87,2
cristina_fernández_de_kirchner,2
b323c8f413db38780b6616639e05347284ccfa8d47,2
curitiba,2
65bd75d6135d32a86b20188ba6d92dec2c538ddf3a,2
canel_bermúdez,2
sudan,2
los_angeles,2
josemart,2
667e88f1f4973dd190eb4273e2c2eb31ef41bd3329,2
1bc8097bd53e7115782874f47dd01ba3ffb14d9632,2
headquarters,2
dayz-canel,2
foxnews,2
like,2
7eb89b92599f4721fb403ff42364a035887f1b5d01,2
4abf883765e34964e902286042d2424adee095da32,2
twenty-first_century,2
b1b31cab8585c7abad8a2ec670b0f734c2c3894ae8,2
trabajadoresporlapatria,2
farmer,2
c59e6f081209a48f4cf27fdacc23839178128db987,2
f780cebee364434d0d77062fa69120232acabee5db,2
apostle_josé_martí,2
martha,2
53411e243d08c0adb26ea305b7de27cb685731f683,2
c97d0460cf1c848e43e79f3349cc71f8286f9cfc80,2
f46396097fe2c422b99c4384c187e10334b602d303,2
6a99fa58321919151a6da1a5e18042f62b0c8b9bc2,2
luis_antonio_torres_iribar,2
social_security,2
dignidad,2
colón,2
0bb3d37e2e3fa7641f80b225adfc95cd73d708d021,2
sanluis,2
carnival,2
landingpage,2
nuevoherald,2
cayoguillermo,2
aa543b7f9871349f3634c512c41524f45f318fb54e,2
henrykinsinger,2
5f73bc8c3d8f9d5a5e76e087214d6f9641e604d4a6,2
dios,2
2may,2
battlefield,2
u,2
guerra,2
3demayo,2
villaclareans,2
patriaomuerte,2
edd13cdec6bb7017b5a06dd15437c6a6a87f8980c9,2
baptist_era,2
yukiya_amano,2
arte,2
varian,2
69e41f4ab3fdaec46d6cd9cb01a6c5d17ba0993a03,2
e41f7b889d9d6753374f8f0dd94e66288889d4396b,2
congratulate,2
b5f63b0264d4bf6d24b5ae78ef5859ff31badc7286,2
border,2
60añosdevictorias,2
5c791a9cfa6bfa97f9e32d17123ee1ff0843c72478,2
argentine_army,2
60añosymas,2
mercenaries,2
fab736d6edf5dea89140531314a462c65eb28e4243,2
true,2
7a9e80ea61531b5f8cc5645b3c5a05bfd165b2913b,2
0ed8e85064d907c8c796be340eff2ad8659fa77c12,2
3cf730fc904c2d14918ba9d3991e7597d38a3eb7c2,2
girón_beach,2
sciences,2
heberprot,2
7ac573f9e8b6fff9a2fd8a8f03513b608a9e1856cf,2
407f51f111ca0951d7519c07f87fb9a4fba248e013,2
69f3358ad353a3d6e3e7ab823f4d1e53fb1d31e394,2
vivalapaz,2
somoscultura,2
8344873cefe29d3fde00bdd868429e15235dcdd717,2
0787e7f3c3c34ffcecd92a25d1564ce4dbdf6642e8,2
citizen_portal,2
twitterpatriots,2
8badfc17f7f1d7035af264ce13db6ba58a6e78d6a2,2
ebac69a9caf476b50561da2cccbaa472a2bbc25f22,2
fa6f2c340a112afb2d6fb160493dea817c00471b63,2
president_yosigoami,2
falalula,2
foreign,2
médicos,2
09a5d15101bc54c25fc4969d1476d08eaf7bcf99b6,2
postal_union,2
universal,2
ab777fe8dd35a8a8a7bb66d342a72347097f711aa9,2
bienalhabana,2
españadecide,2
guerraeconómica,2
lgbtq_community,2
elian,2
jiguani,2
cuban_revolutionary_party,2
buenafe,2
ebola,2
1d75faea26339378804e0a1a2d8c17af834a60074f,2
1ccbbae22e680549a6d046cfd57c35d2a0b1193e75,2
fd37c74bca05c06e28ba74c226b85ecdff2e2b4572,2
fb75c160d4397e6c1781dd6317594f0c64de939256,2
lulalivresabadosdv,2
enforcement,2
landy_rodríguez,2
c7c3046e23d6f8fd2304caeb5ab66f9e825cbad048,2
aa538092f7965dde7bdcd9e3e44f303abdcb7dca5e,2
national_rebellion_day,2
nicaraguaquierepaz,2
adiosoea,2
vila,2
cfa2cca7518fc3dc197c112a870dac9b3a7712e796,2
035e5c2154809345252bba9ebf3045a4aa5cfff3b1,2
5c01214bb240b4988cad4a11215cc3d4c0e227bc4f,2
juve,2
trinidad_tobago,2
f6f47b464f4fec246deea6fb9ce6d0e579d127223a,2
e191c6d11381b08e17b93bf8146ffdbc7d3340dc9f,2
1002921483a59b02cd2b9db6c76b4c8da431b16b9b,2
whatsapp,2
miguel_diaz,2
noalahelmsburton,2
b5ab43974c4bb2bc73f40c5b5cc3e5004b6c21397c,2
becarioscongoleños,2
america_americans,2
carlos_manuel_de_grass,2
b37bafb7c27b8383b724e7884a45aebe53ac3f97a0,2
7bb52262497c84b3b0d0914c60a0bd16407f8a06d1,2
9may,2
radiosibanicú,2
soymujer,2
fb,2
c341fe3188672aee06a95ebcf712af5716c34f36f6,2
08f0330641b8333ba59b539db36fa971055b7543a9,2
mbian,2
ivanchuk,2
vicentegarcía,2
guane_pinardelrío,2
machiavellian,2
yanet,2
carlosbastidas,2
13demayo,2
manuel_hernandez_osorio,2
ideas,2
saturday,2
e21f7c662c42b8a4d8e526fb898d8089e0920436f3,2
cathedral,2
people's_council,2
queen,2
259e9504dd0a5bd69bee875e7047bc2cf82a6a3d76,2
d572cbafc02384e98f628a489f78cc5531a0d4f15d,2
ventura,2
cuban_civil_society,2
star,2
23rd,2
675b8a9b86f0ce38901294173e62881fa0e92a186e,2
red,2
38d0fecb0956a513c204d38aede5b254d00c5f6ca3,2
baseball,2
b007b6df265a93d8344614d76ce047150725648a57,2
e1aadc59b823033470d2d7161a17db622ee16391fc,2
42fdf3603ba806c94405f1684940cf14090cba8616,2
84cf3599cccb27af4ba50023a4e7bf16dc372301a0,2
fdffb7614c9080f03b23268f0910317fe2d5939254,2
opposition,2
pinardelrío_cuba,2
674c479abe0201db1d8911f69108d5684a02ebf519,2
rafael_maria_de_mendive,2
valeria,2
rome,2
diplomatic_corps,2
v,2
256d9f2a15da59047b23ec895524f1ed49010e3369,2
f9a2e1e399c664bd84a8b2f3a48c4487c4ad5fa929,2
fba056a31de5f85a11c7ce6fdc4f4bd75695e9fccb,2
raúl_roa,2
conservative,2
9b62750aeaba9b86a623537dae3b70354edc3ef8ad,2
monroe_doctrine,2
b26e5cff378c518d7acb6b9e2fa43426b50dd34f93,2
8316a6a8be36bc5ae29038e5eea3b592cd65337ce0,2
a90cff865216478462ff4cddd3b9af8142bba12031,2
fff2a08b38dec5619f639bcb899d69a44b101ef81b,2
immigrants,2
eastern_province,2
11demayo,2
felicidadesmamá,2
12mayo,2
assel,2
vilena,2
gitmo,2
peace,2
venezuelacultivaoberanía,2
10may,2
marearoja,2
walterdossier,2
presidency,2
international_community,2
9975a56552b70eb4dcf28b8803f262cfbf7e63b102,2
e1d8d1f5f851cb799df197d1e2f5cf1457549396d1,2
89fabd803bbb9ef91787ebbfaab13e3632f80c5d55,2
humboldt_7,2
fulgencio,2
faa8095708047b18ac5255e46fee65571fffabae70,2
trumps,2
presidential_administration,2
bishar_hussein,2
56bdb857355005a9dff86b8bc0a44f7fe3d87491a2,2
umboldt,2
puerto,2
5fe91b989ee815d4de9eb20373be8ad528ecd2b5da,2
bd25340c682a9d31e86dfe045aead9b22ec370168b,2
jorge_arreaza,2
inochet,2
garcia,2
0c342c837b10135a486928e3abb3182a9cb7c45f1c,2
fernand,2
wednesday,2
256c018038a04d3a4e235dbf0490770e704f1d2c5f,2
president_un,2
canel_bermudez,2
constitution_republic_cuba,2
bolivar_martí,2
d9a33326c13527bbdcd575cff47d49b6395474ac63,2
diadelamadre,2
mburton,2
helmburton,2
5eb1b98a7bfae1ad5396a92e05db9ca800b493f229,2
venezolana,2
f89c348cc429de7201b1815571945afc5ac917e1cb,2
roger_waters,2
cuban-venezuelan,2
unity,2
8e8648da1f92918756e00f6b4803ce0a034a0bdcd5,2
sta,2
4140135eb3819d6155b292e637e31e5a3a19be2067,2
victor,2
b9bcfb3c6d9465e58a349749b815118ff4849077ac,2
tweeterosactive,2
d703d790b9c31b44c57c5863e0fc6e6fffcb1f55e3,2
5113016f357bee3fd37a706b67140f11ecebfe0347,2
26581d50848449b5a8a43d5ff91cd608beea79dd67,2
venezuelan_navy,2
80338ad57c7fd08b1eeaedd85cdeec7552b622fc11,2
social,2
african-american,2
1be10408612bb6d2081ba39b7bdb3f970a39000d59,2
87355105f6038d67df620cf83508fd79e3f38431f6,2
42012f740b2be2591b6b0d4b0fca7b1e7e88f60ede,2
mario_j._penton,2
ab5b723dd9121b7ff05febaf602fa23d2632a94772,2
unsc,2
58ed93d56a22ce0416b02c0a7cf50f59ecf0e37afa,2
0718d685ac763ed639eb54bf7a365c91ed2b2ba864,2
c3bc0fe3bdd30cd9d8943406b738d6b54dc1c7f64d,2
1e58472e14126ed8d78b6c730b7acf8119d324e2c3,2
b63ff48eb2e039cc8749db8580857162b698ca5b13,2
idel_chávez,2
alina,2
adriana,2
31e56acbf7c15bbc16633742579ab6f2144ee09704,2
b2507ac037a88bb824921db5d8714be9a353193b34,2
8f8a76f81f9fa51bc901b026ae7d9838c82b357b80,2
mijaín_lópez,2
28cb8b793accb9479f36f845536d3d3cbbec4817d8,2
ac211ddfac1aa92fe5dda364d3a212643e1b63e5bf,2
ac87f00b81f601ea92e50401d431725d1a08123124,2
united_nations_system,2
ugc,2
0827f776adec589992aca19f6931134f166aa17c94,2
organization,2
martians,2
capital_city,2
san_antonio,2
5mayo,2
marx,2
live,2
cubalibre,2
capitoliodecuba,2
eries,2
susely_morfa,2
hill,2
día,2
children,2
avila,2
209e8765d0ad2301fa9c86a90085363516b721a425,2
roynel_reyes,2
1be193dff591884ae5f3672082421068f997507016,2
2e094ec969eb8b28f0bb4015b0a2b91019ff93ae27,2
psychiatry,2
c8a4a7f431d0361b303c1ce0b774886c9664b9c6af,2
945350a81aa1d8e9522010b79a78dc63280eba9a36,2
35f3be2cfc7dad8263a3aca35aaa5447eb59d61565,2
5db2d645b3223915f926b0d1a865cc09d510beaf43,2
5ca4c5421d437ea2a02c5f7c73227a7e401a91fd57,2
mike_pence,2
7a4dab91e0266e9f9f4a8582948b3ce068d224c435,2
week,2
1e62093467c7430d0e3486a39741bc299a5d6ed0d5,2
alczonadepaz,2
marxist,2
097083bf342108b3e6b765ee1db6d75cd5c76c5c46,2
gendarmes,2
c5ab26c8ba883080016d5a71d88aadd3cc9f0b94c7,2
63c717ae4b671f7298367f2130444a727e95d9a227,2
bangladesh,2
noalaleyhelmdburton,2
ajedrez,2
revolucionaria,2
6e91d7d305f90efaf16c3840c54c223554b3833763,2
6d3759e5b1293f1a24b6537d8193e3aa8d6e0dc374,2
patriaeshumanidad,2
5e26561a93843a4241eb685a564a809533e6531eea,2
cd7f6e95624a6b78cdd7453f04cf5e5d92a38fcad3,2
d9693f353ae9bdb72f1ec10eddf56f31435709d29e,2
americanuestra,2
good_friday_digital_warriors,2
noamchomsky,2
07319d6fd2eec372f09e91e584d872b8b3e968faa3,2
russian_foreign_ministry,2
5f380fc8916aa9cb24997bd6e0edfbe84307079c0c,2
90679d03d76a2f4238e935d2f7c00ec646cb097155,2
40d342dbf7f604db8ba24e8776058c503e00cbd08c,2
migrant,2
lisbon,2
cuban_universities,2
a9d9011c398dd2f25437664fb042e39a2ffb40a543,2
4dc0a178d48727b0a74408596549450fb51f5e26a6,2
79e5565634898dfbc5a9aa365bce72f341cb8f0eb5,2
ignacio,2
656e7527fae1c7134b0b35b5fae33b31a80da96e28,2
4749317a72171a2bb4c82bf254f0c87ad14cacc8c6,2
34b6eaa4abfa267d652394fd28c8ae6b50887105e7,2
cubaus,2
magna_carta,2
pinarino,2
576d52a221f7b2a4216b36a1b6f24ef9a230b18fba,2
85ca03085b10cb0865fd77c5ea63cc6d57097e0067,2
b33f1b6d84a821ff0aaf1aa09e9ff30dcd670ea378,2
b860c83a210dd348969f09046359ecc34f99ea21fc,2
celia_sánchez_manduley,2
06dec6b0dbd9bc589efabc6bd3d4474f2d2273a7b3,2
f7908e57579412526f06c9a0190b0fb5531a99cbe7,2
15eb0fc44f6d7da46bd44df2a5976db0689c57e91e,2
49afc9aaa818b5310bdd1ec35c5b0c2789ca32ca3d,2
05e2363daf06ccd63ac6d70952dd2004a4dca16e98,2
90c4e06f8c73839eae0896e57292aa9561318b46b9,2
95f59745fe520873a49382d1c182ccd9ae7ac44b14,2
124939cccbfd7ff6542540a6eac3daa31b7792fa14,2
robert_de_niro,2
eac04152188f5598a30ec1698476cda839f8df4b89,2
2aed36d85dcfbdb8d6bb383b75d8475562cf198317,2
3bea97936f65a25dae0526abd55c110796a5ab3025,2
latin_american_cinema,2
medical_sciences,2
gerardo_hernandez_nordelo,2
9f20dba53d4fc508b3c10f4a5973e2f43e19eacbe9,2
mlb,2
gerardo_hernandez,2
april,2
7f329940796f020bb3ecc237be10a133d9fb74cb3a,2
fff0c2270486e79c67c3360ac474bbaacd9792af81,2
presidential_palace,2
wifredo_lam,2
call,2
cuban_congress,2
1502e0c85de85e2442bb603133ddd0db142035838a,2
9f5e8d12af5c90bc68e632fe3caa201e19b89f5ace,2
aea269ed44d7347cb67323bde42d12f0a8bf5a7e02,2
elections,2
aca22c9e3f212cd3f8b47414f7c3d9807413db46ec,2
sanchez_de_lozada,2
d0d302bc2cf131b627471ddc24858e7c574b881f5c,2
9eac06ccad3fcd4cefcea651335c9500a3c7338452,2
yosoyfedel,2
ministry_interior,2
6e584e7486a37d821646c1027516149923eec71b5f,2
martiresdechicago,2
ecuadorian_government,2
revolucionario,2
país,2
cubadestinoseguro,2
mamba,2
08may,2
02ad17840505a97eecb69b05ea46ba554db920d3f5,2
8mayo,2
u.s._intelligence,2
venezuelacultivasoberania,2
346bf4a6e610e0027f2e58e94d60a69cbc1152deef,2
eisenhower,2
humanidad,2
7dejulio,2
69144cc1e02f1863501afb94f1363deba0dafc6211,2
7948d72f7bccaf1e010066dcd8d912d19f4f99b907,2
caribbean_sea,2
cubadenuncia,2
e10e0a4b6e457f2f1288f322dad74e14f30b48bd0c,2
41998141146fe17eafab1dbc2f3147859a276b0097,2
3f066cbd9c614e33d3df3223acfdbedc06453f0d76,2
fbi,2
guantanamonoeslabasenaval,2
hillary_clinton,2
u.s._police,2
camilosestoqepd,2
849ccd40f3d5054cbf7b11cdb77254033638ea53fd,2
appealofthecaribbean,2
cd8adf4e94d903a2166a08adb2579ff8fdf5621c1f,2
irish,2
neoliberals,2
felizdiaatodos,2
13sept,2
bolivian_elections,2
28octubre,2
diegomaradona,2
zimbabwe,2
world_series,2
5b8ca19043f613ab1633d72381e828366ef345a29d,2
immigrant,2
47a5cc7ad92c8bb31f0db5bd952fa1b4dc4784398b,2
nnuu,2
11deseptiembre,2
factory,2
atenciónintegralalpueblo,2
vivavenezuela,2
juliocortázar,2
cubaeu,2
un_general_assembly,2
5f25c6fa58d6eb139313c2bdfcc999c5cd4184016a,2
2da0269d43ab3fabc7ec84d6143c451212a53186f8,2
right-wing,2
feriaarte,2
852c77308f98887cd39b09aa2c87842fa9e795b813,2
soros,2
piñeiradictador,2
7b0945667d38952b455d00363aaa225bca207a230d,2
caribbean_channel,2
twitterconodio,2
twetter,2
vzla,2
seguimosenlucha,2
3378a442ebfc30c29a57130cf3869537340e1c5f03,2
3julio,2
inter-american,2
felix,2
b334ab4a4644af0932c58dda0d6ad75ff138fbb91c,2
8a380de7b0ec72c77338c3baa1dc3ddc13238ed461,2
esjulioyquiero,2
findesemana,2
septiembrevictorioso,2
señordelavanguardia,2
bolsonarcos,2
ccpcc,2
nadaevitaraque,2
winchester,2
westvirginia,2
cristinafernandez,2
womenescubanas,2
barackobama,2
informatizacion,2
president-elect,2
simoscuba,2
arjona,2
llamamientodelcaribe39,2
cubanoestaparalizada,2
senegal,2
signatures,2
twiter,2
12deseptiembre,2
marcolina,2
10dejunio,2
aquinoserindenadiec,2
mauricio_macri,2
basil,2
4julio,2
lord_vanguard,2
aquínoserindenadie,2
67bc86e5e3679b6811d19a47bd3279ed0be851f115,2
nestorkichner,2
1bb7713a19fac8af7df84d83cc5c9211f0d048a15a,2
bloqueoesgenocidio,2
laculturaesamistad,2
31eaa9ac24867177d4978ce1168811961fb706ea2c,2
queridocomandantealmeida,2
carildaoliver,2
senosvael2019y,2
42f37c2ae9cdfd002ac53bbb99c2773ce315093c81,2
ce898a1726522dfe5877c2ff0cb8eaabe55f208b24,2
53c0e285fccc4c816423327aba782ba691e01c996a,2
trump2020,2
avianca,2
cubadecide,2
bastionuci2019,2
medioambiente,2
21denoviembre,2
ipv_brothers,2
9f8bc8c4e5cbb594617fbf38d73f7d4bea7dd6e318,2
boliviano,2
79f77f56f7ddb2dfcf7643f79cb8628b1a178d15c6,2
mifortaleza,2
leydesímbolosnacionales,2
nicaragua40enrevolucion,2
asambleacuba,2
8ca52f4b97ccdd30a0895534b08fa685ae318d28ec,2
economia,2
herederosdetusueños,2
hotel,2
educaciónpinardelrío,2
11345fdcb0951c3703e8dbd00d4a68c99f6f30a51c,2
gobiernodelpueblo,2
7df34ea9a1001e826f7bf5e137a3c7cd1a3266b8f3,2
15aa18af3dfba90c57bc8f843611fc5c590d0387b2,2
tuiteros,2
diainternacionaldelosddhh,2
narcorubioes,2
hochiminh,2
fulgencio_batista,2
pedroborrásastorga,2
viva,2
26jul,2
2bff43e5e23d2364fe7d608d2864616cb3b9aa1b08,2
leninmoreno,2
38bca2f726104d3e216224054c7ca5e4b678b01b69,2
comunista,2
yovoycontigoa,2
marcorubio,2
alvarogarcialinera,2
golpedeestadobolivia,2
b0710a50b768dfc7ef7fae91756d426d7f46b75a19,2
2sept,2
lunes,2
syria,2
b174c395a42d4a3facdfd1ff4c800020aac3f968c7,2
felizcumpleaños,2
8septiembre,2
premier12,2
micubacel,2
tesla,2
net,2
juangabriel,2
2b1a6fced6b0342ffa620f4e56324b61b22963c092,2
llegaatudestinosinaccidentesviales,2
networks,2
golpedeestadoenbolivia,2
plan2020,2
revoluciónsandinista,2
036a3f0d544f706b2bf4fc4d8b10c7754386975171,2
77e4ced5eefff7cd2633b2632bf9f1384d84407216,2
fa182e8004094420fce5ea2f67203650f3f979e9d1,2
7sept,2
leydepesca,2
a8287a107eba421953c9ab4a5f9c39d371b8f97e42,2
meida,2
industriales,2
diadelaculturacubana,2
75a09c10d98e1e892662540cbcde653f53ac693bae,2
clubcuba,2
3jun,2
msv,2
frasedeldia,2
lamareaheroica,2
mimonedaeselbolivar,2
circumstances,2
martinez,2
añez,2
fifis,2
lomasbellodemipaíses,2
65dcb44d177f294e170f3b0efaf06200350f478b79,2
saturdaymorning,2
patriarch,2
f81c9fa8138bb0817fa9227b560ae1acc313104a20,2
dc179f2a33e4b7856d816e7c150d6c176dfd29f84e,2
lomasbellodemipaís,2
veqr,2
6b12ea3a0a3520563105d603f51933117952a42e1b,2
37c73022334df270c90f52741844037ffb0d437759,2
policianacionalrevolucionaria,2
mareaantiimperialista,2
gabriel_garcía_márquez,2
omara_portuondo,2
a1ef25d36f356192461a054586f9586e03bbfe9fdd,2
prime,2
marcha,2
mirtaaguirre,2
23deoctubre,2
camiloyche,2
chile_ecuador,2
chileprotestas,2
diadelperiodista,2
eldiabloilustrado,2
galeano,2
vívelo2019,2
cuban_women's_federation,2
camilocienguegos,2
viernesmartiano,2
1erforonacionalgobernanzaeninternet,2
piskariovskoye,2
inmigrantes,2
e5a484209ae78b0592f4618bb5a5e496288dea449f,2
fedc0b2e9a94e737b07a2f4449dad1f7eea05e47f7,2
a2ca87cf9a2fc4d775285cf822f8a932321a98c577,2
noticiascaribetv,2
portoviejo,2
08b025151a3db8f0bcb40ecfa04401839e935e2447,2
fgi_cuba,2
2oct,2
delcyrodríguez,2
4c46ef1a6c9e2917bf9fb9343b55401a4673c17bb0,2
7fab45f6d1456242ea7c0f2f776f0a97e07c7fc3a6,2
brazilian_embassy,2
irak,2
20demarzo,2
venezuelanproductive,2
b07c66ff6dec961ec1fa0564dbf198fd287cf59428,2
veranocuba2019,2
46c2f9b0c58df7ea4e575ba7003e47503f1a9fc91b,2
fotodeldia,2
fernando_arce,2
estadounidense,2
fd84770f7b7f702c1147053b8b615b72df7a6befb3,2
alliceoconalegría,2
art_museum,2
ban_police,2
argentinavote2019,2
tumeinspiraspor,2
estamoscontigo,2
lulalivreja,2
expectations,2
56d36daffe8a706edf2057196210dbf246e5a93c8e,2
argentine_elections2019,2
ecuadorquierepaz,2
trumpisadisgrace,2
ecuadorporlapaz,2
jose_daniel,2
13oct,2
9b9c5998880b63fea4faf9ea65f8a0dfdcd775fc5f,2
toquedequeda,2
638711a1544c15df35741f70b7d2709328a9e9a48e,2
acaparamiento,2
reventa,2
piñeira,2
4f8bb5e55eb04b5d5d72094361d5a2d6beaec15332,2
estopasaenchile,2
camilo_centenfuegos,2
quito,2
0d25be82ef6d4194bf64c6a89c9162ed05cbca7c02,2
camilocien_fuegos,2
covidー19,2
freddyparedes,2
italia,2
gretathunberg,2
piskaviovskoye,2
chileencrisis,2
cambioclimático,2
general_assembly,2
chiledesperto,2
b152418653ec5bc8d43e154f21230b2605e6d6d999,2
26jun,2
heaven,2
mauriciofigueiral,2
anniegarces,2
migueldiazcanel,2
venezuelaterritoriodepaz,2
somospinar,2
cancer,2
unaymilvecesyo,2
periodistadelaverdad,2
dublín,2
sanjuanymartínez,2
somoscotinuidad,2
cubaporsiempre,2
ledebountuit,2
2548260fdfcee96c4b439ae37ea7f42115a4344fce,2
condor,2
camilocian,2
japon,2
inder,2
c43f7a86c7175b60c0c5606da717cf714898ac0cca,2
6e5adea6f1591274d88b09543d7e8fad7f6fdda5aa,2
thenewyorktimes,2
cubavencera,2
4a02e1f124f6499e7a7a93d9e7f9cd217f1c062eb0,2
bc629b08fc26e37359ad6d7fcfccd00c674e5222fa,2
islajoven,2
11congresoujc_uci,2
flagday,2
mardelplata,2
cheymaceo,2
michael_higgins,2
boliviaunida,2
julius,2
copper,2
orgullodesercubano,2
19septiembre,2
alberto_president,2
twiterospatriotas,2
27deoctubre,2
luis_casas,2
lulainocente,2
806b2bd3954d5fb97f8c3465d25365b4b02cd937c9,2
3b4c0bc78e7af89de95ba3729950d3f0ecdca8e1d6,2
244725068a6536e9f3e171888fbfa1e44017523c1c,2
camilocienfires,2
d8e0b0e58058e1278cfd0faec75ba52008390a579d,2
nestor_kirchner,2
d1ef76e090d481ad16c19f568d3e2fb5f4d8c9ca1c,2
zona,2
266e8d5f3fb12a1a9b270b64d85ca691fb2bdc62e2,2
albertofernández,2
a0ccf5781150bb20437a42336eec9b284c32f3fba2,2
diainternacionaldelchiste,2
6nov,2
c11e96a47cb966ab3e90225a8bbd75415fe3e8ca23,2
284da21f754a4f9b91d32e46a2b9ef8410485e96ee,2
chilenoserindehastavercambios,2
332a24bb6f1c898382bc05208f009fc64f687bd83b,2
roberto_morales,2
98c2d26492da86ae6fc7351aa65e8c281470f0d4a5,2
a1ebf03abb54d96baca61aa158e2f9b00058df3551,2
cuban_women's,2
44566d98dc13185899bbbc55e5836d723b9e31cb4d,2
camilo_centfuegos,2
camiloespeople,2
9d8a83865335471a3a4392d7207540d9712d887a8c,2
95376a47b72e1aaf168ba1833a160872503b261dce,2
5deoctubre,2
18dejunio,2
6oct,2
exxonmobil,2
diamundialdeldocente,2
apklis,2
283e6d5d03cbb70b151dd1cefd760f6afcd8b3b84d,2
8dd977afd61568cc445ceb5daf74583b36c96ad8ed,2
dametucorazony,2
3oct,2
aa922fc6d3dfebdff106bd83e244a8fe9edb1ed636,2
ab907ec3dcca567204a6bc95a417967f8afe2d089d,2
6c6093cf8762fd99099b78b7ced4659793c2bd6c5b,2
4c7a1baf5663527eebab32e61ad60952dccc0e0db7,2
c0fb221316909534a4088c1b0271f6ff8c4ee961d4,2
leo_varadkar,2
6c2d39602a1dce7cc5dd6e61424b3364201e6fae03,2
viernesdesacar,2
4oct,2
cubamásinternetvsbloqueo,2
st,2
dametucorazóny,2
28jun,2
victor_hugo,2
baku,2
chevive,2
cubavanza,2
impeachtrump,2
allende,2
nacionales,2
b6084d7c1977ad7ec8d9fefdf688cc4e085c9c6b9e,2
yarisleysilva,2
f840e0dc130759658aa584a1f4c88b67c767b5d9b5,2
venezuelaresistealbloqueo,2
tuiterosdeldia,2
aliciaalonso,2
radiocubanavshelmsburton,2
lamarearoja,2
eliangonzalez,2
nova,2
abrazamebesamey,2
tabarevazquez,2
cubavencerá,2
yoanyfraude,2
24dejunio,2
festivaldelatimba,2
diamundialdelasonrisa,2
espososrosenberg,2
latinoamericano,2
caribbean39,2
joseaecheverria,2
6947e4a6f96c1976f29469f7e7ffd99dc840b74726,2
seguimosavanzando,2
new_york_city,2
e70817a5540369d1aed6571ccb3e653010fbbe90dc,2
galician_river,2
acd9ec864bd4bdc92c1cce23db197ccb31b2d5b5f3,2
73027b9526b1ce9ae194015d9f80ffb1a2571b70a1,2
d4e8a7989ff7c02cbb2db4c65802a77a36d518028a,2
stevenson,2
9766e934f41707377b68fb5d02f47c89d317ce996b,2
ab447f808ec35098764cbb2dcf522e1c467b81f75e,2
2c305b5a1cc72e48d718dc36ad4022011409657aa1,2
4deagosto,2
u.s._department_justice,2
friend,2
bolsonazi,2
salvadorwood,2
antiimpelialista,2
d10eaacc71401bd0c2fbbbfeaaeefcb78db92c97d8,2
central_committee,2
5f512198b2442fbff0e469e340911908322714c7b4,2
díamundialdelaasistenciahumanitaria,2
be38621d5bbea60925eca4729265d688bf7c2c779f,2
7446dcd36a782fe288eaab2741f1cc382e09c1fedd,2
2b3784cc72a4def98e31ca0e46fa02adde5820a82a,2
guzmán2019,2
18dejulio,2
16f355ade5ac8da9f07ebada64e66a1e00fd7bbb9c,2
diplomaciadepaz,2
jeffrey_epstein,2
human,2
siyofueratu,2
66ebae1a38ec1623243145f1a61226888358f97e17,2
capital,2
64c9b23fcf42689fffa3e1da005a5fdf901887af3c,2
manuelvaldescruz,2
illinois,2
upec,2
hey,2
santiagoessantiago,2
abramhs,2
lafotomaslindadeldia,2
venezuelaunidadvencerá,2
gameofthrones,2
lilttlemarco,2
b428a8ee3bcc7f31ddc3a0b60e9538232a57a85c5d,2
trumpnosotrosvenceremos,2
25nov,2
cumpleaños,2
lierinchief,2
bc941e864938b1ca2712d5ca1eb62894f32d5d4bc4,2
luis_enrique,2
f114640b45f203d421a65c25984f454a84078f34be,2
21dejilio,2
1b96e74062e3141c51bd4928f8e9907bf23db6e701,2
4e445f3d2710699c4d946092914c777002f80b603f,2
f9c9b565abd0319d071fd7d54402f4b2eb783daea0,2
0d70703019bde0e60f4825eb9d4237b41e80a26882,2
60añosminrex,2
af2bd759d2fbfa2cbad630ea945ace5215b295f476,2
29f82076b4bfeb7e5eb4e23a1ccfce920dee048ac1,2
2652e93642cbc16e9044ea45cd0d91daa11c818c66,2
psuv,2
amazonassos,2
eclac,2
22agosto,2
4d94d9eabac1da961596b12ed4a644b82ecaaafce5,2
3f85e2bf4c80362964a765d2cbb347fa9a91b19468,2
buenosdiasmundo,2
yarisley_silva,2
felizdiadelniño,2
cubapoliciadelpueblo,2
solidaria,2
guinea,2
infancia,2
truenews,2
02jun,2
policiadelpueblo,2
ley80,2
1junio,2
beijing,2
9f6d3ea54b5df002bbdff5f78b01209230f1d7bab0,2
ccae8f1f9c057ccd09fb952d00da9f0eb66a5dc75b,2
a4e59e23b17c7fecdbce79a85cd13e2d0b5e53d84f,2
55fb289c72ebfdb5d612858d7aa584e2bbe8c53715,2
marcaribe,2
ines,2
18defebrero,2
latin_american_country,2
d960fe6420ea6a9c70b136718e674939fa5416bc2a,2
mpnoal,2
chronicle,2
informatica2020,2
7fac01d653ce7044f6dfae8aa7b0d5899a6308ebdd,2
carlos_iii,2
80575f867e1d6dd1e6b04168386f7d2ca9b61392c5,2
22dejulio,2
iphigenia,2
calixtogarcia,2
574a4f54802115c2b205ebf1a3fadc47afc4359e0c,2
900ad97359e789c8cb5214277a5b473f741e659e52,2
azerbaiyán,2
120paisesconvenezuela,2
seguimosencombate,2
d22afc467eb5f0b182d8819a091552e12bf327a057,2
juanmiguel,2
ump,2
e5997edfc45a8ef79f36cb6391a0fc44a341e953b5,2
apk,2
dialogoavanza,2
dimitri_medvedev,2
aniversario,2
1087f935b551aee5a5e445bb2e462e9d0970a35f35,2
worstpresidentinhistory,2
díainternacionaldelainfancia,2
7cdbbd8b83f5729f2ea42ba4399820c52f5aa53a0b,2
gopfascists,2
frentedetodos,2
hoyenbdv,2
pinocho,2
president_miguel,2
orlandocicilia,2
5ceb7cc6d919490a8b25f1127aad02179e26b65d84,2
diadelarebeldianacional,2
2ef864eb7b813abcb01f9f0a2ba72512a5405a14c8,2
428e148b7eb0262b7c0712b318d06bfb1632dd8278,2
26julio,2
strengthens,2
goicochea,2
radiocubana,2
mnoalconsolidalapaz,2
xxvforodesaopaulo,2
a5a5df5a07d6882dfc78f84957068dbbbd7d070ce8,2
30dejulio,2
5637e6b56457de4c1edf92a551bd9c68cd92066766,2
cubaisabella,2
lactanciamaterna,2
d4fbaf10c6c4a1de79506c1d04fb101075d8973bb7,2
yurigagarin,2
felizjuevesatodos,2
freibetto,2
fidelantiimperialista,2
laislamasjovendecuba,2
mivivenciaconfidel,2
6fdbaddc8e2042aa852bab2e15e495f61234131823,2
ofac,2
f28936038e1eba3d89e66ea8dc1dd8951f4b5d36da,2
dilancruz,2
10agosto,2
federadascubanas,2
ca1755e6e7185f64ea7da86f4caa3bddca11002bf8,2
davidrivera,2
25145128b4d58e6369b846af8e04d2a885c0f2fa1d,2
amazonas,2
45e992d9b0c897d490bdf3fbf6f51b52ba4a5420b1,2
plazasucre,2
73c90ce6903a90fee8d9af6a8fd3bd14108923de41,2
25denoviembre,2
inter-american_treaty,2
idalys,2
ef8d54fc8e81666ea932dd44e7950e1fb022305c0c,2
recuba,2
10agos,2
f2c6452f4e2ffb03f4b822d3d10add3a87ac44375e,2
10ago,2
arlenis_sierra,2
d46cded4ad7f9d06db1d52f64f7e64e2abd040db0b,2
elhuracanchavista,2
amazonía,2
e29d25f62af2c41d68d045c84c3029c9e247532797,2
4d742b3bf7dca0a8fcc6cd838a4c1ec84376d04bbb,2
ivan_silva,2
rule,1
it,1
mohammad_javad_zarif,1
economically,1
chloro_sosa,1
doctorate_university,1
dr._guantanamo,1
east_timor,1
channelcuba,1
fifa,1
abrildevictoriaypaz,1
nebula,1
julio_lima,1
amir,1
isidro_labrador,1
isidro,1
artemis_school,1
cob,1
bethlehem,1
chichi,1
augusto_pinochet,1
patriagrande_piñera,1
eva_bartlett,1
ebola_epidemic,1
incapable,1
american_law,1
mariela_castro,1
c.,1
symphony,1
martian_precepts,1
venezuela_syria,1
john_quincy_adams,1
herms_burton,1
caibarien,1
tispiritus,1
nightmare_guaidanic,1
alicia,1
mr._barry,1
"america_first""",1
ste,1
hatami,1
reinier_valdes,1
juan_i,1
a.,1
lavazza,1
casinos,1
democracies,1
ola,1
uclvestra,1
namibia,1
né,1
elijah_anthony,1
josé_baldinde_herrera,1
fca,1
me,1
dr._halina,1
link_university,1
decreases,1
forzavenezuelavenezuelavenezuelabe,1
nico_lopez,1
camilo_weaver,1
emilio_cueto,1
cuban_americans,1
remberto_fernandez,1
cuban_cinema,1
spanish_embassy,1
ptist_dictatorship,1
lazo,1
south_batahola_court,1
raul_chancellor,1
saint_mar,1
larramendi,1
ferrales,1
causa_university_havana,1
cuban_higher_education,1
enezuela,1
liberators,1
right_uae,1
lawton,1
eiffel_tower,1
sorcerer_tribe,1
ruth_tapia,1
paulina_rubio,1
mana,1
bundesliga_wrestling,1
atilio_boron,1
dez,1
ministers,1
weingarten,1
tyranny,1
conelmazodando,1
dalila_jiménez,1
venezuelan_president,1
minsk,1
yemeni,1
washington_cuba,1
somos,1
validity,1
nieto129,1
president_republic_south_africa,1
lulalibreya,1
fermin_valdés,1
boulevard,1
lukashenko,1
venezuelaquieredialogoypaz,1
academy_arts_sciences,1
villaclareño,1
villa_clara,1
domínguez,1
ucuba,1
guez,1
general_electric,1
tist,1
freelulanow,1
democratic_party_election,1
madman,1
luiz,1
garte,1
redcros,1
royal_palm,1
fidel_hacem,1
manuela_sáenz_marshal,1
ramón_brown,1
zoraya,1
livian_national_militia,1
patriot,1
san_carlos,1
evelio_prieto_guillama,1
jc_assembly,1
guayaquil_village,1
ucfd,1
tuesday_inder_habana500,1
pine,1
eo_government,1
trump_government,1
4deabril,1
calculate,1
citizen's_revolution,1
evo_mas,1
cuban_united_states,1
james_o'kelly,1
miguel_bosé,1
villa,1
ks,1
pakistan,1
thousands,1
trumpfueradeve,1
eastern_havana,1
red_church,1
mexican_labor_party,1
technic_lazaros_cardenas,1
iamfidel,1
kennedy,1
paque_pare,1
venezue,1
independent_republic,1
biscmarck_martinez,1
cegodeávila,1
cuban_regime,1
james,1
azurduy,1
robeilys,1
uvian,1
ulti,1
port_authority,1
alabama_state,1
thomas_gurry,1
bolivia_homeland,1
limpiatusmanos,1
cubasalva,1
british_travel_magazine,1
asean,1
super_bowl,1
africa_united,1
vice_chancellor,1
acagüina,1
palacagüina,1
gypt,1
house_rules_committee,1
torricelli,1
fidelenlamemory,1
esquibo,1
chancellor_bruno_rodriguez,1
ligando,1
julia_cl,1
agua_la_grande,1
montaña,1
medical_science_university,1
international_congress_higher_education_university2020,1
norwegian,1
maxim_cuba,1
montellier,1
osvaldo_vento,1
cuba_saudi_arabia,1
moskovich,1
rodriguez,1
time,1
albatross,1
cuba_u.s.,1
cowboys,1
moeloek,1
nila,1
women,1
sars_cov_2,1
muhammad_ali,1
havana_center,1
villacl,1
juevesmartiano,1
montejo_lorenzo,1
juan_vicente,1
lombardia,1
guáimaro,1
humanitarian,1
bia,1
cubaesderecho,1
sí,1
camilo_centenfegos,1
juan_evo_morales,1
victor_jara,1
cuban_airlines,1
hombre,1
santander,1
agujeronegro,1
helms-burton_act_united_states,1
u.s._department,1
nu,1
provincial_administration,1
presidents_municipal_assemblies,1
people's_councils,1
alfredo_despaigne_rodríguez,1
fernandezfernand,1
rarian_reform_revolution,1
guanabanas,1
quedateencasa,1
bloqueonosolidaridadsi,1
hawks,1
gira_por_los_barrios,1
cuentenconcuba,1
cuban_customs,1
uritanian,1
republicadecuba,1
happyfindsemane,1
guaimaro,1
santa_clara_cubans,1
pan-american_lima,1
cuban-u.s._treaty,1
margaret_flowers,1
kevin_zeese,1
democratic_republic,1
david_paul,1
rian_golan,1
world_youth_congress,1
venezuelaterritory,1
antonio_guerrero_rodríguez,1
argentinians,1
mbian_attorney,1
consolidation,1
"friday_13th""",1
rev,1
ethiopian_surgical_society,1
lagas,1
u.s._canada,1
joselyn,1
latin_american_caribbean_parliamentary,1
lanka,1
teatro_teresa,1
palace_independence,1
jesse_jackson,1
continent,1
mars,1
hero_republic,1
aturday,1
pinardelrian,1
qatari,1
atari,1
independence_agencies,1
canel_lukashenko,1
nanotechnology,1
la_park,1
protection_week,1
los_mesa,1
boozman_bennett,1
senators,1
adrienne_pine,1
omar_linares,1
president_lukashenko,1
jerusalem,1
evo_trench,1
lola,1
urgent,1
michael_petrelis,1
belarus_cuba,1
province_villacl,1
british_council,1
avalanche_sagualagrande,1
calculated,1
ean_army,1
salmaguer,1
social_justice,1
jonron,1
sri,1
gulf,1
world_war_ii,1
climate_change,1
talcahuano,1
pelier,1
san_diego_cubs_baseball,1
african_land,1
george_bush,1
province_villa_clara,1
josé_luis_rodríguez,1
georgian,1
euuviolaembajadavzla,1
city_bogota,1
alexander_lukashenko,1
luismanuelotero,1
noaleyhelm,1
cubacooperation,1
dra_marlen,1
flamenca,1
doctorate,1
melilla,1
ministry_interior_university,1
lilla,1
ian_university,1
legislative_assembly,1
cuban_newspaper,1
wilson's_disease,1
raúl_roa_garcía,1
gian,1
chinese_revolution,1
cubaessaludcubacoo,1
html,1
reverend_jessie_jackson,1
venezuela2019,1
foreclosure,1
josé_carlos,1
david_thomas,1
abel,1
cynthia,1
tomás_romay,1
valencia,1
baptist_spirit,1
richard_alarcón,1
ironies,1
gabri,1
camaraderie,1
rafael_rosendi_marcia_videaux,1
eusebio_leal,1
saturday_night_national_television,1
harvey_ball,1
vez,1
mr_rodrigo_malmierca,1
us_imperialist,1
santaclara_cuba,1
manuel_alonso,1
constitutional_president,1
ommunications_corporation,1
typhoon,1
james_carter,1
cuban_association_french_cooperation,1
focused,1
farmer's_day,1
grandfather,1
brussels.,1
bolivarian_chavista_revolution,1
disturbing,1
grand_prize,1
yug,1
adán_chávez,1
revolutionary_forces,1
mevlüt,1
jiménez_municipality,1
parliament_council,1
serra_maestra,1
christia,1
bolivian_state,1
image,1
cuban_peasants,1
latin_americanist,1
cultivated,1
josemartis,1
president_republic_cuba,1
central_province,1
maguey,1
chavez_bolivar,1
occupies,1
apostle_josemarty,1
íazcanel,1
cpc,1
prudencio_villalón_rades,1
vests,1
screening,1
pais,1
yellow,1
itzamna,1
south_carolina,1
ignatius_ramonet,1
accusing,1
bmcquito_marti,1
national_baseball_championship,1
marcelo_ebrard_maure,1
vallegrande,1
vi_cup,1
aristobulo,1
metropolitan_district,1
cuban_reve_orchestra,1
alejandr,1
president_councils_state,1
calixto,1
cirro_redondo_guerrilla,1
uriz,1
elan_tv_channel_telesur,1
jabacoa,1
of,1
velo,1
portuondo,1
ondo,1
jesús_suárez_gayol,1
yosyfidel,1
varian_republic_venezuela,1
executives,1
minrex,1
caesarean,1
venezuelan_foreign_minister,1
cuban_harvest,1
mariana_zajarova,1
joseph_martí,1
cristina_fdez,1
layhelmsburton,1
wiki,1
ministry_higher,1
albatros_committee,1
main_hall_university_havana,1
venezuela_brothers,1
güines,1
thondike,1
indies,1
j._martí,1
margarito,1
president's,1
apostle_marti,1
centenfuegos,1
alejandro_isabela,1
state_council_republic,1
lennon,1
72nd_world_health_assembly,1
grun_city,1
manrique_larduet,1
lawhelmsburto,1
fidel_claevenezuela2019,1
bols,1
rebel_caiman,1
stevan_lazo,1
boyero,1
venezuelaworkingjoyproduction,1
cuban_grand_prix:,1
pham_binh_minh,1
aquinoserindenadi,1
arecubaculture,1
alejandro_sanz,1
dionisio_da_costa,1
japanese,1
adidas,1
playstation,1
olympus_martyrs,1
marching,1
cuban_health_system,1
plaza_bolivar_de_la_guaira,1
cecmed,1
jose_moya,1
american_academy_arts_sciences,1
latin_institute_music,1
inista,1
franciscan,1
fundamentalists,1
crusade_love,1
european_union_cooperation_kingdom,1
joseph_marti,1
randy_lerú,1
mr_josep_borrell_fontelles,1
alicia_alonso,1
american_capitalism,1
premier_tito_series,1
president_vladimir_putin,1
ime_perez,1
ucc,1
polish_council,1
canada_united_helmsburton_law,1
venezuelatra,1
venezuela's,1
san_pedro_de_tabada,1
adorian,1
conflict,1
's_volleyball,1
guaidoito,1
leninmorentraidor,1
pan_american_under-20,1
meteor,1
mevlutcavusoglu,1
integrationist,1
xiomara_laugart,1
national_telecommunications,1
fo_guzmán,1
cuba_grand_final,1
saddam_hussein_gaddafi,1
reño,1
guzmán,1
zmán,1
martian_bolivarian,1
manuel_mercado,1
tierra,1
atomic_energy,1
expressed,1
land_reform,1
fidencio_gonzález,1
agrarian,1
bay_havana,1
decuba,1
universe,1
china_huawei,1
vazza,1
4marzo,1
juan_luis_guerra,1
oclae_university,1
national_museum,1
fascist_capitalism,1
nobel_prize_literature,1
carmina_burana,1
cuban_anniversary,1
violates,1
6abril,1
cape_verde,1
port,1
david_lahera,1
american_magazine,1
cuban_day,1
fertilizes,1
revolutionary_laws,1
dr._osvaldo_dorticos,1
galenes_imperialist,1
guardians_nation,1
luis_fonsi,1
documented,1
supreme_court,1
chinese_ambassador,1
united_states_academy_arts_sciences,1
ramadan,1
christian_ronaldo,1
verde,1
oliver_zamora,1
rebellion,1
deathcruzadaaya,1
russia_cuba,1
belarusian_government,1
fanaticism,1
enna_convention,1
haywood_gilliam,1
enunidadyresistencia,1
derechos,1
foreign_relations_committee,1
ojeda,1
8abril,1
gabriel_garcia_marquez,1
carlos_baute,1
sergeant_pepper,1
carlos_manuel,1
slavic,1
miao,1
drodriguezven,1
lonely_hearts_club_band,1
aeronautics,1
150guaimaro,1
renato_d'ouza,1
caribbean_veins,1
gerónimo_valdés,1
mayajigua,1
sergeantsoglu,1
venezuelan_chancellor,1
venezuelais,1
chamba,1
"caracas,",1
quesada,1
carlos_vives,1
richard,1
junco,1
davalos,1
jay,1
leggarrote,1
furry_empire,1
latin_american_continental_organization,1
washington_funds_revolution,1
transnational,1
blin,1
ronald_reagan,1
polish,1
swamp,1
cuban_revolt,1
fiedel,1
city_santiago_de_cuba,1
manuel_market,1
uu,1
raul_oscar_lópez_rivera,1
martian_radio_tv,1
diva_omara,1
caribbean_crisis,1
delcy_rodríguez,1
batabanó,1
residente,1
is,1
latif,1
care,1
japanese_government,1
rarian_reform,1
luis_ramírez_lópez,1
bans_united,1
melia_iberostar,1
wearecuba,1
avalanche,1
chaves,1
sary,1
buenos,1
dr._chávez,1
love,1
clavenezuela2019,1
cuban_aviation,1
leoni_towers,1
mart,1
kkk,1
manuel_marcado,1
latin_america_caribbean_united,1
movement_socialism,1
másmédicos,1
republic_algeria,1
pariah,1
6abr,1
firm,1
sunday's_day,1
somoscubasocialita,1
coming,1
pineapple,1
islanders,1
ee_sugar,1
mr._gandhi,1
guinea-bissau,1
civil_aeronautics,1
metropolitan_banks,1
bissau,1
peasantry,1
devils,1
pp_state,1
e,1
vladimir_ilich,1
pa,1
chavezvivemadurosigue,1
chancellor_general_assembly,1
contribution,1
hua,1
journals,1
bandec,1
70th,1
awakens,1
caribbean_confederation,1
mahatma_gandhi,1
epistolario_de_un_tiempo,1
wearecontinuity,1
a73mesesdetusiembracomandante,1
uninformed,1
eric_garner,1
bolivia_justice,1
international_museum,1
jose_martí_eve,1
national_symphony_orchestra,1
ia,1
niurka_gonzalez,1
big_liar,1
bolton_pompey,1
agrarian_reform,1
alliance_cia_pinochet,1
mafias,1
osmany_gonzalez,1
q_piñeira,1
iaea,1
middle,1
mr_higging,1
yankee_corporation_exxon_mobil,1
destinies,1
walking_rat,1
josé_laurencio_silva,1
gu_bay,1
msburton_law,1
caribbean_community_games,1
neighbors,1
va,1
s._courts,1
gentuza,1
petro,1
valerian,1
meteor_2019,1
lopez_refinery,1
tro,1
cimex_cupet,1
u.s._senators,1
barca,1
justin_trudeau,1
elandgrande,1
sergei_lavrov,1
u.s._courts,1
attilio_borón,1
british_columbia,1
helmsburton_umbrella,1
exxon_oil,1
brazilian_government,1
republic_salvador,1
arecuban,1
cubainformati,1
sigueasupresidente,1
19deabril,1
tumbandolaleyhelmsburton,1
18abril,1
sidesfilo,1
venezuela_vivo,1
tumbandolaleyhemlsburton,1
humboldt7,1
lamasacre,1
18abr,1
international_choir_festival,1
samaritan,1
heroísmo,1
parliamentarians,1
venezuelalibre,1
himnonacional,1
santa_cruz_state_aragua,1
notredame,1
larevolucióncubana,1
alexgue40619946,1
58años,1
remenbergirón,1
asesinó,1
lapoliciabatistiana,1
constitutional,1
american_carnival_cruise_company,1
edward_heras_león,1
downtrumpying,1
liu_sanesteban,1
mauthausen_concentration_camp,1
livia_united_cuba,1
nelson_dominguez,1
livarian_national_armed_forces,1
fihav,1
confederation,1
max_gomez_baire,1
havana_way,1
ivan_ivanovich,1
atyl_boron,1
antonio_guerrero,1
raúl_garcía_martian,1
manitoba),1
iden,1
ukraine,1
vian,1
inaugural,1
ía_santa_clara,1
chontale,1
sandino_village,1
synagogue,1
lies_ferrer,1
pdp_government,1
s._ambassador,1
evidence,1
scam,1
al_andhabana,1
cuba_bienal,1
jacksonville,1
coups_d'état_america,1
500th,1
celia_sanchez,1
chiapas,1
balkans,1
handmadevenezu,1
bogot,1
pompey_guaido,1
portuguese_embassy,1
little_island,1
gaston_browne,1
united_states_world_trade_organization,1
world_trade_organization,1
cuban_troops,1
v_festival,1
galician,1
virgin_mary,1
government_canada,1
ician_fernandez,1
josé_ramón_fernández_álvarez,1
heat,1
inauguration_2019,1
gustavo_tarre,1
mr._alberto,1
ruling_classes,1
marx_engels,1
marxist_leninist,1
utopia,1
omaraportondo,1
american_airlines_u.s._government,1
zionist_regime,1
jorge_legañoa,1
friedrich_engels,1
xon,1
mintur,1
john_tablada,1
gustavo_kourí,1
denis_moynihan,1
capitol_de,1
havana_pinard_family,1
capitol_decuba,1
national_theatre,1
storm,1
velina_hall,1
havelina,1
zariadie,1
tretyakov_state,1
helms-burton_helms-burton,1
allies,1
manhole,1
sergeilavrov,1
militiamen,1
guin,1
havana_street,1
ecosocialists,1
sabotage,1
riflemen,1
emmanuel_tussore,1
aleppo,1
es_d'habana,1
taipei,1
ien,1
juan_landohernandez,1
withdraws.,1
vineyard_sea,1
listened,1
anthoniomaceus,1
gatico,1
bolivarians,1
carlin_mendieta,1
venezuela2019venezuela,1
commanding,1
iraola,1
antonio_luaces,1
regurgitated,1
margaritas,1
fidel_moncada,1
kirill,1
cuba_government,1
holguin_provinces,1
do,1
helms_bulton,1
cuban_company,1
pacifists,1
cuba_civic_union,1
langley,1
washington_langley,1
gu_international_peace,1
seven_daggers,1
everyone,1
fernandez_de_cossío,1
big,1
wings,1
memoriam,1
cuban_baseball,1
vancouver,1
distinguished,1
twitterof,1
ccfa,1
of_world,1
jacksonsilvazapat,1
somoscon,1
hel_bruton,1
network,1
treveris,1
custody,1
ahscuba_utopia,1
miriam,1
charles_marx,1
j.marti,1
world_trade_organisation,1
havana_harbor,1
msc_cruiser,1
msc,1
frank_fernand,1
theatre,1
maria-corinamacked,1
bbc_world,1
luis_fernando,1
josé_ramón_fernández,1
fool,1
john_lennon,1
ralph_gonsalves,1
leyhelmsbur,1
ban_national,1
strump,1
romerias,1
ezequiel_zamora,1
cub_continuum,1
maxime_gomez,1
pine_de_baire,1
salvador_sánchez_serén,1
vene,1
bolivarian_national,1
san_vicente_grenadines,1
gringo_hammers,1
venezuelan_justice,1
jerome,1
norma_goicochea,1
spy,1
accused,1
san_luis_santiago,1
vivalarevolución,1
vicente_revolution_garcia,1
president_miguel_díaz-canel_bermudez,1
martian_studies,1
mrs._bachelet,1
direcciónnacional,1
united_general,1
letariat,1
boliv,1
ba_united_arab_emirates,1
yosoyfidel_fidelpors,1
í,1
waldenses,1
may_havana,1
president_raúl,1
dawn,1
carilda,1
lacrasse,1
follow,1
washington_nation,1
maycuba_parade,1
yosigo_havana,1
vafidel,1
fidel_castro_ruz,1
cuban_ambassador,1
luxembourg,1
owners_world,1
stampede,1
luis_alfonso_velasquez,1
ferrerpresopordoporderliner,1
citizen_sergio_garcía,1
joseph_daniel,1
maceos,1
central_american_parliamentarian,1
desoft_fire_division,1
joseph_mayabecque,1
mauricio_colmenero,1
intelligence,1
johanna_tablada,1
progressive_governments,1
josé_appleeda,1
marian_sun,1
potter,1
garrote,1
dynamicuba,1
faithfulcuba,1
carnival_cruise,1
eternal,1
josedanielferrer,1
joseph,1
robin_martinez,1
ruby,1
ayo,1
abel_prieto_jiménez,1
national_congress_argentina,1
ba_buenos_aires,1
paulo_pombolo,1
abeel,1
prieto,1
human_rights_day,1
alatina,1
martian_alliance,1
cuban_immigrant_organizations,1
agramontins,1
i,1
republic_argentina,1
imperialist_yanks,1
plaza_josemarti,1
cantinflas,1
americanwayofliving,1
sabadodetremurasdv,1
aymara,1
seguirnosnosempondera,1
pandora,1
cristodelahabana,1
kata,1
fundamentalist,1
bienal,1
argentine_communist,1
bolivia_colombia,1
limpia,1
coup_d'amour,1
pompeii,1
cuban_communists,1
michael_bloomberg,1
human_rights_cuba,1
guarimba,1
san_martín_martí,1
world_human_rights_day,1
camilo_almeida,1
mainstream_media,1
antonio_rodriguez,1
balthuna,1
camaguayans,1
zcanel,1
revolutionaries_square,1
revolution_socialism_united,1
cub_square,1
mike_pompey,1
ngo_citizens,1
zuela_united,1
bolivarian_alliance,1
jesus,1
galañena,1
buenos_aires,1
pez,1
followers,1
t.o,1
nato_summit,1
rebel_island,1
guado,1
coup_d'étatists,1
revolutions,1
american_coal,1
waldensian,1
le,1
alberto_juant,1
antiago_de,1
jim_winkler,1
national_council_churches_christ,1
burton_helms,1
fox,1
anya_parampil,1
carlos_viejo,1
socialists,1
cuba_american_airlines,1
fernandez_de_cossio,1
uae_latin_america,1
students,1
luchayl,1
ven,1
guerilla_pere,1
airlines,1
pachamama,1
sandin,1
senosvael2019,1
noaleyhelmsb,1
bolivarian_university,1
interviewed,1
session,1
iperialist,1
machete_charge,1
colquiri,1
somali,1
iri,1
southern_indian,1
patriagrande_evo,1
special_envoy,1
pomp,1
mexican_revolution,1
copenhagen,1
cartagena,1
towards,1
erra_maestra,1
definitely,1
leygarte,1
american_oil_giant_exxon,1
bolivian_army,1
silviorodr,1
lez,1
niuragonzález,1
symphony_orchestra,1
nicolopez,1
refinery,1
cosmonauts,1
cuba_miguel_díaz,1
big_kake,1
color,1
cuban_railroad,1
bulletproof,1
arguments,1
ramón_emilio_álvarez,1
bolton_lie,1
world_helmsburton,1
alexander_torres_enriquez,1
simon_boli,1
thrones,1
arya_stark,1
militias,1
southwestern,1
latin_american_congress,1
nomasblocking,1
city_parks,1
interior_cuban_fire_corps,1
rodrigo_prats,1
rescue,1
latin_american_medicine,1
bi,1
hala,1
u.s._university,1
romerías_de,1
raul_torres,1
cuba_manuel_marrero_cruz,1
yovotesiporque,1
idalberto_delgado_baró,1
municipality_island,1
eastern_bolivia,1
venezuela_continent,1
hems,1
amparo_lourdes_garcia_buchaca,1
kings_spain,1
evangelise,1
evoworldcontigo,1
lenin_prize,1
helmsbulton_law,1
kings_spain_cuba,1
president_trumpnottoday,1
illermo,1
fighting,1
nicaragua_cuba,1
success,1
cayo_guillermo,1
resort,1
luis_alejandro,1
ba_international,1
cayo,1
wang_dung,1
youth_federation,1
celebration,1
republic_bolivia,1
miami_united_states,1
felix_varela_morales,1
uae_embassy,1
leopoldo,1
canima,1
chess_championship,1
los_vecchio,1
disappearance,1
jose_martínez,1
roso,1
caguanes,1
upper,1
marty_baron,1
mainstream,1
s._maisanta,1
ana_isabel_dominguez,1
latin_american_caribbean_student_congress_2019,1
marxists_day,1
president_president,1
patriagrande_fernandez,1
olimar_colmenares,1
venezuelan_air,1
piskaiesbskoye,1
caribbean_pirate,1
oye,1
carlos_bastida,1
tist_police,1
alexander_alex,1
christine,1
brazil2019,1
colombia_mexico,1
trump_pompey,1
uruguaydecides,1
islamic_world,1
sagua_la_grande,1
principles,1
argentinavoted,1
troops,1
venezuelan_embassy_uae,1
curtain,1
colombia_israel,1
refinery_fort_saskatchewan,1
venezuelaseresp,1
mariela_cenesex,1
jesus_arboleya,1
celedonio_jose,1
guillermo_moncada,1
anosdeluta,1
cristina_cuba,1
prudence,1
patriotism,1
venezuelan_embassy_united_states,1
international_havana,1
rodríguez_grrilla,1
speleology,1
zla,1
bioinformatics,1
vienna_convention,1
avian,1
dr._rolando_álvarez,1
liviaunited,1
subversive,1
canel_bermuda,1
central_oklahoma,1
xiv,1
turin,1
ay,1
jefe,1
carlos_martinez,1
colombia_uruguay,1
international_music_dance_festival,1
sebastián_piñer,1
corazón,1
jorge_elbaum,1
albert_delgado,1
alexander_cuba,1
nestor_die,1
carries,1
albertopresident,1
sonia_castro,1
reverend,1
sandinista_popular_revolution,1
argentinavote,1
plurinational,1
santiagueros,1
joaquin_baquero,1
ilham_aliyev,1
sara_cubana,1
alex_ota,1
chavismo,1
venezuelan_alliance,1
barbara,1
argentinaadecide,1
venezuela_dictatorship,1
ceballos,1
chinese_embassy,1
botanical_garden,1
fernandezfe,1
dawn_cruise,1
pulkovo_airport,1
piskariovskoye_cemetery,1
cube_cube,1
united_socialist_party,1
tony_guerrero,1
eastern_guido,1
guinness_world_record,1
ridicule,1
meadow_prison,1
fitcuba_2019,1
semarty,1
president_united_states_america,1
chilean_liberalism,1
te_fidelcastro,1
city_st._petersburg_russia,1
america_reborn,1
elbita,1
idelfonso_castañeda,1
polytechnic_institute,1
vp_cabrisas,1
camiloes_village,1
zachile,1
josé_ramón_savorido_loidi,1
gendarme_universe,1
indian_kailash,1
san_lucas,1
vo,1
guayacán,1
san_francisco,1
maracaibo,1
alfredo_urroz_wilder,1
reb,1
sandinista_militancy,1
frank201919,1
ramón_pando_ferrer,1
economics,1
bush,1
jojo,1
fernando_roja,1
farc_day_guerrilla,1
parliamentary,1
international_theatre_festival,1
ca,1
kioto_tsuji,1
argentina_americas,1
crusader,1
plena,1
kichnerism,1
culto,1
yoanissanchez,1
rsf,1
cidh,1
sip,1
freeassange,1
lavozdelavictoria,1
technocrats,1
chicagoans,1
jay_lord,1
provinces,1
latin_american_caribbean_students,1
guido_lópez_gavilán,1
pablo_milanese,1
cuban_awards,1
camilocienfu,1
commander_ernesto_guevara,1
nation_planet,1
cubans_law,1
white_sands,1
camillots,1
centenario,1
alber,1
justice_fernandezfernandez,1
belgian,1
tsj,1
kiki_corona,1
venezuelan_union,1
helms-burton_there,1
hermitage,1
fitcuba_2020,1
fair,1
united_force,1
argentine_kirchnerist,1
kirchnerist,1
african_students',1
national_meteor_exercise,1
canel_st._petersburg,1
juan_carlos_gonzalez,1
lgbt_community,1
guayaberas,1
cami,1
southern_fisheries_industrial,1
latin_america_heritage,1
helms-burton_governments,1
antioch,1
carlos_popola,1
menéndez_scott,1
hector,1
blica,1
dailynewspublica,1
valerian_weiler,1
formula_fernandez,1
villaclara_council,1
climate,1
valparaiso_chile,1
aragon,1
professor_leonardo_alvarado,1
cristina_axel,1
metrology,1
daniel_barre,1
fernando_fernandez,1
moncadis,1
city_leningrad,1
china_cuba,1
tv,1
miss,1
eda,1
colombian_army,1
armed,1
artificial_intelligence,1
latino_americans,1
mario_silva,1
ricardo_molina,1
sancti_spíritus_university_medical_sciences,1
abu,1
spanish_fort_san_agustín,1
marco_maceo,1
zation,1
government_systematization,1
ucf,1
wilfredo_gonzalez,1
magazine,1
dr._roberto_morales,1
theaters,1
movie,1
marco_ru,1
pedro_gamarro,1
camilito,1
delaware,1
camagüey_santa_clara,1
amaury_chamorro,1
dr._eusebio,1
what's_up?,1
supreme_commander,1
fire_protection_week,1
embroider,1
marrero,1
cuclambe,1
washington_nationals_stadium,1
state_government,1
theophile_stevenson,1
balts,1
pinochetist,1
juanguaido,1
inochetist,1
jiguaní,1
st._petersburg_legislative_assembly,1
photographed,1
genetics,1
tintori,1
emperors_world,1
albert,1
soymwomen,1
bert,1
caucasus,1
white_house_tribute_series_champion,1
liu,1
morillo,1
c_yuri_pérez,1
legislative_technique,1
militants,1
serpents,1
southern_center,1
marble,1
esco,1
granma_province,1
ment's_protocol,1
cayos_villaclara,1
martians_world,1
inacio,1
kenyan_government,1
ula_da_silva,1
heidy_praderas,1
ms_burton_law,1
mrs._june_soomer,1
argentina_evo_morales,1
ailer,1
kasuhiro_fujimura,1
nats,1
santiesteban,1
david_pathe,1
queen_street,1
masora,1
cuban_havana,1
exchanging,1
cyberclaria,1
kasuhiro,1
pronouncements,1
twitterers,1
maracas_palm,1
company_usa,1
th,1
maria_reyes_maroto,1
ambassador_chavez,1
carlos_romero,1
keith_ellis,1
machad,1
assemblées,1
fairgrounds_palace_d'assemblées,1
marielle_franco_brazil,1
fairparamama,1
sheremetyevo_airport,1
continuity,1
aznar,1
vandalism,1
squalids,1
cuban_trinity,1
eto_miguel,1
ori,1
jesus_montane,1
social_council_united_nations,1
icia,1
guinness,1
inicia,1
camilo_cienfuegos,1
olan,1
camil,1
angolan,1
moscow_konstantin_noskov,1
manuel_valdés_rodriguez,1
raul_el,1
popular_uprising,1
discussing,1
scott_pedophile_menendez,1
who,1
encouraging,1
recognition,1
remain_anonymous,1
mr._de_la_vang,1
neoliberal_model,1
inés_maria_chapman,1
eva_perón,1
dr._johnkirk,1
martha_jiménez,1
siro_rodríguez,1
matamoros,1
tobago,1
centers,1
sanchez_manduley,1
lia_esther,1
comrade_celia,1
cuban_explorers,1
neofascist,1
camagüeyans,1
luis_ignacio_lula,1
american_airline,1
manipulate,1
betancourt,1
rick_scott,1
ariel,1
simon_rodriguez,1
albert_chris,1
oscar_casanellas,1
danny,1
manipulators,1
demonstration,1
mibecamasbonita,1
piazza_ernesto_gueva,1
u.s.a,1
captain_america,1
colonialist,1
antiago_de_chile,1
che_camilo_cuban,1
international_tourism_fair,1
ileana_hernandez,1
carlos_sanabia,1
special_union,1
ezuelan_embassy,1
master_tump,1
argentine_people,1
alberto_cristina_fernandez,1
dupla_fernandez,1
argentine_presidential_election,1
culture_cup,1
pinochet_veda,1
kicillof,1
people's_army,1
uruguayans,1
ninja_guerrilla,1
presidential_elections,1
canadian_blue_diamond,1
helmburton_law,1
nick_gutiérrez,1
policemen,1
palo_cagao,1
immortal_regiment's_march,1
president_putin,1
nestor_kirch,1
russian_city_st._petersburg,1
lechuguinos,1
manbi,1
celia_sanchez_manduley,1
white,1
cayo_coco_baradero,1
cuban_russia,1
argentina_fernandez,1
andean,1
president_miguel_díaz,1
alberto_cristina_fernández,1
robert_pollan,1
slam,1
abu_dhabi,1
capital_united_arab,1
tigo_marlon,1
emirates,1
yankee_military,1
evo_morales,1
oberancia,1
camilo_centenfogo,1
t,1
aqueduct,1
bolshoi_theatre,1
commerce_tourism,1
industry,1
maria_reyes_maroto_illera,1
cities,1
firefighters,1
osmel,1
lord_avant-garde,1
ezequiel,1
camilo_fidel,1
venezuela_russia,1
center_state's_capital,1
dean_dr._gerdys_jiménez,1
cubaesculturo,1
11deabril,1
yoanissanches,1
camilocienfogo,1
celeia_sanchez,1
guillermo_torres,1
julián_conrado,1
nytes,1
asamblea,1
guerrillero,1
farc,1
12abr,1
karla,1
12abril,1
cubaesdalud,1
assangefreedom,1
president_macri,1
argentinespe,1
buenju,1
14deabril,1
moscow_st,1
kenia,1
leningrad,1
ean_police,1
camillus,1
cubamicons,1
12deabril,1
universal_suffrage,1
adriana_corcho,1
ujc_pcc,1
salvadorans,1
efren_monteagudo,1
middle_park,1
nationalism,1
rodolfo_rosell,1
carola,1
injustices,1
santa_clara_gates,1
habana500_carnival_cuba,1
josé_maría_vargas,1
doha_world_championships,1
venetian_mercenaries,1
orlando_bosch,1
agents,1
city_baracoa,1
felix_garcia_rodriguez,1
diplomat,1
malecon,1
gómez,1
sara_rosa_gonzález,1
son,1
"santa_clara,_city",1
mae,1
highway,1
ban_communist_party,1
oliver_stione,1
álvaro_uribe,1
president_dayzcanel,1
susely,1
blancaepsuv,1
the_big_loser,1
fidel_raul_cubaislabella,1
graziella_pogolotti,1
raúl_palmero,1
village,1
guanabana,1
julio_antonio_mella,1
alma_mater,1
intel,1
steve_king,1
la_coubre,1
iowa,1
simplicity,1
venezueladefendslapase,1
rights_venezuela,1
mrs._zalamera,1
hive,1
kong,1
cia_agents,1
islamic_state,1
cuba_cuban_institute,1
telecommunications,1
citf,1
revolutioncub,1
cuba_helmsburton,1
president_municipal_assembly,1
fruit,1
cuban_broadcasters,1
villaclara_cuba,1
vp_ricardo_cabrisas,1
yanet_hernandez,1
user's_education_commission,1
minister_health,1
african_swine,1
kim_darroch,1
ba_baptist,1
marquito,1
hugo_banzer,1
trump_bolsonaro,1
orieta_lamb_carlos,1
davy_crockett,1
josé_alberto_gonzález,1
deputies,1
gonzález_quiroga,1
portugal,1
counter-revolutionary,1
cherry_blossoms,1
douglas,1
maykel,1
nicolaas,1
southern_command,1
duke_moreno,1
electoral_bill,1
juan_josé_torres,1
u.s.a.,1
bilee,1
celina_gonzález,1
captain,1
isabel_rubio,1
rodolfo_rosell_salas,1
marian_grajales,1
josé_luis_tasende,1
mariana_cuban,1
raúl_roa_garcia,1
international_criminal_court,1
far_right,1
president_july,1
sergei_moro,1
raul_yosigoami,1
continue,1
mengoc,1
holguinero,1
maria_ramos,1
greenland,1
ana_maría_mari_machado,1
marian_homeland,1
serene,1
united_states_administration,1
meisi,1
erinias,1
joseph_mart,1
franky_zapata,1
venezuelan_patriots,1
youth_club_ministry,1
curious,1
uae_government,1
cuba_province,1
city_bayamo_cuba,1
gregorian_calendar,1
grandma26,1
carlos_acosta,1
ivan_ferrer,1
joseph_anthony_chevarria,1
md,1
russian_interference,1
young_people's_club,1
francs,1
guayabera,1
clubsbredcuba,1
fidel_lahabana,1
engineering_biotechnology,1
trust,1
venezueladefenderlapaz,1
cobblestone_street,1
president_obama,1
marian_century,1
youth,1
youthclubcl,1
cuban_national_revolutionary_police,1
nelson_mandela_day,1
ppon_gold,1
leftists,1
house_representatives,1
republicans,1
pedro_miret,1
adnfidel_artemisa_fidelcastro,1
sarah,1
fidel_horse,1
pc,1
human_rights_organizations,1
levantam,1
red_army,1
sé_antonio,1
josé_martí_fidel_castro,1
united_country,1
laura_martinez_de_carvajal,1
muse,1
sandinese,1
inese,1
city_pride,1
twitch,1
cubainformates,1
alexandra_ocassio,1
joseph_anthony,1
youthclubsyoungclubteconec,1
english_computer_science,1
iroel_narcorubio,1
garcia_luis,1
sweden_cuba,1
jonas_lawne,1
stronghold,1
sweden,1
ambassador,1
mr_jonas_loven,1
edward_galeano,1
za,1
nicaragua40in,1
chavistawinner,1
eli_army,1
national_police,1
sandinista_guerrillas,1
enrique_josé_varona,1
copacabana_hotel,1
united_states_government_intelligence,1
emerald,1
camilo_centfegos,1
pride_america,1
poetry,1
alvaro_uribe,1
malacon,1
revolutionary_defence_committees,1
ban_assembly,1
cmd,1
insecurity,1
siboney,1
president_republic,1
russian_hackers,1
cuban_assembly,1
havana_capital_cuba,1
villas,1
abreu,1
clara_nuestra,1
suely,1
yoanifr,1
fisheries_law,1
gardel,1
oriel_josé,1
national_radio_awards_2019,1
culminates,1
matea_bolivar,1
cambodia,1
raul_dayzcanel,1
roe,1
western_hemisphere,1
santaclareans,1
illaclareans,1
josé_alber,1
chiu,1
connectateajovenclub,1
clubconnecta,1
youngclubteconecta,1
fortaleza,1
guiries,1
fidel_son,1
tamarind,1
orieta_cordero,1
simonovis,1
ban_minister,1
intellectuals,1
south_american,1
grandmaen26,1
havana_luanda,1
airline,1
amanian,1
prue,1
juan_manuel_márquez,1
cuba_para-americans,1
health_ministry,1
ban_ministry,1
pan-american_climate2019,1
frida_kahlo,1
inian,1
scus,1
jose_martí,1
benny,1
barbarian,1
revolution_state,1
benny_moré,1
ethiopian,1
pilon,1
arecontinuitycubaav,1
ora,1
pacho_alonso,1
t_alfonso,1
2019_caribbean_festival,1
josé_maría,1
dren's_shelter,1
gilberman,1
11th_u.s.c.,1
alcemos,1
cubamasinternetvsblockingcubaninformatization,1
mayra_arevich,1
ana_julia_marine,1
engineering,1
havana_radio_cuba,1
museum,1
senator_james_mcgovern,1
s2019,1
parish,1
misty_copeland,1
jas_capital,1
san_josé,1
computer_communications,1
cycle_festival,1
cubamasinternetvsblockingcubainformatiza,1
cuba_pillar,1
united_universities,1
softel,1
chaesub_lee,1
guarache,1
minint_university,1
cybercuban,1
heredia,1
denmark,1
donald_has,1
miguel_diaz-canel,1
ena,1
eugellés,1
nasa,1
twitterosactive,1
spanish_american,1
ignacio_ramonet,1
dr._dodes,1
saka,1
g20_summit,1
skid_row_united_states,1
venezuelan_united,1
cuban_federation,1
ninth,1
cuban_state_republic,1
congressuneac,1
district_court,1
regional,1
felididad,1
paty_poleo,1
1988,1
congress_united_nations,1
fidel_castro_raul,1
joão_manuel_gonçalves_lourenço,1
warnvancubano,1
augustinhoneto,1
aleyhelmsburton,1
streets_santiago,1
capital_cubans,1
gladys,1
barranquilla,1
brother_obama,1
cuban_saint,1
euu_bolton,1
festivities,1
belice,1
samuel_gomes,1
caribbean_streets,1
peace_shepherd's,1
raúl_diaz,1
florence,1
pinardelrío_province,1
sanchez_stone,1
carnival_havana_2019,1
cubaninformatizes,1
play_store,1
e-government_2019,1
9th_congress_united_nations_convention,1
carnival_habana500,1
presentation,1
aryan_race,1
notre_dame,1
joy_havana,1
argentine_economy,1
health_people's_republic,1
scuban,1
villaclar,1
anas,1
intelligence_agencies,1
bmc_chone,1
federation_cuban_women_mass_organization,1
jaime_bayli,1
meteor_maya,1
angela,1
nicolasgillen,1
nicolas_guillén_batista,1
moldova,1
fidel_chaves,1
fidel_castro_cuban,1
unpueblounidojamasseravencido,1
pueblounidojamásserávencido,1
women's_federation,1
women's_organization,1
terrorismodeestado,1
"american_dream""",1
say,1
society,1
mr_morfa_gonzalez,1
rescuing,1
iniciativa,1
lostrece,1
celia_haydée,1
27demarzo,1
huergo,1
cuban_scientist,1
sky_bowl,1
health_organization,1
humanitarian_aid,1
british_embassy,1
implementing,1
election_commission,1
cuban_crusaders,1
cuban_tourism,1
fidel_chávez,1
miracle,1
luis_posada,1
discussion,1
cuban_rhythm_party_revolutionaries,1
les,1
poet,1
sarios,1
comrades,1
ministries_industry,1
orieta_lambiro,1
persecution,1
marin,1
ps,1
africans,1
isi,1
elans,1
sé,1
gay_pride,1
carles,1
lone,1
park_rangers,1
cuban_athletics,1
party_usa,1
mr._bachelet,1
macrism,1
slovakia,1
oswaldoguayasamin,1
guayasamin,1
programming,1
miriam_elizalde,1
high,1
venezuelaluchaporlapaz,1
cori_bush,1
cowboy,1
roberto_rodríguez_fernández,1
minister_finance,1
ban_legislature,1
luis_farinas,1
ega,1
faithful_cuban,1
alejandro_gil_fernandez,1
customs_republic,1
copa_américa,1
securely,1
readinghelmsburton,1
culturecocatuman,1
broadcasts,1
efforts,1
guillois,1
rose,1
patriot_ana_betancourt,1
28marzo,1
27marzo,1
yellow_flower,1
guanabo,1
valdelahabana,1
cincoheroes,1
twitterseen,1
alfonso,1
managua,1
reaffirm,1
so,1
ted_cruz,1
greatest,1
amazons.,1
f-22s,1
disgraceful,1
atria,1
amazonasenllambras,1
carlos_vecchio,1
marty_tv,1
cyberscuba,1
cyberscondon,1
noalaleyhelmsbu,1
mfp,1
somoscujae,1
graham_greene,1
cambridge_analytica,1
guido_governor,1
juntossomosmásfuertes,1
fidel_castro_hugo_chavez,1
unlimited,1
is_sierra,1
noticiasfalsas,1
daniel_lara_faria,1
nicaragua_africa,1
ulo,1
gamespanamerican2019,1
following,1
nelson,1
maria_augusta,1
bejerano_gladis,1
fournier,1
andy,1
pedro_pineda,1
26mar,1
príncipecarlos,1
25mar,1
somosdestinoseguro,1
lixalvarez,1
jorgefélixalvarez,1
imperialismoyanki,1
eduardogaleano,1
andrade,1
cmonterooficial,1
bolshevik,1
venezuela_genocide,1
revolutioncuban,1
government_havana,1
arlen_lopez,1
there,1
climate_summit,1
cuba_doctors_program,1
channel_news_asia,1
marthi,1
godless,1
keirin,1
chinese_telecommunications_giant,1
axel,1
seven_o'clock,1
united_latin_america,1
bandit,1
henry_falcon,1
romans,1
guido_tiar,1
cuban_fidelcastro,1
pride_cuban_sport,1
landy_rodriguez_hernandez,1
martyrs,1
masters,1
andy_assel,1
unrelenting,1
lysandra,1
carlos_manuel_de_la,1
ramhs,1
ante,1
catholic_church,1
olive_green,1
daughters,1
cuban_sports,1
christianity,1
plaza_de_la_rev,1
patriagrande_cuba,1
amo,1
melba,1
rose_baptist_tyranny,1
pueblovenezolano,1
tennis,1
magdiel_alejandro,1
90s,1
golden_generation,1
us_cuban,1
idel_abel,1
sotomayor,1
calibanes,1
saint_clara,1
venga,1
boy,1
javier,1
universal_history,1
havana_cuban,1
traslahuella,1
imperialismoyanqui,1
popes,1
united_states_governments,1
swimmers26,1
works,1
american_press,1
ricardo_rosselló,1
rican,1
narcorous,1
cuban_radio,1
eduardo_arocena,1
catholic_priest,1
cuban_authorities,1
ban_catholic,1
catholic_churches,1
havana_jaimeortega,1
emeritus,1
billionaire_epstein,1
arlenis,1
zayas,1
ondon,1
expresses,1
mastrump,1
protector_presidents,1
authorities,1
evangelical,1
bible,1
church,1
unprecedented,1
nagasaki,1
mr._helms_burton,1
antonio_guterres,1
paul_tibbets,1
moncada_josé_martí,1
entumovil,1
dante,1
paulito,1
forum_islands_pacific,1
juan_guaido,1
arlen_lópez,1
lone_star,1
latin_america_cuba,1
cuban_men,1
marshall_plan,1
water_carnival,1
world_champion,1
bolivar_squares_country,1
calixto_garcía_iniguez,1
donald_t,1
isley_silva,1
sky_view_mall_hallway,1
isley,1
cuban_tv,1
gerry_connolly,1
shooting,1
discuss,1
juan_formel,1
international_salsa_festival,1
van_van,1
ruben_jesus_limardo,1
eternal_formula,1
rubén_jesús_limardo,1
juan_formel_van_van,1
republic_bolsonaro,1
adalberto_alvarez,1
maría_au_ar_delga,1
sword,1
mr_fidelcastro,1
medallero_lima2019,1
cuban_timba,1
aimee_hernandez,1
vis,1
mba,1
sto,1
tibbets,1
paul_warfield,1
harry_s._truman,1
federico_angelus,1
onmobil,1
amee_hernandez,1
gladys_téceda,1
maikel,1
yariulvis,1
rafael_chavez,1
adriana_rodriguez_willpower,1
josefidel,1
vanvanera,1
varez,1
curb,1
judo,1
cuban_wrestling,1
julio_cesar_cruz,1
maria_antonia,1
fidelcast,1
bridgetown,1
console1toque,1
family,1
president_bolsonaro,1
rien,1
democratic_debate,1
fidelpresent,1
elvismar_rodriguez,1
gladiators,1
fk,1
boxing_2019,1
luis_zayas,1
trumpdesbloquevenezuela,1
red_julimar,1
cris_luis_de_dangriga_belize,1
ezuela_council,1
lasaro_álvarez,1
guasipaty,1
numetrump,1
boxing,1
parkland,1
rafael_correa,1
garcia_iñiguez,1
carilda_oliver,1
defidel,1
mitch_mcconnell,1
venezu,1
fidel_fortune,1
nancy_morison,1
mariana_q,1
debauchery,1
panam_games2019,1
holguinero_patriot,1
pan_american_olympics,1
juan_fornell,1
van_van_van,1
martial,1
irates,1
president_eu,1
arab,1
circulates,1
yaime_pérez,1
nancy_morejón,1
robert_aguilar_reyes,1
artemisa_valdés,1
ingridmvi,1
idel_vivo,1
tattianac5,1
2015,1
anti-imperialist,1
batista_meyer_lansky,1
grandson,1
vergara,1
e_ofac,1
peruvian_valley,1
olympiad,1
narcorobe,1
cc,1
american_holidays,1
marquitin,1
framboyans,1
dr.,1
pan-american_games_2019,1
nando_ortiz,1
cosmonaut,1
soviet,1
alex_sophia,1
fernando,1
sergio,1
unforgettable,1
national_rifle,1
empire_prison,1
alist_government,1
mr._narcorubio,1
cuban_reform,1
atom,1
carlos_marx,1
oigan_macricon,1
ramon_lopez_peña,1
ujc_province_sancti_spíritus_graduation_2018,1
sosoza_garcía,1
kichner,1
idel_guide,1
cuban_sandino,1
central_pioneers'_palace,1
trade,1
fernando_ortiz,1
fidelcastro_cuban,1
santa_clara.,1
national_liberation_movement,1
las_lajas,1
mamadou_tangara,1
markel,1
ramón_lópez_peña,1
ve,1
cuban_network_higher_education_institutions,1
antonio_gades,1
cuban_tweeters,1
mr._user,1
holguin_hilmer,1
victor_fowler,1
monk,1
andean_revolutions,1
cueto,1
representatives,1
chihuahua,1
white_supremacist,1
central_america_united_states,1
ilhan_omar,1
birch,1
hugo_hanged,1
comrade_fidel_castro,1
justice,1
geronimo,1
te,1
chief_fidelcastro,1
mr._john_bolton,1
happymercoles,1
republic_of,1
columbine_high_school,1
raúl_garcía_barreiro,1
latin_american_stadium,1
yayabo_river,1
miss_speeches,1
louis_sergio,1
biotechnology,1
baptist_tyranny,1
ge,1
juliodevictories,1
compatriot,1
great_britain26,1
frank_country_hospital,1
mandela_fidel,1
love_fidel,1
martian_television,1
martian_radio_station,1
narcoroid,1
erinchief,1
elba,1
manevil,1
corubio,1
mifortalezahoy_fidelcastro,1
barbarrubio,1
moncadists,1
cuba_century,1
ucc_national_bureau,1
medical_science,1
joy_pride,1
narco,1
eastern_havan_ith,1
marwan,1
ty,1
anna,1
crown_jubilee,1
raul_fidel,1
revolution_one,1
juliodevict,1
taleza,1
pinareans,1
sandinista_brothers,1
celebrating,1
mi_habana,1
daniel4019,1
daniel_dhers,1
caribbean_cayman,1
asia,1
champion_champions,1
jorge_perugorría,1
sovereign_government,1
bana_metropolitan_park,1
cuban_poet,1
melchor,1
augustdefidel,1
toria,1
island_cuba,1
annyglover,1
alex_castro,1
vista,1
siempr,1
robert_f,1
torreblance,1
pedro_betancourt,1
maylin_ivan,1
cuba_municipality,1
ban_state,1
nam_summit_havana,1
pan-american_tri,1
dr._robert_fernandez,1
minister_brown_rodriguez,1
robert_fernández,1
golden,1
andrés_wood,1
betsy_devos,1
robert_fernandez_cuban,1
andean_revolutionaries,1
national_literary,1
reflections,1
fernandez_fernance,1
elam,1
fidel_architect,1
liberia_guinea,1
am,1
daria,1
fidelvivecuba,1
jean,1
cuban_institute,1
moncada_san_luis,1
fidelelvive,1
albert_cristina,1
humanity_defense_cube,1
trumpdesbloqueave,1
pablo_neruda,1
brea,1
trance,1
unicef_2019,1
sun,1
hispantv,1
rooster,1
cyclist,1
pan-american_summit_2019,1
sika,1
que,1
yésika,1
lisa,1
athens,1
peninsula,1
crimean,1
havelaneda,1
liuba_maria_hevia,1
de_san_miguel,1
crimean_peninsula,1
robert_fernandez_retamar,1
tumirad,1
dren's_day,1
juliodev,1
florida_united_states,1
cuban_solidarity,1
central_pioneer_palace,1
pioneer_camp,1
cuba_children's_day,1
new_york_new_jersey,1
hidalgo_parral,1
nicholas_estevanoz,1
5th_avenue,1
socialist_government,1
denis_moncada,1
araguan,1
alhaji_mahamudu,1
latin_american_school,1
suriname,1
casto_solano,1
fraternal,1
black,1
leonard,1
eric,1
the_golden_age,1
ussr,1
vladimir_nikolaevich_kazimirov,1
julydevictorias,1
marcanthon,1
alys,1
modest,1
diadels,1
n,1
fssn,1
triumph_nicaraguan_revolution,1
antonio_núñez,1
pinardelrí,1
pp,1
ampp,1
cubaavance,1
river_palms,1
alberto_cortez,1
perseidas,1
ran,1
tehran,1
alfredo_lópez,1
central_american_chemistry_olympiad,1
santi,1
mexico_united_states,1
warned,1
bertram_gross,1
lobby,1
united_kingdom,1
candy_platter,1
apostle_paul,1
sanctispiritus_seminary,1
allen_dulles,1
u.s._administration,1
treasury_department,1
central_havana_street,1
cuban_warners,1
gerardo_sab,1
arturo,1
folklore,1
imperial_eagle,1
oligarchy,1
uae_empire,1
marshal_antonio_josé_de_sugar,1
marshal,1
datys,1
sandinistas,1
beveridge,1
totalitarianism,1
twitte,1
alia_senra,1
international_congress_neuroscience,1
cubanology,1
pablo_lafargue,1
carlos_ma,1
thesis,1
master,1
recognizes,1
rez_carrazana,1
bey,1
jorge_chacón,1
donald_kim,1
jose_ramon_balaguer_cabrera,1
empress_seas,1
ibero-american_olympics,1
havana_biennial,1
colombian_chancellor,1
carlos_holmes,1
itus,1
armas,1
mexican_border,1
jose_ramón_balaguer,1
brazilian_federal_public_ministry,1
arturoaroni,1
education_reform,1
snowden,1
chrisszzie1,1
president_government,1
cuban_label,1
yank,1
augusto,1
president_nation,1
manuel_domingo,1
cubacubaafricagambia,1
cuba_contra-maestre_municipality,1
gladys_bejerano,1
mr_trump,1
tiar_venezuela,1
qaeda,1
moors,1
medical,1
cuban_island,1
mediterranean,1
alliance_mafia_u.s.,1
peter_pan,1
boathouse,1
osama_bin_laden,1
trujilanas,1
argentine_government,1
cubainfor,1
lula_libre,1
engineering_architecture,1
's_republic_cuba,1
chiquito,1
butchers,1
sinleygarrote,1
western_press,1
josé_manuel_ortiz,1
lanzam,1
velodrome_te_capriles_national_institute,1
aranzazu,1
tweeter_revolution,1
venezuelan_opposition,1
cuba_homeland,1
ema,1
infertile,1
mario_briceño_iragorry,1
arturo_santana,1
lydia,1
chavista_venezuela,1
ministry_communications,1
transforming,1
ernestogvar,1
mexican_independence_day,1
charlotte,1
u.s.g,1
oliver_stones,1
castro_cuba,1
camagüey_ranchers,1
deceased,1
santi_spiritus,1
awei_zte,1
donald_dera,1
edouard_rodriguez,1
cuban_migrants,1
adianez,1
cuban_martian,1
bolivian_republic,1
fidel_mandela,1
ida,1
uae_administration,1
juanalmeide,1
international_economic_forum,1
cuban_cultural_goods,1
17th_congress,1
fabre,1
jesus_christ,1
mario_muñoz_monroy,1
údez,1
americaunidajamasseravencida,1
anthony_maceo,1
minister_energy,1
noticiero,1
world_literacy_day,1
30marzo,1
mayabeque_river_pine,1
land,1
valvanera_tragedy,1
trapper's_witch,1
lava,1
1abril,1
commemorate,1
fidel_castro_hochiminh,1
31marzo,1
desdelaweb,1
demi,1
institute_neurology,1
cuban_brothers,1
computer_science_engineering_programme,1
defence,1
guaçu,1
jaime_paz,1
embu,1
oligarchs,1
eduard,1
vador,1
encina,1
young_computer_club,1
canel_machado,1
novo_banco,1
pravongviengkham,1
fernadez,1
mario_muñoz,1
independence_fighter,1
amalia_simoni,1
alejandro_gil,1
randy,1
clear,1
situation,1
tucumán,1
neljulger,1
cuban_army,1
cubainformation,1
phouangparisack,1
undefeated,1
bismarck_martinez_sanchez,1
women's_world_cup,1
north_american_caribbean,1
vladimir_puti,1
activate,1
berthold_brecht,1
ucs,1
cardenas,1
sanchez,1
echever_del_mcpio,1
o_disney,1
ese,1
la_lupe,1
apple,1
children's_prize,1
cuban_health_system_2019,1
obama_trump,1
tuesday,1
medi,1
defense_council,1
kathy_beaver_barbara_lee,1
bismarck,1
call_duty,1
minutes,1
purity,1
president_fidel_castro,1
ministry_interior_cuba,1
lebanese,1
enlaunionestalafuerza,1
anthony_scaramucci,1
muro,1
1981,1
ivanka_trump,1
western_provinces,1
sonic_attacks,1
cuban_high_school,1
manuel_sunday,1
adalberto,1
santa_clara_central_university,1
maria_zakharova,1
huguenot,1
general_russia,1
anca,1
fidel_josemartí,1
honduran_elections,1
librarian,1
cuban_librarian,1
years,1
imperial_politics,1
secretary_state_united_states,1
gerard_anthony,1
rera,1
josé_ramón,1
eagle_hunt,1
central_havana,1
calvey,1
freddy_brito,1
cyren_mayen,1
pan-african_forum,1
robert_morales_ojeda,1
mexican_navy,1
senator_graham_scott,1
fernando_alicia_alonso,1
luanda_biennial,1
robert_face,1
edes,1
cederist,1
rebellious,1
ramaphosa,1
jose_ramon_pelier_cordova,1
cuban_nation,1
alma_llanera,1
raphael,1
usg,1
marti_radio_tv,1
senate_judiciary,1
senator_lindsey,1
ministry_education_coordination,1
uro,1
nicolás,1
rez,1
ge_raul_castro,1
eto,1
jorge_luis,1
eliminates,1
mr_o'shaughnessy,1
uae_venezuela,1
eastern_provinces,1
latin_american_caribbean_parliament,1
havana_almond,1
foreign_ministry,1
granma_holguin,1
happinesscuba,1
new,1
orleans,1
apostle_josemarti,1
virginia_beach,1
singapore,1
almaguer,1
mature,1
pilgrim_falcon,1
cuban_foreign,1
fidel_ho_chi_minh,1
claevzla,1
idel_raul,1
heroes_republic_cuba,1
sergia_hernandez,1
jose_ramón_pelier_cordova,1
bombshell,1
baptist_annexionist,1
cuban_international_tobacco_company,1
latin_american_revolutionary,1
santa_clara_mariana_grajales_university,1
raul_roa,1
miguel_hidalgo,1
public_health_award,1
70th_anniversary,1
marcos_carmona,1
lotlan,1
luis_antonio,1
elisa_aznar_garcía,1
venezuelan_sovereignty,1
german_berlin,1
alzheimer,1
cuban_commander,1
ftus,1
dr._davalos,1
united_africa,1
mauritanian,1
u.s._treasury_department,1
juan_carlos,1
far-right,1
cristina_square,1
border_patrol,1
1809,1
asere,1
fidelpo,1
zheimer's_centre,1
u.s._empire,1
caiman,1
hector_luis,1
ccpc,1
lula_free,1
heritage,1
chancellor_venezuela,1
havana_city,1
mariel_area,1
twenty-first_century_century,1
bocon,1
recorded,1
marti160patria,1
frankcubarp,1
balthunas,1
gerónimo_prado,1
expulsion,1
lee_jong,1
italians,1
helms_burton_act_slavery_act,1
conscious,1
21st_century_revolutions,1
cuban_us,1
latin_american_caribbean_student,1
meyer_lansky,1
delegation,1
richard_alarcon,1
recub,1
emilio_caprera,1
castro_chavez,1
ban_boxing,1
magna_carta_republic,1
guirademelena_province,1
wei,1
nazism,1
west_virginia,1
iss,1
neo-nazis,1
sergio_luis_peña_martinez,1
national_design_award,1
adolfo,1
republics,1
universities,1
sandy_beach,1
heberferon,1
united_nations_convention_rights,1
city_moa,1
brazilian_commission,1
blindleavil,1
lava_jato,1
fito_paez,1
vzlano,1
ban_society,1
remain,1
cuban_international_children's_day,1
antonio,1
teguicigalpa,1
ry_argentine,1
freedom_movement,1
downtown_virginia_beach,1
united_states_country_world,1
nicolás_maduro,1
national_award,1
alan_gross,1
label,1
atlantic_hurricane,1
guaidonarcoterroris,1
karen_bri,1
handsfueradevenezuelatrump,1
juan_guaidonarcoterroris,1
bolton_venezuela,1
constitutional_council_algeria,1
raul_rafael,1
alexis_mara,1
feng,1
waldomendoz,1
un,1
marcos,1
pinares,1
antonio_sánchez_díaz,1
human_rights_commission,1
cuban_sunday,1
yates_place,1
dictator,1
livarian_government,1
jaime_bayly,1
white_walkers,1
chronicler,1
carlos_puebla,1
zte,1
south_american_athletics,1
antihus_alexander_hernandez,1
susely_morfa_gonzalez,1
tobacco,1
chinese_grand_prix,1
idalis_ortiz,1
denver,1
russian_ambassador,1
west_virginia_usa,1
cuban_revolution_resistance,1
cuban_provincial,1
dream,1
eddy,1
cuban_patriot,1
wars,1
ban_customs,1
baptist_chieftains,1
el_vedado,1
mexi,1
mexicans,1
yudí_rodríguez,1
cuban_warriors,1
echnology,1
lydia_twelve_sanchez,1
antonio_del,1
jose_felix_ribas,1
homeland_international,1
havana_university,1
juanguillermo_jg,1
cubaislab,1
military_academy,1
baton,1
cañizares,1
venezuelans_united,1
cederists,1
saviour,1
independence_day,1
national_television,1
android,1
northern_coast,1
liá,1
venezuela_italy,1
central_avenue,1
bian,1
secretary,1
american_justice,1
melia,1
cuate,1
real_madrid,1
emilio,1
sevilla,1
jose_antonio_reyes,1
emer,1
falcons_empire,1
adianez_taboada,1
national_television_award,1
wood,1
maria_de_los_ángeles,1
parapan_american,1
pineapple_mine,1
freedom_park,1
westernmost_municipality,1
ba_freedom_park,1
o_sandino,1
martinas,1
indre,1
women's_platoon,1
human_essence_revolution,1
rio_bravo,1
edward_galean,1
cyclone_dorian,1
government_health_ministry,1
emanuel,1
juan_fernández,1
roxana_barreras,1
president_iran_rohani,1
published,1
sting,1
the_naked_truth,1
westernmost_province_cuba,1
convention,1
14th,1
big_cube,1
ista,1
thursday,1
oscar_mnez_ramirez,1
governor_general,1
cryptology,1
santanymartinez,1
westernmost_province,1
university_computer,1
macron,1
exemplifies,1
luis_toledo_sande,1
billionaire,1
epstein,1
lahabana_convention_palace,1
pinardelrio_province,1
understand,1
southern_tip,1
guanes,1
havana_east,1
bay,1
trumpverguenzamu,1
beautiful,1
grass,1
antonio_muñoz,1
nazcansinbloq,1
scambray_giant,1
jorge_rodriguez,1
miguel_díaz_reynoso,1
cuban_boyer,1
pine_river_province,1
slanderers_well,1
defends,1
ana_silvia_rodríguez,1
ian_military_university,1
cuban_presidential_election,1
republic_vietnam,1
cotorro_municipality,1
cuban_radio_television,1
communications,1
national_security,1
american_brothers,1
meliá_international_hotels,1
cuban_informatics,1
maris,1
ura,1
occupy,1
labour,1
juan_fernandez,1
cuban_convention,1
irel,1
governancecuba,1
union_cuban,1
bahamian,1
naila_santi,1
defiance,1
pinnacle_defiance,1
kingdom_freedom,1
morgan_freeman,1
fernando_amorebieta,1
foreign_affairs_committee,1
wilson_ramos,1
venezuelans_big_leagues,1
autonomous_university,1
honduran_dictatorship,1
chilean_war,1
sebin,1
dr._enmanuel_vigil,1
proxcor,1
niches,1
inez,1
macurije,1
the_leaks,1
favio_di_celmo,1
united_states_house_representatives,1
2020_presidential_election,1
guidog,1
including,1
republic_tuva,1
dets,1
f,1
betsy_díaz_velaz,1
sanchez-hill_family,1
presidents_united_states_america,1
guerrilla_fighter,1
gladet,1
emanuel_vigil,1
star_channel_national_tv,1
meliá_hotels_international,1
donald_suit,1
puerto_rican,1
pueblocubano,1
enlauniónestálafuerza,1
grillos,1
niurka_rodriguez_hernandez,1
tariff,1
board,1
wall_street,1
us_imperialism,1
karina_garcía_sierra,1
amilkar_sanz,1
g20,1
department,1
xenophobia,1
krasnoyarsk,1
yenisei_river_russia,1
angels,1
rafael_molina_rodríguez,1
ishikawa,1
renny_alejandro_beltran_davila,1
bolton_claver,1
pinardelrian_government,1
culminated,1
danny_leandro_gonzalez,1
synagogues,1
municipality,1
lapalma_pinardelrío,1
sandino_western_municipality,1
radio_revolution,1
kc,1
simónbolivar,1
cubans_revolution,1
alabama,1
rene,1
professional,1
sixto_ruiz_remo,1
.,1
joe,1
faith_revolution,1
van_cubano,1
raul_al,1
guaracha,1
copelia,1
gar,1
adelante,1
marti_mella_joséantonio_cheguevara,1
21mar,1
eastern_havana_boyeros,1
raul_castro_miguel_díaz,1
franciscan_miranda,1
nntv,1
venezuelaespoesía,1
cuban_communist_party,1
22demarzo,1
ninth_congress,1
pinar_del_río_province,1
cdte_fidelcastro,1
mabel,1
elevodanielam,1
elián,1
petro_sanchez,1
lomasbellodemipais,1
iberian,1
josephine,1
arsenal,1
covadonga,1
granma_haiti,1
theater_washington_d.c,1
brunorguezp,1
josé_manzaneda,1
notebooks,1
sandunguera,1
people's_committee,1
chairman,1
ol,1
nguyen_thanh_phong,1
muhammad,1
cancer_control_program,1
ita,1
sandinistan,1
julio_borges,1
el_ferro_municipality,1
tel,1
pinardelrian_guane,1
ardelry,1
micuba,1
donald_guaidó,1
ban_council,1
cubaneduca,1
üey,1
latvian,1
faced,1
commonwealth_bahamas,1
centennial_generation_march,1
cia_says,1
havana_faculty,1
allan_dulles,1
"the_art_intelligence""",1
elier_ramírez_cedeño,1
ulysses_rosales,1
manuel_gregorio_gonzález,1
southern_cordoba,1
farmers,1
sandinists,1
atena,1
school,1
mercoles,1
hill_hospital,1
u.s._house,1
elián_gonzález,1
african_diplomatic,1
women's_battalion,1
jorge_luis_tapia_fonseca,1
aleida,1
right-wingers,1
enewyorktimes,1
central_american_brothers,1
ron_paul,1
cuban_economists,1
lucia,1
xu_gao,1
carpano,1
national_forum,1
anarchist,1
provincial_court,1
paulo,1
umbi,1
500th_havana,1
venezuelanation,1
maceo_che,1
revolutionary_america,1
eutelia,1
firefighter,1
ilyushin,1
lionel_rugama,1
musicians,1
karachi,1
venezuelapaizyob,1
cuba_revolutionaries,1
nicaragua40the,1
saint_lucia,1
cuban_joint_council,1
antonyomaceo,1
venezuelarespect,1
cuppelia,1
youngclubcuba,1
master's_degree,1
european_union_relations,1
mexicans_day_independence,1
calixtus,1
ipelago,1
russian-cuban,1
cundinamarca,1
miguel_mario_díaz,1
manifest_destiny,1
psdte,1
tric,1
iranians,1
the_empire,1
collective_center,1
albertstudios,1
proud,1
descemer,1
sula,1
san_pedro,1
miamians,1
gentlemen,1
differences,1
ernesto_villegas,1
antoniomaceus_cheguevara,1
jack_ryan,1
galapagos_islands,1
office,1
doonbeg,1
marti_bolivar,1
golf_course,1
grandmothers_plaza_de_mayo,1
post,1
president_suscuba,1
that's_cube,1
nadine_girault,1
city_seattle,1
galenes,1
cuban_medical,1
cuba_socialist_state,1
ept_brazil,1
health_mission_collective,1
rafael_trejo_gonzalez,1
bolivarian_revolution_govern,1
livarian_republic,1
cuban_health,1
mmedina,1
glez,1
kassim_majaliwa,1
dorian,1
assel_herrera,1
socialist_state,1
naval,1
sergio_moro,1
cuba_kenya,1
portal_intercept,1
canadian_government,1
leninists,1
marxists,1
fernando_martínez,1
fascist_imperialists,1
siem,1
cigarette,1
aborigines,1
livarian_revolution,1
germans,1
states_venezuela,1
alonso,1
orishas,1
darius,1
giselle,1
dr._gutterres,1
cuban_venice,1
anthony_saccharmucci,1
city_bridges,1
athens_cuba,1
supreme_court_justice_united_states_ruled,1
bernie_sanders,1
israelis,1
maurice_macri,1
troubadour,1
white_house_communications,1
diego,1
revolution_socialist,1
puerto_rican_colonial,1
administrative,1
lord_david_triesman,1
rothschildsburton,1
consciousness,1
uhru_kenyatta_abdullahi_muhammad,1
vilma_simpre,1
financed,1
brittany,1
lords_mansion_house,1
disappointed,1
separation,1
teleworld,1
progressives,1
holguin_city,1
foreign_power,1
ezuela_united,1
capital_province,1
interrevolutionaries,1
guaidrón,1
qi,1
official_gazette,1
nayirah,1
yurbe,1
1782,1
bartolina_sisa,1
quintana,1
crest,1
bahamian_brothers,1
ñera,1
concentration,1
raude,1
zimbabwean,1
wean,1
in-chief,1
robert_mugabe,1
pinardelli,1
rico,1
patriagrande_brazil_squid,1
yemaya,1
beatriz_guzman,1
uprising,1
terrorist_organizations,1
cuban_rebels,1
israeli_government,1
ximogomez,1
maximogomez,1
revolutionary_police,1
miami_mafia,1
ruth_helmsburton,1
toad,1
electric_chair,1
melia_hotels_international,1
lawgarrote,1
cubanvshelmsburton,1
iz,1
weilerian,1
white_house_state,1
pirates,1
informatics2020,1
carlos_tablada,1
social_sciences,1
luis_eduardo,1
united_nations_high_commissioner,1
dr._nilla_heredia,1
michelle_bachelet,1
czechoslovakia,1
nazis,1
camilo_sesto,1
dominican_government,1
penton_yoanifraude,1
twitterospatriotas,1
silvia,1
nsa,1
island_arecuba,1
stations,1
yankee_naval,1
patriagrande_gu_naval_base,1
ariagna_glez,1
cuban_telecommunications,1
che_cuban,1
dier,1
willingness,1
santigodecuba,1
catholic,1
fires,1
semen,1
donald_who,1
computer,1
nbc,1
punta_cana,1
christmas_carol,1
george_glass,1
innacle,1
persian_gulf,1
cuban_uae,1
entrance,1
maria_gonzalez,1
collective,1
raul_palmero,1
savior,1
workers,1
nuclear,1
juan_gu,1
united_states_police,1
anonymous,1
islands,1
pagos,1
galapagos,1
national_library,1
washi,1
tania_velazquez,1
digital_revolution,1
arle_villarpanda,1
atollah_khamenei,1
af57b266da8885544fcc3c4f752d05604a7500be7e,1
be9714bdb5b13cfbda28b7b2533d9a8879c6b073f4,1
terremotoenperú,1
d74c3cda4b1d7d9f262eb3d5179c0d475023e67d94,1
916fa7f93e4d8134d9e05b58a6b89869414e7a2855,1
followme,1
regalo,1
tienesqueverteeso,1
dateunstop,1
26m,1
guirademelena,1
singapur,1
revolucioninclusiva,1
inta,1
liberación,1
rights,1
suis,1
380582abbe56d3f4d3b27da5bb63509f8a2545fb66,1
6c9906875c8a79dce49e41af31dd221882261ce106,1
saturdaymotivation,1
diainternacionaldelainfanciate,1
59ac840130f21cd1e97dddefc6b9be9e4c82a57a74,1
0880173627b5e5bab3912a4208d96adde540fdc2c0,1
69f33fa0a6971314d0081ad0dd509c8fca05bf36b5,1
65da5394cd02b89c58c14d526ca3eea8474a87894e,1
719b84f5b9c93df54bd29c8a83466c0250317122fe,1
004e90a1be4ac120c03bcbd1a16c70a55d8bd8b640,1
7bf5f873c817ed82528d7cbab2c95d5e2ff89c198e,1
9b45680c8efa6c030d50b9d7f71ec9d0ce2f09010f,1
4a9cadec9355e0c9a48ad935dc05f0ed0fc0c663ba,1
b09436b24ffdc55999a5932ad0de5586dbd21c6646,1
feriasdelcamposoberano,1
14ddc3eeaf0ff62705b7e57529ccc28aff92cbed75,1
2132f2e8732eca8efb9e9b1b36f0571273931745ac,1
5024d36565e1348c321de0674ef33b676ef2502576,1
3f48e6603446a7501965d0c4278fdc886981b7b2e3,1
11f7e9042911881c2424c8de9cbfdff3a305706b3c,1
b4c0e6d4d2c4c7ee6c12cc0cdc4c8b4e83d9ef53cf,1
c7ec45b425c971697a54a8aefab639fc50c05d2ec6,1
13f5ecdf36f9d6aa58b1d41a19261667d842374b51,1
2fa33398086a31df54cbf19ff454962bb5af47032e,1
bloqueoacuba,1
terremoto,1
dimingodemapeo,1
91c5801bcd4255351ac99bd84b171b9bf507a91286,1
8adc3d89a88f1ac57c272c3fea966f7835285b5427,1
ef78704e33e41287df12264c7868c7af0ebb1af148,1
01b180cb0b5c9992603526eb0b94287f3044fff33f,1
50b4c1437425a5e576e8e29fc446c53ecf6f93755d,1
419b5ed57ec814cb4d818b241cc1b10d7caf179aa5,1
c35f22afff3d2d98b38bab90991d6542b19b61a83d,1
f3c34408046947f61af5a08b01d7561e8fba7e4352,1
129c74e7a76dca05f529149ad33aacd060867c8b82,1
0fa06213bbc2d8c78a12c250071cc9c8d304bb6951,1
6565e915a39bffe3e845fbec66327cae0ef1bde551,1
8c95eae4869bde89cf25c21be5c62cab2c22b29267,1
6b2194352cf94c87ff6d7df8e0868c1d4997775b77,1
033728d9660b4a832829b1e69e7ce154ccc01bea53,1
7be2bb8df6de298bdce24c828f41dc16867a9d1420,1
2963a194a1c26f9daf0cf2cdcfd5bd04934efcb0af,1
378cde1649630024e89aee2c6362a6c227802e7cc8,1
87e290e13522f056c47c05650243443c099f250d43,1
895c18c4ba46c4d764dd93f618ffd8869f118426e0,1
8dfb531678fa228650a3c784e81b948ebe5fc2b3d8,1
a252c18c64d80ec700ec88f8b1574ea8e09bcb7c12,1
da81526120b238469903bac0a4951ab2d78afdef13,1
48899e90253c63ac4fc524fc11bb63f2420c8675f0,1
46d9a800868e87bde6eecc7248b84d729ab2050ba8,1
74b5f22596c8afab191361d2e8a54770ac04ebfb2f,1
42e9a2912edd4fa74410ba16418ad569c2e196354c,1
c680b2e86f3e834dba44c31fde84b2866d1441f126,1
d8ef09ef8a4e85e768ff0dd221a4aee31f62650a0d,1
5a9976885f85ef2a1b2c1a73dc1adc08768d02ef36,1
9f1e2176e540be7c89f6505b8cbf0e1dbce628e5a6,1
19463cab86aa008cf81bce5317ffb98c140ae3dac9,1
bec5c323dd5761810d720deba682810d28e4110004,1
8b4486e92ebf2ac81c146de27aa5d20e84b2a88f89,1
b27843dd6e684044591e1f352272eebca7070e7230,1
53be1c3f152ec943f6ad6daaf77e79a3656a0cb4da,1
a01f21ce12b823bd8ff0d096e7947b9cf31fbc58e6,1
5ff5737756942fb228ff709cc5205c9f8d9bb1004b,1
subansalariosdemercenariossi,1
dialogopazydemocracia,1
bajenlospreciosdelinternet,1
inclusionsocialparatodos,1
turquía,1
dondehay,1
cubaseinformatiza,1
díadelaniñezec,1
4dejunio,1
25añosconcuba,1
países,1
estado,1
2june,1
manosfueradevenezuelatrump,1
ac57591f5c396351ea1ca63c48fe30088c69bea574,1
8d90fdcfd2b22df6d511280a57f56aee64fa6ecd80,1
5140aa37baf0a6a90eab14e87f995aafaae5f3338f,1
5f285d212ae50fdc6243029b56ea488c3ab08cb846,1
86b3373e2d58740ad89e92a3df0b40ddc7a1b3e1b0,1
b10a90c0bc340caf9712ed73a1e8ae45314b2620d2,1
41670c9340d5966e4dd7ab790deaeb207d5569b194,1
f63f4787dd24a1dda0edf51965ef625ac926bf2877,1
fbbb81e107b22a056b181a41f440d77f0dc69a0aba,1
f0b06e2fea31a1265196d5970dff08de7d5d7f0133,1
752c58b18e47bf961903d12f8d048bcb0b30d4319b,1
26demayo,1
convenio,1
6baab2fac05380fa73ffbb99121abf28594f0c11f9,1
e2d7dd8c3727ddaf392e290fba0c0071ba7fd19e72,1
642febcce946be7864bc6e06e8977de7295bebfdd9,1
2503024fdf1821077ac580fce2d608899d16d2549e,1
e4c9531487fc8223df4bc85dbeee0c3c4791ffd0a1,1
objetosocial,1
accidentes,1
todoguantánamoesnuestro,1
baracoa,1
deportes,1
convenciónsobrelosderechosdelniño,1
etiopía,1
mexicanos,1
internacional,1
f9c0d383d46c7ec59751edc234d8d4cccb30e9ed4b,1
médico,1
29f135e9807cc41c9c17cbee2852d330a6fcdee213,1
95f6ada7e7e1d1fbfe1d5724d0f58c7d1d9bc869c7,1
2cdcd5e0d8d8fc8714a0e158b7e6f649f8a2d39c52,1
f812362862bb4540dd6a7552db2f5e7e6b13059648,1
a7102fe92e93c85aedd7a92472e9ff147cdc1923ee,1
3a087bb7444d5bb6f53247efc897c6213009a35acf,1
banderas,1
grun,1
229d0d4ee7177af2b13180b1f58f80ad4c2303d586,1
fc8b86b891511df913be9138376d56e2afd8ca3b58,1
1637da5c39ad9a73700e72b3ba09edaf91d0c0c0c3,1
unidadlatinoamérica,1
aiba,1
coi,1
23may,1
venezuelatrabajoyproducción,1
rba,1
sudåfrica,1
latinoamericaunida,1
6f76e8ff6f79145679b2223a2b8d04c0bc5135c29e,1
paracadaniño,1
7c0378ea55efba2399466040cf533b47cac5ea8bbf,1
8a5c99e4c61a6514a8fcb0136aea16ce613ca8e89a,1
833cfe76513f9ca93d424de416dd2aa5eb077e17ea,1
7e4c0794bba376668c1a1f488a9166eb8aea30155d,1
a2dfd49317a70008a5c967349dd0b260e96432826e,1
e1b7544243414fd736c5292c1cf5ecc02d04f8434e,1
92e407a75c81dd70b6c3eb0645c859b193821410a7,1
5b70369180e6cc04ab19673be8fab8302d95646db6,1
1338cc763648427ddbae11f26239fe35d0ba66476b,1
850039ce79eac61c2c29ee0b312687a4f5e16a0a63,1
62a522630ae553bb02627fe3fee7574a8724a573c7,1
4477db71bc4727e726ab18a9edfd95a1df48f28460,1
10dd4b6e8e1d1450f15abc941faf7ff05a6fc007be,1
2213007585e04b4e26b0aa8632aa2746b571114960,1
5e4b8d5b8f296b3ecd0f23b36d162016b77524e949,1
7ec5fb675f4ad5411462a022272a7cfeb735bb78bc,1
02ea4058ed789cc94bde01324801561d3327e6afa6,1
0931e84003dc03fc5eea4e4980867c6de08b91388c,1
0fded946361b6b99b1588a4c987cf9bd7205163c83,1
2723f260fe13e2d5c52a14f12db37c0843ecccfa90,1
721bfeffe3fd2cd585a68c2c5c26e46085d60ec42b,1
82d485d5ec9be8eb0ec3ae05506c7c57867e9f6d03,1
78e217c8c07204d1ed2c8009bdd58ca9a05441e1f3,1
2d4d7d97def163795576f494e4075232d77156b608,1
solocorazon,1
ginecobstétrico,1
6c66b86bb0151ff04065c86500096e9cc6154dd6aa,1
250472b14bf40ea41bb823e62a993194d54ef103e2,1
6d79fe0145a6b6682ecfaca2eae44e5a96f6b37383,1
e7fa69e865bbe7299075bb1987e939839d6243cfd5,1
f1f9304ccc16008fffa0987d64df261bc974df3de2,1
52daa976c3042e6441aba77d4d04aa5724f7e104ec,1
e982180c8ca5860b1fb6dca133f057711501f9e020,1
f30553fbeb0eaeb6c368b59234c0dc7e0e4a56c968,1
169d2e0c627afe6aec16f21be1087aa11d674ddf4c,1
8ee36b77f5dd87dd73a4055fa63e78e9fd79ae48db,1
ff76c577d917ac6f04ad21d548cc148857ac222388,1
fd23dc06a0c399e922cd211bee5f2d95b3aa8b0806,1
a1e9fc37ee1368d2e7972b7081ed0389d68301c986,1
9245eebd7f334b9e8225f23fba49d349a1b7ffdd0a,1
7d71d10dcde8e93eef64baaaba13c70ec5d4f650e0,1
936551e6cd3581bb2447efac963a5bef9bbb08cbca,1
e76471af80eaffeed5bf19e77f9e8e694a6be360e6,1
10454c13e30c64eb8613b2a06680ade0967361fab5,1
317c3d56b0ca9fdf7715c5f7c62749d53a6be4a1f8,1
9a5cae3fa77d349e23a47d58a1ab9ce0eed12ad50a,1
37538b0786903556819a0d4281bf337ae5e53f7638,1
3a1733aceec47fb45e0411d1a862e3eb53a8582a00,1
9e8fef55024ff03c9bd9c006f1ad8986549aa8710c,1
c65db652723a82cdaad062d080de500dcc65b1d9cf,1
8fec71dde83707a2cb512921efb5a67dfcbc3ac8f6,1
9dcf9b0673a5282a95a1cac8490a18ce010db12b4b,1
e63f9c5a4cddcfeb94a46a30a3b69a769218b08158,1
936adcea8d5c1a209d3c5b7cf014adb9753a89feca,1
especialmippci,1
imperio,1
srtrump,1
egipto,1
88bbc2654788a9d8b5aedec40502da648f63091e0c,1
e693a0fcb381cb595b1c546acf4b1e11dc071dbcd3,1
anuncia,1
directo,1
aed9417f1b0f9b40ff653dce3ba5c23cea16ad8428,1
teatrosauto,1
diadeafrica2019,1
problemas,1
myfirsttweet,1
18demayode2018,1
mailéndíazalmaguer,1
protecciónsocialparaelpueblo,1
gasolina,1
yyomepregunto,1
graciasportodofidel,1
guevarista,1
martiano,1
136c79fb7affdb012416ef065fc14bb5508dec381d,1
6e86577ffb0cc6c8b702936564718a1c74a981d4e4,1
030e1ceb258730e2c5b1e896585e79febd29e910a2,1
58aniversariodelminint,1
e826f8cb59a60691375042d6e5d3ca8a46b63023cb,1
bf3d75f4cefaa674b0a96248358968571c2600e0d6,1
f4d38f3dafec7a14e161618a7edff75fe75d9259d3,1
3925492fb0ce0d015bc24f7f3f1b856c8a1aa405cb,1
36be1a34b799cc509cb90bef346cea1dbb4e67882d,1
7d7b0faf1e3442fc4abaf1f00906d83f126b178c83,1
3b7eca77854c1f49719b7dcba72e30157914a5dd80,1
blog,1
lapatriagrande,1
chavismounidoparasiempre,1
chicos,1
viviendadignaatuiterosact,1
comunidaddigitalsandinista,1
84e8c6be7c36028f5300e9591f696077fd315645ab,1
sol,1
cb4df02b52c06e1f41291954ec5f5603617bb41aac,1
25mayo,1
realymaravilloso,1
somosdecuba,1
lasa2019,1
arthis,1
micons,1
sisepudo,1
muchosol,1
b9221869885b1bea1ba49eff7d8963a79b8f8db6c3,1
50b969de20ad46ecb910619011cff79388325af173,1
19555d8966577d82a644e3e4e22c1d28c2665c894d,1
79582e9bddcd43641c0d02c185b7e43c8fc70633e2,1
28b6269ce08223075efa6ae60e3643c4986be7333d,1
c89fe583205d4250dca64faf8dc24538898b4be333,1
47114365af4989e4e1175d45a81e2f7c0ab42e74df,1
felizdiadelapatria,1
prefeririaquetú,1
atencionintegralalpueblo,1
vamos,1
10junio,1
cincohéroes,1
39c70b14dc10906c924ab100126c54af492d239117,1
50426b8f5dc313cfeec36e899625ec5746307ccf20,1
británicos,1
cubacooperave,1
confmtl,1
d6ffd4cdbb498927defd715d605be37242893ef4bc,1
0bc56958df894f6420bc971d020773b7dc97f62980,1
d6bfd4eabdb7d8e1b489318efbd8861e48b3289efe,1
adb14badfffc33e514dce627b0ed98d58409b45493,1
35420d3ed90abf5c7c300b3b37c6fa9d1c1f15e2da,1
87260faeb7ed27dc3b954426d1895e2c4e3a398a80,1
8111db0cdb7b8d2de96bafb8d60aab9b7d002b3366,1
cd32e4ea58a40093d1f9a8a7997cb94539feca2349,1
552349732e7a7705c1c15b7b85e2d7015f734f1e88,1
b2ee34a3ac3c97880693c1349228eeb1b74d114c09,1
a9badec726755a2768c34444effca54bad66f4ce37,1
americanlatina,1
elmayor,1
venezela,1
11nocongresoujc_uci,1
d3aed7ffbadba16a6145f1421cd3648da338db9e48,1
7c22043c49be6dc354c4f44bd2c056941fbcdc2ed3,1
5c2eecae77f091d74346cec9c4e9e983302c54d593,1
4db840b7dde7e889f8d49d589eb5c7745e3e967c88,1
0eb5d275a16e1a34b6d752aed9709e418fc4b4195d,1
bibliotecario,1
869d8620e8ca43ededeb7e740720b0fc979eef6f76,1
seminariojuvenilestudiosmartianos,1
uniónylealtad,1
meduelesmasq,1
06jun,1
empress,1
binomiodecisivochinarusia,1
cruceros,1
bismarckheroedelamor,1
7jun,1
lomasgrande,1
estarensumate,1
tranquilidad,1
tosdosjuntospornuestrapatria,1
somosguerrerosyluchadores,1
ministeriodelinterior,1
230251dd216954ac7156451851e22d4d5fcf67a828,1
00798102f8d7a28a795ad78c7d5824de2cb4b1a74d,1
752379875e778eb55ae96ba21bc31b8fbf894df566,1
2603dc5ee174f4239379cc6f972f39a7b878093368,1
957cc56200e175038d81b1be095cb0763fa4645b55,1
829d65dcc67023ec015d7639ff852cb2de0a538448,1
42b69d7d1a2680fa990a9146acad686b1373f2db56,1
c643dcdc37a968d0a14923036beabf6ec920539845,1
b96b1d2066f249f209fc862ad35f29ce13fb397b07,1
8a97bb866deebcd11628f8b536f2070aa9511d6257,1
7d84f4ac09aaccb33c4f7fa8aa87dbd4779a1942da,1
1b0936d5ebb542073bbd417890b9e758d627d646ca,1
fb5ab1b9a58bbb2b3992bc61cfd9a06c4d5ef00682,1
0a62f9ad68120ec1e71089e0ea7d50ea168edf430e,1
39a22659596f9f00074ea714092ab3f8b43ea40b06,1
258caf13d82c19d951f571229ea2a94f30eda72ae3,1
2c7e01f088405164cff38e6dd4a0edb77870b9fcdc,1
pañoletaroja,1
fridaymotivation,1
b78f881efe631e31501877b28552a4f2f47527363f,1
4b4cc300872ab7ac239be784abb5b76e93e41ff16a,1
b0d0a0c485a687af63f95f29c1ddf5a29f9f27b84f,1
felizfinde,1
2cca6d09cacd5989c69d08c78cc41dc0fb3c9f9cb8,1
7a947fdf0ccd4952fbbb9fe82f485183dd0e068b49,1
47041a23b49ed11a12155b634daa094d4cf8648544,1
2e994e37791472f527a628dcb99a46628ecb6be77f,1
67611350277586b48607da43a0a94ebcf727089680,1
e203aaaccff1cdc62556edb2716b35424601dfe4f5,1
16b8a777d9550037a265bdc077e9600e6db5e30829,1
e028c472746a93f109e9b0d72852780d0ce2e52bef,1
basenavaldeguantanamo,1
comandantechavez,1
diadeldonantedesangre,1
diamundialdeldonantedesangre,1
facultad3,1
balanceujc,1
los3marranos,1
ujccuba,1
geic,1
baragua,1
felizdiapapa,1
viernestequieropara,1
cheguevera,1
informática2020,1
elpensamientoeconómicodel,1
49542af04e96715b6db0dd83c4175a552dac3293b2,1
e886299d95a307e7c2093f0a4717194c397ae0961f,1
ebb6d132538ab1bbf4772ff3a3c46cbf4c94120cd9,1
diadelbibliotecario,1
revoluciónessalud,1
peaceboat,1
misrazones,1
vacunasparaelpueblo,1
musicacubana,1
sabíasque,1
7junio1960,1
festivalprovincialderadio,1
145b4ed7e371e2518a1c6f62e64212ab39a35ac908,1
f752b95d4e6b2e56f1dc9c9c69e2af28021c5e7125,1
b81c8219658654c459603543959a55bb8a81c5e029,1
7d7ddd0af8c9f10df6e2ea5be90b956356aadd7fc6,1
de554cc264d27a901e7adab7c4137f047379063ee2,1
8402ca123b963738a7b1a3807c0db9d1be0692c94c,1
bajen,1
principio,1
patiagrande,1
yankisfueradeguantanamo,1
12jun,1
patriotas,1
másquemédicos,1
venezuelaquierepaz,1
martesdeganarseguidores,1
cibermercenarias,1
11jun,1
misionmilagro,1
block,1
informatizacióndelasociedad,1
15junio,1
datosmóviles,1
26411790e5e991b2d29c762eece0b2b651abd52940,1
0a5a60ffe8a0dd64d3fad6888f9d3f8fb47c65390d,1
994f626ff91049381b0b18d53ac6b1f252a938917c,1
dea2079af6aef60803d61ec9e88890cfcf909f2b0b,1
waldomendoza,1
14b8fd25895fd63ac5fa29c0874bf1d2472cbd89b4,1
be4eeb2f7e2f910c30837297d5ee02e9ca085f577f,1
7134bfdba0eb3fb02a0b921dad749df45677da8bbd,1
95cfee6820a4c3920bd0b4e8e3d77d2cf73b82a2cc,1
preparadosyalertas,1
abusador,1
cienciaparaeldesarrollo,1
cienciaysalud,1
razones,1
cubaafrica,1
contramaestre,1
haceminutos,1
madurorevolcoalpalangrista,1
sistemadeproteccionsociasl,1
hondurasenprotesta,1
mediterraneo,1
sundaymotivation,1
2dejunio,1
manueldomingosaugusto,1
relacionesexteriores,1
felizdomingodepaz,1
aaecdee251b15b3cf0aba7d92c08b264ee2e3c6e08,1
02e5ca0deca5b29723091d98162e3170816e215344,1
073015cef46ae89b77997e2ec7fe83dfdbbb336411,1
0247458597f6489e44dc9caaeea6685b377fb1435c,1
633f52104a8a18ff73ca3e290fabc549e88e47e636,1
493b88ee3c25eac5f61a9defce59aa6201e1535cf6,1
hijas,1
def189fbde60e87bd49957e4b366aae0103ef29ec9,1
d2f4aeece0d8afcdb78e8c944ed93976cdc7604e19,1
2a0ea04cb8c2aa0b9991a30594371075809692d050,1
86540fd296779ef4d84d5af195a25669a32ca96eba,1
700d2b419880a36e686685a8707062d4773d84c9fb,1
6e4e57aa4fce346b4f1a593f5dafe0eaf948e6dce4,1
9690c4f58fe76ac63705ab452cf7c3b9d3cd30e02d,1
86261ddad00e4cba2b1794cef18399205a039252da,1
64614505f28c04644448094cca8a32994ed5061524,1
01a37220030c1c7ccb1ab50c1da4e1112fbc14f96c,1
b34b5e5edeed3f2b37b1d069f335c1d31ec8c43f2b,1
2cb648cd139cf9ef956cbe48af8e2461b02a8d989e,1
573e5948b6a52092202bafc5e594a2205ad985bf98,1
bcecb6b8bb0381a91ad5bec301ae49a9b63b705604,1
bf8144869ba7120fd9f241e50d67ad5a53de2be4d3,1
368ac5021de70fb781d83ca72eb7963c2bdd01f652,1
f37be750b1f327d0848584a380c7dbf6d1b0dfd18a,1
f092fd0f76340870c68d9b603fc98bd3fafae0e73f,1
125ef780aa9c67a9858373cdb14e22cb62b5023aaa,1
31182cf126af3bac8d57b47f109907f0b5251e6605,1
4e94ab8c40bbfb3677d734edc13c78826198d1cb6a,1
9c4596bbf23ef93ac6ccd1607e31dd4c906e01ad33,1
2e0627fcbd5e10b0d1e5d3b27d431e509bd751a78c,1
a5255b7e4ced5221b78370593312754df171cc236a,1
45f368613c9124ab640883c2f3ef28066d9ae0c95f,1
8588774b375abe4b86810c632c679d35d2b11b0dfb,1
181e16ae3d3ed90d0a9004b096798b4571b1c3a75e,1
9c8c8e01955972eefd15761860f4961a6091e41667,1
120fcc1bddb1ecdd08656777dda82355c4c45a89d8,1
b8a80d4940ffc3f89103d226184afda2f863612ed7,1
343bc5a52a94abe77701cf233f09802fc03ac91ee9,1
71ea7c72453004a63bb416b5c694bc5010b9df07e9,1
dfb7b3b860872aefdd98258d097c943e693ba5fe1e,1
fd80e9f7cc28e6e2dd462eff6605c0a94bb769ba9e,1
93a6fecfa8434a74f0a93968b6015bf1bf91f36a57,1
a98134a38d006f88d480b239eb10c889cb838f9311,1
fd70a4815c4711698b585d3a263eb9e226b630ce1d,1
02e954c90f3a6278d863fb9a67b7776469816d7331,1
adec227e4db1a8a7351789422f6dafebc1d703b0a6,1
33739ccb442eba8086fa9bb4a52682bc2b4f857843,1
0bedb058fb8d3e3e43d6dfa57c36efced09d27e540,1
e53aaa4fa9ec9a6db007731c90302d596d546186d2,1
8c6798449edf0091fc55f8ea7eb2691755ff64039b,1
d4f8e2c570335657a6f23787a11b1bb5e69f62ed37,1
ganaderos,1
unmaestrodegenaraciones,1
raucastro,1
fa65b425ecaa61cc43e82da0543bf9bda4da963efe,1
fideleterno,1
venezuelas,1
madurorevolcóalpalangrista,1
entrechavistasnosseguimos,1
felicidadesraul,1
venezuelabellaavanza,1
junio4,1
a4641a30e97d1a323d58d014fd8bcdbedd6c4fc096,1
3bce40b956a34707381f5247c7cdc94ae92878de39,1
159af57d2de3e8576b257d6ae4c26d8cfbb4e0d9a1,1
0983dcf9cfb40baca8484a094c88a4439cd69601b4,1
ad626591b1ea9d63f7369fe3ffd0f46a68a3adea30,1
6jun,1
sierramaestra,1
belleza,1
55ce5bf5d7e4c389453f19d24b304584a37bf0a975,1
0fd690d7d24d16eafc5e3db462d323036999bbb486,1
7b1e0aee82129e325a84463e1df10c4d21fac86f24,1
5c0d9c17be019bf3fab0f49c2464ac258a2441c521,1
e4042919365113c4fd2571c3d3bf590772a8aba73f,1
2028101aa27111c148c00dec6d358137659d84786a,1
00a868bbb01d0b831edcc5e6ae7f85706d4fbbb67f,1
66efe82fa6d975d6b87787aeab8ac7959fd9ed84c6,1
4b52c2e1d9ac20ee34dadbae16d1dffa063fa473c6,1
690e0d1c803243e74bd81f842045d3f1934d39fecb,1
f51ca485d60d12cc5e5b0cf2f89d1388bb2d027527,1
8fddb1c5d728ee00b0805ba3613a361675128c3557,1
587d17db0b632f8459c92042c9e997c0d103531ba4,1
605a996e418c98ef67e8901d8b097cf81cac7fccc0,1
11congreso,1
vebezuela,1
62461f6d7d77cbbfabaaeda9658284f530b91c6587,1
seguiremosavanzando,1
sadiqkhan,1
ponerfinalbloqueo,1
8e6c1c80ee1059697424a692d19621d991ffa604e0,1
c03be112f86643204a48c7640f8d1f4feaca94c160,1
9723d204e1730f4b80aaaa6ac6d8c2534afaab0296,1
5junio,1
reinounido,1
0da3376e484ea21c8affa23037703afce2cb0ef866,1
b86463a98642ad6d5cc059be114adaf8b125de8173,1
a344c9ba1c41ba9944797a4e728d9b9d79768d5140,1
60732b92864cf4672cf08c5a415d578fe00d6d9823,1
4ca3e60c8e769e4134d6caaa46978e1d1965b5b0a9,1
5e8e47a99cc9094c2fea6bcce4d2568bc654bc7413,1
1a97179f03b1ad699119d7d4324a5dc2e740e8b0b8,1
siempresepodra,1
78c84e4fc2d9c4b5c8b8a947971bfc3b4f5bbc3f42,1
0e642b3e46572d336964feeb4a60afab7416fd202a,1
1e81febf4a299d235f096f5be4baa669fd492474e1,1
ffa57f79c09727e66e581e2d1936375f2f78486230,1
74a4850ebc7f7d2f52283dca04126f720957aa4bb2,1
c65e5d2307ff8f31d213f1eb782137fc11eb561777,1
9eaa3584b3f50516e73add9fe52af22b6f9a2099e2,1
f15ec79c4c90b0c39558b2a15b50752b54efa8af3c,1
75f84be4aac860901710dc1eadd1e8489e151c4a61,1
3267d569e2eb1a2b5c1cc147ff74d0be2f4ec08721,1
47c4d1db7ac69bc5244b70a4e8a0bb0b55eb04bbed,1
a7a0266b0064eec84422cf2490766e612efbc1c435,1
343b5105b9f2d14ab4f0b2c747a8f15ca38cb04f9a,1
3236820f559f5676973d7eec1ebc54be3f2ea22ed0,1
e10c9f6cbacaee8705e0341b1d214e47e7beb9e0ee,1
f614549b8c00c5ca83e2036053054f02e09d6cc57d,1
1b11587b446fc771117f025d67627dab7e23561603,1
4facae9065e16606de8b2b12e485c43bbdb9df383b,1
32cc8146ae418261396af0497a1274b5f1061cac79,1
2933f99c5c11defbba174729bf235a19a8ec581de8,1
675a5ccf05e42ff5afebaabada76d1e80671b6d784,1
6842d989ba6e8e78102037296fea5a81964de7f52e,1
1ae93a811fbc0409ea5e73fdd41b8c1b2a31d10c19,1
377106daab4205612f351e997ec9a5f177c675696c,1
6cf28bef8d9c58cb762a78d6d54c1a11cb3d362a5d,1
f9c96a083f40a3b64e984723efff0d92cf00cef9e4,1
5ac40d3e6df974f0467d0edcaff85691650eb02474,1
704482fc2a504f1e16cb053a0af50e891b2b115e46,1
7e86a0e147ee1c9892bd22d0fde22f88dffbf7b4eb,1
dc4806d7451bb9c93774ae1dbf4b6896abb8398430,1
cubaesdignidad,1
4e6ede256830d8014dc84e107b37a3eae8fc595067,1
5339e1c77b325d9eee2d2d501fdbc48e67cec35820,1
b64889d2d9e9f471ed09fe4e902887e4adbb7531d4,1
e0ac7516cba93dadb224a2ba3b3cb229c6e787d91b,1
f32f6c31dc80adf12ec710d5c6de2f7d929fb150f4,1
6fe2579fc7115e5c190b0d49591ea4fe599a630029,1
7b2d192f8eed177a38086435bf80e402351f223650,1
9f24c2ab4fe734d862fd6afb2ee91a6cff370bbdd9,1
d87eb605799c93514eab2aa845966fbe3d94ec977c,1
1e7508adcd40f556cde1f8ee1a587c8fb86c2a996a,1
46028a1ee2a6c2aa31ef21325d669b848948563408,1
d2269400d2c43686dfb8ad5c49804cb757abe1cd37,1
a503a5585390956679f26c841fa26cc791ff789816,1
4557616549866d69ecc1ff7c7eb8bc2c3d2c85ccc9,1
65887ee51eaa1132981db06fec36c46aa0e2d6fb56,1
25e97605e1a790c2a2b722289b241165480fc9cb5e,1
b4141c7337558daa81f5a8f66861790965b72f28a4,1
d8dc5234ea42ba93f21e2e97076d7bf2899b8fdaf2,1
ffdb60a29717caf55c993204267dd5ddd04fa64053,1
72b19aa3394d6f8ebcd87e47b1a0437f5a24d39288,1
484c08eef41d56b880d2ec871446b234d2250493ca,1
1c68f39f29f449612161e11cf4d78a1bbd0895cb3b,1
790600d23e2c525e1432a21a4e41c43f027b7da614,1
b323d002ac03ef7002905e2802a983af70d333f601,1
64751cdd342e55da2df62848245d6f4ea7bd788321,1
2cdc8c54dc3ef894fe736b7c63e147562b8cb2faf7,1
a9c46e99b1a5d268cac538b931a099333ff0d68122,1
43581c206a7109ee9318a62336af9bb58f8c2394f7,1
acf26166df659706f035f832acf624a2e9bf0bef55,1
d7186876d024ca3eb72852d9369ce9098198878115,1
137fceb197e4ed79a3a2c4a95a31c4a63caddd62ca,1
66c42458068c859303a845ad1332a7e37f934ae96c,1
6f1273221197ba2bb4f3815c547e731b16b299134b,1
helpmeget100,1
compay,1
sencibilidad,1
humildad,1
losprofesorescubanos,1
universidadesmédicas,1
11congresoujc,1
facultaddeconstrucciones,1
5bd28d0f3f90a04e2f1b2afcd7606107953e0e3bc5,1
918f75561c8d4a1e7e5a2a37df7c89ffe5bc938e44,1
1889122003e0c1011e82848ddb8db55938e1d8c83e,1
a24aa958d6ea3db259f201e8ca53c4a2bacaf90184,1
243d8e1044acd9a141dcfaa149c917d2fa3f03a580,1
b33e1b261df9fb323961086558b74c414d4340043c,1
8393a03dee718e1a4bc68d449251a5a1243b6b4c29,1
16mayo2019,1
a83e10b752551d5e2872c01667e30a126d3b1a60e2,1
6ef370aeca35659f9320f5b05c0bfd6723c94e5136,1
4cf805bd6a1e9a6df4e498d15ca876daa2c08ff61b,1
27174b03dfd224b8cc6355a42ceed24f24cef213bc,1
de296735d5afb4b4350876de3e144f060e9cc4fc3e,1
73ee956d497ea5b1b1b7400881a62ef31504c749c2,1
681f3cc95f94bc9c26ea194fec69f42600426aaf8a,1
98fef40456940a24c736101891326b25821fffa1cd,1
d44eb35e3c306bb725ff35f5b16dcacf8a4c503472,1
e726983a62326b57c250cf988d88ce39c07f9f1855,1
58c36f9bdf76d3141a8848ebf10d1967ccb0575273,1
6c005634889260c61a59be2e94f9751c860b23dae7,1
ae4c84d5b6e60e35d0924813436408119d5100a943,1
a3f6a07aad76b0adc177f9893f4251356f2ec6b577,1
06750d91a1c96b28c4aca18374546ea99d28abec5e,1
ca844d2fadd73eee62ba7e31ab1d1ff924d3e1c383,1
1bf6c99e0d7f598b82b37ced84f2526fc6f40363ae,1
3ce61af919fa8fb30af7d33ea39984e3bfa9f4515d,1
82fec6001239edd7e7821d665ef8db57d0b4c3bae0,1
6180bea2be05efb4486c94631d3383efbf6f65fe6b,1
e68ead1aff45c36f4a009acb2a2f7d5e717fab8d0c,1
7582e8791a572158b4db3086dfce19f96fc26260d0,1
ef508dd09c4b5b597b75a9e9fc145aae888170d0b9,1
d6b3d37e31988222ffe6e8e4bb35bd8a257ea7ea5c,1
1659581445799063c4ac46d949fc4d9e5ad6eccb0e,1
12169bbc2a9b36c9cbd14a4b28ef818ef420d394c4,1
b635024f835fc4df46e4485e7f19b92a90cabb55fe,1
7302eb13062488d94ac9eea13d35249a711025bc12,1
e55693cd03a1dcce01b26cdd0db30a5a5aee98ab7a,1
210cb4ab4445ce32ab65c4517e495295b966186f59,1
03926d0e7a34fd5f984118dc049e0fb6bae04140f7,1
noruega,1
109a407ada07e2a7a0576d9e6e0f3851b2fca0e1eb,1
457a3cf2371117a936d7b9f65a062fb793daf1057b,1
5c70f0a3c65a50be2545fc08a32530b759a4824f7e,1
4a1e49bdecf3fcc26bd77995a6ebbc105211d8b144,1
653a4ff67879532bad66fd63a8aa286e08816aaf62,1
54d23bf00ffe47ab589b94a5d8c830f2413cf1f54c,1
1dc060799b24feb4514a315d7a344b1bd27632b106,1
universidaddemoa,1
sabíasqué,1
milicianacionalbolivariana,1
diosdadotaxiparadidi,1
7837ab6b331055f0c9dc8caf1bbc3999fb7fbb1fda,1
ce78a65dcea25a42adbf910ff12f1cef1f0217a57a,1
23demayode1999,1
alopresidente,1
9c8a49c936a5a35a023f69ae5223033562e028d824,1
de77291292ac2a1514d57ba88514cb3029864e9c28,1
21242560924aaa783a870d03f91c14373221370b5a,1
9faaa06c104fdf854a72a8f88bdcb0048a56108053,1
f93efbf601c89657124b8f58aeb86fbae033a43e72,1
5483d3ba4a95c47b248172b6a173e39051287af612,1
bd60aff03564aca979c44a416f36722350511ead21,1
7db6cf1e67154a7c3cd8d172eb8876119c64f43698,1
687a240d1340cf2ae8d38a5fb92a74820a9173e138,1
c63224fd648e65848b3a965f22be2b731d2112fa95,1
d33e108a1bbc085963cad78a2c016f3f380a52aa08,1
9270bb0d302804efa01206f18cfeffe1cfb65b700a,1
b19578797c2a6ce70673de187c348579d63a02f2c1,1
4486ae36ff7e6635eafdc626b341eb32653e12129b,1
15ed9a63b0333597fc6c30add4cd3feed880d93cc9,1
b41777c3ece5e96a6e8cfedc5fe58de7f958b920f4,1
fandalserviciodelpueblo,1
87eacad964239d68aad5fae217546a44070875a6e3,1
4d64424fcad455f1d16916ebb5831a39a30298c11c,1
f84c26ba32c8e37abdaa229b06dbd8a622432a97bf,1
86c2ed6bd3eb716d8864a0be5060e970850a0491e2,1
5a85ad26075f329641f0eeafb524e48a551bbd95c4,1
fc9ab869be5e811dd8e3f0d422d6b2f32547fc770a,1
a5610661dbf56b5a6858d7dc6bbdae44f8777f4319,1
581c8f21d306d48b5ca0106d4763c769595b0eeb03,1
9615c747a614be20e6f7b245bd2ed58aca29b7e335,1
5ec349abe8a8dce813b2040f3b4fd2247bae62ff8a,1
94fff09e09f3051812872c6a329ea4f6dad5e0cef3,1
84c567d0a6c47126c6a5d2503342bfd03083c40e33,1
125ccb4fb0eb83fae40c7482d6b1d09d6582b18d99,1
bf573cf1c56cc6e738d73e40f23249046c0d522022,1
ce2d534891e80a411e8a36453db144b0a5b8cf5bb2,1
0b22b52acb15c0644db606cac6ddb3f803cdc43343,1
89f83400c4892a617a43ddc86a688aeb8fa4d53e40,1
9f959b17ec5e97e9ac91dd4267f09165d04414fb2f,1
e9f59f1081d11322b5839d0f767ae4db6c27fd358c,1
78e7eef6d9bcf6cbcad347533c27d8619945884453,1
78301d77d9351f7164e4ccdc5df748a8fcb1c62ad6,1
19c51927ac4d588e4ffa8c645049d32bf003fe7b40,1
f16baef8fd87914da495491fb8d47c4b24f1320bcc,1
3b5618e8180a2adfb7d7dca314509a69190581478d,1
391656a94e712399906928fbb953e3d426994436b3,1
cdd51247911a0fbfe1e4f7c3d43c0dd63ce3a4e45a,1
6b0f74b7dbd5bbd337d2e09cbb23af072ac4eb33e1,1
f5803e987277fec7733b52447321b6071b17bcdc81,1
46d5f73cb9e981bdeb7df21d028740f9fdd59093de,1
769349316b4132cbfeb43669a3d01841e568210e9b,1
edcad9443c44ffd72204cafb524655e0eb45d7b9ca,1
e3b8f62eb928bf97db8c69510d919562a5c8920d0f,1
14demay,1
cadeefb0d7fbce208d3fe42908064e67af080b4185,1
cfc164158f4bc334f5baf31b44042fccb59d149e21,1
villclara,1
estudiosrevolucion,1
comentando,1
twiteros,1
15deabril,1
asambleasujc,1
finlandia,1
cubadisco2019,1
vueltas,1
82c76e7fd3945818177568f8b8c6bfca44129798e6,1
5352e305bb94a6238008fbd0a585057ee6eb04831c,1
1fe99d2ee09bcc548454b5369fd54b8820aa3c6942,1
asilodijo,1
1fa852f6cf18b6bf303760ddd26764942b77470bfc,1
4b766fa176e4594b60a8b9337cc955408750b1bba3,1
44f16eb937aa1e1052c005c67e527ad000dd7d693f,1
43f86ffdaa2b939c65f88f3caf0449f4b20e1cc500,1
09fb887ac5ad47eb7f06cd59250a516cda0af8babf,1
c2fc0f72d81f0a0ce813e65e8cdd59469a65230c1f,1
236e70eee3969491aa28794a7d56d7bd304b126df7,1
fbeca446c9019cdd1852b0ebb68197910e9fb7ef7a,1
45ad189897e930e35a730331653ea9bb3eb16530e1,1
884569f9c3358b583934a4a38a824362c6698bfc5a,1
entérate,1
geominera,1
1500fada21013cc5d8da7dbb11e1c85cf898748df9,1
wednesdaywisdom,1
bruselas,1
ccdda8ed220efdb8cb4ecb5c1797ab56e2f61ffd69,1
mobile,1
icymi,1
uscuba,1
diplomacy,1
anec,1
porsiteloperdiste,1
cienciasmédicas,1
díadelafamilia,1
visitagubernamental,1
martì,1
congresopedagogicoestadal2019,1
asambleadebalanceujc,1
geysed,1
visitagubernamentalvillaclara,1
curiosidades,1
concubanosemetan,1
d89a956671c9ca8f1d810c1ad331cc0ead0959bebb,1
c38156e27a30373a34003b0cc2d06ef2029e52b5f1,1
4e585de9e89df2ac885af94e9669dae7f69b694482,1
1351117b6f7b66f750748980000ddc17381901485e,1
d99b15a3f7c92f41bffa9a4af458af99c5fdb09822,1
e618131f1e81fd26778dea5f0983717df950ea3d1a,1
f708336b9e20cd7066a311f9aea63ff6de7d8c0559,1
38d0e36a6bb16b534457edc4319ad35e9bd62fc2ae,1
919a18534424a77892b8bb3cfbb728e80233eaf33f,1
86fbfec58e00c45dcf94a0e627c189975a5ca92b43,1
68d4ff4496dfa702383017b28cfe7f3fca4d6edcfb,1
bccc13ba91acb69f51f428454e34c841563affabec,1
710ebe29464e4f918d3470a73d2395db5a2e721c63,1
895acc9a85498ce332040ab332f6a4e6b5fb1049c3,1
b8c1a285c331ccd562b84c4b77503500754e7e5108,1
b809313cc8df987799b036c8e541afa5dd7feb9891,1
9f7993d7c5c1cce6fb638b38597f4c98088ff8426e,1
042318e3a6e0537bc280a9c7e7cfb014e1625184fd,1
fac4559fe00ca279605e9711f11518f51db089a3f4,1
quilali,1
uclv,1
76f7a84b7ed03e64a702b5cd8a0b5597a337d31328,1
06f7c213c078decaaba0952f620000d4073688e42e,1
2c45267b2c2cbf83f89c695333c4236eaf261413f5,1
10bc77938404e6a4993228b014ebfcc5dcd5ed203d,1
fb722f0af93293d74e7a27176dd2dce4c1f094b651,1
ebe971e912ec4e5f957c39209e822279d8a3bef608,1
819d84d3c36fb57e094597769f635211baf323ba22,1
adfa6c124e380ad43f8f4a72f7cd5e4cc0339d1f3f,1
63a5f8d51269c1f64b90768e7c131f7bdf7dd696c6,1
22bc8ebea659981f9300f5e673212af5e8655011d2,1
808027ee6d2ddd87c9c4010b3a5cedd62fe7cf33cd,1
panamericana,1
a2de648617e743d6a5c3af35ad04371252a655a803,1
a11958d9d841bb51cf0ac4c3a9784d5f6e5be09a20,1
85ee0e4d5d694ff0c790e6f30ce524e458cd1cba20,1
0363c1df1b19d5c70e4747317013b7a1062c56a660,1
0699a0ec3ee54f4c100694137197249e7740e64b59,1
7d2f77d4c47123d72b8cc10479aa645388a92e7053,1
88b1d579550bac3b884ed4e64d7616600d300bfaa0,1
4890725a1afb8f7ae518acd02b113b05a127640f96,1
c521483e13b72172b22d360a050b91e881019e35c4,1
4f013124bba8e683082def2366d20f65a8eefbfd1c,1
788aac3613ea72441b6bb6b8dbea44080aa921e9f8,1
77fa8d2a7ac8bd98879460c6e1dea7fb0abbabb4fa,1
9b2b23da277038c6ea53bb084ed874669a71054bc3,1
4f9037500cc2214e696ccc6d6280b3f9f9a254e4d8,1
0a695e5b03422f08ac3cf0575f25c51aa0a717e3d1,1
3c75560fc6e46aecc99807a037b6df7b75141b7091,1
cc663624b7ea11954f49a5984f611ed602339dd991,1
03b1ab0e687c4ba9f136dfb82cba435f09a4a023a8,1
5435f52047c9a7f940a1276035fff5726c9b8d7a82,1
46d85776c6ec48adda43d1b48c704bccecd2cb0825,1
26ecb50d29eb32e24e632e551160b0d4d84189a75a,1
047748a5a7e712a38dd9e862b7bca31cf9733e5fd4,1
f45496ba92f970f39073389fbb95d2207711d35cbb,1
15a326487940c3c2004958e72cc1971674a91be0bd,1
940060bbf3ead06387b85ceb4e6957768133229aa5,1
leydereformagraria,1
cristinavice,1
jamescarter,1
elgeneraldehombreslibres,1
maduró,1
87a7c2957c14f39a2e67538beb20c68230546883a9,1
siguenapostandoporcuba,1
leygarroteno,1
audienciapública,1
camagueyanos,1
guajirocubano,1
60529778b2dbc8d5478d08b48155e8031029b9ee1b,1
dd62a57b8278102abb5625bbd3bed27fbdd9f3cf8b,1
ded649a3cb2e4836d3b8d194960ba5a21c67b365b7,1
1757ee818104d9fec6929fbafcbed6c9fb372a8f58,1
462c53bf2b8e38cccc932a0e03390c5750cc5de000,1
c9e81efdae72eb50d6ed809cfdef9a3d34c3944f68,1
69137d195f53aaacfc0d031218dd4c26714555be3d,1
e9761dff7e9af75dd65f29691566600424b50c604d,1
5aafb46eca5fd5dfdb6426e6e22170c0890864dfee,1
62e0c84d8cabf8c7909cc1d3b97505a3b14244d363,1
ginebra,1
af4ef3d84ec72b418059e9c1cf597100f39e317fad,1
edc3e388fcb25539f30c82822b94a2477beb376102,1
786145124e0bb35fd9c1c7a419a17b79bac76855a6,1
9a2b78db1ceaf6685d4c463a984f67512cd292e0c7,1
e65d3b57862617ee78e62a33721aa431348a11250b,1
f681099884a6fcb50c22836a6da9201c96881d1d41,1
7bd79201ec03603399eb3a37ecff5dc81ad543d254,1
ebf39b647ae836790afa434f8a6c8751a1b5473d09,1
197f0de41128b48ddcc49a181f769b27b7a04af18d,1
d59225e642ff586c6922164ceb96b1bc32981e9878,1
f177555be0673eb14888ec1448275f46aa4f2b878d,1
761195d374d145dea6a9e81dd92d35a3316fce698a,1
5233d91723cb5b1e259d210e71781fc4bedc46025e,1
maduropresidente,1
20demayo1902,1
b34a1620654ddc0a0b6bcd1eb899a311dc143e8bff,1
e1bc1d85abd1c843c6fdc596ab56ee671a74b32b19,1
bc4928eb6bfa923d9fbf4be14ddce9aee680df254c,1
ab25bfc111c1a4f1e50332dd35ce416cd1e5ba6fe1,1
2b04c497840b53f30a63898116dbc444577c0ed663,1
ce2ff20d4a5e3729f6a40e3add441d0ac68258062c,1
5cc5cc379d717f41ea30827e9aa500d142b77ae9d1,1
23dd8cca9be38e02b5fa24388e129cdb09d0e0010d,1
llegaratudestino,1
códigoseguridadvial,1
heberprotp,1
ricardoalarcóndequesada,1
robo,1
haciendorevolucion,1
20demayode1902,1
noserinde,1
seguimoshaciendocuba,1
qatar,1
22demayo,1
asambleamundialdelasalud,1
venezuelaquierediálogoypaz,1
evo_linera,1
b9032be8c40d4b596c94ecc7c750e9d5bc028cf1ee,1
76854039c74f0624e91104bee84dd1599141df3618,1
fb41bc2a58090cba503b235c061ecd4ec253f0b7e4,1
11e51cc2ae3bb04d774f422c0cf1e2d8d521e4649c,1
7d59e468fb03018ad6f3cf2abab18e0bdb465522f5,1
39e0948dc179264ea223eca1aaf7e23539e2cf5779,1
75c62870b1ab89c2a01819778a9dfb418c02376899,1
e6e1c0c03701abf2ccc260b4a2ce452c255e9eb136,1
aa74a10a9810f0a5aea1223409edc73fef936d8127,1
bf610c8f29efdacd5327975a387021a583101b64e2,1
arabiasaudita,1
domingoparaganarseguidores,1
cúpira,1
pedrogual,1
delegacióncubana,1
victimas,1
josémart,1
6a289ae79a733ec61eab7db4a1bf8328880a9bbd49,1
e17cc5396df6077c8b06ccb7d38eb73c0597501146,1
diamundialmelanoma,1
tortugas,1
22may,1
53asambleaciatcuba,1
5b6746a05705b81a8bf6f9c37596be27c56df5e3e7,1
7dc3a003f2f96e93910ea4a9862b4bbe9ac9ed4006,1
e33c22b5cb33bc6f12abe988e04a6a93f12dfdee34,1
ed3e6b13c3c851cf7ea421ea4a0f6e5be0fa81047a,1
4ebee5b1fbc73e407102498ab67e52dc1bdccced54,1
7a5e91456ed583a4b7a9a8ff40bd4252803b9c5159,1
2d439967059dc261cb452a820e88958b96c765d311,1
685c5b9c366b8e601cec711c202ab74b19fc36a522,1
58845abd1a96c048ff3d80c940be92240df5501170,1
8de7f3b97125ac2eb58bccac00fadfe346a09272ab,1
002bde8b29b0028a3fe1ea3c5a09f92ad4d7196327,1
bff673be669dcfdc1cd01fcdb33c834f41a73b218f,1
94bf16880a97402d06098622797380030252dd457d,1
73b0580f90dbeeebda4961dd11eaa8d5a75814fffe,1
d8835dd1bcbf11c61d767e024da972a1cf6fcd3326,1
c245236c9804426449d03f56f19eec86e6b326e8ff,1
708d7410e22b0db14c9c5db65eccbf337e20efbf59,1
25b3f1d6608019c52d8b94a379f8e68619298017fe,1
dc6dd0ad967e16e21784a129ae604a7fc2996765d4,1
ccfb9958dccb1db79808b625bd085e7e914df7f2ea,1
campesinos,1
c5b924f7647c7e89bd8f7b95b74565cb8b3393ef56,1
34d48e9bd62669d1d7f2b8272410545f89634ce0aa,1
d22c38cbf21d65edd75b5b08834788d2adc7954221,1
93c5a4baa34c2b340ac5a1d14f4c2bf1849d855ef1,1
dfe549a509e571a7e6e0fc8ab9784d375b500cfc60,1
3d898c772052778e9175a17673202b19f7fddd0a96,1
822cc64426614d55a2767ae4f8283c87ac83cd0a14,1
a746362b1f2299fed1f3d4c2da33d2a3b61bd415ed,1
b81149c1fbe0bfc5ee7343fd880ed39d8697e8c4f8,1
fc3b44f8b005250913119ae06989ebe09b5a6de56b,1
bbe415962dbaac5f2d1dc49ff6fad024cc80526b8c,1
e8586c87aa406ef09fde320e2fa03b58159c822840,1
bbac762d3e96bb566213d66d0feb26c4dff1ab6128,1
7fc8ab73569ff8f82d042ee9f920ce9b25c930edc4,1
democraciaasegurada,1
201b0bc90311219afec07c8f2e428f993fb50b6cfe,1
610319f30eddac0179d4d0b27dba8ff0c161b4608b,1
d96e62d804052ff2106b72bbe75194ba329937684b,1
782bdda0e4bdf74a77793b37f20de29267bea5785b,1
6f7145106831a570feda7d71547e11e9fae724f77c,1
9c32eb86143315b8c6a4f82d9186283381b87abe3d,1
588faf05028a800194e9751c6aa75b570a970b4ab7,1
7c6780f04af14ccbfe77b8f15fccd98c0f0fa5a543,1
74a961c9f7bf1cc759f79774c2cd14997666380b36,1
44a1ffdf33d8ac6e033e5c6c7cbb3bdfadf1e232e0,1
f0fa10d4403304d3fced7c438241779d312166acdb,1
817e55de39175d8bb9950bd1f47b30e1e4bf8a2045,1
5adce8bdaae3afe9fc01f998f995b99436e899902c,1
c0129951e458ef374db4a9d1f4d509ba6ebd2392f1,1
4d616f57397e2adde01f61dacf9b8e514abec97ab5,1
2142dd18afa48a322363b2468eb9abbf1659cfa752,1
bd85797d1ba338b2ac009aacd2e74f35478d4d8c5a,1
nelsonmandela,1
12e539b9ae5e5f526253ff374aa59c6dc4946ba36c,1
f790015c967703b65a7288fa9d2d190f29f5be09f7,1
04632df14687a068a48e699b9f6305fb08c08d52b5,1
f1f21f723bf2664450f1af8b8082eb6fd3d4a57329,1
18ad8c6169c2e19fd65f2a8e5fe737d6178a8189f7,1
5d87ff2f7e257239a7a94df1794f0f456e7c3f83c1,1
ef0f1f9cac6a5bc131d46d8e41d93837b7c6ebbe43,1
ae1c631284e111e682400b95ce2ff0dd6644af8877,1
082c615d643d49e97cae465b2b9eb45f38e0bf241b,1
525797eac4168568fef1176bba769b4bcae6f5de97,1
9a18df9842a4668a9e44b55686b3ceacfe1875d07f,1
dc60173e07ebe892aa4abf144c5f790a4fc9504ec4,1
02fbde1ec8db24ec07cbe327fc00883c3304550567,1
somosrevolución,1
faf8d8ed55799ef7da44af6151ec5655c93727d4f4,1
65b3c1bc9f0ba9bc118783cab1aae3037bf46c30c6,1
6c1b22e4f74c759f5b78a6f6cefe4faa53e767183d,1
1d92b3be6b022bdc1ebffb48b42ca438f3aaaa58ab,1
3bb2479de58573bf1aa806765a1fa4295d9577e16e,1
diainternacionaldelaconvivenciaenpaz,1
demócrata,1
trunpfueradevenezuela,1
inmunoensayo,1
héroenacional,1
balance,1
showus,1
mexicano,1
actívatecontraelmosquito,1
reformaagraria,1
8bf6d179cccdbb07aae70701d9eacc209c264f99e0,1
9a6717d4ccfd5b63423172766f011bc732db01b7f5,1
9f1e3f53741904fd4ee7d25967fc4401272948dbb3,1
fakenewspermanentdisorder,1
69bfd0693858e030b9bb097243762957ca77a11298,1
bc2316fd5a98d685c57fff7c2041823bfae13a08d2,1
49f8e9e450f54bfd032bf5e016a6fedbc165423674,1
70410a698cae04d0659c4f7fc9649f8031fd5d0644,1
2e89a4bcd82fcf976b2ac1d6d2c9080ccfbaf83f4a,1
55c2df6d3dc68401aa0cf17d63b3174c6cd7850a86,1
e14a5d65418a2b10abdf22dc190efc197f815e304d,1
9175611fc2d0590fad44608abbac93712e66b493a7,1
695f69230cc11f61c973e8a49b6f1e20cd90611e95,1
0f10f2913f57a3564ee3cac1227608466eccbbf696,1
86bfa956c96af143a44abd241f954c69550b5fd1f6,1
bd249cb807e5c55a6084619015c11a1725bb6ddcef,1
91154f1f37cebc186d103cd37df365ea72595208d6,1
ce375758518e26af907376a24447301603ee4883a9,1
f9cd08ed6d466ccd722a5b4d1929674b54f97f20b6,1
adc930315d817e7946b0cb2c2de65df7fbf2ac6eef,1
246e77210e43f0c41644cfcaa473e762abc32f3244,1
3860d3cd85953315f7d2b527252025a8ed210943ab,1
17may,1
60aniversario,1
museo,1
ejerciciometeoro2019,1
18demayo,1
socialistsunday,1
construyendoelfuturo,1
polomontañes,1
buenamusica,1
escándalo,1
e38f42570a54f41b383f096c26e75783e0556f28a2,1
c389011c7c97c2c450c295df0499722591a62bde04,1
e639a0593384794cf716a02acdfa44dcc0b69c6ecc,1
377b24b390441f99e4e851a15ce00750f2f744a6bb,1
f1f4b868b30eec2c2faf974fc24fca1d9dad323b9e,1
602af4287c0b8b52e4551f9fde148cde8eb0af7cf0,1
68ab54144e31be02c41ca46c25ecb8c05ab1b43329,1
e4d8e9f91dc870aa469876e329b7b349599406c9a4,1
05db00c75f05a6a54a1d8335bd9ada760079883ba0,1
69f3c0bd5336378240400bf764b30b36c28c0ea151,1
7722842c9ffc847319da9b3e51189e80b04ad04cd1,1
a032bb1d6266fce3e910b61dbc6c9f7881b4090ead,1
06f615ee4b4f30ea2d9db49c4cf2ae55e17fb38533,1
f5c3ce6d5cd9d800b1d73d8fe4a2a08a0814489b6b,1
0560803948ce3c5e1b87d215d0093de75b5a5c1650,1
9a75643f5ccaa6b662bc48ec4cbf8d5b1af800a2dd,1
5e4eeda60fd3be1f4697e1d3f8e523fa3729c5308e,1
444834a0c223f53d81856a6577c3e8799ecf95a8e9,1
6ca81b28e5d7828e99faa328963a3cd5c42f69367c,1
75b9daae18abaab8a3459dae24dd056cec48e948ba,1
32f4aeb459824df8599b3bdd83e938b0368a6da77e,1
4a6c7651c4586029258626c70c023030bd8bb0b0aa,1
8c76465a95aecac57fd8728ab09b1932d3a525ae2a,1
ea9989e8bb73695c4b16c6e0e336cf5630033a4215,1
9688ade180881e2fc2a9d59249b77d2c3244552734,1
a0914bd6103397a75a7dcd3268756265978495ad73,1
522b9ccc79755998c20203095a934e983a10aea7f4,1
8829734612434130ccad19befe89c07a880da6f126,1
1c68229eab8105ae92368ae38460626f8220018b65,1
459529aed0bfa6c7b5a109425134fa762d1d894bc1,1
e398e7ad74b32b28ee6750dea578df4231e351e941,1
4287b906d83c4cc5dc053445acb8ca034eec96bd7e,1
285b21ca3ba4b7b0862dbacb0057adccbaa804d85c,1
ecuadorselevanta,1
leninrenuncia,1
14deoctubre,1
lafrasedehoy,1
13octubre,1
edsheeran,1
diamundialdelosdocentes,1
somoscontinuidsd,1
05oct,1
orquídeas,1
universidad2020,1
medidaseconómicas,1
paronacionalecuador,1
diainternacionaldelosdocentes,1
exclusiva,1
97f277d356d658c0359e638fb1294c3f45abf26726,1
dimitrimedvedev,1
doha2019,1
doha,1
atletismo,1
crimendebarbados,1
6octubre1976,1
miniño,1
miercolesdeganarseguidores,1
3deoctubre,1
clanpussicast,1
4deoctubre,1
30deseptiembre,1
1deoctubre,1
nacionesunidas,1
buonanotte,1
movimientoindigenaenrevolucion,1
boliviaesgrande,1
17deoctubre,1
cafe,1
cibercubaengañosa,1
arribaaméricalatina,1
twiiter,1
izquierda,1
trumpisajoke,1
teatronacional,1
pasoapaso,1
chilesinmiedo,1
1minuto,1
cubañbç,1
felizlunesatodos,1
wbsc,1
cubanosedetiene,1
cubairlanda,1
chileno,1
fantaseoyo,1
chilesos,1
10oct,1
9deoctubre,1
lademajagua,1
patriaprósperayproductiva,1
todosomoscuba,1
yosigoamisrepresentantes,1
tuiterosactivosnicaragua,1
12octubre,1
12deoctubre,1
revendedores,1
puebloheroicodepaz,1
adelanto,1
trumpsterrorists,1
trum,1
limaperu,1
9ago,1
soyantiguerra,1
soyantiyankee,1
latunas,1
17deseptiembre,1
seremoscomoelché,1
16sep,1
16deseptiembre,1
bahamasstrong,1
18deseptiembre,1
seequivocaelimperio,1
recuerdacubano,1
bloqueados,1
19sept,1
cubavbloqueo,1
21desept,1
bloqueoyanqui,1
turnat2019,1
tedejasy,1
estudiantes,1
19sep,1
aclarandodudas,1
cambioclimatico,1
fotografia,1
endcubablockade,1
agnu,1
quebellaesmiciudad,1
22septiembre,1
500aniversariohabana,1
maismédicos,1
foto,1
diadenoalaviolencia,1
2octubre,1
2deoctubre,1
chino,1
4octubre,1
cubaimposibledoblegarla,1
3octubre,1
universidadparatodos,1
caturday,1
undiacomohoy,1
bundesliga,1
habanavieja,1
sangria,1
trumpisafelon,1
resistencia,1
22sep,1
tuiterosactivosdelmundo,1
cubatrataconsolidaridad,1
7deagosto,1
enunanochelocatuyyo,1
panamericano,1
trumpdesbloqueaavenezuela,1
hablemosclaro,1
soyantigringa,1
pendiente,1
panamgames2019,1
nuncaatras,1
vencerporcuba,1
mercenario,1
mojito,1
evopresidentelegitimoenzk,1
juanorlandohernández,1
hillaryclinton,1
diezdeoctubre,1
mnoallegadodepaz,1
expoaereoven2019,1
parabenspresidentelula,1
parabenslula,1
brasil2019,1
fernández,1
torino,1
expoaéreoven2019,1
albertoenprimeravuelta,1
lula74anosdeamor,1
hoysevan,1
latinoamericadespierta,1
mnoalmulticéntrica,1
nestor,1
fernandezpresidente,1
bonojuancitopinto,1
10octubre1868,1
jornadaideologicacamiloche,1
26oct,1
eleccionesgenerales,1
capitalimo,1
abudhabi,1
chilenoestaenguerra,1
mauriciomacri,1
27octubre,1
chilequierecambiosً,1
chileselevanta,1
venezuelasolidaria,1
nomasimperialismo,1
procesodecambio,1
4denov,1
américatoda,1
soyantimperialista,1
justiciaesmacripreso,1
yoacusomebloquean,1
16denoviembre,1
20denoviembre,1
piñerarenunciaya,1
masacreenbolivia,1
18denoviembre,1
yosoyantimperialista,1
felizsemana,1
renemosmemoria,1
johnkirk,1
camiloescuba,1
somosmás,1
cubaessolidaridad,1
8octubre,1
volvimos,1
neoliberalismonuncamas,1
cubanaaviación,1
fmi,1
dcballos,1
asiandaestemundo,1
camiloentrenosotros,1
kremlin,1
argentinacrece,1
chileenrebeldia,1
cubaat60,1
28deoct,1
5agosto,1
azerbaiyan,1
nagashaki,1
federicoengels,1
2demarzo,1
venezuelaesdialogoypaz,1
voypormas,1
coanpussicats,1
nomasmuerte,1
nomasguerra,1
piñeraasesino,1
chilequierepaz,1
bolivariano,1
vacunación,1
petroessoberanía,1
27deoct,1
motoresproductivosdepaz,1
renunciapiñera,1
golpeenbolivia,1
minks,1
prettywoman,1
23octubre,1
97feu,1
23oct,1
ecuadorfuerte,1
chileenresistencia,1
toleranciaceroalasdrogas,1
victory,1
alexanderlukashenko,1
palaciodelaindependencia,1
boliviaelecciones,1
7añosdelgolpedetimón,1
padrón,1
26deoctubre,1
otaola,1
lulafuerza,1
brasileño,1
singwith,1
chiledespertoً,1
yovotoportodos,1
finanzasyprecios,1
ingresosalpresupuesto,1
chaumacri,1
24deoctubre,1
fuerzachile,1
nestorvive,1
chileprotesta,1
4ago,1
revolucionessociales,1
absueltoporlahistoria,1
tenemoshistoria,1
25deoctubre,1
silamuertemehablara,1
flow,1
dialogopazyvida,1
peruana,1
jugamostodos,1
canaldepanama,1
thisisamerica,1
tusencantosprovocan,1
diálogopazyvida,1
festivalinternacionaldelatimba2019,1
5deagosto1994,1
todos,1
videojuegos,1
radiorelojreportando,1
eldiablotehablacuando,1
policiciacubana,1
fábricadeartecubano,1
amazonasfire,1
brasilurgente,1
recuperadoresdevalorescamagueyanos,1
aniversario59,1
supertanker,1
soyfederada,1
soymujercubana,1
danzaactivainternacional,1
entwitterseencuentra,1
22deagosto,1
piensacomopaís,1
policíarevolucionaria,1
unidosvenceremos,1
soroa,1
16ago,1
notohelmsburton,1
lahabanaencarnaval,1
25agosto,1
partidocomunistadecuba,1
nicaragualinda,1
17ago,1
holguinciudaddelosparques,1
ifb,1
carnavales2019,1
tweeteopor,1
vayasuertecuando,1
orgullosadesercubana,1
3septiembre,1
somoscontinudad,1
venezuelaunidayleal,1
venezuelaunidadyleal,1
vietnamheroico,1
roboré,1
bolsonaroasesino,1
23ago,1
prayforamazon,1
federación,1
federacióndemujerescubanas,1
chávezsiemprechávez,1
23ag,1
diainternacional,1
8deagosto,1
eeuutebloquea,1
consolo1toque,1
apure,1
beliz,1
yovotoff,1
siemprepormás,1
urss,1
ciudadmaravilla,1
modoacivo,1
7agosto,1
22deagostode1922,1
redescubanas,1
59aniv,1
21deagosto,1
20agosto,1
matanzas325,1
fidelpresente,1
argentinaecuador,1
dagogical_university,1
medellin,1
colombia_duke,1
coup_bolivia,1
latin_american_strategic,1
jeanine_añez,1
fermercenario,1
gilberto_silva,1
michelangelo_pistoletto,1
arecontinuity,1
flamengo,1
camacho,1
guillen,1
fidelporsiemprefidelimperialistfidelvives,1
diamundialdelaasistenciahumanitaria,1
fidelporsiemprefidel,1
statesman,1
twitteros,1
former,1
roo_skerrit,1
commonwealth_dominica,1
national_trade_union,1
salvador_cuba,1
fidel_castro_ruiz,1
pioneerita,1
24defebrero,1
24febr,1
yovotésíporque,1
yovotesíporque,1
61,1
loyalcastro,1
rtvcomercial,1
lunamanzanares,1
vuélvetecanción,1
alemana,1
felicidadescomandante,1
ujcbiocen,1
mihomenajeafidel,1
idel_chavez,1
amerindian,1
26marzo,1
tumiradameinvita,1
9⃣3⃣cumpleaños,1
diabéticos,1
saludparatodos,1
graciasafidelcastro,1
lourdes_garcía_buchaca,1
gabrielgarcíamárquez,1
lluviadeestrellas,1
crimea,1
6junio,1
endtheblockade,1
cncc,1
joveclubteconecta,1
redcomunitaria,1
16deagosto,1
teamdioses_míticos,1
mifortlezahoy,1
chavista_president,1
antonio_guiteras_holmes,1
ffa,1
northern_empire,1
fidelsiempreentrenosotros,1
sierraaránzazu,1
13deseptiembrede1964,1
clanpussicat,1
11sep,1
pongamosunafotodecfk,1
trumploco,1
dondeestes,1
perdoname,1
algodemi,1
festadoavante2019,1
rocíodúrcal,1
camilosesto,1
joséjosé,1
atencion,1
13septiembre,1
socialismoprosperoysostenible,1
9sep,1
periodistas,1
jovenclubs,1
10deseptiembre,1
díamundialdelaalfabetización,1
venezuelaindetenible,1
09sep,1
esteli,1
juanalmeidabosque,1
cubasiemprevencerá,1
colaboracionmedica,1
mipaisesejemplo,1
almeidasiempreensantiago,1
11desept,1
cubaporsalud,1
solidario,1
lulalibreja,1
internacionalista,1
vamosagritarque,1
bloqueogenocida,1
cubaindetenible,1
diadelaindependenciademexico,1
venezuelaisnotalone,1
unblockvenezuela,1
venezueladicenoalaguerra,1
viernes13,1
elpueblorevolucionario,1
resistenciayvictoria,1
boltonestasbotado,1
domingoespetacular,1
vivamexico,1
13deseptiembre,1
juanguillermo,1
puebloprotegidoenrevolución,1
díamundialdelozono,1
macrisis,1
felicesfiestas,1
15septiembre,1
comandantealmeida,1
alcemosvoces,1
almeidasiempre,1
11septiembre,1
11sept,1
nomábloqueo,1
vivienda2millones800mil,1
canalcaribe,1
vivacubasocialista,1
jg,1
nicaraguasiemprelinda,1
5deseptiembre,1
lobellosdemipaís,1
copavenezuela,1
4septiembre1945,1
tuva,1
fotosinéditas,1
hongkong,1
carnaval,1
miércolesytengoganas,1
5septiembre,1
5desept,1
entrerevolucionariosnosapoyamos,1
bolsonaromiserable,1
bibliotecanacional,1
aniversario500,1
31deagosto,1
1deseptiembre,1
habana500cuba,1
agradecidosdelarevolocióncubana,1
tuiterosconmaduro,1
trumpvetealcarajo,1
2sep,1
buenverano,1
josėmartì,1
2deseptirmbre,1
septiembre,1
primerdiadeclases,1
curso19_20,1
lapalma,1
cubseduca,1
1septiembre,1
7sep,1
7deseptiembre,1
venezuelarevoluciónsocial,1
6sep,1
6deseptiembre,1
amazoníaenllamas,1
otracosa,1
yameroes15y,1
10sept,1
frasedeldía,1
isladelajuventud,1
mihabana500,1
patriaparatodos,1
pnrcuba,1
computación,1
laverdadnecesitadenosotros,1
conoce,1
cubaessegura,1
gentedebailando,1
domingos,1
felizsabadoatodos,1
reportajealpiedelahorca,1
juliusfucik,1
8desep,1
diainternacionaldelperiodista,1
díamundialsaludsexual,1
huracandorian2019,1
cuervodinamica,1
lulalivreurgente,1
playasirena,1
playapilar,1
celinedion,1
31e163690b241689f238be77e6729120ea06892d53,1
277de767a37415a8a3bcabafddaa913674b324c092,1
4921c8e996190b573219f440a42a7aed74e1977318,1
08d1a3df4a0def831160509d85a656751be0595f6f,1
f8f1b1906eb2122fdb4b17052057967ca4c5ac1064,1
deb69b53b710dc2bd1ac635267fbdd9bba33201436,1
152134b47b6af02161d7ca06957c7d413110299719,1
160f48d89750b97603f0eca2cf088b66b9083e6bb6,1
telodigoenpeosa,1
luladasilva,1
invictocomandanteenjefe,1
presidentediazcanelb,1
f9c1569ce00483adbfee65b632914da2b2c09307bb,1
78059e90f710840159df4d64737758d97f8235a977,1
premionacionalarnv,1
jornadacontinental,1
áreaswifi,1
guaidoladron,1
imss,1
información,1
twitterosactivos,1
joséantonio,1
proteccionsocialgarantizada,1
julio26,1
cohiba,1
bolsonarotraficante,1
74cf7f00d82cc9841bc6877289baf68fee8a1d57ae,1
bajandatrumploco,1
tantamaldad,1
victoriadelpueblo,1
agostinhoneto,1
ixcongreso,1
nosotrosnoolvidamosnuestrahistoria,1
haciendorevolución,1
49631cb713f7d1e32fb66d42c341c6dbb43766eee9,1
832ef3178b01cc670b1bf4d50c020c45e4fd1a2791,1
6895542aa33c33ea3cb72958f734ea67ce85c0937e,1
9682805ce9246b1e72dd0f80f3062801b28e5279d4,1
8cc53ecaf780c48b35db00d5159cc08ce771af9eaf,1
d3053338c4e220e0352424d9a144c498761c41dbf5,1
c17668a060d11298bbd53ee08c186920df918ff7a7,1
jovenclubinformatiza,1
cubainfomatiza,1
telefoníamóvil,1
todosesfraude,1
comisióndeatenciónalosservicios,1
móviles,1
70212f91178d854d557a3613950f9fffaa2048ac6e,1
politicasysociales,1
recursoshumanos,1
jovenclubciego,1
yanquis,1
320346f35f29c3c1fe4e94cbf002121b0b613928da,1
69ba4b51cf69be8059832234c42297fff23a47dac0,1
731a36747497114c609cc07f90f73d8e5c9ff42848,1
4099c162ace33a8ca0d7e7fa1a5f6be490d837fa15,1
jovenes,1
generación,1
vamospormås,1
meponecontentosaberque,1
b753dd5e0d99020d176d41c4b2565f2c3dce16c937,1
e65339f6bb93f742c97b83e8ea011639150c2b6d64,1
e1fbbbdfda97f85485c792d26fcf275953670b9ed4,1
felicitar,1
somoscub,1
miercolesromantico,1
yanomás,1
cháves,1
8dejulio,1
oswaldoguayasamín,1
leydelapesca,1
9jul,1
saldremos,1
happybirthday,1
felizcumple,1
forousosegurotic,1
lealesachavezymaduro,1
10julio,1
elmomentodeliomessi,1
feem,1
motorautomotrizenmarcha,1
unionpazydiálogo,1
2m700milviviendasparaelpueblo,1
11jul,1
rrii,1
unica,1
industriascuba,1
12jul,1
seguieremosvenciendo,1
partidopopular,1
transformaciones,1
parlamentocuba,1
cubadecidió,1
hlvs,1
economíacubana,1
02jul,1
noalalleygarrote,1
1dejulio,1
elliotabrams,1
1jul,1
449c32b832184402c7de07f51203a12e190d4c868a,1
cbadb202e02af747b134ffb2508e64673abc84d515,1
rebeldíanacional,1
luanda,1
lineaaéreadeangola,1
clt2019,1
clt19,1
llamamaientodelcaribe,1
shakeyourhands,1
haciendocuba,1
deportecubano,1
nicolasguillen,1
cobertura,1
tendamospuentesnomuros,1
9634affea4612f901db41f989d45f859c23085a4f0,1
8217c214a9619ea51909d2af8b6089942bb8eec964,1
e413a6d76e123d5189c6528eaa8efe9dd7a3358506,1
956bba8ea40b29adedb0f6ad1a031899e53ae2af78,1
reddeportiva,1
alertajovenescubanos,1
978755e428ab4b01e193afaf841affe3b0adfc2faa,1
08a1e850da06a245d7b6345886a0f06552a7619081,1
56d54bb9a7822beaf663e0fe91bb744f3a41f29f2c,1
9b689fef6e73ee7999f4c8e5e381eb60732b2ead9e,1
066b0a02c76fb92c2bc541c0625563a3625af2ec02,1
715cd3a14c33d564db0d793f8ee93e5c92b590d5dc,1
ee0359ab2e04646aa017cf36f652c258ad770630a4,1
tics2019,1
4acc27c2e916076dd9f7e9959f591b4f7c3b3ef7c6,1
f48f888dbfc5dc092abb1b67d884f1f4f26a019136,1
30e0eaa1ee6a159db6d78efe1cedd216634be73762,1
815180c9323a357931758dc703b74ad5bc6927b5b3,1
d23d6c3c9a7365fc158d488390ce9a355e14d2c3af,1
f657c9df761f5e093ec9ce5a4c4154b804fa7ba194,1
6b17cc8b929ff1cbc4b39a75073c14557c146449b9,1
2a9f288f893352be1e03aa6f599da9a63e205a12e9,1
391ccded6e6117e7308d59ac5a5f8c1553e6b6fe15,1
a9bcad60237bfa5f542507ceac24ced404b9f1634b,1
calor,1
muestromirebeldíasi,1
fe3924be8b80e90130873c9efb69c4dfba29e1ab74,1
7cc6328d0d85b5c4f8027d4bb068ccf1f37df29939,1
80d9061d7217cb1c7fa0e0ea0535875ad36dadba24,1
legadodenuestrocomandanteenjefe,1
af4260b77758289da477bc58d6aa1a28103ea83760,1
f5c07b90bb3efd42cea6495f1299ddac85cef8e29e,1
tratadepersonas,1
caravanadepastoresporlapaz,1
ladron,1
poramorhago,1
25junio,1
1erforonacionalgobernanzainternet,1
consejopopular,1
congresodeobstetriciayginecología,1
unitedstates,1
drogas,1
3d5a5619104071551a9e018023b9af9d390f8cbc05,1
2dbfaec1e88fdbfac98f9f2bdce5574e275244da87,1
escuelas,1
b005b60702719c3ccbbcf5b323c53eb14e1ee83cf6,1
amorconamorsepaga,1
chavezlluviadepueblo,1
porvertesonreirharia,1
15dejunio,1
guyana,1
todalaradioaqui,1
novadroid,1
feliztardededomingo,1
yoamocuba,1
leygarrotehhelmsburton,1
máximogómez,1
cibermercenaria,1
20jun,1
lulalivrejá,1
libertadparalula,1
2207b7a5225aba99c5cc09a07578d87b3534613689,1
gobiernoelectrónico,1
fgi2019,1
prensalatina,1
juntossomosmás,1
yosoycubano,1
fueramacri,1
f3d7b3480b46f7da110f6a439ee87586f6d5d1349c,1
9e7c2d937792d7fd7b6e2d8b89db1c804e7e81c17f,1
917bfedd110e9723a6347bf4f884e824c4adf3bf92,1
bf8385db38105d010ae6b899fa2bd72b773292456a,1
0c530e08166ebd8863d4340fa36876dc048dacb9d6,1
446efec31b82dd4544d4d76636792e5bb420d2ce2f,1
13523fbda2978215bca5ca21c62bb54b11dbf9c5ce,1
a7fd0be734de7ba28a9ae848f52eefdf233187dbe8,1
09e4f4d8d2112996d0006c80cd2493d997a0ff97bf,1
uic,1
ae20c41f9a214fe10433333624a03541b2eface26c,1
0f97f67fc9b1812cb33a0fcbf63e3cc3806e994e20,1
30893c635cedbc5dbaf076a6e204d51863d51c232d,1
web,1
cienciasinformáticas,1
fielesacuba,1
fieles,1
díazcanelenpinardelrío,1
viñales,1
diazcanelenpinardelrio,1
visitagubernamentalpinardelrío,1
niconsancionesnibloqueo,1
listasnegras,1
tienenqueparar,1
inmigracion,1
igfcuba2019,1
misdesvelosson,1
enfalenin,1
presidentecubano,1
últimahora,1
béisbol,1
somosjovenes,1
telmary,1
videoclip,1
nuestrarevolución,1
jóvenesrevolucionarios,1
jornadacucalambeana,1
aumentosalarial,1
6a0c926329e72490c75f8d9cf348fa148a916d6649,1
77f350614484f2936cf671bdf7d1ca53b76069947d,1
revoluciónesunasola,1
crisismigratoria,1
tabares,1
5heroes,1
yoconsumocultura,1
nicas,1
27junio,1
republicadominicana,1
efeméride,1
económicas,1
eliángonzález,1
28junio,1
camaguey2019,1
centroamérica,1
trumpomueca,1
d51c7526ee44d7bf94f5cf82286d45121cdfdfd076,1
9eb1664d46265075d3b23a8cf0225ed89f2d3481af,1
e37a807fc502ebe3d36523d70b2f0a0bd3973dfd0f,1
30e60b99cae707f54fef950071926a899d286dbd57,1
90fd5eeae4c2e9e14d1d9f9fb9bcb4458bec4e2e2f,1
7a4bb9a0f52e859035ef79fc7cd4019c70662fb8ee,1
a589eba9c83c4868cd01341e4664ff176951a30f63,1
d2f8470a1063b9f8b5257ba164b67e8892f05832a1,1
c52cf772567410e685907ca0ae971bd52c32271c93,1
f264cbc41553087a1b0844fff3a29091585a9e3ab9,1
d3bbdded2cfa303a6c8a3fc640bc9ae0eae60aa520,1
aed212ad0a848bbedacb565503cd8a5fc447028ec0,1
6240f97b3f441f3614199aa17b385597de74315295,1
232289d366525206b14228e3e3760798d0e9bb4651,1
8ac8102f863d82b211e89513bb58b9fb9026f75e30,1
3f0fe46d56286a35eead3006b4bacff5b80d5d0d6d,1
1371abd3fb319e269d1f87d67de95076d243e22a38,1
c0709ce66dfb0fedf385cce7111eb6024d2ada8206,1
58185d556229b1f10367d95654e74bedade29c62e3,1
trabajamosporlapaz,1
decubayloscubanos,1
cardenal,1
26dejul,1
1ago,1
jorgefélixálvarez,1
smlm2019,1
diadelamadretierra,1
20añosmesaredonda,1
2deagosto,1
lázaroálvarez,1
juliocesarlacruz,1
lainfanciaimporta,1
agosto2019,1
agostodecelebeaciones,1
8jul,1
7a374a5199cfbda9d3e8f37dad94c8c57485c9736f,1
22c7e7e255b91f6822a2dd8a1b945e11bbd491e40a,1
90d5858573c1b464963cc5bc646f6f64a5854b2ad1,1
fcf99c19f04ef20b086afcfd652c852d6ffa2c36cc,1
b7902f44796468b87e1862858f74d88416bd05a0c2,1
américazonadepaz,1
soyuncaospor,1
diamundialdelaalegria,1
13dediciembre,1
14dediciembre,1
ixcumbreacp,1
otan,1
democraticdebate,1
somosgallosdepelea,1
felizagosto,1
c4fca38546fb52f4b978a823cc15cfcbc0ac8553be,1
barbados,1
felizdevivirencuba,1
díadelainfancia,1
agradecida,1
erick,1
agradecido,1
provocamecontu,1
provocamecontus,1
robertofernandezretamar,1
ernesthemingway,1
sosnicaragua,1
mnoalconsolidadlapaz,1
2806e28548e77f4289bab9dba6b5ad50c2ca09f4ed,1
5ef0e7e643f97173ef4cc7f99828627a09254bde7b,1
cubaporlasaud,1
fernándezretamar,1
cubaeslibre,1
payamercenaria,1
eeuuincompetentes,1
26dejulio1953,1
cubaes26,1
23dejulio,1
liberia,1
sierraleona,1
2cee3ed1f13935c3c1a36535e9f302c6cfbb5f1a47,1
93a2f5a1794f42a18aa27d99f0df9e2724c48c9416,1
lasverdadesdecuba,1
policíadelpuebo,1
política,1
económica,1
28dejulio,1
1enero1959,1
poemasdelalma,1
punata,1
evonoestassolo,1
evoelmundocontigo,1
evonoestasolo,1
diadelestudiante,1
19denoviembre,1
libertadya,1
impeachmentin5words,1
20nov,1
denuncia,1
diamundialdelainfancia,1
boliviaresisteelgolpe,1
senkata,1
anezasesina,1
nuestrocomandante,1
22denoviembre,1
revoluciónmexicana,1
yquemeimportasi,1
23nov,1
renunciaañez,1
wiphala,1
ferrermercenario,1
almagrodasasco,1
bukelepelele,1
31octubte,1
programaapoyocapital,1
soycomunista,1
mireflexión,1
venezuelaantiiperialista,1
síporlapaz,1
23denoviembre,1
savon,1
pormihabanalomasgrande,1
boxeo,1
3ago,1
fidelvisionario,1
fideltulegadovive,1
masmedicos,1
lastunasen26,1
forodesaopaulo2019,1
no,1
oro,1
lima2019juegos,1
fidelsiempre,1
comorecordarafidel,1
bouterflika,1
diainternacionaldelosderechoshumanos,1
boliviamasacre,1
dinamicuba,1
lauciesfidel,1
fidelespueblo,1
difundir,1
vivaargentina,1
quiñonesmeestámetiendo,1
28nov,1
ntv,1
josedanielferreresunfraude,1
parlamentoeuropeo,1
9dic,1
alianzamartiana,1
qr,1
bononavidadesfelices,1
domingo24novi,1
objetivoalavista,1
rosablanca,1
17julio,1
88f487b10d0440d8abbd39f6a38ae4a56c0e434bff,1
2fc50f0ee925f6b656f7f7e643141932cf072b438a,1
e4da630bdeff77dfaa792f3698e8565e9ed6724a74,1
e24faab74db42f80259818786ff343df914ace6ed4,1
tereto,1
buenanoches,1
6fab21832cf4b0513faa5add2c706f99cc67a84821,1
3cff92a278e19acd99e54e7fd90f36fdf83a93c7ea,1
973795a382d2463460308f659d827ac8c113708617,1
a1666ba47c67d9ae89746f118afd5d29068d980145,1
a4d13284ef1e1281bff4aa982a402e2d449af4f70f,1
39afea84267c0f39ba9e257233a3218d3e4097ea8b,1
casadelasamericas,1
968120557c03ecdd8f1a7076b92fe1b961294bcfda,1
4008609a654bb11c8073290905211fca82e0c530d3,1
22a4283f46b148352399548dcee5ad681c4bb91906,1
fidelsomostodos,1
lucha,1
respeta,1
tienesquehabernacidoencuba,1
leydeajustecubano,1
colorado,1
ed6849dbbba969d983c9612cb636c8fa0af8b00588,1
5863dbadb78d112d316a325cfc43504357372fb72b,1
9d4cc0a6775e13b4bee051d49b6781d745212e89eb,1
cubadecidesocialismo,1
14dejulio,1
atencionintegralparaelpueblo,1
3f86900370d27967c60b511f9840b6a3513959739a,1
exportarmás,1
8julio,1
fca1157504349602ea543f8d13f25e92ab15d631b7,1
fecfffc153c88a1ff5af888c376a021d1c2795e5b1,1
13julio1951,1
autodeterminación,1
duque,1
a6920e9954c0ae2e9e2376a2e7ffdbd30cc33f80d2,1
4a1901fcaaea3e73ca8edeff4f543fb5c12f142342,1
2c94fff0c157466717908cdb1bd4c3c93defac37c4,1
jovenypueblocubano,1
cubaislahermosa,1
pinatdelrio,1
6julio,1
6d11bb3a52f8d32a11189894cbb51bd70aedd1634b,1
500aniversario,1
ciberatas,1
tiatata,1
bajanda,1
twiterosdelmundo,1
14jul,1
sueño,1
domingo14julio,1
ferrocarrilesdecuba,1
amigostuiteros,1
griezman,1
santa,1
símbolosnacionales,1
ciberratas,1
felizdomingoen,1
familia,1
copacabana,1
mentiras,1
devuelvelabasenavalyanquii,1
tunomerepresentas,1
gopracists,1
asylum,1
19julio,1
diálogoavanza,1
laflorida,1
barbararubio,1
doble,1
daniel4019seguimosvenciendo,1
leon,1
hiena,1
campamentosdeverano,1
educacionsuperior,1
16dejulio,1
memoriahistórica,1
cd3ec82ac178c5d938867f9266aac2aceeec5a309e,1
5fecfc474f4bdb556bfeed1567cd28717343565804,1
98d93d2db5dcc2c0ddb87db9681b0701def1bfa9c8,1
5548a2bee5cfa72cbb0e8fb6bc964f040e2226fc43,1
6faa5e65f78a708472a22c96c56c16a52313f1d958,1
liubamaríahevia,1
hemingway,1
21juli,1
siemprehaciadelante,1
casa,1
pabellóndeazcuba,1
díadelniño,1
multilateralismo,1
danyglover,1
americanwayoflife,1
expoferia,1
tamarindo,1
suecia,1
ami̇go,1
mincult,1
hlpf2019,1
19jul,1
15dejulio,1
boqueo,1
friendsday,1
nossobranrazones,1
yayabo,1
cigb,1
9b66e4c5934b73a84467181fb1b3d6dad387fd96e8,1
5f952b580634ca7799c116c6101948e7c9d3509653,1
e8f1ca1f8b28a927cbde5c902a60f7eeb2020819dd,1
a85db067c6f2311f3aeb96d0c877f3905b24489a4c,1
67642b06c54818d231714fbc54d7e8c054afd87d71,1
76e81bde5a34b1c59aa120f3a66e6393cc2c883569,1
9498e30eaacf83ff97fb689363d4e9be1a3e9438f0,1
58cd22e42568f19bc598eb20bc305bf1db71b0178f,1
nelsonmandeladay,1
mandela,1
3ea663430cfc40d03ba99326b3b02851fc72257750,1
porlahabanalomásgrande,1
fsln,1
cepal,1
cubaeeuu,1
amigosdelula,1
esquerdistasseguemesquerdistas,1
cucutazo,1
98fe01e3cbce42987b3ba87181a8a3d097fe8ef2bb,1
noticiasnacionales,1
duchess_cornwall,1
anniversary,1
nobel_peace,1
sidartha_marin,1
elan_authorities,1
disqualified,1
cuban_immigrant_latin,1
henry_gustavo,1
socialist_regime,1
washingtondc,1
cubanosporelmundo,1
april17,1
valdés,1
30abril,1
cubaapoyavenezuela,1
ba46928f4bbfc91a5fafb276937a244c9fd656acfc,1
tomasavanzamosalarevolución,1
visita,1
vivienda,1
somocuba,1
noalcapitalismo,1
mayo,1
antonio_mella,1
university_havana,1
camilla_cornwall,1
prince_charles,1
icaique,1
noches,1
guaidootravezfracaso,1
puebloendefensadelarevolucion,1
wushu,1
venezuelavencera,1
caribbean_world,1
ahs,1
homeland_cuba,1
isaac_newton,1
ocean,1
electricity,1
victor_martín_angulo,1
cuban_money_project,1
noalgolpeenvenezuela,1
misioneducacionsuperiorvenezuela,1
nuestrofidel,1
crystal_crest,1
world_wars,1
association_caribbean_states,1
abortion_rights,1
nadi,1
organizations,1
theophilus_stevenson,1
cuban_olympic_world_boxing,1
fo_perez,1
raphael_serra,1
rio_de_janeiro,1
earth_summit,1
soul_cuban_revolution,1
verb,1
forvenezuela,1
venezuela_uae,1
nicholas_government,1
envoy,1
cartridges,1
ventud,1
women's,1
lombardy,1
crema,1
eddy_sierra_aria,1
battlefront,1
international_medical_brigade,1
cubavsbloqu,1
bolivarian_national_armed_forces,1
upc,1
cert,1
vivavenezuelalibre,1
históricaplazarevolución,1
obreros,1
tuneros,1
nohelmsburton,1
cespedes,1
happywednesday,1
trabajadores,1
vivael1rodemayo,1
cabronesconcubanopodran,1
vayansealcarajo,1
revoluciónsocialista,1
2demayo,1
uruguayan,1
imperialista,1
endefensadelahumanidad,1
el_mercurio,1
heroes_de_azul,1
camerlista_ferrer,1
secretary_transport_union,1
multidisciplinary,1
international_relations_commission,1
todalaradioaquí,1
gooddays,1
primerodemayorojo,1
fiestadelostrabajadores,1
mundial,1
estrellas,1
trabajadorescubanos,1
revoluciónesunidad,1
juventuddevanguardia,1
másfirmeshoy,1
cubanotemetas,1
acosta_abrahante,1
diosvany,1
curve,1
oposicion,1
con,1
ban_embassy_united,1
dilma,1
temer,1
international_health_centre_prairie,1
ruben_martínez_vilena,1
beatles_lennon,1
havana_dond,1
chavez_simonbolivar,1
argentine_republic,1
holiwoodence,1
little_marco,1
platinum_film_awards_gala,1
cornwall,1
duchess,1
royal,1
northern_italy,1
larevolución,1
soycubano,1
unah_cuba,1
gubernamental,1
diamundialdeladanza,1
29deabril,1
primeromayo,1
consulcubavalen,1
amelia_pelaez,1
world_science_award,1
center_prairie,1
redemocratization,1
dominoes,1
mlb-fcb,1
maria_fernanda_spinosa,1
nba,1
xxi_international_biennial,1
international_biennial,1
frei_betto,1
afro-descendants,1
middle_east_africa,1
marcelo_sal,1
socialist_democratic_revolution,1
b_baseball,1
fcb,1
hispanic,1
plaza_de_mayo,1
golese,1
centre_prairie,1
jane,1
vietnam_u.s,1
neofascism,1
tura,1
american_flags,1
asange,1
enton,1
hypocrisy,1
american_flag,1
alex_mauro,1
luis_manuelotero,1
cubayvenexuela,1
casadelaslasaméricas,1
martívive,1
lulaço,1
américalatinazonadepaz,1
27deabril,1
27abril,1
9na,1
malariafuture,1
21años,1
lacasadehaydée,1
cuban_caribbean_cayman,1
the_revolution,1
ana_betancourt,1
united_states_air_force,1
buenafé,1
laluchasigue,1
chavézvive,1
guaidopuroblabla,1
xxicogresoctc,1
infamia,1
calumnia,1
dinero,1
yovotocontraelbloqueo,1
laseleccióncubana,1
dawning,1
cuban_pioneers,1
landyyassel,1
si,1
artículo,1
decorarte,1
60yma,1
cerebrales,1
tumores,1
siguemeytesigocuba,1
produciryconstruirparavencer,1
donaldmoreno,1
convicción,1
soy,1
abajolahelmsburton,1
jc_congress,1
pablo,1
chief_fidel_castro,1
eleventh_congress_uec,1
central_highway,1
occurred,1
assured,1
biennale,1
"caribbean_world,",1
"latin_america,",1
xi_ugc_congress,1
xi,1
borrell,1
ora_alonso,1
inaugurated,1
world_autism_awareness_day,1
sepúlveda_allende,1
martian_ideal,1
29abril,1
montréal,1
revoucionsocialista,1
lenínmoreno,1
new_orleans,1
hastasiempr,1
newspaper,1
capital_national_games,1
nio_silva,1
eduardo_bolsonaro,1
pioneer_congress,1
balseros,1
socialist_state_social_law,1
cuban_cube,1
inmunología,1
youth_awards,1
57th_anniversary,1
the_chosen_one,1
mr._rubio,1
yugoslavia,1
ancient_rome,1
happiness,1
sam,1
uncle,1
eternal_guide,1
rajoy,1
aprildevictoriaypace,1
estine,1
temozolamida,1
nimotuzumab,1
diana_mendoza,1
51266a201a6bbc5a5241b865a28e45c7e4d476e315,1
b9ef654797681322153319b9038048e00964aa5358,1
70588daed1ffe5c04dd3a4fd983331844748521b51,1
491c35209fe9bfa3c91c8a37ba8030377e384e3d6a,1
dadd783a50d1ec78f443b876fc8c6629f29e75bded,1
b048a65ab38cf470789d74cf2268507af2f7fc3d24,1
089d218a4d9d2d9c44de81c405784f316490535474,1
22ed402e62f912f8aba00a0ca792c606ff01201e80,1
4e95bd93553c46ca3ffca4a9ae8c4f91a161484a37,1
78449a9edddb766b1622aba77d15914f8fc6a95265,1
1ecfe9986fd88dc386be8ba16d38cd5f74ef94394a,1
d64c911076b994cdbf34e66f75d5c90e9049ce6920,1
b4e9af65a9755d40bef31ceb0d00a2c83ecf7c3bfa,1
ebcb7d37e57fb8be1761ff478a1a6f827952af69c6,1
34b4c6021d15d92a5bbf9e06a3a5401bd3343f7e49,1
rolando_gonzález,1
ee2a80d52dea65a74048e7cd2c15e5ff5ca7d0fc51,1
f29d75b12f71d8cb381548ef95ff71986d2a01c7de,1
dddfd63554e4b5bfefbecefe14b78a9887d73ed844,1
0931112e668baefc9dacdaea0d5b04289a2a2419aa,1
9b1efbfa96faee99f495857eedfaa287fbe56d1c3a,1
3333bc3608dbd684d5fbcc8723d56d5d9a5c5d7c46,1
9dc617e97b841701547c5fb8c6850a6bde9f2663a7,1
b4f9c309528f680a54938eeada81523107e8aa5d06,1
6e870246bcbcefea901266f52b1416498c4f53e691,1
3d17427aea0df2f3a68b89b95002d78b8c1ee2f828,1
511424d48ac55986d0a4c7f33196868f4763e4c272,1
0090c4323f27e3714d899a93be974d536d89e003d5,1
b7abe142be8f886b8e527d7f92452ddeba984f3ff4,1
45a0421aae5cf5d05932543f9046b7d6c652d26bf8,1
71b3c2cb35126f55b04019ea4464a5e5273b4e42aa,1
11f3f1051ab1d666e3458b91324f959d5118cbd0ac,1
66cf6bc7165d5b848e6b1814b06121e0b92da7f8f9,1
dbbae8b802fc3df51637cd01c29c6c772c2269a8a7,1
bee6cd74a977ec8df60371827c34f610b2b615983b,1
aff4d14d3afe4eb0ec87a19e9d46263fdc4238a371,1
55014262dd6da3a8c8334c70aee38228ea073e5791,1
8fcd627e15c58a3d1ab66e6711cf0d2f0555dd6f1b,1
073e2ba57b3baa1bbb0cb7824b37f3df57fac0fb55,1
1c279e61a09693416f60150d1006403fe8114c0c82,1
1aec5f0b4505bad2117646b187fc63e69481e0071c,1
74aeb1b9586ffd013079a1fd18098c938d7b397836,1
a82f8e10d88dcea343a55e619b25897d651d8b4eb7,1
f75d17c10b67e1f2b6178b84b83f97952e3eae55ab,1
bef1c47d05346fef1b4eb42ee253fafd1d6ee012a3,1
ae7e4d5e7b18209e78b10d54c83ab6b818c319e5ba,1
33240d71bf58b1b244b67f7170386a989e314a4cd8,1
cbb15dfb5c75e68840c695fe16df72b60a54d0c7f2,1
17bd65c7ab34268d50f6b74a9e57cdafd166e59b65,1
9735824591fd060030e9681e504be8fa4056d25017,1
7cb76982c099c08ac7eb106625c90ddb1a50954665,1
4f3e113e90acbb2e796d40ed4855e23bcfe1801c03,1
b91fbb325d51a0cf0145ea415d6510bf60b028c7e1,1
5fa84aa66fb06578b5284f86d0c1215571fae96619,1
2332ef5a260e46942eab33e21f318d99ef8ac597d1,1
0366c47e197c7ba7c54ab138f98568550a98501e6b,1
9db4fc69ed99fa6fcf524087c6b6301b850a9fe3ed,1
6403404485c3cc83f59fdb7c31095513d17baba56d,1
212cc19f2671135436f811a164c9d1f872b9cb3260,1
7266b4e18820f1c159091bfc9e6d7a9f9e26457e1c,1
5164d8cdfc4ad9f5246124e2112de76ebb8001f650,1
b74d5d43ee47c6caee9e74ded965357ede32c5862e,1
0f7018cd5e3944e3b9a00e71dbf464952160fa04f4,1
e0c03fd10b7161d64357a909e74a18ceb4c7f3c5a6,1
102826bb7b027d664215a7b57e152d885cd8c07016,1
6fb0fbf8b82b31be349cdbc86859e639fffa05ea09,1
fd1488d33adbc94eec8202be11aa0b82cc96452014,1
d7c2b4cbb7681ff3c83059df8e6d99e4442c2eb978,1
8193d7a437cbbf1430354015a62c0944b1c25395b2,1
21e9a85a60fb9f48faeac9533f05dc63f26d1bf26a,1
4a4a8accb8649abdc2a4be97ff9ce8d0a5f72261e9,1
4f1f626c6e0f551383224f1a8f310b9dfbe061345f,1
169ca6739a9e2c6f6b1244986005e8d8b3d80172c3,1
1ac96204d2a36ffdea248d64f19550e394166ea7a5,1
2146ffaadc13c63734f2d823f327212b97dd89b3af,1
f4f814f344451ecb7c4caa7b43fba44eb972aa1488,1
3d4773da910e3b0209d9ab563cab2525e747c7e80d,1
1642a1ae49c2ad7b9b66f15855f3a47a70ecafeead,1
636ea8328c4e992ec6b66de56b92fa0f79b4be425c,1
c85c350a0e97febd28fab4914c8a8dab4acc78c116,1
e0ec6d1782492b360ed9df7f9601f404a2e8b54904,1
2067865267667ac94cdb17f6085d0add20ff829ac5,1
f157e88cc795a9cae8764917436231dc64602df016,1
1d406b687974112df59b25f577618d51f1b250a019,1
fe6044c73d417cdd18d483b5f3fc61a32c4a01498d,1
0f8dbfac0776a5dcf43165a54a857723adcad83f05,1
f7ec99966871d8b4ceb8896c89c68478d130dcef24,1
56ca816292b49e675609d67578be152efb956cffbf,1
32cdb4d0eea7b07ea400a3aa4ecd1c413a4487f856,1
50cf2153bf35115ef990cfa0eda115377cc318eac0,1
8aad723056b7b60c3836772de38211edfd1d04f635,1
d703d9490f1f2866bc490053c43faf0ebc2f4ed5d3,1
leygarrotenonosentendemos,1
diadelacruz,1
trabajocomunitario,1
2dee45b8451ccf43be7e4ea433a2cbf3b6d5eac7b4,1
cc3662986eb93b219f9c0af4dc388e4db96fee41b1,1
e7e7470aa27e6e5825fe57ff1f9c80f06c1a83f7c7,1
2c35607a23ccc578d82a3aae96ce69e3aa263606c0,1
6f798404dadfe5902b7a3ee9f9ace3d3b54ad69d3d,1
5241bdd96d6032f6c34d47111220248940ebb73c0d,1
45291cd81cebfb4b204ddca4d5f9e37f85b35cb989,1
7b05d5a53d2ef2e30d20decba017acdaef770f7229,1
f5b6b5be7fc3f8d77fb517b32a6896d93e2e7e6d85,1
fe8a58e2654a9c16c21c12ad59694283bc0efc2236,1
6857242535b26b794dc1595aad36fcdc9f96228854,1
12b9f554f456491017642249dccb49fa6812b8491f,1
f4bbcdc0e723cafbab1cdeea630168a2ee1f570fce,1
25f7d8aecb083edddfafc7d882035f37529d2d0219,1
c8a70d4f35924160601f54b8dfc0baa47023378e9a,1
db4db7bd1ccc8651df0f3d6fc9b3a446a8c784d4c8,1
ce10b0a72b516a6f5c731b8bcfd18dcdf633b71d37,1
9610ce17bf9f56164fb747a5b4d8fa450b4f4a4f73,1
8ecd897989f0502d3ef0979e549bd8e818cd5dd763,1
479abc160090c8752b9aa324e0305f3cb35177334a,1
787fb8581bfade1d14e51c5d849c32a336821e524c,1
eca14cd988ea7781a2d054c1749121f1b19e4d5ae4,1
3466e1112b2f1f0312915b5b3843dc3ac2434c9293,1
ce0c7b207482529871cf8ada95d4e96e2e7f513b1f,1
333e2d7902c57ca0c78dd5b6478c141bf02538ff6a,1
b91d30a95bc27845642e57b1352fab5aa6cd8dca4d,1
745436f606ad024598bf7fb2d18b9161c590048fc4,1
3cbeaef053c34bbfb64abcf6ae974eaa93576ff261,1
58a4d97bc789912ca31e7f516d50966ddb9fc6315c,1
08d881090ac9043874fe8fe2ad82b561347673cae0,1
54fcdacde4faf1094f9fb716f3c84628478ee175ac,1
9b5e0c3cef4a9b76d533487573b9b7ea421831decb,1
8918fdb6031fba3603514adad13c294d8317c11bed,1
wagthedog,1
vevezuela,1
historiapatria,1
thebigboss,1
leyasesina,1
3abril,1
mincincuba,1
leyhelmsbulton,1
cancelbolsonaro,1
simonbolivar,1
29ca25d926d83c1597ab38dd4b62a23cf02fd77583,1
37066413f257ba553ee8ed420a4c30650f14583e46,1
legadominrex,1
trumpnonosentendemos,1
25aprile,1
0b84dbdbbf0321aa2d4087d961a16dbda493b96cc1,1
c0ceb22a0f753a8cceb65043d0f273d31e56eedbc2,1
64cd2d97c3514a1c988f99674a7b125be697c98178,1
e1edf3c3afd2078d6ab252e4160a886172f8c569df,1
fb6d0910046aed1aa944da5604880251ef4e4c7df1,1
eebe5b01e3f53547ee82264c49d67018d30fb42953,1
956458de06d507ffcd87ebc051957b63137c0505e4,1
b252d13c9c57f9cb1190ad6797e8b8d8ba890c08a7,1
707fda43915353de6084c62bf701f26ee1386219a2,1
8e4d841471f08895942cf456df595ddd4daebede04,1
269dedf05557f70c786ff80a87cb32a42d5dfb2fa3,1
8e0089c6fafdb60b9c063ee58f09f64219a07be5e9,1
0737d7b1f8ee2b92a086971084dcf1b6d210beb1f3,1
1950d38becfe8205403ee0dd5c9b7e5d772f9c4e98,1
7f7717dc29eac0d453a579162a03b3494fbd517e0a,1
ff53cdfc2f9a0e2e967bd5dd0f8f5f095c0fddf0f1,1
d650a4628ca90b7fd1f13f06b33c094e840e9d7d17,1
1fb04faf7b451a0af5f98bee158bc536270509d783,1
f6e294f9c68ce9ac017c2091589241dff5251809d2,1
29ef3852ae1a200e10ea12a6163d956e3dad395718,1
639dc441665e224a7621babf269aca128ebfedf587,1
87055a754b48618bbd34e0278393466d7c97f161ff,1
9319aa1452393ebddd3ac5d5be504a2f31597224ab,1
e95145550c51272ce4f40f80d75dd2b1bf60cdb90e,1
f8f4e71c243015d6963af8dd0b624623a98760a082,1
862d39c5471d0386040643a4d21a8c5286dec05f1b,1
692875be6a4982b172c9621ce2019a132d691b45ea,1
dffc434879271150a57393454d019d52c58f4152f9,1
e6419a02b6cce73a34f3fb6ff3732e8dc28bb87685,1
aba4261c394284f7efaccabb1f3041d8392ddf4b2a,1
0fac0a05260455fa285668a73aac8052776693a7c7,1
beb5b2284c42d5749fd9557fa2382ffc563ce9dca5,1
laleygarrote,1
65db3ce15fd40d4d92e1ffca4046f24b2bcdb62b0b,1
265ab0103bddc0f340b3985f5aacc5a247dd5d37e9,1
77519111f99bf8a7c60b665c79b1a80ca0bc659b93,1
2250e87c2f23919af54e661fa281d23207d21a9743,1
60añosymás,1
maine,1
la_habana_bay,1
marcelino,1
d264391699f95a44a3d2afba2811743eea2691446a,1
8d1bec6fe00e24eba973016d978affa38dca9502c5,1
ee18a28a5a9d923a088eedbaae5f77d88d53454490,1
1f498e134f8ce07c74326db2b6a3ec90935204ba8f,1
5e38187c769d10fa5ec11c4e8fafdde6682f5bcf53,1
2290c6437a060a7817bf5a241adea5029a224a89d1,1
c1df87736309b24768662004997ae78191fbb39673,1
ae061018546d41135f00865680644b9ab8af42cbc9,1
b9d28454888ffd483d940ec9532ad0acf6a39067cb,1
488920bf99eb153b0c2359d597309adad0b62a0d04,1
13481f0629d8ccdc2c123aa4b50fa98a7849ce655b,1
5fb96efc103094d60cd2e5af4cee7db6c80224d73d,1
ef4183f8570c5e1dfdecf5fd9b0a80dfc29433f229,1
1b4748c6afc41db98ec192f419c3a9529e4d5c0b83,1
aae3cc6e9dcf3af917663c0f11e25b8c5a81ec7f9d,1
361564b2d27616e717d0b147d43eb55968363364ce,1
eaf6d5f1fc0b4647544e6cfff9bc7842e4f45df18b,1
11cc649f7953c0869245bf450363425559e6401920,1
2be0f87c4dd48418e61365913e78ff935385614f95,1
36147486fac2524868df986d32af42805bd29de7dc,1
355da2a82d22e2d04f1817f950938ab8d0f315ba01,1
bde7dd68d8601a881b4d472972713ca88a3665066f,1
d04b3c0e1c0a64ee4a6f41682e2243492cc1cb06df,1
1e1f4c76a91f5a366a01d061b140bde1181b4d00aa,1
2611c9a40df1cb3f2cc5d0bd3ea74fcafce92a8f6c,1
746827c08259c59f3f2654873b188a6bf171c20b74,1
b6362e549470db7e6d3564b21138897bcd1a3bd086,1
e461e23e47d6b558865ce179f831f695875bd751f3,1
22324ec479a76d6ba3bd03a249699b6726527959ed,1
638cc0351695f1c8cc8fbc688f0b79e3552b599ca7,1
44d2886abf8fbd0f4821fef2b86ed7808933ca6538,1
3a989d96e1992d6dccf428993e7754644e5b53d374,1
90b81b80c9c687978cc81d5c80d1813bc368a4cc08,1
42cb412fef665daea7bbcb2582f74c347b964b5234,1
3fd3ddf7178145a9d6189a74f5bd911aebc4b2be42,1
1d48094a75d7013b63299017af86cdc444e4745314,1
0ecbde132d1ea67c931a1826fd7df8fe1322045625,1
15fe02b0266996eb1a9949b11e8d58fd92467a21e5,1
e85dff50f886aeba5c0af211a1529fd7bc239082db,1
7b4bb9846dd9bd8a6ef922268cd7a6582cd42ae05f,1
68fde89686a854c2ac82812bbe0ad71ba4ece5879f,1
6e4c0a1d2606a30666aca9ae7450f56563768ed9d7,1
ee7287eb1654935f8d41b39f0614f27bd7fbeda776,1
5c6a44c40db3512fa9fdd645d667419ea0faf47e9d,1
2ffce9a27fd721e2fe6066eff7fe5e9d9b304b341d,1
08e887e8c73c85c691eadf4a66770ff5a8b548bb5c,1
a27466479dbeac1997e926c0f0e58958cf1ef96d0e,1
9c68058c68b6202bae9b212cdb3308da296ed644a5,1
ac1647baf827e99af85b5a31d2e922fd1fb20876d9,1
b2e607c0ca3939b2d4f9798886ea784af95ebda7f9,1
9b2f1e87c633312256dbbd77b1f0c9d33a6eca85ef,1
9b18f5e84bec0cc29f94be9f22ce0a90f80b4abb2e,1
ce419decfce4e3d1b06d1a43f37410029af02508bc,1
594d1be70c4f43ff9fb949356408163af1238f2ed7,1
aa041065a67d8a0e6030688faa198a73742bf37030,1
151bbdaf6b5adc5da70ff35dad33347e3200bade31,1
c5862c6669737e848adbf233c7ab8bc0f43bf4287c,1
e37a81e313c83790d13549decd0ae041f50a752693,1
11eceec7d9ed84f7a8082014009f11bc128ceec6ff,1
b6ea6bb136408a90f2ded266ac98e084a63308619a,1
b1f347516dbb472c538a839b30710c3b05cfee6841,1
6c64bf89ec5f05a1bf01ce5c5c72def6965130084b,1
ea10df3e3a322958c577d7f016e250b0d43ae6908d,1
d20f997bdb346c28ac2b803945a381a491a8a20c67,1
4a9ff9bdcfaeb2171a0bd1b2e4ea1b4b774fb56694,1
aaaf336a896c52249004e3719b0c2bd6afc8a9ef73,1
ecfff49e76dcd63fe7ecdb2c1ea6fab8858201b28b,1
7ce396163a6d610557b09f10b32b8e07b687304bd9,1
fa139258a84e40027efd623e6babad06056aed2e91,1
53d7dee1ecbd22d6946f1bb90cb5f79eada036c9a8,1
a7be3ea57e83ecf758aa0b4fe66bf2a0f802df7eb7,1
c072fd5f910d54bcaf1df2ea43361d165470760c49,1
elizabeth,1
perez_jiménez,1
titanium,1
guatemalans,1
bartolomé_masso,1
haydée_guerrilla,1
oldest,1
nicolas_ripened,1
monks,1
odalis,1
rafael_pérez_cristo,1
leyel,1
katari,1
damas,1
assaulted,1
guamaro150,1
sri_lankan,1
delahabana,1
abrahams,1
annual_convention,1
dr._fernando_gonzález,1
sovereign,1
america_caribbean,1
hayde,1
abrahms,1
namo,1
trab,1
ramón_lavanino,1
elisbet,1
participating,1
foundation,1
jihadists,1
american_marriages,1
marianao_municipality,1
yoamoacuba,1
alegría,1
deborahandollo,1
150añosdelucha,1
pueblounido,1
fine,1
diadelatierra,1
xivbrigadaprimerodemayo,1
preciosaniña,1
niñez,1
colonial_ministry,1
daughter,1
quierepaz,1
yodigonomasblocking,1
20nicaragua,1
20venezuela,1
amnesia,1
venezuelan_brothers,1
nagasaki_hiroshima,1
antonio_larrea,1
university_council,1
all,1
treasury,1
american_imperialism,1
martha_rossa,1
latin_american_cultural_integration,1
lionel_messi,1
haley_helmsburton,1
u.s._administrations,1
cuban_volleyball_league,1
planacciónencubierta,1
operaciónpeterpan,1
enmiendaplatt,1
tratadoparís,1
internationalworkersday,1
abril,1
dr._reina_rosario,1
venezuelayelmundoconmaduro,1
yankeegohome,1
24ene,1
norte,1
sur,1
18claevenezuela,1
friday,1
cuban_20th_congress,1
juan_bosch,1
lahabana_park,1
walter_martinez,1
gendarmes_democracy,1
cuban_biennial,1
xiomara,1
ley_helms-burton,1
l_díaz,1
cubs,1
caribbean_prosperity,1
courtyard,1
david_torrens,1
esteban_lazo_hernandez,1
square_havana_cuba,1
christ_united_states_cuban_council,1
marians,1
caribans,1
wilmer_rodriguez,1
millionaire_lobby_united_states,1
dayz-canel_center_state,1
skid_row_downtown,1
yenben,1
venez,1
wells,1
tide,1
josé_manuel_garcía_vázquez,1
dance,1
cuban_u.s._church_councils,1
diadelproletariat,1
invader,1
red_gonzalo,1
eliot_abrams,1
operaciónpluto,1
mrs,1
eliot,1
nobyl_ukraine,1
congresoctc,1
kenneth,1
horace,1
martian_notebooks,1
trumptienesqueparar,1
protestadelos13,1
díadelidioma,1
libertadparalulaya,1
derrota,1
libre,1
fuerzalula,1
operaciónmangosta,1
s._ann,1
laura_marian,1
céspedes,1
versos,1
financiero,1
comercial,1
económico,1
parís,1
ipvcefedericoengels,1
aniversario25,1
aniversario25citmacuba,1
delegados,1
zanqueros,1
scumbag,1
john_ring,1
jeffrey_sachs,1
cuban_american,1
errol_flynn_sierra_maestra,1
channel_2,1
julieta_florentino,1
camaño_deno,1
cuban_march,1
churches_christ_united_states_america,1
churches_christ_usa,1
rebel_governments,1
hamed,1
mama_rose,1
arts,1
national_prize,1
mr._manuel_ventura,1
palestine:,1
spanish_poetry,1
charlie_crist,1
readgarrote,1
old_lopez,1
leopold,1
venezuela_united,1
luis_capellone,1
ricardo_stuckert,1
intervention,1
higher,1
nato,1
javier_couso,1
cuban_youth,1
trade_unionists,1
fidel_mart,1
dawns_island,1
dp,1
oscar_lucero,1
mr_donald_trump,1
constitutional_government,1
coups,1
suscuba,1
michel_mirabal,1
venezuelan_army,1
terno,1
acio_de_miraflores,1
livar,1
camilo_centenfire_university,1
fidel_pr,1
afternoon,1
20deabril,1
trumpirism,1
oscar_lucero_moya,1
ridiculous,1
brown_garcia,1
メキシコ,1
haydee_santamaría,1
sovereign_nations,1
rica,1
costa,1
jose_rubiera,1
domination,1
josemarti_americ_republics_america,1
king,1
international_terrorism,1
trump_bolton_abrams,1
alexander,1
accuses,1
assault_moncada_barracks,1
marruz,1
josé_valdés_reyes,1
ueb,1
prosa,1
barbarians,1
president_silvio_rodríguez,1
amaury_perez,1
inner_city,1
yamile_villalonga,1
empire_cuba,1
square_sea,1
ramiro_valdez,1
americas_americas_cuba,1
creators,1
institution_united,1
latin_american_union,1
joe_biden,1
joséfina_garcía,1
yankee_invasion,1
colon_municipal_university,1
palace_plateau,1
cuban_vaccine,1
venezuel,1
massacres,1
banks_san_juan_river,1
roma,1
elliott,1
antonio_maceo_baraguà,1
united_defense_homeland,1
ricard,1
implementation,1
emancipation,1
aragonese,1
jews,1
ban_synagogue,1
donald_moreno,1
icuria,1
goicuria,1
montreal_canada,1
spanish-cuban,1
uhm,1
alberta_town,1
neoclassical,1
maria_eugenia_vidal,1
mr_de_niro,1
pérez_betancourt,1
ecuba,1
national_park,1
arms_trade,1
parlamentocubano,1
paraqueelmundovea,1
aquinohaymiedo,1
fueraleyhelmsburton,1
palabradeldia,1
compatriotas,1
chernobilnoolvidamos,1
esculturas,1
cubayvenezuela,1
president_kennedy,1
tyranny_batista,1
cooks,1
cubansalud,1
medical_college,1
doctors,1
feminist,1
notre,1
ton's_law,1
marin_murillo,1
rodriguez_josé_machado,1
univ,1
la_sina,1
kazakhstan,1
juan_marinello,1
scuba,1
mario_moreno_reyes,1
guillermo_garcía,1
bonifacio_byrne,1
north_carolina,1
church_charleston,1
oregon,1
tre_dame,1
guillarte,1
oeapalcajaro,1
diadelproletariado,1
mario_moreno,1
president_maduro,1
bertha,1
lady,1
fernanda_cuban,1
fernanda,1
united_land_universe,1
juancito,1
deborah,1
c_congress,1
directions,1
machadito,1
arteparamamá,1
andes,1
vladimir,1
vladimir_ilyich_ulyanov,1
bolshevik_revolution,1
eastern_army,1
law_enforcement,1
20th,1
modern,1
explosions,1
first_congress,1
ban_trade_union_congress,1
díainternacionaltrabajadores,1
chevere,1
bombings,1
new_mexico,1
ctc_congress,1
yomemuerocomoviví,1
silviofilos,1
empire_puppets,1
carlos_manu,1
60abriles,1
lacasadelasaméricas,1
usavscuba,1
yodigonomasbloqueo,1
isis,1
al-qaeda,1
alhabana,1
walt_disney,1
mandera,1
county,1
unionists,1
humboldt7_massacre,1
nemesia_rodríguez_montano,1
honda,1
u.s._navy,1
nancy_lussier,1
colin_laverty,1
world_geoparks,1
nicaragua_countries,1
morenotraidor,1
intervene,1
don_helmsburton,1
ismanuelotero,1
ómez,1
ange,1
ald,1
samuel_batista,1
beachgiron,1
lulainspira,1
carniceroabrahms,1
win_helmsburton,1
united_states_empire_girón,1
cia_eisenhower,1
turn,1
victory_beach,1
socialism_cuba,1
livarian_chavista,1
multinational,1
baptist_police,1
canal,1
servia_joe_westbrook,1
jose_machado,1
cuba_humboldt_7,1
conga,1
ban_foreign,1
úl,1
mr_bolton,1
shadowing,1
los_lazo,1
statement,1
freedom_act,1
united_states_chamber_commerce,1
rebel_army,1
codepink,1
apr26,1
ucrania,1
donald_tru,1
carlos_lazo,1
diary,1
african_countries,1
apanas,1
go_square_revolution,1
pronounced,1
alternative,1
siuna,1
capitánsanluis,1
noalamentira,1
dare,1
2nd_amendment,1
belt_road,1
piazza_italia,1
roca_calderío,1
g_pogolotti,1
russian_communist_party,1
general_raul_castro,1
cuban_helmsburton,1
schools,1
eliseo_reyes_rodríguez,1
premiere,1
embassies,1
shakespeare,1
be,1
cuban_provinces,1
onal,1
applied,1
fidel_says,1
harvard_university,1
san_juan,1
venezuela_united_states,1
an_government,1
itibank,1
santiagodec,1
pedro_pablo_oliva,1
president_díaz-canel,1
caribbean_prosperity_park,1
cuban_venezuela_convention,1
christ_united_states_council,1
national_council_churches,1
luis_urdaneta,1
alfonso_torres_paez,1
united_cubans,1
establishment,1
feu_de_l'user,1
raul_capote,1
contradiction,1
maest,1
squirrels,1
movementsalba,1
second_amendment_u.s._constitution,1
hemasiri_fernando,1
polisur,1
haydée,1
recreation,1
parks,1
united_republic,1
zanzibar,1
tanganyika,1
caribbean_monument,1
ee_empire,1
world_war,1
eliseus_kings,1
livres,1
j,1
viva_cuba,1
josé_antonio_pérez,1
alfredo_machado_lópez,1
sagua1,1
superheroes_justice_league,1
bolivarian_national_militia,1
q_cup,1
baptist_regime,1
helms_borton,1
jamis,1
duc_anh,1
elena,1
world_trade_union,1
darío,1
cuban_socialist,1
cuban_revolution_socialism,1
citibank,1
disabilities,1
srilanka,1
confetenciadeprensa,1
25deabril,1
norteamericanas,1
redes,1
25abr,1
special_school,1
alcunida,1
otnsantiago,1
26deabril,1
somosfelicesaquí,1
zanzíbar,1
tituloiiihelmsburton,1
alert,1
pressure,1
reynald,1
comunicadores,1
vih,1
bienaldelahabana2019,1
republican_party,1
5th_avenue_beach,1
wearecontinuous,1
1rodemayocuba,1
fuerapiñera,1
enfermedades,1
cáncer,1
habana500años,1
national_dance_award_2019,1
educandoenrevolución,1
xxicongresodelactc,1
18clavenezuela,1
guernika,1
políticaexterior,1
mangost,1
pluto,1
peter,1
cuban_freedom_democratic,1
adriana_corcho_efren_monteagudo,1
international_labour_day,1
martian_communist,1
fo_roval,1
yoani_sánchez,1
united_states_america_cuba,1
mr._bolton,1
capitalists,1
venezuelanesta,1
trabajador,1
festivaldelpeluche,1
anap,1
9demayo,1
somosellos,1
278a92473f801c541cec9f10f4d3f30a783ac900d8,1
3810ea2cdb6db77d50cf89fd5356799eefcf476997,1
1cdff65b1fab6b2f09077a2965bb5403eff0e177ee,1
9120bade74da7cb987efc506882cb5ae0e8e42b1f1,1
5487fb28151d304c8f479d493a53cb9da641803a81,1
742af404387cf2e4b867db79984f92155283160785,1
14c792a0a325ef274136cd22fb0274c0a7b31499a4,1
f25c408c63565f217421b302649656b93b69918355,1
6b1abd3defacf0286b44f09f2ce5d30988c86a10b2,1
2dc7a464c7890a466ad0fbf73578e8b3c3a254e48b,1
2d6c5a5694b6f169cb5c96261b712758428fb05887,1
71e1f6cf7c6580012f9bda69c11e5dabcb0367df3e,1
3cfdbe436bf449c42e515d68f521d393191d2726b9,1
9257964f25159e3e557b4543c432c0523d4e079176,1
dd29ded35601edb80ffcf6d33c89069afc0a1373ee,1
7e3b62557bebb66db2334dbe978f6bc56a3387e981,1
e7399fbad4fcdcd25b9b937516f0bbc2e4592aca1c,1
9404dd71a4a05cbe1f5b0b91f7eaee5728793f9d8a,1
8d5c91f3cd19cd78c372fd7345c313986115546e6e,1
03ed467c7107a543e97aa8b067bc3a5fae75af4e59,1
2fa182394b65da43b6da42f628806d36a808171751,1
cc827b7bf3a9e928c8c78044899051fb255b26b32d,1
c3a72517381f6fbb268cc00d0a13f12df8fce6a4db,1
2aa9dc87634596f28fa4d7ad3be8f6edcb53863310,1
ce135b8dcd7ed429f74844558762aa202200884469,1
01dc0bde8a3eec5d382f1b8bc72e306647b9edae69,1
a6430cb56a251105cf1097abede55e12549b080a54,1
76773bf8389664a5bc38328f82d979bad4fad09159,1
0c75554231d8e54d763cff6c66d83df291006cfc7e,1
4c87624861240ec795db72e7487890e3ed0d01031f,1
76f39d88d074ebd4e0b4b8ee90858d5b4f4c4ce583,1
41d028078e92a1a0f0418393cda449195bd7eb996d,1
fcdc7531bdc9a04414c4d45f5247c68141702121aa,1
ea2bca1466c5c6e6842cf8a11ec538eaa1f5c2b681,1
c069c91f7e2237661a60a5b80be0168bb35f5ce4ae,1
aa44157d3ac596c8bf9bc444f303229660ded955a5,1
22136a348848f4a919eeda7c7e063a1d37ab52bf08,1
d90a6eadfe966391b12aac885f9f41b410e3e4c520,1
18f11a4844fb7c18eaed5b1322f959cf760536e0e0,1
0a82b7f2a9dedd10ea9b7d17ed251cc9b287941742,1
c9a558bd0273e0d4433195b7a1dc431507cf67c2fa,1
125a3de4247854f3b7cb0c10a81b9ba2b1c73a4bd9,1
1b81f033f862884863e1f1e9315a6bbc3468b2a67f,1
mibecamásbonita,1
ficción,1
7a22fb77ddf59fbd05013fe62fdb45db684d32b958,1
388dc96fa36b49c80f775ba2a31d86aa5c7a5df19f,1
guerraterritorial,1
geopolitica,1
grupodelima,1
ministros,1
judicial,1
manipulación,1
bloqueos,1
datyscuba,1
billiondollarloser,1
imágenes,1
festivalesuclv2019,1
goodmorning,1
26d93b254e341cc2c7ecc54ab29e832cec401580ce,1
ef0d3b31768f020e1eb3e588f7211e57a818230201,1
849e369128303b62df704d2bee9ce6c6ee5d134f7b,1
2cc4ef7dacba1e965daa4c62fecacded1461e7b1ce,1
898fbd8b34623057984c8ce298b4b827875fbcabda,1
07aaa45cfd74c795bd10552f1d1a4ae432c9dfad29,1
3b1397c9812eb252b5d12e6a32e1a38274c16b42b1,1
662d58bbaee1a4d70f26a6db5d6e176603ef329550,1
b1b8f89c0d3914006b49f228785f2b8fd8b97f962c,1
combate,1
joaquínbaquero,1
c9f6ea186dc782740f26a58be5010a6bdbcc79a9a2,1
89eeb6e90d9908ad8e655d9adf5f9158ea6c560b4e,1
7e9a173bb8ac09204479a723a0867d7cf343d7fd0c,1
618d869ae75f7f7cda75686f3eb1aaac58a5e516b9,1
a65d3d5957cd0cd8b058ba810ff2879dcabe8b0761,1
ce3a279e02cf5805c8c040a550bd8564a35c18535b,1
ad5501b445d205f569946dd0c1f88efe3df79c8878,1
76885f43c7fbcc88f28a7636bf85ec3cdbe0ce7579,1
4ba7789ba294249be442cdfc20763c45b0ac40d70b,1
ca7bb595975043bf6c8071f29beb8fe4708685be65,1
fd34e1721c7d225c245341e87732ce5c8860d5916a,1
591a28d67ac6984d3e5c569f6af3b25bde439b976c,1
768b7ccb355f5dfb668b40aaa198b4619f4e312c4a,1
9b331039e4bafe51039afe681ca683bc3518036e84,1
ceb05d387792c1833fbf9687c6604881b02056747f,1
65a738f448e903ec9a573828f522b37290e17cf496,1
fd118b2acf5990a2e98288f50d2e3b6831504fecad,1
b9e243d3dfe78eb84fb33a82ff515a61bfdcd93a9e,1
f23b85c7f0ee7cc18e41a683cc901c60e1e703745a,1
1b2ae82c16dc425184205ec2b6c3fe15a47c6e3758,1
transfobia,1
637e0f4d4b9cd769497035e3702a18166ae31a5628,1
a64801a3c14f385314af4b572ab92b8b642ff9f22c,1
b48ba55c129b55f73f7f334f10a0ed0ed22cf0e122,1
cbf19bba1cca1b115902f4c93ac4f1b5a133d47460,1
353e7ca20f6622b20e260b911ff41bf542c0c92b70,1
7c02074329d8700c018eeefc7a2b217b4a00723189,1
606d568f66ab650a2fde3cbfcfc6b23d9e0b56b40c,1
6a3eb52324bd1673cae818fd80c05987c3c70a76c7,1
02ad4c0b29530bfacb203b16ce17ec10b3b3e4e37f,1
70ffd987bb753634aefa18ca4d6de88051f5dae719,1
6687de2968c5fa53b2e0ac34d4475f7a77ae84f5a2,1
104c90851101a14d735360ae6b120fa01f2e9ce542,1
12304cac739eb43aa6a0d232530430aca1db162904,1
6b06f5ac6f808bc9575bd188e7201d578382b56ee5,1
a9cc21f479d76cbee0b25f2342747d46cbe8a9a671,1
f48713d3d470a567433ddf4dc26efdeade1776b599,1
6f422fa159ab09193735d17962f5896e44f6e1fd43,1
bced6e1f80c67bda335095a84dd5b56f1571bed7a6,1
1ee0bab000bdb9247ed5c550e15fc22579747bc05f,1
11d199f8f216df71874be4441bbfc1d3d6dc1edbd1,1
a094bced21ffcbf9f3a8ae99149d6dc7e35baf6a38,1
f59761567d90811f934f133ebe127eba6510bd896e,1
bd138d1391fc26dd87efb8a38f07c29e5459a21874,1
ad928a57cd1a81c5b994846e584ae173e86c7ecd09,1
abc4be73a3a1f825c02abe1374b0512cb0b852b72f,1
83d4b0d42ff16ec6c63df7401c82ed8c9716c3ffe1,1
970824e9dc1784ff93809c485585c759c9c83d7aae,1
377ac4b02ad55707fe31484881bda382e27efb6b9d,1
a3f3cfef1b2f8c4d619ab53eb6ff59edf3d34cce2a,1
1d5f7c015049feca8ee78631967f190eeeabe72fc6,1
cd8014a96bd28e0bbe742000627aee06d59414c8a9,1
87370be1ed5263f4a07f40cd18249493965abd6d6a,1
676c9f704a68a42d579910eaa3660134e077acc83d,1
7387e69ed4d761b29a9ea9fe653b4f1a93d34f4f06,1
359a1d2af27076b45f9661866bc6cfc3b86661de2b,1
cd23a07051c387649239fe83bbc82a77821e0f7aad,1
a45c66152d76f1d7822f300b9a4eaccd18109cacd4,1
36f311ffe3ef07f96d8e98c68109b12f8a4cc9fde7,1
4b69ded0998a5468cd19564f00aac558975e30e979,1
f5cc56db86583b11acbdd6193ee58d900d4552026c,1
bed3ad33fff07523eb2be7435443c2a119c6727767,1
2bc429727a1795b7e5013749f1a5c4e0cbf75e2182,1
e1632157b6bbf7fd5c7e808795974fb00fd4f6d058,1
felicitaciones,1
historiador,1
tnic19,1
mayo2019,1
528cf1d78867d4f8c121b198cbeefd6410bf6e61ff,1
f2ba0c2a29e9daa6bec2c41d62a9f9b45146180603,1
felizidadesmama,1
pentágono,1
cucalambé,1
whitehouse,1
nodistraccionesenlavía,1
efeméridesiaim,1
medialunaroja,1
cruzroja,1
cubael,1
9c7fc9936259b9ec295838b5eeab07919923dec16b,1
a255196b50fb151e07e3f00a4c39841da0479eccf4,1
7b78bea1c0c2a8d9c57c343a3066f8f2805627cd12,1
9d90cadab0c4cee78a1eb8ac3c5f64a553e72a3cff,1
8ef5aae5a24eaf34e89888d2e631eeb713648b5eef,1
7c1942665b97be2ed57bef7e8cb70b37dba9c20270,1
juanguaidó,1
d0e40611c635027b58790924e3fa0cbd6cf2b77c0e,1
acef8e0988c84109d88989778de3ad79b1fb8ced20,1
1dda34a85bacaae6195acca52a6197b9ca4637435b,1
04691d1df61282eaec501798a970f1c8fc7cdfe8ba,1
f1ab0c5faf47ab10affde2cb6dc419434f25ce09a6,1
dda0e3451a5398aff95425096a79b6faeb17b22089,1
e3b182e8a13eb276ece89e069b36b8f70a0cb81840,1
bfd3217fddaa2b09abda5173d50971a7c47e3ccddc,1
dc76592f2321d9bbc3ffb44a8b356437ae19ff1113,1
2e3fa818577d9bf3abb9cc20e466e6c4178a3f88df,1
b2000c3154e67d64c650f49765641b343e0a82a11b,1
88771a4787145715819ccb7be827646a1aff8fa15c,1
667e49d0b678653c49bbad355ce976dfe3376ebb6e,1
2d55491194924af2866aee9267a9f2aa5cec8e72f4,1
165492341f2f05e1591c70e52be1e426272d374d7d,1
08ce029c6c28bdf306006a976d90503077acc1bef5,1
d00b67c70bb3ce95fafdb15fd54c01c24f5fa990c6,1
66d8b0f301b1e41e285ba813cff0e8fe95c6b1331e,1
80f87346d556ee2ec53010f012410675ffe647851a,1
294a1581e532519f08a04293b11046196f905dcbdc,1
d670d018e0af07aaec05270863d5195756ee94d766,1
b08ae0e1dcb34642bfbc27d747e9c6caad2ac45c50,1
343a001133b14e31858489e4ab695602d2e8826f5c,1
287ad7a540470ee446e22bdd30903be7655b2d6b18,1
bb3a9e38269ce2ff09da1d8a1dcf756739db5b5607,1
30aa3db14e6ccc369ec0aa0cff4cea6d38095355d3,1
da38bb7de6dd82003b6c4b093fdadf4275d735aa5b,1
101ac1b4da2f01d25a2c6ca89831930eba7d2e6c5a,1
783098936acdd05f1c26d07521a6f772300a1019b5,1
c8e53187e0e56059b565dc8bdaca611da72ad30f9f,1
d921dfca1da14b3662c76d0496ad3adf4bc539b5ff,1
a83dac43172ec92aedcfd49470613cdc7631b0fcdc,1
21941407e4a88594e7a56f1428752fefdc46d26c57,1
c63a7524d36810e18e35d90a55ff41f276a3970949,1
007725141f58460a248a4df343c77aecc2dfc7b61f,1
6a6799a2261a93a9b56dc3825936612480854956cf,1
02f03bc1b53b0af276b9ba702e8a275114644c618b,1
d9722a59a3352b42f63bc1e40ef619e06a132e1b91,1
06b69f65e079d5e68be87735c57b350c606bcfd28b,1
2c41c5de24b7f9045864ec3a1428db8b8f05103223,1
39069d33e733afdd0a90423ad277c3a07dbdf9e301,1
2b86ac699b2fad262d2c50a7e5263557e3902ff34f,1
59006f697e33f023a0a7fe8515aa3e20c233e8d256,1
509b3b2f627c1b352088085aa20ed860870ea13209,1
7ab0dd4fab37f4ba7e2c95dbf5ef6ff18b5d9e9727,1
ddcd28c0234ab1bafc29d579e5378e794b5f842c87,1
2d16129c1b7dc10db5580aa1202e1a67dd95a44424,1
951f4362a0589eddea2b54a6886d05d1fe58b9b4c0,1
97ea1c07527542dd7ccc98b59f4df093b6258cb5a7,1
e646ad9fca49e6a9bc24ff92c7a58fe89b4c01e432,1
bc8a325601ae2e0bdc4df2c3f0888e233e4303a96b,1
4dbad0c0cefeabc032ee7e827171336b70b490af49,1
559adcba388cc408fd498c55bdc7cd83cf91d25c0b,1
927f192a1b426c32680e4076d7c39674704568e3db,1
d729260dcbfae4b162b4f8ab1f9629c8b86c5ea514,1
e48e36d5bf8881e0f9eaf73cde0f4c23b73a0b27a7,1
ec892430d9e10d1e328ea22cc5f8b6fa608b1fbebc,1
ee082e922c523352f684b8c4c5a1ba85911b1fc824,1
c131469cda574435c4bf2b9698a3985d10ecd6d66b,1
7e9e33d26ae9fab3473d81475664d88d2e37ee4cfa,1
749f05c4bfff4afb8879d5dca2ff0ca36a6fd32963,1
e205a2e8a5fd9601c2fd2f2a577bbbaf22ed7d5a5f,1
45b178fd3fdda9ec15ed795881ad87694794e92bfa,1
739b64b3eecff28cda0f9620e432726bc5ca479812,1
75ba7522756970f1d61229999f6d415e24123d47e3,1
5297d6807c3af9a2599c01f0c878f3164dd711cf9a,1
0d13aad65be80cd96cdd8acdd7983b3bd75b6aa447,1
3c42acb9830291680fd0478ad7e422935a2810eba5,1
f59e3c542cd7d521bb551827cf539f9bf93c56ab48,1
0ebe3f2964bd64362da4dbb6e50ec72be1b4eb9110,1
231e6bc9d32e4bac51a8c77cb65c4f39c3e7729f20,1
83c3baede51f63fb1174b3d685b73b4a730e4cb8b1,1
12ca370af8ae1424703407dbb974dd704c86ae46a9,1
7d800bb114b6b964a37ebc905faad3b5f6c1e6d3e5,1
40c8f41f46beabbe115d158a6daa5d08961f9b49ef,1
2d7df42cb22a8b9c62b649446e8f3a850e29880bba,1
92ff5ab48da3a14fc736efb669db70386a60c1d277,1
1a5dc1d934d99a01eedb4876e707fec41282e3e9df,1
ee00288aa89790af235be77c009bc80a7647a57b36,1
7aa42ae5dd5b8d3ef12f1587701758ad0fc4d55e93,1
af84a8521474d31620ac62dd60144a0778669be5be,1
4548b5a1668eb7ece719d898c68e5db1a209d76fed,1
1123eacdea733b6e332dc90411254bde3a9ffcb6b1,1
a4e81d0a5a0e3b5e0eb06bb98d4e8d7538944cba46,1
e2deb1e0c02220cf3340ab363301fbe82d6e5cb8e3,1
aab4dc23e9806509897587c32fb220851b58e634c4,1
2c25bd70153a843f5099c7fc2a9e80fb998c622cb6,1
e8924b2624e2cb532a9cc7e2497b18176513c04f34,1
f3f47b1306d77df3583cb8074187aea45a6de37f64,1
a95d0ebc2c47d0d945a65ef91624569d89770c607b,1
6d9332a2d21f7673199dcd20b355f42fb996d208e8,1
3503530a2aa1e0eb5f9295200b0a3916751681c20f,1
955a2398ec4ed5789bea0d07f21f9cef39c9d4f3a7,1
89b320ac10161217838371f4303b03678a4a2bbb40,1
7a779e164c9c4de44e02fe38c67318e63f4423fd8b,1
d305db4f3ac1b50a7e137514347abcfa68b93bfac8,1
82b94e7f7b2801f3de35c9789856969fc84118fe96,1
ace3fc70071f79e2fd6f6b5981226f9dec37ed3d75,1
64f064541b52f161fd5f30e57e524ff082d5f02839,1
af86ae0a1734dced627020b9c56abe556ae3f145c7,1
099ebcbfdf77ee15a71d3f07ea246ac94b6c193c71,1
352768b99fab169c5fa4c0a8033389a22c65929fcf,1
7ec01f00c4950eaf04c5457a30dd152e1e256af242,1
55d69f48c54bbe3f89b6080444ba2b3b2797ea7d06,1
23441d548d16dcd7750c938fe4f7525a3393fda199,1
d6d1df32b3ab183d368ecbff0ade020ace87f094c0,1
5406f3bda16c562d7e18f96348d53808444d939b14,1
7eb14decb1765e9e1311140f470ae9bdfe6ec25af1,1
a2588da93d59105afb7837a160c3109872793e4787,1
aab2e5c42274343b3eb54647b5a20f77e7e3da3b51,1
ee1d3066f8e2498df4b917c45f62f6cca474653a8b,1
homophobia,1
928449a1e97a34963ab06222064101b6de0b94eb9a,1
6509870e5d92c9ced687a5704f4666c6e09ac35480,1
4d8c232daa8d994f7ee2f5dc7132f7817f0d59c58d,1
83a3a29033ec785b77167386c5b9e160f92733c336,1
f8e2d8c020a3307e7224a9ced18b1a38f3156edd9a,1
2423a73337ed1a6ceded483242e8387c089241b3eb,1
5a1efdacbc87db4f73cdb741e04401249a3aa1e0ab,1
21c5d319efae3266faca453b17cc3821f389022f6d,1
c1735958385f5185aad9b950f731a79eb692e775f8,1
b52376df8dac4afd5be31354166bf4a2ecdc4d1e3e,1
620115945122e6f0c4eb959c3195726a87519312ed,1
6b85a2dd5c78e89829469d814cb8f3f07f59c6cf79,1
a46c91063c027f24fbf1bc3d820ed7932373e2b18a,1
444435af41c6082ce3084e960a6aa3a843cfe81e13,1
bfcf557d4fc804d4f81ca8ea65c8649416fc687613,1
6a74b4e3e7cbb952d8588485c2c0fe2bd96df45896,1
c5780a4c7b9c4414a0ed7c4997db64600128125508,1
87a117080fb509a0ce63a2ea1eb09836f4d8e70ea8,1
cab18d0aaf114aa12818c4f50f1df8f34270c9c8e9,1
6ec4411586624542aa0b195f2823ed0f5f7f36892e,1
6ccb98db488c0781a318c9d92b538c521c1105cdd5,1
750120bb8bbc57a47dce6b44afab00ec3b220f8457,1
ed0ed9ae1eb72af001dfbab3537b2ff811ef31ebf6,1
5aefe8c9f336eb39954979ff5c47aa26abaa4c0499,1
e1fcda47445813228b751b1f861a11b72cc5d1df79,1
637877af903a846516d209f96acec286259248ab70,1
7cbd02f9ea85b33026de70503f83b8e03c3dfcb262,1
63e6b58912a29c0ad6735fb24ea9c6657256679861,1
a9aa2bc69cb9ec33c7b8442f3e8e4c66c09fdfb977,1
5b669ca3a87891a3e328f2415a72e040aeb80493ca,1
504394e271c536333bdf3aebf9de8ab7d931b1c28f,1
916064592d555b6c0e0aafe32865817c76eeeded2d,1
1f2437a94faa67518d29f6bb308aa4f55161dec373,1
7f9c157cc32114f14ef14d8d4ded3418d28e7636db,1
b2b13e8a699ff6f1e6c4ee85ac2315201285eed371,1
b8d40126e6b6ee64532afd98863f005e3145a72798,1
5ae696770f6aa2f2b00739383c0ab1a6259861259f,1
4ce4dd037c8e9779cdc6c124c4372e422ab94c6ed3,1
24de9f7be5b56f036a459a23f7d41f01a2ec9019c3,1
e1f5442cadd6c8fe76d1b5cc6862cdd56538a25f11,1
e34b20d6871a10500502aa37d15a63657637ca80a5,1
8efd832f06fe272b4c1c47119db2abc90727bae9e5,1
8e3d8ff47d19bc73fd232a51d0003aa42dd1970129,1
6f593553b8bb3845fc24c61341dab519c9c29109ba,1
cfc835635c233cc56d2cad9aee44bf10415da37966,1
90f4d037e6b9cc1af19d79c5897e97067c092cc492,1
fb33ba67c1951ce68be947739167f85e9ab43abcd2,1
31ac4050b67c67e3c31fdc494476ce48b6219325bc,1
47f385f5040c741e90bc180d69656f296a0a5e7ae1,1
f8ebcc92bfdb037cea09aa1de7d0f133f6b39b5b79,1
123b7a945cf4f92df174764748a2aad9a077fb9928,1
17a581720874862b0e2152224e9dbf6cffc357e8d3,1
d50721388a037f401870bc57705a081ed19fcc10b1,1
e6b993949330cbeeea19c542983a25ce8905b389dd,1
34e97629dc0d0922d14cdf17a1136f7497c23f9530,1
0d6e90a1e5ab7d7788292530d7d02b67cc7d37aa9f,1
0bed6f03c793d58a154e3af2c0a5e984e0e33a7c57,1
7002f83dbd806655b67a4570f29d4aecec9c4282f6,1
db77bcf86e39ab99d2d0b59212315da27d08709c18,1
573c2d1770be804707db6424d41616a2acfa3f3c47,1
dc6f028889e6242df8e82257ebab1882af5476e2ad,1
73dcaff92d71d7ebda97c56e662c86d95bc730cfb5,1
b51c338d8077edd0ef4491bf925b7a55186d55b378,1
254253646f66db32cf89ee8fda3dfeab58eccd1b39,1
f79db40afb12c8e046e4cf8aee6c84f52efca02c14,1
512a749774faa1958dd79d9cf10bb158bc3de5f652,1
eadfa8234003c18432c126239eae48191e113cfe03,1
360fcdc9d9d3500ef4ab551de26b012c7ad32f7dbe,1
14abril,1
13abril,1
4fc7cf7e49390e6ddbfd668445aea96a37552a6a6e,1
990011777c7e12fdbf8048041328b56e15612d58fe,1
d6c54dbb3b377abd21cb0602ab3ea3f5c88a8f0817,1
9a26247684c5e411e9e49650e3d804a76e0048f4b6,1
1652fd9011a9b73976d073c7489c383b5818708f5e,1
de45f5b976e38f88be0685bdd133c0cb9c87c24bcf,1
61d42761ad9576e35e6d2e1b181173bf041e80f3ff,1
622f16dcbd72c3788d86cb7aba2512acd8a16ab0cf,1
87a5672b6c91832549e37c8998275c9a50ffec40c3,1
ef1ce02256293a0f7aa83cf475bda8896c5b15b2b2,1
24cbf901a9bac36c19f9a9bfe4bd7d611cec0198b3,1
03fa2ecd4a8a2fbf7cce729589a69e1c01fd98be5e,1
f8abd94e37a0810d2d7dacb58937ab442dc3ee225d,1
76b9947c7764e354267ef87385c7e464ef246930d6,1
402baf067fe7c83c331eb1efe70ffe4930ed284f96,1
a4b6ff5e8f461836518ad1d992862852d60b161b6b,1
af0567cbfe3cdd5f188a2ffbcccaf470b61bb37572,1
83b05c8c853b8848f2fa7322340c6647892bd45c54,1
e0bd530e9bb56739e503619fda66f90982d6df01bc,1
ritamontaner,1
altacalifornia,1
newmexico,1
14demayo,1
d9f00e04833bf37c0b333bbc579ec8b424e380ad6a,1
vote,1
9004918d8662c3b629cb61e4d7d277d4d80472b9ee,1
guerrilleros,1
antioquia,1
eleccionesenagosto,1
memiééééééééééééééé,1
opinión,1
268ef86b94e028f6e822ba294d328e115a84c11ebb,1
zamorapreventiva,1
congreso,1
14may,1
dailynews,1
embassyprotectioncollective,1
76ce207cd3c3a2eca6e6b19a5de30d81c3f667fb62,1
6351f9321b7b78fa4a9f98b464b6182a8fe72d69f1,1
934bfaee75f40e13e7a74efdcf5a50f9bec0a99730,1
d7c454f1de0b4339f6438280c00937d43efbe88eea,1
climateprotection,1
e5e17dae1ab702e055ef7d98ed883656073eea719b,1
e083350ff6dcdef61fedab7b4d167fc8fb68eb7157,1
123ff85a822631c490f1b8bbf85210a7986d768d30,1
9114c85e4b966665fc7d6e81139d5e07a4d20a786f,1
7b1424b05c30bc60d8fe6b5ed115e8ac54741da46c,1
b753e97b1b86c9bc1ddfddffafad68630463b50807,1
05f5453fbd03aa726b4ca2fd220ce2ef2ffa6354f1,1
2b9d1d1460107345c413fede8031220f124a994d5a,1
73804889b8a61ee3e6eae525d0faaa85c43b3fd2d7,1
65f9441cd5cf76aec76c62d6a02455e114724b286b,1
02a3b99a273472c72e09d214a252f92c1105677c5c,1
a15cd6deae45584abbe9fa24d603d9b592d7a45dae,1
f81a6be156937fa0777fe1d43582df1e7a3c5ab335,1
432c70e32af2354717366fb66ebc60da12fb32cde7,1
6d0e59f4026d92cf8dc55206d8279df5927b77fe79,1
5de9aa20a674a20d54435b20a520215ecb9b2583a0,1
1c1767fa46af42a1a736778d35c9c06ec694c5a83f,1
cfa422df54d1d2a34cc3dbed27a056722b56c59466,1
ad1bc6588133c29537f25b96e63e0bd35bcfdc3127,1
59141f888623d7c47d579ac5791b4334e72faa17fa,1
e9f469b402adea534fb887bc1c96fb0c3deaf76461,1
bb8383d4f5a529dd5ec9a6762f2da64e2093d9df69,1
e310cc47d2fe801f4eeb45a9a532c8c872aa87b017,1
b0f1b812861f90d73f60bae4d632df36a121f732cc,1
47f1f8de4c3d08ec679a6a534900ecde3209b67c8a,1
11a6f2cdf3c549d41480863b4c504b7d4ef8a2961c,1
90cc077213c5cc52244909cbc28aab4da045bdece5,1
5d642aad2e962bf468d842f01bd47293cb5ae80156,1
e289c163747bbd01356099b60671d1c7bbfe410c5d,1
cb089c8e37c774bb02951f94878277f6df0019ac1c,1
108ced15da5c92fc51fd4e8f9c4cd88f4bac0c5f5b,1
64a3ce5dfdaac99eae1fccce86f601d089377ee831,1
fridayfeeling,1
welcome,1
haveaniceday,1
10mayo,1
usarbicicletaessalud,1
humanas,1
enfermeras,1
landy,1
albertodelgadodelgado,1
honrarhonra,1
madreesamor,1
11mayo,1
55ba95a3e642524a72405a2061f3c3c32bfe6bb4ab,1
f9ef097b607c56c635123ff47098087997dfd4a3ca,1
75c3288327e77b6379e3635ed2a9b8d104af53048f,1
ae36b50d30e3f499a79d46627464dc432e8e130449,1
c2754850185d09669f6ee141bbd1e7a7bd8b881389,1
063a4536cad48967b0c08ca117752343bbedb7243e,1
189d72baca5a8b8c3c16299051ca0fd6425e5ad777,1
c657ad1e1082f83a3162f06182dd6c6db3585875af,1
3a2a1cea2143dd9593b215297ca3991ef8429482d7,1
d51a18c2a7cd57dc3956c6f908dbb29a76dcb39f72,1
ede49ca0969724bb291ebc774e4705980c2e1c46d7,1
b7308b011fa0760a7ac366ade7481a4d3b29bb025d,1
bc0310004486d4a41fe08382380c77bf30b5f01257,1
34cceb55798b0a5b0b3bbaf37d8fe025035a1b0aaa,1
11c8e9ae46c85ff763914d65ffcfcc252d6f65350c,1
4e119ee1cade7c339d6dc700cccf7fb504ef8a45ea,1
56907fd574d40a9b3af12de872709a922893b49d0a,1
7c52b3d10d2423d87d99dd5a58bf187ee347d42005,1
aa204ec95a3ad175e763eec6cffe9ab472515255ba,1
33d03309d813b6d44d798a10e27b9a06103fc83de7,1
inclusión,1
sinceramente,1
ignacioagramonte,1
14m,1
capablanca,1
frasesdechávez,1
xiiibienalinternacional,1
fascismo,1
golpismo,1
9a8edbd6a64e519ef3e5c9387630ff47dd99f8dffe,1
917bd3ee02b634cc6bfa5467ae9ba9b42cfeec88d4,1
7be8ca10be7bb6911a01bf40af425d554cd56a2f4d,1
645bcacd1a2e57bab2d8e2a2972804f404eff193f4,1
2f4bb819983b629252fd64eccc237293421a4864cb,1
237cf18b147891b8e19b40774ce5cb0f7b59234638,1
bb064629f16c5090642cee3bef622fd6afab2b3b2f,1
a182acee6aaa64c093b3fac76be53ba2bd6c00a941,1
b3d6819d1d017e3f9b72d02f04b52d9f2b0fc550f8,1
b6438ec618975a829dc9fbb8a25407e2fb0a422e08,1
8f8575f54f89b4f501959aafbfc951ae635bc0f8f7,1
babcba14e203ed0af0e094a9cb608309f059568a19,1
6d082b58027e8f577568051ed4189af12f058deb18,1
9ecf9735c4cdd1550132647fdb66bde95a819f5025,1
b4e042ab3e6f4b58eb65174c51e4063cfa6d95359c,1
41794563fa4f44a5637bdc8bc82efb58ff125d75ac,1
132060e427cede2dced155285139ca53904fdbefbf,1
a5805370f20df3937aa894785f35f06280653f0410,1
c7dd9c3ba6a5c6af077496cfa78c9898415794056a,1
7ca87d106bca2093f186e2dbb0159aa3e2910f86ad,1
33c41a01cafd5ee602722438232f5910e59be8cd64,1
299f4068fecc523aaeec2bc7acbb8f16d0f4bed05b,1
3d589f42cc8aad3f5190128276c8b90124d599a1be,1
6b2d6d70c07e83beb06533c7b14ce3531ecaebe54f,1
8c9691364b4d15747b95495afab0d8d0eb69d5227d,1
0bf524648689b93258b3cfe198e1d6d88e69a0bbb7,1
48c95cc9f6c240e0a124b26e7263fcfc90200849df,1
8f0614dda17d158345b17d45b8260267a45acd72a9,1
2669ed3a39ca2fcad1ffa2a68da1061471bff33380,1
f89fae492784e948d88ba0575c94ab932ae2be63db,1
90363ffc5127ad46bde0ad74b3c1f02b2b41dc9e1e,1
f5fc1b8856ac5484bab71eb1faa89ba673fea9956f,1
a6a03b33c7764274ac6282834e10526cf442fb5ccd,1
907c42c23b874a3f745bf262cdd450f1d638b547f8,1
20af3676404ada2da7188faf0956144a780226ed6f,1
229dde1143943c9748c44dde557309fb62fed7bf49,1
ff0da0934fa5e2d975e83ff0011d7fbf32431d81ac,1
be7933758bd464ef22850170ced23a7f6a353756e0,1
09mayo,1
7680cffe76b73e15c7dd314aeb90d6edbd4968020d,1
13mayo,1
8eca0bc4c6e94ad1b720d524198b5df77d8b3ce27f,1
00d42b658dc46f5439c522872f1bd11769b0ee1979,1
4cebdf15ea86f8988ae0e899c59e0368376420a03c,1
27784fa7348e9c7a38d19dc3ade85d7ee5b600c63d,1
tuiteros_vzla,1
abrazo,1
díadelasmadres,1
díadelaenfermería,1
12demayo,1
planvueltaalapatria,1
cubateapoya,1
rolandoálvarez,1
chambaadultomayor,1
d3e9e27ab54b22d91551a21e48ed8835f2282cd2f2,1
fc447bb3e13d38ac34000a3850f747621b8bba62d9,1
e7c4809da27a22f57c51c144b5e5dbdebd3542628d,1
6da85f5521ae90f2b7626357679e269c06ae4dccf5,1
66f93765e15acd79ee4fc802f55a81492d4a0ff210,1
7f6bf4e366d3064437736bed56cfa8b6071b2910e1,1
7598c34896158f89c5a58c7966df689d3659165b6e,1
1953279a8501386a7c9c88dc0e6aaed8bea3f6fd42,1
9d1fa03516b0a767d7a438a76d8f06847544ac958d,1
07dbad0ca4f8bc14c15585985b574377e27305fa8a,1
ff038dea0fb1f4d09aff1fbde030cace0cfb7b2ecd,1
0a36350b87ab3942f88d7445d7872f66112ccd7b7c,1
04b7020a0ece346429a01fc450a380352c545fe251,1
b0119a70259b22bc3d7de8a247f9c9ce4eab8b8366,1
05a985d61121fc484872cb9b4c20d8306fd8c371b5,1
b851a8eded11a06574e50b7f6b3f40d479d72de329,1
5a945d07e27e3d784c95e54733ebc6398ff36c6bcb,1
7e2fd15b65b54e4beeb9930328f5bf9a7d37f11674,1
052ef7ee6a78af83f68ba8d26d89fa5ef9a7d2ffc4,1
0045f5bd950f47d728f8d7a37fdb9fd3d70ca7861d,1
4e8640dbc75f514ab392aee74b8c640328fe752362,1
7cf51dc88466dc810778fd6de8d951eab5bbffb9ea,1
bababa9957f79faad2712c7d1b00c90213c90eb67d,1
1796eb109dc5085fa922ce53aad913639e900cb710,1
dfd6ce102cf53b4b2b52ce1876fd21ae0ae93671c0,1
66a7d618edbc2dc27293d0673b1dc9b1b82a4eb060,1
d01e528798b295c3ff34678aff5ed3a9df72809e62,1
2a980e0dd983917ad8c88440dcd5a7693c811ca5fd,1
272f8fcbdba1845bea7df0871b7cb91669b2e29994,1
06da9cca6ece7548082ecf065a5b4dc7f8c85148c2,1
86f6d90d494956ba82c46e352d3f030481bf3ee921,1
2f4843bedb04e2eea090a4e5470ba12d978146f653,1
73921d5d3872e65113c68c0803024df424d9e2fa2a,1
ceseelinjustobloqueo,1
mauthausen,1
bonopueblotrabajador,1
4c98256b64206d1ed25a4c99737f4b73950d710636,1
944bfad305bf333893d8c655c6ad4cc8c3736c73ea,1
nomasbasesmilitares,1
haciendohistoria,1
somoslibres,1
conlamismaestrella,1
remedioslabella,1
abajotrumpysuslacayos,1
cojedes,1
lavrov,1
britishcolumbia,1
corporación,1
567eab6fc1a878a076e8db2fb57fe6a7810fd1cda7,1
0272c7c240c59a263a88d1464534f4c30dc483084f,1
derecha,1
socialistas,1
inteligencia,1
tomásavanzamosalarevolución,1
cb3651511dd0927b8b7a1eabf4dc4f852002941716,1
dd92363d3906c09097ce43bd72908552727872161c,1
4328cd9e19d0b798459ccb51d166d3432d3677696f,1
31386979f0a7c7b24abb6ccb758664668747e4aedd,1
1a853ce04db91c6d46378fd7430dececb28af07032,1
7a206bcb1b611e5fe4a5f8ec5284e9a711d60f7d27,1
6e3d0d2e4cca2ddd225d87d8f7cf1bab2d59626551,1
c40f4d96a8d61954a6f97ecf8d6b74650304f37c07,1
fd9b66da5ee0e8b6248e541c207c2c273203bf3379,1
4c512f0d0279b887856c4753cc4fea1efc4f497b39,1
nobasesmilitaresextranjeras,1
e2a1bd1513a668cc53135a1edda8586aef9ed383d8,1
bed64a2453029432d453ef7abe6565d927013bbee9,1
23afa0dc43ff610df0ca5798e699a2dd42b4163529,1
066a1faac9a377d8b642042df4b5aba868edd65d90,1
8b27304d3bba82d3e2c035361997dd94a6a88e01e1,1
c5b0a93f61c67cae469637f95209ca8373155bccb7,1
085cf629bb875e74e67f69f29f9c11be604ceec0ac,1
b0ced711153315e95d95dd3008c611493055e21569,1
db476c0cb2aff978b47b7f6134584529c2f44d3b95,1
4c5d267c31e482b5e63c72ebe598b2bd91359eaf1a,1
04e87748c44091f23002bd61a4193bf8eccb7b7e71,1
92e81a0d5634e6de6b87afd9fdec51ff0d2d8be963,1
fb5921f7e3be5badcd52b6b6c9f9a2b1e0af450db0,1
618f1f6148430827a9328d92df89eba9f17ea5e977,1
1348b43e11339d5845a7c36dc8d6c38706db1ccd1d,1
bd093cda4f05f4ca419e6c84df2ce7b09aca06b775,1
2a5d04623aa7b20b63041d80f61f847ee37f363260,1
83e0dca8de17763bdedfb6bbfe61c7370f3df8fcd2,1
fc09201343717e0ecad78fd226e177a9cdffb4fe6a,1
e08e40aed05087751b625653f7d61b5a2d5a3da256,1
9e5e40400e717caec19543557e6e80be451c74efe1,1
08dc8295367007f2d9e284ea1af7f89887ff84e2c0,1
e5190dd70fe7530f284ac318a2891a07d084307692,1
6d923e1c215888428366c341eaed47fb66e2d6e975,1
798867c7dfd888a7372b9d175f137809d840d60d32,1
953940c84e6d35bf2130be34db9b775e016bb3cf06,1
a6ec9161a3c79da9398b99217c826a1618b193372d,1
9dfc508cb1649d63d6e22389b00d714c8126547fbd,1
3cfaa4e9c7cd616441c76e932eb67546dec8ca34bf,1
b1ddb3451e595af0539fd44484f078590cf7c622b0,1
3a76f6e327aff679c8cd9be6c72d23c5dd795a761e,1
07305d8739392d52b8da9c79284101c43abcc0fa8c,1
e91f9125822cedad91e803240799a5fcdcdad3b608,1
9179be591e696044994b1a6ebd82d50f6360f72e0a,1
4ac8cd6801b5ceb8bae7d634607cf050c31433184b,1
e34fa3e728ef49b172089115d287b3f279b92379dd,1
da8917cf383822f7bc5532a105a240550985e7fc16,1
008276e586abc8bd1072c2bb07444b7db242cebbdf,1
51e904b85e104f3fe802013ae3180436d342535c8d,1
8ff718aa4ff4f84912a71e17007ee94261a976b638,1
44a89243627047063e1e55a8287120aa5ad6417c6f,1
ea2227310ac702c382eb6a32c98ae8cfc32f8c8c50,1
3b450c9ac216f2a7f0e9b70d2b57788d1864f9ff92,1
c92efbad97e02e0455653371dbb6937bcac9f53aed,1
21344cde9c990357c23881aeb5dbd93a64a401f727,1
78b4d797361f398189461c491fdadce847e29feec4,1
bf22be28488954476cfd4a9cab896bdf41fdca8772,1
fcd5d6ff46f809f5494b6fe2397eb3b579c21a84a9,1
c16484a491994779e0eed768329204d6c380c2f917,1
69292639f23e5c9415fe1039b2e0f4dde3f9acb6db,1
9b06b3bff9d037fe27150b3dd0103d2e226d51594d,1
da547f16a79a8fae524e8a0db666aa7db82e9a9718,1
2809bb6ca920bbc3a29e3fc329e6c4b360f48e7338,1
7aa70a18c99bf95ddb16fcaf1e7a522c213d342b90,1
597ad11f1c101a075d04d1a284e3d0de2e372e6cea,1
3dadfede9973eacceee3a9694590f5ccf6b6292f60,1
236e2490c8c3c0152b1f44474db2ead2332ec7f511,1
e66a18e0e2276e240c5c6592c36d01b26b656ba2b2,1
798556349bab29489a82ed9e1b8d2bf620a0e924a4,1
bd04d07a9803e5cc872255c174ecc68d889525c55c,1
2839e2daabd5bf8009004b478a4089ba07cd117c20,1
0e2ed9ce33500de0d97dc9b5dc21d67601eb26cf60,1
5023cf58affaac88196f30b0ba8bc3d413804e448a,1
18f0e6eef472d1fb60800cc6041a38742464d5d03d,1
f64c9c8aad7d732b1170875040c24accc90090ab7b,1
a6248d713892cc66f17353a181e674f04e638dc68f,1
5a08ee25ddc890775a1b296893aa92c68e53bbdcfa,1
9dd4f16861514fd1f49a54020a1b6559ac2f484ea7,1
86ee252aececc33c98b90b04a9fbcef3b62b4c3215,1
dca283bc650fd1934701260891308347a43815c090,1
1adfd09c771ecdf58d9f931f54744c81c7e5841d74,1
97a6971bd6ca2c511dcb4b82d5d39fcbd063329a8b,1
83365935df0542ed6e42c92e3dab06eb6cc5f39212,1
5570f6600ac8d3f497f3c67748793386afb5be17af,1
c15aebd2d262995e0ea3b81b4f6302399ecf4d44d5,1
925cbe257713c672e9c56691fd28ee60be285ae6b2,1
dc398b625d93cd0aa062de1238216b61b74a7b8668,1
e8b91b517e2945b55118e4c3b25d2a1439b13334b2,1
5877a1b4b6f5c0557359f265e2e2f1c9e5d275cd7f,1
93b2945a319e56499dcea5e283a1e96e638c84add7,1
0ff176398cc39834e57d9c84b3c4fe88e4852019d7,1
264c20289e74a376c86506e0073d7c614d86e305b3,1
b9e87e823c6451686fd3ee217f1ec1da070f9bd9f8,1
20b3d9e0a950472d0028330e985fe9cb4c6514fe06,1
5df431691a7871b601969e31612e63ee3864e9e7d9,1
6766f72fdfbf16ea38b1dba28eebce87cdaecd4655,1
71213f47b4dbb05962750d911c39af2f075a04795c,1
1bf73ebf6c0a850bcfae553b0100e4ca091edfc00b,1
e7945f58d759861abf85be1d7af60c091adcd1e6e7,1
26aae9878045fd586d593b662a01c3ff2409ba4527,1
9be3d6253421543cfdf39219f05d769610aeb82883,1
13a55c0db1e417b180c79d616c435b67e0cec1bdd8,1
24109a32287fda79c0fb7cd9ddaaae0580436e6835,1
78accb0ae0b422bf76da868cc67813c73b80225967,1
044f3eb0c73759abb5de3896f87af5de2b1d2496fd,1
2afbba0a7031756286bfded515ad291cfe3ee23bf1,1
450424740600ce103dc976df83f424a0e7b2a370a3,1
fc24f08c29272679beaa65b48e31f38bcbefb559f9,1
mcadams,1
niurkagonzález,1
ñicolópez,1
standardoil,1
5mcontraelracismo,1
5mabrazodelospueblo,1
nosotrosvenceremos,1
luchaylealtadporlapatria,1
misionestataldecuba,1
losjóvenesnofallarán,1
nossobramachete,1
021e2e1a09164330203658401d0ea19de31e6427c5,1
somoszonadepaz,1
a190ee000215a19b9e45ac5cb235df481d2fdf0dcb,1
939c1e82119a5b83d2bc9f29d746c43780b254bf3a,1
45065c8011ec1b8d55e4440a11865f28b035ce7119,1
91be944b1aae9a554fc620bfce3140c3a34c2b9240,1
a3be54826e87bf07e323e984ca20ad6e775cae599c,1
ef889fbe3918f29c74e590f5f76ec77367f9b8b7b4,1
064217a61dacceafe0f2b636f584439e32201c735e,1
bdc7692f48d9f4f07fcc7519b5bab97f88b116b204,1
7db2d4f0a7eb9a21950a5a4785a9b0efd7d13cdd15,1
2221b0fc9f46f788368a01ce9c2bba1c187bca34d8,1
51daafbdf9fdeccf06832a8c2ebdcea628328d56ef,1
49221420f4c52723659fc6cde9d48ec543048674b9,1
e8ed0934e23a66701decfca472e3fa886a879d2376,1
009f3e0501ecf0f3b7414c859f43fb0a356387798d,1
4ad13938a22d41433d064adc375f8f6378d3154766,1
38965ed944bd2b9954bc6c60662f2553a1fb0bc084,1
héroes,1
30aaedc2865a0599a83d4c9e039f1e09af9ff0f717,1
6fb1b9abd9027d104bc5d583f40eeb80b5f72e2eb2,1
e8f14c949dd358e13ecf57b3163cf4335e30b035c5,1
8d793c819ad2960d1f9b23e4f015b29868af44a638,1
8e81e355684d9f508efa28f1e34d0b3be717afe691,1
67d0d6394a714e90f9d24eea8f27f93ac168cc8a04,1
59b73967b410569fbb09d19fdff5a167adfcd01aab,1
462bbb6fddb3f72a326b71ab824055d55baf7782ca,1
54400c54388e92f91ed3235bc1ce70fc50af660397,1
33f36c1a0e81d2e4c574a5d905634f7d21296f562c,1
d71da1c008a0676458c0c1cfda0b6c3be89123e3ce,1
191d37254096349f99b7a05992cb884894dfae2c75,1
d86f6b980216b4c927c7e8fa9a0ce0a4e3aa709869,1
b083439052c272782ec1d6c5169424e8f0aa847ffa,1
d705c340b804b3825344ec86e896ac27cee954bdd0,1
5757930dfc17b49320112b77a3ffef9fb6ab1bec15,1
2ba65c60ab1d626f959718843fed14c32037ca97c6,1
0675699a2208c4b3da326a0dfdf4bff38d913e043b,1
5c0254dc9b96d88c716f9e47df31e3693f0d7ca82b,1
83a84a7907bfe89f511acdbea57339455d12e3914d,1
7cdba38e42c982784401b7050b383d599608ec6a84,1
01a028c0317796578e8f867b4c7e01d89e745e863e,1
d3120ed8194a130ca44a9ca0d3b5b36ff1a9e6bbb9,1
7f0cf15192eb006b71880605bec5b5558b9ce6831e,1
0682073442a0595be225af161b18c1e223c0136812,1
c10576bdd75d6a92aac336074df9f2bc0f2040c5fb,1
a4b6f6bbbd72de729c8fc6d5a9a0acbdeb02df7f44,1
2d228345efc370e8639e6d08f403a79d40efd63cba,1
d933572779bfb3a1581f33b7da57c272c3b6affb85,1
9f8b200186dd898f955c3d2a2d9d2b58d6e08b0b15,1
4ed374b9ebca4274634f5100188e9c7a743ba92c8e,1
ed9891d198d2684a6e696d052064378072095369f9,1
bb347b46a5575d11874524c2d098d65a18782fe470,1
294606b71529415d7a4aa5ef8c71c7888ba1ff8f96,1
2089b0b08affcf7bd1472b95600dfad2cfca5ef21c,1
414bbd8601ab789fa8e1c7cea36dbf9e71a2ac60e9,1
949e652125be55e14eb5f5c0fb31055fa396a366df,1
8650a80df06709f95075ee57f76b41ac8e7802d3cf,1
6efcf168a025207ebf63d679b7ade06efcf640d6f2,1
8287ff66d8101916b1105238e11fbedadeba18edad,1
2d1945cdb60a5a80dcf7feaea22e9507ae66bb19d5,1
5239c1b8f49bf565fbd7ace89e55232e78771c9714,1
f8ad3a36a3ef0a54108fe3e6423df00793f4ac16ef,1
2ad96f733e429183a61028ca97ff2f12c3a14995ad,1
bee6f611811f02192db344e5e2d8e9ceb5ed7bfbe2,1
d5f61571d64c2bb978ccddba1e3b694cdbaf9af7a0,1
9e0dbeffe43f58f4c4a478a19c6b8b32d54c751522,1
18017df387107624f3a6647e44de4b685464b9e4a2,1
d66f538d682d0319a48197694008dda323db568e92,1
c7d1c27593ee9ff6c99f01f1cde41f31672ade75ac,1
55dff5e59f6cc280e00a6a260cfe11d2868718293f,1
a1749dc82186d67a6a4d438e3b3e15bfebca978064,1
30fa88b9c600992556bae131d4e4dca1ead44b3d3a,1
37ebb8fa9b6e2bec265dcf242b3f609e4087d04fc1,1
0996230e0953f8bac9939d269349ebf32038bbb7fb,1
7d64510312e956a5c919c12682a229d7740e20333e,1
601fdd394bebe330109b4b843cf4a83f2f246138d6,1
5e810223b324cac4109b15bd6780e740e5762c1e2b,1
32d5316b230b32b62e93ca7ec57625f660fee6cbbf,1
4bb98c52022eede81fcb7102ac1b61d2d844b6a630,1
6fbaf2c555d21c52e7d8d0ae9a45f320c040af9cc5,1
e97428f4732b0c2856695ec8c3f11c200c8506288b,1
f78d215113e391352ee43b4c2d0bd041fa33c620c9,1
b739318a078b6b73ff6c99ac04fa3f8b4be5b0609b,1
44260664089fad2d47ecf311e78b753dddf3b88ef3,1
db7e1e8a600fcbcc99999418fcc648e0b840078f80,1
b9470373b4cf7c00258a6cd31da60c4af523703417,1
f5a084ce108ddb091107d7bd2d66b93f5b0dd47c2d,1
c36421488550bc2f03d434b79c9b6b88e7377e6a69,1
fbfed89d8da8163052c7247358f6feaff4ff77f4b0,1
76d4722bde97964e1b2c1992e89ba0e640b27d6124,1
8f0c657109d63e68e7784793e8b081ead3f5e1a242,1
8c489d799fe59437929f48abe620d23c45099e38b8,1
08286dcaa9fb19b0638fdd826353a4cda88d6761b2,1
51a7cc893e1962b90beeced525e04de1bb3ae91069,1
8c54d984f8f72abce3be98376ebbff520958b38add,1
ae28f600b9346e0ec60a5c8ff05c3e45a2f729fdac,1
a5f3eaab2640cdc8b1cf0666a8aa299f0d4311ac5a,1
8cc4fc171135d61c9c0d3432a3c9e94a194d40f92b,1
e93be8ff14f97cd9b4eec823a708af73246a499d05,1
e0a72d977f0aecf67d1312af4ba9dcc25c93571c0d,1
f19adffe9664a09d1d53e827127b346af4b7590715,1
1c241c00e794eae015ab3a61ef34c5e67fa4984905,1
edd12272455d46b0e52456a05c5915e045eea9de84,1
63c3150bcfc8cbfc5f82621b595869eebf7eff7fd8,1
d8d6ff5726cc4a9bd17a3fdefad707265207e59abd,1
8b53845b2cec28912b53ddbc37f53c8313ffc900e7,1
77cdf495755ff1890f1d83fdc8ce20c1178ec8e489,1
add84d6fd945bc848756cc7f3a9051f027bdac9efc,1
eb39d28deeda29c30eae93d64cc838c8781f431801,1
84b19c60066dbb35f0bf72039de3e9ce8aa35c8570,1
f4d7f629327103593ea3e99aa9dbffff8a2a3fa553,1
522b5b3c37f98e161249b49710b37ae257d07c6bbd,1
82c2044ca22efbe491a384bd383964279e8d09000c,1
85d7d3dd672850ae9b50b5836c75713ee308d3523b,1
2ae3603a827e707310b9721ee78538c70892b46406,1
30cb82557490f7fe47cf2a020492bd662e3dfa8f0e,1
470bc6a6605beeba6d8941ba79ac9412dc6114bfec,1
12fe85a61883eee776fad84302b3e63a197d9f17a9,1
1bebab777f4c86defbcee19398f9b569ec6c08d48f,1
6491a0f3c22720e2b66ed8367b5d1263fffc6f62af,1
876e85925d54991a4197a60b6bf6e9d951671324cf,1
c78031249f4cbc76a03e07d4ce56bc46d91311d84a,1
comunicación,1
musica,1
nicolásguillén,1
dialogoyaccionenrevolucion,1
5mabrazodelospueblos,1
55087ece343975c0261fbdf2b3b5638a15eee96342,1
washingtonpost,1
yovotésiylomantengo,1
292472921ed9b4fe0bcc6e98f6106d27bbbcc3da87,1
armamentos,1
transporte,1
bloqueono,1
trumpb,1
sergeylavrov,1
dialogoyacciónenrevolución,1
nomasodio,1
874be08f74b44c2aec969b6d1f249d917dd78fe106,1
a2bc0db65417cd8fb93efd6f8622d238085695bf6b,1
53c596807fce904182d1a4cf530b18fd5c1315e62f,1
e4cfa44b1fec957af1e3f024eab88f278c8bd9e212,1
96950059dceaf61608eb55f459ad64e1a1b983af38,1
7a71dbd926cd50391ba1a860d817fa480c9431889b,1
8bae62a316bc066a748f6419304bce8845a6d775fe,1
8546c55b7ff70af093faa300ad31daa4005417c701,1
milicianos,1
romeríasmayo,1
diamundialdelarisa,1
interésenelmundo,1
rusiaestamoscontigo,1
mothersday,1
cubaesnues,1
cibercuba,1
antesdel59,1
masorra,1
2265fe924385271b59b2c7b879f80cb2bf1c5cbe26,1
6b5020e9221b6d7dc0c839c0db10fe9a2184accde0,1
021fe47ec40de67340bf9a44bd9afad9c173a68572,1
0b8f49e25e7a5e0a4969613c942ec9f56ca468643d,1
74701b4a56c8e83559b386e73ac33c6a866ec65c22,1
875388b811fffb6efc3255a9d8b4fce04976316c47,1
ce6f03c502b830e70c8feefd0ff5ce100fcd439c5a,1
77e7095d67844dfd5a9b347593230d6ddd90804227,1
2c4762b1fb24912d88b2fd1207b543d87c78a820a9,1
46a032502b3dea06b4471585b5580450965d7aafcf,1
b8438680702eaa05dcefd5c2eb129d31eebca14d2d,1
bb41e4dc98fe0d483e4eedd6449f83c023bfc8e804,1
71ea595a6c129a82835a6ae99ea5895de1f94e5c0d,1
4017586d077338e96881f5ffbc39aff4807ed26fbf,1
4c81cab63c2e2b0241c6d1c662ae1bc0ab3ec2985b,1
285763cca90c72747775b479e9ced456dfb91f0ba6,1
adc775fd73399f78e59a1af55fdccf361d894694d7,1
44dccc68119a0df6b001ca60d6de3fe042b9ebc358,1
33a88bc34be140cc884bb5b15843205af2a764f71e,1
d8a182c6e09b0efbc6bde111586bd08bc990b9e764,1
800a8e284972c5347d46a743e74d63371cb65690a5,1
ebee3d8a85f2f77082c6d283a597334c31dc911c45,1
400c370647e2f62868543b9ba1a865049e03c7d241,1
7b060d06cc56df7be97c22fd4126b4bdafd2c4f25e,1
e6f45d291186e746448ceabc60e381ecbe47df9761,1
0e5f7aa6e7cebc24c953cf878de1698b623b4eb6e9,1
e1c01fdd2bd019ccccb9de2fc6dfe5facdcfc10122,1
d91553ee015f8539196a5d029e4f798c12190efd7e,1
560b06530eb10b7aaa71dae6d4ceb5c3f07be5c291,1
e8f85a6aff8c0deca70d7d36188d562b7e575ce6ec,1
b2977895df7098c820505e41c079df2c700c97056a,1
06b31e5cceb106e87b4c96c9c7d12017d7f1349daf,1
5d49d3b654c9f584d7eda849e53ad2c32d643f0dc3,1
6ba9b0f64993cfe0464c39d1b1b7e7ad94bca8f04e,1
9af91327e9f59f0d239b133fb62c3c1c4f5f71577b,1
474854259c02cf3821a5d0316e0aa0aa5f9f561ab9,1
cc060134611672f8caa29de1a5ca6e8496f6386a04,1
1f8d6cfd57824bd4882051a019661d6f0b028d6cbb,1
reglatorres,1
39399e7417a6d0780f70f4541df1a733f94d00a655,1
c89e2c804f53ee843d3b28042c939fa6e149ceadc5,1
7059b2155fc6bf854515ae2768c6a81121a0610e8c,1
493429ef6d880e41d9ffb81ae0ec8e2fb5767a893e,1
e94336f0de6dbeb00886d1759c5a3f13fc32d442e4,1
07aee41777cd0fb32566117414cc7a0d9d6095525a,1
58cfa3a078c61714cbf262298cf605db427f7a954c,1
gnb,1
yovotési,1
romeriasdemayo,1
arteparamama,1
original,1
alma,1
golpista,1
renenavarro,1
baac7706b5c44a8b7af506dcd0babf998e8dea7e92,1
563b8a436542134ea0ff4b00e80ea58c2d7d7a02a9,1
4aa51e99369d7bc50e9957f180ee786fc6ce20a283,1
3c58b9cd7202efd0c2e3b06ed91fb78ba9e840c4f9,1
93eb360df11d6c603bd83c2cb3c8ebc2f030bbb4c4,1
650d030911d1a574335297c545e819a76735fc13a9,1
04fee5617636faf9f38303608d97593c306345942b,1
8e504dc74a2dd5da1ad2bf69a3a5222b01c2fd580f,1
824ae2b42cb4064a21c1628591eb077ccbc2b72e31,1
e7298dfbd10a30e78641b1e3ad326d38d4cf3ecc7b,1
e9ee7369391ebab34596c96fca165dd6c76eddf72a,1
1bf5c0c63d1f4c3945b917ae181342cbd9cc52ae58,1
7bc3ceb11fabac54c1c422523b200781f8e2ed0db4,1
c0bf0fde9ba367dac29add272738af319726cca05d,1
4c7bc79e48d904089b7e9adde5198fc685b0ef626b,1
05c16e4c543ed0d2bab7676b8fd9bca2bf3ce297a1,1
37e65e20944becbbbcc987e98a0fef4700d10b304c,1
chambajuvenilproductiva,1
1añodebatallaparatuiterosactivos,1
ca890eb4f4001c68d7a438714af84f62282b9c3c83,1
maríacorinamachado,1
bbcmundo,1
johnlennon,1
diálogo,1
sabadodeportarsemal,1
vivasandino,1
kenianas,1
medicos,1
nicaragüenses,1
diadeladignidadnacional,1
comunicaciones,1
ef2f9a2e41911dc25f94e88a79dfb3a69286242b72,1
endesarrollo,1
24512df8b42e4261f6b43986499447902b71dbcb37,1
881d2a0fb17101cf48ecb168ae0b8e7db83316a1aa,1
4434f349eb5665e64d5f212551d69201d39903c2a0,1
a91f7fbbc076da3fe9f0f7fda30e3f1c5cce82b92b,1
be18086b9da2ba96a7869d1fc8740aa1584808b4fa,1
1d54535ca6c4d850078f65cf55e073449a29623ad9,1
5654b8f4d42f59bd767e9adb9c0403f1b66e34c18d,1
fb5c38bd5794677e2e8faace074e558e81b1b916d9,1
738a362bec88e65c60b8f2803545c6cbf4ccc65fd4,1
6099892686eefe8a28374f3166a59ece06a59b7a8a,1
a13bfc8d33710e331ff37c10ae324e16764dbcd5d5,1
938c5053c70c7207a0f3824ca2ed84a684b0817db2,1
c3f6dac0efaa104d730cbd0c24b35f9935e8c4184d,1
11675d1abb201f533d13381b870785d255ea8e01ae,1
35f1e8ddacece982c23edefadaa8798c3e851c79a1,1
dcf5ecd928d59031f1f4fd59bb764b1deb65f03879,1
0d65e016663b13729ca17c0f57c50dbccf1e9e5755,1
aviaciónmilitarbolivariana,1
ataque,1
twiteroscubanos,1
b60279ce9b6fc25475c257de58a154466c21717afc,1
1f31135b6eabe519bae839c81dc22cf8507ec91697,1
c9d042e505adb5bfd96fa386e3bbf973a1fec75e85,1
6227ec4a961e17604834e505692dd16baf051f242a,1
fa097da8996a69e5a8a28a99adf6c6a34dec1b80fc,1
29c861296c667fda4e6fa3ada3baa0247c02ef68e2,1
bead30b5a7c6467cf61316abebbdc962172c3b8d68,1
5bb95b337dac7c987ff6ace13d370d5265df761eee,1
705606672f900ddcd6eec6e746da2f32f2c55350c8,1
b0805c299dde3e9217b59dff011f8bb059ac9066fd,1
7bc609fbeda1f4c3154de725e794e160bcbb36d1a7,1
42ec64d60fa6ef2be79071a080d3572d93f3023c58,1
331b4ac5c539c46d0c53dc09352a97d5485412af26,1
1327abcf4a1f398c2d5cd8abb25f8cb10d93879166,1
ae555ea7d3242b144e16e7023939042a74d2ff4ca2,1
ec82e493b3f8e5c1cc923af3b477417422ff762f03,1
95e85fc6fb5ea44282bdbee62e2f9736fcbe034848,1
1434e94e85a127031ce482936845b0d12a430646d7,1
cbfea47bde96bbd5c73d8738e54d81e6d3a41da406,1
ab5094e0b95f48bcb6c7e92d2f24fa4d8c2ae4af6e,1
ba4f7053b9c745260b1000799afbfa0e5e1a873e66,1
879d05ef8a620f737deffc9c5f69740ceaa2b4d1ed,1
c9454f8351d05a91ab618d70e5b111fe88fe436608,1
df246b09ece1d8a52ae656ad458a3d48491850b62b,1
cc432e7250792f6339f41af4b797a5868405a2cef0,1
71effb4d5d39b99f947d0bd764c33d8925a18a27e6,1
d17b586017b28acf4518d08d4d84a242715707f9cd,1
8016409d71142fc8df6372bf103530d47d2abfb070,1
a1c2fed613b4668318ea7919f33c2757fc73f587fc,1
22f5b6d9f3975b95e35b5bcaa757a47f99623304e9,1
c86bc834d9d45183a61b706147825e451d50d4c302,1
79f03d45e04303d1ba6e7595cba10e77f7d8204bc7,1
nonosacostumbraremos,1
6ba0569addb276974d41c3ba299120236189db34d3,1
d5145456fd61df0b3f4863df47d5bde5c80d44c8c8,1
c2dd98570a1a5e85986784e85fbbb0b7489fdcf5b0,1
539d92095097249144a50ef66260d6d60e1aeba371,1
6c98138525b961c1928a96fdb1c05c49728853c175,1
a669734d490629757893b0b49f5ac93f14a4a2ac11,1
47b3770100043fb24a28366c68c80a82baa00f017e,1
d42c4023b9923b93b0fcf463510e5fd8a02aa94efd,1
2c373afb4a5aafbc44cf3038d17f00bdebe58d0519,1
eadf7b2d2956e4590df5b9885204e81c7f3c15f22f,1
6f65f645148e0bdb4f86ea8559124d1e22a2f1964a,1
a5a46c6bae0af96440f4e955c70bb7b2a1f4b38019,1
97a0aa0b2f008d8bdd3e470bec546909274d93ca98,1
3d26573f1029e681364c5fcb6faa05ed7fc4956217,1
b949e7e63365e7569b78d768eefec51484a4aa15c5,1
2b2690a0d3a4144c4af8254b2263630d07bca84f9c,1
1e5e54f9b9e63eb9d7d5f3d8f4ee801cdc16cda514,1
d32c13c7e6c50ac20f2797613094602994e589dedc,1
941c5de98dd5c79d5dda84293d20ec140cc3441bfc,1
c9e6e353c9f20a44b9cf73c7b6cb77a0bbb2c3b19a,1
50ea34d72a3ca52c11542060ce302ec9592db717d6,1
258afb097f066125371fc22d47c7347f872acce85f,1
f86d0468c8f7461ab572d281d2de8a6a4a1f4ca84b,1
6c729b98c27f25992880c71daedf06e3801497e736,1
935630f7a6bcb66f686f178510c5ae5a30b240bd9f,1
49ae97ec65d91a0155f04a88f0910ba6ce2e2a57e0,1
dd48a486580737016bed37c523cf4e34a194a22932,1
fa769da9205beee71d28b5143ea4b444052bc9da7d,1
7e9e1bcfb3d839cf561243020d45404fe12c70afbb,1
cc8090d1fb76b3dd1394eaa1dca531551a09842858,1
f30aedc378fd758c22fe35a2a73ca5fa2e966a575d,1
68ba19a4df011f408e146d77512d2c2bc4e6732e68,1
e885e1fea1ceb06ae98a86a7e17d87455ffc156bce,1
cd98ad3e47f5860a25ac0fde335f0f6fde4aed51b6,1
37e084aa90c51e58a4e13fac860fe5141ecc0ec9ae,1
e1beda4469e265dde90e7cc013703b76be7cf0ab1f,1
05378dbdc76c18b6f49926dd18e132ff52b2ad5f71,1
214525968ae6e4c9275ee60f29920b0aef4e06235b,1
1cefa9ebb11588e475faf43b57faa1055bcc986ce1,1
a40790d1c697ef1379817774f01bee9461e521c87c,1
537f977cc46d89b143c548a94458cdf7fd79b57070,1
2b4624e11f860efc6698bd8d26962779507f2c70fe,1
d36a955ef0dcc71dffb85945774a051492e553483e,1
8ae1e14dafb9d7592ad5cdcb2c0a4d0cfd850826da,1
