model_name,author_id,is_io,predicted_is_io,io_probability
xgboost,0002e64fc6035627e87f8312ee9c8c0098b1d6cd2a,0,0,0.035440907
xgboost,0005c5f571ae94a562ab590fbcab9138cee6d20507,0,0,0.0009133837
xgboost,0007a45e37da6ae559d6b4b76218874d6ab677234b,0,0,0.0003183587
xgboost,000fca065490ad68fbb646d9491061b2abd861703f,0,0,0.007815878
xgboost,0011cb6aa969ab7bc4359a6c445287ca0671aac4c0,0,0,0.0006227354
xgboost,0016057b02f7c9efee6994577d9c8b0ee987927598,0,0,0.1394689
xgboost,001baf7af09c12b357956beb5489b01f9b64180b6b,0,0,0.0075840037
xgboost,001bb0e80a2c4953826d83e6035e03ed0ffb0da75e,0,0,0.00041254555
xgboost,001dea70ed5d5c7e932e5de6cdefd29c27ce444384,0,0,0.001583293
xgboost,001ffbe241e63935ce176d64177e9d736a9cab1248,0,0,0.00041254555
xgboost,00203798667eca0d15c616b0ab3c289e822458cef5,0,0,0.005607715
xgboost,0020fd099682638e5e7817bc2b0da196a35b29eae6,1,1,0.6306547
xgboost,002198783491d4551450e3050cf5736fcb291437ba,0,0,0.026810737
xgboost,0021f0f41422c32c9e3d7a96014bc6359c64d3214d,0,0,0.0105177555
xgboost,00280fff71800b03c0b67be0ffc573b25af74a0d50,0,0,0.00035953108
xgboost,003276f6de616e648adac0e4d9d0a963bb32920e32,0,0,0.0003925852
xgboost,0032a0a5b59ce8248333f7ce286aacada66ad3e44e,0,0,0.0003183587
xgboost,0038146bc77865e957c1e04d0304b21b82645648d6,0,0,0.028863749
xgboost,003bcb0f8955765bc0bea0656a8e90737c249b61bd,0,0,0.028863749
xgboost,003f284ce801fa50762a145b4a226c905c867cdfdd,0,0,0.19454753
xgboost,003f8ea49234bfc9a19716b3ea07aaf508501b748e,0,0,0.0010763843
xgboost,00402cfd3ca8c486c18f96c3ae7089281fcd8e2c80,0,0,0.0003668598
xgboost,0044ca3aba67282701fa4c35ea867e7d78ebae0e70,0,0,0.0003668598
xgboost,004a86b22c65f5f884e522150b53f7e7d5ff5fc084,0,0,0.0011728639
xgboost,0052127af394c135203d94025dc5f84e85d260e1a8,0,0,0.0009429115
xgboost,005283930b48906c08bde2afc691cdec149b471ddd,0,0,0.0003183587
xgboost,0053a46ba45285c81bd551ae10c262df2304996726,0,0,0.0068733734
xgboost,0056f61e8df7dfe20ffd9dcd4fe9c2ba455883bd3b,0,0,0.00947048
xgboost,005d531d2ade9d37991ac230789a49372ef72f63e6,0,0,0.14127648
xgboost,005d8f82977e5b704e90d8f5dd3f6fb452a6da875a,0,0,0.0011728639
xgboost,00604aa1022edef65d8b60cafd187322acf64b62b7,0,0,0.051092885
xgboost,00614397872fc2e209d7ec1e24a0e9c11ad3372c2f,0,0,0.0002330163
xgboost,006160c5a5e21ca5e70d9a7297d3a525954dfe6d41,0,0,0.0079541085
xgboost,0063ba0a1e9ac48da418cf4bd0694c05560631801e,0,0,0.00037807395
xgboost,0069eb8305c26e965038179fcd2146e1aa536af972,0,0,0.0003925852
xgboost,006a7814f57b3da1cac270756c75126ab2e3fc5d76,0,0,0.111099266
xgboost,006f6e69bbd7e89908c825018d5ce888e5e638f606,0,0,0.0022030366
xgboost,0074af53bc611b5fec2c64ec9772a09d26893b30a5,0,0,0.021064816
xgboost,00798102f8d7a28a795ad78c7d5824de2cb4b1a74d,0,0,0.0009429115
xgboost,007a18c576d5a6473efe777a65b22be326d560648a,0,0,0.0002330163
xgboost,007cc60722e55936290c66a0e58fc5ce7dfccd94fe,0,0,0.0002330163
xgboost,0080b858dcdf930f1029c57f65491e8df51b3bebc5,1,1,0.64315486
xgboost,00822faa77b568f8854c38242527f24e17936fbf25,0,0,0.035440907
xgboost,0082937b4e945e4c109b44d916f74855e53986671c,0,0,0.0009133837
xgboost,0086adbb9e8b4b743b279b0859946a31e2fe3de686,0,0,0.022123944
xgboost,0087da1bb0d10c4e3608c022f1eb88f98ada300d80,0,0,0.0011728639
xgboost,008e687aea8cd1071068e2744b9ca03495e8e8cdc1,0,0,0.2611296
xgboost,0090c2e3da3fc205da4f00bc91b808030cbba061fd,0,0,0.004916782
xgboost,0093e8dd921228eac36ead11605e2c86c35babf0ee,0,0,0.007891431
xgboost,00942bc751661f0022d63ff63d7e50b900a42fe51e,1,1,0.8535009
xgboost,009495fc94232709abffc79d6aad50e9aaa735a825,0,0,0.0003925852
xgboost,0097df0257f8bcdaf4e42d840ac85b8f225a584bb7,0,0,0.00044057542
xgboost,009b352ceb21af1010e9db15e938ec7cf458f7f801,0,0,0.00046689593
xgboost,009ba26b81a8cea91c4aeefe5a8353dd314016ea0b,0,0,0.00042573095
xgboost,009d5362dcc46398a2a9a37b890fa50b36c675fe7a,0,0,0.0003925852
xgboost,009e927c9c70d76ac7652f93831420db1ad4efbd54,0,0,0.00041254555
xgboost,00a5588c53b329a5074d87a06f97fd3b919fa6d4f0,0,0,0.0006716701
xgboost,00a6817ce73a5f0b4f7d24e3dea9356137a49eab4f,0,0,0.19783552
xgboost,00a988fa98689f0d058538461321c4e7508bb585c5,0,0,0.00022021777
xgboost,00aa2a4123439bc5bed0050d307a6188e2c71bbbd9,0,0,0.0003668598
xgboost,00aaec1cd3880dce131b2b900a0d99bfa476ba95c8,0,0,0.0002330163
xgboost,00b39fd2f71b32c226bdc46852358e3d9d6fef56dc,0,0,0.032384146
xgboost,00b49f1000c0335ecbc5c09bd0c64cb553851c61e4,0,0,0.0058986996
xgboost,00b72e28ab18c3ce050d447f93180f033742822137,0,0,0.028863749
xgboost,00b8fc8f7750d51df7f5bd6972caad955112a9d270,0,0,0.00044057542
xgboost,00b90ffc178d3cb657d75514106cccef10d9735d9a,0,0,0.0002330163
xgboost,00ba2a71955da135b125513860e5ac37a9a3f4a3b8,0,0,0.006672268
xgboost,00bb8106568f13438c75eda8d2d9c48d7c9d8fb5e2,0,0,0.00034415527
xgboost,00bc712f984a152d60b9a4e75453e1cd35377e82cb,0,0,0.15299495
xgboost,00bc78337af1c9106a89813bc9cad231d1c5b3ca8d,0,0,0.005607715
xgboost,00bf3f34db54006656f1351a467961abfdfed8e23c,0,0,0.00042573095
xgboost,00c1de1cd9d19d1e063896dac346a567356a60dd31,0,0,0.005197153
xgboost,00c41522abc244c6582d113a113ecfd99ee61cd4bd,0,0,0.029794568
xgboost,00c83492cd9d0fb9b18304aca81a4eacae9bfd2caa,0,0,0.0009429115
xgboost,00cec862fc8d133705e81e76124bb10acb1d10a671,0,0,0.00042327403
xgboost,00d1c0a6cf8b648b18a863c0122871ae9a726efc47,0,0,0.0010745612
xgboost,00d23f1596e776dd12e4c802844657720f6da1861e,0,0,0.00034415527
xgboost,00d308b4e7797c089c0654b2c83ed906b0d240fbf1,0,0,0.0012346779
xgboost,00d32e781f35a4a2f3c6d5c2f293044f3916b29125,1,0,0.041514996
xgboost,00db7cd2aebb673543e00475b5f1087e2b28fe748d,0,0,0.0003183587
xgboost,00dc8a53208007361ecb66a460dbfb0832abb666ce,0,0,0.0009429115
xgboost,00dcc8fde02f485579f04d95dd39d134aa40c87aa0,0,0,0.00022021777
xgboost,00e00a843d4e87581b16654f791f73dfc3c61a3a96,0,0,0.0039741513
xgboost,00e57008879912d70bfa5aa4a3fbe6101ee4c08cee,0,0,0.00044057542
xgboost,00e76300fcf2d0a360644abca2be5a5e63ff5dac3f,0,0,0.035440907
xgboost,00e8f62fb2079470f60693f3b1dcb5b99682b7dfa0,0,1,0.64315486
xgboost,00e9a5e68539e06e9a1565afdce8049e6ee1f4e063,0,0,0.0006716701
xgboost,00f6481771c27011f3b566bb39bd58e5161eff8cb3,0,0,0.00044057542
xgboost,00f8b5a07a2239d570d4ba3800daf0ae4e0bd6904c,0,0,0.0003668598
xgboost,00fcbd74fb4c9f00a659cf0a72d4491dc518457c55,0,0,0.006672268
xgboost,0101b4cdeda5a5d23247cd2c4a36f5a630cfbc2153,0,0,0.009807427
xgboost,0103d03f2d00ffbe8059ec5195a22d84671dde136d,0,0,0.005197153
xgboost,010566480fc88f8c2693ae8ed7f8ce9a147cb26ab3,0,0,0.032384146
xgboost,01078faac6d96e44adf35c761d1cf60383e7c21feb,0,1,0.64315486
xgboost,010d2f0b681cf3fb1f3d5260f310d63d9fa046727c,0,0,0.029167907
xgboost,011897d9d37b46e6164308c1936bbd6d693c1c5364,0,0,0.003925084
xgboost,011a69431741990df8fd1a1e9c3d8354d80733c0ed,0,0,0.00035953108
xgboost,011c74fa3b4b00e8b2c28f00eac4eae01b7df8c560,0,0,0.00022083636
xgboost,0129cca2f986224e821a3b5e0eb0a6e1ff4ce309d1,0,0,0.0012346779
xgboost,012b9404ccb2625bf709b607a5f4281eae9d151af0,0,0,0.02197904
xgboost,01313fce43735cfe666d143d3f49e04727cf571879,0,0,0.00063679816
xgboost,0133552720ecb892194f85b7a7b45f3ed2542b3297,0,0,0.0054252394
xgboost,0136ea1ae8c36677d51ab82a05b5800bfb10b034ad,0,0,0.0003668598
xgboost,01382a7f8fb384a5004ddc1778b1bb39d765a9dcfa,0,0,0.00042327403
xgboost,013864dfa54fd503a21a49322fb1073fbb3e9fa921,0,0,0.014806572
xgboost,013c815f6cebd68157f6acfa5ee8449f39090fabb4,0,0,0.020047948
xgboost,013d1b38b29ff203ed8d344b4f069397765f929eef,0,0,0.1743588
xgboost,01438835e31e9db9208ee5dcb434f26187629fefd3,0,0,0.00096465787
xgboost,0147096bb1c4393c4075d3419c408531c01c87d6b7,0,0,0.0009881387
xgboost,01470ce6c1092ff3f1323c4250612e563495b05271,0,0,0.00034415527
xgboost,0148519544a613b34c8065c2be4f4772e22d16201e,0,0,0.0006486801
xgboost,014a2d5d994b7df340184b392466d5f13b6e055b9f,1,0,0.03023339
xgboost,014adacbc8a913a91c11ac61d6e4131ecadea482bd,0,0,0.0007948035
xgboost,014ebcb4b62c6f10c07534a15c65970b45a3ae48fa,0,0,0.0006227354
xgboost,01510bf701817c21adfdef25e8e9fbf4f89a94ac60,0,0,0.008981103
xgboost,0153711ea8641e01c629cb2397162fa2c72a094aec,0,1,0.64315486
xgboost,0153e50d662e8c8951abab9649d30b468e2cbf5b7a,0,0,0.01537847
xgboost,01558b3cabff37125e585f57897e15fef918efa7b7,0,0,0.00042573095
xgboost,015666f2da0e44fc0fa3bdcc98c6c7c276dbc5a9df,0,0,0.0006716701
xgboost,015839b749df74d71482867e00cffd6fc351d81271,0,0,0.0006716701
xgboost,0159b980c74aad6943821ba6bbc83238d3125fbb2a,0,0,0.0003925852
xgboost,015df9d6aa2fdc251e7dbc9ca78c3b336b2ce4258a,0,0,0.019841658
xgboost,015f1f9f957c3c93741c68cbdc7faed744ad0aaea2,0,0,0.007891431
xgboost,016265d3cbd361fb90afd52287f68483faa8683c48,0,0,0.00034415527
xgboost,016595b078e3125f3990e3bde65e66dbd42c48d9aa,0,0,0.0002330163
xgboost,01670d96ec66ea4dfaaee8339d29e106a01f6040a7,0,0,0.05705226
xgboost,016712b31cefe47ca9b2a8a9523b75443f4db64c5f,0,0,0.05705226
xgboost,016dedc1ccb854cb80a5a571e7764780a2bdb7548f,0,0,0.0006486801
xgboost,016ea8292036912607c8488b6fd7f0ff16a9fd5d99,0,0,0.0003183587
xgboost,016fd3757d520b9cef4adbe4fd9280f9828fec22c5,0,0,0.0002330163
xgboost,0171dadf96f1227bee06148517ec3210c2c6156859,0,0,0.00046689593
xgboost,01731495228ff8f4b3d34508af5801d80657d737c3,0,0,0.020044776
xgboost,0173514f232efc19786becae50a6acb252fa34a76d,0,0,0.0003183587
xgboost,01769a6a8c78cbbe38511b30c649e3b9a69acd7287,0,0,0.00022021777
xgboost,017879806c9d55fd5d6f86c2de08e5577ee2876a73,0,0,0.0072072153
xgboost,0178e8ea49f4e9f74eb88ff749954f2c16232728ff,0,0,0.0006716701
xgboost,017e3e03e10cf0a2a48a133c0445bb73abb9a81d2f,0,0,0.0047180536
xgboost,017ef438d4c000f6bb05d0f6809cf6b3bb90fb72f0,0,0,0.013926448
xgboost,01807f3a25620be637baef0633d83aac34ec209f8e,0,0,0.00030038686
xgboost,018694a86332b8b352bc2925a0ae30867f44592c73,0,0,0.029794568
xgboost,018714f89a0166ea7cf94a87f2065eca0ae906aa36,0,0,0.008079678
xgboost,018948852bcaa0845f11ccfceeaea649eb496e0624,0,0,0.0003183587
xgboost,018c14505e9de729947714ba8adaaa5b722a9074e0,0,0,0.0003183587
xgboost,018f21ad276f68b88e7c48628092787b78823fe82f,0,0,0.036554493
xgboost,0190e1fa51deb3be1ff308a4c1ad7c8caf8ce52e30,0,0,0.022936577
xgboost,0193d910a3a924a6bd28a04241a0bc406d608f5b27,0,0,0.00035953108
xgboost,019615b29ee393a6be69ef6f019741dc51dddb9071,0,0,0.02379403
xgboost,01963ab4a79de50aacc687c6d164c9844fd2778bc1,0,0,0.0009881387
xgboost,019d57bcee318472fb9562d1d71317c0b8a86f5db3,0,0,0.00030038686
xgboost,019de650324880362baf961a20b6860108eb177e80,0,0,0.00086060417
xgboost,01a0fd374f69e02b3431ebe70277ec2e706a90854f,0,0,0.0006299072
xgboost,01a55c0d8db0f23297f3155709f31ef56eb213fde8,0,0,0.00063679816
xgboost,01abd29f90eaeede7843b80c1a7f5e8baf80e86a61,0,0,0.032735623
xgboost,01b0efdd37579f669eb5435ed1d747feced02e4b53,1,1,0.6306547
xgboost,01b1effa790dee482b45963d527d76a9e364fcdb6f,0,0,0.00037807395
xgboost,01b25b40750a03dee72f19997bb2b8b875687b3c39,0,0,0.38859802
xgboost,01b384e4fb283b6e0c82be50c3155563894f8a7f95,0,0,0.036747593
xgboost,01b7fd46090fa9d46a40c2d31a73f814a6d6e7727a,0,0,0.00034415527
xgboost,01b91fb397699c72b0ee6697b5294399deb138306e,0,0,0.005607715
xgboost,01b9d9ea02e0d0614d794cc57291cc495e909af94c,0,0,0.00030038686
xgboost,01bd41ef4ddae11048474b57a4bc901c2a518d3c10,0,0,0.14156424
xgboost,01bdb6c0edb2f816bf90edad814329898e251a8ed8,0,0,0.00022021777
xgboost,01bfdb00ded4eb847d635c672b5867d36dcf2b1923,0,0,0.0009881387
xgboost,01c394d42f40f94c31832fa5268649fdf1d89e6237,0,0,0.029167907
xgboost,01c39c6a298399db8ce44dd565851fe064b0f1f128,0,0,0.0003744533
xgboost,01c458f72c1381732aafeb9765563b59933dda3db0,0,0,0.0002330163
xgboost,01c7f1e5c8b40eaa47887d1307a52ec7716eeb3451,0,0,0.00034415527
xgboost,01cb0c2da0d758e47d4b981100d9efa1135a1a369c,0,0,0.015873032
xgboost,01cccd727ed5dd57a18e0c5e0b1d390d8080e80bc0,1,1,0.64371026
xgboost,01cd4d0d43f6087e2ade6284c625e03d47dac83e38,0,0,0.07896793
xgboost,01d460b6d56c24c940fb23a9b8d094b252d2c9a964,0,0,0.007815878
xgboost,01d471edfc55635ceb6462347d865ba971d270bb8c,0,0,0.0002330163
xgboost,01d90a84e68d1801d2dfb50729e4b3aef211bff455,0,0,0.0002330163
xgboost,01e4c1dd02bf9e0f2c836b1a6a739bacb6ac0f82d2,0,0,0.0003925852
xgboost,01e6c5ead5869f4eae1d24b4b1a77566ed70c451e7,0,0,0.035440907
xgboost,01e92521efb18b1568773c589bd36fe9982f9e3434,0,0,0.032224238
xgboost,01ea595b0a16edf1872e4fb37ddc76169388a320d9,0,0,0.0006071794
xgboost,01ebc025694778d21b0abf58f77cb86acebb36c093,0,0,0.00041254555
xgboost,01ec66430f9efa0304809444c6546236e5f20dc30e,0,0,0.013926448
xgboost,01ee5bb2b426b876e6ff99066e69ee348816229338,0,0,0.008079678
xgboost,01f3fdbf7716fef8a17ac5587a9311cfdd07cf252a,0,0,0.0003744533
xgboost,01f51431968633426f8b92318981f5bc6c5b544097,0,0,0.065870196
xgboost,01f53c57523ea68c108b19181b349a86446470fac8,0,0,0.0007948035
xgboost,01f7798597b6224b2d085a8833cee69a404e5163da,0,0,0.0009429115
xgboost,01facf7edf2b3c4d0588a0ef44ebdf066e3de0db5e,0,0,0.0009429115
xgboost,01fca51472f03dd66b6b302378bfc47328760e7a3f,1,1,0.64315486
xgboost,01fd76193f6a1d25a328e2015c76f6fac8cbcaabba,0,0,0.0002330163
xgboost,0202992e494dc655b8bc44051b6efbdd5c7011a82c,0,0,0.034143314
xgboost,02035e2e757a2ff42d0579099831cdbda392933cc7,0,0,0.005197153
xgboost,020530b2bce3809029cf353fa73640a16280ccb81b,0,0,0.05965953
xgboost,0205a07b5dc417d56c2ed90fad4ebb85739d8dc669,0,0,0.0003183587
xgboost,020c35082cb38157863a7785fbd24d88897b269cc6,0,0,0.0010763843
xgboost,020f4d31123bab0770359ed931a276c412b7a5613e,0,0,0.0071041905
xgboost,02104f169b113a7899921f6bd43d3e893d9fd5cba7,0,0,0.0006071794
xgboost,02184eba14527b77619befd8f754c9d8b883d4cc36,0,0,0.00029415396
xgboost,0219765587b3feda01a7e1664f2872dcea841a5042,0,0,0.023583846
xgboost,0219fcf836eef8da9b05e19d28e0b82d4c5c846868,0,0,0.00080371596
xgboost,021acd3cecffe9b7345cf320970216438229edd135,0,0,0.036837205
xgboost,021b83d1966c084f1dfc62f005b290b187728d1e71,0,0,0.028160574
xgboost,021d033843dda71cd713abc9c45da31e1972f9ffe7,0,0,0.0002330163
xgboost,021d09d6cfa01105408a3ca207e31caf93538bc4fa,0,0,0.01557858
xgboost,0220d391c7890659e57f73850ace2bcedd6cde8649,0,0,0.0003183587
xgboost,0227967c2f5271b7ae5497d2eba5dfbec853bd30d7,0,0,0.00029415396
xgboost,0228fb0506270fd5041e6673062da7c2d5fe90a4f0,0,0,0.00046689593
xgboost,022adf3374ae5989d02df9f49612cb7c57e29fab26,0,0,0.0069351136
xgboost,0230a4b4f7c95bb33fa0cb7dd5ae1760dea9cd6128,0,0,0.00044057542
xgboost,02351d08fe5ac0a42ac96896efba115a600e72bd6c,0,0,0.00041254555
xgboost,0236773c18c3472d0af311bab755ff9a542d19ff00,0,0,0.00034415527
xgboost,023b9157e6cc3c55c054d487d9faade77cf5e577b7,0,0,0.00042327403
xgboost,023bdfc227a7d8ddacafd3e8a8a59772c65af43d34,0,0,0.0006227354
xgboost,023e3efc070a9df84c65a8cc957dda77a6679c1ca3,0,0,0.0012346779
xgboost,023e5d7ced8c78887b9a46975a17d27c5e7cea2efc,0,0,0.0003183587
xgboost,023f2db7cb7fcca6518812f18d5a5919fe1defeaf3,0,0,0.015226283
xgboost,024385ad7c2feae9a5bf6c116379364455fb092efc,0,0,0.0075840037
xgboost,0243f9a6ac741b5c9b707fd986a5a682a99bbf1f31,0,0,0.0006227354
xgboost,0245e91d8c8aad9badf84cf106056b6e5a48de0595,0,0,0.0009133837
xgboost,024df6abda0f19b3149172cbf185a79fcbc403c385,0,0,0.026810737
xgboost,024e314198fa8586d2ae8765031bc2eea50bac617b,0,0,0.065870196
xgboost,0256fc9955102b835e3231efe8ed7c722e1c75ee6c,0,0,0.0006227354
xgboost,02570b5b05563c34658bf352ffcb82389724304dc4,0,0,0.00037296838
xgboost,0257d3cc3262bc48aa0a9a9809931749b23edf4c96,0,0,0.055719044
xgboost,02604021bb19f6d9f20b50d236a320b926b9d1df71,0,0,0.00029415396
xgboost,0260b31d9212b3a4036c0f1ca66310d109680df655,0,0,0.00022021777
xgboost,0266d91cd28c08cb4e7dbb2e2f6ca78ebb318e01a3,0,0,0.0009429115
xgboost,026799fa88574c2cec03d58043f0903cef8975df14,0,0,0.00063679816
xgboost,0267c27fe81485eadbd90f87a21282ab7361980411,0,0,0.026295189
xgboost,026a95e2c9f4dc2c62e4d02a265fb7eebbd089b2a6,0,0,0.1394689
xgboost,026ecc9222a3b0bdbbdf84e453a858743d186b679d,0,0,0.0053094267
xgboost,027718d9e7505f86a64782d677bfc9d5831cd18d93,0,0,0.00029415396
xgboost,027a74fb970359deeac57a33b4ccd237c12b5bb2f2,0,1,0.65877914
xgboost,027cbb2f688fa52af505abef391a951e6fa55d15b4,0,0,0.00042573095
xgboost,027f60c4c1fca2dfb49accf4396811215b1c952a49,0,0,0.0003925852
xgboost,0282637e68f3d490265156c261f1dfb143d3a441ed,0,0,0.13258594
xgboost,0283bebaff88f596bbf2f5d8d62a0d3fbfb4fb342a,0,0,0.00037807395
xgboost,0283f761e04ce7aa0b7fcce7776e8db46a50c8b09d,0,0,0.00042573095
xgboost,0285fca40ca9f1aa40a9eb7e0ddb4b42e1e81f2714,0,0,0.00069871
xgboost,028d5e334222339ef93801014e232dfd74a96c44d2,0,0,0.051092885
xgboost,028eb30e3533f0ff4d119c5d9e1d9615cd66b6a0a6,0,0,0.00037296838
xgboost,028eb67d990176ed322c708194c5939a4cb0677114,1,0,0.14127648
xgboost,028ebafcacd52c27bdf30a133329f28879a0cb5bf3,0,0,0.00042573095
xgboost,028edfed80c891e33a3e44b62afb26a2ffbb91e84f,0,0,0.0009429115
xgboost,0296ca5b6b3593e4efd62384e79755ce9a56ca7356,0,0,0.00062770204
xgboost,029c6ae2993ba594927d9471cab0869410a67b84f1,0,0,0.0002330163
xgboost,029c9270a670baad1fcc89ab905a8c216e4b2a5c3e,0,0,0.0039741513
xgboost,029ff9347bf41299e649de181f293938d0c29ac0f1,0,1,0.84386146
xgboost,02a04a386ddb16300c2918a792de889be01699fe55,1,0,0.06597109
xgboost,02a3a81411d081fa1d675fddcdb3b9747458aa2384,0,0,0.01190468
xgboost,02a57e5f64e50056b47f1ee0213c9eccd8a00f688b,0,0,0.006158658
xgboost,02a6139523a0994f57c892b932bf84ccf0b0fa7f47,0,0,0.036776703
xgboost,02a790c85633f2753086ff1277452c0b968f538951,0,0,0.1344866
xgboost,02a83a3f4478d10417eced313ba978145f826386d2,0,0,0.006064744
xgboost,02aff6a22ef3ff21bc80fba653ade7bb6483938a74,0,0,0.0002330163
xgboost,02b25983b95f2a8dd555db46d073a4395a51494cd8,0,0,0.00029415396
xgboost,02b76f0cdae66f7ad5c24b1b95545d017557122745,0,0,0.00034415527
xgboost,02b8590d21987005f9d233b286b0c3d113565085c9,0,0,0.0022030366
xgboost,02ba5904115036e5d47b550a960166769f080a580a,0,0,0.034807306
xgboost,02bd26908d3ef85f49e0c3304169580bc025aed7c2,0,0,0.06965306
xgboost,02c39d00971267ac19a8d0cfd01e8eb8df6c2e85dd,0,0,0.0011099989
xgboost,02c42e2b7e101a19c6dbf588c5c90e8657808591ec,0,0,0.004916782
xgboost,02c7008de1005a634b58da1557d9bb47e6e5744958,0,1,0.6306547
xgboost,02cf5fbc9af98541b19b51e7ee56a52c84272e7246,0,0,0.00022021777
xgboost,02d25f9f9ce0c4884fa9f5e6d4839d4e6927d9d3ce,0,0,0.00041254555
xgboost,02d55f60aef9acc42cbcfdf69c3619272a6346f4ba,0,0,0.0003668598
xgboost,02d9abaeebb59334a2171c0c404f1c6f67ea5e3aea,0,0,0.00044057542
xgboost,02e0069f88d3b5c3f4b0921639f3cf4451d4c8536d,0,0,0.00063679816
xgboost,02e68b15f61fe9a94ee8d3b25709a1c06cf66c10c9,0,0,0.0010080602
xgboost,02ec852e1da2d531f7bd9556c97381f2419917c82d,0,0,0.0053094267
xgboost,02f0d2bf85d8e6503fa704e0bbe5aa72c5c575a3d8,0,0,0.0513465
xgboost,02f44b41727294af03f2a9f23deada62316249c1ab,0,0,0.0072072153
xgboost,02f6a1d78a470e3667ceb3959ef29dea7d866ee79a,0,0,0.15199795
xgboost,02f9b0147b65a93725963f8c2276703682d04bd33e,0,0,0.0007948035
xgboost,02fa5402eb119b9184f2c98cf9cda84008a69a1217,0,0,0.00037807395
xgboost,02fa7fcd52f7642299c50ca83bf15cb41af0f14579,0,0,0.00030038686
xgboost,02fc8c55ae8a0f7999bb1ed879e480722a13bbe824,0,0,0.00022021777
xgboost,02fdcfb37ec90d47025f40a80eb4079b69ceb1225d,0,0,0.0057338746
xgboost,02fdf5f8c03fd207bf290f69e3b62ac976ee0db1e9,0,1,0.6306547
xgboost,030088899a16726cd2a6c557a9565b476cb2eacb9e,0,0,0.03023339
xgboost,0305d437cb13d7c2f73154b3f05ea0882956c6b74d,0,0,0.0006486801
xgboost,030b41eb5495dbfaffb587aa8b917c7661aed04929,0,0,0.0003925852
xgboost,030c5769d0a824517b26f93fbfae156401352aeb44,0,0,0.0002330163
xgboost,030f4d43cffd86351eb1ac5f537466609f72f2013f,0,0,0.0012346779
xgboost,030fb571f499b7f320757335e0981ff67c57ee8b91,0,0,0.00037296838
xgboost,031045f8259482918eccb8413a902962a5d1044204,0,0,0.036837205
xgboost,031b4c33fa49be6aa24b258017d8a6254877857787,0,0,0.00034415527
xgboost,031f78f5d6ad7a1f50ef140cf5c29584d2e449b630,0,0,0.14127648
xgboost,032628fac89f1e10713a919a7d4d12e24a0fea9384,0,0,0.016326247
xgboost,03297a81095f799c61236470f772fa23c3858d616b,0,0,0.00046689593
xgboost,032bdfdbff9114b0b358a536e9a25ce9a1d884af25,0,0,0.004916782
xgboost,032c857389a05557976fb9cfdea3f6c57de5ed389e,0,0,0.00035953108
xgboost,0335f72f2078f6a4da95796e2c8147f028e57e35fb,1,1,0.8254233
xgboost,0336688ddb4ec6920aeaeb5710624dcb5ba91f54bc,0,0,0.00086060417
xgboost,03370796eff6d602abb42d0da9beb248286971a93d,0,0,0.009873061
xgboost,0340ceae18fcfe594c0ef904ad4e8b3fec0b816107,0,0,0.00034415527
xgboost,0341f7a231840f0f06f3e2708646671efbaf089836,0,0,0.028863749
xgboost,0344bbb50471083650d8241b793f0fa98c64274eac,0,0,0.021266634
xgboost,034794c825b1e66fc698f5bc4fea9a3494bbe9316b,0,0,0.0006486801
xgboost,034a6816f1b19493dfac8c3e039ffe327b4641a1b8,0,0,0.014183076
xgboost,034bf384080d1f1225f0cf60a97b24d5d8619faef6,0,0,0.031720858
xgboost,034d0fbec7d97d42eb9361139b7e6a10b00f327f98,0,1,0.64371026
xgboost,034fe9f33987fd9a80b7d4d207a24b71520175c018,0,0,0.009634344
xgboost,03509207f82849c09c0a282c3496a633147ffd896a,0,0,0.0014972406
xgboost,03513ed798c5a055311d73778df641a508b384c675,1,0,0.017308999
xgboost,03514df97f058508668b20fcaa0818dee1049915bd,0,0,0.024125759
xgboost,0354ba0a7b212dad142c2e100462dd6c7285a0e836,0,0,0.00022021777
xgboost,0359bb1076526da96c67ad986a8ddb035384f15df0,0,0,0.24505952
xgboost,035b6978f638656a0dc9ef9d7211612e0874958d21,0,0,0.0006227354
xgboost,035f2d4269dccad7cdeb45c9f185273b3fdce2959b,0,0,0.00029415396
xgboost,0362d0bff1a5619ef6958bd512e6f8dafd59b66a95,0,0,0.0014972406
xgboost,0362d9a076ad07e2a38a03c3c9054c2c825722f8a7,0,0,0.0053094267
xgboost,03636cabf74dabb144761690b4e22a045914690be3,0,0,0.028863749
xgboost,03664ba0c85f8d634dab6de2ed2ade15ecdb6be7c9,0,0,0.0011099989
xgboost,036d74e0d380631b535afc93ca8e9a14f4b8708e9b,0,0,0.00030038686
xgboost,036ee678f5ee8aefc3e07c1cd597c9ddce2ab7f15a,0,0,0.00022083636
xgboost,0371704a11bedec553ccfd46ab85d767096dd1f36c,0,0,0.00030038686
xgboost,03775d40d25e0e445bb25b8d0f5b285db73fef64c4,0,0,0.00030038686
xgboost,03781ef5d18ce5a0ba30a1e325c0b11a55c2dc57d5,0,0,0.0002330163
xgboost,0378dda2563027e5b5e8b265ad24a2258bf1235554,0,0,0.0082098525
xgboost,0379106500dad0653ca9d17501683277e8944dd605,1,1,0.6309033
xgboost,037a63ef89099b375ae11e091e3f944ff55b401ef9,0,0,0.0010099511
xgboost,037b0ece511e81ea8d16992abd6ca5afefa7a68418,0,0,0.00094434194
xgboost,037cb99fcff59854ad30afd54ff3a4ed41f332ecd0,0,0,0.0053094267
xgboost,037e422857ae31e34f3d1832d33a578e1cb3a74c9c,0,0,0.021266634
xgboost,037ed96c18c19ae99e93605489616a685006aeb82f,0,0,0.00046689593
xgboost,0387d982a8c798f0c80d2c8240e89c441bce060c29,1,1,0.5566283
xgboost,038834cee5a44761b8f16ab94eb520e328c3d3b290,0,0,0.1344866
xgboost,038aa920d81b8a92b7ad0c6ef2016082357cb49307,0,0,0.00042327403
xgboost,0394057a59e827a781109b5a305389d6aac9d5fa03,0,0,0.032612085
xgboost,039a1f32cbe6a8e314ae3e2fb6547f33232f4966c5,0,0,0.0003744533
xgboost,039c2aa6158d5bc494af1347f00971bfdfd2797085,0,0,0.09642085
xgboost,039fced2a3b7675b2b6b19fb326761df35cc40d38b,0,0,0.013584213
xgboost,03a26db45e1811389499707a7caf6da2ad8c2f2b48,0,0,0.00037296838
xgboost,03a63f703e983065c59ff53b26e20674a9888b1565,0,0,0.00034415527
xgboost,03a73ac53c46d7f96a24f4728d6aaffb15b6d515a0,0,0,0.00030038686
xgboost,03a816c5721a059f6094f0b4ea2ef7b1636734f56d,0,0,0.00046689593
xgboost,03aa728e78f26e9766f822be4a6333c8f1f54e1ebf,0,0,0.0010745612
xgboost,03aab5de520cec8c1a0c47627550625adb9e821667,0,0,0.00042327403
xgboost,03afe80fc92b9d3547c10f88c9a8d3b656ae1111c3,0,0,0.032384146
xgboost,03b1933ab315ef06b8f94f1a43189e830d38f04a71,0,0,0.00021901939
xgboost,03b19b3d36872e1050a394611f1d349604c7002b63,0,0,0.00042573095
xgboost,03b47735f0174acfb2ed3c3128874fe8f4eacae64e,0,0,0.00094434194
xgboost,03b5de96cf7aa06141ddcfc290b2006360d10c0fdf,0,0,0.00903454
xgboost,03b826209d8045aa743871e5e0b7eb6ee5a11f5bb0,0,0,0.009873061
xgboost,03baa68be3e315a4499b72975815c5473b89ed6b86,0,0,0.13258594
xgboost,03bb4ed353f20e3472cfceab49f71ec8274c583c8d,0,0,0.032224238
xgboost,03bc7871384fb4807a6175a9b046b1207d815d4a53,0,0,0.001583293
xgboost,03bec0adf4737f490eb4db990d9227345b0f9cfe09,0,0,0.009807427
xgboost,03c08ed919b38fb8a234774622400064c6f53a745e,0,0,0.0003183587
xgboost,03c17c266b0cdc168bc6450232f9c7615e48713c78,0,0,0.00034415527
xgboost,03c2c51500fe54a22274bd736ce300b2d3009585ef,0,0,0.00022083636
xgboost,03c7d56bda0028671ae660320c2fa367c03e0309b9,0,0,0.0003668598
xgboost,03c8a99135ecad27958b2e97b982a98b9d4e0806b8,0,0,0.00041254555
xgboost,03c9b294e14e0cc162c4458f408a2453bccb6b6782,0,0,0.0006486801
xgboost,03cb3dd59f929e6a171d5bd4e6241dc9d2096f965a,0,0,0.00044057542
xgboost,03ccb63e31b83e95dffe952fb9eecce322c1ca400d,0,0,0.019479604
xgboost,03ce349e07277f7d62a2570d2462135bee724df53f,0,0,0.006064744
xgboost,03d11e8e3ace5b9ecd1c35a511271facddd61255f2,0,0,0.0003183587
xgboost,03d36d14d7f965cb25adbf72d989b1fe4fdb0af0e5,0,0,0.00037807395
xgboost,03da854dfa721035f79d3cca961a87b601f3acb970,0,0,0.0006486801
xgboost,03dac2d3aa298569f0d2126061b54c8d9d14e2fefb,0,0,0.0002330163
xgboost,03db7c92901e84dc5f1673f6661119320905fbb02c,0,0,0.0006486801
xgboost,03e13f80ca0ccee1d94efd5f4956651a2ba2c9997e,0,0,0.00034415527
xgboost,03e95d44bb8e583908ef450ee7dd5223839b94a3eb,0,0,0.00086060417
xgboost,03ee954a36256cd4e99eaff7177f796383749d487b,0,1,0.6022432
xgboost,03ef8dedfb1c79f0545519a47dc377a92d4e37e7d3,0,0,0.00029415396
xgboost,03efd1997286e29819801177a78f4d549c76641046,0,0,0.00030038686
xgboost,03f57d03ff95aa32434ba1dc0e5fb94815fbaa2260,0,0,0.009807427
xgboost,03f834d9e3635ed4db36c4bbf6ff6aacedd9f29258,0,0,0.036747593
xgboost,03fbe1742a1d368ced7297afdd614c5ae94e7144bb,0,0,0.14156424
xgboost,0403388bc14cc27d9ced0a829f8cbbaae332bd4a6d,0,0,0.00096465787
xgboost,040df5af74be320065b8e8a65655daefc62b546f80,0,0,0.0007948035
xgboost,0410867b0e32ff125202bb95de564c211b2f3b86d7,0,0,0.0003183587
xgboost,04112c839bc713f3c471c72ac5e62bbeaf88dbff5f,0,0,0.036554493
xgboost,0412e67bfd1e1cfe3e3f969f697691d0f50411cd3d,0,0,0.020649059
xgboost,041e840657c43ae0975da3e283ea5b611e611cb19f,0,0,0.00022021777
xgboost,041ef464272f59b76a052645a6c8d3c8b52b8c96c2,0,0,0.022123944
xgboost,0420476f80c0315203238893feb85a8c27ffd87673,0,0,0.00080371596
xgboost,04250bc78972fc25e32f78e9613cfa4ac2864f4aa1,0,0,0.00030038686
xgboost,0425105ecaee6fd2b21fafab250f3bb88ee16fc6ec,0,0,0.013926448
xgboost,042a3b2d5502c093b9475924eb3dd96a18bfe31cbe,0,0,0.0010763843
xgboost,042d2800488102545f059edb471937c52f60e8a5e6,0,0,0.00022021777
xgboost,042e3260ec9aaa2731baa1b28f1cca35b60a9d6823,0,0,0.14665343
xgboost,042ecf2b7abd10d0cc062821e2262e37ff5d5a214f,0,0,0.0006227354
xgboost,04303f52c03c89e92171bf78362010fd1d9f9e7f5a,0,0,0.005189585
xgboost,0437d46b3341de9348fc04c085caccaf3badd1f4d5,0,0,0.004707436
xgboost,0439caf9722a9b584e46039e7e7222ba64372a6767,0,0,0.023583846
xgboost,043a239c12c444b5e3cb8d8ba1131a7b06a933bfad,0,0,0.0079541085
xgboost,043abd0b52dc90f5c592d47d8acf140e5265f29f25,0,0,0.0010745612
xgboost,043b4d3612163049849b788d744963f24ff4d6d66d,0,0,0.00046689593
xgboost,043b665e7ac777635bcf73e7fd36293691a4c8bd6d,0,0,0.029167907
xgboost,043dccd390e4296f12e26512d290b8e3b3abb47125,0,0,0.00034415527
xgboost,044138aba16f120dc8588449b3e18d33f4a7bf11eb,0,0,0.008079678
xgboost,044158e68f422f0973950236daad9c37a370b02a69,0,0,0.017953359
xgboost,04453a0494fd4a73c22a1cc9032a1fe068e3a466c6,0,0,0.00030038686
xgboost,044c621b689c320eb4c3fe4aadf8a20c69bbeb4d5c,0,0,0.00041254555
xgboost,044ef5d6739b808d164506e88da6047e28fa52446f,0,0,0.0013066181
xgboost,045178ab5be77fd309ce38c93963fe8c539a072ebc,0,0,0.008981103
xgboost,045a79a2fd0bef9f10ee407677b4aff065dbf4ccc7,0,0,0.00041254555
xgboost,045d17d917791394b109abc97d253b3726940bc3ce,0,0,0.00063679816
xgboost,045fa84f3e4cc264b75510f31f390c34200a2bc2ba,0,0,0.0002330163
xgboost,046172ac3bd7e1706ce83ca4a7e6a98037ece743de,0,0,0.0002330163
xgboost,04629e329710038fc7563e59fe40a20cef06501f7d,0,0,0.00022021777
xgboost,0463ac753c5a689c5cf73c78cedfd2c31d776636d0,0,0,0.00086060417
xgboost,0463da733c1a5b5947f590c5bbe3ee46e9009a3d21,0,0,0.015524557
xgboost,04642394b06f87657134d19218a031a9e82554f167,0,0,0.028863749
xgboost,04666e3557bdbc69b75c24923c68379680953f4b25,0,0,0.00044057542
xgboost,0466df6b9a0f44276e9f3fb1966d5fa7436fc32cd9,0,0,0.059063297
xgboost,046f57b797de5627a8310b5f4189b68b4d1e9ed65f,0,0,0.0003183587
xgboost,0470994750a6a1c0996461dbf8d7e08305455b5045,1,1,0.8254233
xgboost,04787a61e939bd729059fba349a7fd271dd5cd21f3,0,0,0.00063679816
xgboost,047f48b69ca8b45c64f0573202253b0d53fd6d8de1,0,0,0.019841658
xgboost,048151f7db05afe9c3c780b0e688e3ba491d799e13,0,0,0.03925821
xgboost,0481621ea98ac1c7ce2b89946a0613f89d8279e22d,0,0,0.00030038686
xgboost,0484218350700aa2f38cc7f2a9330331da3a5a5fb7,0,0,0.0002330163
xgboost,04885f32c1f1e5a8ca87011df7c71f6459cc912613,1,0,0.0075840037
xgboost,048866b6b0a4fde1a9c1d796926ab32e2a78ee5fd1,0,0,0.13653083
xgboost,048c74588e196a0efac805a580bff69db854ab94d8,0,0,0.00046689593
xgboost,0496f95e998ee2e537c0934805d22b90a2a3174ab7,0,0,0.0014972406
xgboost,049779bb6ed72bf97badabfbc174fbb9b990927181,0,0,0.0007948035
xgboost,0497e53cf353eb68bb6da3bdfc9ff0c7aec4c76d68,0,0,0.00034415527
xgboost,049c14f5b658de32ec8a772e15f963787278727bd9,1,0,0.0009429115
xgboost,04a08d95fd0abd142319f0c389ef5b7d2327b0b337,0,0,0.05965953
xgboost,04a198cc7c50c85c869f68b92063a79249718d3195,0,0,0.0013289296
xgboost,04a4c7ba51933bd236c66bef21454e57687423ee67,0,0,0.0008583634
xgboost,04a6b4c99f61946045591ccd917656e302a7de78d1,0,0,0.023674697
xgboost,04ab69f4147248147e202c2d3d1a790ded4128ff69,0,0,0.0003043416
xgboost,04abd5360a4495f648099e5cb89ea238bd70c1f126,0,0,0.0035622227
xgboost,04ac8c4a376d53553052099b93d4b5a235d55f8bdc,0,0,0.1344866
xgboost,04ae3a84bf730d20bb4a1b8eb725e53caa02b1b40a,0,0,0.0003183587
xgboost,04b0ed1981e57a021fba2dc2b4e1874dec09d85c3b,0,0,0.0720398
xgboost,04b22d1d380eed9f6edd4e29f12d096bcbb4efaedd,0,0,0.19171093
xgboost,04b3828ef1b357f4d0d39ecfb4e8390383e180f95a,0,0,0.0026480742
xgboost,04b612a76a41d898307a568bb9405d9a68aaa2e750,0,0,0.00042327403
xgboost,04b7f7f71e38aa71eefeff5c03725e0af9243293d7,0,0,0.0050011594
xgboost,04baf240ee89a6f0b2251658bdce8107f964f6d9b1,0,0,0.15244524
xgboost,04bd69724d128f6edb1fd35e26386530b37aaf8205,0,0,0.036776703
xgboost,04be1376bebb053627dd59658d1c847517245eebc8,0,0,0.01904963
xgboost,04be4b289e396ba038890928d15ce72bbd5eab4691,0,0,0.015456006
xgboost,04c4c8b1cdc3fa54ba5f174c083c71a8f154a07d10,0,0,0.0002330163
xgboost,04c503c5d0d513cc807d57e5612e626fe8fd2f9e77,0,0,0.015253741
xgboost,04cb758ca3128ad176822d1dfa1fd20d743944c0db,0,0,0.00030038686
xgboost,04ce7e699a663893ef32b38fa32d1f786c75deb5bd,0,0,0.0006227354
xgboost,04cf3742b4d9eb3ee7b4a5384a1c8a0daf4a053f1c,0,0,0.0003183587
xgboost,04d01ce941a891c7299bcf9b6c235c21bf0eb96d19,0,0,0.014183076
xgboost,04d0e07511cc0550f35abb0b70d859995467058158,0,0,0.19454753
xgboost,04d141b7ab49985004ee3abb5654ba255d1c12eabd,0,0,0.0003925852
xgboost,04db23ad4711cbe4b853e6aafa3d887680c97af7b3,0,0,0.00086060417
xgboost,04dbb60ef8f96c667963f38c155bc052fa9ca34e0a,0,0,0.034807306
xgboost,04dc3a0ef061f68202f44f1db7c01cc437cd97842e,0,0,0.0075805914
xgboost,04dd9f9c51eee7e053909ecb42f6d9c1aadc811e7c,0,0,0.00022083636
xgboost,04de2940cece2415254221b6028565d37e3de625b3,0,0,0.00022021777
xgboost,04e5cc46278d65d46dc7982920aacd1c6062553cc4,0,0,0.048198212
xgboost,04e6c5094a0912c7bb604f602a1543f1ff7a88e953,0,0,0.00030038686
xgboost,04edcd438bb39184b5b8d36ee6f33fcb7d264ff497,0,0,0.00037296838
xgboost,04ee33f224638b72fdc0b79c35c52b6f1e82e4b13d,1,1,0.64371026
xgboost,04f0a63ab3c99a08c7a84d4654a4f9401be8f9c019,0,0,0.031720858
xgboost,04f61a6c9922bf79b8e27f1ef3861658e8af08d9d3,0,0,0.02564824
xgboost,04f91cd5088a1a2ca52d49d2d599b4723455ee7164,0,0,0.0010763843
xgboost,04fac829b41bfa488abda434c6b1aa4b9406eea0a6,0,0,0.0010247461
xgboost,04faec421bd3ef9eddbbac5ba522c0daa9decdb771,0,0,0.00022021777
xgboost,04fba70c0578cd353ce8f9591a30c4a2ea8abbabe4,0,0,0.0003183587
xgboost,04fc71c1c5b8eed47ab4f83aaf31491705c0a30107,0,0,0.0006716701
xgboost,04ffa5340ca47ec9c49611c1758ff30793f6b1d0ed,0,0,0.23849966
xgboost,04ffeac6197df63cc8f1812ce85628cde689e7b26b,0,0,0.011111367
xgboost,05006036d7da61b6e3738ffacfd866f5ad32ca5aba,0,0,0.23849966
xgboost,05049616df5c379960a4253ed6a2520dde53588f87,0,0,0.0003183587
xgboost,050c18006c12eb2695e1f83d52b11b76eb2e1cdb91,0,0,0.00029415396
xgboost,0511c5312bcf636c1bfe742d7c8bc14208295a2c6e,0,0,0.0002330163
xgboost,05157071b89f5a318d159ed1356359e7bdfa79f453,0,0,0.0014350319
xgboost,051b350417c8438edfe641fbba0b4412fcecc1e9cd,0,0,0.028863749
xgboost,051d4491acfacf61f0a38448dff9b5b8e0daaad620,0,0,0.020047948
xgboost,051d6fda752ee05918c496952344bdf14928080120,0,0,0.018812409
xgboost,051ff62cdaef4e35a562149a7d153671c35112aca1,0,0,0.0011099989
xgboost,052036dcf202a8fe70664c82a3d7747f391a92249d,0,0,0.00042327403
xgboost,0523e27bdd2cc1defc8ee79424b4717a3ac37ab83f,0,0,0.00034415527
xgboost,0525d56d1a3e7e07623ce9a8ed450ce18fb18b0f89,0,0,0.00046689593
xgboost,05282e76b62a6c5b8b2c01102fc4a656f10d2586d1,0,0,0.0013289296
xgboost,052907ab5055fc9addff9f5905a36e338eab7c1d14,0,0,0.0010099511
xgboost,052eb90079e865d4cc4f330673fb9d6c97c29dea63,0,0,0.0006716701
xgboost,052fb77e2f7ad657bd7e6f2760b55510a0597034b9,0,0,0.007815878
xgboost,053212acb3039ccf72d65b60b1c8a8677da39914cc,0,0,0.0003183587
xgboost,0534bf85f428da93cbba6af4203623e96f913c170b,0,0,0.0075805914
xgboost,053c611b0e53a01f823e98953ea3ea3bbeb75cdef5,0,0,0.0006716701
xgboost,053df026f8d7d0a4f5a146ff332b2ba4f00c6ded0c,0,0,0.00042327403
xgboost,0540f9a453e12712fafa6e3ec7603065b1ae09baef,0,0,0.00037807395
xgboost,054594d4716fc971096913388916fd0b4438b6d791,0,0,0.007603714
xgboost,054788707d33d66dac1332f31f20c9e89051d6fa17,0,0,0.07681343
xgboost,0549b5f1950eafcaafd6d12cd8416accda756f41b0,0,0,0.008079678
xgboost,054a537cd10ca5e92a84a2901afff5ae526a0e5c32,0,0,0.0010449707
xgboost,055d58bfb0131e6de2b5fc00cc7d821df0a36656df,0,0,0.00069871
xgboost,055f48442ccdf03ed961703c3326af4ecfa4a4bc69,0,0,0.00037296838
xgboost,055fe2cbf6da394a3551bfb0b1e95fb34be30ed1a2,0,0,0.15244524
xgboost,05608a924996f44412dd36118113a24c4f4b558d59,0,0,0.00034415527
xgboost,0563a9044a944d3e5de5b458c094ef86250b68d3b4,0,0,0.00042573095
xgboost,0563d1a11d0020f76aff72226ec7b53ff78c43cd4e,0,0,0.0003183587
xgboost,056cb11e1ca00e89a481d79c2e5516836977e585dd,0,0,0.009634344
xgboost,056d8c09c7ea819446897214116d5ab2a97b8c2cf4,0,0,0.00030038686
xgboost,056ddc25ea60274c68ce0a9369a155c0f72bd14fc3,0,0,0.0003183587
xgboost,05710e359a55719b060b15488beded9936cf063ddd,0,0,0.019465642
xgboost,0572656f8385de8e613f06bd83c086eb6671c9122c,0,0,0.017953359
xgboost,0573a2b8e7e46bef6e14f1a7da7e9f4f6857e72a0a,0,0,0.00041254555
xgboost,057892a9b68d28a198568d657935744c29c16ea56c,0,0,0.0009881387
xgboost,0578a989c306b45fdb4483eb9bc92f3b4b6cbb818e,0,0,0.014169116
xgboost,057d00c1855767d801291e2b0b62e1b5e66f220090,0,0,0.011115743
xgboost,057deebab83ef1fce561c8dff2c6f2942f477a0dcc,0,0,0.0003668598
xgboost,057e78ef46c3eb743e1f529b0eb9e9dd6c09878a7a,0,0,0.00022021777
xgboost,059187ccf2a249164089b634fa9447ab441c84bdf7,0,0,0.048636746
xgboost,059202cd2f1a27b7960e04ea60abf782c36386c88a,0,0,0.00086060417
xgboost,05961abe0260e417610b2a717de1385bb58e58c448,0,0,0.014183076
xgboost,05964b5324657b4cb3bd4a4b084b44b0b1ae8dd34d,0,0,0.00030038686
xgboost,0597ecef624a58f498d10408fc1ad0c9bacc0912e3,0,0,0.00034415527
xgboost,059c7a05a38e54876c72bfdcd7e00daeae8346ae1d,0,0,0.00063679816
xgboost,059f89f1c1fe4aa8e6711e5ddcd0f79d351dbbea57,0,0,0.01557858
xgboost,05a0e88bdb4867890246514b4e6920009ee20221b6,0,0,0.014667858
xgboost,05a1488dd6ee730f9322f384e1ec90aefd9bcdc28f,0,0,0.00035953108
xgboost,05a78a3623acbddd87c8fd36faefaf73b197e83075,0,0,0.00037807395
xgboost,05a7b35862e4baecb09e10671e4fc0b184b00c04dc,0,0,0.0019530896
xgboost,05ae4d882e7c67a175a5eeb4889bc16fe1f1e9ccfa,0,0,0.006672268
xgboost,05b1d47572d96ded74facb2bc3ba4f92abf4dd0187,0,0,0.0003183587
xgboost,05bcadab174c0c6cdd56d12f8d2deb7ee283aa9247,0,0,0.029167907
xgboost,05bd5da0139640385be7c9cd8994e5c43c28891f94,0,0,0.023720916
xgboost,05be924760b781416bac926abd12ef1404c0e2500f,0,0,0.032224238
xgboost,05bfe2d43df349c803d7e855d98003db3dd3c9897d,0,0,0.0010099511
xgboost,05c58b3ebe5459238fe9fd150a6708225bf93f9a9d,0,0,0.00034415527
xgboost,05c5dbad12635680833c7477d936801abdba275faf,0,0,0.00041254555
xgboost,05c9397224b09681add5931107cd8808a50e7aa6e7,0,0,0.00030038686
xgboost,05cb3388770c473ec2271186e178200d449625c2fb,0,0,0.0058986996
xgboost,05d26113d2944f67767a1aad6e873f60c600731c4d,0,0,0.0014350319
xgboost,05dc596c63d127b7efd1adbe3b7072a5118a01d64b,0,0,0.15244524
xgboost,05dcd9180243a26415e3ed50ee5824d98f2261f47a,0,0,0.00063679816
xgboost,05e09e3e0cb21d6a1a52d39f3ebd1a2075cd337e2d,0,0,0.00042573095
xgboost,05e644bf7bc6c23795443f1ee6a17e4c575bd2202b,0,0,0.06597109
xgboost,05e672f9f3d3e4919305556f755441046b8ed28425,0,0,0.00037296838
xgboost,05ee8b3af21c22366debf653e6b8fd3e4907c91dff,0,0,0.0072853104
xgboost,05f16151bd6c74d6e2ebfda62ef31a7e1a1c71c866,0,0,0.00030038686
xgboost,05f21c1b8f8fdd748093b3ff0cc0a42a7ceb1ccff0,0,0,0.0006716701
xgboost,05fb1868b73d5bfd8d076a13a9970072a6f6babc2c,0,0,0.00086060417
xgboost,05fbe68a23843a79e5f1ee36f4194b2295e96a16ca,0,0,0.0071041905
xgboost,05fc31fb8e4dc48a3cf2ac6a27ddbabc5d2d487806,0,0,0.025427664
xgboost,06021f923037a49d53de3b8e072c08d138cdb45eab,0,0,0.001583293
xgboost,0604e98a1309e017391b19086a37fae180785e6934,0,0,0.00034415527
xgboost,0607b34e499d92890a267e049a11a4adf6d1e91045,0,0,0.00037807395
xgboost,060817526e18b1ee9bc8bcb6bd082c095f5311964d,0,0,0.022560947
xgboost,060d0e1dedc5734c193dc8140a2e7bf591f6fb3a29,0,0,0.0026684236
xgboost,060f216339fb945c280d7e1a74fbe924c90a964829,0,0,0.03023339
xgboost,0610a4c8c4e982a4fcf91b8f0bafaeb7c6bc45ecf0,0,0,0.0002330163
xgboost,0613606f270dcfd7f4191f78e5eb84f20c716a2a11,0,0,0.00903454
xgboost,06144131242a24f2ae152ca62f96fa896c014ee23f,0,0,0.2611296
xgboost,0615b69037f21b90ccc7ce3d15233b96a87aa6f8eb,0,0,0.0043070638
xgboost,061e7d1be58ecd783af36da5d59d3de8fc2a607781,0,0,0.00037296838
xgboost,061eef249803bef34cd7b2c0f71df6049fcfe7ce23,0,0,0.00022083636
xgboost,0620a575f956f1e51ae7feacf0f10c6daa9d718f74,0,0,0.014169116
xgboost,062293a67314dd1ac53723152b1a374641111b93ef,0,0,0.0513465
xgboost,0622defc00cb56aefab86df160087e9e31aaea322b,0,0,0.00022021777
xgboost,0623ca31d28ed6f67dc7d5eff5e50fd35ce37fce80,0,0,0.0011728639
xgboost,0623d45b0d9cd6d066b2d41c946967b24f7a9d6888,0,0,0.0006227354
xgboost,0626a3ddb378137c2fa3f6635d9b670cb5c8582dea,0,0,0.0006716701
xgboost,062a82c3a21b782f6c71eeafd78c9679f0fefd0480,0,0,0.1344866
xgboost,062e3c71028769ad53445028241ceb4d6939a0de46,0,0,0.0053568543
xgboost,062ec4e3a623beebe12ff4ab1c7084eba70a57faa0,0,0,0.0061607677
xgboost,06346058205d9565cea7e34f82a049bae76e90fe93,0,0,0.0002330163
xgboost,063b00c539fd40567bc45e02bc6c79e1f31f7fb9ae,0,0,0.0003925852
xgboost,0640389b8fe70fc4215906d19a880e763e1fa66c99,0,0,0.00903454
xgboost,06447a8c2013682a4a4b2884da53d0cffb32ce7048,0,0,0.015873032
xgboost,064a663eaa3add36f1b8817d05840a819481e2a1de,0,0,0.0007948035
xgboost,064df384e78dbbdce39d7c4e8a9cccb64980c178cf,0,0,0.00042573095
xgboost,06561a8ee97489da324fb712629882b3f8bf12a17a,0,1,0.65877914
xgboost,0656f3e83d12c69002625382bd30a8f5303731345d,0,0,0.005197153
xgboost,06586ba62b627f94ecfb342d96c81095d957038cb7,0,0,0.0002330163
xgboost,065a0af4adf6e06496c35082a5acff59da65a3e064,0,0,0.0006716701
xgboost,065cbd2364164d428deaf428e28d197677606b71f8,0,0,0.0003668598
xgboost,065cc3db7be43f893e9448d1fb32000c1a59cbcc77,1,0,0.23849966
xgboost,065fb0d520a02d195d06a54ed27d8eb6b3d4292b4d,1,0,0.14665343
xgboost,0667a23e9e44a850063dcdb3ad13039632338e1d30,0,0,0.1601792
xgboost,066e4f5ed0015807e40731bd2a5b881ccf88215306,1,0,0.33191314
xgboost,067f602e0bdfe20fadd368280a1c9c37a4f2679e23,0,0,0.00042573095
xgboost,0683c4b1df4f5e55db24db5688edc70d618b009e92,0,0,0.004916782
xgboost,0686a7ff94843d85ff587685b83f5620ebc1cddd53,0,0,0.0003744533
xgboost,06881cbdcdf68c7a4d575384600333ac430c7e3698,0,0,0.00037296838
xgboost,068f4423782e48a629db8d0c352b247a3fba96d1df,0,0,0.00042573095
xgboost,069cb05123d61fc2c06aada5d313ed4591d0938e33,0,0,0.0006716701
xgboost,069df7ead55039b76437437cd3f7863f6abe76a214,0,0,0.00046689593
xgboost,06a1b3feec751c1e559fe08cfc289b8422f1ac23fa,0,0,0.0002330163
xgboost,06a7fcafa3b10d614ee72b20ad7669ac2a12aca36a,0,0,0.00041254555
xgboost,06ae71cd26b039f685ffa49c64780bd86f18fdff94,1,1,0.6306547
xgboost,06b03f047ec9320409ed7557100655a994cd40a243,0,0,0.00034415527
xgboost,06b8c6fa516039d355cf0e952fc2b9ac3f86018530,0,0,0.00030038686
xgboost,06b9b603ae4ecbeee71fd0d95d4f881c0fbf87a5e9,0,0,0.15264633
xgboost,06c084edda992aa5930c1050bb56e2640bf0064c71,0,0,0.005197153
xgboost,06c15570de209b4a97c9e34e103bedd105b62952bf,0,0,0.0003183587
xgboost,06cf1478a3680cccb785628fa0afc25857ec778121,0,0,0.0003183587
xgboost,06d17385f36e5e0bca257404d589bb369b7c1e5c31,0,0,0.0003183587
xgboost,06e4b912f9e5a5016e4463566ad786a5b45a543415,0,0,0.032612085
xgboost,06e9fb9110f0d4596a11722cd2a4e2233d636a84fc,0,0,0.023674697
xgboost,06ee726d24a436c18fa4a81ad7a7778a5cf9698af9,0,0,0.055719044
xgboost,06f0592db0124ce54809f4479cbbd1c6956fc73979,0,0,0.00034415527
xgboost,06f221782b2e891892a6ce6d14a1a6d144a31f25b0,0,0,0.0003183587
xgboost,06feac6b942b21cab27605b77d7c30e74c19d2dc66,0,0,0.029167907
xgboost,06fffee906f0db5486fbf2ded056e9320931fea9ce,0,0,0.020044776
xgboost,0707aec09d308627b19e44210b6d54f1367c73a7cb,0,0,0.00076474703
xgboost,070d35f32e0249d120e0d7e6215c256e4ad1f820b4,0,0,0.00042327403
xgboost,0729e3e265f0780bc263bedb0383b523d26ee2cf3f,0,0,0.02379403
xgboost,072dd64d0dec758c55e277466518ac3f7f53770bf2,0,0,0.023583846
xgboost,07310fcd0fe4cd268c39c1efac626c2a59f7086798,0,0,0.028863749
xgboost,073267a92ddf9735864f1006ed1644ce8d2a151c7c,0,0,0.028863749
xgboost,0734777192de1b9c77069cdf898cd66e9e68add9ca,0,0,0.00029415396
xgboost,0740703e09e6e9038af74364395c8da5008f900250,0,0,0.0057338746
xgboost,0741d48b4529fa26ea14fe8bb9959a6d784996eb59,0,0,0.05705226
xgboost,0743f2f00a5c95aed22d9d7b51fdd11c9e84e01327,0,0,0.023720916
xgboost,074a7f65a88d824e46e41fad7ce01aa723a663832f,0,0,0.0014350319
xgboost,074bd0a5ee5d5ade2c01944e80a10343464a590abc,0,0,0.00042327403
xgboost,074e9a59bc4ab858ff00c562fade40610bbe15cf81,0,0,0.00046689593
xgboost,0753faa725724abb21bf1fa43f3ff27b37a6d172eb,1,1,0.64315486
xgboost,0755b80415472608374bad2491ec137345dd8e7cd9,0,0,0.036776703
xgboost,075b994f90bef2243ed8383d168d37fd99a498dbda,0,0,0.001583293
xgboost,0761618e95629eefa70b59813731fc7fc0504f7337,0,0,0.15264633
xgboost,0762155722c47439b61d4ff08f18c2d59b6298adcd,0,0,0.0003183587
xgboost,076796d6035c952d47ce8202e9a6d1bbe712c636a4,0,0,0.0006227354
xgboost,076c11d23988562a4f731131901066076960439de5,0,0,0.036776703
xgboost,076e32ebd660b01a866cc68f2fc6e723ca15050a3c,1,0,0.130111
xgboost,07712f423e7eb01fa027efc312cc8a40ac00841f7e,0,0,0.15244524
xgboost,077133ed8a4f52d95745f17a133d8a2055c9bc2cd5,0,0,0.00044057542
xgboost,07761a5ca63d3552e70fa97019a55b6f33a2d579f7,0,0,0.00042327403
xgboost,0776e4a92d6879d63073de7b4c500a65cae61b4713,0,0,0.2611296
xgboost,0777e03eb63bde00f596b84af115b92392cbf4fe4b,0,0,0.0002330163
xgboost,077945e6344ed48103bfaa6616c51a27e0cfb0694b,0,0,0.0006716701
xgboost,077a48a8e7ca93a81b3b3e2ee00ff130e6f4a83e18,0,0,0.00034415527
xgboost,077caecd118d6f6fd19e477f4dfa62299101a4301c,0,0,0.0003183587
xgboost,0786b0a2bd05bb39774ef0030a38b6e179268b0d52,0,0,0.00022021777
xgboost,07873320bb6d7897a99ce1ff29518fc4eb87cf9899,0,0,0.1394689
xgboost,07887dd0cbdb29075d1acf58980957c2f043d5fd5f,0,0,0.022936577
xgboost,079b52680d8d59cac9a669dfe7d880d94365850fa5,0,0,0.017953359
xgboost,07a7caf9f9f70819634e25da3269e4c637951c1d4a,0,0,0.0068733734
xgboost,07ac11f04563cdeb2024568ea330f4fe0c3a94bc44,0,0,0.024599493
xgboost,07b6985c32b7ccaa24721785ba09724270572c0ae5,0,0,0.035800178
xgboost,07bc1dd903953d36ba2c4d86325b027e70503a55ef,0,0,0.00029415396
xgboost,07bf4ca2a308b43e2685a5ce940b92982bcf28a053,0,0,0.0003183587
xgboost,07c8378eea0cc4b5f1044884eb2a4967327fdaceab,0,0,0.24505952
xgboost,07cc31001854f694b02bb413a080a3bedc05167948,0,0,0.077959366
xgboost,07d2d54a3e0d23386bc1e64850f73eef9286a2de92,0,0,0.00029415396
xgboost,07d5ddef16a0fc105db6a9a69e43f0e554b16eb062,0,0,0.045225002
xgboost,07e23becf976478ccf9432dec7b487b3eb95201f69,0,0,0.00057926105
xgboost,07e644bd1a3ebe80583e56c6e622d28cd2d3c72c1c,0,0,0.0009881387
xgboost,07e9a144d9e2b32336e40bc2c9f5a1fb064ad8d8e9,0,0,0.1394689
xgboost,07ead7d49d8286fc5319ccf09f353755ded149c0ea,0,0,0.00030038686
xgboost,07ec8d4ff7bc05590fed8223030bfe9996b1df465f,0,0,0.00022021777
xgboost,07ecbffa2c5e63b11b159b0b5e9e17dbd134d8a886,0,0,0.00030038686
xgboost,07ede4351eabeea6998ad8c73cef504dd0027cbc08,0,0,0.022123944
xgboost,07ee162b5fad1f247901da88f7678c346840e421a0,0,0,0.00030038686
xgboost,07f0f21a264ea850a44cea1206d2e6bbbc394931dc,0,0,0.024599493
xgboost,07f8be960f41f1b004082ac302799691b20321b5cc,0,0,0.00029415396
xgboost,0807f0560b880ff49214817542f02b4753abfb78d2,0,0,0.27309594
xgboost,081675bbf05f84a1344d6656b54179ce5e9e9c8bfa,0,0,0.007452481
xgboost,0819354b5c2a12af29e2de146bb251feb8133e3a1e,0,0,0.022123944
xgboost,081e0f552d2cd72d440df797e7b6b84900a7b98609,0,0,0.1743588
xgboost,0821177cb3b86c7ad19efd056b5eb86510c3b46ceb,0,0,0.00034415527
xgboost,082496773a4267ceba14fb22bb4cc6a5cb354f9d56,0,0,0.0009429115
xgboost,082c615d643d49e97cae465b2b9eb45f38e0bf241b,0,0,0.00063679816
xgboost,082ef66156010158d791e0697d30461757587862a6,0,0,0.0003668598
xgboost,082fbe219a099bae3881724cabf035898bd2b3650d,0,0,0.00050622347
xgboost,0830486502023e977bdf6662325d39ad1410ddaf98,0,0,0.0010080602
xgboost,085511476930429d3fb3029dfd5f6f01fab0b7f77d,0,0,0.24505952
xgboost,0859f372aa140a37891e2dd50fc4337bbd437d586d,0,0,0.0013066181
xgboost,085f0df1b9d77533d6c19d62af06250bf375042005,0,0,0.12905295
xgboost,0869b67d8bab27236a1a5928f41907022867ec7272,0,0,0.0043070638
xgboost,086a659c0ac50974dc8fa4c74a9362340a12579815,0,0,0.130111
xgboost,086b0eb970afb41a224ba1c5b1fc4475913a8bf952,0,0,0.00034415527
xgboost,087f0309c63f33d706d04f93c96d4a62c5bf10b120,0,0,0.00076474703
xgboost,08835495fa51cd524917c311cd647e964adf09ed55,0,0,0.0003925852
xgboost,088404555b58cd59917949ab39c3665df50c323cd3,0,0,0.008981103
xgboost,0885ba3dab86fa6883bc8f3668d985e8637162437a,0,0,0.0006299072
xgboost,08867a32cceaa19672d1f9f433e44fb5fc2c0c8721,1,1,0.76196647
xgboost,0890bd973d40a6fd5a72bacf257e29383dfecb42dc,0,0,0.00034415527
xgboost,089aa9734fa55fd226396dbc7ee3599dbe6032de6f,0,0,0.0003183587
xgboost,089f87b8c56e5556d534a88c06f0293979ac09b15e,0,0,0.00042573095
xgboost,08aab86c5f1f38719214e773461c617f201b405bee,0,0,0.00022021777
xgboost,08ab4147c5d66fb6ec1ada340f46495d104fe50956,0,0,0.13803695
xgboost,08ac8e30d535201082f2497a18b0c543091db24d76,0,0,0.00022021777
xgboost,08b6f111f157ecdd03a60e3b95d4df880c3278a9a7,0,0,0.19171093
xgboost,08bf570bb9577be1c195ae05427dcbf9a5c97c8284,0,0,0.00029415396
xgboost,08dabd156ee17d3cb37b3a9690a5e6b9cfa8b75556,0,0,0.004916782
xgboost,08de55c67a1e7994b0eb8a870140e951fc7ab3eb25,0,0,0.013584213
xgboost,08e041216b04cc526d2dac1368ce438ef54342d51e,0,0,0.00034415527
xgboost,08e83fd1841fffde170d86a677ab8c2030ecb8f0de,0,0,0.0006227354
xgboost,08ee63b00c6903b2af098df3c1402f33b6cf64691a,0,0,0.00029415396
xgboost,08ef81d93d804276344eb258ca5fb712112ec23905,0,0,0.00029415396
xgboost,08f3bf888c8180149eae7121c494f9e9c9ad554c41,0,0,0.011115743
xgboost,090435688220411d09b7eef659384a339967aff1a8,0,0,0.00041254555
xgboost,091a341e262ff830ae0a03ed6d782b8afffc286efc,1,0,0.2611296
xgboost,09283d76e9fd7341448085c7b3741fcd9ec24e0c47,0,0,0.007815878
xgboost,0928cccc59a16f4155fa85bfab407ff2df85e8f6d8,0,0,0.00042573095
xgboost,092f94bfe01c446e2e30bc7ce86a54882ab977661c,0,0,0.27358052
xgboost,0930ac7e29b0607c7fcedaeb42e914b3cd3822459b,0,0,0.00086060417
xgboost,0932c847ceb46f3e667063177ee7d4931963341160,0,0,0.0002330163
xgboost,093691efd8907ef7f28de34fe3785c14c94e2ace7b,0,0,0.0012346779
xgboost,0939e0a1d0995ef362e2ab1835367d90ad726c0c91,0,0,0.0008583634
xgboost,093aff56b5965ef7823b82c20bdc008c0af973408b,0,0,0.017295288
xgboost,093faf0bc1fb2033d404719c170d250b36c1e8f8f6,0,0,0.013584213
xgboost,0953fc6835d63cd0e3ede1674b09a2e981c1f23030,0,0,0.0009429115
xgboost,095537b37455ad440cff7af8229f3cfb56263fa9ff,0,0,0.0007948035
xgboost,0956f52172c4f47e4985fe1718fca3a97b84c8ca65,0,0,0.00041504586
xgboost,0961dcbccc44db1fd9eecb598310c6c3d7e4370767,0,0,0.00086060417
xgboost,096989db4b42c93f0cc5be50f141490a433efc3b27,0,0,0.014806572
xgboost,096ca573d172abad763b2a566e6424ce70a43c0151,1,0,0.13803695
xgboost,096d62bca5105310690abb9744a86e20f4fe50746e,0,0,0.00042573095
xgboost,096eb78a9cdbb44b40b591a9cda7bad473ef40556d,0,0,0.00029415396
xgboost,0974a37fdd7ca5cfd94bba466789d706c8d3c17edb,0,0,0.00044057542
xgboost,09855b87a045cc2e8f4d53e3d6c133ec795790007f,0,0,0.00022083636
xgboost,098993e40519ecaf50d98bffc463ddc06501a8860c,0,0,0.048636746
xgboost,0992b6ae20cbb1eddc138e16ed0970dec457777ce0,0,0,0.025876993
xgboost,09988bc8d0482de96068d0b4ef3b7996a83c1fa230,0,0,0.059063297
xgboost,09afe51623cbb92e664cc57091876fda3a85f638a8,0,0,0.021266634
xgboost,09b0fb0d4dd026aa69da09b6cec1280256fde0a364,0,0,0.025427664
xgboost,09b82c4676d6dd5693c2b65ef1c4bd7f33e7486834,0,0,0.0003183587
xgboost,09b9523b6a58de86a0a95c7294c8fe229c0b9ebe14,0,0,0.00037296838
xgboost,09c1d0cfc836a6eae57fb3a60e8ad556453bc8fbc6,0,0,0.33191314
xgboost,09ccd8143b9f3de2b5927dfa63dc81364f51a7d011,0,0,0.019660987
xgboost,09d72cf41e807123a0ad70cca9a5de61bc50ab0666,0,0,0.00037807395
xgboost,09d7c8d37f04e17796a981d760abc42f79e9e520e8,0,0,0.0006716701
xgboost,09dac4eafdc4c2cec18b0c3f048c8cfdb9e567ba90,0,0,0.0006486801
xgboost,09db87667328bbbbb9943541db42309ec3afe6ad09,0,0,0.0006299072
xgboost,09dc8c1fac44fc0ed4a80f3652e1413fc00ccbabca,0,0,0.0006716701
xgboost,09ddb52ce58c78d5b2a546f59245d7ad17cbdb2fa2,0,0,0.0003183587
xgboost,09ebcad1e539f55985259d5456f57d6a6a9672f0d7,0,0,0.028438905
xgboost,09f269c84004bec50715d405d20bd2e76b374a43d5,0,0,0.1743588
xgboost,09f8f584f932a1fae06eaef714799de1458c8d78e4,0,0,0.00022021777
xgboost,0a0cefabc1749d820654d6eeb29885a94287b71295,1,1,0.64315486
xgboost,0a15170ec23073ecdd9b5c50f43f59ec906b86a220,0,0,0.00034415527
xgboost,0a1792317b91d72b49789f20ac6cfd3a75724155ce,0,0,0.0003925852
xgboost,0a193d42d7705359534f9ff97d5ba3c3ad77178660,0,0,0.036837205
xgboost,0a1d3b9711c8183e6e16cf40f57b2cd57071963f66,0,0,0.00030038686
xgboost,0a21732cd41e6f7ce7548632be0e796e12b64760d3,0,0,0.0012346779
xgboost,0a242dc19a80860ee66fb6e83f95bed0d9543e3edf,0,0,0.00030038686
xgboost,0a2b0b3ccdae2bb555f0f113489f3d617e1dd11175,0,0,0.0002330163
xgboost,0a2b4dc2f68bb2536fe524372cfad4b05df7bb84f2,0,0,0.0009881387
xgboost,0a350169133baf7757745a983a8228cf454a2a7179,1,1,0.8254233
xgboost,0a3f0a14765fa70d8d315677692c0423e830123d8f,0,0,0.0050011594
xgboost,0a503cb13b3bbe78849d11be16ce90b94476c789f1,0,0,0.00042573095
xgboost,0a51555c4dffb92e2437e86892f48c40e49b1b046d,0,0,0.00046689593
xgboost,0a601013b80957d57a7205e9b8129f6c559ebf46d2,0,0,0.0013066181
xgboost,0a6735a3d2bbfed77ef12153f4999acfb61f388555,0,0,0.00063679816
xgboost,0a8066762d2b0c739328ed8928c82d79d8f064bd63,0,0,0.00041254555
xgboost,0a8807d5066f19a69e7b28d0652c13320f3b7063b0,0,0,0.028863749
xgboost,0a883206ca4e67643f91775323c1991d3dacdf4202,0,0,0.028388172
xgboost,0a8f77f626b53ffb78c786342282696b3ad69c5bbc,1,1,0.64315486
xgboost,0a9b292baa9b7afc859bd625e8f40159c3fc027945,0,0,0.020047948
xgboost,0abbe5a9a9ea322703597dfb52dc86df7bb9421b25,0,0,0.00086060417
xgboost,0ac01a8b42f8921a1447748e382f797f2b4efecb0e,0,0,0.0003043416
xgboost,0ac0dde7c8905c065faff798a67caad799baec445f,0,0,0.00030038686
xgboost,0ad2e070f2633da2e14540a7e0bb70ffe6042089a8,0,0,0.0012723015
xgboost,0ad3053926c658e0c26ce70126ba55d7d5a8ff04cf,0,0,0.004916782
xgboost,0ad4a70437cad63367fd282ac3043a145778616fca,0,0,0.0003183587
xgboost,0adc2c7feb4b785f09a9c8325196758829d17b5d10,0,0,0.041514996
xgboost,0ae88e412045bd47864b48ce4a5b0f1a920ae8c6d6,0,0,0.0006716701
xgboost,0aebe950d906b3165749abd9de032f0946936e2879,0,0,0.00029415396
xgboost,0af3011802e25467f360672c44dc4afc592efbbe5b,0,0,0.00022083636
xgboost,0af724bffe92ff2e68c62ce5fd25939b6ad1b3f577,0,0,0.034143314
xgboost,0afd4fd12798df185ac353cfbd20b0a3a54c77103c,1,1,0.6309033
xgboost,0afdc5273f18f32a599dde997dc091bd2af8a48689,0,0,0.00030038686
xgboost,0b000f6bbb82ecbf3ad86f073f89353da4510f92cd,1,0,0.23849966
xgboost,0b03b09d087acf6b53710969fe285063b41ab62a96,0,0,0.023720916
xgboost,0b03bea055f4391eed4a040e0ffc5027b58f165055,0,0,0.009873061
xgboost,0b04a857343854a30cb22ddbc2cc3b4358e659ea06,0,0,0.0003668598
xgboost,0b0775325785f9b212107095a093a25b386c2cd0ad,0,0,0.013926448
xgboost,0b08db31eb84b6c92809e8a081c2238538259ed00d,0,0,0.00041254555
xgboost,0b0dfabe342c8f95db2a5d1eb99adae083dd4f18c3,0,0,0.00086060417
xgboost,0b0e533851c1ea47f2670884eb21e0a8a72639d721,0,0,0.0003183587
xgboost,0b1318930d917e55ff0a052dd61c8703336fc8b48e,0,0,0.029167907
xgboost,0b192dc415a8dca42c223c48e566b3590a0e91a0b1,0,0,0.00022021777
xgboost,0b1a7f856e709a5cc1c4a2b05003852dcdb4f2a69c,0,0,0.023720916
xgboost,0b2c946594424372d235d0ef7da90d6f602542e70a,0,0,0.00063679816
xgboost,0b3014d47f3c1250f9e235af3dea1375da8b48be90,0,0,0.002365846
xgboost,0b38efaf1b05b020188449acfa23e8eb10b6a7c2a5,0,0,0.0010080602
xgboost,0b3aeb67314c60a21459b9543ae7ea156d0a7e1a6a,0,0,0.0003183587
xgboost,0b3f7c3921ee0785fc75bd6422213c5cd9ecb427c3,0,0,0.00034415527
xgboost,0b41b4a650f5a744dea88996ca1e045ddf24998fe7,0,0,0.006064744
xgboost,0b496da9859436463dc1f0b0b4aef35c9e198627b8,0,0,0.048636746
xgboost,0b4c1d7b0c0449d0c1e0dacd3e0d91eb2370e4e113,0,0,0.013926448
xgboost,0b4dc786afdc31053e0d9a0ca6799cee30b4487a96,0,0,0.0002330163
xgboost,0b4e8c2a12a502417061273fe4890284f6318cb95d,0,0,0.0003183587
xgboost,0b527e8a3d4492d4bb1e1640797d954ee1a9029868,0,0,0.00057926105
xgboost,0b5280c92f4c79016c0dbbc841fa3cba1862b695e4,0,0,0.00022021777
xgboost,0b59cd5ae798f259e22dbd595cbb80144173173623,0,0,0.0069351136
xgboost,0b5cc33794d54271ee7b6ae7115fa6c3643e6afcfa,0,0,0.00046689593
xgboost,0b698c32d561f25c5f57fd72e1a308fed20d0245ff,0,0,0.00030038686
xgboost,0b6b60a64b2efb5a4a2329fdfa1e4d1ccf71590aa1,0,0,0.0010099511
xgboost,0b6db8f3378efff6ebcea84c452c5c7ec74261e4c2,0,0,0.0010080602
xgboost,0b7192a3256c28bae233de4b28864276430c8d2c21,0,0,0.018812409
xgboost,0b7c8a0a0d3b22921e6f51301fe3636817b4273b48,0,0,0.0002330163
xgboost,0b8096e53c4d30d781dd0b1af2658f4695865a19a6,0,0,0.010490675
xgboost,0b80f30aa398c88357bcf31021bc9f3fb7ea5e451a,0,0,0.00037807395
xgboost,0b8638259511f963a9a75331af8fb68f3bf2e91c82,0,0,0.00041254555
xgboost,0b8763bae2aabe9e48dfe9d5915bcd2c68e79f0475,1,1,0.6309033
xgboost,0b9a95ca587d703c6c022d428c02c2a474ce6ae335,0,0,0.025427664
xgboost,0ba0d56e483549f784e90f0e8b90ab99b62512350e,0,0,0.0012723015
xgboost,0bb314fc67ca047face89600b27793392fe61aed79,0,0,0.00034415527
xgboost,0bb4f37fd6506de6decebecebd241c64e667c4d8d8,0,0,0.032224238
xgboost,0bb8a9711f85f1e925f87ead6a9471225b4c23ed43,0,0,0.00042573095
xgboost,0bb98c7edebf81e8ef161570f0685dcc5abe37a863,0,0,0.0006716701
xgboost,0bbb9ad14fcadacdbe145fce9338f811165dc62db0,0,0,0.00034415527
xgboost,0bc534a42cb6a14d12ab636b2e8cea7d63ae4229b9,0,0,0.001583293
xgboost,0bc8a451a9113b12806a2955482f2c3ba9c0d530de,0,0,0.2225216
xgboost,0bc8cc055481b765ec9e9b70ffb4db14dabc8d16c5,0,0,0.026810737
xgboost,0bcd0f16af1ad26794ecd31c3c72a1c209f90ce8d0,0,0,0.00022083636
xgboost,0bcd8a4b51606345ab943a27303a96860d0c52ee9b,1,1,0.6306547
xgboost,0bd457f7cb9196b59cd80568252b6776b2a211cf6c,0,0,0.07896793
xgboost,0bdc75633420af7e6a29c1224d3ebda49bf7b40a8d,0,0,0.048636746
xgboost,0be139072264eee9ac878a715a08ddead0dbce58c2,0,0,0.023674697
xgboost,0bea2a13de669498a56e8f4c7e606100fc4d70e65d,0,0,0.032567263
xgboost,0bed4d388fc335fc29b60604fc54fb56e992a50be1,0,0,0.019465642
xgboost,0bf3d293cf5171a4573cc0c09472dcf92ca8aaf9e6,0,0,0.0003668598
xgboost,0bf7c3448214f4885734b7f39b4db8d21b192aef37,0,0,0.1344866
xgboost,0bfcd43c68aa6d8129612ede120313c873458e5fcd,0,0,0.00037807395
xgboost,0c06868a1e320463dff39aa89a4bfc3fb851c81791,0,0,0.00080371596
xgboost,0c0a8ce74d47af598f9d94a05934e10a21fae55a35,0,0,0.00030038686
xgboost,0c12e52d57357ea9c76fb4e56e5f9dcdd4eaab7b0d,0,0,0.00034415527
xgboost,0c19ce22147140386cbe9c523eb1195c5a063163ad,0,0,0.00034415527
xgboost,0c1f0315428664dd7b5ffc34d7f60ae8cc8ef138df,0,0,0.0010763843
xgboost,0c2369f07918fe6e7d11881a1e60cdf8fb94af196f,0,0,0.0009881387
xgboost,0c236d96e757165f626b8bad46d65954122cdcf1d8,0,0,0.00022083636
xgboost,0c2f312aa622e870dae10f297fd171c2ca78520a07,0,0,0.0003744533
xgboost,0c31a30d028cf773d348474cb12d656d3329f6cda4,0,0,0.0002330163
xgboost,0c388e39725a51ab20de98553642a09652d296d37f,0,0,0.27309594
xgboost,0c3902c60b2a813536867bda50074fb41003b973bf,0,0,0.011111367
xgboost,0c3cdd3702c7f816071e981dad6c72913420e73258,0,0,0.023583846
xgboost,0c3fc234c2a0889e6ca00c8a5910e89abddda8c405,0,0,0.0071041905
xgboost,0c50bb7113a53e3f4084de4c1e74247c9a64ebbbe7,0,0,0.00063679816
xgboost,0c543f38c425c0989e17ee6b4dde40e232c81da122,0,0,0.00029415396
xgboost,0c5fafda9db8b43b9699f785531dd83c62ab1ce349,0,0,0.15244524
xgboost,0c67e7540fbd180709be552a4f69a5c6fb172881d5,0,0,0.0071041905
xgboost,0c6e80d5b9bee6d0e9e8a22eadf5bd46221d901f2d,0,0,0.0003668598
xgboost,0c822a210f6fe4296e97421e4546b7398f413b3b0e,0,0,0.0010763843
xgboost,0c82e7a9d10df46787422aff7ac365f8b889c6275f,0,0,0.00030038686
xgboost,0c932cf11ef3543f51468e8093d70db5a3e8605187,0,0,0.0003925852
xgboost,0c99ebc164afd0c2925295c439405a2b9e80d44464,0,0,0.0003668598
xgboost,0c9b5e58c81e96b73ca22a4e8c931837a1dc03d630,0,0,0.13653083
xgboost,0c9dfe64d13aad5be095035477b1f199214cfea2f3,0,0,0.00069871
xgboost,0c9fb80bc13b406dc6b9bf25710edff9d55c93f79a,0,0,0.0014972406
xgboost,0ca356fee8fa93ede3334097d202a4d3634797553e,1,1,0.6309033
xgboost,0ca7b4a1eba7bc02106dd405a72c7267afd5a98876,0,0,0.029167907
xgboost,0cb49b14ffe7216a9f35f9c5f2482560d146733422,0,0,0.18918733
xgboost,0cbb8c3fb6de15f7372236066b98afb8c4a379e580,0,0,0.009807427
xgboost,0cbe5dc320d17ea5cb29f8e0cc2e13c870b29ed1ab,0,0,0.14127648
xgboost,0cbef08be37de1f933de0c9aa5cae3719fc7f8de4a,0,0,0.0003668598
xgboost,0cc35417efc559878f6f058d3559b2b15897fbfe62,0,0,0.00042327403
xgboost,0cc53b061ae26f3dc6452b2ff3a3c4a6bbfb77908a,0,0,0.00046689593
xgboost,0ce574c9c7895ff3e70fc0a3c08e73699c636063d1,0,0,0.00037296838
xgboost,0ce685a456fc3d671ec2e78fa04e56e763732d5f90,0,0,0.0002330163
xgboost,0cee7e8edda264ef92600e3ba24f95d31a1657c0fe,0,0,0.0006227354
xgboost,0cf5b5e3306db9b1b695b1f0fe2d54c22c513ff2cf,0,0,0.010306311
xgboost,0cfb94065ce7e88a71b52cbd643b1b5e9b7ecdef75,0,0,0.0002330163
xgboost,0d1349b22bedec24f06cd3514cda17b0f6c8977a6d,0,0,0.0011099989
xgboost,0d187b2824dd8ed980cbae240cd002e34b6c1adbaf,0,0,0.019660987
xgboost,0d19271184decd2e44a86ac896a2f3ca2f466eb28a,0,0,0.0010763843
xgboost,0d3a15fab4589f78420e1b26eb85a1f4e4154fbc50,1,1,0.64315486
xgboost,0d3b88567bf65211bb328ab87185c347edd4f29f9a,1,0,0.07896793
xgboost,0d4628d7be4392bff04e05ed6d13d97c72b8b9ed81,0,0,0.007815878
xgboost,0d4f17017d3eaffeb973478f9af3a4c8288ea81161,0,0,0.0061607677
xgboost,0d510fb26d05f1b395a4a51a9b11dabf500e5f04cf,0,0,0.015456006
xgboost,0d573bfab6d647c1eed04dffd6c2f0030d3d84ec77,0,0,0.00086060417
xgboost,0d6fc5ddbe29a84f821fb75bc76092f523ad50ee4e,0,0,0.0007948035
xgboost,0d7426e7db61cd540d1e99da13f86de31805806531,0,0,0.055719044
xgboost,0d7d0382878cb96c83f398e410de663cf93210f90d,0,0,0.0006071794
xgboost,0d8dc214364f904739899e8e8923dc24add1188c56,0,0,0.00029415396
xgboost,0d9d3f5f3cb34cae732c8b803b0f76fd5aff339cd8,0,0,0.09642085
xgboost,0da150045769f4d4e545917da4b38c7d82513f8ac5,0,0,0.006064744
xgboost,0da21ab4353169ca8760a748724b866e2f4c0faf9f,0,0,0.00080371596
xgboost,0da21bd734b14941bc0fab408fd14b72293f4a50a8,1,0,0.077959366
xgboost,0db9d047ba9999202b209cce6af5813867f9ee9c88,0,0,0.0006486801
xgboost,0dbe0527005eb94ceb781e0f245f020e835a2d3947,0,0,0.019479604
xgboost,0dc2ecddad4391d6db60e2ea3880fe0ca2fc22b4a1,0,0,0.0039741513
xgboost,0dc47384e7fd53be49956e3f27bd2609c0e637d200,0,0,0.004916782
xgboost,0dc8509f4c0dbc78cd2bc79f44ac19cafbfd92b28f,0,0,0.009634344
xgboost,0dc9c0fe3f41950ee4a813edc6a613adedefe07d14,0,0,0.00096465787
xgboost,0dd455e7e5c35ae68a65d46513180c416bb17f571d,0,0,0.00035953108
xgboost,0ddd3967435d84e83c4502e363ccd303f724bc9952,0,0,0.00029415396
xgboost,0de2a8f1f07d3be0de9ef80f4794769ce0b6693f1f,0,0,0.07681343
xgboost,0de2f6f607caecb6889f4cb184047d1b6ee3bca0ce,0,0,0.0003183587
xgboost,0de45fa5051848b293ddf5bc64ac1b8d630e1f6c64,0,0,0.00035953108
xgboost,0e057fa9133458fb3a6563d8993a0f4b0704744c0d,0,0,0.022936577
xgboost,0e06696ed22c727f99ad5b16cde3762003170592bb,0,0,0.005189585
xgboost,0e0cb7c7a422375613ed06a532fda6e5ac29a02d17,0,0,0.0002330163
xgboost,0e112a2619c38d69d43185c665fd647133f4f19e21,0,0,0.0011728639
xgboost,0e189e524bd220d176abacbae5f5647a89ce158c66,0,0,0.00063679816
xgboost,0e1c1d178c60bdb7dbbdb4fea83d6787ec7f9bce5a,0,0,0.017953359
xgboost,0e2b25c7780f83f14a4da9b4e9876e89cb48518a81,0,0,0.00022021777
xgboost,0e30037e0d733cc1c2f047c4b87fbe14fabd0372b7,0,1,0.64315486
xgboost,0e324b63dbf2d2a6eeadb61d1b804e3093c8e16570,0,0,0.00086060417
xgboost,0e3e828aeeae68d4192db84b987ca340df84f0ed6d,0,0,0.0006486801
xgboost,0e43ab963cf2539d450406f2b606e97433baa90be0,0,0,0.005607715
xgboost,0e448e964ea393113a80197f72837918504dd7047d,0,0,0.023720916
xgboost,0e4bf825c541e695920d0c58f269fb64238af2b807,0,0,0.0003744533
xgboost,0e4f83a1029ca47fa05fc80fe6e863f37036b6224d,0,0,0.035440907
xgboost,0e4fd3ba73bc94d200caf71f9cffdbd328b0f3c06f,0,0,0.0010527555
xgboost,0e5403e635d0509a8bf508ca7b3fcd9541e320da27,0,0,0.00034415527
xgboost,0e5822f276ff8caad93e6a30b8692345caebf3205e,0,0,0.0002330163
xgboost,0e5afcb6c7d9282b74d86b510111fb90eca477920e,0,0,0.0081455745
xgboost,0e710eeb66c395c1187d3263a5faad8c2a80d39346,1,0,0.24505952
xgboost,0e7fac72b650eb1456c91a1274914e8c87ac72030c,0,0,0.02379403
xgboost,0e80cc5cbb2b76a4f6e2f75c2a4aa40d8890dbe978,0,0,0.0011099989
xgboost,0e817aae1ad4333e3a704695dd1f21777e6c8af51d,0,0,0.2611296
xgboost,0e86d48aa5e4a2827b322d22c2d579e3d3b2c1c4ab,0,0,0.00035953108
xgboost,0e96754f59ce6d5fe8344a775c12d0f416b28179dc,0,0,0.00063679816
xgboost,0e9d95e05c0b3668bbbe4245ca4e4a655736ab71de,0,0,0.065870196
xgboost,0e9e990ccb113e5995c8e906c16cec627105bfa5ab,0,0,0.0050011594
xgboost,0ea6f8dbaecc4e6f52dd3b499f19e3219d28075e01,0,0,0.0003925852
xgboost,0ea8557e1cd4da6dba3b6c0d4956d673cac3b273d3,0,0,0.0003183587
xgboost,0ec1bd2da8269f4896855eb8b3807389cfa10e4b4a,0,0,0.00037807395
xgboost,0eca5eb81c4978799e3a40a9ca9cfb5098af0179ae,0,0,0.077959366
xgboost,0ecbde132d1ea67c931a1826fd7df8fe1322045625,0,0,0.065870196
xgboost,0ed12e434f1f8243318b366d5b06ae41d056207fae,0,0,0.00029415396
xgboost,0ed64b8e8995d3a3da0c690d75df00c14e0430efe1,0,0,0.00076474703
xgboost,0ed6530e455a4cdf8928d33c483e6a16d38760bf07,0,0,0.035440907
xgboost,0eda36d9c3cbda52c4fedac600663ff5279f993aa4,1,1,0.76196647
xgboost,0ee7caeb592ab2baacd08b034047d84e69e8c65a7b,0,0,0.0014972406
xgboost,0ef9bac8a75813725b276e0635f333ca13da4e9b55,0,0,0.00034415527
xgboost,0eff44692c4fc860d3d6eba9f2a6e0ba66a14224d9,1,1,0.6309033
xgboost,0f0937299efe90493481555dbb0ba4ee5d3c0ab9a6,0,1,0.8254233
xgboost,0f25f33b6bc9b4c982ae83049b5e61d40192981716,0,0,0.0082098525
xgboost,0f36ba051067b68d38f024af0afd1f43dc6ee9deeb,0,0,0.00022083636
xgboost,0f4ab900f9cc0a9838e7126ed5323c6b0cef0aea47,0,0,0.0003744533
xgboost,0f53478969a06c88de54d381016cf3551c26f1547d,0,0,0.0003183587
xgboost,0f54119659a44e70d6e24e2704e755633121153c42,0,0,0.023674697
xgboost,0f54a0095306bcd774feccd9e726300df1d06782a8,1,0,0.33191314
xgboost,0f62cb9275333230077e2b9d6748e396c5204b795f,0,0,0.0010247461
xgboost,0f6784617ab0347223d263d51d242fd5a9d029d5a6,0,0,0.035440907
xgboost,0f6ea98129382f38e31b9ccf3cdffe5569cd8b28a5,0,0,0.00030038686
xgboost,0f7b38091c2a6db2ef0ce2db4a631464e677cdb9f6,0,0,0.0002330163
xgboost,0f7bbfac81d6929d32194e044670fff53d1a1c6a5f,0,0,0.0022030366
xgboost,0f8d724ef213410a7da9008d4cada1d6f80a808050,0,0,0.025876993
xgboost,0f941dd1286ddee48e5772534c9c006ce2f191028c,0,0,0.0014350319
xgboost,0f9e5435ec4b536e868a947317ad40a6fbbaa5d8b2,0,0,0.00022021777
xgboost,0f9e5a77f0149e2a1db8b8204ca4e713f39019ca83,0,0,0.001583293
xgboost,0f9e7c65db4506d01a4479efbfbc52feb3c7fa73c6,0,0,0.019841658
xgboost,0fa13b63798249ce605e8796d8e5bb61d0616c513d,0,0,0.00029415396
xgboost,0fa9f1fe996c9253540453f9d16c2a8d44af2f9d36,0,0,0.00030038686
xgboost,0fad138512cd5bf70940e5648ace3032285acd7752,0,0,0.0010080602
xgboost,0fb01d54c370189da831722f08470202c5107f311a,0,0,0.07896793
xgboost,0fb2999b7753cfb469545cebe5f2bdfd2520a5b999,0,0,0.2611296
xgboost,0fb8a27e02553ebe2df949e34c445758d74ea043e2,0,0,0.0002330163
xgboost,0fbde4e1d9993ca678722d97d7e8d89e5f9a42d2c1,0,0,0.00035953108
xgboost,0fbdeec6d1c185ffdb2eeb3f161314866174d31cbb,0,0,0.10867284
xgboost,0fc198af7c2ff380d7a8ac42fd56b81e0b62f7be07,0,0,0.0002330163
xgboost,0fd01aac301510f63e46798443e5267e20b145b458,0,0,0.035440907
xgboost,0fd103b0ee22a139e8748506cfc2e28b77819c3ff6,0,0,0.045225002
xgboost,0fd2b987f036abba99353e4cf95defebc35c57864c,0,0,0.0026684236
xgboost,0fdcbd3722fe68d55e380e14ccaa49ba9f382545c5,0,0,0.023720916
xgboost,0fe58d26f4f394b887de311304302b34a29172d4b2,0,0,0.00086060417
xgboost,0fea5848348f2a23ae373d9824d348738ab5e11cbe,0,0,0.010306311
xgboost,0feb5e86aa6523d8b8f7eab95f445a204ae7617a30,0,0,0.00030038686
xgboost,0fee435fac29c780dcff7834bbd73f714a01769b2f,0,0,0.0014972406
xgboost,100dda1db99749e91a24d6e19b6a07bc42bacfd55b,0,0,0.00041254555
xgboost,100e5036fd0777d2d01e083ca43b1a5909424c37b5,0,0,0.0003183587
xgboost,1012ec64a51d948898d2a93487517a81196413af2b,0,0,0.03023339
xgboost,101903f89005739076c04f9240697b0a0941da33a7,0,0,0.0006071794
xgboost,101eb65ed8f52d6b16821a97e345680cd0c29c82d1,0,0,0.0029865296
xgboost,1021fb7a1d6d8b41394b11904a9586228e22ab164d,0,0,0.028863749
xgboost,10297b85eb9dfd72c9f4ca890b7389775c3720139c,0,0,0.021703979
xgboost,102a163d247eea1514ad1743b24c20a0fd62296f99,0,0,0.007815878
xgboost,102a4dc3671e77854aa909128d32284030ac25c015,0,0,0.034143314
xgboost,102ac2e1b1ca63e7ec47ff6e6318275ccc39be322f,0,0,0.00030038686
xgboost,102b5897f38d4124df20b7f6dad926e394978285bc,0,0,0.00030038686
xgboost,102e5aa0de53bc0c0657f311416495d279c86bd644,0,0,0.00037296838
xgboost,104020bb19e5727c63a8ad79f7fa74dd62660c1ebd,0,0,0.00042327403
xgboost,1048a4ab062acfd0572e008e7199002040cdbe9dfd,0,0,0.00030038686
xgboost,105739ec7e2812ae752f106e7185430e264f06585b,0,0,0.00034415527
xgboost,1066d7f7c2dfeb8176978c5fd79ddfe713d7267895,0,0,0.0006716701
xgboost,106a6ac6614193d271424d2b16361090396b9fee43,0,0,0.0002330163
xgboost,107805ec57ee9b9d101fe9776ac89cb4c2efbf29ac,0,0,0.019479604
xgboost,1086f98f132bc7d265793c4c2826c39a8ed705ffd1,0,0,0.00042573095
xgboost,10890130d571314e7479d599b44ad91392fbaaefe2,1,1,0.65877914
xgboost,1094661b8fbea44c4f93842758d6e5be338267c424,0,0,0.0053568543
xgboost,10985c9d50743f066509ce0a1a488de3c8fdb3cc52,0,0,0.006672268
xgboost,10a7d8721dc686472183ef2d9c3a79d7655fdc9e79,0,0,0.015524557
xgboost,10a951b0ef029c317d0f9b970461890a087d8d8eb5,0,0,0.00030038686
xgboost,10a9736bc0998d430459c9d486914934432234d96b,0,0,0.035688996
xgboost,10ae11071efbd5890761bbb15a22ada016b5f7ccae,0,0,0.09539811
xgboost,10b360dfd1c1b4b17f6b0a80efa332f09b6f7131b5,0,0,0.0050011594
xgboost,10b5e409c181c487990b48ba8b1d2b54d6afd15a9a,0,0,0.0013289296
xgboost,10cab0e5c25329a081eef92588e8f0b48e1598ab76,0,0,0.00063679816
xgboost,10cb3aea04de0a38d465a4bb067fd2aa4a870380fb,0,0,0.0006486801
xgboost,10d1da24157b3b96149c53e59934152e3326f52428,0,0,0.0006486801
xgboost,10db1ddbdaf691fa98778f79c076c0bd00c7bafb4e,0,0,0.026038293
xgboost,10dffe08c9fa310e40f24bbb34b0e4077a9891b831,0,0,0.1311861
xgboost,10e59cb24201fb1880be11533a08fc97839c77749b,0,0,0.00022021777
xgboost,10ede6ff8d4a97e905ef4ec4eb3b026e699f3d3aed,0,0,0.009634344
xgboost,10f746c94893ce41b5664b1556ea218d5b202bc175,0,0,0.11239475
xgboost,1106a24d7f356eb6c8ad6923996b4392389d674902,0,0,0.0014972406
xgboost,1109cfc879470a461e2b9a1a38d1248ca8fea2f062,0,0,0.035440907
xgboost,110ce87b784c931e0d7ff0bfaca60ca8f0b8ec573d,0,0,0.00021901939
xgboost,110ec476fe9916b8266e01086819f803d95e01899e,0,0,0.00042573095
xgboost,110f2f26f677d073ba27389a167d396760d95a0b08,0,0,0.032224238
xgboost,111038eeeec3bb6d7cc699976641b1856386287491,0,0,0.0003925852
xgboost,11147ad7649a0fccc3dea617a5e495894df11926d8,1,0,0.23849966
xgboost,11188b139712269fc296214b9b1439f1285a4ae14c,0,0,0.00037807395
xgboost,111afde4601b666cbfefb5dddfd214e52aabfc0488,0,0,0.008142038
xgboost,111e75b944f8dfc346d8f529eceb82ce5704bdf898,0,0,0.0011099989
xgboost,112bc940cb4e4410e1710d4a59a8d32af35f1b6850,1,0,0.022560947
xgboost,112ef78dd4f9f5085d08612f839f3187522bfcc6bf,0,0,0.00037296838
xgboost,1131a5faa92f4c8573864380983de49b0f2fcb2ebb,0,0,0.00037296838
xgboost,1131a81dea6b1442c8378deac7c8b326d86406f987,0,0,0.009873061
xgboost,11334ba68aa869847c231cba02155d2c38878ab6e8,0,0,0.035800178
xgboost,1134118d97a40d7494c89e9724d80f63f31bc8ee00,0,0,0.00050622347
xgboost,11384d9e63922fd1da7b61b56c552bb871e5e402ef,0,1,0.6306547
xgboost,113a8c9f373eda47b02847d5be7bf95b5180d77b8d,0,0,0.0003043416
xgboost,113e90f92368dea71a21775e55e64561527d5a1f98,0,0,0.032612085
xgboost,113fcebfdca1a53f57cfc918a0f80b0502a3db34a2,0,0,0.00041254555
xgboost,11461adc50adc118962232b7f114abfea0209ea629,0,0,0.0002330163
xgboost,114b8c8cdcc6686e4519ceb6e52a09835a32e5a959,0,0,0.0026480742
xgboost,11632b98fc916a8d95f3e30cdf640e456a56a52670,0,0,0.0006716701
xgboost,1165c293dd4827947864ff1c7d0124812a3b3151a5,0,0,0.00076474703
xgboost,116846219406dddd05313c97741ac1af3d46fe9e9a,0,0,0.0006486801
xgboost,116a6691b4ff46dad583b74461a7a67494b5daa82e,0,0,0.00044057542
xgboost,117019919bab020c18a90bc5385b47dc9bc5568c0d,0,0,0.007815878
xgboost,1184dd8eed30a2672748aa48953ad1d9c95b2a2eaa,0,0,0.00042327403
xgboost,1186960b4ccc15b2fb69c4eb4c7467e71459c470f1,0,0,0.0003183587
xgboost,118f1f6e0cfd0229c5b8558626a5666ad2a0d012cf,0,0,0.0010745612
xgboost,1194e50338f5873985ad0e3ad593338c44761f0a42,0,0,0.00037807395
xgboost,119a38619385a00321d2e19e5b8317fd6dcca8b089,0,0,0.00042327403
xgboost,11aacb557cb1be5f7750c7dcd25a0c761c00a3606a,0,0,0.0013208393
xgboost,11ae55780335c08256239811b96be46008c839cc0b,0,0,0.0006486801
xgboost,11bfbdd6c5ea75d257e648efc288e862bc7ce52c32,0,0,0.00029415396
xgboost,11c7091fa22bb7476dce6831f26b1b7a545a9101ea,0,0,0.0010080602
xgboost,11d12a41b63198ea324abdadd787e11e3c7c18a182,0,0,0.0006227354
xgboost,11de5ee409dafe45579dfa93f7643a6921605fe46a,0,0,0.00030038686
xgboost,11f963a528554054dbfef78f3d3b9caee83b2edaec,0,1,0.6306547
xgboost,120c583ab2478d07aca5cf2ff9b68ef9e752c7919a,0,0,0.2046597
xgboost,120e138ee57776e3495ed42fc05f856dd1a4f9a8f0,0,0,0.0071041905
xgboost,120fc64534252b4f8e5884221a9dde42c11c6836c1,0,0,0.0009881387
xgboost,121eafd033d7cdbe1182b5d03ec6d2ce3c21ed3a2d,0,0,0.03925821
xgboost,12278862b24cb83cfb7001908acec8e886220e660c,0,0,0.0009429115
xgboost,122c619379fbfa88582d8a90aaa2adf2d74cbdcf3c,0,0,0.00022021777
xgboost,122fc26717d97de6694b56100a5bbb8ada03a1887c,0,0,0.00094434194
xgboost,12366178f67677e1142e27aa1163ae242e1be098d1,0,0,0.0006486801
xgboost,12378fe0eae4a2d3bf2719bbbf8c066bcffd587a46,0,0,0.00096465787
xgboost,1239c75332cb382fb73c05b004e79531ffaa0c8a66,0,0,0.0014972406
xgboost,123a4543380bb7f8dfdf693a5a81caa05027947059,0,0,0.0006486801
xgboost,123e97476d70378a4e1b523764a0e85feab6d4d5d4,1,0,0.019841658
xgboost,12409b0e3e36bc4d81f354a22a505b659b30f77dda,0,0,0.00042573095
xgboost,1242b30a6d7040e71719a71947700feebebd5e1107,0,0,0.0003668598
xgboost,1247ffcec9ef08f3214a79fe13b2e573cc5310c697,0,0,0.00037296838
xgboost,124e916924f1d5693e988b3aa32fbb7b995c05c81a,0,0,0.022123944
xgboost,124fda90bc8be5e5607d554c0920ad3930c7485fc6,0,0,0.15299495
xgboost,1254fbba378d7939d7fb3b3573aa246303aa1b857a,0,0,0.0026480742
xgboost,12570c5808b352a4b171fa15a5e75a641c6de02e94,0,0,0.0009429115
xgboost,125778ca737891a8f6dc36535f841dea2a97291068,0,0,0.0003183587
xgboost,12579ebddac5888bb065c7feed0e30bd0963e701c7,0,0,0.23849966
xgboost,126599c0d6f2646ded29cd246b83875336c1626946,0,0,0.0003925852
xgboost,1266204fca8a43277b5bb6f4bf261fc9598c7ba3dc,0,0,0.00037296838
xgboost,126e3e44ab89ec67b4690c552b3188133eaafe801c,0,0,0.130111
xgboost,1270c2d2c0855a52f755126fe3cbd7020345473b9f,0,0,0.025427664
xgboost,127162cf8b08d1864c5131ba18fceb849ca785f001,0,0,0.0007948035
xgboost,1273ee6651039b7d1fa64f1cf7b860bebab61eef35,0,0,0.00029415396
xgboost,127ac1578949a55d3ea864aaae057d4f715a28a5e4,0,0,0.00044057542
xgboost,127e8e0b46d2a80d8039d5c46f70e9489e41c1f38e,0,0,0.00042327403
xgboost,12844e6c2d1c62cee6df090f432a1012d2a1d5a9ca,0,0,0.00021901939
xgboost,12899bd0b9f2c81ff89a027fbf905c63457f88bc47,0,0,0.0008583634
xgboost,128b242283872946d67c66835dabeafb71903c636f,1,1,0.8254233
xgboost,1291adb2052f91a0885b2adeb11af4458dc6b972a6,0,0,0.0003183587
xgboost,1293756744edda5d85163e812ce541918e6c87d5eb,0,0,0.005607715
xgboost,1297554800092d709b0ab74bb52c660f2a88c8d1b7,0,0,0.00029415396
xgboost,1298d713494c5718136f0bd3ea5566e159dd5ed0cc,0,0,0.0002330163
xgboost,12a34eb42d11dc72ad058a2ffd6150fc027bf02e4d,0,0,0.0002330163
xgboost,12a6c3209365034fe0bf01ef095b118a17be8a40dc,0,0,0.014183076
xgboost,12b1c2e3e8ef6ebafb1b9a216db883ced0aa2341b7,0,0,0.028863749
xgboost,12b31076509faba74e6acadf9e91dabb878c7eac62,0,0,0.0039741513
xgboost,12b4b2154c12bf4229d41006adf7be716b1c5c496b,0,0,0.0006486801
xgboost,12b962620d64a344f62a371b9b4b275ce00de28a9a,0,0,0.00037296838
xgboost,12bb4dd2fe95594df16bb4f292b411b72354fe02ff,0,0,0.0061607677
xgboost,12be7473fa65181f7964e9adfdbd303cb96edceabb,0,0,0.0006227354
xgboost,12bf41e3fde4aea55e51a1f8cde175086959b97697,0,0,0.0002330163
xgboost,12bfb82ba2428f9f1dbcc3e0dd2d250669fb5dd9e6,1,0,0.14127648
xgboost,12c07de96cb0a669e9362bc88af0f245ba33f2a59c,0,0,0.0002330163
xgboost,12d790d01c084f1e94172a340cc111511949f9b80c,0,0,0.00903454
xgboost,12d987670b452dd552767e2f95db929be23fb51056,0,0,0.0009133837
xgboost,12e14c11373e4b6141748c04f0c3706228ce27459d,0,0,0.0006716701
xgboost,12f62decd5712a3af4101f07fc9701399b5e871969,0,0,0.009634344
xgboost,12f940371f3e74b3e6569e9f006a7a1b375aaa6892,0,0,0.023674697
xgboost,1306c7165ec1d9041cfd22841a8a7b85c00e45a974,0,0,0.0006071794
xgboost,130a257c4580421e349a362aed6f7502b817078772,0,0,0.25232524
xgboost,130b721264aa58ac63ddcc0b161e0bc6de6d65f695,0,0,0.130111
xgboost,130d12c12eef177c044c289b90664de895016ee84b,0,0,0.033325363
xgboost,1312fa83e4cd949591b270da571710434e33750a57,0,0,0.031025434
xgboost,13159dc13a4d853b288d5c51ac808997e0c9823ac7,0,0,0.00063679816
xgboost,131ea7bcf3cf9037196a06eb5067ff977b2d14460c,0,0,0.02823384
xgboost,132091c1ea386acdfee51363f19ca9e8a7d63ad298,0,0,0.029226005
xgboost,13220857bbd24c6e8b63079afaca4f2f6019466f8d,0,0,0.004977948
xgboost,132347255a6049b26cdf0f4591d9888d772010238b,0,0,0.0006299072
xgboost,1328b07241c4d72af3f3cba084273c415ff17003b2,0,0,0.018812409
xgboost,132bff86303b19a587980c10698bb6950cc332da2a,0,0,0.035440907
xgboost,133171dbb90cd668236ed10995fe8a09a0ff5a6709,0,0,0.013926448
xgboost,1334197a3922f2210b2a4672d7d181313a44c6aed5,0,0,0.09642085
xgboost,1336011f5956cb8558579b8b1ca4f3ca5cf43c085c,0,0,0.0079541085
xgboost,1337eca536e1952c150ca8a2005938b29459e53132,0,0,0.017308999
xgboost,133b81972576f9b2532956f66bf2f243821a28fa23,0,0,0.008825426
xgboost,13480f2974e105879f45a34cff448b8d3907c01b15,0,0,0.0003183587
xgboost,134848cb34e2062a6ccf3064d2dddd36518633672a,0,0,0.00022021777
xgboost,134c01a8fc0ea40230138895b5e4eb951bb8a16818,0,0,0.0003925852
xgboost,13512f0d9a07cecb53b90bfc2856495eb6e40a0036,1,1,0.64371026
xgboost,1355e7cd75450c98874c0d695dd38b3f2217c84083,0,0,0.01537847
xgboost,13569d4fc8dc7659e8e656ea4fd14b3e8faec10a0a,0,0,0.0003925852
xgboost,13635db09ec9c1863f4df256196742659735ba1452,0,0,0.023583846
xgboost,1368baa712eaf3200df2601fa1db89be08c010ce63,0,0,0.00022021777
xgboost,136ac8fe637db80ba3c2af17959f704d378cc39a6e,0,0,0.00035953108
xgboost,1376356de1175a9e114d6a4f53f1fefbe7d2f3c9d8,0,0,0.01190468
xgboost,137fd856c0d3c673b1fef2975e0059126d2b845702,0,0,0.05705226
xgboost,138015e946cd009003c21c2eecd993e326ef0ded9a,0,0,0.00030038686
xgboost,13869536cfbd8efc6411c92c3ac03a7e900ba52196,0,0,0.00042573095
xgboost,1386a253be5065a9e8119048470fb6840be1646863,0,0,0.00046689593
xgboost,1389de48029aa517c8b3e5ca9beebfa8cbde958c0a,0,0,0.013584213
xgboost,13936208d20aab619d38b9222f0bb8f90967582fad,0,0,0.014667858
xgboost,13a2c38a3639631df181be5febe1d85d1438df8ca0,0,0,0.00029415396
xgboost,13a38b2ebabae523130e15d88873a54a77305173d3,0,0,0.03861649
xgboost,13a54c58c3e3ce398c0956661b34f28bf6b42707f9,0,0,0.00080371596
xgboost,13a69344d55975e23f0df98390b9ea2ccbcfd26845,0,0,0.0010745612
xgboost,13aa23edd4df10c7a492c11396e6af40f50dc8699f,0,0,0.00046689593
xgboost,13b37d03a4fa37cb653f3a283ab413f9b2d7db23b9,0,0,0.020755315
xgboost,13bb19c7fa754dfafc9ef117bc328e51a9c5257cb6,0,0,0.00041504586
xgboost,13bb7350541ce3f579ace0155d50aaffb962db13f9,0,0,0.013926448
xgboost,13bbcd551615df3fbfb3e4d4f6df2c8d2a56bfb910,0,0,0.03023339
xgboost,13c18efffca243b34fdd57b98121df110a30a4608b,0,0,0.0006071794
xgboost,13c4e63603712f3d7c60065f883524b3f3727e11c7,1,0,0.111511186
xgboost,13ca049934832f7b88b9b59b1a719e0e126b41223e,0,0,0.001583293
xgboost,13cbfa6699867e44b3f762db05c99fc1eea4ef42a0,0,0,0.0003668598
xgboost,13cf8bab649a206fb441750e96c0cfda6624042ce4,0,0,0.0002330163
xgboost,13d4eb06819a71ee4ee145afc328ef540850138ae7,0,0,0.007603714
xgboost,13d50c412bb203b060e0c97d14697cce2b0b8e9d5e,0,0,0.0002330163
xgboost,13d697368a8fc5a3606aebfadb430c70729c46bb4a,0,0,0.01190468
xgboost,13d7b1087a5373c11ada900da881bcf97ff2c95933,0,0,0.01904963
xgboost,13d936a37e8c2c7b7c22f08594485a91763fe2f9ea,0,0,0.022123944
xgboost,13e31e3d3ea9a98e329bc43f780b82d88dbdfd9cd9,0,0,0.00042327403
xgboost,13e47e82bbee3b9461c63e14b3e2930632eb8c488b,0,0,0.0082098525
xgboost,13e69ece0feb5abd4265a8c899ea2c295a5192b97d,0,0,0.0013289296
xgboost,13f7fc07b31b267671ab05d3d5ef4e070fb2a92ef7,0,0,0.00029415396
xgboost,13fd1f3f7b3ced0ad1adebda942867ed1d9c8a1a49,0,0,0.06597109
xgboost,13fd5260b4117b2d8449e8a332d3f74a92e2c39c48,0,0,0.0006071794
xgboost,13fe50a619369d5f267abc78bc1639e1c4d886cf9b,0,0,0.007603714
xgboost,1412207e8dbe6868409a56aa9b1c3abc8f11ee24e6,0,0,0.00034415527
xgboost,14129ce1cd9d185fbfc8eb275ea6924500f03ebb6f,0,0,0.051092885
xgboost,141e2647c8037cdd533c104b55e61d682dac6c3977,0,0,0.0011728639
xgboost,1425de02946c5e2ecec4d09d66d4dbc8944a26ec1a,0,1,0.64315486
xgboost,14267a96336952c17563c582e0a2b5a978a67130b1,0,0,0.00042327403
xgboost,142f97ce405a79eb952d0f2104b784a0488fc08e2a,1,0,0.15299495
xgboost,14331b0b1423949908d10508b54f771353edda95d3,0,0,0.15299495
xgboost,1433c2958e501bb668d117ed181331f7c29f641036,0,0,0.0014350319
xgboost,1442f198674d9a36a996fe014b72082544e9c6b1d0,0,0,0.020047948
xgboost,1445331638b62f77e14dd1f4013baedcf773ba23df,0,1,0.64371026
xgboost,1449637d66a0e104a920d291284b0ebe7950b6e63f,0,0,0.0002330163
xgboost,144bc292aafc638107e6b97ffb817ba9225be88c5c,0,0,0.0003183587
xgboost,1455202b6d11e611a69eef646b46f762042c30c6d6,1,1,0.64371026
xgboost,145a62e24e95806c8ac3550722ec15c95a79b104f5,0,0,0.007603714
xgboost,146108dcc71e201c2a800234bee382a255c2b220dc,0,0,0.0105177555
xgboost,14614f0488c5826110a8543bdae987fc841d1ddb60,0,0,0.00030038686
xgboost,1465632f1d3b531d1a0cc07e5e35fa278080e9a160,0,0,0.0003183587
xgboost,146c1db5d589116c9a392ac095eca53ebfb82ac78a,0,0,0.02379403
xgboost,1470459fe3f895be783f3e672aed6f3547c7ec7426,0,0,0.0053094267
xgboost,1470b6daaa6320777079067cb54aa0d7e10b929101,0,0,0.055719044
xgboost,147b81ece53896f1662d35d954737096aad669172d,0,0,0.00063679816
xgboost,1486a0223a2520d5baa09cef795fb448b2d2ffec00,0,0,0.023674697
xgboost,148a0b30b366805ec84a46224a541d0dc15accb039,0,0,0.24505952
xgboost,148f4a40519e14c641f2cb9bf9a7895e7e0ae3840b,0,0,0.034807306
xgboost,149584c6dce2a16fa45876092d13409e5be707a0fd,0,0,0.013584213
xgboost,149976f6892f6393a6cbec07625b4c484483d1211f,0,0,0.00046689593
xgboost,149cf6d286ab10c698bc87bbefd29aaa68ee370fc6,0,0,0.0006716701
xgboost,14aefcdd11bba67cfd7f5816e9a0beb1e176041d79,0,0,0.0002330163
xgboost,14b2be92bec961723e7572f9aefa4e1a0b3906e26d,0,0,0.0019530896
xgboost,14b56295fb0460aea9ee8b6692cf12ce957fcb9406,0,0,0.00903454
xgboost,14b7a71c153ceac6d6f356f82e15c544449434732b,0,0,0.27358052
xgboost,14b9fb87af9191565fc18e1004550003645709200c,1,1,0.65877914
xgboost,14bb6d5d9de1c8fadeb8181b5c56f7f406b91a7913,0,0,0.0003925852
xgboost,14c21b7e2938cb0cee18f1474596f2834cf69db9b2,0,0,0.00042573095
xgboost,14c3d8e745332d1194623c07ea9bec39bd1b18b0a9,0,0,0.048636746
xgboost,14ca9364032af3537ba547c50e61ef265a86cef8a1,0,0,0.05965953
xgboost,14e101b80d88edb0c0abb524b6da15f68361bba1bd,1,1,0.64315486
xgboost,14e3798d6c506b8b1d64a53857964a86815d5a18e2,0,0,0.27309594
xgboost,14e4a40c888dbf414d15afc9a4aeccb95bec7e4099,0,0,0.24505952
xgboost,14eba970228d49c464a73c41983f1a545f9ea4bf7d,0,0,0.032415178
xgboost,14ece3203d3dd556ead08beadfd2d9dffb37a182d6,0,0,0.00022021777
xgboost,14eedb11379c55fb7d501715d7c9a442cc54b4d342,0,0,0.0010080602
xgboost,14f43852cacdb6a83b7686c44fb59ccf16b11c0a13,0,0,0.00044057542
xgboost,14fd14e4997f6ed2ab6a36e38cefd3e071c0aeb4dd,0,0,0.009634344
xgboost,14fee06e48b2d82aa599317bec9b03c013e3ed743d,0,0,0.00029415396
xgboost,1501708afb8d4406296f390e15eaabb9384b354d3e,0,0,0.00042573095
xgboost,1507207c833fd846713db8456821c2350a2046f46e,0,0,0.00034415527
xgboost,150e3b3dbd39edd3e5abca282aef4f9db9c37da7a9,1,0,0.23849966
xgboost,1514192b24e5e7df403357cb121e9263f1dc1b6133,1,1,0.6309033
xgboost,151b0ac2f2d93e4b4ee5cf17377185bb2b1ee2d9bc,0,0,0.00041254555
xgboost,152c2d13dd46b24d4f644abff3f8bbb8cc3da3995e,0,0,0.0006299072
xgboost,1530626c9e076570ce53932e73f10cbec5640d18bf,0,0,0.14127648
xgboost,1537f43f9d5a7475399b6f5f94dc21060cee6b5f24,0,0,0.0013066181
xgboost,153b9562d0a67ab782d25f2bae62871782b863540d,0,0,0.0008583634
xgboost,153c3146f434e2c0bf1f633e425c0da295ec62fb87,1,0,0.27309594
xgboost,153d9e5191fdf75151f1286682360fa6fee52e20fd,0,0,0.0006716701
xgboost,15423f36844718cc69659c97f2bddd655018747061,0,0,0.0011728639
xgboost,15491a248953be85991a843ac0a5dbeb261a7b91bb,0,0,0.008825426
xgboost,154de9303325ca16529776170f20b05beea6662de1,0,0,0.0050011594
xgboost,15544c6275b619d3e53405f3bfa860cc115d99d794,0,0,0.00034415527
xgboost,156ecac74e1870a4d3be24f46255067c6d4b005a88,0,0,0.00041254555
xgboost,15723e97886172c79d73429db06d0d5869240a9d6c,0,0,0.021703979
xgboost,1572c722f1e93a9a28d893135f2b37486f4755088b,0,0,0.055719044
xgboost,1578fa3ae6255f1aec86c4d025cf6bec80a8aedfd1,0,0,0.00022021777
xgboost,157a0f4e25a6e51920916397d1dcf82f6451ba001b,0,0,0.03023339
xgboost,157bb53ae42a70192e8eec32b98f69ddade54a7901,0,0,0.010306311
xgboost,1582c5c0c41cb2db10b1836ed75769e04159203b3d,0,0,0.00086060417
xgboost,1587957142080064476eaa3207d8c6268683512e7b,0,0,0.00022021777
xgboost,1599f12761964b01bc7233738381dde79873d6d2e6,1,0,0.20158969
xgboost,159a95ad2538608a7124b59d1a382f75ce4253ac5e,0,0,0.0009429115
xgboost,159aabc2439588bf0e1bfd5187aaf5f32d9a888318,0,0,0.029167907
xgboost,159f4156922334a6180e7bbbc5bdb8efbed60383af,0,0,0.0009429115
xgboost,15a986178fa309f12318dbd51a5771db9d92198c16,0,0,0.23849966
xgboost,15ba2ee51f7f1b6ce67be9c990c08c499a721364b6,0,0,0.036837205
xgboost,15bad7d01a4e38f594b166ccf92097b78682c84807,0,0,0.035440907
xgboost,15cb8e8b5ed09107ee21553b73e9d7bf92ff551525,0,0,0.26536474
xgboost,15ccc418b2f17753b9cd2b715658f8d8ffa842b229,0,0,0.00041254555
xgboost,15da8885017c242cb18a9df7fda4b2a189cf9f66d4,0,0,0.2611296
xgboost,15f13368ff232d7a95be873e68a42b9422e45a0ea9,0,0,0.00022083636
xgboost,15f8e0126215d55b82a5a5ca4c327fbb36e1c8a81e,0,0,0.00029415396
xgboost,15f9d41dca0e36f3a29aa95e56d8e2fe0cf6e621f4,0,0,0.26536474
xgboost,161a2b1452abad7e9b3208caaffcfcc548a05c4054,0,0,0.0011728639
xgboost,161a33a5bebc38d16b50d29857d18b735048e52bd0,0,0,0.035688996
xgboost,161bdf041674bbf9d47ea523ec3c15c5fcdfc51d95,0,0,0.23849966
xgboost,162ac51878fd0bdacce1fd8f37c02e8f553a1a435c,0,0,0.021266634
xgboost,162c6bd0345da082f8fb54bd42694f94b2eb57d29c,0,0,0.0003925852
xgboost,16429c6c54fce27abc1777728df8fcfbb8a07dc658,0,0,0.031720858
xgboost,1648957c56ac2f59453467282cf704216762bef9a9,0,0,0.0012346779
xgboost,1649f18da8909cfe3f0ea10f9aad5759bade1fdb5f,0,0,0.00022021777
xgboost,164b1fe9b8320dcc42623f3307cc14f290c056a1f0,0,0,0.22801352
xgboost,164b8745b68b227d519d9287e270b3447f0da4d669,0,0,0.00022083636
xgboost,16503612cbffea838e921b20542f4cdaf31f7b03c0,0,0,0.035440907
xgboost,1657462647e3c764f84623f12a72ff712cbf1b250f,0,0,0.13803695
xgboost,1661632e13544bf01c741581c5b8cee6c77d9b28a7,0,0,0.019479604
xgboost,1666c342bb43b1b6967b26017b197add4ec7efcbd9,0,0,0.0002330163
xgboost,166f6a51bcf8bb21f90d0831325840a23c9df576ce,0,0,0.27358052
xgboost,1678d8d907c32860b8b0f40cf3cc0d12839b7a4f08,0,0,0.00063679816
xgboost,16829b4fab5d2254a1119cbfcb1dac9e06c49c997d,0,0,0.023720916
xgboost,168b256dd440426db6448b6f76de82e121e43532e7,0,0,0.047430243
xgboost,168bed14bbc86c620fdab586a3176f9d642673832b,0,0,0.00029415396
xgboost,168d983d7b9bb80b4532fdfd069f8b17956bbff9c8,0,0,0.0013208393
xgboost,169572042678c21fe33dcad756e32f95414e536ee4,0,0,0.00037296838
xgboost,169b373332bf74210d7c54789ef4008cad1cc2571e,0,0,0.0720398
xgboost,169df40bb5b40b630571d61c285b60029422a69834,0,0,0.0010763843
xgboost,16a433c7234d5793e0acd7d041d9c08a0bf3022bc8,0,0,0.130111
xgboost,16aca549f0d8b48551a690d1033c216e6714ef9de5,1,0,0.23849966
xgboost,16bb1e1a2036978ab5aae3f425d9904dc5a3e3671b,1,0,0.23849966
xgboost,16bd9eb49c99e0875658b2903fea6a95b73b0ca156,0,0,0.00029415396
xgboost,16bf9307f765f3ac68597dbe201063d57c048c7063,0,0,0.00057926105
xgboost,16c678c8f9a08b2142bed2afdcdaaa7b2b488869c7,0,0,0.015873032
xgboost,16d34340a512bdd5d9eeede297b1b94f2d2b361b8c,0,0,0.03669534
xgboost,16d506dfff3ee8b01a2eaa5eb4cb4db78c7620bf75,0,0,0.00030038686
xgboost,16d7d76da1677141365709dc7acd3f5ecbd9cd3a25,0,0,0.00044057542
xgboost,16e6b94ae9e82a5e92abe3f58eda04a5b33c5533b0,0,0,0.034807306
xgboost,16e7b7d3ca520553d68b206a68a126303e168684ec,0,0,0.0050011594
xgboost,16eb65fa85c903835c7332f71d2e799206eec6ba00,0,0,0.023720916
xgboost,16f6444b74412073abdf376f202afc130d4528521d,0,0,0.0003925852
xgboost,17060bd1fe5cd889b3b94180c4eb94def5fd5a001a,0,0,0.008981103
xgboost,17087aacba78025200e05a9eac2cbd7ae15ae9f70e,0,0,0.0006071794
xgboost,1711fa1aad5db273070d16480522ce7586f556116f,0,0,0.0011728639
xgboost,1717efea2b13e95a48a3bc003fe26140864f3a7528,0,0,0.0010099511
xgboost,171af9ac3c7387ba5ebd212b610435a90d20ab153a,0,0,0.0081455745
xgboost,171c712d54747ac062d27aebc93478aa49b3317ff6,0,0,0.0006299072
xgboost,1724d91b914ba53a0b0cf5a03f92e823a68d15d6f2,0,0,0.00022021777
xgboost,17284fcf57f04008f08d0deb7e4ec7ef135130be26,0,0,0.00022021777
xgboost,17295cb59d53751de170596cf3ee17b9e530d90dd9,0,0,0.00030038686
xgboost,172a22f416b034133261c3f1496dbdd2d4dc8b3cea,0,0,0.007815878
xgboost,172d38dacddcbf283f8b5bf7fd4a8009ad89de9cbe,1,1,0.65877914
xgboost,1738502ceb7b39f82ce04ceb8bf3928f209d029681,1,1,0.65877914
xgboost,173ba5583fdf5d8a467df54797de394ba51b396722,0,0,0.02976992
xgboost,173d31310a211ef8b5cc604c50f41842d8e01db40e,0,0,0.0067931744
xgboost,173f3dfa43fe734165157de2284d42adcbd9df4753,0,0,0.044447508
xgboost,174bb3bded64c5f1bd5491b8be587799e399cf0f8c,0,0,0.0006486801
xgboost,174cd3d5c02cc3469136f8bd166843658e9ede795e,0,0,0.00022083636
xgboost,175ddc38ec41dd912f707eac1590f8f97e96452f22,0,0,0.0003744533
xgboost,17624e65512d3813c5507df7badc6aeb65b19ae11c,0,0,0.1344866
xgboost,17759280f888ecd5611a5d744d24ab259e43ab1b12,1,1,0.5566283
xgboost,177fb3b1b34cf64b4f02e065077d75e13c86bb2cca,0,0,0.00022021777
xgboost,178261dbe64524ce0a1c8f8c8e72b345ce7fc68b3a,0,0,0.034807306
xgboost,17927addf616d9afbf0e9717a2d4654349f4597381,0,0,0.00029415396
xgboost,179459f7655cfcded7fc0b99829963c89356098c05,0,0,0.0010745612
xgboost,179a2683e0f4a096f0f247694aac7e18151cae6554,0,0,0.0003925852
xgboost,179e3579694a91be778152e606c32264cc403cb030,0,0,0.0006716701
xgboost,179f2e66d31dc19ff2b31d7d1e188a116f241fa77d,0,0,0.00044057542
xgboost,179f5e5f364cca5c47b0f5c860bfe88b320d8e980e,0,0,0.0003925852
xgboost,17a72e4550a0bbc44aba7db8424a99b3142ab6e032,1,1,0.6309033
xgboost,17aa4b68062be6cc26788dd429036522487ccc120b,0,0,0.011115743
xgboost,17ab45ac4eeafe3bf9f2cff4df6789d9ca64d3e227,0,0,0.111511186
xgboost,17b40d91f592a0db8098e6b79e4ec229b5e27a03b5,0,0,0.0006716701
xgboost,17b4e72749ab0275581f8454680cbe159fde2744ed,0,0,0.025427664
xgboost,17be8c39b4ccd40d749a1ec30c81fb97ed7cf0dd21,0,0,0.002365846
xgboost,17c29655dfa0ef7dcc9a5f1f5729dcbe82bbd17a7a,0,0,0.00035953108
xgboost,17c55d91110b8bff71e438974007ac62071691d1f2,0,0,0.00030038686
xgboost,17d6ef103655a61a304a771fe358a24561453863a4,0,0,0.03023339
xgboost,17de745d5178ee9df2de0fd5110683b5cd0621e354,0,0,0.13653083
xgboost,17e05afaeaaf97ba216615f3861c13081aa0866db7,0,0,0.008981103
xgboost,17ef69792b188e2ad7d61c54205be1a0822c2850dd,0,0,0.2046597
xgboost,17f29586a72527a88ae2ed2c1232c65a26afe05a87,0,0,0.005197153
xgboost,17f6787b5bf47508bb9495da9a5d82df4f0bdbc11c,0,0,0.020044776
xgboost,180e3f50228e760874aac784cf617b924276445839,0,0,0.035440907
xgboost,181ca8ee1f8d19a01733ab7d141b0293d4290fa4ad,0,0,0.00029415396
xgboost,182d4691ea7c2f7d8839b61ad7189c80b7481ea209,0,0,0.14127648
xgboost,182e2ac4256992e2ef83f48064173dc7b6bc4dd1f3,0,0,0.0002330163
xgboost,18340b824715763015435dcb67f1c017ff51759587,0,0,0.00029415396
xgboost,183542564989c341d3ca3ff8e4755de7ecf61cc9be,0,0,0.0006486801
xgboost,18364860a4addb33ed82d9e93e7a391601d7229a56,0,0,0.00030038686
xgboost,1838132bfcc51da9ce1260098dc9246491004a9884,0,0,0.03925821
xgboost,1839159f14704ae841d5a1ecb5c77b914dbbaca97b,0,0,0.023720916
xgboost,183ec098485ac9eb8e3b4aaa4c9c79883b4bc41303,0,0,0.00046689593
xgboost,183ec993b8bb224124a7835d2137502b69f06ddabe,0,0,0.00034415527
xgboost,184da91d9c5b32bbc7c5277743b3717110cf4f23ad,1,1,0.64315486
xgboost,1850bd9f08321f5f871dba2ed0bef207fd3097b75e,0,0,0.036837205
xgboost,1850da26e999cd5ac7f50bd25e3bdeac91ad3fa93b,0,0,0.00022021777
xgboost,18591cf55a385a0e93c3e349216fabeab28616fd2e,0,0,0.00042573095
xgboost,1859ea694775765b9301825d2df99b131946df0ce9,0,0,0.0011728639
xgboost,1865b008891ab0410a540a71d4b8008261b1ae8235,0,0,0.0003043416
xgboost,1865b04c563a77eaa81b2f80bd85677d3b95303cf0,0,0,0.035800178
xgboost,186cc3514c39fb2923a812bec0b8466325a274cf3d,0,0,0.0019530896
xgboost,186cc80f306b4b3666d54182bf23c4de24df6f4941,1,1,0.6306547
xgboost,18788ec9289d4841b713bdbdee32c9d3d42ccecf76,0,0,0.0003744533
xgboost,1879231f107bda63aa4f7ae608aaa076b2fe7f42dd,0,0,0.00074442895
xgboost,189e6095b950e68fde067a899ae28432f975b4f7b7,0,0,0.0009133837
xgboost,18a28d806c153be239979e45932b4c128c376106d4,0,0,0.0079541085
xgboost,18a85c6353e0f14a67e79c858ac310d2a556fcd76e,0,0,0.048636746
xgboost,18b2a2e09ecf06c3ee2f997b8206672bafaa1819fe,0,0,0.02823384
xgboost,18b43559c93c99d04d47e2e891fd99505bb7be30ec,0,0,0.020649059
xgboost,18c5fd641daefcb34d26d10264d3b57e9351d117e1,0,0,0.00037807395
xgboost,18c7f77a650de917d3f58a9c7656836639ed512722,0,0,0.00034415527
xgboost,18cd58896c4dff53c141fdbaabf646274d1f3e8b78,0,0,0.001108906
xgboost,18d1f4ab01e6f71d640a4234a0f2931fc0f66b1049,0,0,0.0003925852
xgboost,18d45d4523ed9e4c8bffde2fe9bf804c634236bc19,0,0,0.00035953108
xgboost,18d4a88ee6485d2a26ec08f945e95802402271101c,0,0,0.0013289296
xgboost,18de6653bd5d18e37ca6ee5bd5c5c882c13fd6702e,0,0,0.048198212
xgboost,18e453eff409ec80f289e432b2e3ac96204768dac6,0,0,0.00037296838
xgboost,18e753e7806241ecd162c6df2dfb3203150834c386,0,0,0.0006071794
xgboost,18f259ae89cdadef717263fd1c8db8d421dc2176b2,0,0,0.00044057542
xgboost,18fc59cc46664a10d19663e45810a0f43657c48c04,0,0,0.27309594
xgboost,1904605c1bd3a4aa6cec27100a4205aaeda3a40b17,0,0,0.008142038
xgboost,190891f2a0190c33c4a8bed9b25921c98a4c5bc77f,0,0,0.0079541085
xgboost,190c0dc258726726f9df617ca744878688b2fa2f37,0,0,0.007603714
xgboost,191370445eae17ba9feb7c39d869e5fd9e49e82700,0,0,0.0009133837
xgboost,192eb05cf6eb7f1837da24a36a76f4360bdb20be8f,0,0,0.18237136
xgboost,193ab3b617b772ddc6b416813d80da6c6b751b814f,0,0,0.0002330163
xgboost,1941b92a20b17bd4d882851ea1a5c88d833e612e07,0,0,0.00035953108
xgboost,194a442d6edcedd166cd0459eda04b4984c5da1724,0,0,0.00029415396
xgboost,194b68f2fd9596878e4299b54eec547730bfc1bd97,0,0,0.00037296838
xgboost,196880dcbb688d475946a880af1e2d03b023ae1cd3,0,0,0.023674697
xgboost,19696e9d1c703050af2bd64db32ceba1cb53004be5,0,0,0.00046689593
xgboost,1969ce420e93753d75cfb3de540999e217db40d828,0,0,0.0003043416
xgboost,197198322644a6241f7e6b797370c4a468e6d7d3d3,0,0,0.00042573095
xgboost,19831c9f1c835458efedf39fec97581538667c3c44,0,0,0.022560947
xgboost,19a9de908ce584973208d765a2beaf3bfe11e8ef68,0,0,0.0014350319
xgboost,19b7e1d31cc7879dfd5d17aa2ca1c05be92c894e44,0,0,0.028160574
xgboost,19baa093f72aae9c74060c7e0320611f6ea42dd2f3,0,0,0.00022021777
xgboost,19bc3236f644a0ff7cd3c0ac6c66d02237b5cc0f88,0,0,0.00030038686
xgboost,19bc6b2440296a5f39d87836105b8c1c778076b60a,1,0,0.12780893
xgboost,19c20f94aecdc5b4c61898764746c7acd7b4ea0d4e,0,0,0.0011099989
xgboost,19c3effdfbfebd1fc9b90f97147c3f2998390f733c,0,0,0.00022083636
xgboost,19ca7e2def26208cdd1eddb150f9ac2443f10990ef,0,0,0.0014972406
xgboost,19ccb2dc2be3d2d45237a46e73d4fd406a79b5f2a7,0,0,0.0008583634
xgboost,19cdf9b579277c381205544aaf858197f3456b26aa,0,0,0.00046689593
xgboost,19d3d8dada831c82074fccb3770eba4aba07dac4c3,0,0,0.00034415527
xgboost,19d63a4bce908a5c710a23c31314e18490853b700d,0,0,0.0006716701
xgboost,19ddf8b9ee869c454a41ebdf90158f01a63f97fd13,0,0,0.00080371596
xgboost,19fdd3acb4b19262521d0129516d4f7b0c7eb46226,0,0,0.0010247461
xgboost,1a10959d2e7edcfeaa97380fafca34409dc24f77da,0,0,0.00037807395
xgboost,1a3198a7bfe121a53d4b07d07ecbc1b7dcca9c8289,0,0,0.0022030366
xgboost,1a3e5c4ebfaf0dbbd912b32a51d6e0ebf46c9dac9b,0,0,0.0003668598
xgboost,1a443e4d7804a7a2620d1a386494c6c61a549cbc55,0,0,0.00094434194
xgboost,1a50c18f8d7d06babb9d15d9277a59eafb4ae86b00,0,0,0.002365846
xgboost,1a5ad1be1187cf689a73e4fad62cbbed6e23aa98e4,0,0,0.0003925852
xgboost,1a5c357f6151d4b22a7b4bde1b1c8365bea7e54b05,0,0,0.0026684236
xgboost,1a62b645423064396ecd476ea23c5ab5464c735117,0,0,0.00029415396
xgboost,1a662c6d89d6aa1ddd44c94bbce18f7a2c84d344b1,0,0,0.00042327403
xgboost,1a73e1bfd757e42bf068eb1ea7ca82cb24b9de04cb,0,0,0.031025434
xgboost,1a7f9a38c20d04ea3c6e3cfb06ffbde2ce2011bf84,0,0,0.00947048
xgboost,1a8ee52d1977edb45f01b235c36cb45e88560dec04,0,0,0.025427664
xgboost,1a8f97c952ad58c6096340f79e95a502e6c28847d4,0,0,0.00035953108
xgboost,1a95fbbe1abfc5f59316a89edbc932e49b63d6f027,0,0,0.051092885
xgboost,1aa36dbe69ad0f3eb22b3cce3345859fcf39efa106,0,0,0.0006299072
xgboost,1aa6c72e2c97ab866da4f03d7d56c6aa7b65e3b544,0,0,0.0003925852
xgboost,1aadeed46cc24f43a3a14576056208304575863da9,0,0,0.030548414
xgboost,1ab1a6ce28f6dc37e7ed6bc63be26eda2e76d013e7,0,0,0.0003744533
xgboost,1ab9531749792f126aeb0cde29e0d4628293ff2326,0,0,0.00034415527
xgboost,1ab95d6cb5ae219c9f7cc46aa12a6fbe4e2934f8bb,0,0,0.0513465
xgboost,1abc12047a7c8fb8374c9334f5b6215b304feb0a0b,0,0,0.00042573095
xgboost,1abec7958b545724c5ab5ebe77ba092220f4719812,0,0,0.0003925852
xgboost,1abf50dfdea37d32b863b498192acfffaa8d50e9af,0,0,0.032567263
xgboost,1abfecd622622af657f20f94d56d9b4a7d3eadab9f,0,0,0.0012346779
xgboost,1ac2ffa6be4000f6274ea977ae553addb18d2b5b79,0,0,0.007452481
xgboost,1ac3b27997dec526b71b025687ab452f1b971e99a5,0,0,0.00034415527
xgboost,1acae5bb5597bfa41b65bb8b2e748dbbda7a9fa9cd,0,1,0.64315486
xgboost,1acb979d5e100d52ae8428cf59f07da2689950703c,0,0,0.0010745612
xgboost,1ad15db0b181f57183b487711b9f72b8b6f32f51d1,0,0,0.00042327403
xgboost,1ad61425623ecd5b684f83ba060e60563e9d499015,0,0,0.008825426
xgboost,1adb9f3f964c59c79ccb14acc3c565de8e51beaa9a,0,0,0.00042327403
xgboost,1aeacfe6fff7a643bd01c0dcba9094cb8e873f6fea,0,0,0.00063679816
xgboost,1aee3d6ad5dc9524accb84e4b39285641de224ce05,0,0,0.0003668598
xgboost,1af06638ad3c5de21e4788614ab10e51c57307bcca,0,0,0.0039741513
xgboost,1afef9fad2e9a6c39c6f6df1037abc64068a7e8902,0,0,0.0009133837
xgboost,1b1c2b563eeeb7a21184f52081b40703a158b98b1c,0,0,0.0010099511
xgboost,1b1e49c9d837db6b933572c1c713715ff083e7e950,0,0,0.0053094267
xgboost,1b215ba6d4239dfa0c38bfd7bfde9fd4d57a9c2ea3,0,0,0.00041254555
xgboost,1b2a721001ed8d9e642572c64a6bbd6693f13becce,0,0,0.24505952
xgboost,1b2c26e510647847c51dba0aa595952d9c42723f08,0,0,0.0003183587
xgboost,1b3972f155cfa2073bd97cfbced79a7baeb57289d8,0,0,0.0082098525
xgboost,1b3c1ede228da32fc5e28f82408e334e5465139eb9,0,0,0.0012346779
xgboost,1b3eb1c2a7e6feef9a12fb04ac0f6650511d382a71,0,0,0.001108906
xgboost,1b41dec99bb1e3c118409d6f105c18b47cc0cba0f3,0,0,0.0011099989
xgboost,1b479c34d586b85740301b3fbc36c5a9caed6d89e1,0,0,0.0022030366
xgboost,1b49153caa0fbf26f6a7a0cf1c39092fc8e6fff1de,0,0,0.00078046566
xgboost,1b4c6e182ebca36fe61dec6f12863a624ca4daf40c,0,0,0.26536474
xgboost,1b4ee5ee90e75283db3776a484049bee458ce99b17,0,0,0.0002330163
xgboost,1b5a177af869b82097a6f9692359f3eef656101b32,0,0,0.00037807395
xgboost,1b5c6a1f1f07deec5186baadbe92e90dc82ba48b66,0,0,0.00034415527
xgboost,1b65f4da4e81f17bc7fe12c59f76d60fe91b3eebc2,0,0,0.0068733734
xgboost,1b6af2310644a99d47f9866e046d675a7fc9a8d667,1,0,0.2611296
xgboost,1b6ec1dba107640fba93a42ebbf93310fb0eb60153,0,0,0.036776703
xgboost,1b6fcc13a9f2850242e3ca720d376028e06e7ed9a9,0,0,0.0003183587
xgboost,1b719311de2c1b9465a70dcf0b950523bc62cdeb64,0,0,0.00022021777
xgboost,1b745de399d4062c1a9411059ea6d0c7abf63a658e,0,0,0.0014972406
xgboost,1b7d80f18c059ddbaf5760e223f81d56d67f116f23,0,0,0.00086060417
xgboost,1b86145b0879bce3d2ff1a5db349406d894b904ad3,0,0,0.00046689593
xgboost,1b91e16ecf8eb4edb0d6e6999857789569a0753602,0,0,0.055328384
xgboost,1b95d25b1fd8bc722707a50e2a93e8de22dd619c83,0,0,0.023674697
xgboost,1ba517cca6d12c3db0f4cd95003c538dfd81432828,0,0,0.025427664
xgboost,1ba958be3bef18e77d58e9c2658fc8c611a75accd9,0,0,0.001583293
xgboost,1bab011eb36192e6850da12d03b67be66b2eb7419f,0,0,0.023720916
xgboost,1bbb0fb6d0d07c36c0550d554e3def2f8899943cba,0,0,0.00080371596
xgboost,1bbb3d096c3162d2a05d20395d239635ef5cc1c6cc,0,0,0.0014972406
xgboost,1bbcc4db208eb019b48bf3357d4796b6a5c699e73a,0,0,0.034807306
xgboost,1bc6c5cdd9803c297ae3c11bb1fadc2a75d45ee10f,0,0,0.0009429115
xgboost,1bcf23db2511953176c4cfb23768c66d16c9667828,0,0,0.02976992
xgboost,1bd13f6a6e54d5aeb4e314350bccd1e73b14841325,0,0,0.0010745612
xgboost,1bd68742bfad58b9f96441e46590d1f049841d7ec9,0,0,0.00042573095
xgboost,1bd70d04a3a75c6651924962c0d7f7938c01230c45,0,0,0.00037296838
xgboost,1bd88c5a414ae197a65d9b67d1c520f281f40ca936,0,0,0.02379403
xgboost,1bdac1c34ea2266ad686134d391167026b11c51735,0,0,0.00034415527
xgboost,1bdb1a09cae15f27d10270073d1abfdd07410a4c5b,0,0,0.00078046566
xgboost,1bdcf730c8eac7733ee60ec429e02f9815e1ac3545,0,0,0.03669534
xgboost,1be636c4e32aafd9770f1554b3f1f0a6c7de339a49,0,0,0.03925821
xgboost,1bec292da55bd1fe9152a4a02b6f71945c8b5efb63,1,1,0.6309033
xgboost,1befa45b4f139eae09ad6d845e5f9a15feb4e034a2,0,0,0.00069871
xgboost,1bf4783c3237fe54e633a80ec1540365d12a3993ac,0,0,0.0071041905
xgboost,1bf6bc1f5c478c295358f73de84f660bb3a18847f3,0,0,0.0007948035
xgboost,1bfd5183e63cbbf1b58154a47da70959bb43cf768b,0,0,0.0010527555
xgboost,1bfffa6898ebe987feecf7a596d661284062836811,0,0,0.034807306
xgboost,1c071a050be501e6137f3ae99c86f9fada0caeba26,0,0,0.013926448
xgboost,1c0d577e01739c793e74e5003a7c38ee6cccebc841,0,0,0.031025434
xgboost,1c0e05ef0717d319d1ca1cc5dd6042372f8d5c8f99,0,0,0.00042327403
xgboost,1c105e4c0f9babeac563373c7055670d9f3f2b0328,0,0,0.005189585
xgboost,1c1ae6a5b11db42be720134f1ce1488b1d6c6ffae5,0,0,0.00042573095
xgboost,1c28d5e0345a71c81b4a5e14f6f30a1763050f3ac2,0,0,0.00030038686
xgboost,1c3d314682aa7b393cc68e0b7a08c685b8a7b9000a,0,0,0.002365846
xgboost,1c46882aa5f36b66ad3edcc2cc9c13440a2af3dda2,0,0,0.0002330163
xgboost,1c494c458b1a6e7ff9f56fe0e9039324533e1b0762,0,0,0.0002330163
xgboost,1c5d4ec3f9e47a65925478228c4aecc79325c40144,0,0,0.0010080602
xgboost,1c5e5114cbcc4b7ecdc772bddf5071999c9d1e5ecb,1,1,0.64315486
xgboost,1c63276580b0c5b13aa5dee7a048e2c08f0136176a,0,0,0.00086060417
xgboost,1c64a1007f7c2e30d131431f32c095dd91e4704916,0,0,0.0003668598
xgboost,1c6b7aad2e44e7fbf6b6a6d320d2f9bb1321b287c9,0,0,0.014183076
xgboost,1c6c9e8c9e895f648fd6fff9c3cc5aa9308e83db58,0,0,0.0006227354
xgboost,1c85898908849e1c994b1951dcfeacf4df4f1ec32b,0,0,0.013584213
xgboost,1c92e1582e421723476a836f207e72847fdda10b56,0,0,0.02379403
xgboost,1c94d0f80be8170c6218d3f4b61a6e0ea7acd3e41e,0,0,0.25232524
xgboost,1c9d4f3e8b5a718fa3ba4eccc9530c0fed05e5c692,0,0,0.00034415527
xgboost,1ca9ed2b1fd591f9770a275918c62999e4f6e4e3ae,0,0,0.023583846
xgboost,1cab6163b41a176fd9245b10df601d4481115fe6c2,0,0,0.00037296838
xgboost,1cac7419126c108ab18597b1b57478a070f34d7e08,0,0,0.029940562
xgboost,1cad63899c803faf08ad067b501616d1efd102a40a,0,0,0.00022021777
xgboost,1cb42a12230070340581a32224233dc4a38fb81994,0,0,0.00062770204
xgboost,1cb737be3cfaf808321c28e0189c0623074ef908db,0,0,0.14127648
xgboost,1cb8fa76b0526ee332d7bba97fc709b012efb9448d,0,0,0.023674697
xgboost,1cc3f59e9429977532f24f041c838f14d94c141cdc,0,0,0.0007948035
xgboost,1cc4f17b5dd6cdb5990750f4b26c42d64a64ba1a00,1,0,0.024125759
xgboost,1cc6256c3df8049617c7a6647f566967dbfd9fd2fd,0,0,0.03861649
xgboost,1cc7772a805d06510d06fa472ee09e8262234deb36,0,0,0.0014972406
xgboost,1ccef8f68519dbc3d38da2d3b4786ed0865de40785,0,0,0.0002330163
xgboost,1cd03d5768ab27686d3da5da662c914c1fc856d0f7,0,0,0.00086060417
xgboost,1cd4419aa148609896d5d032040437641c95d6f10c,0,0,0.00094434194
xgboost,1cd723245fb04f4c6528cd083ba518d21daf7a505b,0,0,0.00037296838
xgboost,1cd9c90c178025ef801bc04585e0426de8144335ff,0,0,0.032384146
xgboost,1ce28b40b799fc9d5a1c972c7e7c6e9b7525787e9f,0,0,0.00034415527
xgboost,1ce43fba7b90066b4698c82c0c59db30c8aed5d49c,1,1,0.64315486
xgboost,1cefa9ebb11588e475faf43b57faa1055bcc986ce1,0,0,0.00037807395
xgboost,1cf424efdfd82a399cc57a5850f316050ee5d46374,0,0,0.0012346779
xgboost,1cf77dc6dd981a46d195b37641c56c3eef63d4f582,0,0,0.0006716701
xgboost,1cf8fd4d6c184ee850fa5b74599f4ee7f855e1e213,0,0,0.0012069565
xgboost,1cfd4b1954009968295f3a0e86a54a2db5442de6ce,0,0,0.00042573095
xgboost,1cfdcb937bfcd8a8b05a1a9e62bf76e8241bd1e578,0,0,0.00037807395
xgboost,1d006e6830f1b1ab919bcd73e3e5c5fababd2aa3af,0,0,0.0006716701
xgboost,1d0119e4fc01c6e400433e8d2fe82091a9482d82cb,0,0,0.00063679816
xgboost,1d0633527d6d7bdeb1179b7bef2965e44b841e787b,0,0,0.029167907
xgboost,1d1651a961f4cd46606a1582e751c912980ab74e7f,0,0,0.009634344
xgboost,1d1938453eee12816e14ef730a3c5a394ea2d4dc81,0,0,0.0026684236
xgboost,1d194853514b1b8862c39238c6b8e00a619657cada,0,0,0.1311861
xgboost,1d1a0b30c28df9a2643ff1a6d511b194e6788b0913,0,0,0.24505952
xgboost,1d1ba7f945ae6805cbf0eae06d379c69f69f4f33ec,0,0,0.00030038686
xgboost,1d3010bbc2e18760679db370c6d78f6f70352fe03d,0,0,0.006094069
xgboost,1d355b78413e56cd4d7a13d5b3b296737ed18fc3bf,0,0,0.0003925852
xgboost,1d3b57a2b2ad220e9453d9c3a3fb07e59235d8052c,0,0,0.006064744
xgboost,1d46e42d6b789e3d8c7e73b10350482a756575bbe7,0,0,0.0003183587
xgboost,1d4b8ffcf22112faaf05391c2492f60fbcee1e410f,0,0,0.0002330163
xgboost,1d4f6c57288a8459e53c2bcc3f81582bfee928cd29,0,0,0.0006486801
xgboost,1d4f96394403ac664c4646a94312ca17e3933b1d11,0,0,0.020044776
xgboost,1d506079eee7fb108b5add569ac8b9f5c8b33f8ed6,1,0,0.18918733
xgboost,1d5bfdb6d342d8f9284ca04d603913f14b962632f9,0,0,0.00057926105
xgboost,1d6a261276b5eb20a1e13ddb1ece2bc8d3a30bb4c0,1,0,0.2611296
xgboost,1d6d20cbdb783feab5f34bc7fc0cc94403bb6c1132,0,0,0.0008583634
xgboost,1d712c1e1d24e1f8c2fa01e51deb03509c37c7d9f8,0,0,0.006672268
xgboost,1d800ebe8a01d13834a2a1ce087b8712599d488208,0,0,0.007081607
xgboost,1d83f6be0279c635f68e3a535e73e5e7e5b9253751,0,0,0.00034415527
xgboost,1d9f0752e24319da2c165adb908b0af8c441503658,0,0,0.0009133837
xgboost,1da942088fd02f68ff581a3b1d704da8f17e26ed07,0,0,0.00042573095
xgboost,1daacbdd7fc5ff8ce751cc28eac88a1eb8b3298f32,0,0,0.048636746
xgboost,1db547da6f5d466f07c95aa7f10a74a47a7dec0551,1,1,0.6309033
xgboost,1db5ef0653794db375107b475353c1f06c22a290a2,0,0,0.023674697
xgboost,1dbc3269282564c697ecc6e0730f962144aceb0eb0,0,0,0.00034415527
xgboost,1dc2a01b1816fbab9b4a65492c94d66b0507a53f23,0,0,0.02052949
xgboost,1dc56221c4a47846641f4d149ed7589bf4c654352f,0,0,0.0003744533
xgboost,1dc83eca6f9fd264b0bc74db978604775d1adb7e68,0,0,0.0003043416
xgboost,1dc92fe65c1add40dc2a05c9646d2db8db6bb00d1c,0,0,0.006158658
xgboost,1dccf82a0ec28cc4bc472765b0c61599fd12664b89,0,0,0.00029415396
xgboost,1dd2833786a852fd5ec6169bc3ef88664c8a67b82c,0,0,0.0006299072
xgboost,1dd6da343ec2fce7a7bfa4812bb416c96c2fb6918c,0,0,0.026810737
xgboost,1dd950638b0a7ef00064940867bd1735076963ff85,0,0,0.00029415396
xgboost,1ddaa630e97c995aa8cf535098460e74901c3ada8c,0,0,0.028160574
xgboost,1ddb918a05495d60c505cabd7c0ee48711c7729e12,0,0,0.029496808
xgboost,1ddde739dac0e51de5907969f5c64bfadf56586cd9,0,0,0.0003925852
xgboost,1dde6caf041ca064a25a5004aebdcf197f60f428a4,0,0,0.048198212
xgboost,1de22f7bc98629f810528ced96845db8c2a625c653,0,0,0.00094434194
xgboost,1de32b512fe597595d0e0551a7ea198024109c25a3,0,0,0.0014142314
xgboost,1de3ced110f0e2bbf3656efe01d3134cc07442a49a,0,0,0.00042573095
xgboost,1de6c14b15d595478f1712427d0d22359881372761,0,0,0.00041254555
xgboost,1decb332cd4b7c2dfa969ebc3f5e9e604a5a183f59,1,0,0.24505952
xgboost,1ded417fd410b887441315e17f9769a94b341443b9,0,0,0.00046689593
xgboost,1e05e430046804a833cdf9fcb6e21276e9ff4a47a8,0,0,0.00037807395
xgboost,1e08456470687cc095fb9c4b4f9b24c56fa7da282c,0,0,0.006064744
xgboost,1e0cf20fcc8c5c7dbab371f6d3041d2760067244f6,0,0,0.00096465787
xgboost,1e0e36d553c0388d67cfce7894b59617936b50500e,0,0,0.0003183587
xgboost,1e1052535aa00593776b3bd53128bb0ab2a92ea279,0,0,0.16246068
xgboost,1e1195372596d3d4cfb8016af367511350bab5cbe1,0,0,0.00903454
xgboost,1e2a9a3754ba635ae4af0415ee598e5ddb4a49fa8d,0,0,0.00034415527
xgboost,1e3478ba2fe87704cb0627715ac821a2843f6fd487,0,0,0.020044776
xgboost,1e3f7ea62604759014d93745518c9fe41bc31b533e,0,0,0.0013066181
xgboost,1e4136b58e3b6029d05a4b01a088b46bc837e93046,0,0,0.00074442895
xgboost,1e51921afbcd5da907b12536b1cc5320cf867cf230,0,0,0.111511186
xgboost,1e55e9232f7a472e37a682293bdb7567351988f2cf,0,0,0.065870196
xgboost,1e585cdec933e8768f8c5b7496b1ca72468fad695b,0,0,0.09457625
xgboost,1e591fcc37237cf38272e1074fa9ce3b51c19709e5,0,0,0.003925084
xgboost,1e5c3e28f26b6d819ffacc5c26f17c29f96487b997,0,0,0.00034415527
xgboost,1e62ad079fa3dbee4e71a5534d630d9a7db8b8ed81,0,0,0.00030038686
xgboost,1e670971bc5470040a56fc552febcb07285d657532,0,0,0.00030038686
xgboost,1e6875e31484f936b4fbd10472bdb31ec9930810e7,0,0,0.0002330163
xgboost,1e6cff9b1593318d27018c15efa432393b51a76474,0,1,0.6309033
xgboost,1e6d7782f0155e4554da5d883854eaa7245720862b,0,0,0.00044057542
xgboost,1e6eeb15a351a4afc9ac8f29876f30e1758d5e9193,0,0,0.10463009
xgboost,1e7137b2c9afd3c5a68c7ce33e981ce83614ea796f,0,0,0.035688996
xgboost,1e716e523ba4375ed3675056f35dd43cd329128f7b,1,1,0.6309033
xgboost,1e786ebf388414f0d1230f242f4e702b792bef19c1,0,0,0.0075805914
xgboost,1e81d6dee466a542d3c7e9fcbd7dc90bc74e6db9b0,0,0,0.13803695
xgboost,1e81e2e684bc50e8f07be7d8405fe5a4c9058dc89c,0,0,0.029167907
xgboost,1e84bd72240ab0989d26e8161cf1cb2016eb30e1ef,0,0,0.0043070638
xgboost,1e86982c070f1f0b3b3a81668ada6b38309ee59b53,0,0,0.00034415527
xgboost,1e871e54fab5c230c26697d269fca5d1e7418339ad,0,0,0.0006716701
xgboost,1e959a5907245b361c891f461655e169f829659011,0,0,0.023674697
xgboost,1ea84f5ef8cff87742f9062169e605eb2891133a06,0,0,0.00063679816
xgboost,1eaa763d3c9044be372bd88f9ba4093af3ff438237,0,0,0.0011099989
xgboost,1eae9436dc70d4d5177f76f175fe31a4be13c24129,0,0,0.14127648
xgboost,1eb6dca33dbe117e7732c615da0b0a969b0ed81035,0,0,0.019230211
xgboost,1eb704fd6058cf1110f7ae91eca611a73dfb8339f7,0,0,0.0006227354
xgboost,1eb7f0b307e7ecd49bf398d796ff3b697c62c099a9,0,0,0.0003925852
xgboost,1ebbfc7821e30f5768f2161ee15c11146ff1f66239,0,0,0.00029415396
xgboost,1ec160d3b6d5b113031647ed247f615325f6aa8333,0,0,0.0006716701
xgboost,1ec5c3efacc0db2e203c6ed43df6ab70658af17d32,0,0,0.015524557
xgboost,1ec636d3eef165fff02631b676a70a3f2cf8a946e7,0,0,0.0026684236
xgboost,1ec9668a1738aa977207eea0c5701ca6e64028469b,0,0,0.00037807395
xgboost,1ecd012d763e71965405551bf6954f8572855f7737,0,0,0.00034415527
xgboost,1edf0f0ac28a30fe76cba5a88b8829d4425fd35b97,0,0,0.013926448
xgboost,1ee11f9592fdac5ecb2ff9f29eb22dd8b760a92a92,1,1,0.64315486
xgboost,1ee1a397d8ca88261640ab9ac024672d174d69867a,0,0,0.00042327403
xgboost,1ee395406d528f78e91470992369791e0b59d4dfb3,0,0,0.0002330163
xgboost,1ee46c20ae70317719edcc8190d4ff72ed22d67b3c,0,0,0.0013066181
xgboost,1eee91b008fa6c753d34f0a46ca1d9ad2cb132bc00,0,0,0.015456006
xgboost,1ef074f67d2525d73870904bf35fc0d9d8d5d9bb11,0,0,0.023583846
xgboost,1ef9da775087821df4c53ed1c3b8bd6e84ec7985b4,0,0,0.00074442895
xgboost,1efaf17065c7d1abf521603765cd2da7ec2453c6f0,0,0,0.0003183587
xgboost,1f017bb0d38dc0737a12dcb2638ac6e75273676059,0,0,0.032612085
xgboost,1f04176191b681ee23e2dc0adacb5b49470cf98de2,0,0,0.026810737
xgboost,1f0ed6f0c1470cd75a06733f0e2a0792dfd64db401,0,0,0.0006299072
xgboost,1f0fd11958dfff6083b07463ff3f1ef588bbb8fd69,0,0,0.0002330163
xgboost,1f10fd286acc35574ac566b91277336b3a92b74ebe,0,0,0.0068733734
xgboost,1f14ff47cafb8c44aad8c5c54c12c5fc3dd9bc830f,0,0,0.00042327403
xgboost,1f1e83568efd56b91a59d7df742e0aa160580c9ca3,0,0,0.0009133837
xgboost,1f276d659ab0565ce5b9998c422bebf0d87fb9b7b5,0,0,0.00029415396
xgboost,1f2c973f01c3f1c3507e4500000f523dc982af2bf4,0,0,0.00041254555
xgboost,1f2f8ad17a93e8d05761b987e4e362df317079549c,0,0,0.007891431
xgboost,1f37db5c84568233220f2bd9cf09179863c9b3b69e,0,0,0.0006716701
xgboost,1f3e63c853810be57dadc9f4c94e857773fd52cc27,0,0,0.0002330163
xgboost,1f41b726b737967475234d4754c8a740c740aafb92,0,0,0.0007948035
xgboost,1f580bfd9feab2e2f976c9a4bf3b9d8bcdfee1f79c,0,0,0.018812409
xgboost,1f599b6d4decb930dfd2bfa005bc2cb073a2c65bef,0,1,0.6309033
xgboost,1f59daa346b3722a2a9b9db1fb24d1cd08abe2fde3,0,0,0.0003183587
xgboost,1f5a8c03128baadd7abfc8e49a9c15ddc73605ae73,0,0,0.0513465
xgboost,1f5df0336ab059f60fe39bb859a42b556a369e7568,0,0,0.0002330163
xgboost,1f6168d0e166835151cc128f64f4ff02ac08d8cb22,0,0,0.035440907
xgboost,1f619fb5bf45532b1383f1ed844d6c9479aca41bbd,0,0,0.0012346779
xgboost,1f7d453fe30c83c1e4832dbff83d13d8e268312a03,0,0,0.0010763843
xgboost,1f80ecbf69d529e52e2757ce5d6c8555e054bd8a11,0,0,0.00022021777
xgboost,1f91a91ff3acd60a49957766f484fdc1922b09a18d,1,1,0.6306547
xgboost,1fa0ce2f33cf4e4673aaa19ad0d3fed330c018583c,0,0,0.00044057542
xgboost,1fac7bf61a5e42639b9c7bf34cd79af569fb39cebf,0,0,0.00042327403
xgboost,1fb14ce1a91f63b8d70b325529e69d33fd36d74421,0,0,0.00042327403
xgboost,1fb6d5fb7bb41f2319a00970e3778f2f5f81810611,0,0,0.00029415396
xgboost,1fb720212dc495e8e4a3ce1b8bc9eb2d094b66f1ca,0,0,0.00037296838
xgboost,1fbb55a6b882cae7dff87e65ad535ddbc9668fe133,0,0,0.006158658
xgboost,1fcb658252c2f97558082b742f912676aad0b4ddb0,0,0,0.032567263
xgboost,1fd0f4371a5baa75c1722398c33a38c151a8d220d7,0,0,0.0013208393
xgboost,1fd82fa394bcf37090d4d624bafe0beb8d4369ab80,0,1,0.65877914
xgboost,1fdbddfb3ac7dfd982d06ee292324efb081a103fb1,0,0,0.004977948
xgboost,1fdbe20a68ee8570d8285c50f957569d8070180f4e,0,0,0.011176175
xgboost,1fe0816788e20fa57eaced9a2f7d8644de3d468575,0,0,0.00062770204
xgboost,1fe162cac5d32ee5ed29c544e9562f68bc291e3e37,0,0,0.00042573095
xgboost,1feda78fc6bb2f44c7386a442e528fe3d472bcb3cd,0,0,0.00030038686
xgboost,1ff77db6940f31dfa2dbfa2a8d82b3d88322c80827,0,0,0.0003183587
xgboost,1ff81ed539c3d32a725f23d0c6d4bb8773e2ca62ec,0,0,0.008981103
xgboost,1ffd546573448d5ac5ba1dbabd85c087663f24f29f,0,0,0.09457625
xgboost,200db2650257a73a86aaaac702edbd40a93d310e4c,0,0,0.0002330163
xgboost,2010ca0f4eda539c70ad9b2b011e7f75250b2ea71d,0,0,0.0011099989
xgboost,201a3c6743ce9ab243d5b368ebe0581c4d1b646f40,0,0,0.0009881387
xgboost,2021d5fae5465df86d844593ba3d2d5dc77c36154f,0,0,0.0013289296
xgboost,202831450fe977818f77c9e49cb6d0dacce9462950,0,0,0.13653083
xgboost,2030cbc7eabc70295f44b1c8116797c70ae4c29d59,0,0,0.035440907
xgboost,20314e4f018b6984697a39cb823a9aa54acf25bffe,0,0,0.023583846
xgboost,20336b5f4509d07a0467048c194768a76520b76e86,0,0,0.00022021777
xgboost,2034b6313a3f51f48a2a46661597fee0fb1db89893,1,1,0.64371026
xgboost,203ee26200c856db4ef40a0e407bca8042499e5559,0,0,0.029940562
xgboost,204674179b2e4b81e1246439ad4d0dcfb20d935984,0,0,0.0003183587
xgboost,205d8d3c6f60307b4946b55597a024aa395b22f188,0,0,0.030548414
xgboost,205e5380ae27f4ebaeb96adf29f38328225f336e46,0,0,0.086664654
xgboost,20624dbc9f104a4111675632986f567a8fda3f2f11,0,0,0.0003744533
xgboost,20627052370ea7a9b4af8b2abff7608af45248d566,0,0,0.022560947
xgboost,2064433282f76d5c9373505736d7139959d658cc90,0,0,0.032735623
xgboost,206b253a424a262bc03ddaf05fee83d2ad225400f1,0,0,0.00078046566
xgboost,206ee76a60c0192ad38b1d33e3bdde0dc9949b0c24,0,0,0.00022021777
xgboost,207f799ae137a603663a5dc0a773ef886951fdc54a,0,0,0.0011728639
xgboost,20814de3c95d3c76d84511ded8d2c7c598bc0cfa29,0,0,0.0002330163
xgboost,2087b9936e4cdf246f6e64d6c7e9208327a7d6add5,0,0,0.034807306
xgboost,2089157e061da72060810e1f9e2741316a1e444498,0,0,0.0002330163
xgboost,209a34db5b9dc8473729db0c7185a540dab9d8d7b2,0,0,0.00034415527
xgboost,209ce268116fb89e8b7dc47ea03d49147b5c99f66e,0,0,0.0003183587
xgboost,209d90042eec289645a56fffc0f3c890e0ced939d2,0,0,0.00063679816
xgboost,20a451c00b3ab2510d59813b81b1a97d6640733296,0,0,0.00037807395
xgboost,20a5c3881530c26bad0956ba246836ccc40209b9a3,0,0,0.00034415527
xgboost,20a6b49a14a4010ef3fa68b426b20fe0bcc9a2c03c,0,0,0.00042327403
xgboost,20ace4a2db231219e15677f52002ec71dbe6c8d946,0,0,0.009873061
xgboost,20bb5f9f06faf49ef04936aa4b89b4b66b0db6de25,0,0,0.0012069565
xgboost,20bc6f87a8db4b58e4ac35a61af95c0a8245a78662,0,0,0.20158969
xgboost,20c1547a68c7782319493552213131b6f9b87e0310,0,0,0.017308999
xgboost,20c4eaf9e982d925305d7d51b72ba9f973648f19e0,0,0,0.0003668598
xgboost,20c574d1bb53b19e9b2fb03b87bbcadd21c689774d,0,0,0.023720916
xgboost,20c6d3b09b06be219274ac02f988f50dee7493ce01,0,0,0.009807427
xgboost,20c84908f721f66d4339e7ac676d47d6a57ac47fb7,0,0,0.00029415396
xgboost,20cb5f8243c79e30198f4cedc4f7d40cc8e0d45c48,0,0,0.0003183587
xgboost,20cd09e6214f659aee3fe2535f1117d9eeb1825fd1,0,0,0.019465642
xgboost,20d3be48296012e665b31beaa9e82ab2fb4293e254,0,0,0.0003668598
xgboost,20e1ce1e2730b5ad54a54f3f592cbe6a3438f5ad10,0,0,0.00903454
xgboost,20e673f21072fb89477b4461ad3065e84055894214,0,0,0.0009133837
xgboost,20eda44b3f257684a385bb7ba523a5051579f1b177,0,0,0.00022021777
xgboost,20f3557feb7ff85513f4a254b5bae21249a28b1c9b,1,1,0.64371026
xgboost,20f9662fbd31fc8bf2252a3031507ce642d1bd6917,0,0,0.0006227354
xgboost,20fa6991b5512bef2ea5b5c124b893ae5c5142d0d5,0,0,0.14127648
xgboost,20ff2ccb337f842143d45573da007c607b181a7bfc,0,0,0.00030038686
xgboost,210632b0b67d702ac9d525bba5edd201c3d83bfb58,0,0,0.00037296838
xgboost,210bdcd1326e67e5acdea0c2e698f83813485865cd,0,0,0.00037296838
xgboost,210d0db59c497829bfec1c5561ca1af05da2fb6e42,0,0,0.059063297
xgboost,211036bdeea4e9d9b51751c8ed7384e65586ca581e,0,0,0.010306311
xgboost,211122c203d58e8727e84e2d8b18b4de15fa53ad82,0,0,0.028863749
xgboost,2116e0f21eb4a29b7e7c5a5a4745b5f742f9190675,1,1,0.6309033
xgboost,2116ff361faa7b1856183fdcf75d0ddb0b9ee13089,0,0,0.0039741513
xgboost,2124753193506203ecb82fe7e368b8fea456c8e42e,0,0,0.00041254555
xgboost,2129b8e441c5c12e520c3b256f1a4e196216b1db1c,0,0,0.0003668598
xgboost,21382937075e2e577a865a8b91bf4edca94924433e,0,0,0.0012346779
xgboost,213a8db6a44ead894481d23e87cd562b272cd2b22d,0,0,0.0009133837
xgboost,213f4d2eff6b8d92254d12ef8b2c70317b7f7768c5,0,0,0.0082098525
xgboost,2143545d12b5a30d86e8d50ea9fd5df6d62bfc657c,0,0,0.00041254555
xgboost,214383b40f74438645ff71152c7c5ff890027717ea,1,1,0.81158566
xgboost,2146ccd75b893ca79d1034548c437c02d09b7d8036,0,0,0.003410206
xgboost,21483a82f6bcade5c605e48ca955792b14d701efe1,0,0,0.0002330163
xgboost,214c7ea29da115de344aa7d8cf307e76417625889c,0,0,0.017560398
xgboost,21536a0b1cf6d75d0ef4e3e2f93b7ff4bdb4b0e817,0,0,0.035440907
xgboost,215498d97115c20d277593819c5417f4145cccf461,0,0,0.00022083636
xgboost,2155a771588408346cc1f6b4f162c9d94bcbc1c709,0,1,0.64371026
xgboost,215b6449449990cf0d1f7e83f0e767aa226997e52c,1,1,0.7972502
xgboost,216c129f45b6871b1b488f4261ca152bb7837d5fc8,0,0,0.007603714
xgboost,216ca255172b86a8d0086d43ac7b8945c13250fbb3,0,0,0.0010099511
xgboost,2170cc391a4dfcef62d0598a7bcf8761aa790ca7fe,0,0,0.00030038686
xgboost,21757a23f326f03d138e3366739ec7b61618be4b3a,0,0,0.15299495
xgboost,217a2f10f157415620af9dda959775edea7e596a99,0,0,0.00062770204
xgboost,217e8fe7c72d8f63be1f72534da557512cb95bd306,0,0,0.0011728639
xgboost,217ef224a743b07e8b5a19de1750bc2fec3b6c08f8,0,0,0.0082098525
xgboost,21843e8c23ea71a3cb78f697e4800e1aaac00193d8,0,0,0.00044057542
xgboost,21857866d2c77ea8313a1b2465461883cb47d5774e,0,0,0.0072072153
xgboost,218d313e955fb71fafb211524befa3967bdb0b82b1,0,0,0.0013289296
xgboost,21932e39fa21251f4c24623e617835c0eb8f3e8b2b,0,0,0.0009361887
xgboost,2196cd3c105da784478013f96a58c55fb056ed6949,0,0,0.00030038686
xgboost,2197eb98f25af959b470c8f46fccfa9f3c4839e534,0,0,0.00042573095
xgboost,21982bb689dba991e6fa5327f5ac324ef133e82c50,0,0,0.00029415396
xgboost,21999f634afbf6f5fa1d32d0d400a80f23bcaa7a8b,0,0,0.0003183587
xgboost,21aa35701f3a1ac7565c5f867137cfef0afbc665a0,0,0,0.02976992
xgboost,21b081fa5ec095d7da447eb4b9ebfccd5566e9716e,0,0,0.009226136
xgboost,21b4452660241d8cfedeccba8e0e797b8e07aac5d3,0,0,0.001108906
xgboost,21b4830d2df546780cb5f775c52f0832750ef384f5,0,0,0.07681343
xgboost,21b7598428fb6d9407907795c6948667e58af044c7,0,0,0.13653083
xgboost,21b9bb5c728362ab669ac50f43977cbd8279191c5c,0,0,0.059063297
xgboost,21c9200ee1402c1d237922580bfc2a9476bb9aa01c,0,0,0.00044057542
xgboost,21d65bc7c106035915c603093c4b57d9ce9790f74f,0,0,0.009873061
xgboost,21d9f2a458bcfe7e3cc0c67734829e61de96c0ae47,0,0,0.00035953108
xgboost,21e43359077720ac456776b0d665f86cad30b4f075,0,0,0.0014972406
xgboost,21e66ec3e005328865c2ec9ab84c37e5ac044bbded,0,0,0.0002330163
xgboost,21e67e3e380d2b1c4cdbf4e2967f0fb625c216d9ff,0,0,0.021266634
xgboost,21e9a85a60fb9f48faeac9533f05dc63f26d1bf26a,0,0,0.0003183587
xgboost,21ef7bafe89b2a3ff50e5d58e2c78b62cb4b47e97e,0,0,0.023720916
xgboost,21f014d1055d55c9fe0f161c9f57055252818cd0fa,1,0,0.1311861
xgboost,21f1337d2587a901372117eabbb21ae9b377464156,0,0,0.00042573095
xgboost,21f804e2f5fc0ed21cc3f46e90a9a6b51d817b5272,0,0,0.0010099511
xgboost,21fb4d206a9a9c02e32562e854468e3bcb7dd33d64,0,0,0.028160574
xgboost,21fb548d8cdafdf5fa5870d4a921749038af0b1c4c,0,0,0.007815878
xgboost,21fb56eb916de61c58d6e375e0cfc7111d4de57316,0,0,0.0003925852
xgboost,21fea25aa43e6e69a5f51365a8c6f1a7d7527c9f3f,0,0,0.025427664
xgboost,22031a2f065fcbd7e700fe2e2b6342c69a833e950d,0,0,0.032224238
xgboost,2205b4817bcf3b6086f9cd0766937062f395aa926a,0,0,0.0009133837
xgboost,2208c388d7ecccbcc18d08f16e96f505ae3c02b860,0,0,0.047430243
xgboost,221006d9c39835d2f405fbb2db0843c0ac61041069,0,0,0.0006227354
xgboost,2215859274b4a194c4831484a9cd0b3724fd9d3cd7,0,0,0.00029415396
xgboost,221ffa8e605202e6517d2ee58be016739d435f8ff2,0,0,0.059063297
xgboost,22222c012e898a898e53c12e3514263fa2d9678723,0,0,0.0003744533
xgboost,222d56b5e0456ab3ef1aa78c52f9679bf523571b7a,0,0,0.23849966
xgboost,222e043470a347d05e336c9c8276aa3e6a45810c05,0,0,0.130111
xgboost,2233f5d16218a73f6438c6830d0fb98669c8b90509,0,0,0.0068733734
xgboost,22362889f102077d43b144d3836799df66b36ad05a,1,1,0.64371026
xgboost,223deff38cce6c5d3eb86dd2c011c7088bbce3ec8e,0,0,0.0003925852
xgboost,2248c531864455f14fd704faf3f988e1d43210667f,0,0,0.0006227354
xgboost,224935968a994c83ada1626dc367b1d50ac6f72010,0,0,0.0011728639
xgboost,2253aebd3feb83224b7afe8c2f071913b5021dfe1f,0,0,0.0003744533
xgboost,22602fb187feb401c8bb643c8d1866a78528483993,0,0,0.0072072153
xgboost,226295909e055360041dd77e453ac58790076cc52f,0,0,0.03925821
xgboost,226b5876d3a6b430b1843bebace80c6fc6c5f819a3,0,0,0.00022021777
xgboost,227394b253f0c2086d1ab17bb12be7eef764e7093b,0,0,0.00041254555
xgboost,227752f54f3133df00f7f3a53d3e4c8cc0967321bd,0,0,0.019841658
xgboost,227a17b27fa8646e0820163cb2444a428a9724481f,0,0,0.0006486801
xgboost,227d7df96abf700687e6ec0c37ec6cccfe552e1d14,0,0,0.00022021777
xgboost,2282e7a2a0bf03b994bead73f12f5b67095ce26763,0,0,0.008079678
xgboost,2284d0752555dba265c024c0ff86153905c59406e1,0,0,0.07681343
xgboost,228808016073a40616a683aff7b23544b8a88a4b56,0,0,0.019660987
xgboost,2289bbb4e2d3dbb170a4d9ddf67b833e6ce66f98fb,0,0,0.00078046566
xgboost,228d5a865f85406dcbbba729490fc718865c97e684,0,0,0.00037807395
xgboost,228f50de21b343bb56886f39fcd33079ece26e341d,0,0,0.00080371596
xgboost,2292830364917988579afbad77ef06c99131711c93,0,0,0.013926448
xgboost,2293558bb4a6af6a68dd31910a7d3742a3d981287e,0,0,0.021266634
xgboost,229566742ec2c8d5830aa4a72c873e76ae0969c130,0,0,0.00030038686
xgboost,229881f9e7d5d10f815caf54b3c82854b2b8055088,0,0,0.019841658
xgboost,22b39825dfafb891b7dd8f088394ce1d606ff01667,0,0,0.0006716701
xgboost,22bb1452f960718c08627909a70a2e025b3831ccb2,0,0,0.004977948
xgboost,22bce4ecc3e4dd7130a4e6690bb9effe9b8dc2a4ba,0,0,0.034807306
xgboost,22c14788780132fe49c22bf4100e661d1171017ec3,0,0,0.03023339
xgboost,22c5ace413095d61cc50d2fa18c37c2120833fd74e,0,0,0.004916782
xgboost,22ce5aaf0ffdcb47aa47537a119a32d5d8035e7fbd,0,0,0.00029415396
xgboost,22de67d991b31493165b9270f7d8b5b4ce712d5fc8,1,0,0.09642085
xgboost,22e23c41c933b6717107fbde693cc71ecc2e42ee7b,0,0,0.00037807395
xgboost,22e8a89e485c36e3de5838fe3cb86ac1d50857e54d,0,0,0.0003668598
xgboost,22ed4a5d136e5b85b09edba19b96287a80c6429397,0,0,0.0002330163
xgboost,22f236337f22edccd2460924460d79bf5060990ff3,0,0,0.010306311
xgboost,22f84a96bc30bb7f9622e43badb3e66ef4b243d96a,0,0,0.0003744533
xgboost,23072cae99859abe46d4f1c1ea534ca5bbd58dcf90,0,0,0.00030038686
xgboost,23121cb321fe245a238a24c73b7f1bed8b33b35bb0,0,0,0.10463009
xgboost,23149434d45a56f9c9623ade457ae9817441d49d70,0,0,0.022936577
xgboost,2318a464b48d53cf7f989855c454c66b2d9780627e,0,0,0.010342912
xgboost,231a37a7d37f013e9982de1fbde6d6afc1e9e36d4a,0,0,0.028160574
xgboost,231f729360cb51b81a0f96b79236e4c99b03bc93e7,0,0,0.00035953108
xgboost,2326bf7cce531ef18954c90de5b6df39f1cb263845,0,0,0.23849966
xgboost,2326e6e1221f2ad9d5959e5803bb7f81cccc1a9da1,0,0,0.0002330163
xgboost,2327136d16b3a4aa1e34dde8c5878680da431318c5,0,0,0.029496808
xgboost,2327d6357bb3b19ac8637810c1102b4b1dcd099ed7,0,0,0.032224238
xgboost,232f1abccf35b0cb5b49140d0e9299af60eff89aa8,0,0,0.00044057542
xgboost,233359fe79de1344be9451d7ae28f5e6f915087f60,0,0,0.0006299072
xgboost,23407a845144e0d92f2042855faa11ed24a1b4cccc,0,0,0.0006299072
xgboost,23425464cf99d4a4ea4898dd68eb42bea036e2d52a,0,0,0.0006227354
xgboost,23449a5b9aa8c689e756c6ed938d30be7fa12e59cd,0,0,0.00086060417
xgboost,234579e077ef990ed15f9ea87f20a186eadf953792,0,0,0.036837205
xgboost,2346cb8d42f7de7e4685c439c0f1fa18ce3191d9d8,0,1,0.6309033
xgboost,234838ef5d6cd85dd041d78307713979b9a8ca2062,0,0,0.0010099511
xgboost,234d0efb55e965178cd50ca67a48f33e55baff1b41,0,0,0.0003183587
xgboost,234dcc90c07af1e5d2d09184ff72048df3e798070c,0,0,0.0002330163
xgboost,234dd84de4c35c7973a1d0aa03f91f59258a9a61c0,1,0,0.0010745612
xgboost,2352e3305f502ba211176dce1cd27801b10bb93d53,1,1,0.6306547
xgboost,23533dfcae87bf7baa93ff76674433372c8603f84d,0,0,0.00034415527
xgboost,23538d297e303510d7d03bac425ecf0271b69028db,1,1,0.81158566
xgboost,236080fef2eb4f043283dd657ea21a958d02597e31,0,0,0.003925084
xgboost,236c56c7e39490eb253f9a55134d2e6c291b1a4bf7,0,0,0.0010763843
xgboost,237447bcaf55870f6bbfc2d398f77826646a9b33be,0,0,0.0002330163
xgboost,237ddcd4817733b058c913dcb197a896901bc3fcc6,0,0,0.0002330163
xgboost,238003d9e9e76852e55ea07c5614a50dd78c5c591e,0,0,0.035800178
xgboost,238cb1eddf6c675829483820c10ecc6f2e7a02b8d1,0,0,0.0009133837
xgboost,23976d962aa92e50840ac6af6319e57bfa3c732847,1,1,0.6309033
xgboost,23aa0c087543ad80dd5f40f727facf6f9cc0d86b71,0,0,0.0010763843
xgboost,23acbf37ae5f6b65d5fccadba118431a5fd82e5813,0,0,0.00022021777
xgboost,23b719dbd59d5c58c2265b3cba3534ce96b69d449b,0,0,0.0053568543
xgboost,23c3e2aa84b084475d49666fe60a4839b7a2a88c05,0,0,0.111099266
xgboost,23c53bb99b736eadd209d2d12fccea3333cbc6a28a,0,0,0.036747593
xgboost,23d5302d36208d518e95c268cb923995e54346ef52,0,0,0.0014350319
xgboost,23d5407a035731d1665fe72a05c4bd838e4b8345b7,0,0,0.045225002
xgboost,23d69e7d262497332355ceee2e4111a6a078b51d03,0,0,0.059063297
xgboost,23d985542d3a6b3a56e2111455fa9bb627e974e8b2,0,0,0.00029415396
xgboost,23d9d97d91127cb7b65b973df67d2e88cb2143500d,0,0,0.130111
xgboost,23e011bbf0398c5a1c44b18aa27dd582d11fd0e78b,0,0,0.0002330163
xgboost,23e159e0aa1772bd8d91d091cdc0b689b0392268c2,0,0,0.0010763843
xgboost,23e53470c997f592848f20b7ce7d28dc6a4a9eb5f0,0,0,0.0002330163
xgboost,23e703c8fbd3ed0b04df255a59a5d8890fee02d342,0,0,0.0003744533
xgboost,23e77b0deff6d48172cd5f71d329a0b9b6f988282b,1,1,0.64315486
xgboost,23eb8520dbc8bca74c4f6f9fedecfdce1ea50e7b5e,0,0,0.00041254555
xgboost,23f165202e6a2055ba2b4694e44a8ccc1e7488f4c7,0,0,0.096435696
xgboost,23f416954118dec4dc9ef7385608d8f2ad5d6e6c7c,0,0,0.0003668598
xgboost,23f78e3db8fd0f0ac0d0c87e03c435706935233a3c,0,0,0.030548414
xgboost,23fcb672eaeb1462bf37c649f15ee28e6e44745a4b,0,0,0.00022021777
xgboost,2403f6e31fc588aa021874d9f47c9a6d795e8e0b4a,0,0,0.006094069
xgboost,24053ceb9bb205efcd7997c63b83e9a08aaccf79a3,0,0,0.0006716701
xgboost,240c110cffe04679157fa51267fdab230eb6d5b9b3,0,0,0.2046597
xgboost,240fafb9c7b909c2f7e54ccf968c7cf9ae5b1abb07,0,0,0.00022083636
xgboost,2413295ea669b6eb587431834a36431daad60d6175,0,0,0.0011728639
xgboost,241668554411244dfcb48eee550170c70f4be9b1c0,0,0,0.0006716701
xgboost,2420ae1de7f76f9dceece620cd7a17dcb568877b49,0,0,0.0075840037
xgboost,2420b7504cbaa95974531889c9f8bc76e50a6dd4d2,0,0,0.0006299072
xgboost,242ce4ec09157d150e2b31b7db1964563601c458a9,0,0,0.0002330163
xgboost,2437e873b369e641d4cf94d4d1e465cc7995d26e79,0,0,0.00042573095
xgboost,243c9fb8d5419324dcf72fee66898c8f9b08653ddf,0,0,0.00022021777
xgboost,244ef62949bc4b86d75af94cd7ccc56ad49be4813e,0,0,0.0014350319
xgboost,24519e4c1363ec78de7e89f598ee71acd712c98494,0,0,0.010342912
xgboost,2459bb8cb64f852a65d85814e0f39df40735bf43bf,0,0,0.00034415527
xgboost,245b8b1f4952e05478e591513b345a18cf38e362e4,0,0,0.0003183587
xgboost,245d3d65fbc55a0254402c9c3cf8b51a6062389bdd,0,0,0.24505952
xgboost,245fb7bb6b62bb93c13a24d62b472117ebe5b0e394,0,0,0.0002330163
xgboost,246a1128b7e8aeeebd176a028a54df6cea9d6e341f,0,0,0.00022021777
xgboost,246e97263016514e848149b08cc86e3494d4467aec,0,0,0.0003043416
xgboost,247a2778128b5c92ed89c82756fc26d10f11065666,0,0,0.00034415527
xgboost,247bbf0a6e8077f7fef881359171a3fefd8d8f800d,0,0,0.00035953108
xgboost,2480cead757eb07222ce9d509a95176668a6851863,0,0,0.0014142314
xgboost,24815f5c2f114e764e195b02ecacdc1c1767847f93,0,0,0.0003183587
xgboost,248559ff2bfbf6c0f2abe4f1d99ebc0fdf00b4426d,1,1,0.65877914
xgboost,248b21752d7c74786c94e30db3a157d775fe58de41,0,0,0.010342912
xgboost,2496b6ee390af9367930c9c25da6f60900d1c88dd2,0,0,0.028863749
xgboost,249ad5c160f23ea9a05a3be7a4495dc63b5cce5442,0,0,0.0003183587
xgboost,24a4f500e729066c417beef78141d4f90c68ecc20d,0,0,0.00063679816
xgboost,24a8bcb6b72f6265f7ee1f7593cb45c677bde58c74,0,0,0.026295189
xgboost,24a96c95758fe7f4eaad53462b16e3f51bad73cdbb,0,0,0.03925821
xgboost,24aa1d4c2a5ac62f28e623121cb8dea96209871f94,0,0,0.025427664
xgboost,24af5c22d109f9aef6974226dba047155ce6d2d0f3,1,0,0.33191314
xgboost,24bf69f6de05fcdc2bd180ef381c8c918353bb6074,0,0,0.00022021777
xgboost,24cc576aab69faebd183985ca693daa77d095960ed,1,1,0.65877914
xgboost,24e4fb45a652a565d1c9d75ab6feaf2605c652719e,0,0,0.0061607677
xgboost,24e5298e72b8d3aa89f2b3b7df2b14e5f3487b1bf9,0,0,0.008142038
xgboost,24e98c7bf3b0e7e43fdb46c418de68f1108a91a9bd,1,0,0.05705226
xgboost,24ef03e5129c41361020208e8c0d9cdd0a8c765df0,0,0,0.0003183587
xgboost,24f2339cad102415852314d433a11c8ee1820ac467,0,0,0.020044776
xgboost,24f2fc6bdb384a855842021beeadbafaff86c886c8,0,0,0.029167907
xgboost,24f5fcecd651983bda9b163c4eefbe9207e19bc055,0,0,0.02976992
xgboost,24fdb53322833f3d3bf2e09cd972dd331693c3706f,0,0,0.0014350319
xgboost,25075dcfef0465a4e38e875b8642e3fdc89fc64ad6,0,0,0.036776703
xgboost,2514e6c0b03bd1e94ed06b783f4a639a4b87c67c06,0,0,0.0002330163
xgboost,25155143054e4c2c809cd088f0f7ae00daf1e62dec,0,0,0.00030038686
xgboost,251d04f7452f6452bc6695a517ceff6e6c3fe6ca39,0,0,0.0003043416
xgboost,25210ba8c850b5808903961aa600fb41462eebf726,0,0,0.010854048
xgboost,25213301ab7a7bd3db8a3d76df28252609b5732781,1,1,0.64315486
xgboost,2526c6c3a84e1d757160b60a318c9ff86c0f2fef45,1,1,0.65877914
xgboost,252f6cafa6c50981489956530c314f8ef82e9eefe3,0,0,0.015524557
xgboost,25301cb7412d7f21916f09d00b7e4ca0d7221885d5,0,0,0.0009881387
xgboost,2543911d84a5f48b441e09d80e36085a87c5dc54a4,0,0,0.0006486801
xgboost,25447306d909e9321cd6c88beb1e967ee774c9f5cd,0,0,0.0006227354
xgboost,2549a6cd6207d8c7105855e4e7cf170725f013db69,1,1,0.7853733
xgboost,255af2d5866669772b04dbb0edba8e465a8dddfc55,0,0,0.0003183587
xgboost,25663747522ac07336843bf8b886dd514a30f5cc9e,1,1,0.6309033
xgboost,2567a19031b2aebfd77ea62327dbaba464f1e17238,0,0,0.028160574
xgboost,256c959d69e3bb94f3316c3d8ecd0ef751dcbc60fd,0,0,0.009873061
xgboost,256e77fbb81be4b227298a578504d703beb7af0536,0,0,0.0006227354
xgboost,2579d9c1d953707b48d212ef6eb6001ae94d6f36ec,0,0,0.09457625
xgboost,257a32b81fd7ac39633e9e1c428e07635002117bd4,0,0,0.0720398
xgboost,2594cb1011ac031307532b6b0cc65a388a491aa22c,0,0,0.00037296838
xgboost,25966e73567b49387d0e6c1a4ab5984dfc335da99e,0,0,0.0026480742
xgboost,25bc2155aa614fa8967fc7c3648584967dbc0aad18,0,0,0.0003183587
xgboost,25c1a76468b5c5637836df89eb74c36dc05fad0f5a,0,0,0.00030038686
xgboost,25cc4be1def96c775de59e1f1687ffaba95f58ba56,0,0,0.00037296838
xgboost,25e3c85ef52fd9e455d01fb2fed3a80e69550ed939,0,0,0.005197153
xgboost,25e3eb5172dcffae3bc02ca7c92ecdb481656be036,0,0,0.0010763843
xgboost,25eae40594f630da9c19e65e4c57f37efcad0fe680,0,0,0.0003183587
xgboost,25efef473ea3561048b4296ea7cbbf0476f003593c,0,0,0.00035953108
xgboost,25f75373a0ff1054608d02e4720a7dfeaca0173994,0,0,0.019660987
xgboost,25fd2da371ceaa5d3cf84e6e0090bb906652aa02d3,0,0,0.007642062
xgboost,26064c70145be826bcf70bdf2d509ab69b281aba7c,0,0,0.032415178
xgboost,2606952d141371437a93f50879aad9e197cc935d87,0,0,0.0003183587
xgboost,260f50d37dd3dd361d9bad69e79a4626ab9d05e404,0,0,0.00034415527
xgboost,26154cec29140064d635e0918599374e0aa5d38c7e,0,0,0.00046689593
xgboost,261639ff8d634daf6f6a9c8896c4a41233c867d97c,0,0,0.00063679816
xgboost,261ddb24ad594a25dfb0629aa84d0a55eeda6cf54c,0,0,0.00086060417
xgboost,26246fe66e22afcc162dda5f581d1e3777a0668708,0,0,0.1344866
xgboost,2635f9e2d17cebcc404c618f336f5839eb8b016145,0,0,0.026810737
xgboost,263a5fd0bec84302dd16c9267e556390f644d76ad3,0,0,0.0003925852
xgboost,263e8920ed10e7d019ed35a0f16e6524875a11cb9e,1,1,0.65877914
xgboost,2646eb50265fb8019731bf2e752bef8b400fb564ba,0,0,0.00030038686
xgboost,2648bd0149bf911032559c664e49802ebeb1a1e3ee,0,0,0.028438905
xgboost,2648de826c59ccee5ca6a42f3d5de0bfd4152cf2bd,0,0,0.0011099989
xgboost,2649ac896c43364f5382d351d803e59479bfd753a6,0,0,0.00022083636
xgboost,264c08543abe940caabee5e317ce1a0e799626dfa6,0,0,0.0002330163
xgboost,264e07588099b925d52f0e20cdf2261312d8ee8eb2,0,0,0.00034415527
xgboost,264e3299068188b3bee1cb6394af823153614bf06e,0,0,0.0008583634
xgboost,26533dfc553094e5a5f43f4e75eece871959ccfeb7,0,0,0.00034415527
xgboost,26576dda26bf6571644233e0ef204524e36498fe44,0,0,0.0003744533
xgboost,2657f433aed9954ad7484a2a05b23e151d1d49503f,0,0,0.0002330163
xgboost,2657f5246e8f66b7f678c909e615d09083189ec7fe,0,0,0.011176175
xgboost,265c9b59aea56af90707965639ed8da74f16003910,0,0,0.0058986996
xgboost,265e3c30acf7e5e7e31de7cb1cf9fa9c29a81569c5,0,0,0.00030038686
xgboost,266c3ea49878072a9e63fefee421d8c802f8988fb4,0,0,0.023674697
xgboost,2677c1233b49e9cd79d1da877199484eba51a059a2,1,1,0.64371026
xgboost,267b63166f77bbbefba84c4b27c6d2c57c3743465d,0,0,0.0006486801
xgboost,26848d8c3b3272679e8197947279e600694ca04a76,0,0,0.035800178
xgboost,26859c5a12652efc3e290ef4ea056c8c68f17397cc,0,0,0.00046689593
xgboost,268d779ea40d7a1176fb30a465d578343104134e3e,0,0,0.00034415527
xgboost,268de1469f8cd08d7ccd189e426c895f9566ffd6ed,0,0,0.004977948
xgboost,269d9f2af234c3841b4c5e33ffae342498ca15ed5e,0,0,0.035688996
xgboost,26a36ae0f02fe636455d946b46faa4f9b887748b4e,0,0,0.11239475
xgboost,26aa72c8c8669c89413686799c5d4272fd2179c464,0,0,0.00034415527
xgboost,26b0907f168bf3b2f82cb07fa75e44e20291986dbf,0,0,0.01537847
xgboost,26bb6154543e0b3cac936c8c64a4f6976b5aed7f97,0,0,0.00037296838
xgboost,26e6739abd50debfaaeb9938b78a70290b227d40db,0,0,0.38859802
xgboost,26e7d0633aed4857518ef12a4944168a4021c66706,0,0,0.0058986996
xgboost,26ea82cff050566fa4c466822740a18ef9be76d5f8,0,0,0.029167907
xgboost,26eb29d2cf6856b095e111639fa9b1d0a205b2fadf,0,0,0.036776703
xgboost,26eee38228edd1993702fc92d66316f4f7066837bf,0,0,0.0072072153
xgboost,26f0ff6423c8a3959cefd2e3638d23cdc1ddbcc368,0,0,0.00030038686
xgboost,26fa3eec4ba5166d252982a319beeddb7270ac9ed8,0,0,0.00046689593
xgboost,26fb79b9a35fe8e6e3f759aac9a2964f5d84e889ad,0,0,0.10463009
xgboost,2704189deec563a7eba27baa90154e962cf7f9c26c,0,0,0.022123944
xgboost,270f235f690f27ba45a7522e5eafb6002fdf73a942,0,0,0.0003744533
xgboost,27183a891d9e8113024290c275cbe116b4664224b1,1,0,0.1344866
xgboost,273620e5c74c7cd85cd5cba4a382e70342edf65b56,0,0,0.00030038686
xgboost,273b97cae601cf1ff8b8ecc37a707521b5da1a1ad1,0,0,0.0003925852
xgboost,273d9e78125fd5a3b4138b66cecf505cea7dc982e8,0,1,0.6306547
xgboost,2741eed03e0dfa1fa004947ba98558546f912bff1c,0,0,0.00063679816
xgboost,2749f4f737ae46756b4d70450788928f7a6d432646,0,0,0.00034415527
xgboost,274c35ab8951a254b4d6c37522d66c980a3a7016ca,0,0,0.00030038686
xgboost,275190c7732b5914d0e27a3ed44a38d8656d7ab2e1,0,0,0.0002330163
xgboost,2757a5b186748342bdb2a72618699a09bda3477423,0,0,0.0006227354
xgboost,275a7655f7c4c42f91a6daf4d3a909b154ffc55559,0,0,0.0003183587
xgboost,27657701487529a480088ae8a06284f2ef8597531a,0,0,0.00037296838
xgboost,276af2468c8130d5167387da3a5669adf6b902d655,0,0,0.00022021777
xgboost,2770f4d032e56b93184e48656c0a9b26984552cfe7,0,0,0.00022021777
xgboost,27718e7968da231f49cb53d9465d24f5016fb3d00d,0,0,0.00042573095
xgboost,2775987dde2ea7ae8dc8abc79ee4ef9d913d5e575c,0,0,0.034807306
xgboost,2777a8f3cd4e569c1634b804acc6a06ac234debb0f,0,0,0.011115743
xgboost,277be95c4eb3f0c4df849493357d9c700f19bc1fad,0,0,0.0053094267
xgboost,2780d64911100dd1f0297189fa086bf54318f042d8,0,0,0.0003925852
xgboost,2781c67c74a308435b954438b921098c862218bb7f,0,0,0.0079541085
xgboost,27882783ad206b2b4eda99124e88c46e590bdbc856,0,0,0.022123944
xgboost,278d929f754e0326e84477f3d4c4d868e9d4b91b50,0,0,0.25800535
xgboost,278f9532500518037e912f3a850a7763ff6bfa7b1a,0,0,0.0006299072
xgboost,27a2f090ea5b49fb90e5046c5f10c1be4a44ed8008,0,0,0.09539811
xgboost,27a5c66b1078748da94c0e0233e284b3caf06ee4aa,0,0,0.0010080602
xgboost,27a641258d293985641d6aaf248c3ff4005ba82fce,0,0,0.00041254555
xgboost,27a7c8d3122d08746ea715d2b64d78d9518de30389,0,0,0.022123944
xgboost,27c6fe19031c3e43b568934a66994b0ca5767ba540,0,0,0.00034415527
xgboost,27c8232b2bcb4b602b0b39b627626cf0af4863bb51,0,0,0.03023339
xgboost,27c8f1d136b307f5cddfca1e1c4c24935d40a156c8,0,0,0.00034415527
xgboost,27caa937cbc2814afc64ae2cc908c46f2b141f6e1b,0,0,0.0003668598
xgboost,27d18538e1f4f1d2bf9565a35a05f866fa7a973e88,0,0,0.00022083636
xgboost,27daf562a554e330c0d11150848a89364be7510902,0,0,0.0003668598
xgboost,27e62d1ba1860c76e37b7c7d90fe378a33d82f282c,0,0,0.032384146
xgboost,27e8efc5b20b6c413efaaf3eaba536e17f9b4693b8,0,0,0.00029415396
xgboost,27e90b05f6cf495f0814ff7273754ee4e4d4ed157a,0,0,0.0007948035
xgboost,27e97ea22295d01ca1a14ad2af3eac07de748210c9,0,0,0.00030038686
xgboost,27eea2fe1692f0a9473da12fda4a3b98a1f7ad21b9,0,0,0.00063679816
xgboost,27f686d4faf767a62801635a98813e7e567286f9c1,0,0,0.1394689
xgboost,28088f36124acc315dda11d48f807f8d1e1313b12b,0,0,0.0002330163
xgboost,280b0b3a8eaf6cfc264036e2120460da5959c4de76,0,0,0.0069351136
xgboost,28101a51d4f450fb32272a578dbe0f8c260e1e2e05,0,0,0.03925821
xgboost,28110306086e0fc93eac846db2d614ae17fdbba907,0,0,0.00042573095
xgboost,2818cc83e8c7d9839b3bf1c70d5771e9690f401b59,0,0,0.0006716701
xgboost,281fb2e8f40039fb555da9bec970af3e97b066efcf,0,0,0.032384146
xgboost,28393651440bb6942784b3c070118dabd039b83ddb,0,0,0.0003183587
xgboost,2839dca565966dd2da58fff725f36ab6d68bc21727,0,0,0.020649059
xgboost,283b8512b3d7ec350e4ad0fa12d0dfb3ca4bb16c57,0,0,0.07896793
xgboost,28423bbe7a5a0efce64ac3b8a599331f257424dba6,0,0,0.0003183587
xgboost,284552bcc48433883dcf1b5341e3d0b328ddad7d08,0,0,0.27358052
xgboost,2849be9c69aead46379f56bac63b25ea193c5923c9,0,0,0.00037296838
xgboost,284e86e7e1d9806b746125998b5750d0d96a2c4486,0,0,0.035440907
xgboost,28520d9620a19ca49a3a72375d9474576ac872657e,0,0,0.14127648
xgboost,285b4e4f52a6d8ebac6c40c56b89f9ed8be2a115ef,0,0,0.00037296838
xgboost,28603af4a50e6f91f4cc83454791fa61321231f99c,0,0,0.00034415527
xgboost,2860dc4fe1d9a3d9ae7b5dd112ee4b9dfb9e90054b,0,0,0.00903454
xgboost,28677bd68c51eb282237ff93fc059bca17d4c5bfd8,0,0,0.0002330163
xgboost,286944ea1bba49dcc00ca620cabfd3316b8582cec6,0,0,0.001108906
xgboost,286a04fbdc31661042c63b0c04b0d2daeabdf08d76,0,0,0.010854048
xgboost,286bfbf1336fdbd8375dd18e61e853bf532496f0e7,0,0,0.22801352
xgboost,286f92654badcd6309ad81547b413b58ce33f96006,0,0,0.032415178
xgboost,2870f516171b999d02f6891e782fad2dfe82ea56e8,0,0,0.0002330163
xgboost,28746557ae7e08aaac029f69f4a557c5f37d67846a,0,0,0.0007948035
xgboost,287b6089d0a0abe9e7266aa22e87863ea256d575ae,0,0,0.0002330163
xgboost,2883003f291877640cc0951e8f18559efec9b576fa,0,0,0.0003925852
xgboost,2883b5b52703cb9777e6e0269b4aff8a089af7e11f,0,0,0.00029415396
xgboost,2883d737c4b0c59f275923a4bb64b9da482c6716ee,0,1,0.6306547
xgboost,2887345520fa5dce6e9b1662b1a68b6042c7a78fa8,1,0,0.19171093
xgboost,2889fe32ff50718deb671ac7c90822bc2492c3df0f,0,0,0.0006299072
xgboost,288ba2b922e4a74bba02c674dd432e68ba5a27bcc5,0,0,0.0010763843
xgboost,28999dca6a4ef50d06c905cf013b54b06354f3aaea,0,0,0.0012346779
xgboost,28a61801df43a18e1b0e0f85391f294b0857c4ee85,0,0,0.035440907
xgboost,28a7c045e7f67e510d6600ddb6df787624a805a0cb,0,0,0.00034415527
xgboost,28accaa61a1b8307d241687341f549234bcfe6f6d5,0,0,0.0720398
xgboost,28b5b90d62bb31ce98be9a7e73e7708f74587971e1,0,0,0.00022021777
xgboost,28b70e37443680d47586e2c4ad9768c33fe5918030,0,0,0.00030038686
xgboost,28bd2fde1921f3a46a9dd076e496272ac6c4357532,0,0,0.11239475
xgboost,28c0f19a068355963870616b252348bf6e781b07c8,1,1,0.64371026
xgboost,28c3bcaecd2b67daf1259ef7f442026890483e92b2,0,0,0.00022021777
xgboost,28c55d4d3f13412246cc44b06bc618fc6e3bbb2313,0,0,0.27358052
xgboost,28c927050296e72b92e2457c5a60d50d325ffb5119,0,0,0.0003925852
xgboost,28d0aac6c16d2461bdacdf0eaa9cde3f897227b3bc,0,0,0.00050622347
xgboost,28d6515c9f36efc62bafdeac2808abcc3239aac998,1,1,0.6309033
xgboost,28ec9544126e65f95cc391f3af31e1d2b580eedb51,0,0,0.010490675
xgboost,28f58296660499c361926859c4d3300cb3dcec5ef9,0,0,0.0011099989
xgboost,28fa99b20d10ad7b12a9731d349a2737ecbb2eeb94,0,0,0.0010099511
xgboost,2902f8dd2ffe80879263dea4c540f8b43404845215,0,0,0.022123944
xgboost,29191733ed98db2e08e7bc44da0c136e2f8cea0650,0,0,0.00094434194
xgboost,291941e9f042dc513106169031a6984f22fb7bf0b4,0,0,0.0058986996
xgboost,292dc201a8fddd5357e1597e6e7496918e3e79f0b6,0,0,0.015873032
xgboost,292dd5fab47ef4671936e6da255333ba2fe54503e7,0,0,0.015456006
xgboost,29304020810fa1aa60882e4b1d20617b0617243665,0,0,0.0006486801
xgboost,293a9b6d8915377323aad3e846f0c06db421123a38,0,0,0.035800178
xgboost,293e8503e084c3a7ae87a094ccf14962a7f88769f3,0,0,0.032735623
xgboost,294954b786771d2e4ceb2f8f891654a1774e07a0ba,0,0,0.051092885
xgboost,294dca30100215fb88d715ffd393d5d300cb4b298b,0,0,0.0002330163
xgboost,2951ecafab6be662af96ae9a9255fd524f2f6a48a8,0,0,0.0053568543
xgboost,295285f9aa46df21901ae0eb0aeabc50ca0215a52a,0,0,0.00034415527
xgboost,2952fbdca4d7445929b8ddcf394ab5ab3668a0e082,0,0,0.029167907
xgboost,29586caf982e7ab2fb3be5ced84bbac25e12a7ea7b,0,0,0.00034415527
xgboost,295a8709d142330db15bbb3f5ded60c2ff0468dd25,0,0,0.0003043416
xgboost,295dfbdc5e6cb3d7d68806f31ef69c7ab8bfced1b3,0,0,0.023720916
xgboost,296055a8c4be5cfe9666440a9ea27ef9cb79113ff5,0,0,0.034143314
xgboost,2966caed88ab823171da101b68242961898789164a,0,0,0.0010763843
xgboost,2967e1f210ca0a894ba29c7e7fc153ecc4f3686694,0,0,0.00063679816
xgboost,29682e79423e65c8a3ccc319b4e688eb2d1fa3c282,0,0,0.026295189
xgboost,296975659beefe0de142e73408bb1c0e6a65176672,0,0,0.00034415527
xgboost,2971a5f8784e70083fb3dbd71804ac7180e2768986,0,0,0.00029415396
xgboost,2972440539450fdafcdcfc670ff7961d78568f13c5,0,0,0.00041254555
xgboost,2973870f3611f05bac953105eb377f638b9b436cdc,0,0,0.011115743
xgboost,29791583330245819d67bc81a7c2f299d3a827f282,0,0,0.035440907
xgboost,2979c404b84ce2ea954b4c32bae3ab6ee37ae90713,0,0,0.00022021777
xgboost,297cca1c4c9c747761c7ea3d392953b39146838e70,0,0,0.0013066181
xgboost,297f4d6a2e0974c99f2697cc016683b5f7460eee94,1,1,0.65877914
xgboost,298225200e3798f18f18bb6ab4e583c27ae6679f2a,0,0,0.0003183587
xgboost,2995297ec338aee7f5de47a7386377067e2bbecdf5,0,0,0.015524557
xgboost,2996d816083d499f46688d569fc8477e1c58981b8b,0,0,0.00094434194
xgboost,29995a6b9492a211fa055ef6857571508be64ded98,0,0,0.00046689593
xgboost,299d9767b65f7b2ef34f3896cb91d606823398f6ee,0,0,0.0071041905
xgboost,29a10da585a4b111b9c7a4e2e851614b60be285b9f,0,0,0.23849966
xgboost,29a83b01a3194eb62c0a1bcfa3058af9b53b41e70c,0,0,0.023720916
xgboost,29b048564767799163fe4ff3039e27913319f02b2a,0,0,0.0006071794
xgboost,29b1f58c3a19b765f330b15ceddaa2ded6a22bb38f,0,0,0.0002330163
xgboost,29b21599f311eff4ebd0c4a9520d175f44fc3d4245,0,0,0.00042573095
xgboost,29b2b8b80820f233c2a8cec4cc573efb5f1fb09796,0,0,0.0003043416
xgboost,29bf7be932783604df470ab4fae61a8f3003992858,0,0,0.032384146
xgboost,29c3dbdd9d516f2bb7b949a2d4b1c592587d65d138,0,0,0.0006716701
xgboost,29c56783516c3f07f96b1674fc5ef3f7e779c13b9d,1,0,0.27309594
xgboost,29c90590483568e9524170a0c550612fcb8bf0ad9e,0,0,0.0076226057
xgboost,29cf005a85c6dbe8c3c82c8578e96d3eb46e62f00b,0,0,0.00035953108
xgboost,29d95f0e8ba1400dca091b70b820a42036446e807d,0,0,0.051092885
xgboost,29dfa5ec41b96c92b897aaee4a1c9e2b964a555921,1,0,0.23849966
xgboost,29e13a1c3da9e4305224afbe647f733e9dfbebbb5c,0,0,0.0010763843
xgboost,29e26f91341e5bef204db88bcd8bdd824e37e3ba71,0,0,0.0006227354
xgboost,29e5b345f847fb919707e5475f1e96ab5bd19b280a,0,0,0.0002330163
xgboost,29efdf1bbd91275a4b4b102effe437e31a93bf7394,0,0,0.0007948035
xgboost,29f1afb002d9bdcc043adbf1e4de273800cb5e0548,0,0,0.00022083636
xgboost,29f479fb7b87932aa29a602b2ad744c3f4819df384,0,0,0.0075805914
xgboost,29f4842be71642a9b260280423f196271a83699c1d,0,0,0.00078046566
xgboost,29f9d8a659cf69e52286c15699228788c1a7400f91,0,0,0.010306311
xgboost,2a017ea831ca037ef0fbc0863169029cfdadd569fe,0,0,0.021266634
xgboost,2a05b371037bed3b7fa37f9e01b8042c9fc6e81164,0,0,0.00037807395
xgboost,2a07f5d0e7d5830757e0a32aceb190d9baf40dd1a1,0,0,0.0009881387
xgboost,2a0a4d384a01c3433f84594acc0cf6266bc005d792,0,0,0.0003183587
xgboost,2a0d36f28accc5d1598541d443f4bb5a2feedf007e,0,0,0.1601792
xgboost,2a10a23fc74ca0c998cbd9e80a2b3940d44b03a6f0,0,0,0.00030038686
xgboost,2a1391a3214fa42b8aab11b487b5a64b79e6cf32a6,0,0,0.00078046566
xgboost,2a1ea1b82a39c9fe4046af8e8183ee0067947997f7,0,0,0.00034415527
xgboost,2a24bbd97f60348ae576a7753ce7cc4548030970a7,0,0,0.00022083636
xgboost,2a26e29d43237854b107d649dd751b37b357fc8d2c,0,1,0.64315486
xgboost,2a2b2813467b14e58d79bbea10fb556c1bb8a72a9d,0,0,0.00022083636
xgboost,2a3636f7f6fc3169a795520dd94d0742f66786da62,0,0,0.00042573095
xgboost,2a36ad6794513dd37723f6fa93416ef351a63c39ea,0,0,0.029794568
xgboost,2a3f355cba4f8a8845a80e3c2464084d49a8db6988,0,0,0.0054252394
xgboost,2a420584f244b6387d24f650a47f7c6afe40b53a06,0,0,0.029794568
xgboost,2a451e456971c79c8672c38d28fe538aa037f3d842,0,0,0.20158969
xgboost,2a45c653e73d516b1e757926143f70fd32b8acb4b4,0,0,0.021266634
xgboost,2a49b79841ed697287a5d1c5bb197502c2e72e05f5,0,0,0.007891431
xgboost,2a633fed5548d95d177f5539fc30af6d99e58f6efa,0,0,0.009873061
xgboost,2a6d755f4b406c39f2e7ab00359379d3eef6f7b6e1,0,0,0.028438905
xgboost,2a72d6a63c71074899bf10fbc0436804ceb134066c,0,0,0.0003744533
xgboost,2a731ac7b00eef6bfc86bc0a243693e6add3c16cdc,0,0,0.0043070638
xgboost,2a76351bb030495b0087af85be88a7ab262d7c83a8,0,0,0.00029415396
xgboost,2a78368151affb35ed5d9838e6d8f205d92dedf7aa,0,0,0.021064816
xgboost,2a789a30e2dbe14d759ddd2a63f819a0faa3f82cac,0,0,0.0006486801
xgboost,2a789a7a46684631b847cc6ea26c4b94affc99679e,0,0,0.0002330163
xgboost,2a79441a43e630faa7e1d82c205be73bea93674049,0,0,0.0003925852
xgboost,2a7957e1aa5c9ab202857d9ea421c8d52a68a41254,0,0,0.014936938
xgboost,2a7c9b76f19655b08619adb2970792d63beedb7b0f,1,0,0.24505952
xgboost,2a7cca6bf13a42ce4d67d0ac90f592cd92f3a81496,0,0,0.032415178
xgboost,2a8bfa22f119b500c5fca1bbc5e4e2f48dab8e4a2f,0,0,0.032224238
xgboost,2a9aab2eb2a1954688d7128d2939b4ab4fc5e8d7a2,0,0,0.0009429115
xgboost,2a9bde96d055abbe02c07ae1fac885e522d8389365,0,0,0.00041254555
xgboost,2aa2ee62ca2316af469d00eeb127525d22061b5dda,0,0,0.16855088
xgboost,2aa3cc2a140fcad0351f00321d35ae3847477acd69,0,0,0.00029415396
xgboost,2aa9b61f958a65f8d585f069d65ee379e22f55d092,0,0,0.00096465787
xgboost,2aaa724e15a020acec2e81993ab261a17d3f8a74fe,0,0,0.00034415527
xgboost,2aacc395c1e6aae1e0c1e05303e4b8dbbee3eb85d1,0,0,0.00030038686
xgboost,2ab1c443fe1793330727d54c974bc3be33d051f6a5,0,0,0.028863749
xgboost,2abe055969cf501413eed1599754df334b63837777,0,0,0.0003925852
xgboost,2ac0a60b8ef43dcb7415acb347317a440f1742c83a,0,0,0.00042327403
xgboost,2ac232e27be4f493ac96c5bf91128daacf0de32eb5,1,1,0.6306547
xgboost,2ac2e8526771b4c138ade746ef0ec861ef38983d53,0,0,0.018812409
xgboost,2acae3d4cb572a8388c7da52162f3f1ab1efedaf5e,1,0,0.07795346
xgboost,2ad15ffe7b74b5b7bf91c1649015bd84dc788088ca,0,0,0.001108906
xgboost,2ad5309d298bc3c3c88ed0be1f95e53b2d271f519a,0,0,0.0050011594
xgboost,2ade876e14084fd8b0c17739a3b69d70507a7a7f2b,0,0,0.00034415527
xgboost,2ae19f7c52257997ebcb651e1efef36e385c5c97ac,0,0,0.00062770204
xgboost,2ae822c702a9a8040f0eeef676ca6f21ae0f1e4555,0,0,0.010854048
xgboost,2aebb625d6c0dbd56fe4d014a73c652c2dd2dd8a1c,0,0,0.008825426
xgboost,2af0b9dbc2a0c3c05791a04cceceeb8ff950f08a96,0,0,0.111099266
xgboost,2af6cf6e83a72d24b68f06aa4f6a7b6f201c516f6b,0,0,0.00057926105
xgboost,2b005d4127f39990575e18d58e4565c538ce9f4883,0,0,0.0011099989
xgboost,2b00e44836c1b3a5e79b3716159a56cf64ffb9ac8d,0,0,0.0010763843
xgboost,2b03b931f0697ba3e97005b96d3714a1dc4404abd2,0,0,0.033424415
xgboost,2b03e84ec85610500ed6ffe63eadabc1dd3d0ea99b,0,0,0.020047948
xgboost,2b04ef828d3730545e8c5f03eb8f46ba1875d92331,0,0,0.0006299072
xgboost,2b073704786614177ce9506ab4fc9933615a30f9da,0,0,0.00046689593
xgboost,2b12c0974f26e8ee504856439af5ce58e3bf50361d,0,0,0.0014350319
xgboost,2b142998c0847580c39819a1194362d4c941216a6e,0,0,0.006094069
xgboost,2b1af97303d99b4bf337b7c2034003cd1709464a18,0,0,0.041514996
xgboost,2b2ac373a0f0c97e84012fa861cc95a77557b89835,0,0,0.055719044
xgboost,2b2be88a24c9216efd13dcc7e294713d77dfd04dc7,0,0,0.00086060417
xgboost,2b2ec06e51a5ca9bd15800fa1f40ac39bd3b1346bc,0,0,0.022936577
xgboost,2b43a3baf76ca9703c40c376b40c2cdc4db907af10,0,0,0.0006299072
xgboost,2b5a13995595f92a36d0e576a355aca351b7361cc8,1,0,0.15264633
xgboost,2b61b17fb3c0cf3261928e5e27adcf758fa493e1c9,0,0,0.0002330163
xgboost,2b67f582cb7576075a14ad6d1d253db88ffd140283,0,0,0.24505952
xgboost,2b6d77ed3dd70b439e559b9664f6b6428f6886277e,0,0,0.111511186
xgboost,2b7306a201f08f863542da04b37b05ee938357132a,0,0,0.006064744
xgboost,2b749e906edf5dbcdb718d45d92e128155e087a7a9,0,0,0.00042573095
xgboost,2b787d1d54d3805a781727704bc715f0afd9efbea7,0,0,0.00042573095
xgboost,2b7f282b437e8b9c59a2f7985410eb858ad9f8a289,0,0,0.009873061
xgboost,2b80928928ddf7d5ffa9c94d1220621eb0d93a9a0e,0,0,0.0009133837
xgboost,2b80c5ea1b27e2c8c67447fa3852ea56d1ebe2877d,1,1,0.64371026
xgboost,2b837bc70c0b5d1600f507b518df08572d689791cc,0,0,0.020044776
xgboost,2b8885b22522208823b6eab4ca07dc613d829755b9,0,0,0.02197904
xgboost,2b8d17fff285ca70e3e7090cc03ad7c7464dbac187,0,0,0.0012346779
xgboost,2b929376b2ef2b213156fe9da2887648c3c6611b75,0,0,0.0003744533
xgboost,2b95851a0ff21add61d2858005bc1489c2dd9c397d,0,0,0.0010763843
xgboost,2b96fef92d6c93edfd76ffd741ed6e2876ee3dc646,0,1,0.65877914
xgboost,2ba57657d7f85d205ca76781401eab29d6e7db55a8,0,0,0.0006716701
xgboost,2bd2469da29aeeec1c256b8ef12ce579b0ce07c721,0,0,0.035440907
xgboost,2bd2e3c083d0fa14a11b54e3186e19d8e9f8c6d640,0,0,0.0054252394
xgboost,2bd32a05ec74c711da8521f1a4e1b1078310e5c572,0,0,0.00042327403
xgboost,2bd426c517d062ed48345cf1c900f00f5b7e2c517a,0,0,0.01537847
xgboost,2bded2bfb31cc27762b897c248d28b05f593baba59,0,0,0.0006299072
xgboost,2bded39106875da17c6711ee0ebb92f679bc722255,0,0,0.0069351136
xgboost,2be048800937fbfaebb1f831aec64ed701e6c0d77b,0,0,0.05705226
xgboost,2be0f87c4dd48418e61365913e78ff935385614f95,0,0,0.00034415527
xgboost,2be2c6662b938e19ded323934a65b3d3479d819857,0,0,0.00029415396
xgboost,2be56577a3f6f0f5f90c8ece4f3d4cf3f1f00f9180,0,0,0.0002330163
xgboost,2be676d4175c4770eba27d972cf3ac5d0f4fd1f862,0,0,0.00035953108
xgboost,2be82fb00815348e319633288ae68b35a4f0f94665,0,0,0.022123944
xgboost,2be9773b95cc0dbdb7efb8d9ba151dd8975ee931d8,0,0,0.013926448
xgboost,2be9d95878b6faaf1db5fedecd3864f58426b736e7,0,0,0.011115743
xgboost,2bf483a963c12841c156f52c84bcd7877b006d090a,0,0,0.0003183587
xgboost,2bf9fb1bccde6e2f15d8e76023f55de6164e526be8,0,0,0.007452481
xgboost,2bfb02114860db7f09918d6281ab05c21352a93a1e,0,0,0.00042327403
xgboost,2bfe131d5f61cafe85e00a5167c8ce2f00ee8d9145,0,0,0.0006227354
xgboost,2c02cbbcaca8d833a6be7727ef856b3b5cafd95bcc,0,0,0.1344866
xgboost,2c041451993ee3950cf863b261aeda5ca214b4771b,0,0,0.00046689593
xgboost,2c04ef7365235b4172ddd4cec054dd949e3db085b0,0,0,0.008981103
xgboost,2c06d8d2a6cdc21943015852870847cb2097c3f54e,0,0,0.00030038686
xgboost,2c0be555fbc1a95f9ec827f21568bbadb3e28a3bdb,0,0,0.0058986996
xgboost,2c0c3885707c5d0ecca96d671d1c02d1e1c67f0a88,0,0,0.13653083
xgboost,2c10b372d90385118060e52a6a3e03f6ff7db1bc5e,0,0,0.00022021777
xgboost,2c1577c2a9e6e79254c4d33f9416010f9c8f1982e7,0,0,0.0003183587
xgboost,2c2c70830949911126e7ebc10687225590b8b514d0,0,0,0.0003668598
xgboost,2c34cc70bd445fb1a98f2b48e988c48a751e133a70,0,0,0.00086060417
xgboost,2c36343cf006cfb631bf2eeb34f5a841cbc013de5d,0,0,0.0002330163
xgboost,2c40df69795e66307fa6b52562d8e91f8ed2a428a7,0,1,0.65877914
xgboost,2c4a86469979d281eed30ef1001be6261a9f88ed4f,0,0,0.0002330163
xgboost,2c4b86ba85dba22132dc1b1d9658d7a0e581fbd68a,0,0,0.008981103
xgboost,2c4cd18d4194d672f5139bc2b448f533d9c00892ac,0,0,0.00044057542
xgboost,2c56932cae1fb662c1e6a3b0d39d24a0b588182c26,0,0,0.00041254555
xgboost,2c5a0a791dfe7294716eeae0df2ade32baab80ee39,0,0,0.008079678
xgboost,2c5ca760bc0a61b50c79dcbfdc3235086842eb54a7,0,0,0.1394689
xgboost,2c5fe24dbbdca34efbc8aa70c476833e05e0825033,0,0,0.00030038686
xgboost,2c69255c7f51fa3b6605965c14a31fc5a5ce27ff19,0,0,0.0029865296
xgboost,2c6a1a1ba6f5e21be9f6dca278dc808c17f2d2e17b,0,0,0.00034415527
xgboost,2c6c0ef5f445760177b016e33b36809bde3c7ac241,1,0,0.055719044
xgboost,2c6dd3032749c7d4d2287f9a5e8dc6d2403abd8147,0,0,0.00030038686
xgboost,2c79801ad0ad964c9c1ea1b5c85f5ff1103e72d7ba,0,1,0.6309033
xgboost,2c80a2f1feac117d46f4b5502f682972c699ee20ed,0,0,0.00037296838
xgboost,2c83dcda563735e4d6311c969767c55ab7f07fa15e,0,0,0.00069871
xgboost,2c845e4061235adc562140d79b35c2c6c5edcac56a,1,1,0.81158566
xgboost,2c9188bbcd90ac1a8a25cd087d5452fad3a661fc67,0,0,0.028160574
xgboost,2c92224d898904bfced2ce081db35ebc3b0fc59aaf,0,0,0.00903454
xgboost,2c9ed650c78444e7b6a58b56d78b06bae5a7346019,0,0,0.006158658
xgboost,2ca70874233a8fd925352a44e0df8854e2ceaa4af4,0,0,0.00035953108
xgboost,2ca7a0a8a50bbf3b246bf40f18df641464c36de7e6,0,0,0.0003183587
xgboost,2ca7dceffef3d1dbcf7b72b9c9bf5ef2782314fa0f,0,0,0.00034415527
xgboost,2ca88981f696f50b8f2cc6b2e3068dcc206efd0336,0,0,0.035440907
xgboost,2caa7cf5a52e48bb86dfb26556ca1fb11b7a24ef93,0,0,0.0007948035
xgboost,2cac979182fefcc1f59777d1947a5229fa7c04078a,0,0,0.00030038686
xgboost,2cb2709bc3ca273d72d84a54a9a77a5ae1a64dceba,0,0,0.010490675
xgboost,2cb8141264eb718fa4b355530bbdc0d14efebc7c64,0,0,0.0011099989
xgboost,2cbd5c421db47b162f58af568d29a36ae5eee65451,0,0,0.00029415396
xgboost,2cbf49c098b45a396fa20be0d4abb67ef214e9051c,0,0,0.0011728639
xgboost,2cd21250c561f59a8734a57215d9bcc54ba7a16462,0,0,0.035800178
xgboost,2cda37c7e626f9e7aa22fb0138122dde6d4a04c30f,0,0,0.0011728639
xgboost,2ce63267f1c68cd5f0312ea6367ea14567cd7c2c4b,0,0,0.00050622347
xgboost,2cedaa0d9899ab57a488fc6c1c9a47b8b3e8db7088,0,0,0.03861649
xgboost,2cf82853fc80e427546de54e47974f1840b4ce10f0,0,0,0.00086060417
xgboost,2cf9c53f1e7cd5fc4ea855b6474b5c724e7856441c,0,0,0.2611296
xgboost,2cfd53a988c7c6b8ae1cab38b1472999032d4652b1,0,0,0.0082098525
xgboost,2d1001c8f36291dabe3c09de13a6ccad17aecd13ea,0,0,0.00903454
xgboost,2d161b5b1569819945cda1a5d28bf74fb51bdcf47a,0,0,0.0006486801
xgboost,2d2628e3105894b53bc0e9750630d1d764e3661f2b,0,0,0.00041254555
xgboost,2d2a78d47c1af80b10fce18e6c9cd5e2e9cab337ac,0,0,0.00035953108
xgboost,2d2cd6c3e94011b8b7db86de9a60401d3a0c074b33,0,0,0.00029415396
xgboost,2d2de09d7f46609af77858e0d67b35338458250709,0,0,0.029167907
xgboost,2d30ffee75f66cbde1a7ddeea1dcc149aac6f2a5b2,0,0,0.029794568
xgboost,2d334d689fc03ab70d10ca5b6f090642e9b46cd936,0,0,0.0079541085
xgboost,2d336f813e0f863c73e67d230e6f44c14c9967a40c,0,0,0.13258594
xgboost,2d34bccd04de34ebd908b978773928a692ce0cf93e,0,0,0.14665343
xgboost,2d35caf79f40414a57e1a4512068c274f7a683ae3c,0,0,0.0145422
xgboost,2d3621e41cb98b7ba0ad3d840bca44a305264ac601,0,0,0.0010745612
xgboost,2d37c019ed3b881ad2dd2e6e4101b753522ecababb,0,0,0.0026480742
xgboost,2d3dfc503840916360696fed7fd6b4720cccfa7dff,0,0,0.0010080602
xgboost,2d3e9ce54c72b8b686d7137b8eca9374cf2d255d8f,0,0,0.023674697
xgboost,2d3ee9a8f6b6a636e759a1d687781db8806dc62033,0,0,0.0006299072
xgboost,2d464d44121bc28950911c530312ad196332a2b67d,0,0,0.24505952
xgboost,2d4af0c04f9d95f8065b55f6e1042f1bed34f4456a,1,1,0.64371026
xgboost,2d4c18b4c946ed24f060e215e919c79eeff18a011c,0,0,0.006672268
xgboost,2d4d7d97def163795576f494e4075232d77156b608,0,1,0.65877914
xgboost,2d4decaeae866867e7bb834e5ac121970c0b580986,0,0,0.00029415396
xgboost,2d4f30f42237b3642c2b0aa26a67f972dc4be94a4a,0,0,0.00074442895
xgboost,2d52d3a5bc6833e76a35156d574cd2e4967c304631,0,0,0.00037807395
xgboost,2d57ee0fcbeef6751085c330314faf98f73aa1600d,0,0,0.00042327403
xgboost,2d5e233201159c88997b1d1a5275a134eb534aaf32,0,0,0.0002330163
xgboost,2d62d2d2949d7436ae052c10008cff03b2803d99aa,0,0,0.00035953108
xgboost,2d66d25e9ebfd613304017d6b0f53114e461df0bb6,0,0,0.0002330163
xgboost,2d6e2a37f6b42f7300f32e4524b2b96ba54eece9a1,0,0,0.028863749
xgboost,2d7a590cb5a6ed07d0efb2372f33ab97f339c43852,0,0,0.00022021777
xgboost,2d95fd458128013fceebd8509e322f0545707252b4,0,0,0.0006227354
xgboost,2d9b94e3474c16b1511ad232de4586c77a86a06e5c,0,0,0.0019530896
xgboost,2d9c36e0f9a9a968850acdf633a0d410ddc24ef64d,0,0,0.00030038686
xgboost,2d9cb93c7b76fcbee8448730235e5dd9dbb126d94a,0,0,0.0067931744
xgboost,2da9eb940bf68f3a9c25b570649e6ba7d04a92dea1,0,0,0.00029415396
xgboost,2dae0682ea252491b598a6d2fa26ebcb41a66d3bc8,0,0,0.00034415527
xgboost,2db0b3dd973331dd3d78668ed228b7b1d35da518af,0,0,0.0022030366
xgboost,2db315acd1ce284e2418b63eee15f164925238a430,0,0,0.0720398
xgboost,2db377797280fff82c17ad9e01bee3a9893197a893,0,0,0.13653083
xgboost,2dbe2286fc62144a20e38f5e835a8040ff14e649fb,0,0,0.00034415527
xgboost,2dc594572f0a2e9d0139426b2a7494b48047252063,0,0,0.00086060417
xgboost,2dc8a7fc5457909d4535f14807e1e577f210f0d7bf,0,0,0.025427664
xgboost,2dca29712926675ca23d240b8afc35ab17a1650313,0,0,0.0003925852
xgboost,2dcf4ebb31648fe638f6945163250cbbb8a41b3818,0,0,0.00029415396
xgboost,2dd1a203d7b0a8b3a0cc3b7e20852f9675e75aecee,0,0,0.0002330163
xgboost,2dd4ebd735f7343ab3080ef8f24dff758ef441a432,0,0,0.0006071794
xgboost,2dde04dde875acfb046a8ce0691cfc02c0f71fbfa5,0,0,0.04829191
xgboost,2de2c72a2001676ca4796375c320ec5980cc4b22ce,0,0,0.0010247461
xgboost,2de7c60c6d99fa1c101704152d7a57c1f058f8c15b,1,0,0.1394689
xgboost,2debd3ce76e618cd602a071877f491476b2fe3e116,1,0,0.2046597
xgboost,2dec796154c814d3cc337777022e455d1d94ae7719,0,0,0.00042573095
xgboost,2df62ec495698a2a77ef0cc733234deb09eed8b2e7,0,0,0.029794568
xgboost,2dfba1422d0b5284ed62b50b7b3a11b1cb3358d291,1,0,0.33191314
xgboost,2dfc0c62a39635be0c6e7bdaa8ae15a73adfcf495b,0,0,0.0010745612
xgboost,2dffd6d131703bfcb2f8b92044c78e829d090e1b00,0,1,0.64371026
xgboost,2e02f66255d763c95efa441d0d860e6ed7119f2747,0,0,0.00034415527
xgboost,2e0720daeaa8d0a086a0b58dde35cf35b6cd2500bb,0,0,0.0010449707
xgboost,2e072ea2d39198c141277500de0588a524982f813a,0,0,0.0006716701
xgboost,2e07ba3a2c168097615e27c0e3069f8c09c0b44833,0,0,0.00041254555
xgboost,2e0801ffb381e0d01769183d37d77c66b805b3cdc1,0,0,0.0003925852
xgboost,2e0e41eb81fa260e7753738962d4379d282712e248,0,0,0.029226005
xgboost,2e0e873b827a626b305405f4d9f6e4cdc24dda93db,0,0,0.02976992
xgboost,2e0fab3a93cd5a0eb77c1772cdb4f5c4f50641d976,0,0,0.022936577
xgboost,2e186db33d46c1c88de1e8372fe8a8b5ad50279376,0,0,0.014936938
xgboost,2e1f84d47807e10d103ff8d4a3a33ac76eb4f0894d,0,0,0.0006716701
xgboost,2e3e07e21db17f92e15f73776cb1693d2c6ac15a96,0,0,0.33191314
xgboost,2e3f4043e386ce1ef83c04633407d09dfda05c8296,0,0,0.00037296838
xgboost,2e41d99422f00944b5db1f4749ce5e856f80ae7cec,0,0,0.00069871
xgboost,2e47281bdf5497952f4d0ba2ce109fa307da5e76ed,0,0,0.0013289296
xgboost,2e4a0a535c319a81af9d640f049c467ca33070deaf,0,0,0.0010745612
xgboost,2e4de86ad472a911b2e2421ca415ade7fa7a011e9f,0,0,0.034807306
xgboost,2e4dfb2c4dbe6a9d463f9931a060a403849d5c6148,0,0,0.0071041905
xgboost,2e4e5edbd5668f84641798bd8b66546ef4eb50843c,0,0,0.00034415527
xgboost,2e5b0b1ac63556d22a669b7702e7c463ffd974ce1a,0,1,0.64371026
xgboost,2e63a425c40970735d45c624f48f1de1e640e31854,0,0,0.00034415527
xgboost,2e65465b1849dcc32cc73800b108a9c01b15858ee3,0,0,0.005197153
xgboost,2e686450fb80cf9d822b58976bcc3ff1d402f7c949,0,0,0.032567263
xgboost,2e68b6e4db7c763a6ae2c25223e31a0cb66df0d5ff,0,0,0.025427664
xgboost,2e7759970ca38d91aae6d454dad23c37902433eaf7,0,0,0.0007948035
xgboost,2e7f63394e1da03df5fd335b48807537a5b2cec771,0,0,0.25800535
xgboost,2e84c6b5cc94a8c0c142381618c8b2519e49b4dbe7,1,0,0.20370762
xgboost,2e87831f9e5d9ffeb4e2e485bf467b2f0bb9715609,0,0,0.07525418
xgboost,2e8c544d4055d4066946f1dfb5c6a4932308ff6876,0,0,0.00022083636
xgboost,2e90e319f3831b5225dff1c39b5d3b0904414cc642,0,0,0.008079678
xgboost,2e9f221303a53273bbb361020a23c2bff7468e6bbb,0,0,0.0006071794
xgboost,2ea32f161dfd8c1ebe0daec62cbe41a3ab9ebad4ac,0,0,0.0006716701
xgboost,2ea55d2515fc362820c4474d7c7986167a3b7376be,0,0,0.00042327403
xgboost,2ea66f63f53d1f45c37e1403e796b34508fc887f67,0,0,0.0009133837
xgboost,2ea9815afe0a8dc589b345df82d71c5146f4958a92,0,0,0.014667858
xgboost,2eb693e7437daba5c9de109ff4f4f0ff1858ca12b9,0,0,0.00042573095
xgboost,2ebbb33aee07f398671ecb5d0d1c8885340bdb4585,0,0,0.0022030366
xgboost,2ec167b0422835075f161c87529f45b5e9dcb96848,1,0,0.27309594
xgboost,2ec1eac0d8f3addf3fdc4afbca34d0e28dd522998a,0,0,0.03925821
xgboost,2ec4b0fb40fa737abd68d33c45486eaca4ae2daca9,0,0,0.00034415527
xgboost,2ec5c9fdc9c78aaf72d94c3a1eabc5490b4c7e2cc9,0,0,0.029226005
xgboost,2ec6fa935dd0bf86541a029d1eda81e7ed27807951,0,0,0.05965953
xgboost,2ec70cff4a7835f3b49c058b64cefb9764fa0d1b5c,0,0,0.00078046566
xgboost,2ed889629accb0d8e1597e3152050b4363721ae166,0,0,0.2046597
xgboost,2edcb2a89022f2b0d187745f265508e07440a493fc,0,0,0.0006486801
xgboost,2edee8b0b8ca2b32beb4852286e57529f02a66734d,0,0,0.02976992
xgboost,2ee0728dd29811e1aaadac2f2253a1558db1075f2a,0,0,0.025427664
xgboost,2ee9d1ff38b58621cb8bd92f137136d083045e7cad,0,0,0.0009133837
xgboost,2ef928f0ed37baa489e9dffd62f94838e174a015f3,0,1,0.64371026
xgboost,2efb0a83eb54e4e13bd7a59b18a436fe85c283be22,0,0,0.00046689593
xgboost,2f12954e3b64be44b0d0d73369396f731a7e3648e6,0,0,0.0003744533
xgboost,2f15debdbb9a75dc5b3a3925331c64859c4ac0b195,0,0,0.00030038686
xgboost,2f1c784207d22a2575f44160b14e812e721a9c776d,0,0,0.0022030366
xgboost,2f239e7d7730a67c96c9b2421bea9ee696561d3786,0,0,0.0079541085
xgboost,2f26ad0b2000ec15772ca1e60b7bf1373421778486,0,0,0.0003925852
xgboost,2f2c1116a33cc18f4c7d8ef3b50803bb21d3fe5d4f,0,0,0.007452481
xgboost,2f3192424f1771bdf62c7bb437170b2dfe2342bc46,0,0,0.0006227354
xgboost,2f322b44959757ca859cb9899c2c39a3fbeae89151,0,0,0.00034415527
xgboost,2f4272bd5513dfe96ed81d6b2199f4b0a511e7c523,0,0,0.00042327403
xgboost,2f462334a1fda8052af766cd4a2a60f5e29c8e59bb,0,0,0.00029415396
xgboost,2f53322c95e9885b0168c2f2582dc9eb17da3dea17,0,0,0.035440907
xgboost,2f63defe25e4a5b01e94037263e47e5790f81c6921,0,0,0.0068733734
xgboost,2f65dc709d7fe983fe5b5f57c0bb16fac02f9cddf4,0,0,0.00041504586
xgboost,2f6e767a6dfaee46b86074784fa1d517ec93bd3f4e,0,0,0.00044057542
xgboost,2f6f47e84d4260ff36f60c0a8a620d608fd74d35ab,0,0,0.019230211
xgboost,2f6f74752337653dd5ff355dc94acc5c0e84a0c8ed,0,0,0.00035953108
xgboost,2f72df0d9696029e25f2a955c6944e00a0e2caec02,0,0,0.019841658
xgboost,2f77f581207b288ac104c404ca366dffd85bba4cd1,0,0,0.00069871
xgboost,2f8130d13c75b7b8ff042fee8c6793088ec75eadd4,0,0,0.023720916
xgboost,2f89a17aaba0c415abddc87e4194ab04039a4049fa,0,0,0.00034415527
xgboost,2fb9b625190f2172df5e102e47cb58849db8a86e74,0,0,0.0009881387
xgboost,2fbe404550e49a0be42c5ac2c034f89f3bf6ffa2a2,0,0,0.130111
xgboost,2fc4babdcb0eb0c51a83f91b5609db8e6400983aca,0,0,0.16246068
xgboost,2fc8eb91277e0b760ba62415d95eb93fc9ce151bed,0,0,0.00022083636
xgboost,2fcc028884c30e1f3df13a76317d8156586c4c91b0,0,0,0.00034415527
xgboost,2fccf74e3647adda02803fd78fcd62d47645514c18,0,0,0.0010745612
xgboost,2fce48f77080e3a0743ba09caf91f2eac8602f0408,0,0,0.27358052
xgboost,2fd6907940a64e25cd01f55cb2bc4439f733ab66de,0,0,0.08505226
xgboost,2fda0b815d028035df678d440c717909a7c677578b,1,0,0.2046597
xgboost,2fe3660a269655075620cba8babf359f7d83cc558f,0,0,0.00034415527
xgboost,2fe370be763c7a099be3eb7ffe28e3c1ba1166a3ef,0,0,0.03023339
xgboost,2ff0c218d6976ae6f0968b479864b8b02253edc427,0,0,0.019479604
xgboost,2ffad5c6f973b682c21925c2cb5f551b6a1ac15977,0,0,0.024599493
xgboost,3001e553839f2f44a8e6884ca10217ba9e9cc293b5,0,0,0.0079541085
xgboost,300adaf9141e90991b4a15d40e2c30be8311d50072,0,0,0.0002330163
xgboost,3029cda8208c6f8a8295a1c4c767e950b5e56c4404,0,0,0.025876993
xgboost,3033bb1b51320da248906d2516209988cd41c2e46d,0,0,0.005607715
xgboost,3033c8050d1cbf9943fdd64e2c0e3edcb2fc1d3f30,0,0,0.0003183587
xgboost,3039b966d5fca6a53e93b78815be004de34cb3c43b,0,0,0.0003183587
xgboost,304da80da978de9efe1f05ca91d2299ee0627e5901,0,0,0.00086060417
xgboost,304eb6d300d267f7fdc8c2e254611aff2255648b52,0,0,0.00037296838
xgboost,305007ce684984f73e35ae37b813f109713582225b,1,1,0.6309033
xgboost,305099e50efb70d496166977ad2cae213db8f9acaa,0,0,0.0002330163
xgboost,3050e9b6f5f69c468d7beabf81ab1288931386c137,0,0,0.00035953108
xgboost,30513aa096e7ae1fd862b211e74a5d21dd9031f0e6,0,0,0.013479265
xgboost,305185f9f8e07a1f7102828ccc029be26e6b5b6e30,0,0,0.0012723015
xgboost,3051bb350964aeac9df389bde5ebbae3aae2aea75e,0,0,0.00042573095
xgboost,305856c24fb12546f54a2793b1b78efe51160065d8,1,0,0.15299495
xgboost,305a4758c368012f878a9208d5a6073f46242177b4,0,0,0.15244524
xgboost,305bdcf6fcd806f0711f50ca6fb5f13fe54ccdf7ff,0,0,0.00030038686
xgboost,305ebb9948fa2c873f254de3e440fca1aa374083e8,0,0,0.0006071794
xgboost,3066261119a9f2f58542a52febca2598e2c0a0d12c,0,0,0.00034415527
xgboost,307b9484173ff2addffe4ba8f61985ba9e3cf97730,0,0,0.005197153
xgboost,307c1e907fff382e2950c3f49da0703d92f9a13eca,0,0,0.00042327403
xgboost,308ab9187d7822f79d92bc9778e52b52dfe8e9eacb,0,0,0.0068733734
xgboost,30938346c03bcd32cc7eb53f49f41ca5aacc063d3f,0,0,0.014806572
xgboost,309c519c890e7ffabf3d03c98dd69cda0fc094eb82,0,0,0.007452481
xgboost,30a24c06b4d735cefe12563fcf127fca623b589482,1,0,0.08505226
xgboost,30a28edce7a72bfbfa186d9576d09f0a06533e288e,0,0,0.00022021777
xgboost,30af90fca18bd36eda282969880c9e1408990d4e87,0,0,0.00034415527
xgboost,30c2d81b39545cb635ccaa97ac3751897ba7ddc01d,0,0,0.1743588
xgboost,30c475c60df060aaa351148b621db7ee44741288fe,0,0,0.00037296838
xgboost,30c6f6591cf666b9550aa8f38455d5ddf0b81fac7c,0,0,0.0006486801
xgboost,30c78c980fa6db5b520d4a5d7fdd33a3d52799d60d,0,0,0.13653083
xgboost,30df9721941b8c13e6c18826270cb1347c4074b267,0,0,0.004916782
xgboost,30e065da92f732b217a0e7a48068c3d9aa2e171cd2,0,0,0.035440907
xgboost,30ec264a69c1bbc4736c182d0ea67059dc2b152833,0,0,0.111099266
xgboost,30ecffbcce029a6a6ef159d1be4cef386bd4afb7f1,0,0,0.0007948035
xgboost,30eecdcaf9f955e2dbee849dba0a11fca771f9b9cc,0,0,0.020047948
xgboost,30fc448326063d0aae2e79ad0446ae281e3b24d15c,0,0,0.03861649
xgboost,30fdee02510ea7ebedefa819d28e3f5ee40d56c437,0,0,0.00034415527
xgboost,3102a0189ea5e46255c08c294138bf43d5d9e112b9,0,0,0.055719044
xgboost,31043c01d964186abff397ca7b28979e71a8f7a9d1,0,0,0.00034415527
xgboost,3112d2085ac4d6fc80d4f809bd715e7856c9fc8c9b,0,0,0.0006716701
xgboost,311c0cf4a2eb1e905bc4c0aae4c49e928100cd0aea,0,0,0.014169116
xgboost,311d2e5f90c3758c4333f28b1266a204d4faddde01,1,1,0.6306547
xgboost,311eebfcfd4b8e1995be747047ffc3f912c649cbf1,0,0,0.0003668598
xgboost,312e7d9697120975cf0a56353cd7408e786346a84d,0,0,0.034807306
xgboost,314877bfb2a8f6e84a60d015b6521624ee05ca3073,0,0,0.0003183587
xgboost,31497b264be20987e5a8cb0e2d867109cf79af7166,0,0,0.00063679816
xgboost,3158c437c64aa44da857b420bd28a623a55bed3e91,0,0,0.005197153
xgboost,315ae6aa1160bd69df9b3a9a6ecbdb216f82858ea2,0,0,0.0002330163
xgboost,315c15819174c2136b51f05a3fa1d2ed7c2572f816,0,0,0.0010745612
xgboost,315d1107912ec28fd72f4b06e17adc10e635a8e552,0,0,0.026038293
xgboost,31606a9271ba16c33b112e4bd55b8c107a0419f13c,1,1,0.65877914
xgboost,3160a1fd5801513f93cc9be693c4459d2bf99f5cd3,0,0,0.00030038686
xgboost,316eab19296dde1e5abb65a4f43c71ab04deecbd0a,0,0,0.0013066181
xgboost,3171fa94270402c097b34ec2b840f54d1e9a7451df,0,0,0.00030038686
xgboost,317340900b26aa6b2197e92c5d641af6bd13a72998,0,0,0.00030038686
xgboost,3178ab7daf6631a27ac9a199218089a2a681291913,0,0,0.00034415527
xgboost,317967d0d60451f8b967df3e5451ed691199fc62f1,0,0,0.1404787
xgboost,317ace9cd55586e2f9a91173a230e5b7543e559a9d,1,1,0.64315486
xgboost,317c6a2826793362f2ee128c03e8f9d46ab308d563,0,0,0.035440907
xgboost,317f7c0d46a8e796d5855bbc1fd5e6ff8cb9e6941b,0,0,0.00030038686
xgboost,31899cc4ae427e90434b8c4617cbfec93050285ace,0,0,0.015226283
xgboost,318ea5274cfeae3f5d4d4d99567efd44435b3cab32,0,0,0.00029415396
xgboost,3191a37f4e30a0d00e5f9706866d562fcfb947ffa1,0,0,0.028160574
xgboost,319c81121c22d7fbd415819a60f17ed6b156848cd2,1,1,0.64371026
xgboost,319e903e70c472e564d866826e461c6e50b5ece940,0,0,0.0003183587
xgboost,319f9f41d50fb2d58e869522ff9a3438ee92be8ed2,0,0,0.0079541085
xgboost,31ab733619b633a293603f748a8d90bec59f004e6c,0,0,0.0010099511
xgboost,31ab940f2e05cc1c8e58df1f1cc78d0543baa5377c,0,0,0.04829191
xgboost,31ada955b2594fc0347a3957d9949f487d53362055,0,0,0.0011099989
xgboost,31af077ef12deb74e910dba4d5cd29260f85fc05b9,0,0,0.0007948035
xgboost,31b028893f852e794ecf417d644db0e4bec6763e87,0,0,0.001108906
xgboost,31b9affd365b5344d73ee97aa3f239aa449ccc9a5c,0,0,0.00094434194
xgboost,31bd2da1724a797215300b518c75c09f2d869ee8e7,0,0,0.03023339
xgboost,31c1172d9f5404aeab8ab4a97bf7aaca2235da95d3,0,0,0.007452481
xgboost,31c185bafde90ba9b39047a972916ac37e62549c60,0,0,0.0002330163
xgboost,31c9fd76c36e86921d43e70150af743ee2994c390e,0,0,0.00042327403
xgboost,31cc555f938e931adb29b06675acb0a98a5ff80063,1,0,0.27309594
xgboost,31cec2b4fcce11cea9b996c3021ea0f21602068bf6,0,0,0.0003183587
xgboost,31cec5a8df7346dc636f5208a760654d4ce7706251,0,0,0.0082098525
xgboost,31d6946ab3a457388762cbcecc540dc31e120333a7,0,0,0.019660987
xgboost,31f3f3c64ce2fc3459559d57d2c1eabb713405f008,0,0,0.24505952
xgboost,31f6bc5351dec163d2f47d54b3a04bca0522e68e09,0,0,0.0079541085
xgboost,31fb6d5e09e738aab355bf8b2c4970511bdc04eaff,0,0,0.0003183587
xgboost,320743dd52454d55045d71247813419b8fb10acbb0,0,0,0.023674697
xgboost,321a3c8389be9227fc0f50f0bcc90f248a4401bb6f,0,0,0.0071041905
xgboost,322123461fef79b0ed2e56bec96834c97f81ba3c2d,0,0,0.0105177555
xgboost,3225aa8560c09fa308dae604fae5a6332921a38a37,0,0,0.00030038686
xgboost,32278b964a06bb4b9a298c6a5345eec5a4e23f653f,0,0,0.0003183587
xgboost,3228190292f24624414153d62025a3cb5215052b43,0,0,0.00022021777
xgboost,3228f7a0bfd16c0be63a3841e8c8d5c5ce3ce0c49f,0,0,0.00029415396
xgboost,3230957006981d6d8e791492e154664ce874f43661,0,0,0.00041254555
xgboost,3235a427af2877f27194a95a8a7ad078b594f3b277,0,0,0.0011728639
xgboost,323701542845407668c0fc513954dde1e82cf16297,0,0,0.0006486801
xgboost,323f2b9c539d5bf1c876832d3f8b5ffc37537c1972,0,0,0.006064744
xgboost,3245a5f61e47d0f28fc827984055b3a2752185ec08,0,0,0.03925821
xgboost,324bc6d3eb27cb5238df0d21aef663f0be2371ba50,0,0,0.0002330163
xgboost,32508f572ae970aff817ebcf7f646a88b9e1a3d47f,0,0,0.01190468
xgboost,3257600030a7cefa84609ad32d2d77584fce2a9aca,0,0,0.01190468
xgboost,325cc6b5272d82d6c22df5a9b3868e69534562e36b,0,0,0.00086060417
xgboost,3260034dc2299e0e5e2a3ed6c38e0bd9f8f2c312f4,0,0,0.0003183587
xgboost,3261f9af008da911e7299edf5f1ed68c6481943e71,0,0,0.0003668598
xgboost,3268175e066e32b2f88799b718935ffd5ef98e9b03,0,0,0.00022083636
xgboost,3275c2c699e088069dca0a93230a5771383845e6cc,0,0,0.00022021777
xgboost,3282e543ee2b8e507dc4eab772f805ec97364b3488,0,0,0.15244524
xgboost,328f91ca87bb61b3b15c13ddf9a1a0031207a8baea,0,0,0.0067931744
xgboost,32907a48a4a617674e9c7851dda5c1d5b2a6c871b4,0,0,0.0012346779
xgboost,3293fdd40ed04a405184873b7454c467bb909662ae,0,0,0.00029415396
xgboost,3297e647c9baad1dce0b9848eef73e5e4f16d26929,0,0,0.034807306
xgboost,32a4aec80b0602edcea8bd89c1588ce469969a1fc2,0,0,0.00029415396
xgboost,32ad38db410a7d48cc41f4575960fe8a3467e5034e,0,0,0.0058986996
xgboost,32b7f2d3d36309ce57d795e226b3405ed2e4ba03f9,0,0,0.034807306
xgboost,32bcf2fce772fa16417ad524576506334a052652c6,0,0,0.00044057542
xgboost,32c16d33860506f96c0c8558e6cd9eaacff6b3c7d4,0,0,0.0009361887
xgboost,32ca6410b5ee38071ad308107ec31ee7bc10a22600,0,0,0.00044057542
xgboost,32cbd753da27b79b57f21f685ee3d6f94011c9ac67,0,0,0.00086060417
xgboost,32d3716608690f46cce211fade324a06b489f4c8b6,0,0,0.0003744533
xgboost,32d42981b4fbabc7fffafff27ce24b894705ca7a2f,1,1,0.6306547
xgboost,32feca53263b00b9c56bb16065f2c1943df8c77e99,0,0,0.00037296838
xgboost,330389585c05c53a3f7a39d3705d028976a547b1fa,0,0,0.0009133837
xgboost,330431e3a5b5603e24e113cbee3a45d88478847043,0,0,0.00041504586
xgboost,330785d8832275351d77f9b74fad2cf00ea9164df2,0,0,0.00029415396
xgboost,3309430f8e6daa62849b684909c39eb73f10e21445,0,0,0.0071041905
xgboost,330f66fe2dd93bca81af26f6a98511deac290a103e,0,0,0.020649059
xgboost,3315d39c18738411af1cd2bc16e458434424691638,0,0,0.0013208393
xgboost,331656a00e0767a8d4b79d066fda5e93972af73d9a,0,0,0.00029415396
xgboost,331befc503e4cc1d74c0f65af3909149692fbb0739,0,0,0.00046689593
xgboost,331e932ba751c51e6e467bc6df9ed55fb6162dbd45,0,0,0.14665343
xgboost,3331fa818a2c81dc4d5413b97c8f92d68f5f50da75,0,0,0.0012346779
xgboost,33351b8189632efa6f3df0579a5dcab9949f379c59,0,0,0.032384146
xgboost,3336e292394f9e218f5819c5113f6206470be9ed8e,0,0,0.0068733734
xgboost,333d933e3245cba0c8ee0b38fd16f116a7d12702aa,0,0,0.00069871
xgboost,33439cccb991c205ac9725882026f2f34f2e1500e3,0,0,0.00029415396
xgboost,33461cd78e23ac28bdfd3216ac29c423cff776e020,0,0,0.20370762
xgboost,335810fdb86aef1f7ff0ad61c2390e0a01075f5321,0,0,0.00022083636
xgboost,335e80eb64b527b995e0ecd42a43664ac8d5d01c50,0,0,0.021064816
xgboost,33764bd43c4e95c327be79eab831be468cdcb0c9e6,0,0,0.00030038686
xgboost,3381ba46b2f800b9e0caa160af046d864adf9d5f63,0,0,0.026295189
xgboost,33863751e94667db922dd26b22f2eebb089e333ba5,0,0,0.00034415527
xgboost,338b693eac75cc5257159ba1656f382f2973f97c30,0,0,0.0003925852
xgboost,338c07091ea01396ada4b948535c099d391a41ad13,0,0,0.035440907
xgboost,338e85085e3aadfd0dce0fe1237ec0f2c82e1beffe,0,0,0.007081607
xgboost,3394a92e9e152781c1319e22bfb6b8bffbd8364d57,0,0,0.0013208393
xgboost,3395d92c1999bd9919a2d4463aa189f55c8caf1710,0,0,0.00037807395
xgboost,339b3b7976ae5993d2d98a5560a28279ba96337d5c,0,0,0.062109012
xgboost,339c0b98a9d7280216012b75ed04a8dd595d593e43,0,0,0.13653083
xgboost,339c651204948c6f87b6486090e0da34c000fc7e45,0,0,0.0003925852
xgboost,339eadade515fad4e61954de09d92a29c775a3e541,0,0,0.0006227354
xgboost,33aab254ee2ca9e4e7d818f7c41f5c20cffb03bc82,0,0,0.028863749
xgboost,33b374969b24aa77737a7ca270fc1d2b72ec294526,1,1,0.6306547
xgboost,33b7b78e6d00fddcd487a96f429b1ef0a23d1879f8,0,0,0.0011099989
xgboost,33bc496e2c97a30d68d4bfb57557e163edc91631ee,0,0,0.0006299072
xgboost,33c14777e6ef6273f12b306edf7c59f9d47d192fd4,0,0,0.00034415527
xgboost,33c41a01cafd5ee602722438232f5910e59be8cd64,0,0,0.008981103
xgboost,33c8c36e89140a6a3360e85624703c8243318c639a,0,0,0.1394689
xgboost,33cc807a6ff8c4456443c3526ec35ea9a0a06314fd,0,0,0.00030038686
xgboost,33cd33a0e69698e20bdef1f3f8c6962e00d30fb3ed,0,0,0.0003925852
xgboost,33cd873c488de86e7d8002dc74d633be22ed3ad835,0,0,0.0019530896
xgboost,33ce7649f6c23d105d847012e73ec5f468f81fa8a9,0,0,0.0006071794
xgboost,33d498132ff9ec46a1714fb115645db385e2b5a3c8,0,0,0.026810737
xgboost,33d7dd43332bacf477e6312745a597b560be4bf44a,0,0,0.015226283
xgboost,33d870de40e4b6410657e5ead6df60006eca5b369a,0,0,0.0006227354
xgboost,33de5b58f4b292bddea842252943e2e00680bce37c,0,0,0.006672268
xgboost,33df7e72cb21f6f322502c7c10af27150719494d5a,0,0,0.00030038686
xgboost,33e0291fc926abbd5f2eba2e60cf187634b6e1172b,0,0,0.0071041905
xgboost,33e063bd26512356208095ad5843001c169c75c6d8,0,1,0.64371026
xgboost,33e4f117ffbaa872fa22f7c181e6c67cc38ec7ec2e,0,0,0.041514996
xgboost,33e8bfe2b8a38fc6e61d7a64349554a8a1f7aebfad,0,0,0.2611296
xgboost,33f92349afda9ccbe1f5f8c6cdebded113edcf6c37,0,0,0.0010745612
xgboost,3402822022c8d2eada885014a1344e3ed01940ef68,1,1,0.5566283
xgboost,340420eb94860dd030a26b00dac73e9be1cccdb491,0,0,0.0011728639
xgboost,34067b48e528c4b5404dc73563cb0e2eec5923b926,0,0,0.0058986996
xgboost,34095d0be45a395ec6cd920804c484996b7a0b71f3,0,0,0.0054252394
xgboost,34099f9a32cfd1af516f905db074d0e2ed957643c5,0,0,0.0003925852
xgboost,340a834104c5bce991ac8d2825c27390cf28dacd6f,0,0,0.015456006
xgboost,340d2f2077fdd6854403c38403b73e797aa523380b,0,0,0.023674697
xgboost,341c88e2f2ffdf7da7b8f402baf2f940f0794ee5f7,0,0,0.0003043416
xgboost,341eb3fe4df3aab5bbad23306dfd0938af29c5e178,0,0,0.0053094267
xgboost,34217f2cff6543fb34711609e4bda94de631b018ef,0,0,0.023720916
xgboost,3424d9446122dafb226a401c595571ee9d67a91622,0,0,0.017295288
xgboost,34250624a1643d069c6869913acb034ea0e4fbb620,0,0,0.00034415527
xgboost,3427e9929ed2eaeb7ddbbbe09ec975b19075d6c1f4,0,0,0.011115743
xgboost,34394f1d3609c719e0570368bb74102b9cb13081f5,0,0,0.18237136
xgboost,343f4bf210c1d758b277664f15bc4f39abcbb6fcce,0,0,0.0003925852
xgboost,3447286635060281f8d360db99df32a16242b44cd6,0,0,0.0053094267
xgboost,344ad3888a4be2307337cf07c1355f070c4c0a7096,0,0,0.035440907
xgboost,344b1948dd67b2fac10617bdacd934eb9b8b0085ec,0,0,0.0003925852
xgboost,344fdf3952994ec646e97a0b71947316e3ba122cb6,0,0,0.00046689593
xgboost,3453d6295830a34402219aebfd82e7a507ec015bf9,0,0,0.00030038686
xgboost,345c20649946af48f1ba084349bd140e7c2e120948,0,0,0.0006716701
xgboost,346242e0bc5b2ff7d7192d2718dbfe00acbe1f239b,1,1,0.8535009
xgboost,34665cbe8562160c6a70da17f3aac56931eaa152bf,0,0,0.00029415396
xgboost,346b4876b5b88f6527d361bafab0703a5615a85f71,0,0,0.008079678
xgboost,3471a0de2d7ccbbce618b4e919c3e89a5d093d80cd,0,0,0.005197153
xgboost,347593aac47eda573e1c7361551f73a40bf3984707,0,1,0.65877914
xgboost,347a6e5b8b4ca185403a6734ee4828690baadd166f,1,1,0.6306547
xgboost,347ba8072759768abe0e01475b6524bfc509f705e0,0,0,0.00030038686
xgboost,34892bb58a3968212c3b5c1b569e74384e828bfb13,0,0,0.00034415527
xgboost,349e00e28ebc3be2a8cdd8451aef51d60ca4bb9d81,0,0,0.019465642
xgboost,34a5ea51ca700e02a0292cc17d3668360e3469066e,0,0,0.00063679816
xgboost,34b250b0eef73e4251622db50180bdccab96f4d68e,0,0,0.13653083
xgboost,34ba35e156a594469bf4700d685da2ec4ea9c7227b,0,0,0.00041254555
xgboost,34cdaaf250bf40b2941794a8755a7bd64d1ee3ccab,0,0,0.023674697
xgboost,34d31e3504a74b7a8961a3b0571fd0de93f9bd36e8,0,0,0.00030038686
xgboost,34d6bdc12f6f467072e643ee3931f56fc37e1a62bd,0,0,0.00034415527
xgboost,34df9d5eebe8fb98e35d61c78553fd0450eb831e7d,0,0,0.15244524
xgboost,34e9474098480abf815e2cdff9488ac6b45d94e6d8,0,0,0.27309594
xgboost,34f52dd776dcbd8a58cab4284ce33d4e8714866aa6,0,0,0.0011728639
xgboost,34f7bf9951dfbb4c7f63f3428bf67d4010d9fbcbe7,0,0,0.00030038686
xgboost,34f9e87f223811ea206e72574045d648d497639ae5,0,0,0.00022083636
xgboost,34fa1ad8b099d9729bfeefd5bbf771e99dd58f2da1,0,0,0.00030038686
xgboost,34faaf2b04e3aeeb3f69d007fbda00c3afd9c55c2f,0,0,0.0058986996
xgboost,34ff6a733276b5550ffb26481c99af7ecf21e6db1f,0,0,0.022123944
xgboost,35044f2a065c6bacab9820faaca13724fb380cbc54,0,0,0.00042573095
xgboost,351059a11c142d1598653713aa2aab566a1809662d,0,0,0.032567263
xgboost,35108ea05c1b415e5be8bf014d35873d51ccdfae9e,0,0,0.009634344
xgboost,35148f4d19f67b954defd88de4764b97c3076d3ff8,1,1,0.6309033
xgboost,352793c62fc48e36622813493b95850e0bf25baf8a,1,1,0.6309033
xgboost,3529ff4f76db43a1b7752cbcf390bca6564ef8e314,0,0,0.00042573095
xgboost,352e9052f54a9fbe3de1311c5a890468ab33d2cbf7,0,0,0.1344866
xgboost,353ac2bce0a832b6374803882b05bf8b46d34893fb,1,0,0.23849966
xgboost,35415e9e5719e1c5f1b5c2bb10b4d872e87ba6468b,0,0,0.2611296
xgboost,3554f6ab6b1017793fbc55691ab6132a4ab7c2a957,0,0,0.028290404
xgboost,355df656a6996c323aa63ca181c5b68ad83d64f3ce,0,0,0.0003183587
xgboost,35637e128e8252690899a8b9c35b036624b23eb246,0,0,0.00044057542
xgboost,3563e54238797d75685b479128c112d00fade484ae,0,0,0.059063297
xgboost,35653efddc53529a849b283eccb04117444e437920,0,0,0.00034415527
xgboost,356685998c09eb7a8e1f46ab0bf15424a3cdbe1d0c,0,0,0.0003925852
xgboost,3571c0395830c43cf5705274b2355c9ca042d07267,0,0,0.007603714
xgboost,35758a7b6a73d4767889473889a2ac9f67d630135f,0,0,0.0513465
xgboost,35767b2168cb81da87480da16a04fdc9c3b17cc617,0,0,0.0042175283
xgboost,35851294068edb870d33798c84f4ac3048379c6266,0,0,0.0010745612
xgboost,358cc8a08132722f48576fb8309d9ed9f710653f97,0,0,0.0003925852
xgboost,3590d2f55c39cddf9e8e97287639a11922a5070a17,0,0,0.006064744
xgboost,359c23a3dc6f1a70ef3d145031619addd3b8a2afd1,0,0,0.00041254555
xgboost,35a49eca05fb76852359eeaaf0c447dd82d1cccf8e,0,0,0.0010763843
xgboost,35b74261b525a009bab1c55cacdcf8049acd75abc1,0,0,0.003410206
xgboost,35bb99dc857a3654f554258c062bc18900d59f4502,0,0,0.00030038686
xgboost,35c321eb0fc20ec97df48f174d0e9d464032b60645,0,0,0.009873061
xgboost,35c4bca73001a3e860eec590b71684dc07daaa4b63,0,0,0.0006227354
xgboost,35cb4880eeb2bcdf64e78d75fdcdb729be0e6023dc,0,0,0.0002330163
xgboost,35d7e285378d0bc3962664539da335fa2782395452,0,0,0.00044057542
xgboost,35db0e04b2ae8882d2777f0aef5ed2b03f9835c4d5,0,0,0.020044776
xgboost,35e3c164c916191aaa271e6a6194b73aa884fc7dfb,0,0,0.0003183587
xgboost,35f1aa9a43e2e96fb71b74dd10f7e1f87a3a96345d,0,0,0.035800178
xgboost,35f1bd5060bd435f1f7ca4d3aa515ab3b1370b6799,0,0,0.034807306
xgboost,35f7ae41f94ac283fa60e152423a1c6f598eff06b2,0,0,0.00041254555
xgboost,35fb002a59a5824c5f6219ba354a2c976c1822d6f7,0,0,0.00022083636
xgboost,35fcf8094a82de39db1920ea2c60172ce9a23249e3,0,0,0.0010763843
xgboost,361438b0be89d97d2b5572cac14b959788840104aa,0,0,0.036837205
xgboost,36227d6b1460c43156eeebf07aa793ad48f72f22d6,0,0,0.032384146
xgboost,362a11f7c36749819363f7043fe2fb701e6d8d4b69,0,0,0.0013066181
xgboost,3631a0122e806f44f007ecb2dcae3f6237cfe537eb,0,0,0.0002330163
xgboost,3638150ffd2148ab7e64ed037191f2be0cb104bd8a,0,0,0.00046689593
xgboost,364383896aa75078e5f32c79f7a41bb1665d24c03e,0,0,0.00037296838
xgboost,3646d71e5b829a5db7778986634963c4fde1951c08,0,0,0.022936577
xgboost,365b530921932eecf03fe6b1ccc861cea08f0a8941,0,0,0.00046689593
xgboost,365dbb580793c89eb2be3cc3a51960ae6e4d322851,0,0,0.00022021777
xgboost,36698d565c3688762b803e69ee28f9162333daf7d9,0,0,0.0053094267
xgboost,366d1b89d731ef3a0e2c4a1c9b2a031b049a3a919a,0,0,0.0002330163
xgboost,367422944b1fd07add646994e1586a2dd52eea8823,0,0,0.024599493
xgboost,367469c02b89f5a53e1129282f7e30e22fa8566cb9,0,0,0.0006299072
xgboost,36929566afbed1415b1c77a55f0dc668350faeec48,0,0,0.0003744533
xgboost,369ce377ce7781ed22af8be74c69979b524a0e5bb1,0,0,0.02197904
xgboost,36a020a2e3bcdf2c4f70d6644f82c7e01ecc523ed0,0,0,0.0013208393
xgboost,36a06d56d9112e0fb8aa90700313aed49b4a12000e,0,0,0.15264633
xgboost,36ad608ed9df74935805aa123a512e7cd0fb12e66d,0,0,0.0006716701
xgboost,36ad80727df03e41dae4dd0452a0896d480114c95f,0,0,0.03925821
xgboost,36af562e28b85000293a0de87df38cd90a34d88edc,0,0,0.00034415527
xgboost,36b1245d99965c492120e646b662fac1a422c88087,0,0,0.00029415396
xgboost,36b62dffcdee2cfa6630ad02bc39cc6bf7e491bc74,0,0,0.0003925852
xgboost,36b9672741fe9f886a24b0a03c411fef6fa72dafc2,1,0,0.002365846
xgboost,36bb80eb22ef2fe609fa9a9af15b6a647aa3caa753,0,0,0.020047948
xgboost,36bc1331fd75b9b846885b218fe2205ee0075ff0bd,0,0,0.15244524
xgboost,36c8e84407becdb9e87e09cc894751742f7bcbaf1b,0,0,0.0513465
xgboost,36cee2e768e19498c1b8125a2e0583061a47493a2c,0,0,0.0003183587
xgboost,36d33d5864e1f7272cad3b7daf3f4ac1e1034a9852,0,0,0.0007948035
xgboost,36dbf7249c043439873ca3d5002d9032fcb6be6855,0,0,0.032567263
xgboost,36ec55ac0b5b812199eff7a730743482f7fed3bec0,0,0,0.003925084
xgboost,36f6060969ff39905c27a1b5826c6f3a2827da979f,0,0,0.0002330163
xgboost,36f7bca923515a8187b0dacf55330dfdaf14041ccb,0,0,0.0011728639
xgboost,36f9be1fe0cde8ac4f773c526c2860e934eca35642,0,0,0.15299495
xgboost,3708cbb790fc5649bcdda5e071e6610aa8ce0c7ae6,0,0,0.02976992
xgboost,370b145e5c23e07dbe4b4df19883f9ab55df6e225c,0,0,0.019230211
xgboost,370cf80d06bb4cd4eea1ad8bf85da5b77e72fecced,0,0,0.00021901939
xgboost,370fe4e4928d1590ff7dc1006abd6e97e701c78a37,0,0,0.0013066181
xgboost,3717238b8946e1c7557b964b2ac1e315085847a58c,0,0,0.0006716701
xgboost,37174ac7f48845972e01b6cd0fce4229c0eb836596,0,0,0.13803695
xgboost,372492e564c6adf607857c24321c7f582b20c210fc,0,0,0.055328384
xgboost,3726ab294138ac4058bd037a2ed2f1abcb51332231,0,0,0.0002330163
xgboost,3729f1e22b6c7a1281a9a95d60dfc43ec5d905b8b5,0,0,0.021266634
xgboost,372a4f285c10f79b9c82fae47b4a15c3a469a526db,1,1,0.6309033
xgboost,373180eb31343d15e0b3df65a7fd6a9b40be59ba02,0,0,0.022123944
xgboost,37378e8fbfc602907e95a59e39814db60f3611c27d,1,1,0.64315486
xgboost,3739c432be9eccf2cf41142d775774ff25075c164a,0,1,0.65877914
xgboost,373b7cb109c4ced0b527a2ea5a3ee72a665836aecf,0,0,0.1344866
xgboost,373e9eb4fe740b810538c185e60dc8b10761b16e4d,0,0,0.029496808
xgboost,375118ef69cb7d3bd035246b86ed9060f7462a26c7,0,0,0.0003668598
xgboost,37568bb77f74700cb652c8379214ffbcffcb1f12b1,0,0,0.0054252394
xgboost,37581662ad886908c2f5755f8c0cacdf37968c5e07,0,0,0.0011099989
xgboost,3768a3491fe76ead28b0d5789252eb609a69c86871,0,0,0.00903454
xgboost,3768cef598a2eff54bc3630ebd7276b7a75d763e14,0,0,0.010342912
xgboost,377441b2918a310adf1d0109bc7c3fea72622f7ad2,0,0,0.00029415396
xgboost,378c70ac46315a452257ee8a66b80f3edf75940f8f,0,0,0.00044057542
xgboost,378fafcdf1838a433821a468aefe5b708e17110c9e,0,0,0.24505952
xgboost,37931bbb8689552ffe9b91b7f84661a524a4d12f3d,0,0,0.00046689593
xgboost,37a6aecbeda2ca7bc87d05deff547142a1bd1d2e97,0,0,0.0013066181
xgboost,37c11146f6d0186e7cc5c2606e822f328e50241e18,1,0,0.017560398
xgboost,37d7d8f62ba7600f804181ee21a0cb19073d680929,0,0,0.00029415396
xgboost,37e09711925940319336700dd0a1410555dc9f0d62,0,0,0.023720916
xgboost,37f39bf1a05766d0fd468b7f50b9a13daac1f476c2,0,0,0.034143314
xgboost,37fa655a4f04a52e5a79f50a6a89f7dc31bbb78694,0,0,0.0002330163
xgboost,37fbe2aa27d5c2587a8ef4b8f8bec57e44b68e47b9,0,0,0.015253741
xgboost,38052a6ca114a8a3385ee3a6fb2b0c088921d9f434,0,0,0.00046689593
xgboost,3805b61f627e41a95df7a6ba3f629cea4de8672b22,0,0,0.0012346779
xgboost,380aa517e297f8546afabf2c93accfa89516bd28c7,0,0,0.33191314
xgboost,381d8949ab317287e1b86735025d45cd888936fc85,0,0,0.0006716701
xgboost,381ed46180bf8926d7a27c9ba7ee0506d1d8fb92c2,0,0,0.008142038
xgboost,38210820a7b83157b9f1e903421a085f42ee7962ad,0,0,0.023720916
xgboost,3822720bad4c9c7083e5dd0d22db61fdd72d0ad471,0,0,0.0013066181
xgboost,38230d866ee7bb139d1ce999306199dc0e5b7ca5b6,0,0,0.0003183587
xgboost,38251c82664f76a0cb6af793eba587cfc8f6a8be28,0,0,0.0002330163
xgboost,382b1419e874796d279f020aab88e8731944215b7c,0,0,0.013393568
xgboost,382ff7e40461e56bb81ce02a9ad8a409ea891b745f,0,0,0.023674697
xgboost,38349c63b83b35860e34a3cf0ddba5ec7d0d81d909,0,0,0.008079678
xgboost,383831ab04f580119ce20a63b41f0ab046940289b9,0,0,0.023720916
xgboost,383a514d5f50146d8f34f67e282b726238f7f8b7bb,0,0,0.013584213
xgboost,383f07f5f19d33d38bcb1ef2fc7a6e8247fb0f5068,0,0,0.03925821
xgboost,384188615250674f500b3e203861ad5a86c2dd3605,0,1,0.6306547
xgboost,384a72dd4cad2d91b02356d65a4541cd9f870fe91b,1,1,0.7853733
xgboost,3851ebd0016bc44ca7979dee9abb74601c18361ef4,1,1,0.6309033
xgboost,385bd5fd0887e77a4024fca667dd15403d9667bcf2,1,1,0.6309033
xgboost,3860ea792c9d528575e687c6b48d622a883da11dd1,0,0,0.0003744533
xgboost,3862b68063c4a6c448e30b745d71896537e8f81079,0,0,0.0010763843
xgboost,386f0709bb79b9110b3bb2d49c2bae0f285957b681,0,0,0.00029415396
xgboost,3874a00a726f8201abff7638b0ab3eb17a11999d03,0,0,0.00037807395
xgboost,3874f6fa965df4e858a0c1899bd2361a47bbca1db0,0,0,0.00029415396
xgboost,3881998e5062fad2ae65d344b9df8ea8fd9c4a53a1,0,0,0.0011728639
xgboost,3886dab82120a26d2af4274dce320a17a4cb1b7351,0,0,0.00057926105
xgboost,388b10bb53b7177ea6555aa19675e9c9d8599d3235,0,0,0.020649059
xgboost,388c0e0201fffe81bf67977aadb0bc583e1dcf5bde,0,0,0.0002330163
xgboost,3892608fe13cc1aecf44b586787e8e5c2628dd92b7,0,0,0.07941774
xgboost,389684907ed883df20d700a0924bec5b9cdb3fdcc1,0,0,0.00027319163
xgboost,3897f49e43e1210a155ff81adb155a5bbf50720582,0,0,0.0006227354
xgboost,389cd424a65e4450899a601269cf940be017107587,0,0,0.03925821
xgboost,38a458248f9fa75c614b3e5f46b49c889d2e0cbda8,0,0,0.0013066181
xgboost,38b9ba1ac1a94f59e9e3ba533e01795fcbe647f89a,0,0,0.0053094267
xgboost,38bf60def0b0d4af18bc26401e3c04c2a12f07e830,0,0,0.00034415527
xgboost,38c87b7196866a6521e1b9960fd19c365ea3b2039c,0,0,0.20370762
xgboost,38cd1ca97b2a75402b52e4bf5651e81ee1f523b17c,0,0,0.00042327403
xgboost,38d2e1510f5a334ad7b3ae7790fc9a75ec28b7dfac,1,1,0.6306547
xgboost,38dd2622f64d5f51a40b03fea825fd25ae9be33390,0,0,0.034143314
xgboost,38e0b47c144368e58eb76720426130f0571033a59a,0,0,0.0006716701
xgboost,38e4477cec9ba0edd7924e8ab1fc253a5b8c4bc206,0,0,0.019841658
xgboost,38e59456f142a403170c5a5f03baa933afceb97797,0,0,0.015456006
xgboost,38e5c684140ba7439b08dac89acfa762ef4992ab9a,0,0,0.0013066181
xgboost,38e5fa2c5df6831e53786cad1c2cd1b0865fdb2f2b,0,1,0.64315486
xgboost,38e73d6541deab86588c44399f0b6917e9a0b1de3e,0,0,0.0003925852
xgboost,38fe1cd5172362604c6434e745aed2547b9d109d32,0,0,0.00041254555
xgboost,39162e41dd4059961100c774ab82c871680f163413,0,0,0.00022021777
xgboost,3918aa98c7047746f76e9894e3a6690e312186e199,0,0,0.00074442895
xgboost,39193bd8abe956253661e26643bf2694e1e49b089a,0,0,0.035800178
xgboost,391ac2131136e2151908242f577a3ef13276edcb29,0,0,0.03023339
xgboost,391f6a0da99c2b44092cdfb985e710f9a2b69d8ca7,0,0,0.00037296838
xgboost,391f8103c30b7aae8192eab162ed0dc9a9a5dc5796,0,0,0.0053568543
xgboost,3929be51a15269c1e116035bac575aea62836f4274,0,0,0.0011728639
xgboost,392b112747f3ac2e63b2ccf9ad8f8b5929057dc5c0,0,0,0.00046689593
xgboost,393144a20829563032c43cb4538972129aa4969ee9,0,0,0.0042175283
xgboost,39365b7e5bce71349ef420a5ece674cdad10c07cf3,1,1,0.8535009
xgboost,39465134fff447ed4c65b5ec4f10a906b9d851fd08,0,0,0.00030038686
xgboost,394b9658af392adefa2d44e3a6f6d7f6c6580400d8,0,0,0.023674697
xgboost,395809c6bc4af8654ed3b1bfaf17519ff657fed31d,0,0,0.03669534
xgboost,395b43b29e40b0040f32db595e3933967c6e3d5a91,0,0,0.03023339
xgboost,3964d68e1e8197a602a52d7eabdb7bbe078dc3ecb0,0,0,0.00029415396
xgboost,3965cfb3486a46febb026a5a40b92b951b4f579ccf,0,0,0.022123944
xgboost,396c78091a38ad69a78b347a655782c75c2089a860,0,0,0.010306311
xgboost,396d623d4ace554ef5f2fe0c3da43f6cb1a7301311,0,0,0.00034415527
xgboost,3977891bdaabf81889a946628ca7f321c3a44648bc,0,0,0.02052949
xgboost,397a1f92d64599188671d487f2425cbb480688dca2,0,0,0.0003925852
xgboost,39805e6734e608ea6069cc391448f71fd381964561,0,0,0.00034415527
xgboost,398513dce96d33b0892bea8851671126f9856a4e39,0,0,0.0011099989
xgboost,3986dd12a6efa47a0099ed08d0916a9da40e702112,0,0,0.23849966
xgboost,39889d3fa0f7af06c26448d9ee56ddee04fca41049,0,0,0.0013289296
xgboost,398a43ea500b60b5e4fe0770f80acd6ea776ab2ddf,0,0,0.0007948035
xgboost,398e55e3115d571be469706e9285fb1379f1a068f4,0,0,0.00042573095
xgboost,398f45a9b2d711f0b5adab24920b3afa287099ff45,0,0,0.00022021777
xgboost,3997e2121044d9cc5c73b8a4a305955d6127e0b4c0,0,0,0.27358052
xgboost,39a5f60a8844fa64593f299a9a37fb314ba4ffcd97,0,0,0.0002330163
xgboost,39aedccc9d4b8939d6bb29a7c8ae32dd54985a373e,0,0,0.00044057542
xgboost,39b5fcc518e72c6d218772df8404194a5dd4e45874,0,0,0.019465642
xgboost,39b681ef1ea98f89e8e4b7f3474f4e37c7da50e44b,0,0,0.0007948035
xgboost,39b821bc497d915ac3253635184c8f1e72295c6e85,0,0,0.00046689593
xgboost,39c3e5824e53f2093030ac94d7fb2e07ba317b9ad9,0,0,0.0003183587
xgboost,39cfcb1a7cfd90699f994eae98d4b39c94f72501fd,0,0,0.0002330163
xgboost,39d2c4f2605097552d6148ffaefa2dc4bfda200a44,0,0,0.0013208393
xgboost,39d64d66b235c2b816e62cbcd8337eef1f41f884eb,0,0,0.0006716701
xgboost,39dbeb188af91c513f3448e412fec759adb1e5f050,0,0,0.00030038686
xgboost,39ddb682dfd1fb94227c05cf0e426f017620a475ca,0,0,0.14127648
xgboost,39e40f22d9ef601152337e901ff9b82795c574471a,0,0,0.00063679816
xgboost,39e413aa367347df27649529f3195cb1408ef17514,1,0,0.015873032
xgboost,39e4e2af35bd4ddd9be137f227f25623340abb7d2a,0,0,0.0006486801
xgboost,39f64c678176f7ee1b6b3a595d27db006a90a6a2de,0,0,0.047430243
xgboost,39f98d0709169120cd9d167153c8c6bf06bc17467d,0,0,0.0011099989
xgboost,39fecd61ed1894f8b757ba688680df4b625dcd1344,0,0,0.0009133837
xgboost,3a03c110a2cffa7abf1affbf22871db26a42272d09,0,0,0.00034415527
xgboost,3a088b29e25fec21cb03306166c6147adf5aa28619,0,0,0.14156424
xgboost,3a0c81dd8a1efa3c867bef4857169a204ba1bc0f3a,0,0,0.00030038686
xgboost,3a0dbbed96ebb10eda81c2f2d75b8b07aa184a7d0c,0,0,0.00042327403
xgboost,3a0ed33e69c1025668db5560eb25c5ef64cd42c8bd,0,0,0.001583293
xgboost,3a1179eacdc51adbe1dcdd29c224a6768c449c5239,0,0,0.007603714
xgboost,3a1784916be9c8f51059c439618fa76f699359ad5e,0,0,0.017810369
xgboost,3a1aaa4faff07adfb524faa970c4fca76454302761,1,0,0.14665343
xgboost,3a2302d5f97466d01ead5b8065c1b9a99e634aa226,0,0,0.00037296838
xgboost,3a27003689ce322e1a4425deade53745db182e661a,0,0,0.00041254555
xgboost,3a2793819b25c3478592f23fd4a33daf78f1b06699,0,0,0.00042573095
xgboost,3a2c0f33f509841707f405e120323bae02d1239146,0,0,0.0002330163
xgboost,3a2e83a80c612ebee1735da77bb52782b4c96f9354,0,0,0.00029415396
xgboost,3a3d1ccf57e2aa1f48975417e7187eb2ddc5d648fb,0,0,0.0003183587
xgboost,3a484d87a1d51055665ccae7299234703f3058ee00,0,0,0.00037296838
xgboost,3a58c03c26088ee00de220a04dd0927489c4f91398,0,0,0.023720916
xgboost,3a5e5ce5856a3667b55cd726f1bc8011422a4e58a4,0,0,0.003410206
xgboost,3a6076dcc37de646e036a3b5c03a890e458a876be8,0,0,0.33191314
xgboost,3a70734e6bda14f40333e6c0c7114e067f7418939d,0,0,0.00041254555
xgboost,3a739adfa6b1b2c7f06ed96e831a4159882acf038b,0,0,0.0003925852
xgboost,3a74f8984d0ce1544986c2b9f5386f09f264844110,0,0,0.0010745612
xgboost,3a8174a69c7ab3fad512db2ca1495542603e0bf2f6,0,0,0.0011099989
xgboost,3a833735b49b00da9dc2dcbd4e42f4d4f0e35aa443,0,0,0.007891431
xgboost,3a85730c1ec52a38fbf623364b154b57fb1cab5604,0,0,0.00034415527
xgboost,3a896e5eec7b70116d8d770ad5374bf0859f43a8a5,0,0,0.1344866
xgboost,3a8c9ed89ee9eb42513ab66ec346776ac2bea70c93,0,0,0.011111367
xgboost,3a8f68e3fb89749663976f04375889eadea1c3c8ae,0,0,0.034807306
xgboost,3a90827c2cc92696a9a76be29547e053f7f8dc5e91,0,0,0.008825426
xgboost,3a90c8533cc20676dfedd96727f316d028187d9627,0,0,0.0013289296
xgboost,3a92fcb46d1bd785c6bec74bb7ad85432b4d509a2f,0,0,0.00034415527
xgboost,3a9f0ef35039fc3f51b0ef139d1b2dbf3065fce8c1,0,0,0.03023339
xgboost,3aa1752e0d42d6c263d3a825c74cda9bb1498ab942,0,0,0.047430243
xgboost,3aa941914d2760740e635578b8e2895db5694a616d,0,0,0.00042327403
xgboost,3aaa1d188b5c7e27df255743374a815a3eada6fdd2,0,0,0.012118747
xgboost,3ab11ccb4044298baf6cf19aaa4f793bc3395a5fa8,0,0,0.00022021777
xgboost,3ad3ac9b923f1532d78ff495fc4ab255688585d82e,0,0,0.012118747
xgboost,3ad88870fabfcd29309fdda56f2a8bc554516fcea7,0,0,0.034807306
xgboost,3aeb4455864587020503b4fbd8f715405be8256453,0,0,0.1601792
xgboost,3af44c1bcf8903f34c7c840002a615c8aa0183611d,0,0,0.15244524
xgboost,3af805e271e5212ea3c7e950e3ddc50622de54d3b9,0,0,0.14156424
xgboost,3afe3c21dffa188a394dbaab116cb17d315c6b1041,0,0,0.0061607677
xgboost,3b0517c7781deddba0b972cc7797df24f08e62fff0,0,0,0.0013066181
xgboost,3b09aee13b2a1af9bc670c92700bc6ffa5f42575dd,0,0,0.15299495
xgboost,3b0ee761b50505f277a3dba2ca2e16b3f64ee9b761,0,0,0.017308999
xgboost,3b1f81c3b53b65c94cceb0c5ec1c808157f981d93f,0,0,0.00076474703
xgboost,3b2cfe1fa7b799f913060c557472edba165518829e,0,0,0.00030038686
xgboost,3b31729c890d33413179a6d79033ef831b00f348f0,0,0,0.0002330163
xgboost,3b35bb13e9d7de8a1e6ec7e4a8453ac2c45e06f2ee,0,0,0.023674697
xgboost,3b38bef438799fdd27c0535fb715d35185d7c39443,0,0,0.015873032
xgboost,3b4677a1b86cae04dcfce9594c7b181a2550510fea,0,0,0.019479604
xgboost,3b52be5de3f452ab5d7b65f33a76d04cc8051ecd76,0,0,0.00035953108
xgboost,3b60346d0bd8a27f9e386d58d2a7998162c00917e9,0,0,0.021266634
xgboost,3b640fa9222e1486db4aec02bd8ee1db49f022dc8a,0,0,0.0006299072
xgboost,3b66246f406d7ff4482df818f33aefaa5564b9184f,1,1,0.6309033
xgboost,3b805be1424e28685c7bf97f9e36be070b6f098033,0,1,0.64371026
xgboost,3b84adcb88dee32256010a43a56248a1502957e81b,0,0,0.010490675
xgboost,3b8a956d4a66c74631adc2769fe21ba124fda8c589,1,1,0.64371026
xgboost,3b8bd0e53ff5624faac5a9076b645c4fafbc71d937,0,0,0.021266634
xgboost,3b8c31103e99862070f9d982c97aaa5095235421d6,0,0,0.00030038686
xgboost,3b9057f8c3c64bdba3a270120dd48301547a8aaadd,0,0,0.023720916
xgboost,3b939d5c3e23433d8dd1efd7257d1aad725b29f2d0,0,0,0.07795346
xgboost,3b985fe5d108499185ba9cf19198f960ea90363eef,0,0,0.0022030366
xgboost,3b99aa07633294a690cf68160dc997d2783f982bae,0,0,0.0006071794
xgboost,3ba407fca4d6c1f35b57b562ca0c0ff1922e488af4,0,0,0.0008583634
xgboost,3ba6363179232191fa4094e09945a6106ec8e08ffc,0,0,0.0053094267
xgboost,3bb1a651896e919384f4fd7c1a9464e09f8f41f6fa,0,1,0.6309033
xgboost,3bb6b1ffcc53ed345e9be14b52887e6343c6d84621,0,0,0.028438905
xgboost,3bbd7fa5dc10fa1e6b57e8dcf7e39dfc19c9e9bc56,0,0,0.020044776
xgboost,3bbe560e9331abf22619d9b063da0f49509e7e2b20,0,0,0.00037296838
xgboost,3bc13d3cf5ce35cd17c9de3c83f6191fa8c4da131b,0,0,0.0003183587
xgboost,3be3a5cf45bee69ed297256e239873b66b57277660,0,0,0.00086060417
xgboost,3bfff5543937fc05cb41a49cbb22cd221c455a824f,0,0,0.00078046566
xgboost,3c007d3583a2d7f21bea175d7b01ef2887a656f634,0,0,0.00035953108
xgboost,3c0d6aa27b28acde8ff4c7b4e4bce4cae0896ecede,0,0,0.00034415527
xgboost,3c0fd594e4d3a7a822878b1421ea1f1d129565768c,0,0,0.0003183587
xgboost,3c15ae0a8e23b45e3279a94c308f91cb53e0c81068,0,0,0.0003925852
xgboost,3c15f02970756b5edc908405d76e897ffd83a68c28,0,0,0.00063679816
xgboost,3c18711211f95236d09afe029003059cec11a378c1,0,0,0.034807306
xgboost,3c1ac71e9853bf90c1694b570f862e1acbdda3ded0,0,0,0.0010080602
xgboost,3c1d3e05bf26bc9b1a4ed565fa2c0961bb8db2b514,0,0,0.0011099989
xgboost,3c25bb2dd86412aa8dc08af023f3ba352b0e28b167,0,0,0.0002330163
xgboost,3c29bd95c8c06a894f45b29efabb6f8fe40ae14d46,0,0,0.0003183587
xgboost,3c2c87d17c9cda839c05236377a9574dc5a35dbc81,0,1,0.6306547
xgboost,3c30e90d8c6ca3bd7fb261420c54a284095816ec34,0,0,0.19454753
xgboost,3c3e83df13213475e19da3f5b3c354f9c55d63dd50,0,0,0.021266634
xgboost,3c4114e7948eb2403cb14eda019addd9ca5c467e17,0,0,0.24505952
xgboost,3c424024acf83a2020bba9d6183bf658a13a99ccda,0,0,0.0002330163
xgboost,3c429e09d9a22d2cfe240a07f7194bf9d85f52bb18,0,0,0.0009881387
xgboost,3c460c98dd2a6f2afe0d3b285e4a1ad99a20f6ba4b,0,0,0.00037807395
xgboost,3c46300ed512bb08c9c74c356166ce77b27490d6ab,0,0,0.00022021777
xgboost,3c46ef7201f20d5e0f4f8e4d6219b6e12dfa6d35ad,0,0,0.00076474703
xgboost,3c4c554096a8e4d76d56595ad1ac0bca2519629ee2,0,0,0.0067931744
xgboost,3c4feb14423a7d10f569e68c911c9296b2d0f08529,0,0,0.00034415527
xgboost,3c52785c6f2e31fa89705339949b63206a6c957559,0,0,0.0053094267
xgboost,3c5444f6d183705976f426db0303bc6daeab5dd6a0,0,0,0.00029415396
xgboost,3c57732e13fb17b370416275b0ca3eeca8adcc927f,0,0,0.00063679816
xgboost,3c5b8ec46c2a602246b8ad628392189f98584559fc,0,0,0.00042573095
xgboost,3c70c1fca7a49b7b6b5f1058fb7b7e2a8bb511d908,0,0,0.007603714
xgboost,3c753846f706ae899d1ceb4f65e005d10faa118130,0,0,0.00086060417
xgboost,3c7d1655103f23e3f0eb2e17045c7bc05aa5afc38c,0,0,0.0010080602
xgboost,3c86c81959b758da345e5bdad151ff651563d849e5,0,0,0.0009881387
xgboost,3c8e8d8f79f90c4257725713feebfa22d76c0125ca,0,0,0.00042573095
xgboost,3ca0de9bf75984abb8e408509bb50b7bb44498013f,0,0,0.032224238
xgboost,3ca3f6e3c322250bf3ed1c1d7f3ff46e5925cc09db,0,0,0.023720916
xgboost,3ca56dc106ebeadc3370b17cc77a6cada80da7ed35,0,0,0.00042327403
xgboost,3caa7eae3be330a62751fcbefb9a2a5213518b1874,0,0,0.015253741
xgboost,3cb7c36e37610552ec4e8e90895650f5405937f63b,0,0,0.00037807395
xgboost,3cb8f962b8049e967fa23a13ed7af9586ae2b5a872,0,0,0.0006071794
xgboost,3cba6469089bc85bae46010a287d70c1a951d7138b,0,0,0.005197153
xgboost,3cbeb3d319ecedc4367e03bb11252b1ad18ddcb63e,0,0,0.013479265
xgboost,3cc5d359af019b729f413bbe1a3b06e6439dae9f5e,0,0,0.00029415396
xgboost,3cca08941afcc514494e130efed242994a39fb86bc,0,0,0.0003744533
xgboost,3cce6845fc848e4247b61b9075e57082273860edb2,0,0,0.00044057542
xgboost,3ccf80c4643ad99fef4cc404bbbf7bc8118a39623e,0,0,0.002365846
xgboost,3ccfdcd855299aaab01bf0b4592a90a312e9fa0a7f,1,0,0.2611296
xgboost,3cd53510726b686cccd88d5a794832069313d86c9c,0,0,0.00042327403
xgboost,3cd761b08dfbd0b48c29ec1d3e083c1eef88588b51,0,0,0.00046689593
xgboost,3cd8cac32fee076dee0f13f016389fbba2c5cdb1aa,0,0,0.00037296838
xgboost,3cde62d62a9776df3a73949f7a8a1acf26877059e5,0,0,0.00086060417
xgboost,3cecd9e50d0b39cba10763b97701c98b09c349f37b,0,0,0.026810737
xgboost,3ceeefe8bc88440626c5a0edfa1b9611edc67fbad3,0,1,0.6309033
xgboost,3cf81c254a8698e6ec8dea79288cd6f7267e7f8d33,0,0,0.00903454
xgboost,3cf84a9c176113006d0a0ef77abb644ea53bc3f8d4,0,0,0.03669534
xgboost,3cfd8d82aea0c953a9c87334caa7123cb70f3380f2,0,0,0.00022021777
xgboost,3d017ff3cb2dc3978868535b6f15a4b08897101b61,0,0,0.0002330163
xgboost,3d09024ba8b3c9a9f272600d5b1e7677c479bbb13c,0,0,0.0009429115
xgboost,3d118c0a66ecd38b46f0628e22fe69aa3d86849df2,0,0,0.00030038686
xgboost,3d13a5f0095b55fa101b5b53dba3d74a64d49f7e77,0,0,0.0003925852
xgboost,3d1803682ea971c2d94f196ffa8cc4acf5c39ea812,0,0,0.065870196
xgboost,3d18d5d0069a3f9d2a2117bb6fbf4b7e8c9aa46f19,0,0,0.00022021777
xgboost,3d24986d543a4fd39b4511a065801e39418440cb3d,0,0,0.00022021777
xgboost,3d29322e8fcf486573a6c97da40540fa5a1e9181a7,0,0,0.00042573095
xgboost,3d2d72d0afe86c1d756c987d646dd935267555abf7,0,0,0.00046689593
xgboost,3d2e863331e8bb72b41915765314cc201a67a7aa61,0,0,0.004977948
xgboost,3d30581444a168e53dff06f8b1ea38224b5c263112,0,0,0.0010763843
xgboost,3d30c9f2519c5d70869c19ffad4219026efe1f3135,0,0,0.0006227354
xgboost,3d321243c7e8a26b651324b9e1492e8108217c2777,0,0,0.00030038686
xgboost,3d4d81b1077a59e50d6d6856318bed5f1de4096924,0,0,0.0007948035
xgboost,3d5274efe40f3cc2865e900533ef9c4198de72c517,0,0,0.00037296838
xgboost,3d5f971c585e735d9ba0432867098d06a38749a259,0,0,0.035440907
xgboost,3d6086da8fe53eeb408bbe56a5d6b06cc8179312f2,0,0,0.00030038686
xgboost,3d62186365e0a32aff74c7fa654423424e5e3bb0f8,0,0,0.048636746
xgboost,3d62926ba285cda2d8ebd472f49793de7768e47997,0,0,0.019230211
xgboost,3d6799317938fec63c3a52416b78c9d47cb78eefd3,1,1,0.81158566
xgboost,3d6ad6c0b3e71cf59e1f41c44756555ee08fd08e0a,0,0,0.0068733734
xgboost,3d842212fab87856cbc128f6008dbab32d7c76e112,0,0,0.00021901939
xgboost,3d8b6012a9ff48bf740b1ca6d96dc6e3453df2b314,0,0,0.035800178
xgboost,3d8f6e2175d04f354b00e28604dc8dd92236daaa3a,0,0,0.0002330163
xgboost,3d9577ba93f901689949aeb7a5657a662392ea4f59,0,0,0.00029415396
xgboost,3d9754ee7a6a35c274370547343088ab77b257dae6,0,0,0.005189585
xgboost,3d9acbc07b1e6a4b76f8020203596f652a69f0243e,0,0,0.035688996
xgboost,3d9fd5e9e444ece509847def9b0c1671ef3722aa3e,0,0,0.00035953108
xgboost,3da1e2b3278c3f0d4175349985e9b1521eeba1fd4b,0,0,0.034546245
xgboost,3da34248dd185e76e9c01f91f500993ba1655e474d,0,0,0.00030038686
xgboost,3dab765d814d55144dc4e82d6318ad3996a6f51b25,0,0,0.00034415527
xgboost,3db435fb7b87f22d6f3e7884e2de1df7b1f50c5aeb,0,0,0.0720398
xgboost,3dbe53115f6ccdb6ace0e51b25c95ae19e8cb77611,0,1,0.65877914
xgboost,3dcfb40941b208c3de90d480088c4c425fb50ffae9,0,0,0.026038293
xgboost,3dcffc6e4c470f970bbb75e1bdbe692412801977bd,0,0,0.13803695
xgboost,3dd1919f7ba3b7c8f09718d00f723bad0b74c2f3a9,0,0,0.00034415527
xgboost,3dde17f81613368e3dfcd90451abba517a65f4801f,0,0,0.008142038
xgboost,3dec4019221377c524bbb4a37bd0c755e082d53a17,0,0,0.24505952
xgboost,3decf05f2b6626f75fbd81e69892057e7cb73165c1,0,0,0.0075805914
xgboost,3df0da5d0df7daa8750fbd6bc33f4d1f8b7bf454b1,0,0,0.00030038686
xgboost,3df39785d0134723fe2418bb56596cc533988f1d83,0,0,0.0082098525
xgboost,3df4151cc08105eaf1e41293835cf52accd0889bf2,0,0,0.13803695
xgboost,3df522ea1f8acb340369d55c176b87dc604f1a1396,0,0,0.036554493
xgboost,3df7b17c633c8e453501455213af4df637da69a136,0,0,0.0009429115
xgboost,3e01e11458f08f7caa273fe7340a885bd56305bbd2,0,0,0.032384146
xgboost,3e067969d6594f0d07478eae81065b31af4bb615b8,0,0,0.0010745612
xgboost,3e0a9479b8f25c8f6671a88cdeb711f35b96ad72d2,0,0,0.0081455745
xgboost,3e0b6a0b374d37959d39f070dc4d635004a0e8b632,1,1,0.64371026
xgboost,3e0ca6a660b6595a508af3baaea5e5d87a19443d74,0,0,0.00076474703
xgboost,3e138d63e1fde3fd9344e465b4769288be3900938d,0,0,0.0002330163
xgboost,3e16e3ac2f570bce44259268d80f8c52277d7abc49,0,0,0.0026684236
xgboost,3e17a6163a9eecefb8971b586f3825dc8e0efe17d9,0,0,0.014667858
xgboost,3e2265386bf0d8a73a8759a6486cec0268964a08e9,0,0,0.00029415396
xgboost,3e2e40cf7f8cb272a8ffa63720a2cbea5e54544ff2,0,0,0.0003183587
xgboost,3e320ec1e0bfc11048e97b050bbda11cfedec153b0,0,0,0.034807306
xgboost,3e3f2c04b6b0818a2a938c0359240d6c58e1361c8d,0,0,0.00042327403
xgboost,3e531fa53509c8aeaebfe37be071751a71d1f366ae,0,0,0.02197904
xgboost,3e5bac656fc26fde7fa895a234a0ec253921afd0e1,0,0,0.00022021777
xgboost,3e71ceaa0b4ab7a41f0f7ec510b9873f11b4316f15,0,0,0.023583846
xgboost,3e7661a1557cdcf3400e7bc7b49086689e149730d7,0,0,0.022123944
xgboost,3e7a3aa7b83ab870610aa25f613eeaada2baedc75b,0,0,0.00022021777
xgboost,3e80184b19e64cf4ea1f26531068f88a91452398fc,0,0,0.017953359
xgboost,3e88e37b759ebadcc7a0cdb1ba2dc246691741f2b8,0,0,0.039265584
xgboost,3e8aa10bc8be448c765021995ff04ad1b0f2aabc4a,0,0,0.0012346779
xgboost,3e8b33b05ef99ad962d342c92ce62c6a3e75242fbe,0,0,0.0006227354
xgboost,3e8dbc1cd1b78cd99d677e92ae9c18bdaddfea3e33,0,0,0.035800178
xgboost,3e983cdf61ec994a4aae9d7d490211045cd0878861,0,0,0.0003183587
xgboost,3e9b55185e8c96b01ee034ab28218cd723f82f8cd3,0,0,0.036747593
xgboost,3eaba6698c143f77a99ed9ca30675758c3b9aa8e2d,0,0,0.029167907
xgboost,3eaf84080b6fd8565382b87f8b9e8af59a07430a32,0,0,0.0002330163
xgboost,3eb11f8e2dfd7cb72870f1d0e3f869162e148881b8,0,0,0.036837205
xgboost,3eb1d6c51c2cabd6bea0d6411e315b36b17528bc8f,0,0,0.011111367
xgboost,3eb4cd5a1efa9e84f53af2370b982208d564b92997,0,0,0.006672268
xgboost,3ebba1df6f971d45a41af43fa7959939c46e815620,0,0,0.019660987
xgboost,3ecc4b7e71a0aa2828e2118a6a6a0223ddf144c2c0,0,0,0.00050622347
xgboost,3eccf3c8585014d76a852ade27cfdbf251f84c21e9,0,0,0.028290404
xgboost,3ece8c6b27b3650e3cb53f4af3847b6a5ca5e546e4,0,0,0.0006716701
xgboost,3ecf55ef5a07361e0a57b52dfbaf8af5263aeb17d8,0,0,0.025427664
xgboost,3ed2ae5662dffc9314d5a0ff03175c068f30aae257,0,0,0.0009133837
xgboost,3ed9dad2e6b51a69ea67d95f29bf17c7652ff45035,0,0,0.1394689
xgboost,3ee9936f91715dae847ed5d57a0a67906e2a8909f9,0,0,0.00029415396
xgboost,3eeaaedfded76e8f6bcd6cb6dc7f2cf1dbbc5bba6b,0,0,0.0003744533
xgboost,3eec7e44880e42ab9db2b28b3d4eff7a01a77f7375,0,0,0.02976992
xgboost,3eeee7659c4ea586f299a5ebfb646dc92a5d177aff,0,0,0.0010527555
xgboost,3ef65ae19d023c4afa6aed456d536b8b9e3a2dfbcb,0,0,0.07681343
xgboost,3ef8e6c267b083541298bdf34adcfae7cd5ffeb8fb,0,0,0.025427664
xgboost,3f0d8bb08313967943bad045d1660d0ae68051f62c,0,0,0.0010080602
xgboost,3f10e0a0965693928eaba7c02c3dd483fbe2e8edf8,0,0,0.00037296838
xgboost,3f1d1c339fb59c2650d0488765d05fabf9a226b087,0,0,0.01190468
xgboost,3f1f0492a63b7796f54a139aeb807ec1ec247b4da9,0,0,0.0003183587
xgboost,3f22e37bb7d7fa108ee1afca0ab7c312d3c783e865,0,0,0.020047948
xgboost,3f25fd52412d3483add424816aaab83cf807b32fbe,0,0,0.00034415527
xgboost,3f2699eb7124179443f5f44464ab194ce516e32f71,0,0,0.00037807395
xgboost,3f28be2c4658b027cd5e07072f3ee6ee993c6822df,0,0,0.019230211
xgboost,3f2afdaaf37d87c3441578d4219a9cba7d9a47e4d1,0,0,0.036837205
xgboost,3f2d408c65f68797c5c02b3964d77a5beb892f4d85,0,0,0.0039741513
xgboost,3f44f74a50938535db82b35f03fedbc2728a5002ad,0,0,0.00029415396
xgboost,3f4f8d38d50ece963eeb258f7e149fe1eeca92d487,0,0,0.00086060417
xgboost,3f62f8fc09a034cf4287d07d9f49961dccf0aabe68,0,0,0.008142038
xgboost,3f6de8a309557118922c4a8a00dc71dbefa718a080,0,0,0.0002330163
xgboost,3f705321edce135606dde131ef1f98d51e660d394b,0,0,0.0002330163
xgboost,3f77ff4b5d577317a9891e3cdc0325588e11d77143,0,0,0.032415178
xgboost,3f7c5a8d6ee00f97c86712a86366bf7b1f50f9b374,0,0,0.0006716701
xgboost,3f80a66aaf539e0bb0206c5a8c8b1917d65e4b36d0,0,0,0.00029415396
xgboost,3f80d08cb90de4dce96ab51164278ef6683d6df8bc,0,0,0.00086060417
xgboost,3f855961c7fbbc44e310947d5d1a8a2bdd39373b4c,0,0,0.0002330163
xgboost,3f8cb459b4edf4d583fab34bf0c1f7236269a71de0,0,0,0.023720916
xgboost,3f8cb87ebce1dd3817522f16f95f99c1b125a1fb72,0,0,0.00030038686
xgboost,3f8e60ee3bc45cccb00d07900cb294e657e2472c39,0,0,0.007452481
xgboost,3f9df402e8b4f2d620aa51a397c1a9918ecde9f8e1,0,0,0.00030038686
xgboost,3fad018bea418b61f6091394f660c56b3635f2c4ec,0,0,0.004916782
xgboost,3fb15cb898d7da347ffef2b4aef14c3d4ff3c7bfb1,0,0,0.0003668598
xgboost,3fb2e6d446d95a918bc0e733afb10d3980d6b7ca01,0,0,0.00034415527
xgboost,3fb60755e95d4184301a724ecb9c291a68d9f3768a,0,0,0.0006299072
xgboost,3fc52aec07a2a29f2e826754c36c4a4f6f5356dfb7,0,0,0.00029415396
xgboost,3fc980bded552ea1b37f263557bf7a159e7c3af77d,0,0,0.0010763843
xgboost,3fcd46b1ba605656a010b614d81aad512f1eb8924a,0,0,0.00074442895
xgboost,3fd2e7e56a2caa841205ecf42c04da1e8757df9c8a,0,0,0.015456006
xgboost,3fd775ca8b2b3085da5774e99d066572006227f144,0,0,0.0006716701
xgboost,3fdae8bae658c387dfdac22989f5ccee9425bf3413,0,0,0.0006486801
xgboost,3fe31097888df4bde2c3cb80e8d8d8ae21eed009d2,0,0,0.086664654
xgboost,3fe36380924cb85e99dee3dd5848c78bc64adc41e0,0,0,0.00022021777
xgboost,3fe5799afff4d5e72446e9c2f721d88a175cbbdae3,0,0,0.022123944
xgboost,3fe76d094bf7436b549b16474d62c00da747a1ee7d,0,0,0.00042327403
xgboost,3fe928b4b04322ea7f8ebcf75ce9cb5f03d9a4c0bd,0,0,0.001583293
xgboost,3feb1564c1ab1a5d3e107fcce535f5155a11fd6c60,0,0,0.00046689593
xgboost,3feda85198fd35cb4514d6171bddb33af87415d5f6,0,0,0.00094434194
xgboost,3ff67d01e0f0476fdd83375a432e4bab053a84120c,0,0,0.015226283
xgboost,3ff80c157e9d079eb84b7d630222442679878e7de5,0,1,0.6306547
xgboost,400d9e1ad566905b23624fe4d1d5519041e55d550d,0,0,0.00022021777
xgboost,400da0a9c894d00ec96b86e603110219d21961caf6,0,0,0.0008583634
xgboost,400e76d1dfb23ef842d7b92ba1dc81a0437f33d111,0,0,0.0009881387
xgboost,4016b0e2cdd33cd8d29a7c7de3e31720d46c9da0e6,0,0,0.00037296838
xgboost,40207d6af36b3373b64b07ee30f0faf7051b93d3f8,0,0,0.00022021777
xgboost,402b5be26169b89e4615fd1bd2a853182289327720,0,0,0.0006716701
xgboost,403c83d592fc09fd1357323526af35e48efc30aeca,0,0,0.00030038686
xgboost,404124a5ef8b28982fd1c4782fe1eb0efa22bafcd3,0,0,0.10463009
xgboost,405809b159355213ecab93adece04e808cb06028a7,0,0,0.24505952
xgboost,4058351cdf52caf020a60f1dbc1fd004012d6d1cd4,0,0,0.0011728639
xgboost,407203b9460a9c3158af72e0b7c9f606ce1b9de1f1,0,0,0.014667858
xgboost,4073f39c5a0be8ab4e74a8d122bbfaabd518417fda,0,0,0.008142038
xgboost,407867fced22eb933cb61a34d16c6af0b6d1b789be,0,0,0.00046689593
xgboost,407a26ce796d8fe8419a969809fbbfbf7f4eb25180,0,0,0.00034415527
xgboost,407c62398102d7fd71e5004e319afc66894f2e8c0d,0,0,0.00030038686
xgboost,407e00fdc6858566112ed21628f30ff35cf059eb50,0,0,0.00035953108
xgboost,40853d4ade2a0ad46c391c0de5f9ba909fba84fb83,1,0,0.12905295
xgboost,40913fc1e39804d99338cd0365c2749b888039cf32,0,0,0.0009133837
xgboost,4091b58f7bab3289531832a001d83d67b399a88b96,0,0,0.0003183587
xgboost,40961296fac7937f25f8d3a8ec2975e4f2258765d8,0,0,0.028863749
xgboost,409accc96c1882697b942eae8825c3eb985cb1dc91,0,0,0.025876993
xgboost,409bf27567fedc1e3846c89588f2f857973597c8c1,0,0,0.055719044
xgboost,40a062e0389d70075c1d87e5181d0d227807ed5b46,0,0,0.00042573095
xgboost,40a4d7384ab2165a54b4e8b714cc85a7259e97e54d,0,0,0.051092885
xgboost,40a74da6074fb247c9ddeff768c2445c33b804f523,0,0,0.019465642
xgboost,40a927417ec7dd26939b28d3e7eeb83eddd908f1c3,1,0,0.035800178
xgboost,40aa6530538b022fe1b4ab61b9875b066500d19352,0,0,0.0003925852
xgboost,40acb1b110012dce961ab78e29ba69af8903dc055e,0,0,0.0002330163
xgboost,40bb3b045aa2d23afb31d584474eaffc94f01f2d01,0,0,0.0014972406
xgboost,40bfe6eb592a6353cf33dacf93bcdeffa4e1d05bc8,0,0,0.01190468
xgboost,40c102bd8790b3c38b818298a869d84f1585a0c55b,0,0,0.00037807395
xgboost,40c431d2444ecca803a2ca1f59c86e39e0f089e477,0,0,0.23849966
xgboost,40c8ad20ddbe557a23d3810cbe697358fe7e9fac27,0,0,0.00042327403
xgboost,40d2f64d7f94f51172b3faabc4b0767d219c8a56a8,0,0,0.1394689
xgboost,40d9bb92090b598b879775456a3ab46429695f933d,0,0,0.0006227354
xgboost,40e19c044d4d45d32f55d84a4425ffb314e4519106,0,0,0.15264633
xgboost,40edc56792e6c9979067b46b0e25ea355e1627db95,0,0,0.00030038686
xgboost,40f8b94f46ca06090f24aebc8cd2029d826c63cdb8,0,0,0.0002330163
xgboost,40fc7e6b94b245b3fc2669e2f0b78639c7025b9138,0,0,0.0072072153
xgboost,411e2d3d3c880bc1a694e28ae40b081cebb4eb37d5,1,1,0.65877914
xgboost,4125bd1bdd439c952843ed63f611b415b36cbfc461,0,0,0.011176175
xgboost,412774182020232dd1a4e0eee97c6b2f8516558436,1,0,0.0071041905
xgboost,412e46da40c243f361bb98d6e89225a02ad41136d4,0,0,0.16855088
xgboost,41345919c68691ec3da5d166b8063de2d64959d87f,0,0,0.00034415527
xgboost,41382924523be3d344fbeb7ae6cd02b374a5583532,0,0,0.0076226057
xgboost,4139b6dc1d3264ae0f2c74c4625f0f33b528bcd4c4,0,0,0.015456006
xgboost,413c1ab838835bff81c0afba56f1ef1d99bf631a2e,0,0,0.0006071794
xgboost,414529ae8e1697550af5a77d8972f9a07c97fd8302,0,0,0.0010763843
xgboost,4149fc39dfb002e5341dcc2573a4a58e68e71c2d0b,0,0,0.19783552
xgboost,414a6c56093e5ca81815b2ddcffe315cc7c5289c6a,0,0,0.03925821
xgboost,414bffdb25ae65b876497a8f639b29ce46e520f11d,0,0,0.00037296838
xgboost,4151359d8c00dfa8eeaaad7d8c239cae59f43ed7d0,0,0,0.0042175283
xgboost,4151d0efb131b9cff52fcf0da0fb7eeafb0bb0c448,0,0,0.00037807395
xgboost,4152ef2e52662a15d023141695f2edbebb476a2ee2,0,0,0.015226283
xgboost,41596317b58f9679bb44487e9de38dbe4d672d8297,0,0,0.036747593
xgboost,4160d48dcac05312aaa83f2aee8112970dc7a917a3,0,0,0.00050622347
xgboost,4164e8d8cf34ec348f5b88c6e398d904c0f9169be2,0,0,0.0003744533
xgboost,4165474c6a62f9aa507b303b7440fddded35e4ec65,0,0,0.00029415396
xgboost,4166cffd31b2af798c8f1449e7175860423ca36c74,0,0,0.007603714
xgboost,4167cb58e7e8068fce9894b7864bbdb6524dcb9589,0,0,0.0010527555
xgboost,4175972c7dafc4e7080c905eb84b2124ec125eaf01,0,0,0.032415178
xgboost,417aeecfa7dc35a34d26c84a274a221eadd8637ff3,0,0,0.031025434
xgboost,417ddd072b7814a6eeeccddcb1deee1f40f5c327cf,0,0,0.020047948
xgboost,417e6ac6ac281614b757e7b888bac796c48b2fe6b1,0,0,0.028863749
xgboost,4184d6b88f866484f2d5c020fd054f4ee5c702f522,0,0,0.0006299072
xgboost,418ae0e5c886151c02f001b0f9438b5c9c8f52f727,0,0,0.008981103
xgboost,418c3e0c2916369175d47768757cc2ce4f84b85c9f,0,0,0.0006716701
xgboost,4190b189bf0bffc5c0ed23b0c7dada5c1c25498da0,0,0,0.00029415396
xgboost,419392d4d527d577e09d4ca65afd017138af58e001,0,0,0.029167907
xgboost,41a4ee352b0689e534c60de565bbd58098975adc49,0,0,0.006672268
xgboost,41a765b7d1b3b6f0dd380a1941be1fdca5e6d0d9c1,0,0,0.0026480742
xgboost,41b37917ab5b1de8d0dac110b8d20ed77776594b71,0,0,0.0053568543
xgboost,41c5a0ede15f27ecbe909dd0d2df52db89adadcbc7,1,1,0.6306547
xgboost,41dcc3a34cf4f187b93342f4e2b9265080af39142b,0,0,0.005197153
xgboost,41df59b46ac35450c3b5c3fbf55f0842028be55d49,0,0,0.0002330163
xgboost,41dfd2b6f6abe05751873cf3a2367dcef9d65268be,0,0,0.00030038686
xgboost,41e98cfbd136404a2a8f46a98fbfdd529c19e89451,0,0,0.00029415396
xgboost,41f2c9ee212d546322c257e9d26495f89c62e8a2e3,0,0,0.0003925852
xgboost,41fa16679d04af5d215b9758916fa0412067ec1427,0,0,0.0002330163
xgboost,41fbbd9b0fc747a4d800089a385129d36b56d2183d,0,0,0.00042327403
xgboost,41fe99c55e43694f890f6ddd9f00a82b54accf6794,0,0,0.0006227354
xgboost,420685d2f437c1220ff9e448bae6c9f33e1b029a8a,0,0,0.0010080602
xgboost,420efa138f0deff5cc7a2dee70beed86fb065b22e7,0,0,0.00022021777
xgboost,422353540ed991403b937a44b5a797c4ed5ffd9efd,0,0,0.0014350319
xgboost,42344f74b748f210c792431cdd62601b1d85147563,0,0,0.008981103
xgboost,423560e2e0def8d6230019c910349c8f6a3f4337be,0,0,0.00030038686
xgboost,4238d5456f606911fc56ab861515550ffd0c6639e1,0,0,0.0011728639
xgboost,423a35387da1b0e068761814e0fa18415c187588f0,0,0,0.0075805914
xgboost,423c4098c95cc2c497e2faf15f5c6e1102916fd04d,0,0,0.00042573095
xgboost,4249f51e8a79b0fda6ebf3844a59c9e3aa9be0f0f4,0,0,0.00022021777
xgboost,424daf77dd036a1ff380c7a611ae6123d3bb6e11d0,0,0,0.008142038
xgboost,424f560cc020aa1054b59c3e3b7b282e61da562e5e,0,0,0.065870196
xgboost,425bcbd3d6410c58269ccbb918b8d7d94d501d781d,0,0,0.00042327403
xgboost,42602358dc4bec673cea1b12a444fa8f1603ef770b,0,0,0.0010247461
xgboost,42663e2ecae42bc347907283a5371916e0c1c0f666,0,0,0.023583846
xgboost,42691db8108f8993154fc99e8c97a3c67db7becfcd,0,0,0.0003925852
xgboost,426a14d8b5b03279925554de45728d4473ab46d50f,0,0,0.00030038686
xgboost,426bf4dd4d6ed59668893dcdb0fa7e5c8ee5055e3c,0,0,0.032224238
xgboost,426f75549aa8ca87e8525e91dcc4931258117e39cd,0,0,0.0006716701
xgboost,42750a69c3ac9c527f690c0a208b86825bf2a72ad2,0,0,0.00044057542
xgboost,427889dedd0e8257879e0b4be0e13a36af80e217ea,0,0,0.0003668598
xgboost,427c159f3ba7a697dc553bb07bcbc0ae217ac7fae6,0,0,0.009873061
xgboost,427c4acd8be4054321bc49a89cdff7face25580c22,1,0,0.0513465
xgboost,427faa0dc6e8dc2e30d84e1b52668c40cbc7a58a48,0,0,0.0014350319
xgboost,4280ded1964459d7a2591ad2d4f74413099821cc4b,0,0,0.0003925852
xgboost,4281fc37eb8b1701cda4f70c50870d6901742a6fc8,0,0,0.0002330163
xgboost,42867001c5af2a16fe47e01df0fbe97ec40a0923fc,0,0,0.023720916
xgboost,4286b04679c8e549e8f812e658bd0869a225bffef6,0,0,0.0002330163
xgboost,429603a97eba35bb074163e2276580cfe19c947ef5,0,0,0.00042327403
xgboost,429994977cf917f61dcd69e3b3d5e9c33c416c936b,0,0,0.0008583634
xgboost,429ae4b9700ea375a82cbde88202b230d0469a0a71,0,0,0.029794568
xgboost,42a02d35baf1e7c8361e73d149c987a884131266f0,0,0,0.00030038686
xgboost,42a13dc90470d64fc03175a717d54dc160dd2e4758,0,0,0.07681343
xgboost,42aca74f1ab3901eb7d28031268965ce86de6c7889,0,0,0.026810737
xgboost,42ad63265edb963b950c74bff6b82a64a728412a4f,0,0,0.007081607
xgboost,42b222692c1e7eaed8d9b7f8f1c156abca9852ce62,0,0,0.00042327403
xgboost,42c4481feac3d00d2460b638c1bee7f07fbfd48a86,0,0,0.0003183587
xgboost,42c9e6bacb23fae16057bd0b694dea7d4348cddada,0,0,0.00035953108
xgboost,42cc207535dad342f47feb96e4d6cd9cb0e713b8c7,0,0,0.00029415396
xgboost,42d64aed33cb7ceba1f04dc5d6da4fd0a794b995e3,0,0,0.1394689
xgboost,42d72da30d553e244bb397a83aaeca4cd429a6dd1a,0,0,0.025427664
xgboost,42e3a3f3db527631fc9fbaf36da32b3a61920248a3,0,0,0.00074442895
xgboost,42e6ee85c0f0cfa27047f133c0b4778f58bfa62ac8,0,0,0.0012346779
xgboost,42e7c4162ceaa2a88925b0219bf1ca367a22131e85,0,0,0.00046689593
xgboost,42eb3df4d9757c65ae2beaa60742f259a41be028a7,0,0,0.0002330163
xgboost,42ef68fa49574f598dbf70172a48efa02b1c25ffc4,0,0,0.00037807395
xgboost,42f6bfddfcefc533f7f139e66c0a3320b77ec257f5,0,0,0.015253741
xgboost,42fb0c8c965d731baf97eeeed162d612746c108fcf,0,0,0.00030038686
xgboost,43015c92b8f911b01f15c8794f5d366b296ce7446d,0,0,0.0006227354
xgboost,430685ea6cf39fc83efebc179764d802ded657c5df,0,0,0.00086060417
xgboost,430774a59cb5657d0533a8e222f3c88157b0610b6f,0,0,0.010854048
xgboost,4310f95430cfffa5c2b665d9ae131028458f76e581,0,0,0.032384146
xgboost,43128391f424e134963917bf79c43df7d93f53bebe,0,0,0.011111367
xgboost,4314cfa9d435083d1ef1e95f7eda8fbd0fc1a359b5,0,0,0.028400537
xgboost,4315565a9b05835a3565d5a788ce6f27b27ea10ac3,0,0,0.023583846
xgboost,4315aba46b0ca186b68e51a2c372c805be90444771,0,0,0.15299495
xgboost,4322b65d54fd418af60e3bca7105c1c4d432947659,0,1,0.64315486
xgboost,4326dbcdf4b8d52e4fa2104d60872b008082ea95a9,0,0,0.026810737
xgboost,432b4f7c650f8685a9431ec9a47814ad96a7d32b79,0,0,0.13311212
xgboost,4332955822d84b2ddcbb93ad1b27150e99769f1baf,0,0,0.00022021777
xgboost,4338f5842e60f99b3dd5dece9866ada9341b1ccfc0,0,0,0.00042327403
xgboost,4339d3c54b25998ed8243b5ac10bb3430826ac4ebb,0,0,0.0010099511
xgboost,433b88f1f8bea3b843e4217438e2be4966aa85564c,0,0,0.1394689
xgboost,4346e07c8b5cb92ddace15f9ea0ae809210a2f7305,0,0,0.1344866
xgboost,434e61338306e6a9687cb6713a8e532cb741be0baf,0,0,0.019660987
xgboost,435113b85910f6ccf252b4c7a50349eec40c51afdf,1,0,0.15299495
xgboost,4354ed9058d3912166f4326443a7b793bd663c2119,0,0,0.008142038
xgboost,4356e554e26d3b89f45ecfdee41cc2bd57a86bf2bb,1,1,0.64371026
xgboost,435e5da454001bbe135b8423f27f708af3b18eeb89,0,0,0.00034415527
xgboost,4360beabdea1b44877b60d024a7da4d55da32bdd84,0,0,0.00044057542
xgboost,4360d0e8ff0bb637d513558eab4d23f87f7b4c1110,0,0,0.007081607
xgboost,43677a05310a0159579f459d1e4bdfa75fcb68f047,1,0,0.020047948
xgboost,43757333c0eed437cd6c087785c8ad72589812b08b,0,0,0.0145422
xgboost,4379743078c3235c405f9d80e2994055ac69bd73dd,0,0,0.021064816
xgboost,438ae2651e567c4dee39ee22ebcda3de35644b75e6,0,0,0.13803695
xgboost,4391cd620bb2ec4efcbcb808edc6684efd957d7823,0,0,0.0035622227
xgboost,4392479665fb43b037fde997aba672a48c89962163,0,0,0.08505226
xgboost,439277f435ea6239979ec598a424625754ce3872c0,1,0,0.022123944
xgboost,439c44daf8902bca18cbcd21d4168b5648e2e27b46,1,1,0.6306547
xgboost,43a7af1eb85682ad610d2d7c4fc82e13628c1aa6a0,0,0,0.0012346779
xgboost,43ab37868a531a116d4f31e9bad65687694de149e7,1,1,0.64371026
xgboost,43ae4a5e0b5fcc4b1de1e3b35b7fcc1dbe31e5d2db,0,0,0.025427664
xgboost,43aee751c9dc27217fde6cd418b40f05d9b01df3a9,0,0,0.035440907
xgboost,43b82b0a3985313b610c1dbac040901bfed229abbd,0,0,0.00022021777
xgboost,43b87486835d10e7f4837634fb85a7b3bcd67a4589,0,0,0.00030038686
xgboost,43bfdf8d9f7c87bf9f8a1a589b0840bcc995b5124a,0,0,0.0047180536
xgboost,43c8f478c6c1a6cf38a48596908684295efdaa3eea,0,0,0.00076474703
xgboost,43cb98235c6aceda97bc8b880b71b98bd5a5049088,0,0,0.035440907
xgboost,43dea75a05fa625b6383012502afff0b017faeec40,0,0,0.006064744
xgboost,43df07dac22d713ae3537c3e8e56737f6a269b7cec,0,0,0.0022030366
xgboost,43df6cc9e2020416021be849318d3e0eea5a6076f2,0,0,0.00030038686
xgboost,43dfacdee106db3efa9249d418c36afd6189c9d9bb,0,0,0.0053568543
xgboost,43e41ba25e20e20c2a959642486b492bffb07c2202,0,0,0.0002330163
xgboost,43ed46189544bf8d4454fc99fd56dbb04d1ee92520,0,0,0.15264633
xgboost,43f7f1ce2dfe00814518180a846ef72a2bc3832715,0,0,0.004916782
xgboost,43f91bb677e2609fd9f0f823b824f0d39e8ddcc3fe,0,0,0.020047948
xgboost,43fb6ddd619be10b33c3650d36bcf8a894c2410569,0,0,0.00042573095
xgboost,43fbae8fe6f537d4bb49f27dfc7c55b00c48eaaafe,0,0,0.00030038686
xgboost,43fee74261653821f447936c497a700c24337990a2,0,0,0.036554493
xgboost,4401240b9695a2bdf9fd4008d8131f6e5851569bc9,0,0,0.035440907
xgboost,440b1c559801cd55ec511a956c82f76bca5b828f71,1,0,0.2611296
xgboost,441ee2cf63dbe9fbd1c9fc1a2c2928c402b36d6dd5,0,0,0.0002330163
xgboost,44214324f5a3fd594959d5da78ed67c7fea9a18561,0,0,0.022560947
xgboost,44360d9efd8009f65e4005dbe3ccb19917d54cef11,0,0,0.2611296
xgboost,4438880811814667f21bb09d6de9b25ec0e19aa8ba,0,0,0.0002330163
xgboost,443d03d679e152fbcea2356a388e5c15602e87fb32,0,0,0.00022021777
xgboost,443e9cf7e67bbdbad6eea9242c5bfbc478540c743d,1,0,0.20691004
xgboost,44440852bec59bb4a0ba1f16de4c5f192e021a126d,0,0,0.00078046566
xgboost,4446a78599bcf24a7910dbfa0122f0a01d383a8135,0,0,0.00042573095
xgboost,4446ddfacf0289e41099fcd8cbca56c76097d0d2d3,0,0,0.00037807395
xgboost,444a7d6498162c347238af0a425d8fd86c3cfcdede,0,0,0.096435696
xgboost,44541b5386a26f8355b73f62a2001658ca3b317cc6,0,0,0.008142038
xgboost,44550097e16a9b5c0a5980931dd507d90d3572201d,0,0,0.00041254555
xgboost,445eb9bfcf012e3e53448144f9fc6c9ea1f66a3a5e,0,0,0.0006227354
xgboost,445f1ef037b1ee86112c0fa76a7288c3c2c7489ed3,0,0,0.007891431
xgboost,445f5f7f804d48456e337fd2505b306821e687ccdd,0,0,0.0010763843
xgboost,446100d540e276a7a446fcfac86761d659888c69d1,0,0,0.023674697
xgboost,446a0d766a2541379ec2825eda68fb0b70378e9983,0,0,0.00076474703
xgboost,447374b7c5bd0a5080df091e1091a76e190f90b2fd,0,0,0.00037296838
xgboost,4475ae685318aa16810b3693a6ec2194f6957df85d,0,0,0.00037296838
xgboost,44761a741e81bd07d85096b1913d122060b3eada57,0,0,0.0081455745
xgboost,4479cf4e0c6b20370dcf847b264be6f97397838413,0,1,0.5566283
xgboost,4483152b2411f837a7ee4bb569eeb497ef0e471b15,0,0,0.005197153
xgboost,4493ac552481d38a5eec7b4ed8c8a35d9f96fdc50d,0,0,0.020047948
xgboost,4495b8f0cbfb2b8453a90c31c60883b8c7c67382cf,0,0,0.010342912
xgboost,449f78023eb1e3b3f8fe0f0fd8cc57438ad522bf88,0,0,0.0079541085
xgboost,449feb6a47ab9db0f1d5ff94d27df1bacf6dd1cb74,0,0,0.0075840037
xgboost,44a994c89faeac4ad3e92f14eef1feaed15a815ad4,0,0,0.0002330163
xgboost,44ae1927fc6f01df51785ee430427fd3a4c05a41fd,0,0,0.0013289296
xgboost,44b7193040c0963f728252da0975b8fd97899717ef,0,0,0.00029415396
xgboost,44b78f1deb481c7140002524674bb7b3b151217130,0,0,0.00037807395
xgboost,44b7e67ca9cf0300b1f91fe37f89ba125b21bdd668,0,0,0.00042573095
xgboost,44bbf7a6c21d7669e5b4456a2ff8e1a1c60e6e1665,0,0,0.0006227354
xgboost,44c3bc8cc10ce5eb11e86fc0e4f6dc9ecc7db8bd90,0,0,0.008981103
xgboost,44cea8b04152f756b177a3024ddb684b32c52333cb,0,0,0.00021901939
xgboost,44d1cc8be2b2bd428dee46fe3b9837540ebcfd8a5c,0,0,0.00037296838
xgboost,44dbd29a4edbb0080119707ce94ac51b4b5b5c63ac,0,0,0.032567263
xgboost,44dbde93cd7715ec68a1ecae4811d5359afe880d43,0,0,0.019479604
xgboost,44eff61512606df7a9c32d49bcdd50e3e273600df2,0,0,0.015456006
xgboost,44fce8b2250ba16b8ad51372f148b85fff5e60c860,0,0,0.0010745612
xgboost,4508980dfa5e8cda585d5c75fe37016240eb90b782,0,0,0.0006299072
xgboost,450a7893d5db9b356acf25e91044c3c4a776abbe34,0,0,0.0082098525
xgboost,45144087cc93cb3d43555f3f0623c5d3b82473ad66,0,0,0.00029415396
xgboost,451521d50d112e1df3364d403ba8ca4a1602f32c71,0,0,0.0002330163
xgboost,45239f1670de949f4901330eae395a4f54981357f8,0,0,0.013926448
xgboost,4523a15fb3b80443dd3a115955fe6d1be7e655ebb7,0,0,0.20370762
xgboost,452e5e0bbfb57270e0f588d1261904cc07c8738a29,0,0,0.034807306
xgboost,45394be257c063593778a05af4e1c5ad2519097147,0,0,0.023674697
xgboost,453b61aa428940da7cc6fa0750971966b1b05b6082,0,0,0.0068733734
xgboost,454038f819ef610b819ebf6784ca08c7db0e9eaba0,0,0,0.00042327403
xgboost,4546d9057641eec823a5e473fde2acc9a79d903b8e,0,0,0.019841658
xgboost,45486c7fce84dbafb96eecbb172f0682309f04c747,0,0,0.0010080602
xgboost,454a4607d435ce596f8dc1839bb8ce84dd38936ca8,0,0,0.0003183587
xgboost,4552736399b3206d589201be88a0f58ba0befdedb6,0,0,0.00042327403
xgboost,45577c2966804b60c519394d154c14cc01e24260e5,0,0,0.00029415396
xgboost,4559eb1b28b654a8dfc515c55cd432583cbb0cd630,0,0,0.0009429115
xgboost,456182624d64bce906b1c9809eea5244cd32ba5d4f,0,0,0.0002330163
xgboost,4563a25bf9d4538851c62915500382a019fd7b8a46,0,1,0.65877914
xgboost,4566475df369fdd2102a639829167efb83adad9d9e,0,0,0.0010763843
xgboost,456764acce17efc2a9808048b562562b6fc58b3cba,0,0,0.00030038686
xgboost,456c12a0ab98c90b9628be87fb32e6f3c86106c4c8,0,0,0.00035953108
xgboost,456eb6bcc99294aeeb5f1be32f9f8b12c1556a557a,0,0,0.22801352
xgboost,4580c932e78454186165ae1792edff8b23fcf9c55e,0,0,0.0009133837
xgboost,458c319a8fc51f227693e1b3de13ffc5fe9661f0c4,0,0,0.0006227354
xgboost,459717065cd094b8a3dd3d54f104d9723b9c99aea6,0,0,0.034807306
xgboost,4599f3845af1107243afdc058dac6d1c122df281b9,1,1,0.65877914
xgboost,459d6cbb06c598972c9b702a8139518224cf20135a,0,0,0.032567263
xgboost,45a6f5291b669968183eff9c86410d806489833671,0,0,0.0079541085
xgboost,45b174c9155bc8bb5dabb591ebdf4cd69f8e8096d9,0,0,0.0006227354
xgboost,45b51994eb37e4e3e93c9f192eea0ae4cb1d35c251,0,0,0.00030038686
xgboost,45b9755973b9b08d741a6ad91a96793919565566e8,0,0,0.017308999
xgboost,45baac97928b3513b49b7ed31f6cc9209c0e3bd925,0,0,0.022123944
xgboost,45bce438c8aa211fddab0f88ca5a0a305e010e8377,0,0,0.028863749
xgboost,45bf92f6dc9dc3c542e1fd12f7319c937db81022e2,0,0,0.00030038686
xgboost,45bfe78651ad3ffee24a979327d4a37c35d5562883,0,0,0.00034415527
xgboost,45c43411245809c223c8a08bddde13e9499a3bfc15,0,0,0.0008583634
xgboost,45c868f8d7895b9570051c51142cdf76c38b96f3e0,0,0,0.0014972406
xgboost,45cb99b1f69e7ca798bae9e35904b03111bb09d912,0,0,0.00030038686
xgboost,45d888c78e7aee3ba9c237571268ddd825a55534d2,0,0,0.00042327403
xgboost,45dd35ced9deb169af339d466c9d847ba882f17c33,0,0,0.0053094267
xgboost,45e59c9d0eb8bf4f6f809b48690121e7a42caa33b3,0,1,0.65877914
xgboost,45eef76136fee4158da0d71232219ac394fd76267e,1,0,0.036837205
xgboost,45f3e9269de51eb6b85df789e4fb2b6cbab94ef023,0,0,0.0009133837
xgboost,45fb1b5ef3088c163718be6c27a53c92ea6c9a7727,0,0,0.009873061
xgboost,45ff6b491cf9ca8d1ec7ed6bf00ff7a12112df54e4,0,0,0.23849966
xgboost,45ff87fbce4d538bbd8c5ad8a899d9bf54bd226f9e,0,0,0.00035953108
xgboost,4604d69f2aa5c2633c6cfe4b9de6684a2fca9eb0e6,0,0,0.00037296838
xgboost,461448ccf61468896252c05fbe76430eb964468bda,0,0,0.00030038686
xgboost,4616f78c2a6cbfe6e38f7d2976bc80f2e9f7067e68,1,1,0.64371026
xgboost,46212109c7dd9e46e2086fec8341a4e3a89829323c,0,0,0.00041254555
xgboost,46219e66f4f391680d35b49af816fecb642261265f,0,0,0.27358052
xgboost,4635f81df9e1acd9bac32d79a89f813c6d911aa5a5,0,0,0.004977948
xgboost,463609ee014fdc03234b0fd46dcdf63c4a5454ede5,0,0,0.00030038686
xgboost,46390bbfc95568abfa2d601851fcee35301816f99b,0,0,0.0003183587
xgboost,463abdb436f7575fa1abe01f2cde5714439729afad,0,0,0.00030038686
xgboost,4655dc2a990f9cae95ec081c5e1c15619114066867,0,0,0.008981103
xgboost,4667f74cbef72baabd4f95952efc61a98011305819,0,0,0.0010247461
xgboost,466cbcc546736b34185b23c613e7e18bf582f16e5e,0,0,0.0029865296
xgboost,467142ee662ebb34cf9de5dfd78d2a692a3ada2a78,0,0,0.022123944
xgboost,467ad044facf2aca9899ae7c408dacb432b8066e0a,0,0,0.0002330163
xgboost,4684ca2ab9b373ca4043e4aef213b9f9f30fd2068b,0,0,0.0010763843
xgboost,468558700d4ddd804a2e284b93be7049e91cf037f9,0,0,0.00022021777
xgboost,46862ab6086d320b1dfd13ecf695b17f0a4067585e,0,0,0.0003183587
xgboost,4687017aa64362a40ae0f50dd910b832fdfe5922eb,0,0,0.032384146
xgboost,468799e1c21c3ee228d187594477768f64c9a73f3a,0,0,0.12780893
xgboost,468b43fe036c15be232731f5ab6a9f51a8c85319be,0,0,0.00029415396
xgboost,469156edd9010e4edefad2052a8d0630d2b64e2c83,0,0,0.006064744
xgboost,46a05560fafe473c5c6ceee79de628f899bbbe1d9d,0,0,0.00029415396
xgboost,46a5d389b12f0ecfa20741d86521362cbb5b044bef,0,0,0.0513465
xgboost,46aa267180415bcc1a8b19d51d2d7cbd4a748b68db,0,0,0.0002330163
xgboost,46b02a4c2378e5ec5aed6d2705dd5e60afe84af4fa,0,0,0.007891431
xgboost,46b447f28bcd6d4487a5b1a4e1e5a15064aa6f3c33,0,0,0.051092885
xgboost,46ba0347db48b54421ebf6dbd453d0d7e7517d855c,0,0,0.00022021777
xgboost,46bcd78359c3aa8cdf7e3fca4191594edc7bd1406c,0,0,0.0006227354
xgboost,46bd2af210c8b13c8cb67deb1cd7f1b069b49371de,0,0,0.0009133837
xgboost,46c3cefe0ff1e6f7c3a53af95ba220f14c14568bfa,0,0,0.00086060417
xgboost,46c3f146230d9be825a7a51aa923c846aee51950d0,0,0,0.00044057542
xgboost,46c55e746ec44a29fa1b3be24915f8f6d611d7a09e,0,1,0.6309033
xgboost,46c86022825236115caa8df71ba15ab6021420fcfb,0,0,0.00037807395
xgboost,46d8084f4db72f20561bcae62aefd022512baf8e2d,0,0,0.0010080602
xgboost,46d8ece7819eeaff63e9012963b698394e51a27dc2,0,0,0.0003925852
xgboost,46e12afe8610b607a0cd14e4d6e164019623ade85d,0,0,0.00046689593
xgboost,46e9c49b1f35d015062d19fbf26b3919e9e9f16e6a,0,0,0.022123944
xgboost,46ea0ef809884ce949522dafed308f41085d1c7a6a,0,0,0.00029415396
xgboost,46eb12b829a73434a9338e21745733fd81e8089ba4,0,0,0.0002330163
xgboost,46ef1d74ba7e09e3b5129d15ce0e398a6b6577e191,0,0,0.00042327403
xgboost,46f0a64aad93e860b5f122ed1164b5925b2f77a729,0,0,0.026810737
xgboost,46f0f41a7342756f8bcdddfab497ad27ee1381ffd1,0,0,0.005197153
xgboost,46f9cb05df39f86c9fc32f51a6968ada39daf7ad46,0,0,0.00903454
xgboost,470139f0a45ab231dc68869fe717b561cc2ca1d5c6,0,0,0.0013066181
xgboost,47028af0cdab4ab80bee879809768a27423d188bb5,0,0,0.03925821
xgboost,4706b4e0ab615217b3fcb7b7581dae7c3f4d4488ab,0,0,0.00042573095
xgboost,4706e3c0411149e22b924043d232579f9ca1e19b75,0,0,0.00029415396
xgboost,470a55e902974329001dad72fff99b1469ff00dcff,0,0,0.051092885
xgboost,471270bbb7d7ce16ae00ed804681461823de59fb08,1,1,0.6309033
xgboost,4717b2a98c4802b1dce922b9299caa5e34cd142ad7,0,1,0.6309033
xgboost,472081eb8e2bbd892def44f2101f08633a2cf8bd1f,0,0,0.008142038
xgboost,4720db42e5083558a976da818bb9899bc7f07b2886,0,0,0.00030038686
xgboost,47255e19676fb8fea550cadb8a7223c6de79b01642,0,0,0.04829191
xgboost,47270c24a6528a4ddde2fad81754807b8f8056dc9f,0,0,0.00078046566
xgboost,4729a79fb6939a27d53e42dd4696e86fd08c12bd6b,0,0,0.00030038686
xgboost,472c756da8f861711f6f0d81aef2e9240c4de59c84,0,0,0.034807306
xgboost,473cea5835befbb27751c8a86351d7d85161dd9ef3,0,0,0.009634344
xgboost,47477fed1103e72dd49395223ea208bdf500475182,0,0,0.0006227354
xgboost,475299a6334241735aef1941893ab6c62684855c61,0,0,0.0003043416
xgboost,47541b28dbc3bc6065396a308e8f6de5f41a38fbc4,0,0,0.00030038686
xgboost,475db38f93544fbd2c4492e80b17af6ca7939dc13a,0,0,0.00034415527
xgboost,475e25fa175c1f9f640ecd072ae8becbe4e2a6542f,0,0,0.034807306
xgboost,475e6fc98b4c0e6497c86d84b489dcf20c192c8db1,0,0,0.00030038686
xgboost,47618f3a8d87fb93cca8a3c5ce4a428d2d5e3d974c,0,0,0.031025434
xgboost,47645373840903bf63cb22a7e1563a4f9230e29e62,0,0,0.00030038686
xgboost,4767f6333d1538b016ed31f0fb33518c77c35a4de7,0,0,0.034807306
xgboost,4777e864896b1adb00cdf962265d620285d34aca9c,0,0,0.38859802
xgboost,477876bf0b422106a13bb85382f7b180e0eace319c,0,0,0.007603714
xgboost,4779d5d1d0b22ef050e5a025a6bfc211ac7f851077,0,0,0.0006486801
xgboost,477da5a32a554eb20fd1045b392a768f6e50aa96f3,1,0,0.24505952
xgboost,4781a6263c9d42ac46e79366341c27f60c530d3a66,0,0,0.009873061
xgboost,47834430d0fcea9f0dd7d801399c4848246a2b012b,0,0,0.0006227354
xgboost,4788fbd96b6d3b6dcabf9bfcb501523e63b933da59,0,0,0.11239475
xgboost,478a9e81b9a31219e242b28be0abad7df2fa395612,0,0,0.00034415527
xgboost,478b6fc42971e328a18866ef6ef6e88bdb2722e7fd,0,0,0.0006071794
xgboost,47992c542f404d9aa74ab93cd165f3445ce9572e5a,0,0,0.00034415527
xgboost,479977cd0be8add899a81c9e9cf61371c51cf8d31d,0,0,0.0003183587
xgboost,479c5522f1670d2c4af9a90a77d32bdb351c2fc627,0,0,0.0022030366
xgboost,479d2a0625fcc52d4aac65b00bc0b438a20affeb94,0,0,0.00029415396
xgboost,479ffd62c190454149dff30039d9e33b19a48581f9,0,0,0.055719044
xgboost,47a2cb5f9e6486a30066930a89d0f0ed0416109aaf,0,0,0.0050011594
xgboost,47a85a4df0d91b3e8ad65d277cb18767e7d98401d6,0,0,0.00029415396
xgboost,47ab0b503e337b2861e58d0c8118c91b3fdd567b4a,0,0,0.0002330163
xgboost,47ab5ef673eb26ace7c531b7924b6da3f393ea3542,0,0,0.00046689593
xgboost,47aef12aa5fafdbaff9dc91793a0a75fe5d8b7e27a,0,0,0.0006716701
xgboost,47af6f5e347ea40a0ad716c149e2e82a01397ec0d2,0,0,0.00063679816
xgboost,47af84dc8e0c374c4252fbe93c17312632c750600d,0,0,0.1841312
xgboost,47b7addb9b5d4bb2c3cd2aadbdd1c0b9dd66a231f7,0,0,0.0013066181
xgboost,47bda5a3def3a4673cc3394935dcabaf30a4ee8202,0,0,0.0013289296
xgboost,47c0d5f471998691802d08e84d2533570e5d185548,0,0,0.23849966
xgboost,47c2d76d1c8394bd6a79c960bc0982ef035448028d,0,0,0.0011099989
xgboost,47c4aac3728dacf2a43b19aab05450292a436190f3,0,0,0.0003183587
xgboost,47e41a04606f3b024575b39aaa56b8ff6b6bed74a3,0,0,0.005189585
xgboost,47e53734ccab9c1d222552eb73ab70542cd36e2f8d,0,0,0.022123944
xgboost,47e933f370b8adda26fb54af4aaa65c763bcb343af,0,0,0.0002330163
xgboost,47f15aa81a0269c9119264fdb186a47d3408e736ef,0,0,0.035800178
xgboost,480485ca735f06b6f656c905fe47f7b57492ef05d9,0,0,0.0010080602
xgboost,480b0a0041e667d4d784db834bde5820943c559ba1,0,0,0.007081607
xgboost,480da61a3964bb349e1c494dfb04cf4f3eb771fb6a,0,0,0.0057338746
xgboost,481236a18d1e5504313427687438b3c0e253279c8e,0,0,0.0003183587
xgboost,48126ba5d1e3ec30b69201b9cda6a58be7b71a32b2,0,0,0.0003925852
xgboost,481cc09713949b2d16421c88bb667fc783d4dea678,0,0,0.0003744533
xgboost,482468302c34bbeaee8994899e4d35d6eada2c0168,0,0,0.00042327403
xgboost,4828103b3e8e179a2a358bd77a646e368dcf846144,0,0,0.023674697
xgboost,48344887a1ab69f1614a53560820d096d06452afb2,0,0,0.00046689593
xgboost,48353fca327900ac1dc62ff247aed9fabfab1c0eee,0,0,0.00034415527
xgboost,483ca9f5050e7b322cd8c401b86610a7ebc3e896af,1,0,0.00086060417
xgboost,4847a0672dbb995f0a0fef765c0da14eaa8304b275,0,0,0.0003043416
xgboost,484c35ed1eb644cf54197460532010b868bc881a6e,0,0,0.004977948
xgboost,484ea384046336855fefa9fc3a2d1202b3a98b4b0a,0,0,0.034807306
xgboost,485ba7432f2fd9ae32fdcec6b1aeca7ab3105a0ade,0,0,0.0010763843
xgboost,485d0e4dc27c9e5cbab78f9d30c18b69d396b2a136,0,0,0.0002330163
xgboost,4861c02d9aafe0204e2c91d8323809d7c0d64a38b5,0,0,0.0006227354
xgboost,486d88467a8f1537e72e4fd2f5b6406fe3c9f17ae3,0,0,0.00078046566
xgboost,48785f4c34d5b371d592d47b0c905430587ee3bc26,0,0,0.14156424
xgboost,487c98717468df8828337ffef278e6c334d5c5c40a,0,0,0.035440907
xgboost,4881490a212b498151ddefff429f940bd98cb758a8,0,0,0.16855088
xgboost,4888ec3425b135275523422839024a23ad4c3375cb,0,0,0.00035953108
xgboost,488a64827fe31cbd5b96dc0317dec4e27637f6dac4,0,0,0.00030038686
xgboost,488a962b5b79b68be3595e61b40226a156a6700d61,0,0,0.011111367
xgboost,489a94c9afce7b83f54969066d01bbc5a1c7c52b6e,0,0,0.24505952
xgboost,48a2c2d2d79d3ca39a9bfec71b6bb19d4264453f1f,0,0,0.001583293
xgboost,48ab15796b6504da256692dcb0afb54df1b211cfec,0,0,0.00021901939
xgboost,48bad1fed0f895a37ed03dce16f30b0f9b5c3c5482,0,0,0.00086060417
xgboost,48bf25244a7bb13f2c408775bafc53dd6acf4a7a6b,0,0,0.0006299072
xgboost,48c0142f8ffe8efad8256dae6988018d5d744ea098,0,0,0.00029415396
xgboost,48c3872518fba115c476d2f4d9043e0cd040f79497,0,0,0.00029415396
xgboost,48ceaae87b975523c5490aecea3fedf9a30fd0f909,0,0,0.00042573095
xgboost,48cfb94f2461351a1282da3940fa702cb4be9d4847,0,0,0.01190468
xgboost,48d2aa72f649e976d132eb49eedf527745ba2b02cd,0,0,0.0014972406
xgboost,48d62309eb65a074a4a4ecfba9ff17e207372838e0,0,0,0.0003925852
xgboost,48db411fc19c96da6da1a4e9ad13d2d9136721661b,0,0,0.0720398
xgboost,48e2a639cced2666affba213cfa3231361b4fec029,0,0,0.0003183587
xgboost,48e80388ceb5b1839bc2fafa482df0de5457ebe216,0,0,0.00044057542
xgboost,48e9a044fb74f7d068e8626df7d7c1737a22e9d6be,0,0,0.00030038686
xgboost,48f3e56684897ed62f6d6022cd07578e7785558891,0,0,0.0081455745
xgboost,48fc082b8f61a2373207a0b5b1398aafafacb30cd4,0,0,0.0006486801
xgboost,490a10bd4c97815aa3698b0e0a8201f905e189e449,0,0,0.00034415527
xgboost,490c797f2ed4dd1f1bd9da05adb7a06a67b5993ada,0,0,0.0006486801
xgboost,49130bd471167861bd48dc4b479944bb68dcf8f9e1,0,0,0.0006716701
xgboost,4918a881cb4c678e54113d6462c6785c84f94a5d95,0,0,0.00037296838
xgboost,4918aef3f110e086dc78a644e914164b72d6f4b70e,1,0,0.025427664
xgboost,491c6771d332a305c4c01264c454f0eb1ed4f56dc3,0,0,0.010306311
xgboost,491fe2e13ad6a9f6ecb20a7dba7346b700ac6757a4,0,0,0.00042573095
xgboost,49222ef614ac706ea1e7881a199d2a3fd04bb06d9f,0,0,0.0002330163
xgboost,492680d9d707607a35b354b9b804c675a498553cda,0,1,0.6306547
xgboost,493099a0508f8be58a51a52244d7a71aa017d6d2a8,0,0,0.0009361887
xgboost,49315dfa2f053010390d0bc9c55155b0f2e99860a4,0,0,0.00063679816
xgboost,49332b2044649b7ddc7dc04a95d01db72939cf6689,0,0,0.02976992
xgboost,4933f8984b89a5878799e7f497e4b7abaaed5ec0e9,0,0,0.00030038686
xgboost,4936ae864c9fe7d86b86d0ed83093064339f11803b,0,0,0.00029415396
xgboost,493b456dd813f11fdb96de366582364b0469c2ad0b,0,0,0.0006227354
xgboost,493f91553dcaa870df22293f424ffa3edf97143491,0,0,0.011111367
xgboost,4941c35a0c240902c337b18c092acd01952a106a2f,0,0,0.03669534
xgboost,4944562bd5f1dd099708805d70c2f2b7b5513aa894,1,1,0.64371026
xgboost,4944fce9502de69a89a658e07c42c2d76c269ce0f8,0,0,0.0003183587
xgboost,494b14ced5cd7f22bc1ba567f85c32db463afca85d,0,0,0.23849966
xgboost,4952a4b2569549ec36d8663cf0652b9441b27026fc,0,0,0.0012723015
xgboost,4955cac94bb20888518649a3d2cce738e80a89fc9d,0,0,0.07896793
xgboost,496a1a1f5c45475d4e52aa96924e261238dd15bdc6,0,0,0.20691004
xgboost,496bfa5c83acef78760b0c58df1ed994afd2b13f15,0,0,0.0010080602
xgboost,497ec6bb2920ddb5ccf2a6f2d419eb3ac255511578,0,0,0.017295288
xgboost,4982bd8a5c6a78eb2809a9d79aa9a79a1f997336c2,0,0,0.00042573095
xgboost,498307ded1fc85d4c1079fa153e6130f98821da874,0,0,0.020649059
xgboost,49856cb08761846657ed60cfc69e455dfd5bf38c7a,0,0,0.0003183587
xgboost,4985e89a3ec925776660539f176c8a62e320b4178b,0,0,0.0006486801
xgboost,498932e4d4be8d9cfaaa9ea8efe06529875e500167,0,0,0.007603714
xgboost,498994cac8d79b4f9aee63ea4ead1689cf929e82d0,0,0,0.00029415396
xgboost,498dd29f557221db13ff0660d40acf48d53b2ada5f,0,0,0.00063679816
xgboost,498e1fa037f50561c3ae794eb40b605243b7b8bab1,0,0,0.035688996
xgboost,498e2d9da3809c57fad9531de8e7f3ea6971c32313,0,0,0.0002330163
xgboost,49968cbdcf91904cf9ec733278b2ce7d8fefee2c42,0,0,0.00029415396
xgboost,499ce6e1b783e1ff4e18611f8026b9eedb36b6a597,0,0,0.051092885
xgboost,49a13cd672d6f5f9fe3847aac5ff8fb39b846ff9ac,0,0,0.0002330163
xgboost,49a62aad73a6220e1de941828ff7c286d78d0689ad,0,0,0.035800178
xgboost,49b0f4c0d610299d50394d4b946391fdacdf3ff573,0,0,0.0003668598
xgboost,49bde2221c455edf0fdae7ead2b28500a18a67da91,0,0,0.00037296838
xgboost,49c835ae050bb29276c92984774bb9cf27989eca30,0,0,0.020044776
xgboost,49cffe5946939b4c8a8de5bc76704a6703bf308016,0,0,0.0010099511
xgboost,49d5118b3792c126991860e35a7bcf7d4d85b13d84,1,1,0.64371026
xgboost,49d988a083241a6c51d18de33e9e0c8b5643b26e7f,0,0,0.00029415396
xgboost,49dd55dca3a10e3c7e7450dab7a92643e220904653,0,0,0.0003183587
xgboost,49e5c24856ba838508a7630af66401fa4fa52548f0,0,0,0.001108906
xgboost,49e7228529630ee0aa0ba2c80e1151eab2ebd1b43e,0,0,0.0013066181
xgboost,49ef869c6c55241f82b3ac9ce8665535f4d4306a97,0,0,0.0006716701
xgboost,4a050d4efab3a07fca9218799fe711d5a532ce4001,0,0,0.033325363
xgboost,4a08f9f3e1b73d62e982f899cdfb644e2101bd28a4,1,0,0.021266634
xgboost,4a0bab6802d5270410ea338e761f76ecda14b90c92,0,0,0.00029415396
xgboost,4a0d77de5474b37e6a628053da3d80c1e093f61b95,0,0,0.00034415527
xgboost,4a15ceaedbf7a54f708817768a6850e630febd3c32,0,0,0.035440907
xgboost,4a1901fcaaea3e73ca8edeff4f543fb5c12f142342,0,0,0.045225002
xgboost,4a2142258ae3ff14a7de1257ba4a27305f1941da8e,0,0,0.00046689593
xgboost,4a2674bbd22e2102cb457fb848130a087307dd2077,0,0,0.01557858
xgboost,4a2a0c30edd39b518e5d4f608feff85195d2fcdc8f,0,0,0.1394689
xgboost,4a3aba5f1f181e355f83a57a47d8fe5f5c69fa4033,0,0,0.00034415527
xgboost,4a3eef47b95ee1fa92c725be83d2246dc51736f891,0,0,0.0013289296
xgboost,4a40c2f566133cbda5bc4c40ad9bf079c9b092dfdc,0,0,0.0010099511
xgboost,4a45a0b9fba2ebbaa65b254b187fe8f7986fd4d38f,0,0,0.00042327403
xgboost,4a4e11a6efb98932ee7a8042f1f03016851f119cbd,0,0,0.035800178
xgboost,4a4ee8de77b22ec3a36db1b36d708b481f76daa3af,0,1,0.64371026
xgboost,4a517aa140be3a39b59abdffe00d271d282ceb7cdc,0,0,0.0006486801
xgboost,4a540db055c430c2e83dcece3f99526c3536805874,0,0,0.021266634
xgboost,4a6444d76bc405875b11824cf6399504abb869db25,0,0,0.0006299072
xgboost,4a6d8646719dd7db90b1a813e56e20abeb8e476779,0,0,0.2611296
xgboost,4a6fad75f8c3291b307a05a0f32c93e8aebd4ef94b,0,0,0.00022083636
xgboost,4a72f290ed23e456dc64a27fe46debe0fdd5d6b599,0,0,0.0006716701
xgboost,4a750f020746f288aea6746b879184103ad8959530,0,0,0.001583293
xgboost,4a7838c46b93f04db63255519029f500e602527ca8,1,0,0.023674697
xgboost,4a7bc8fa631edbe9962a2ee6cb8f5422ccb6d55edd,0,0,0.009873061
xgboost,4a8eb6c54f5ffa9833b14ae7504aeae1c938ad25a0,0,0,0.028438905
xgboost,4a9134f6662de0b8c492a53d1da2ac9b4f9c72c564,0,0,0.035440907
xgboost,4a98e2426bb315d9dbbce60752bf2ff59e5084c2c4,0,0,0.0053568543
xgboost,4a99d5c029c8804106c0bf1a16e036f455bb50f587,0,0,0.00076474703
xgboost,4a9f500a99761acc235848e09bb9a3be7dffc2ade8,0,0,0.00030038686
xgboost,4aa310d675faf7c32b483676445c1f82b85d7c737e,0,0,0.034546245
xgboost,4aa576e43563544e6d9863c6b879ad097c50e6a889,0,0,0.0002330163
xgboost,4aa7c6bce2cd2ae1a8b7a5deccc7a57dba47ac6744,0,0,0.028863749
xgboost,4aa7dc5342c01b772eb1c18614bd009aad939d4169,0,0,0.051092885
xgboost,4aba983acad657179dc8169231323c496f2a58a72c,0,0,0.013584213
xgboost,4ac59f5b531a8dfc12fa717f384c0c8b10e26f1b63,0,0,0.009873061
xgboost,4ad27c795d2ac971532a72eb79da0308eae2d68a00,0,0,0.006672268
xgboost,4ad530b3bed841a6ba2f7a7b9fc835c259934907fb,0,0,0.0011728639
xgboost,4ad6d783140f7e476992a13c9169f45219afa6c07b,0,0,0.0003183587
xgboost,4ae3128a7423ee125920a1028db8d82162e2e7b745,0,0,0.00042573095
xgboost,4ae97ca8f22e90500d4dc5e3e7f3dd1f107f740c1f,0,0,0.0009881387
xgboost,4aebd601f967eeb286e7d5952222b353a00a94e3e6,0,0,0.022123944
xgboost,4af08bad562cd5d1e0eef55115c3ed6bb9e0afe2f6,0,0,0.023674697
xgboost,4af0b49d6db0e5d8749d1417586be1097ddac5a590,0,0,0.00029415396
xgboost,4af2eb06238dbeed32affbd7d5dec182d6582a729a,0,0,0.0036198448
xgboost,4afa78be8c7873f856dcbc81936338fd941978c851,0,0,0.0003668598
xgboost,4afc3eb57f08f6349b948147e197705761b6206538,1,1,0.65877914
xgboost,4afdc2805a7dcf90b8b7cd736a1f5466167448e691,0,0,0.0029865296
xgboost,4afe765de3c65df3608fea86ba92ffbf841614d3aa,0,0,0.00063679816
xgboost,4affb4fe6902e1b31df39770185dcec9853b97cabd,0,1,0.65877914
xgboost,4b05ba6a2b4096104357afa8768ec013d6958bea8c,0,0,0.02976992
xgboost,4b09d7fd26c5b0aec87af341c767a584cf5015317f,0,0,0.00042327403
xgboost,4b127fe479a34d29f228da8a0bbc032ca0cd6b1458,0,0,0.023583846
xgboost,4b12c5d3b956e21f9e83925de09d994d97ee227a7c,1,1,0.65877914
xgboost,4b1d6d9deb3a384aab1b7de68e2333e16317f52ec4,0,0,0.00022021777
xgboost,4b1dc4f4552052ac34ddbcb888c034869eef1a5a4d,0,0,0.0072072153
xgboost,4b1efac653eafa9594e6b25603ef9f1db4213f43dd,0,0,0.0009133837
xgboost,4b21cbb5f3d8574bece9741546084fc69d70a70c4b,0,0,0.077959366
xgboost,4b2964ee88dacf15e8c4d13522d5eae7be14b24d7e,1,0,0.1601792
xgboost,4b2a29b4c7ad7c4088963fee4426fa44eafcc7ab23,0,0,0.014183076
xgboost,4b38edaace980887a22c8aff031d176e99a1be0c1e,0,0,0.07941774
xgboost,4b3a298adfa2f7f9df612d51b7257b81a3860c2e49,0,0,0.24505952
xgboost,4b3b4f936f977901108d4bc0a5db042563bec0032a,0,0,0.0053094267
xgboost,4b3dff3a5807c6ad9b3f5d89ad5ef69862beb3589d,0,0,0.005189585
xgboost,4b4430e1a34ee326a530bd94b9649a2443811fce3b,0,0,0.00029415396
xgboost,4b4858b793d78364853cc427148b279455fbe7addd,0,0,0.019479604
xgboost,4b49f938c21f867f36d842774e15856a608bb81b30,0,0,0.00041254555
xgboost,4b5399d550536d2e7672baaf0366c73523f2767671,0,0,0.023674697
xgboost,4b55801174c8422c78619d3c5eefdfa12fc04aded2,0,0,0.0008583634
xgboost,4b5c5af7e407f70cdff5e269de7f38e9377a7902aa,0,0,0.0145422
xgboost,4b5d706cb3fc8c9a6ad777663de2ba4cc63a97880e,0,0,0.00029415396
xgboost,4b67261aa31c7f8b0c0e56b9ff209004f72c704bca,0,0,0.00042327403
xgboost,4b6a4fdf99baaeef0b2931e523ae647c7c6217d35a,0,0,0.006672268
xgboost,4b74562881f4a53b5d2e36b78e6828e48dc59bb9d3,0,0,0.010490675
xgboost,4b7bab92a30e0c6b74a1f0198bb665c3b2e2b903f0,0,0,0.032612085
xgboost,4b82f090848d6a24dd854c10d300369d99005a29f0,0,0,0.0007948035
xgboost,4b8535ee8d3edf981932e322e1cf55b98d3bf9c1f4,0,0,0.00022083636
xgboost,4b88f0db0ddd72d09f99bf6429ef40325034514a8d,0,0,0.00037296838
xgboost,4b950cdfd9d116538aa8182ed53b83baa46fb1a04e,1,0,0.33191314
xgboost,4b99151932f1609913cbd7387cbcd9c28c2490a7c4,0,0,0.0003183587
xgboost,4ba6f5b5287b3c32838dd9fb203ff13bb913289978,0,0,0.00029415396
xgboost,4ba728f9ef9b21a6e44fb655125e10b62e3da039b1,0,0,0.0002330163
xgboost,4ba754902c28d95a5ce233d0fcc2d1af30c67dd5e8,0,0,0.00062770204
xgboost,4bb95f0527358ccd934d851578208a50c7eedc19ad,0,0,0.14665343
xgboost,4bc427e2546010d4f887e627dc6e1bfa1be4a83d50,0,0,0.00044057542
xgboost,4bc5037c4d2fb4c0490fb98d659b22ea9982c5997e,0,0,0.035800178
xgboost,4bcc274f622c9be5c3e610c98dfc84737578f0f7c1,0,0,0.01904963
xgboost,4bcc4343efdd3f59a824c0dd4cb6224dba20b4adf5,0,0,0.00022083636
xgboost,4bd3f7a53fda947ebee4c089ccb2f9b1e51caee1f8,0,0,0.00030038686
xgboost,4bd93e54fe163b03c019c192892533fa57cb511ac9,0,0,0.0010099511
xgboost,4bde020f8ccdc47a9293de478297f0b07a65ec9128,0,0,0.009873061
xgboost,4be5cb8677323210df63798405503b5e096096cce5,0,0,0.13803695
xgboost,4be80eacef7ec60ee7afc189008da16730b4961a6c,0,0,0.0003183587
xgboost,4be9707ef508084beeb462efd2f65eac57c914b443,0,0,0.006064744
xgboost,4bf0dbaf657a4b06d85d3d43a070fe9a160ce1cc29,1,0,0.1394689
xgboost,4bff770450c0efece0c829b8bd799270988683593e,0,0,0.016326247
xgboost,4c040c17ddf1c14ddaafb5eaaae8a755044050d38c,0,0,0.00041254555
xgboost,4c0801c72722f1c257bc12fa661f99dd0731e445fb,0,0,0.047430243
xgboost,4c10e762912df59ffd9793866141c7c681322d8735,0,0,0.00044057542
xgboost,4c1d67143befce6a626d59c4336e00ea6693c4eb9c,0,0,0.019465642
xgboost,4c2660cea743ba8d7565d73adcff5a4423f10389a3,0,0,0.0014350319
xgboost,4c298dcc7f1ce3cea9a3b9121b600d0e850ce49e21,0,0,0.001108906
xgboost,4c2d4af9b021f6321db5376e0b73fc3578bf429f53,0,0,0.028160574
xgboost,4c2d9a4d106ae982571e402c1d60ac9963ca26fb4d,0,0,0.006158658
xgboost,4c31b1c098c7ccc0eb1d704f0dc3b0340df36820fb,0,0,0.0010099511
xgboost,4c332aed9c5d6c47c14026e44324c0be198b814be7,0,0,0.00034415527
xgboost,4c43ddba283a4438992372d738543d66b85714b1b8,0,0,0.00086060417
xgboost,4c467c11c935a8e778105b2f26437ffa4b5bee5736,0,0,0.007815878
xgboost,4c4e46d0762b9542906b4c115a2b3fefabb149721f,0,0,0.02976992
xgboost,4c53e6add1f0c54edf1c3177817df217b15ee906cd,0,0,0.007603714
xgboost,4c5593d8ff17f9ae8fcaf735a4ee13cc7c81f48397,0,0,0.00035953108
xgboost,4c5d3e93fa3477c6943b014005e4c56ec2631d040e,0,0,0.00096465787
xgboost,4c623bbeb2923b32efb854a51b31a88d2290cb50bf,0,0,0.00042327403
xgboost,4c65ab2b7f1e43aefa160a36475594206940e56a8b,0,0,0.0010449707
xgboost,4c67dec50e9e987ae4fe27cabc02ec0425a1515fd4,0,0,0.02976992
xgboost,4c695e6f0fc2e9cf9eb7bc18a3c3276f66e904f80b,0,0,0.033325363
xgboost,4c69cbb15eda5ac7df4e576733fe278aa6174fe3dc,0,0,0.00044057542
xgboost,4c6c349ad9cdb73b5e56d29074a48040592cabf2fe,0,0,0.00041504586
xgboost,4c6db4db1281e066912c0d8f08639ba0b00a038506,0,0,0.00030038686
xgboost,4c70de5aa0c7853b23261e3fcd3b83700c61c4edaa,0,0,0.0003925852
xgboost,4c742313d453d31e891975e005e7020e532e91adee,0,0,0.029226005
xgboost,4c742d40113e4663d94fd8ab233421bbc7dd3f9766,0,0,0.0012723015
xgboost,4c746bcc9fefa9f6c249e1326d911fb04c0491f36d,0,0,0.00037807395
xgboost,4c76183ec5f29c4bc64577fa4a3f4162a15e7fd59f,0,0,0.0002330163
xgboost,4c80c4b46c4ed53982f84169f0ef1ce1ad0e5d1c57,0,0,0.022123944
xgboost,4c80e0dd718f835db7e1dfad1e9d536e776d284729,0,0,0.048198212
xgboost,4c8504ce0dd34df595fa87184b31481947458d1aff,0,0,0.019660987
xgboost,4c8fc439db62c9e98794453c260230a3629aba00a5,0,0,0.00947048
xgboost,4c94700ec0018cdb71a6caf3ef807ab90ff7728aa8,0,0,0.055719044
xgboost,4c9f6f6ecccf36b6c6961344f9ba2ddb1f7dd9b448,0,0,0.020044776
xgboost,4ca5140c31800a4e479683b018996f33e96c83610c,0,0,0.0003183587
xgboost,4cab65bac0d34a6a82245d2358d5abcba47b7698b6,0,0,0.22801352
xgboost,4cb317cf67a6e146153065069795e1bdecf658a53a,0,0,0.0054252394
xgboost,4cc31fdaa8d64265b8283623dbda0a59477f1800b6,1,0,0.086664654
xgboost,4cc53723d28bbb602322c6d34fef1fc15a72c179d6,0,0,0.032384146
xgboost,4cc744ae679919ba521338bd796a33f8d38e70c1d5,0,0,0.036837205
xgboost,4cccd60f00a1ac6d5fce2063e5c2b23a793cdae4b9,0,0,0.032384146
xgboost,4cd744c3eb810a339314499c5991307cb754ea35ec,0,0,0.028863749
xgboost,4ce35067b8e9d800710abbea67654b0c12411ff448,0,0,0.032224238
xgboost,4ceba59f85900ed98b20e1d601911f75eb8cf91649,0,0,0.021266634
xgboost,4cedb17fb03b7da5a988866c45632ef2bcd865c8e9,1,1,0.6022432
xgboost,4cedd838acee539f0ca3a073ab3acea02ea46db66c,0,0,0.00037296838
xgboost,4cfb0114627ea87517d4c65a01a6eca5f0f6473d46,0,0,0.00030038686
xgboost,4cfec062656848bba89651dc336bd2264a41d7aeb5,0,0,0.0010080602
xgboost,4cffb7606d95f2526a6bb5775f16e94516e51c7b53,0,0,0.031025434
xgboost,4d049d499c8baf5b502c243385d200b27f203985b4,0,0,0.006672268
xgboost,4d0b96fafba02f0d17879d44cf9dd06e0850b87892,0,0,0.014183076
xgboost,4d0e5d88b9e5b099b9b4e5c1175bab5c1da32cd791,0,0,0.009226136
xgboost,4d14904c67f70a21e56d5e5d8e16dfd50f035b6f96,0,0,0.029167907
xgboost,4d201fc388efec3298cc2a2cc714247ed5e032b00b,0,0,0.023720916
xgboost,4d24698e43f097d8e13f1a3c3e0d7407988abf35b9,0,0,0.0003925852
xgboost,4d2a6b66f2a095ec5e75b2a5375ba81218e9b646f2,0,0,0.0010527555
xgboost,4d2d0d89b5fc6fc5186a51632d13f6b450cbb29ce6,1,1,0.64315486
xgboost,4d3208ce15d3f588249251c5eda1e9c1e7b0d03c80,0,0,0.00030038686
xgboost,4d32a80b442cf73fb0c89e6f13c0047b4c2fadc112,0,0,0.0013208393
xgboost,4d34cd498ef76c28f3e4f91c78c1b9b95dfb520cf3,0,0,0.0026684236
xgboost,4d45479241ea2a7fae628be50d5d049756324f266a,0,0,0.33191314
xgboost,4d4831fbbdb08717ae49832195ba1814f2399e18bb,0,0,0.023674697
xgboost,4d6d24d2064b918d5f14081f882a287dc99f69f5fd,0,0,0.029167907
xgboost,4d739b8737ef086c5ef87e76d28c98c6aa712c3ce1,0,0,0.00030038686
xgboost,4d806968b9cd428ca09d602a045f4a7ae087566ef4,0,0,0.0003925852
xgboost,4d83a7e5512ded7fbe6b3afb1d76972c97fb68afb9,0,0,0.13803695
xgboost,4d8a5b6ee90dc518e43a9617ba5b337775e86d3cdf,0,0,0.00034415527
xgboost,4d9422bfc5feb70ffdd566f317ead835d8804ef512,0,0,0.00041254555
xgboost,4d97350a2b7ca33ea1d17074f2fdc8b0f9b146f00a,0,0,0.035440907
xgboost,4d9d296768e0822d7097290c96ff575d89b820201a,0,0,0.00034415527
xgboost,4d9d74a81e9cf1dc103663ac48e9993cee25aa706c,0,0,0.0082098525
xgboost,4d9e4597da513660bc31339b354b9cd35218f69246,0,0,0.0057338746
xgboost,4da197071ab1759f270e70f239e22bd847a3ee9d1f,1,1,0.6306547
xgboost,4da9e38ca3e29646cb18cbbfc2c17d1aae0cb6652e,0,0,0.007891431
xgboost,4daff0f86eacbd3dd4c70ec30282b70160e159b274,0,0,0.0009133837
xgboost,4db2cfe135fc83d19920d7a1d060499a3cc0bde753,0,0,0.0006299072
xgboost,4db86c8f8c9427462fdec066ed2cc1639b5ac2cec0,0,0,0.00042327403
xgboost,4dc09543dc5d7598efac12ceb2c0481b7b0d9f0b71,0,0,0.00037296838
xgboost,4dc2f7bb25d39c787c33b02a07dceaf3e89bee55aa,0,0,0.029496808
xgboost,4dc58aa1cd7385b4496badfc47f9b45ce0ad80ef84,0,0,0.00034415527
xgboost,4dc9a7999d6247f19e839cc3d477289bb3768a545c,0,0,0.0003925852
xgboost,4dca26c3fdfde86a2b1fe6a2fdb51b680bf23a90ee,1,1,0.64371026
xgboost,4dcd7e24ec602e970e621a9f43bd22bc20ef06c295,0,0,0.00029415396
xgboost,4ddad0a2db7ee68f26f4924d4a9d4e35cf3606c0d6,0,0,0.001583293
xgboost,4de84c0164dc5a14f076ea8dac5f34a7e6e8b857b9,0,0,0.0007948035
xgboost,4deb13a3e8eb6d49ff50018dc34c1cf6a3483e3b58,0,0,0.0006486801
xgboost,4df5ce7196f3671739ffd78ac88afc847a4c0b2bed,0,0,0.0006486801
xgboost,4df688e5abf3eedb017d4d3032bcb3a5c9137cf144,0,0,0.0010080602
xgboost,4df8164186aaec47a562d010d88ba006ddf9db098b,0,0,0.0006486801
xgboost,4df8c404f7b4e61f448b4ece4ad5b54368fd931f20,1,1,0.64315486
xgboost,4dfaa68a74b79a4608314f47917fb07c35e08b608b,0,0,0.00030038686
xgboost,4dfccfd74c13cef80e36319c9915c4580210dc5c63,1,0,0.0009133837
xgboost,4e05620f47ff57e33f4fe120cf89b258bfc30f19d0,0,0,0.004916782
xgboost,4e068a7d9f2925fd3fbe409cf554b2c50cf108b187,0,0,0.0003925852
xgboost,4e069b3f13afeab7e3dc264dc333360c87646ff1e9,0,0,0.00044057542
xgboost,4e086f23068b6adbf2ec309f262350261aed008f52,0,0,0.0013289296
xgboost,4e08f472459973c47b2c286212c1ea060245544d80,0,0,0.111511186
xgboost,4e09a9bbe15411c10b6bc48982c872b044b782baac,0,0,0.032384146
xgboost,4e0a203f37aae2b34649a59a97dfb632acb6a346cc,0,0,0.00903454
xgboost,4e1359a58687e8cdb80c0c0aa7d505a6b532a567e3,0,0,0.0009429115
xgboost,4e14cefe50b5fa19256fce47cba83c4ed1b8ac3b47,0,0,0.014183076
xgboost,4e187593fc119f740ff4cc8cb2c4f61d7071f5dc54,0,0,0.0013066181
xgboost,4e19f7be6c13fb4c29bd3d972f5a132b40d41b8cdc,0,0,0.00042327403
xgboost,4e1ce01ce7829d36147f12cffc1f3e67ec322bb4c8,0,0,0.020649059
xgboost,4e211146597da485638a076eea06abfc084e8bf7e2,0,0,0.009807427
xgboost,4e2558a4e479651da8fbd438bf645efd17576b77c2,0,0,0.005197153
xgboost,4e28884d83c8636d22a0266ba29e821737a8c051b1,1,0,0.38859802
xgboost,4e2c9f2d0e2548fc0c1bcf30c907ef655d565f5e46,1,0,0.13653083
xgboost,4e2de7687ea3e081f823cea16325519403b891f54d,0,0,0.00030038686
xgboost,4e2eaaf067863cd23b666eed60ac97c5781594ece6,0,0,0.0002330163
xgboost,4e313414e55f8eaacc9e4ef774042d5fbf325ba8f7,0,0,0.0002330163
xgboost,4e399daf6c2166ff64d75abb2c3342ae722b2b4785,0,0,0.00042327403
xgboost,4e3ee0525503ee562653c9e73b4a169fc02577584f,0,0,0.15244524
xgboost,4e446a9735da571b34bdb98c43a2f0acab7e904bda,0,0,0.27309594
xgboost,4e44d63e87d3ad3a5be7e991366cac0b8c36d3715d,0,1,0.6306547
xgboost,4e4614a5b300f4b5aaff28ba832e8bb43f840ee014,0,0,0.0007948035
xgboost,4e4de0ba729853786c2ac41857779bba4944b3b789,0,0,0.0003183587
xgboost,4e4f7b6cc6a0692a50cad59907e535f002f5c1206a,0,0,0.0006227354
xgboost,4e5adc23cfcae9091160f38907241464af38857080,0,0,0.014806572
xgboost,4e5b65a330d1956d5c91877318b63e7a164337c8b7,0,1,0.64371026
xgboost,4e622053e0a194799e3814b96c057d752d4a75b1f6,0,0,0.0006716701
xgboost,4e64a28e9cb3cd7ae40dc2e174736f952e785a83a4,1,0,0.23849966
xgboost,4e6dd5c7b9f088b2f6cd2ba0a4310f751277ec6fd8,0,0,0.051092885
xgboost,4e734251cfcd7f19c1cfa745efc1455fa077c44c1d,0,0,0.00046689593
xgboost,4e7c0f5f091135d514b70d71d9e8388d1e46c2f14b,0,0,0.0058986996
xgboost,4e8117f8cd8c6e637af897a340db1fee7bafd0210c,0,0,0.0071041905
xgboost,4e847e311563c72ba7fcaa3dbccd966954e801653d,0,0,0.0003744533
xgboost,4e87d4a854745dddbffca5b3df1373b31bec87b583,0,0,0.034807306
xgboost,4e8da56e674646e5bf5e10f8860cb01aaefdce88c5,0,1,0.64371026
xgboost,4e8ea6e470f2020b4af7afce4a97ff652ddfbc4434,1,0,0.020047948
xgboost,4e901de8ee1f7a7e1446320b06161b998e2be33a26,0,0,0.00086060417
xgboost,4e976031e3f0e52d264ccf8ad80bb908cfc18133fe,0,0,0.034807306
xgboost,4e99a461add69c8e0a0e69176277d32dd40d88e341,0,0,0.018812409
xgboost,4ea343a6dcad2d0c4c0a6ab5bb69534c5fe876b750,0,1,0.6306547
xgboost,4eb5539cb993f78ea5de658542cf5a1c9b195bf338,0,0,0.0002330163
xgboost,4ec9d77b8cb0335e9d295d0279ecf65b4d3c869d0e,0,0,0.020649059
xgboost,4ed61b3a58778e922faaf17d52a15a27b13055b0f4,0,0,0.0007948035
xgboost,4ed7af4d7866f8283a195d2d8526d569a79ba77ae9,0,0,0.13803695
xgboost,4ed9a5a74cacc15cad84318026a9ef34267a76ad8a,0,0,0.00030038686
xgboost,4edc0511bd652bcb7d6aff0e2cc45f1c44b6923194,0,0,0.0002330163
xgboost,4ede25f33c21ad7d0c0956858df738c8e4b7c18e58,0,0,0.00062770204
xgboost,4edef28a25bf8177263b811d0a3fbbbe7e331fc7b7,0,0,0.0011099989
xgboost,4ee39f64c10e2f433067070c20649d0f4d89033828,0,0,0.00034415527
xgboost,4ee5978e9a7a2e46c6fa6eae4187cb5de5acc42ea2,0,0,0.00022021777
xgboost,4ee7aecd565f7c4a0d9c545b82a70b85bf9040160f,0,0,0.0513465
xgboost,4ee930a1c8a176db30aeaef2d6649d39d174a6ee30,0,0,0.051092885
xgboost,4ee9ac5f5f4612864f28d9e91139f1ecac4c0ccb54,0,0,0.0009881387
xgboost,4ef373094f9750ce2d9a0c4d4cfb1651d6bf1ce6f7,0,0,0.014806572
xgboost,4f01c88cf154cdea32fbfb629d202ba17dfa83cd43,0,0,0.00037296838
xgboost,4f09ec7755c671398df2e4c1447439044ddee4505f,0,0,0.0006716701
xgboost,4f118f396497df4ad5c2d03c63949d7869b6f1eaf8,0,0,0.022123944
xgboost,4f1a52dd44c622d6908fcf75cd7caa9fb1f123f446,0,0,0.15299495
xgboost,4f383ea5554424bc6f3ec232eab252e54e2964fc77,0,0,0.00076474703
xgboost,4f463f68e7fbf26092e7ebb54ce405f89456235e6f,0,0,0.0002330163
xgboost,4f46c8d2ab5eb830b944a60f700d09683385d35c3f,0,0,0.0002330163
xgboost,4f5087419d3e86daf176d79900a4a2c7817e89836a,0,0,0.00029415396
xgboost,4f56a38834d4329fd121def4d246d999e31364a757,0,0,0.24505952
xgboost,4f57c110dceabd69aa49f1e662b7d7e3f27a97b1dd,0,0,0.00029415396
xgboost,4f5d73eeddad865ddca33e03c5001d4d23f2199235,0,0,0.00029415396
xgboost,4f5f9147a77a49e34605feaefad0ff1f57dad8d8c5,0,0,0.020047948
xgboost,4f6338873c0227b84beacad171b564447219905d01,0,0,0.009873061
xgboost,4f66aecdd35695382820a1d3684e2bea223e943795,0,0,0.014183076
xgboost,4f68bea683eb02d3ef43cfbdf124aaa9e2b0dc9073,0,0,0.0006299072
xgboost,4f68dc0d5cf269cf7d029097f6dcfc8bb8f2f351ac,0,0,0.023720916
xgboost,4f736a9d24e4521160e016c5f6b708026f2a1f1c10,0,0,0.00034415527
xgboost,4f74501048edd1230854849d5f9d1966fe952c5962,0,0,0.01557858
xgboost,4f7482e39ec9737f789d72f446c3e27048f38d5aff,0,0,0.0072072153
xgboost,4f77c5ae2a54e5ff259cceb49ec4df13efde327813,0,0,0.007815878
xgboost,4f83c1b0ce9f5b55832097820fafc1cddbb15c1808,0,0,0.00029415396
xgboost,4f849272972f362875a1fb81e0a0efe5d8ac882c32,1,1,0.64371026
xgboost,4f8cf10085477c38ce25b2fe66d3761b81df9b26d0,0,0,0.27309594
xgboost,4f9551ab141875fba6b4bba7931173318813fb2e36,0,1,0.6309033
xgboost,4faaf851c458289252a30edb693d6e2b97b070f0dd,0,0,0.03023339
xgboost,4fb031d87ecb63459a8af3d03a9932304267f08405,0,0,0.0012346779
xgboost,4fb6d8502e100ada9aadb204a6516d2531682026fe,0,0,0.0058986996
xgboost,4fbe71549eff07f2c4e4c84ddf778c879925ba239f,0,0,0.007452481
xgboost,4fbf283630663372e885914e3c531b3aed42f6759a,0,0,0.010306311
xgboost,4fc2a0e800e6d9b318b4765dff3f88323ceed9b1fd,0,0,0.0002330163
xgboost,4fc772bc8acec75616e4e55a0c3e898c80cb4feef8,0,0,0.00030038686
xgboost,4fcadc3660dbc834d30f6d4792dbafea427d527488,0,0,0.013584213
xgboost,4fcffe22e530dd4c3d0c0f32970294b17df57bd8e8,0,0,0.0002330163
xgboost,4fd0f990a90e9bbef0f4ef35dd46a6b28d9b594866,0,0,0.0075805914
xgboost,4fd2748d4ad3476580b0eab9a53b4839b3ae4a6c07,0,0,0.00057926105
xgboost,4fdb40aa3f6a820b69cc47ac2461bccadd5089a63c,0,0,0.04829191
xgboost,4fdd55e591d6dc73fe1905724c28f092c5522c85dc,0,0,0.062109012
xgboost,4fdde41848c3f273308a2fb6cc0625855c74a18d38,0,0,0.0006716701
xgboost,4fdefdbd93e777e7ed9d1543eb5e9c838a95e1930d,0,0,0.035440907
xgboost,4fecde1f14bd8b1426a33d86d6d2e152a921307acc,0,0,0.0011728639
xgboost,4fee664ab88e657619aa8ae319eb5020810d75919d,0,0,0.00037807395
xgboost,4ffd374ecad1d31167842c636d69d1747c0d58f4e9,0,0,0.00037296838
xgboost,50023eb4dbc94c8c37df140dc66f4a98a526aace0b,0,0,0.24505952
xgboost,5004befb1f53293194ddc60ed2336ed74de13dca4d,0,0,0.015524557
xgboost,50075fc8850445f1566e7fa9bfafbe002bde6e2e6f,1,1,0.6306547
xgboost,5010e532fb0a9a9208a83ef5ed92b53924f2c8b696,0,0,0.00034415527
xgboost,5021ed3dd32660b9dff18afdf2e3db611231a6166c,0,0,0.028160574
xgboost,5025b750c182cb82ec68945a930f125405a4429319,0,0,0.00078046566
xgboost,5027ae1b9aa8fba8979a29623aabc569f7f91006c4,0,0,0.00022021777
xgboost,5033cfe79cc40256a9812e7c20c87a01a911b96004,0,0,0.130111
xgboost,50355e7cd7fcfc53f0bcf9be2a2eea8283ab42465c,0,0,0.00046689593
xgboost,5038a761cbfc0aa855c3c1d84fba5b6256be839288,0,0,0.0003183587
xgboost,503c97df604dc6da306082116f95204f07e8489406,0,0,0.013926448
xgboost,50431545e3c918995bb9bae7be23df95351c94321b,0,0,0.009873061
xgboost,50442251bd1615eb8b0420700b3b746504e8d2c03f,0,0,0.2046597
xgboost,5044f64d9e08865e6553cedce14cc1f016a48aa139,0,0,0.0068733734
xgboost,50508ea4e25f48031783ab619b58470950ec4f928a,0,0,0.0006486801
xgboost,5051eb9c4fbed885583a46269db16bbef38d072099,0,0,0.012118747
xgboost,505b271cdb46e22d2c931cfd68d1fe763b9491523b,1,1,0.64371026
xgboost,50646565b2d2332c886a069d6f86e17f6293197537,0,0,0.00030038686
xgboost,506f5da0d202d6802e0da2b72c69782df8edc42d66,0,0,0.12905295
xgboost,506f88f12820d1ba2e75510ef30253072920426be2,0,0,0.0006299072
xgboost,506fe665aea6481f42a4f9b3b68b01daf02fd45d44,0,0,0.008981103
xgboost,50716a4ab8de0a56d9943ae2c966ee7dddf54f639d,0,0,0.0002330163
xgboost,5075b3cd82689bc2c188eabca4652a5f8d1d9ccf01,0,0,0.00086060417
xgboost,5079638548f68d421c1db3f8146a043b02ca52961a,0,0,0.011115743
xgboost,50820e29bcb5c450d3286656f8271f162a0ebf60a3,1,1,0.6309033
xgboost,50842000555a17a88632533b9e33d819180ab5dfeb,0,0,0.0105177555
xgboost,5096d8569a44669fd86606e5997281c1884edf2d16,0,0,0.00022021777
xgboost,50a1a60bebbb6f9e1ebec9c8d81d395b55fb59b91f,0,0,0.0002330163
xgboost,50a22eb6627a986a4e31abb4f4ce5656291e81d373,0,0,0.00057926105
xgboost,50a64dc9fdd9360fac0a5b21b130b44fee232a7250,0,0,0.00037296838
xgboost,50aca86cda2db559867fed1f45638d2a8eb549b0d0,1,1,0.84386146
xgboost,50b07c8d2c6bf57f91ac2f9ae0c9be5cead6f1e570,0,1,0.65877914
xgboost,50b2910020f47ae7736045daf4abadd4aa5e5baf62,0,0,0.02976992
xgboost,50b7fef58e1289ef497d4190bfed2cfbcba302396f,0,0,0.00034415527
xgboost,50bc360f8b6496084103ca0e73796189d88d8eaa97,0,0,0.00947048
xgboost,50c4ec2e10761d5e766cc8b80c15784e955334f486,0,0,0.00035953108
xgboost,50ca0a94cd29da5993b75a6c2d03f7556a76b01bc0,0,0,0.0003925852
xgboost,50cc0029a68f4ae92829177565fbd9e96189cb20f0,0,0,0.0006486801
xgboost,50ce817ec22046fc20beeee0467d58e1ee6f8199c5,0,0,0.0013289296
xgboost,50d8bc647eccbf7caa6aee20b41f5f0870d457ba3a,0,0,0.0010099511
xgboost,50e0e681b47a61a764eaec2d0988317be16e77fadf,0,0,0.014183076
xgboost,50e16cf121f65f8a07357601abe312430e2f1e12ab,0,0,0.028438905
xgboost,50e23e177ef64aa79315679378075ad55983f606ca,0,0,0.03023339
xgboost,50e6510b3e4a227163db6ffdb505a8e787de9cc015,0,0,0.00035953108
xgboost,50f5899824502eddeb737e22f3c22a01245225df44,0,0,0.022123944
xgboost,50f79a71eca50baef998bb56fa887fb1bc41bf9360,0,0,0.014806572
xgboost,50f8d8e846d60bccd846342dab02912a4b153ed3af,0,0,0.00042573095
xgboost,50ff642f2917f39d6129fc830cd65d2eae632a12c3,0,1,0.6306547
xgboost,50ffeccc9fbe2f16bf35b7497d5856a189be6f577d,0,0,0.00034415527
xgboost,51010c5c2e54dc81e47a0aea674bf001e73fdf4d5a,0,0,0.0006227354
xgboost,5120e95764bb3e06b3ee82f07409418ae6d0b500d8,0,0,0.0075805914
xgboost,512227a1fd7671cfec78f0fb7563872a49f23a42ee,0,0,0.01190468
xgboost,5125135ae4b9319eacb11e8710df56240ad9d3b47f,0,0,0.0006227354
xgboost,512b098a696c6c242ff45d73cbce8a0e60cde88b4e,0,0,0.023720916
xgboost,512dbe5d6ac91189ee5f59be28a1e1935e1967c059,0,0,0.00096465787
xgboost,513a15636917d178c3d5008b69e2d6bffafcad4c3d,0,0,0.00034415527
xgboost,514aa20c548f4b8168dc3a3c2a840d0817d9db61ce,0,0,0.00044057542
xgboost,514febc2e379b3d79aa2bdf2f9da9991e1f17a6b19,0,0,0.00086060417
xgboost,51531926111bc46ee517a7b77fd71692823b4720e3,0,0,0.00041254555
xgboost,515b3652e6d6303ef4d28a477f43eb03a69cb3111a,0,0,0.00029415396
xgboost,516b0c1e968fe2c596440e5f94a61374a5bf26609b,0,0,0.0105177555
xgboost,516b6e01352227701df47f74ef1cd3fcbd00ee9d42,0,0,0.00029415396
xgboost,516cfa4bcab055aaa7c6d6179cf0f47a30195485b5,0,0,0.005607715
xgboost,51776eed972bd365cfadfeb0fe99592094bdda720b,0,0,0.00035953108
xgboost,517d79622717648d50e6d28e67ca97e731c308d7d2,0,0,0.00046689593
xgboost,517ff1ebe91f78cef04fff48143356a1b82d2bde2a,0,0,0.034684643
xgboost,518199b64ef4dcd5a324497dfd8a5e1840083f501d,0,0,0.00029415396
xgboost,5182fafec6379e3a026c039818a9125837e2961231,0,0,0.03861649
xgboost,518301d550952cfdc4f3dad69930a6395a74294844,0,0,0.004977948
xgboost,5187cb02085570bcafd5e5a32ce3b0d45383d8c370,0,0,0.15299495
xgboost,5190229d3b43a114206e9c266567c9be0c140de9d1,0,0,0.005189585
xgboost,519720f6dbeb88a5fa7d22d608d78f9131ea691c18,0,0,0.00037807395
xgboost,519b1b8f6200d96cf1b7d63671331949da5bf3285c,0,0,0.00030038686
xgboost,51a24b676daa3306c292d7198a0fbdb03ad183a59b,0,0,0.00042327403
xgboost,51a28a78d99f11c9ca482f06da2981243437dcf6e2,1,0,0.033424415
xgboost,51b161025237a392a75897e3e73d77ea8fb9b021a5,0,0,0.001583293
xgboost,51babe8515fa70c2d15627ce924dbfb043d1cd1821,0,0,0.013926448
xgboost,51be511c5bc2fdf81ea3e9ba6f700df1310e1d35c7,0,0,0.034143314
xgboost,51c7b7e388c93f9f189c49d0c55a69eae2d1c11b79,0,0,0.00022021777
xgboost,51c89c50d47558c16a3b57add4ec9fbca366187369,0,0,0.0003925852
xgboost,51cf188c18356ac33d1669b7e71745d352f9908024,0,0,0.0002330163
xgboost,51d77ad8d6f86d1e0f10175feb7f030a9250deb1ff,0,0,0.0068733734
xgboost,51dc524a9e4613c31bdd92ae5ff7178f01ce64f516,0,0,0.0003183587
xgboost,51ddab8276d2ac182af3ad0c5ac19ecff16a11dbbd,0,0,0.024599493
xgboost,51eadc8cf0a4781578c84c8b6746265de559917190,0,0,0.00034415527
xgboost,51efad7147643cb54f4e4477cbf44120d1086c427b,1,0,0.023720916
xgboost,51f72e0b468a04377f7a41f1ac760623990429a4d3,0,0,0.005197153
xgboost,51f8116ff96aec92b49507cd119b50b21c2c93de78,0,0,0.016326247
xgboost,51fb4aa873ab764cc9f65e94ca1cedc48e7bc2616c,0,0,0.0003744533
xgboost,51ff7dcc1f68dddac63efa1cdc0be4dc7531646a9d,0,0,0.00034415527
xgboost,520387ce6822d8c591056cbe09bdd39e4e76618ce0,0,0,0.0002330163
xgboost,52061b30e93b1f3d17a9cf93cca5df0c4545cfe01f,0,0,0.00042327403
xgboost,5209930e80cfcfdd2df299a98d979ef3489512fc77,0,0,0.00042573095
xgboost,520b273ecfd63b543a0a87994e77e4d01e9d5ac351,0,0,0.00057926105
xgboost,5214a4b2262436cb5a6dd77b9180039df355ece806,0,0,0.034807306
xgboost,5217be05b8a48aa0e0002b0cbb6f580bc9123048e5,0,0,0.036837205
xgboost,52188e5f7d68c92e29511bdf88bdc359e34e1471a6,0,0,0.00042573095
xgboost,521acd2149be07253867d611caaf37d220721b3f9f,0,0,0.00046689593
xgboost,521d3908c4f7aca63e4499b4bf38537ce14bb46973,0,0,0.010342912
xgboost,522547da8c6b8fb16bd934a1e88a1ed66805ac0f7f,0,0,0.23849966
xgboost,522702b20ab8e9282b58bb0c658ed8157fcc104b76,1,1,0.6306547
xgboost,52283fd565187aac4b345c35a15511af08bb1496ad,0,0,0.0029865296
xgboost,522b9158e0919376218670e9c7876b5d4bfc7c86bd,0,0,0.039265584
xgboost,522cc4e16b27ee666531a7fd72bedd717095e49190,1,0,0.19171093
xgboost,52311ba01d02e8212ef940eb268cd1c0f790f566a4,0,0,0.00034415527
xgboost,5233bb2150a73da534b4c03b14ede072acb8776312,0,0,0.0006227354
xgboost,5237f5c878a064195ded64d5c14b13992b117330aa,0,0,0.0012346779
xgboost,523c6c49b0c1261758299ebabe243c17b8a256848f,0,0,0.007815878
xgboost,523fe998a88b6e5e5f1ccf15e784d47d5af7f57018,0,0,0.19783552
xgboost,5240f32c9c26f3cbbfc25c42ceb86c3df02bd139ea,0,0,0.013926448
xgboost,524e31deb4be1d37a25bca1010a7c63e405ac4deaf,0,0,0.026810737
xgboost,5251582f8feed179043670d035e08b1bd3c041593c,1,1,0.6306547
xgboost,5257d914c1942898871e22be38fdfea5543ecb602d,0,0,0.011111367
xgboost,5258444742e3ac57dc29d12d50fe4cd41586676c42,0,0,0.014806572
xgboost,5258eb110be7b0d04abd188fbd8e8c51f87b74afe2,0,0,0.0006716701
xgboost,525a317744ed83e8b2049860376d774ebcc2c8a8dc,1,0,0.032567263
xgboost,5262f05e260546437d1fb381d0c43239e7a5a286a0,0,0,0.00037807395
xgboost,526d0e7bd2e1c879030ae845b961868f60e9608db7,0,0,0.0003925852
xgboost,5279839f4e7bea6ea9e68726b75594e09e4004aecd,0,0,0.00030038686
xgboost,527bd0b6d4179c24eddeff86bb6e50997e20fbd0f5,0,0,0.00080371596
xgboost,52825fa78148dd26477c3bffba7fb360e377654cb6,0,0,0.00086060417
xgboost,5288cdef116d91ffa696ac248aada0b14f2a6335e9,0,0,0.029167907
xgboost,528f9accb24a612475b61f177589c7c72cf4fd3d54,0,0,0.00034415527
xgboost,528fe2defa63ac1f567a1fba9e7625fb638949bdb8,0,0,0.032224238
xgboost,529310f4cc2268a13d3d7e0ab74127b7e89d3999aa,0,0,0.011115743
xgboost,5298475d8cf34a5a48cf5d82e936ab81c6e12a5c89,0,0,0.019660987
xgboost,529bb2ca3ff4b0c252ed0661e98de379f101b2a40b,0,0,0.025427664
xgboost,529de4f49d5199a04f1e1dd989eb2968f3cfb97cce,0,0,0.0003744533
xgboost,52a47f9feb5b90eb8556ea2f6d1cee07fd00e10bf0,0,0,0.015873032
xgboost,52a5353e00b968b79bc0a3bdc43ae19814a2dd31bd,0,0,0.0006227354
xgboost,52c1002e02da47c63f350df0d13c0dc862fed9bc57,0,0,0.015456006
xgboost,52c610f75bfa10625f0c8ee9f8b046cfc7202a81c4,0,0,0.0003183587
xgboost,52c999bffdf259db72425d736cf53a0a5c8d7fb4b8,0,0,0.00029415396
xgboost,52cb6f9255ebaaba21bcc56879689f6990f1bf1109,0,0,0.00096465787
xgboost,52d017c079a17bdf272f7e7985594e69d66f98cc4b,0,0,0.00030038686
xgboost,52d03981dd6a7703d42a1b0b7e6db28aa751f888d1,0,0,0.007081607
xgboost,52d76024de58c26af3592d47b14d12a87c14774e2f,0,0,0.0006486801
xgboost,52dc5eaccb28e43ef37c824e9564190bfd1df43942,0,0,0.00029415396
xgboost,52e78350374857d9b59bab84dac8a5c2b69490ed5c,1,0,0.15244524
xgboost,52f1b122e6c0a72f9cdf8ac1b9aa6a4814ff380989,0,0,0.00029415396
xgboost,52f50e0b0908931bc9a3c10329996d3bdd7f8287d1,0,0,0.034807306
xgboost,52f5c61231ca4ad1a7d6a3b05672ecaded37808e25,0,0,0.11239475
xgboost,52f6abd7fc4a476ccbb2cc87116f3c0550dc614398,0,0,0.00029415396
xgboost,52f866bdda1dbda9b361f6e5944e58a6704d8ee465,0,0,0.032384146
xgboost,5305ed7a1517452b47006ca0ddfd2896db7d3f499e,0,0,0.22801352
xgboost,530640717dd9563582865b48e7d402c41667a88e0f,0,0,0.005607715
xgboost,530f2d68a780fde047f4136fe20851eaefdfe3ec66,0,0,0.0006716701
xgboost,5312213a56fc09d2127153b3b5047540ca19e147e2,0,0,0.0006716701
xgboost,53176d9b8e27307f0beb0ed47e55c33f69b9809a31,1,0,0.010342912
xgboost,53183a69b1cc473d4318a0d75ac58386720256def3,0,0,0.035440907
xgboost,531e6d14bdaba76c8d75dcf071966b20f79cc7eb57,0,0,0.00042573095
xgboost,531eafa0738692c64beac4716c4c2e3f81cda11d9f,0,0,0.00022021777
xgboost,5320744a901ce8b1268bd700ec03a16ab332c1f2eb,0,0,0.00030038686
xgboost,532b3ab37ba210ba34f977aa2706d93f2c1de7e1f7,0,0,0.0006486801
xgboost,533f5e198f167baa13cc35b4fb3ee7b78c351e7006,0,0,0.00034415527
xgboost,53471c11bbc8a48db7f90ad9fae46017d84b693aae,0,0,0.00046689593
xgboost,534e5c2c983df81739d744fd16906451ae013858c7,0,0,0.22801352
xgboost,5350e597ef44597d56b982e7bf441150c137414f90,0,0,0.00042573095
xgboost,535306909735921dcc0d43089c2e51dedc48f3c709,0,0,0.00034415527
xgboost,535d54cbb5f45a7308061f87e4380fe4eb631773a6,0,0,0.00029415396
xgboost,535ea3fe06e98ce9d70376b1dd06578a06c9d78538,0,0,0.023720916
xgboost,5365fe91d44b3a961ff3739d34e8bcf9eb25a18233,0,0,0.0043070638
xgboost,536d3982ea8292de466db7188b228943046c8423d5,0,0,0.00029415396
xgboost,5371a8329341e67623babfed067ffca1b3d2b83b2d,0,0,0.00034415527
xgboost,5378f8c70528d5c91bf614009fb04d98b8ead91866,0,0,0.00041254555
xgboost,537cf3a2b951ab56a6f24fff0a10045cc6b9e6c692,0,0,0.00042573095
xgboost,537f89aaa25fd85a920df72ff7bc8b637f47ac5a05,0,0,0.0081455745
xgboost,5387363d7aab7062616c7f55156fc1b2f810822829,0,1,0.6309033
xgboost,538a7f3edf5b1bbc4706727e2f4e8e1bbf802422cd,0,0,0.19171093
xgboost,5390e1581517ece1bcd675c2ffc556f012613f8b79,0,0,0.00050622347
xgboost,539446d20711f91c2b6df5f5c20c388be64239b614,0,0,0.00046689593
xgboost,53a6837cccebe7d7eff87dad53d808d988d19b5a70,0,0,0.008142038
xgboost,53b0ccd468f93f5f51b0e0e3562b9edb2f5801aaf9,0,0,0.028863749
xgboost,53b232bcf008fc4c36e690b22a71e4694133cc4431,0,0,0.008981103
xgboost,53bc4868b3c2f0f9d041ab25029a1668d54e6226c1,0,0,0.023720916
xgboost,53c08c265760a2989986816745026e538901ab7b27,0,0,0.0002330163
xgboost,53c4041155685a2394ee9b3b3eeaa4b56e4ed8034d,0,0,0.028863749
xgboost,53c91aa607ae95977a1370bc3aaff1b136ad16bac0,0,0,0.010854048
xgboost,53c99784572802057067674a0523bc9eed8c9a7bba,0,0,0.0006299072
xgboost,53c9ebe95580a323575719f37a47f8aea79d4029b6,0,0,0.0006486801
xgboost,53cc0808d5445ec4072de44f77e3de7c7d894c1059,0,0,0.00029415396
xgboost,53cc58e37ec7e8a9b144da37b298d9c14c29184ba3,1,0,0.13653083
xgboost,53d1646ec758bb486b622688185848630e62b69dd8,1,1,0.6306547
xgboost,53d9ebcb210d70984a059f2c2d537fa4e818474707,0,0,0.020649059
xgboost,53dec0d33fd1b3ae28b2e8036a5664e60a5e50ad95,0,0,0.11239475
xgboost,53dfd86477b418fb43cd196d1ab96881bd32bdbfa9,1,1,0.6306547
xgboost,53e733fb9e8bd753db60913520a7e624d5fb44c70e,0,0,0.009873061
xgboost,53e925bdf0104c2c3f5964d273ebf405009c6442af,0,0,0.0053094267
xgboost,53ebe06fb5b41bafd5c081b91b757fe053d60ef980,0,0,0.0002330163
xgboost,53ef21c1b0687b8435e536eb3ee1279dd9940a732f,0,0,0.00042327403
xgboost,53ef3e49ec91bd34f98f96eecfe16d3e4b835c26ea,0,0,0.00042573095
xgboost,53f4e4d4da31907802afb3734255242040d6499272,0,0,0.24505952
xgboost,53f7c8aba8583ce4520e17242a809e6298538a6f71,0,0,0.0002330163
xgboost,53fa368b57630bfc0d3470c501933f417b9bba3757,0,0,0.0006071794
xgboost,54060b61127d8389940753e80306bae65810b68b04,0,0,0.00030038686
xgboost,5407ef80458737f310264caf4cd1f9abf0e468f3b7,0,0,0.00086060417
xgboost,540ba87ef81fe52535d646dd721212df161a71281c,0,0,0.010342912
xgboost,540dce1df84695c53e7867e1ce52b5632e597d0612,0,0,0.00034415527
xgboost,5410aca4c742c16ac31321ad5ea3d0fd731bac5b63,0,0,0.00034415527
xgboost,541446618d09aee75644108dbbc4e5aaeb40ad772e,0,0,0.032384146
xgboost,541523ed1b74d661f29462f9f0c811ae568049d22a,0,0,0.0003744533
xgboost,54206a171076706d1c85dcaec7360fbfa8a5be1fbb,0,0,0.00037296838
xgboost,5423f2b0089787597690fee3fe24b827e320b4cc66,0,0,0.008981103
xgboost,5423ffc261760f73d7759a70a355ef05714f49c20a,0,0,0.022123944
xgboost,5425df77f87850c69af332808cb0cbbf5741056090,0,0,0.0003183587
xgboost,542c158a598e69f98c40cc64913a5ccd379ecd87f7,0,0,0.00022021777
xgboost,543b4565ac81c922c3a3ea3813880dda32051cb69f,1,0,0.15244524
xgboost,543b6f151a4ed7f7c294d7091cc8b35ed3e80e236e,0,0,0.017295288
xgboost,543c5f1fff93746531c9053774cd701223883dacad,0,0,0.27309594
xgboost,544172787eb91707b9242f7d98b5a573de1726df45,0,0,0.013926448
xgboost,54460a4cb471d24e026f9b6292615d15d75bb0e712,0,0,0.00022083636
xgboost,5446202d9d1a6235e5444271f27099bd18216e225f,0,0,0.10463009
xgboost,5446c619d692f6df7edc81d490001fab7abe4ac5d6,0,0,0.00041254555
xgboost,544d9413f41d634a2e016cd56cc4839851cb7bf4cb,0,0,0.0003925852
xgboost,545016b7837b71a5d60f039b1984a804d8f522ce0c,0,0,0.022936577
xgboost,5450c5de52ef13cb4b26fb4a9d884affefcbec542e,0,0,0.0003183587
xgboost,54545f1c37970735e43ea8cbcf33297be1bcf5f7b7,0,0,0.00037296838
xgboost,545661a635acea27cb6936d6ef1972c764940fc575,0,0,0.00037296838
xgboost,5456f093d900f3525dd448d8eff4d7c35a68f9da43,0,0,0.025427664
xgboost,545e0352bfa7ba73e55bcd342e9e0bec206ba71fbd,0,0,0.028160574
xgboost,546d92e4ef50b3b817532d871afe8ce94bccdf1812,0,0,0.0012723015
xgboost,5471d099c26f2b8dcd64313b8d7fc40d5e9cb209fb,0,0,0.03336235
xgboost,5472272ed863e2ae53ca599cdd391798b4414f4b70,0,0,0.0002330163
xgboost,5472bcefa6a2a4164459571a71fbd704b62c2a50ab,0,0,0.00046689593
xgboost,5476b5b700261e2b1109b521e7334d03201abef09e,0,0,0.021064816
xgboost,5477ae60a69d18b747afd92c98fe21a2f15d5a9673,0,0,0.0006299072
xgboost,547b4f2ca766f62ab237e241d3b76feaa63dbb220a,0,0,0.013479265
xgboost,547f64e622be2c57556b783710bcaae999cf8c4a74,1,1,0.6306547
xgboost,548874f25df82ef30131f8950169392a154305409c,0,0,0.00041254555
xgboost,548c15af0bed33d1dea784e6d767eb0d4005b6b5e8,0,0,0.00063679816
xgboost,54944b49b0d8c7a9db9130c245735576802776a9ec,0,0,0.0002330163
xgboost,549770e71f1ec63fef02a19c4d0142cdacc1502296,0,0,0.0002330163
xgboost,54a5a8dc18e55689896c74359f0716062e20f5a2d7,0,0,0.0006299072
xgboost,54a69062ef77b3262ee0049b986d87839bd49fe605,0,0,0.00022021777
xgboost,54a77b4c23f52018018d54feebd2d3b16b8a639a42,0,0,0.00022021777
xgboost,54a79144e8caab50c26e63c43cae33698d5bf83448,0,0,0.0003183587
xgboost,54ac566cf93fe683ff84dc0ce1781c0c1b57a010da,0,0,0.007891431
xgboost,54acef9b8ea0efc5d8defea0dc20df61fbc4ba193f,0,0,0.0145422
xgboost,54ba83c51a8bcb784b0478202331d209a66f44a9be,0,0,0.0003183587
xgboost,54c3122a4344028a0ab36784b93d784d44e414be95,0,0,0.0002330163
xgboost,54cc8f93ea8308a90e84d59e803dbb986b73ccc71c,0,0,0.00057926105
xgboost,54d73b9b608bc6f2d1a8a21cd5938d2f27da065bf5,0,0,0.00037296838
xgboost,54e440ed16dc270a5f3f39e185090ee0b20fd6630d,0,0,0.00037807395
xgboost,54fc55c450703673c0cf3db597aa881a51441bb199,0,0,0.0003668598
xgboost,54fd5879d1582fe6df9b0364e67575bc31008ccbbe,0,0,0.059063297
xgboost,54ff31343c1a7e62ebcc8b86bb227a63f053203d35,1,1,0.65877914
xgboost,550983693825f1cb53fe7f78fe258013b426456c25,0,0,0.0072072153
xgboost,5510734ffaf3864d624fdc2225394eb4bb2e6ef90f,0,0,0.021266634
xgboost,55168f205135c1a2793ad24008d7007e598836027a,0,0,0.07525418
xgboost,551731670771166e6b7f1b8a298362eeb18304dd6a,0,0,0.00046689593
xgboost,55212592b3f699f64c4b0fd73438dafdac3c66a413,0,0,0.00035953108
xgboost,552942c39dca18988e9b78cad8442935badce0a2e3,0,0,0.00044057542
xgboost,552ad957eb203fd9f20647d6bff834aa3eba1324c1,0,0,0.0002330163
xgboost,552d65677d9bb6131a026cc8dc03c355c7e5f42678,0,0,0.0013289296
xgboost,552eace182ae815ea545a36403ca02d3f982ecfb4d,0,0,0.003410206
xgboost,552fe89605c06614f03c086f30bf5c2ac14a7f65ff,0,0,0.00042573095
xgboost,55348b5712cb37a557da0a9dd7d20d9190eabb0cf5,0,0,0.00057926105
xgboost,553a153c3b94f8519019a7d7e9b6204b38c6f33046,0,0,0.0010745612
xgboost,554afd035f061f410ca8c83159a16cc2f82a3fd9b1,0,0,0.013926448
xgboost,554e0cc78e430ed7ed46c962e5c7d0977dd5204e17,0,0,0.0053568543
xgboost,55570ea6fd05c11fedcd78f63d32df69854fe57d11,0,0,0.025427664
xgboost,55577d3488073467ce18975af8346ae35b956409de,0,0,0.00042327403
xgboost,555a0ea934b9b9709ef026f564539e450a10f236c9,0,0,0.00057926105
xgboost,555a95941e05868363f1688a6cb1f8fcb851a094f7,0,0,0.0006299072
xgboost,555fa564848e26d618dee8f2d21be3692c47fad4eb,0,0,0.00035953108
xgboost,5567a9237512f614831dc96bf3bf3b969f8442d208,0,0,0.009873061
xgboost,556a32f11b94fb052e0e0bd6eacf8c67ae50e3c797,0,0,0.14156424
xgboost,557328a3334225f6b7a1489698a9f8a223b3a7a581,0,0,0.1394689
xgboost,5574f56f17d20a631f624f4879b0724a9bb3f1a346,0,0,0.0003744533
xgboost,5581d091ef31dc07ba40e3c9094e57dcde1d5b2619,0,0,0.014667858
xgboost,5582dbb2e7dcde8bde7656976cfbe1cc58a78b5c4c,0,0,0.008825426
xgboost,5585c5e94fca47717d651e56670e3626abf6a7b94d,0,0,0.00078046566
xgboost,558ab1349bd070085e959fe767783c6a303900bdaa,1,0,0.27358052
xgboost,55953514d246637d9f883bcc89345696ec04524205,0,0,0.003410206
xgboost,559ea46326d23616829ff8e3a405a392bc467a934c,0,0,0.0003925852
xgboost,55a9ad4ff38f82a51aec3a60e4c899df644d7ff213,0,0,0.0019530896
xgboost,55b2b35b8d7e5ca281c1c9a25f68d02f9bd9053a34,0,0,0.0007948035
xgboost,55c18258a211f07ebbe06217e68da2e1c09b524c81,0,0,0.024599493
xgboost,55c2159f61e83338d078c9b9dea0e80cbba7148ef4,0,0,0.0006299072
xgboost,55c4ca53cc3aea4137965f8c41bdb8f8492abe37d5,0,0,0.02367029
xgboost,55d1ce919efe628c9b445ea971830c08951e72d19f,0,0,0.00037296838
xgboost,55d52c6053fee07d4c8c0a5bf3e12ca8d0bcebcd96,0,0,0.0003183587
xgboost,55d6a452e271edcb63ef5e503a080dffabe31fa74c,0,0,0.0105177555
xgboost,55db5f5f6712d46e122c4803990b1206e60597112a,0,0,0.0002330163
xgboost,55e0458c688e1aa28aa23cab1a73d016948dc51f57,0,0,0.00046689593
xgboost,55e6b8ec4bd78c176c634503cc7e1383292b8cf8ed,0,0,0.0006299072
xgboost,55e7d92339f2e7e5d6ecd1e9488a01c21896e72b88,0,0,0.008981103
xgboost,55f081c58e9743df6aad0c06e904c0a97f10f6a141,1,1,0.6309033
xgboost,55f89c71941f32dc9d030b00c621be05dfbaa681d2,0,0,0.0006227354
xgboost,5603cc5483346a1c1dea7989ca513260b40299f194,0,0,0.013479265
xgboost,560d7bee923fc1ba353bf640e97fe8ab4557a7d28b,0,0,0.00035953108
xgboost,56162bb0895c6595e37002cb0a948754933ece62c6,0,0,0.026810737
xgboost,561eb7d434ee1743db6dccd9ca65f5b70a795c31bd,0,0,0.032735623
xgboost,56228c29c37df03cec5dc1a3b073db056c65f3bb50,0,0,0.22801352
xgboost,56251610a3bf9ba343bf76969db30365b1a051a7af,0,0,0.00042327403
xgboost,56290834df50aa52da870591151441bec1c2d7854f,0,0,0.00034415527
xgboost,563d0ae400c76aef2ffc666a50f3b70ddb5686961f,0,0,0.00042327403
xgboost,563df78287352299763cec5707a04f6b5935c184cc,0,0,0.00030038686
xgboost,564169c39f2d32ca1b0dfe4547931da91d8a3ddf21,0,0,0.00037807395
xgboost,56427fe8b8eb40a43bd76030b1134fa3d28b64f5b5,0,0,0.00029415396
xgboost,56469aeeed0a9ffcbcb01d9e0423b222bf0d4e27c0,0,0,0.00042327403
xgboost,564939abff3446e0e723932e2a3aab594552544007,0,0,0.01557858
xgboost,564b3110b825c74c737ee74b30dab73256e1f76927,0,0,0.006672268
xgboost,564d247fc8901040f5b5ad3d764472f05e3ef58dcc,0,0,0.00030038686
xgboost,56590e71dbc4769fd69b3d225ff81d768f404019aa,0,0,0.0006486801
xgboost,565b7cb5a9150218f27b6133c808eb34b58c6b7f4d,0,0,0.27358052
xgboost,5665b0468a1d8c1f3ae45e4ef376bd529f47495875,0,0,0.0003925852
xgboost,56667c86e0acb4c73c65631b8828776869779b4d7f,0,0,0.022123944
xgboost,566a0cfa2903dd4d480b5e4b08e63f8767c83fff6b,0,0,0.00086060417
xgboost,566d914dcc3947e5f1e303f1596bb096b51565a38d,0,0,0.1404787
xgboost,566e92d398dac082124e7f1ca0265a9fbc78657357,0,0,0.00037296838
xgboost,566f7e5a709e05e9a9217c8a7f3b91732904d27a28,0,0,0.010342912
xgboost,5674cecc00edad250ce2fae979430f06966bf6413b,0,0,0.01537847
xgboost,5676037ddc10e0a9eff15621293128bc8b8c0ea0fa,0,0,0.00022021777
xgboost,567e21b8418f4eb234f5551198dd04ddeaa79c51a7,1,1,0.7972502
xgboost,5687b4934fb4596a093621d670d58bab0c529e8ef9,0,0,0.00044057542
xgboost,5687e09d9d1f23baefd85b8bc5f5d5401524afcd3e,0,0,0.15299495
xgboost,568bee1e980dd6c9507561386659a23fa806e5bc91,0,0,0.00021901939
xgboost,568d3a2aeae07aea779d4ea9ec61f6e2d1072e5e15,0,0,0.15299495
xgboost,5690e7d7ff846a199a05fdf49e0c7f0ba7025071f3,0,0,0.0010099511
xgboost,569527eaccebf1f476a2e6b5985d4e041c4ff4dec3,0,0,0.00034415527
xgboost,56a6f33bfc0b6943b88b303021c122c4c77bb3b67e,0,0,0.0026684236
xgboost,56b227ffb7c865f757370f659176c4994b4a37573d,0,0,0.0010449707
xgboost,56b2c80bb6771879da82cf1532a785b6cb524f11fd,0,0,0.032224238
xgboost,56cad392843d7c8da49a90c5678ac05aa70ca5a47d,0,0,0.0011099989
xgboost,56cb36bdf07d3917f49d40e45a84c0a75de408b8f7,0,0,0.0006227354
xgboost,56ceaf5a1ca711bea1f4f2ffa083bf31e111210443,0,0,0.015456006
xgboost,56d18c9edcbff95b5d032822563a2f5f8916ef3268,0,0,0.028160574
xgboost,56d31c3164ad9b41b461eec1aaf18ea7bd7238b852,0,0,0.0010745612
xgboost,56db4688aee76d71174eed56e0b5188c0e80cf002f,0,0,0.021266634
xgboost,56dcaeb9e5bee592edc461521a5dbb78904c42f129,1,1,0.64315486
xgboost,56deb2efc9d676b1f6f40ff6d4bbc4bc835510682e,0,0,0.0019530896
xgboost,56fb2645d19cd4ea7531b89129b02a52cc061237aa,0,0,0.00037807395
xgboost,56fc0cb1e9de82e6547aabb10e51332f01cc60b30f,0,0,0.011115743
xgboost,56ff6660872e741ba598b81fe2ab90ffd17ab1a195,0,0,0.00046689593
xgboost,570b37b1a8d8347e4877d513e0e7695841a77e4369,0,0,0.005189585
xgboost,570c3a74a3ab4959fbf2a2c7df2e428263f10ac673,0,0,0.004977948
xgboost,571ae5599212bd57bd6d0d2b31a92e498fb44c2cdd,1,1,0.7972502
xgboost,571fbe7be8aa6f4e9608fba777647835337595ba84,0,0,0.0006227354
xgboost,5722b237d7632b65b7998e2bce5566f0ccfceec82e,0,0,0.051092885
xgboost,5726054de1f77d7d29eafbb9ae19f4cdfdb44b2970,0,0,0.013479265
xgboost,57270e6ac8e8bb7381cd9b0ced3066794154a3c043,0,0,0.00042327403
xgboost,572d4f5f16970a2259165e4729bc3643fd651afdde,0,0,0.020649059
xgboost,572da3a327ed91a67b3672d536b5b3e4245b1b5f8c,0,0,0.0012346779
xgboost,5739a82e0424ac58e2ae1a8299bfc39cb746ee5d4f,0,0,0.007081607
xgboost,573c46da1a91c00a1c6f2a82213f3faa5950836ba9,0,0,0.025876993
xgboost,574b54867a048debb2f3000a9bd01a1a0744c127b9,0,0,0.00903454
xgboost,574bf5c3351d679e793d840a4bd9953ed85d08ae62,0,0,0.0003183587
xgboost,5753951649268f827d5b9f84ad26ef784704266081,0,0,0.0006299072
xgboost,57550cdd800d2c69ed18e6b0a9292278502fa29bcd,0,0,0.00046689593
xgboost,575b69b3bf696f01d5f1c5b3483c5da91bef56693f,0,0,0.0002330163
xgboost,575b6b5eb34c6afa84fb8ab77f14620265558a755b,0,0,0.0081455745
xgboost,575c2e5cb834ccb1108ad96e3209edc216db0cb536,0,1,0.64371026
xgboost,575d4c882961823c50caa47c214a04d16540862b64,0,0,0.00022083636
xgboost,576576076b4fe62d0425367febb35baa9c02f64d77,0,0,0.0002330163
xgboost,5765accbc4e0f1c8735da28468b9c312ad18cdd4d9,0,0,0.036747593
xgboost,5766b9d64ea1946dbd2d37613e198539989a652616,0,0,0.19171093
xgboost,57699e0704de19bc88aedba114078a27d05f625ab5,0,0,0.00042573095
xgboost,576b02f827ed4c1f33cf5b1b90b6097dad924df79c,0,0,0.00029415396
xgboost,576e9fc092c3a99842ef0d7a67cb3c9960ebe734e7,0,0,0.003925084
xgboost,5777fb496b9305f0c6954ecd368e490346425bda50,0,0,0.0002330163
xgboost,5778489ce193b7fc4ef30c73a37d06953f96139357,0,0,0.0002330163
xgboost,57793d4ed6e0ef0f73d24bc2472e3d92933d981800,0,0,0.0007948035
xgboost,577c028657a2cc7ec1ad270211e4f9cca18216e878,0,0,0.035440907
xgboost,57877aefa4878bfdeca315da90c4958fdb57c7490c,0,1,0.64315486
xgboost,5789046f0b6140ea8a5e31ccd4d8f13e8462a222c7,0,0,0.0009881387
xgboost,578ad9b6e95ce71c451b4abf2d0a1e5db1945ad357,0,0,0.0007948035
xgboost,579285c7283c05bdad4f8523c9bca3339ad3c46ea8,1,0,0.13803695
xgboost,579dc1706f20743b9e5d74b209a6ffa283dbeb39d3,0,0,0.00041254555
xgboost,57b00452b0e01dd5bb7e2e930c21227588dd7f1dca,0,0,0.015873032
xgboost,57b2c004a0452ca5a3faef9f209db29dd12abd0104,0,0,0.02976992
xgboost,57b4499ee295b18d7a66e3878193b0a513089f3e61,0,0,0.00042327403
xgboost,57b64c882503bd5b029fcbb99757d5694a085dd718,0,0,0.00086060417
xgboost,57c6243106a3c3082ec0d2958ae8f45abe6bd03913,0,0,0.0013066181
xgboost,57cd33bd3ed26ff4b7c32d75d91f7cdb1b7ce858b0,0,0,0.00030038686
xgboost,57ee1eaf2b4bc0c144d0c3c0b6968f19066e51775b,0,0,0.0003744533
xgboost,57f45db4994040da5f2ea087cb9027844dc848876d,0,0,0.0002330163
xgboost,57fca99141dfaa56b06ab167055ab8e0451538bce7,0,0,0.0014972406
xgboost,57fe3595f54668b4bd6cc3258fc987f0132cdeac71,0,0,0.005189585
xgboost,58062eb588f387010834f9ade685608254cd148ebe,0,0,0.051092885
xgboost,5807a39bc4d5baf2a44ea4552487587250cd785897,0,0,0.2611296
xgboost,580a398dbcf1a9794e64da8b4c51bd6fe6be041aaf,0,0,0.23849966
xgboost,58119c5151f28a914e8ac1fcaab2d18537d263ba8e,0,0,0.028863749
xgboost,58249c45e9bbf269c99d60eda0ddc58c94b1baf724,0,0,0.026810737
xgboost,5826521536008223e057106cef1325bba9f0ea9794,0,0,0.00074442895
xgboost,5829a45032a5104fabc3bcf6224aa63a6dd2baab84,0,0,0.00063679816
xgboost,582b82360b0b8a158a5743817cd91214d1c76bb89c,1,1,0.64371026
xgboost,582fbdfca699f4abc8425a7c9b1b32f4f0e31009c1,0,0,0.0007948035
xgboost,5839482ed85a43e89ac98039981eb0f10dcf6075d4,0,0,0.12780893
xgboost,5860a4bbc674baef6f71b7bf1764e06025b70b5403,0,0,0.029226005
xgboost,586b1726b422011d77b0c918a30d4877adb9802931,0,1,0.6309033
xgboost,5872035812f01ac148a79c12b45b41122b45fa6f6e,0,0,0.0013066181
xgboost,5872133ef7edecfd3e75f849b1c1fb0fb021aec9e5,0,0,0.0053568543
xgboost,587441de4664da8b5fd5b77a0713015687782a96a4,0,0,0.0006486801
xgboost,587f75c52164ad595d38c2cc8df3739e39113d4dfb,0,0,0.00042573095
xgboost,5880d9670adc4a823d3fd3515bfabc9273bfbd921c,0,0,0.010490675
xgboost,588411282bf44a4b48b9a51cf91908551ee07b7517,0,0,0.04829191
xgboost,588ba6c3a7bad6e88e2220772276f33fc21b40e889,0,0,0.0013066181
xgboost,588cbbda94a60ebea2ca9024c82f4067ebb2752a63,0,0,0.1023795
xgboost,589105dc490eb06d2c20944db43b80905661f8fe9b,0,0,0.027860904
xgboost,5892047db0ec0f40f23c5bfc2a94cac4be55ab0778,0,0,0.14127648
xgboost,589af8b66223454c60ba613e503435dace5b6cee80,1,0,0.048636746
xgboost,58a24d79121e0af0c03685156dc04a30481b504210,0,0,0.0006716701
xgboost,58a9c289a52dac4317f5601f5baab54fb1a439af19,0,0,0.00086060417
xgboost,58acf7241ce5545c1e3daa4911b4a403ae48b3ceab,0,0,0.00034415527
xgboost,58bab9718b342e0e1998c6dfbf3b48d1e6cdb40d40,0,0,0.0003744533
xgboost,58bb174838794355409098daa84d39f8d037794e27,0,0,0.00034415527
xgboost,58bcd1632f69fe1bd10e066ddbe647ea13d5d7fd51,0,0,0.00034415527
xgboost,58be1a81310c8a629fb0c90a3375ee1e984d6c27c2,1,1,0.84386146
xgboost,58cca6bc541447e30d3a09887b87f432bb6c808735,0,0,0.023720916
xgboost,58d35817fbfbd6571ef5798333a537dd9e4edbdd38,0,0,0.018812409
xgboost,58d65e53a4dea4d10af616db7c14fab511019a9d7d,0,0,0.0058986996
xgboost,58dc0582e2b78a1ced0a0ef96ed641d47330d88d4d,1,0,0.023720916
xgboost,58dcd33716f8b10c424775053344debf4f77f05593,0,0,0.13653083
xgboost,58df8e1fa0761653cc7280834a9c8ceb3ece62eabb,0,0,0.006094069
xgboost,58e13581285cab9bbb60fe5317814ed2fb6886f185,0,0,0.00030038686
xgboost,58e3bd52839c718165c061b0ae6f886a12abc8f7cf,0,0,0.15264633
xgboost,58e47a3d25778a2d3d416b5e7b9c181b94a2a99353,1,0,0.2046597
xgboost,58f1d6a50778714f55b1b1e3544ba160f1a9a17255,0,0,0.096435696
xgboost,58fa29f45eecbcdcc16af8574998f6fbf21cc2f998,1,0,0.12905295
xgboost,58fda5e3a2b3aa585885e998bb468424b4c3ffbae5,0,0,0.020044776
xgboost,5906766697b88625e67538c9976f3d6f155b6347f3,0,0,0.048636746
xgboost,590cd605edcca2c946555da7b47c8b304aed4257f1,0,0,0.0145422
xgboost,590f6f43f1ed551f2bcb57aafbbc065eeaa3f01f28,0,0,0.0006299072
xgboost,5917a81384611a9e5c46803ae01e7a14f43dae0475,0,0,0.00030038686
xgboost,591feb7d3b1849ad09523e93d745ecfed3da031b68,0,0,0.0072853104
xgboost,5921056b3dcd9d62319d5302c15746fefb4e0fa83b,0,0,0.0002330163
xgboost,59266fb45494a129abd49c492a6a7bb9b1bc372d93,0,0,0.0010763843
xgboost,5930a05004ef42f869d8e61953ff18653461ad6255,0,0,0.015524557
xgboost,59316a3ba3c3d38b3191a6c1a87f47d6e2f10739e9,0,0,0.008142038
xgboost,593e8f7bed3b3b84b0b3ea15e08845ff7f4cfc2dee,0,0,0.0002330163
xgboost,5944bad395fa2b390afd554055a99445c0e877e609,0,0,0.2611296
xgboost,59521f76af395c6e45ec41611274e55648b74bf08b,0,0,0.00029415396
xgboost,59526ad4cb70df90c9fdd03d915273573c67ff5d66,0,0,0.0002330163
xgboost,595e937c98f481e4ddae4ac5485a1d80024ccfe093,0,0,0.022123944
xgboost,595f4943a5be1ad4eb880e1f9b893e262ef2d7bc74,0,0,0.0009881387
xgboost,595fe35ada713c46a570fdb39172227c1ba699abcc,0,0,0.00086060417
xgboost,5961f76fd2385af6232e5b3ca024a93d321d5ae8f2,0,0,0.00046689593
xgboost,596cb88c42b63363b6ffc38378c2398bff025338ec,1,0,0.19171093
xgboost,596f3dd413836fe2abbf699def70888ce4cdc333f5,0,0,0.0009133837
xgboost,597baf72bf5dd94a9c62fd40e39a50464b56403aca,0,0,0.00063679816
xgboost,597f4d9e66886c2119e5985b9e1e4187b2b41e77cd,0,0,0.007452481
xgboost,59831cba843b60c092ee3a10a8eb3f6f3dbc5c4166,0,0,0.0003925852
xgboost,59894951d628e7293b9aebae5590d9571c458177fa,0,0,0.0075805914
xgboost,5989fd0313c83d1c606b0f34820e5e7c2c7c1879b6,0,0,0.0105177555
xgboost,59a2029e778be2467343bdc7e3cb3174cfaf7594ea,0,0,0.032612085
xgboost,59a3dfaa5d8467b2d568f43b2d0340f4e47341b941,0,0,0.00034415527
xgboost,59ac852ae91c7acaeeaea77d09f87c72a444e7889a,1,1,0.6306547
xgboost,59ae4b20f5a6ff6c9754090fbeb9fa696ebb77ce25,0,0,0.0011099989
xgboost,59c376186eefadeafe211114b141a06848d29f8e3e,0,0,0.008142038
xgboost,59c752d6cd0db5877bd8d3e174041a44c6e7282426,1,0,0.025427664
xgboost,59cd1f84b8425dc0b3a8910f17af1025411e2aa5e3,0,0,0.00041504586
xgboost,59cd4907f6bbfc5897484bd3b61d88cde4c3c9450d,0,0,0.00042573095
xgboost,59d19a9ab218eb3b74a8eba942e9295fce70198b6e,0,0,0.0003183587
xgboost,59dbb862bfd7915ef4be628c6a80a537ff04f6d4ab,0,0,0.019230211
xgboost,59dd403804bcd5a9e00ec84fba547e26d16e3f2d8d,0,1,0.64371026
xgboost,59e0d2f217e8447200492fd3116bd03c2cf740ea94,0,0,0.0012069565
xgboost,59e3c82f31cdeeb26d4c3e2e2a6c6fd2772d3794d4,0,0,0.00035953108
xgboost,59eba8e3931562a9fdb443fb12cb28f929a0c6b926,0,0,0.023674697
xgboost,59ec462412bc06087ad3eb3de292656c97583d4d41,0,0,0.00034415527
xgboost,59f00e9b6f8e7c83cc2bb98930e8e6635651581af5,0,0,0.15244524
xgboost,59f50de9b1d8105b2fca91e4cc4cf331effc14d65b,0,0,0.028863749
xgboost,59fdd5bb531a3cff0893dd9215e32b139b0a2249e2,0,0,0.0002330163
xgboost,5a090994171ab5c935012eed483e199ae3e8ecbd15,0,0,0.23849966
xgboost,5a19a8d303676dc4a7abab9c6dd9471a3847810381,0,0,0.035440907
xgboost,5a27b225ed2ae60052fecd49a7de3287b538753b48,0,0,0.00034415527
xgboost,5a3628e7c87afde3fd78da857dac25d85b7cac454e,0,0,0.0075840037
xgboost,5a415b5a9e1c0e10cd2fc8845197e023cce2be647b,0,0,0.036837205
xgboost,5a4238f8b75ea1893d4f2b3a72bb63ec519333d555,0,0,0.00037807395
xgboost,5a53dbef407787515a825c9f5b4a25529936e88890,0,1,0.64371026
xgboost,5a589116be0235510778a6c4c025bb3203315f8ddd,1,1,0.6309033
xgboost,5a5d8bdb712b54baa29d26def293a8fff07a97b4e9,0,0,0.00029415396
xgboost,5a5e0544114da871302c69fcbab6610fa440743b75,0,0,0.0003668598
xgboost,5a5fd7867069bce854d200bdafbe13b6d994cdc425,0,0,0.0003043416
xgboost,5a64f8090c1380a684890a2567f07b8e2b420eddcc,0,0,0.028863749
xgboost,5a679929cf0b865e8159460e6ab29a88d2ee464447,0,0,0.00029415396
xgboost,5a67c40509d66b901fdac319da62e4e9ff69054998,0,0,0.0003668598
xgboost,5a6986e658171ea62599ae3418613858f398a5c5a5,0,0,0.0003744533
xgboost,5a69f095d28360c30db03bd8d337b4e47bfc130475,0,0,0.0006299072
xgboost,5a6a3547073e7dfbf3781dfe0c6740b3a896a79126,0,0,0.00030038686
xgboost,5a6e1bbfe9d2ef5b72b29a2f7ad1f9046ec0ba051c,0,0,0.02379403
xgboost,5a7208dac564866aaebfd56edb1112964f60b77a77,0,0,0.00903454
xgboost,5a73c2363b707a5ba03652d304c65c9097e22155cf,0,0,0.0003668598
xgboost,5a7758c2d083168b4b53c0f2dcd4f586a3fd385632,0,0,0.011111367
xgboost,5a7a4dded293ad2107185cc96bf82fc8d0c20acb2b,0,0,0.00063679816
xgboost,5a7eb0738bbf89c880e2cc0add360b75f7fe45faa2,0,0,0.001583293
xgboost,5a874dd825d6a4fb75dc74c933952413201453eea6,0,0,0.006064744
xgboost,5a88ae373d3df4db117ca847c27b95bf2da9323600,0,0,0.00041254555
xgboost,5a88b2faaa1c54d56cbbbaa0abc7a16996b3e4fac2,0,0,0.0010745612
xgboost,5a89a07ad6ac98ed1aa894bd80cbee9da35f2a5e6f,0,0,0.0009881387
xgboost,5a8b37333b951c2944fc2498961dfd655dfd9d2061,0,0,0.0003925852
xgboost,5a8c02ec002c2c23dd077cc3778a61423cf20a8a5f,0,0,0.00037296838
xgboost,5a92b4fbaaa2dad5f57877a8b60c74f9f1f350a68e,0,0,0.10463009
xgboost,5a983da4db6af702f42367cf326851588c10f8f9d5,0,0,0.13803695
xgboost,5a9d442e672c71595b7b68c9547e1f5b50c82d223e,0,0,0.0050011594
xgboost,5aa20d3194dc2ee7e48311e8286e413fbc055f0c43,0,0,0.0003043416
xgboost,5ab32d2ceddbce693e019dc08f54c9ceb349c7623a,0,0,0.00029415396
xgboost,5ab37d24b27e59841c1bd9710e54f862c995d3134c,0,0,0.00041254555
xgboost,5abe4f60958b93047a6942311d7e6fd36ffad90cd0,0,0,0.00057926105
xgboost,5abe6cabcb9952a96a2c865804ed4a3e742f87eab0,0,0,0.020047948
xgboost,5ac3321b467fac00b16ada0e408bbb29daefc18b22,0,0,0.0002330163
xgboost,5ac3c0255b93e49d3d083b1a86b9c79613879a41cd,0,0,0.0002330163
xgboost,5ac796db79851946be997feb15b0eda0164186dcce,0,0,0.00029415396
xgboost,5ac7b18cd3de691c56e7895b0418cddfcacced2344,0,0,0.0009133837
xgboost,5ac84630440506be6fadf2f5d3799ed19269134638,0,0,0.1394689
xgboost,5acc12798e9b70189663775ba582dfca80019503bc,0,1,0.8535009
xgboost,5acf8043c82ee010215a0431cce478b25517bd7e25,0,0,0.022123944
xgboost,5ad09c17c9eafe38f51caa90b4bcf88c742724de0c,0,0,0.00030038686
xgboost,5adf1fe629b36c62ffc948cfc9c693dee142e99ef1,1,0,0.27309594
xgboost,5adf53dbda8bb75f50ee8dd192c039deb9d8bd4527,0,0,0.00022021777
xgboost,5adf68dea79b39e5c01c50e08fc536ecfa22f013ae,0,0,0.00037807395
xgboost,5aec948ab771d091112a8e126775bc2d4af12a5482,0,0,0.0010099511
xgboost,5af197cd7a61dd762da4b2390a76e0852227851819,0,0,0.0011099989
xgboost,5af53c2545632134802f37d51e028133da35d27bf3,0,0,0.0010080602
xgboost,5af984714ef2b78b773136ab212c84cef4ba67ad38,0,0,0.00022021777
xgboost,5b050ef84d09d84726e321a6b47c0bd8abcea5f95d,0,0,0.0007948035
xgboost,5b055d28784d83bb28bddcc1736d86768a69db51f6,0,0,0.0014350319
xgboost,5b1e6e35fd47cd3a0f4747c7210ff1ca631cd04f57,0,0,0.00022021777
xgboost,5b20e8c568bb202fbecab26dae5a9fdab334ccc96a,0,0,0.0003183587
xgboost,5b2188ae5e87e371b11f35b3a1184509beb11cde84,0,1,0.64315486
xgboost,5b25044eb3bc30e0ec7c66f51b465f2e1e4e046591,0,0,0.00044057542
xgboost,5b283e7b793d1a30260522831584221868b3e3fc13,0,0,0.0010745612
xgboost,5b28740a2808133d238cf93b18b4262e7cb4c7bad0,0,0,0.10463009
xgboost,5b2c0362dd10b16e87e399336b82aed360b7843765,0,0,0.06597109
xgboost,5b2dd0b16a07147387502857807c980933b3842ab5,0,0,0.00063679816
xgboost,5b30f4b91c199375a71a8da9c32a07d4a165cf4bb7,0,0,0.012118747
xgboost,5b380ac05c0ec9bdb1524bd2972732d0042110fd49,0,0,0.0003183587
xgboost,5b3b25c18133d97fae6e36b716492f4a57854c0430,0,0,0.00022021777
xgboost,5b3ced03d9a826336211364b6af07ba4995591449c,0,0,0.00046689593
xgboost,5b3f129bb23de2ad94ca270135312f0914b309c4a2,0,0,0.023674697
xgboost,5b3f3aa643ef2925d92ceb38e51297dc4924f2cfe0,0,0,0.032224238
xgboost,5b426788231dc81a58a548d29f4138908ca686d695,0,0,0.035440907
xgboost,5b48964a73497e37b93148b1f8d0e3e9957c1ed5ca,1,1,0.6306547
xgboost,5b48973ed08dca1de20b87839873760991b5304fb6,0,0,0.00037296838
xgboost,5b5377c0c3f11b30dc00aed86187b80778e9b524f8,0,0,0.032567263
xgboost,5b5649ede2fb866f56e3bc5b1d2fde2b346711492d,0,0,0.00022021777
xgboost,5b59bc4fa195b9b60b522444075ae7dce78cbdf0db,0,0,0.00022021777
xgboost,5b5adb71b16ca1b6aa75aecf4cb0be3aa38ad2ae74,0,0,0.00042573095
xgboost,5b5b6f522ef54f9354f2b6a4d1be8f6fa950d191e4,0,0,0.03861649
xgboost,5b637eaf20a9cc202451010eaa19b79492de3e4658,0,0,0.00042327403
xgboost,5b654fc2126942d4201b708fc65e51020c5a146d65,0,0,0.009226136
xgboost,5b7004552bdcd60f64e3effbf980996629a6a376f1,0,0,0.001108906
xgboost,5b7e9a0e56e49d17c71f118943e6b3a760d04ee72a,0,0,0.0003744533
xgboost,5b837802089e302a839a91dc74f43fb6f6cd2f76df,0,0,0.0006486801
xgboost,5b8e0aa4252a6189d644c8b9a1e0a95a3c4a24036d,0,0,0.00037296838
xgboost,5b9cb6c71b372c9f82f9b71742e51965d9cb66cb22,0,0,0.006158658
xgboost,5ba251c5735ab81ac6f0ddbc7352a54eaa641ab073,0,0,0.00076474703
xgboost,5ba3df88b93ab39244e33f1336615192bc5d940932,0,0,0.0003744533
xgboost,5ba3e34bab4e9b10a56049a5db5633442670caa01a,0,0,0.0012346779
xgboost,5ba4149a26c51385ea4145f290d243533d37d6daae,0,0,0.017810369
xgboost,5bab5c5acd87a37760a8b794b37cef54d1af94ba5f,0,0,0.002365846
xgboost,5bae0878500b2548b7e0eeabc4ab035e08997001de,0,0,0.0013289296
xgboost,5bafb8af5ecff937bfb9fe49d9ebf8de25446e7f6e,0,0,0.00063679816
xgboost,5bb00464b6ba4fcd36e0b6ff2b0d0d72ca20d5ca1c,0,0,0.00030038686
xgboost,5bb6f9bd02acd289d04efc1f4b63aad1dae4887ff8,1,1,0.6309033
xgboost,5bb86c00d865c9d5afb9ae014c9de317d4c1f0b49f,0,1,0.64371026
xgboost,5bc10e5a52b06d5a004da0568172100a840491406d,1,0,0.05033804
xgboost,5bc4c07bb62a04bf4f86641067e577f0ad96a60e76,0,0,0.0002330163
xgboost,5bc870b55f55ecb34ace81f6a3c56a37ca57665d3d,0,0,0.023720916
xgboost,5bce5bbca94767dcd1321e895c82fbd1e478c82ce3,0,0,0.00042327403
xgboost,5bd5b841dc750bd40744267c34a3bed8d91e2d8f22,0,0,0.0047180536
xgboost,5bd813263e3cde424fbc2e4f0b3070fc06ec1e3e0d,0,0,0.0010449707
xgboost,5be1833ffc7711a108403075bbe07d3ea9bc0b5558,0,0,0.0006227354
xgboost,5be1e485b6d6ccabe5d51194b82513ab09ec3a2162,0,0,0.0010763843
xgboost,5be941081d842d9b25f6ab8431fb0609d6ef6284a9,0,0,0.077959366
xgboost,5be97a386ef5e7e77beb65f2fa63f73fbeecf94af7,0,0,0.0003668598
xgboost,5bfb72ae03a716c35b3414eb8aeccda33211357e13,0,0,0.014806572
xgboost,5c0198c3c13ff9e475ec3cb4dd981e8166a1e80c91,0,0,0.0014972406
xgboost,5c01f1539297a594b00fdaa0768fda45516af9f4ea,0,0,0.010342912
xgboost,5c07014efd1e89e20f23d57c8dcae5632dd9bcb51f,0,0,0.034807306
xgboost,5c0a110744686174c5830600fd513a801eb3e221f0,0,0,0.00029415396
xgboost,5c0e8dd819abc5222be098118deae98ded5191d4cb,0,0,0.023720916
xgboost,5c11da6cb9579e2abe8530904b4da7abbaab492245,0,0,0.00046689593
xgboost,5c148e175a56e21336e7587c0aa62530344428721c,0,0,0.010306311
xgboost,5c1e01a87436bbcb34623d7ca18b6c952e851c6ab2,0,0,0.00034415527
xgboost,5c259f11b6c72a799d936b57df46b2907c5098da11,0,0,0.013584213
xgboost,5c260af024a00c82807c1a959e994fe88e1fea0d32,0,0,0.02379403
xgboost,5c3434796018871ab262e7dbf13f3b461af5073f95,0,0,0.022123944
xgboost,5c34ba82d0b28d0962226d9c0a5cd89bf2ef73188f,0,0,0.02367029
xgboost,5c3cf419daf39bc134f3c0bf6bd7ca3bf9e23a3df0,0,0,0.035440907
xgboost,5c3e467e7b83e8a14c6d3cbe345339a2c7b6511675,0,0,0.011115743
xgboost,5c44ea90bff28bff8386883c9cebb73d150fa2569b,0,0,0.0002330163
xgboost,5c4c8ec1da98ed71effc07cdab8ca6c5209f7823b2,0,0,0.2046597
xgboost,5c4d8bffeb910afd169db17ebd7b3f41be513410df,0,0,0.00042573095
xgboost,5c4da71a70e9e1e001c90c7bf15232c00e3439bbc6,0,0,0.007081607
xgboost,5c52cd3423ee421cef760d6a3ebd9b1ee6ecc38406,0,1,0.65877914
xgboost,5c5495b74ab148da97b24b301640bcc15c6439a811,0,0,0.0010080602
xgboost,5c566ce106fc55c995bfbeee5e76cf261d85a3d3b1,0,0,0.0003183587
xgboost,5c5aa1af20a75149937e7b24fef079b81fb556ccb4,0,0,0.00029415396
xgboost,5c5ee3cf0cc42dbf74286a135df52f5ecb1b39381f,0,0,0.021266634
xgboost,5c6022084e8b5dd2b3ceb112e78ec456aabc777a8b,0,0,0.0081455745
xgboost,5c606b7ee7a2cbed0c430e5de3632fa29485337d63,0,0,0.0002330163
xgboost,5c624ab2e5a9c64a8fe6733054dee8f4fcff3b62ab,0,0,0.00029415396
xgboost,5c66cc22083cb1ff702a87ad4f404812db54c9bbe9,0,0,0.0006299072
xgboost,5c7d2f76ec06310faf8d6410fbbafe4509b5e36882,1,0,0.0035622227
xgboost,5c7e29844027628f9671e685dd0fe9d40621bba1ce,0,0,0.00022083636
xgboost,5c868fed4c12179be8502a9f4f88ec9e1ce7e2d7b8,0,0,0.0014972406
xgboost,5c8740f0b2bbb346539a025549eb1d92d35bb1be8d,0,0,0.00029415396
xgboost,5c890b59991e0ed5b5e3a4f4543083f0583d6a7160,1,1,0.64315486
xgboost,5c892edd1922190eb48de5423c7adae42d688b408b,0,0,0.0003925852
xgboost,5c8a85b69b108c51288366c72971886faebfadda6d,0,1,0.6306547
xgboost,5c8afe0dfe7902a366688b32425215a79ffe2b566c,0,0,0.00046689593
xgboost,5c8ee84cc37b35b03340e5ad660079465e499ad7a0,0,0,0.2611296
xgboost,5c8f700e3386e9eb4f19fc1bc35272009d9cf6f5fe,0,0,0.03925821
xgboost,5c955cc3def46766cb39d3915919027f882d008f7c,0,0,0.0003183587
xgboost,5c963409efd7b681aea60dcab5179a090f5b272ddd,0,0,0.00046689593
xgboost,5c9acb52c9888429a5d3f9c9a645690501a87a4792,0,0,0.055719044
xgboost,5ca15ed104ea18481a8b0563e2e6e65b613fe4cab7,0,0,0.00022021777
xgboost,5ca961266cf5c7ecd70c5f03800a4a7b216189af21,0,0,0.0009881387
xgboost,5cab82d66726d288e01420cc94f17a74ff0befc5fd,0,0,0.0006071794
xgboost,5caed6ecf419465b4449c651f2769fd3026faa5bb2,0,0,0.0003183587
xgboost,5cb2ee72968cb0c02e64b2fe52f09da1a66f950d86,1,0,0.23849966
xgboost,5cb5839c1e63163439c173cdf532b0ef910800a89e,0,0,0.0010449707
xgboost,5cb81ead65a441264243125e6dba6d2f28c35f6404,0,0,0.0075805914
xgboost,5cb837fca66dd5a0f068331cf2bd0b0487c61104c8,0,0,0.00063679816
xgboost,5cba2453c732264cbec43b4401231ef9192be13ea9,0,0,0.0007948035
xgboost,5cbb298d91ea0fca5f38df4713324a79aacfc0da5b,0,0,0.028160574
xgboost,5cbcef399e68fc4a5ca6c9d0b43f4a21607addf449,0,0,0.00035953108
xgboost,5cbcf46279dc3acb8349d3b5e805c726ed91e1aaff,0,0,0.019841658
xgboost,5ccce28fda0681a2fe202eb70d2d17c6d79506118d,0,0,0.0061607677
xgboost,5cce2c893c6f8f7456f7f2dfbe71b59c3618e5f658,0,0,0.00022021777
xgboost,5cd6d7551908f727476fd72e70a19d50557a1319ba,0,0,0.0002330163
xgboost,5cd75f2a6c805b45ab7dc8294dc37743f3d686e485,0,0,0.1394689
xgboost,5cdb1dfa9bfa7ce93c509fab4b2cdd26958d022128,0,0,0.045225002
xgboost,5cdc214314ae5f6d05cd35854a272020951cb73700,0,0,0.0050011594
xgboost,5cdd1c71c8fdb1d469e7dadc0d72424a63174bad33,0,0,0.05033804
xgboost,5ce401fba5a1b497a2656e4c4d62dbdcdc5fa9ed5b,1,0,0.12905295
xgboost,5cee13863597e69da3e84ec96def1ad916a7049fb0,0,0,0.0002330163
xgboost,5cfd96a5a99c0638efa13f74fe9ccf513adc4c09a7,0,0,0.0010080602
xgboost,5d0550d9b6f40ed031f448efbcf99fa7ce3b60d629,0,0,0.00030038686
xgboost,5d060cec3e91a3b9bd1a74d6794f7df55ab3e6c935,0,0,0.00030038686
xgboost,5d0cb8d21d697e22b71caf4782010082e55853fe2a,0,0,0.24505952
xgboost,5d0f4fc41fb96712e26f2404532bb24beebe08fe39,0,0,0.0003183587
xgboost,5d10ae784b156212ea5663021f06cacf426624d83e,0,0,0.023674697
xgboost,5d1412d8bcc7695f9ae7c5a1a8868ebb820a40b4de,0,0,0.0003183587
xgboost,5d1b2b39e7774d3a3a6b9641cde1c4b9579323f294,0,0,0.0003183587
xgboost,5d1dbcbacd5badee97d71c5b583ad556eb6eb316f5,0,0,0.007815878
xgboost,5d265ed25f77b3f4409bc5dd176d4c79c604c53171,0,0,0.0006299072
xgboost,5d2749c616d24b289d8a8a12ca30fdbbda94b4f4b1,0,0,0.00094434194
xgboost,5d391974b7c3c5551d9506d64daf9b99a5d1ee0a3d,0,0,0.05965953
xgboost,5d3dd49bc9e46a892dc34c52b789e51dbdd9cf4522,0,0,0.0009881387
xgboost,5d3e0fb04ffb766dd39a0873f98c1d151eb5c92803,0,0,0.0072072153
xgboost,5d41384be21fe107f26996ba51962c9bbacb5e3392,0,0,0.0003668598
xgboost,5d48a0714170c9e343e757529b554fd12bd04d0d07,0,0,0.00076474703
xgboost,5d540743a27222f00c9e33a8410215a417f9ff976b,0,0,0.02976992
xgboost,5d5a0ffb73a351adbf8e6ddbab08f1a9eaecd2853a,0,0,0.0003183587
xgboost,5d5e6bffcd0a1442a658acd13527840475551ee004,0,0,0.10463009
xgboost,5d62341e0007eebb6f2684ece3fb303b75d422ee17,0,0,0.0010099511
xgboost,5d65ebc8e03ee9f29ffb0bf97ed614f84781083153,0,1,0.65877914
xgboost,5d7a1a9ec53ba2cfc8fba336cea4f6ed7e24cc38c0,0,0,0.004977948
xgboost,5d7b09c2ba307272887308e594040b319585b562b6,0,0,0.036747593
xgboost,5d7d9de2dff10beaacadf88a3c072a73c989ddae1e,0,0,0.012118747
xgboost,5d88c7d33d9ab60615d3fdd6b4e6d068a085bad6ac,1,1,0.64371026
xgboost,5d93a58fe3a9327208b894233f96eba9bb81162621,0,0,0.0014972406
xgboost,5d9b91b5272bda403176aae5d1399f74dbe030113a,0,0,0.0006071794
xgboost,5da482dab2f23f79da97416638fa47c80fe1efc331,1,1,0.64315486
xgboost,5da4d8215542642686909d907132d42b41e0765aaf,0,0,0.0003183587
xgboost,5da8330d4cb4433a851b41d248977140e27de4e320,0,0,0.032384146
xgboost,5dada83b140782e97f04d1b282c18bc41a122181aa,0,0,0.00063679816
xgboost,5db69810e51940369ffd7845e0b16ae6d7f9e1df04,0,0,0.2909299
xgboost,5dba327cfc38e1185c2b5ad07828dc8ea365413d9f,0,0,0.0011728639
xgboost,5dc54cf0dcc3d42ce77787c1c9fd30ad21412e6995,0,0,0.19171093
xgboost,5dcb4793f5e09e9bf1401cfefdfb74f330409cf977,0,0,0.0003744533
xgboost,5dcbed6be8b008ac7d9c3cc81f2fec147bd90c8948,0,0,0.0003183587
xgboost,5dcd028e8544372c1b9a464f90d869ccab2e82aae5,0,0,0.00042573095
xgboost,5dd2a837fd20fe94f0c4c37620c6924d323440f604,0,0,0.0006716701
xgboost,5dd354c0cc115ae415bd6c478416a913bca38b9887,0,0,0.0076226057
xgboost,5ddb58d3a597ac0afa35dbf3193865f3317da35a9c,0,0,0.00046689593
xgboost,5de1047af34696669906ba14fd77dcd70311cfda42,1,1,0.8535009
xgboost,5de169f69b3a24e10d31cc2b1b9fa8b6981baecb18,0,0,0.010342912
xgboost,5de20b2227143dfc2e349f3cccb63f7b4ba7fa5c60,0,0,0.009873061
xgboost,5de654dbea17324dd12bb58fd23d1b55f49b1d08b3,0,0,0.014183076
xgboost,5deb4079845d1d161fc962dd56e04dd477f5479131,0,0,0.0009881387
xgboost,5df1c7aad1dc1d6054b8edbc06f7fa8c9da43c302a,0,0,0.0071041905
xgboost,5df329b35d43a677ff0c7d492c0b32a0e11155246d,0,0,0.00063679816
xgboost,5df488b9769af73b9d44e760ea8e361893c5765a46,0,0,0.2046597
xgboost,5df8b6316da6e2977343387d845a207b399aa8b823,0,0,0.005197153
xgboost,5e043c04b64238645a823ee1c4fb66e48d13d3f22c,0,0,0.0003043416
xgboost,5e19424ec714bb8c511aef6a80bc0792a02bcdec3c,0,0,0.048198212
xgboost,5e1bbc01d856ef63f3f5e43449f261c7684b422499,0,0,0.0013066181
xgboost,5e29063220748048a53f927e8ae79aa151b715f468,0,0,0.007603714
xgboost,5e29a92a0dd98d0f60d421ab770f0b7393f6c0b813,0,0,0.00035953108
xgboost,5e29cef6c9321e24f67498efe2494ed189c24af170,0,0,0.10867284
xgboost,5e2ae1e0cb6ebf39ac10596dcfd977ee7137f2f61e,0,0,0.0011728639
xgboost,5e2d86bb4b9115b4aacd73194fae441e6b391d0b06,0,0,0.00042327403
xgboost,5e39503081f44789c1f8c03a332420b2437ef6e500,0,0,0.00037807395
xgboost,5e3a8fcd0ed25e801d61da45585efd89b3170763a5,0,0,0.00029415396
xgboost,5e3aa6c20cd606ee2aae76d4a5c47556727795ca25,1,0,0.05965953
xgboost,5e44ee34c8a7200d091d6ebe11c2a964d4d2082382,0,0,0.032415178
xgboost,5e46e280451fa42630b71608b05368bec3b827259d,0,0,0.00034415527
xgboost,5e48dfe6a84433f6dfb17077113beba1ba41f46e46,0,0,0.0029865296
xgboost,5e48eeb91ce0ae8226dbb9f9f66b5d829bd795fcf6,0,0,0.032224238
xgboost,5e4bf03bb15c25ec46bffc21780c62df8e48809a20,0,0,0.0014972406
xgboost,5e555836a861af7f80be70085f8ebb0aa7b6c6c4f4,0,0,0.0006299072
xgboost,5e5aef8bd7939819fdf9fbb5f6a730a161c0dcf8ec,0,0,0.00063679816
xgboost,5e5ca816760710ea0c2689b3de69ae475eff7007c0,0,0,0.024599493
xgboost,5e60270be9fafecd9e1d8f6e47a293fa6e22426f98,0,0,0.00022021777
xgboost,5e840224febc9568454f3ee0ad72446399605dd976,0,0,0.00044057542
xgboost,5e854c46afe6ff340255fe169a351fcfa9e2d64efd,0,0,0.0002330163
xgboost,5e8925ca6d7b50490f3fb5aa137ce8d16752555d7b,0,0,0.00029415396
xgboost,5e97f8222029ad99707ba724276763d3efcec7f523,0,0,0.00042573095
xgboost,5e99506187415eb65c7db877ba3b75c76a1e7e1ad8,0,0,0.023674697
xgboost,5e9a41745b09db0fa97e5f0f9d739de1fef84ebc04,0,0,0.14156424
xgboost,5e9eeb7ea6840e81249dcd0cb74fbdc53b8915d9b4,0,0,0.025876993
xgboost,5ea61860d76028f6d1a12eeea277ac72984caca2a6,0,0,0.00042573095
xgboost,5ea6d868450196fb53221ef3622436fc9acc9185c0,0,0,0.00035953108
xgboost,5ea7f568b7c6d4e6258ace0163136ab8d445e3ac32,0,0,0.27358052
xgboost,5eaa7aaebd1b04b9a85be6b1d637f23f72d4f7d6a1,0,0,0.001583293
xgboost,5eb91bf9a2294e30536dd7b28e9b2ffd57ef715e75,0,0,0.0053568543
xgboost,5ebc04122fd10774a35defd67fe5f8a30ce0c0d8d3,0,0,0.034807306
xgboost,5ec2504bb8c12fdde4e4107a8b2dba98a8bd035587,0,0,0.00044057542
xgboost,5ec439befb4c54dbff02966c34b0ced0be1352146e,0,0,0.0006299072
xgboost,5ec62726ea92146581bff32c41e85e0a86d2676a63,0,0,0.0006299072
xgboost,5edab5343c6b76dd25ecd6d13aa07c6edcb2028cad,0,0,0.00030038686
xgboost,5edf86973d8f460bb1301d0a1377ab12af972f71cf,0,0,0.007452481
xgboost,5ee1338c84a30cf791f9273caae223cdeb37aea513,0,0,0.0003925852
xgboost,5ee61b159dbc1c19167d0547e6e512bf3fba1b28f7,0,0,0.1344866
xgboost,5ef4663412a75a8132d00698216a58e7005e30a47b,0,0,0.029794568
xgboost,5ef586ef15c6651aed02a7f9aa515adfab7db63f8e,0,0,0.18918733
xgboost,5f16d11d42e4e9d7caa55a6250b1dfc33f98a59568,0,0,0.00080371596
xgboost,5f240b01f2380e97531f4caebaa6d45e080b2211a3,0,0,0.00030038686
xgboost,5f26e64fab54dca08da73428e2a547e83b50de4cc8,0,0,0.041514996
xgboost,5f2d5ce5c959f03166cd07632dfde2bab8b7317a1b,0,0,0.00034415527
xgboost,5f36a10e5a04cf3f2c79180265f659f41702b214fc,0,0,0.00029415396
xgboost,5f3786a8575e78cdb9e0892ba48be39b003c90dfae,0,0,0.028160574
xgboost,5f3851fee645490be0c6865c929ec2bda487c52106,0,0,0.004916782
xgboost,5f3eb02dd552d21967f86afbd9b5d1f98ae888415e,0,0,0.00034415527
xgboost,5f40cea867ba12bce226afbf462d2f90a00c286622,0,0,0.00057926105
xgboost,5f4119c2fb4695c63088d53d0b6e19dcf73d149092,0,0,0.0002330163
xgboost,5f45b6262a48543d8e4dfeb2caa0aa5a7f23b43574,0,0,0.0006299072
xgboost,5f48cd758c8319e9820dd18ec20b1c224b2dc1daf1,0,0,0.019230211
xgboost,5f4b278e9a1cffa2766d1f2b897b29b015d4a1b100,0,0,0.00086060417
xgboost,5f5600539d358acdbe4f674c431965fe3ffd3fceb7,0,0,0.010342912
xgboost,5f56f64cb4b46b038703ce477d51bc0d7d377ac804,0,0,0.014169116
xgboost,5f584c34f395d073745179408aa914996f8c130057,0,0,0.0053094267
xgboost,5f5a6bf3e686d797d491f14fe82ffbce9b20684107,0,0,0.0075805914
xgboost,5f5bd7869bc2f028549b69dbf2fad7f8023b38c773,0,0,0.0003668598
xgboost,5f5ff0354155d6df0932b6b4546dd35593a77f0e5b,0,0,0.00062770204
xgboost,5f6a7293776be3e21417e0c24f63fbf60afaf4f80b,0,0,0.0003183587
xgboost,5f6d09dbfa2db51a71b9188df6a171b982809dc05d,0,0,0.00030038686
xgboost,5f6ff53ff8626ad9577efee74095603f7ce0a773c5,0,0,0.00037296838
xgboost,5f71edd3da54abd3ee4d70ed7279a85c444893d8b5,0,0,0.13311212
xgboost,5f7489edb3474ec13a0be63acdf1f96afad87c7c4d,1,0,0.11239475
xgboost,5f77cd5179a5ca3026a30ce2075dc1c0199c678957,1,1,0.6022432
xgboost,5f7c0b10b34e66ce625ae68d98c49746e9065902c0,0,0,0.00034415527
xgboost,5f7cd191e6b972d0bebb1df6fa5b2c8bd699461b24,0,0,0.00042327403
xgboost,5f7f20190a03444abcc6356f38014965f0f5e19d6c,0,0,0.27358052
xgboost,5f8eb8911187c84551ca647fe1dd40e72b38621f24,0,0,0.0003043416
xgboost,5fa48f9577001ae0390f354c494089f30ae67ff3dc,0,0,0.0010247461
xgboost,5fa851d21035a2ff304e0bb2b8e2768143238cf3ce,0,0,0.0002330163
xgboost,5fa89b5368c21968c9558ea9bafcc2254bccfeef5d,1,0,0.13803695
xgboost,5fabfe791e646500086ca0cc86c6e790a23a2d64ea,0,0,0.0013066181
xgboost,5faf925cb6ee9af364265b49d395b82db5152bc39b,0,0,0.0002330163
xgboost,5fb018476deee172b866cf5de69a16519a7eb14182,0,0,0.0011728639
xgboost,5fb20fa16c355100e5da2aafb5281fda81be22510a,0,0,0.00037807395
xgboost,5fb7e745083fa219a9f95a70797ee3864535f0f8c6,0,0,0.025427664
xgboost,5fb9043f1a174f14d2b79fbe858c3788fb6665b6c7,0,0,0.00037296838
xgboost,5fbf1755161b2953aa63338faa039b84304b9a17e2,0,0,0.19171093
xgboost,5fcbcfa7dbf4f945edb9f534dd65dfaa44df100c0d,0,0,0.00042573095
xgboost,5fd00d2ae041eba5ec1d435eb9ba20a61bea7d288a,0,0,0.00034415527
xgboost,5fd25945379b4d9fb6b7547909c1d6e3d0ea7b4ce7,0,0,0.00035953108
xgboost,5fd4846e2cb80493e17bbff3b38e012a205de1b5cd,0,0,0.00037807395
xgboost,5fdd2dba18b97d8570ace48c485b8193dfb1617638,0,0,0.0003183587
xgboost,5fdfedac58e2c2b32de9726e80d49ca4c0799849a3,0,0,0.032224238
xgboost,5feca5b64b7b28eb23fb749a155e440b9809411083,0,0,0.00030038686
xgboost,5ff99db9d325e28a8026673fb1b310f33ae3a6968b,0,0,0.0042175283
xgboost,600babcd3324c5928e669eb76acba1d8a99e770823,0,0,0.005607715
xgboost,601818843c8b54a543ca9c2765bdc0fd4089715240,0,0,0.00078046566
xgboost,6019e8a7d53583837d5ae36a3a645245b4089ef5fc,0,0,0.0058986996
xgboost,601a19cc48f939607b0096020ace147e24c0c24086,0,0,0.0003925852
xgboost,6022f2e1fa3b9f3d9cc3fe4a796c6391c3a8d092cb,0,0,0.028160574
xgboost,60303d5f4b4f73a3ed0c950a201696a6467eebbbe5,0,0,0.00042573095
xgboost,60322296c4d3ff6593d55180ac7e6c9fedf4a626db,0,0,0.014183076
xgboost,6032fc48177253e18f96a6d3d9711761f1daf2b640,0,0,0.0002330163
xgboost,603814c8db347ca7ed5b2a066b38367b22ce89e02e,0,0,0.0008583634
xgboost,603b10e21dc200f4690e179da7057d6e35b6a5f30d,0,0,0.0011099989
xgboost,603e042152d465be49b69d78d622692629cd9354bc,0,0,0.0010247461
xgboost,604615c0c9e4ff3c16d49b8058b2bd66018ac22b42,0,0,0.001583293
xgboost,6046b907c50506ccedd393a03234a499f3321e09af,0,0,0.0002330163
xgboost,6047a5cf96625eb4eeca9550f4b98a6543b6f211f5,0,0,0.03861649
xgboost,60520f56d349337eeaf78cf2517ee4d94061d3027b,0,0,0.009873061
xgboost,605219384ea87b476ca96a11da1f85415841ea4f73,0,0,0.0035622227
xgboost,6058ae1683099060e0fc22bafdfa0c96baa334d629,0,0,0.019465642
xgboost,6062eab6f227b20de26ef57ddb28a62f53fb1acef7,0,0,0.03925821
xgboost,607110c20b72c2510e2dfd1bdb4ea3c25f1a5464c9,0,1,0.65877914
xgboost,60716cf0f27cc05d5546265c9bb712a0cb51c33e97,0,0,0.13653083
xgboost,607f36c8dcb7325ee54b649d02bd26a66573ea15e9,0,0,0.032567263
xgboost,608370c7139bef0646a834e4bd110318f1c84e1c30,0,0,0.015873032
xgboost,6086fcfaa4429e427a57678d75e18aca8958e896d1,0,0,0.00042573095
xgboost,608877f896e0b1298bdd341db0857c9b905be2b168,0,0,0.0019530896
xgboost,608a3710ac991fa0f5e058dc9f5f898fb4f8569f20,0,0,0.0003925852
xgboost,608cdb5649b4816d5f65d4e278e08a8212267bccbe,0,0,0.00022083636
xgboost,608da7ea31cfb7520608947cc45fb2edcf7427fb2b,0,0,0.035440907
xgboost,609df3ca46cb6d0513f44b2a02458ee854c2207e81,0,0,0.014806572
xgboost,60a15b9f43f959745247ce2e031bb1d3a684e74c66,0,0,0.00044057542
xgboost,60b9cacf99af2df2dc463c60e4a192a6dbb4c25959,0,0,0.0006227354
xgboost,60c23dddd363b5387e05f65bab0b75629d94298de6,0,0,0.00022021777
xgboost,60d03c0fc0373883351e7cd3cc283a3ef1cfc3eaea,0,0,0.028863749
xgboost,60e81560b9aa38229f525b8e55cbe5afcaa037eeef,0,0,0.00030038686
xgboost,6100f5c9a63d92ac2eb0522fd52c0dccadf084a78f,0,0,0.008825426
xgboost,6109c519e7d160378404aae21d6dbaf4fe72cf78a5,0,0,0.019841658
xgboost,6112908359dab2b4fccf86babc6ff254954dbc899b,0,0,0.028863749
xgboost,6114010e9a837941bf7d43ddbb49558da612fd53b4,0,0,0.096435696
xgboost,61166347ede859c0e7d0239e5c1cfbb24de400f39c,0,0,0.0010763843
xgboost,611bea5ac5958a71924251e67bfd3b62a02245135a,1,0,0.023674697
xgboost,6122ab88f42b4143ea3a13504ff43595a90f64de09,1,1,0.65877914
xgboost,612d116a4be2cd32f776b69457fd815d6005e88b78,0,0,0.00057926105
xgboost,612d30f47f5869c4315c8bfebf83192c10d59c0e49,0,0,0.008142038
xgboost,612ec92c3ef16b88bde1c751a7f30d07afd033bc17,0,0,0.07681343
xgboost,613110b75f0279fb48b5b009dcd12e5eeb60c718cf,0,0,0.0050011594
xgboost,613b6a19a965c1c96283afca1f6dccf08382a78a48,0,0,0.011111367
xgboost,613fa3a6807d3f152b943f27bc37b475342fdb110a,0,0,0.036837205
xgboost,61439b531a6fc061d9ec826da2c2959566f61c78c1,0,0,0.0058986996
xgboost,6145f79738fbfbc19a6b12cbff5cf12322a76ee45d,0,0,0.19783552
xgboost,614cc01dbeaa278b75247e7a01504ccc81d6df3494,1,1,0.64371026
xgboost,61500b0a1541bfb1eb3b015d1f653bd8094781c423,0,0,0.0006716701
xgboost,61530736c8863e1314ebb8a7433f0983c269a16a6f,0,0,0.031025434
xgboost,6153bef53ff0de2bda9e5d46c65766f28a7610d18e,0,0,0.013584213
xgboost,61564174997a7be0a3072b0a0a716b3207edc16000,0,0,0.0002330163
xgboost,615e4d277e4f3069479a0e46764cd0a03761091772,0,0,0.0002330163
xgboost,6160cd337fe43307fb7cc7dfdfb11bd657da6a266d,0,0,0.008981103
xgboost,616596b369cd2ff143e1b996d8bff16f2bfaebdad1,0,0,0.025427664
xgboost,6172f8b2dcb853ff5a6567f7af095975feab846cf0,1,1,0.8535009
xgboost,617401813fb6762a1f73777763f6e16653d37eae12,0,0,0.0003744533
xgboost,6180815f9e762f7278ea03f4592e853b2e1d7d82a6,0,1,0.6309033
xgboost,6180b48ffe1be07affb2bdfbacbf13702d81b89e28,0,0,0.0008583634
xgboost,6180d788e5b5e43695fbf23f7a590dade23f8c88e5,0,0,0.00022021777
xgboost,61867190fb974e4d1c9600db4c19e30cf8eee01967,0,0,0.19454753
xgboost,618ac6a9ab5010e8e41391374c920b18d5ac17decb,0,0,0.026810737
xgboost,618e934a286e6e35d9ae3114460a94213f004671d1,0,0,0.0007948035
xgboost,61926c7586fce57fdd0b3033281e03c913ebde7c2e,0,0,0.15199795
xgboost,61983ed4036d20a835fbbe2628fbd443ab073dccdd,0,0,0.0082098525
xgboost,61a1a5f56ab5f613ed2fc64d45e33a7cd1c46da521,0,0,0.00029415396
xgboost,61a94f1ca93508a2d3b958b29123063e894182ca4c,0,0,0.017295288
xgboost,61ada25f78ecfdc0d75e26f1d3daacf68b6ca1a79a,0,0,0.008825426
xgboost,61ae7a335b1677254c23c9c15774861b70cd279be8,0,0,0.00030038686
xgboost,61b04a53cb7315463808f1d0c23b77a81986c88aaf,0,0,0.023583846
xgboost,61b29bed0054155f446b99031b4a88297d564c5af7,0,0,0.00078046566
xgboost,61b8f32217b326bdc1cb7140993b2e2cf1376af4e1,0,0,0.13803695
xgboost,61bc8dad7cbf149b19d7d1e1f5fd84fecf7a6a85b5,0,0,0.0072072153
xgboost,61bcfd10a6347ae75d528a5270ca737d9c1918cd78,0,0,0.0082098525
xgboost,61bd8741cbda2630a92130316cb79540f5394a2090,0,0,0.13653083
xgboost,61c04abb7e0ff7c61de16491158eb7f36cb1c7a5a8,0,0,0.032384146
xgboost,61c136d6345ffeda9e4f1535f84671880ad57660df,0,0,0.007603714
xgboost,61d055191dd8a988bfb74d9c56fe99404e9641d56d,0,0,0.0009133837
xgboost,61d9922a727a31cad6f1ffe94ab2f34be847d221be,0,0,0.0011099989
xgboost,61e26aaf06438c625f08ba7a6144f36629f2987610,0,0,0.00029415396
xgboost,61e2de2e36b75af827f7fb7b3871b84355d4f6f107,0,0,0.00029415396
xgboost,61e40f401008aa6e43bea0c6ed6b785325abf516b9,0,0,0.011111367
xgboost,61eb83b3d6849c6de5bfbd2863503f620499a15ced,0,0,0.0002330163
xgboost,61f202e623e6f12ac99cab150cfac9c90b579a95fe,0,0,0.1743588
xgboost,61f2dc10f1f09bc8b0969b534c6355ac08f671c9f5,0,0,0.00041254555
xgboost,61f6839b3b3b8889b49489c8ff5ecfb5455121efa9,0,0,0.007081607
xgboost,61f944d2e5887312cf24fa1f9acc49366c8ccf3d93,0,0,0.032384146
xgboost,61fdc4a165995b3b1127ca411fb10511c582a55dc0,0,1,0.6306547
xgboost,620d85ae496aea96262cfbaf264e150319a6a6424c,0,0,0.00086060417
xgboost,6212999674713a45eaef4b0f9a7fcab5a646b85579,0,0,0.00034415527
xgboost,62173265a38657f29ee5f7784f1061b71763c99b0e,0,1,0.6022432
xgboost,6223580d1469913a73228bd0b531bc9288c0091275,0,0,0.028160574
xgboost,6238deb9a62c9c1c90aa4277c4c82e598b12e79de0,0,0,0.00022021777
xgboost,6239b48e5875849e0af465a2ae1b631a3cf8cdb7df,0,1,0.64371026
xgboost,623a8a5b608a55d69e69594928069e0488b060f7b1,0,0,0.035440907
xgboost,624cc8c816894608f601861ba2d8a5ef5a7dd62166,0,0,0.0006299072
xgboost,624fee7cc6acccaf870b420b5493e7c652d6398186,0,0,0.00046689593
xgboost,6254240dabf6cf74a4e39d43f7cd88d1f151449bca,0,0,0.0003668598
xgboost,62545b95bd79568e2d89cb4f2eebf1d33e11439b1c,0,0,0.0006227354
xgboost,6254e292d71074a624125d17ebf86c29d197eebd16,0,0,0.0006486801
xgboost,6259f37dfb29131dc24cae6dec2296dc648eec7e5a,0,0,0.13653083
xgboost,626385d626f3b06ad300297f0f6ae7d360d5b8be4f,0,0,0.00046689593
xgboost,626c6b55b0de46ed5bcb726fad717a2d314afd452f,0,0,0.00069871
xgboost,62718a5ed7a0ef080005b05167e27abc60a2851cda,0,0,0.0007948035
xgboost,6272f645e21eebbbf61d161d0d9655f709c264512a,1,1,0.64371026
xgboost,627748fa82ca847f7bb4d193e7c30b05bcee43a89c,0,0,0.00042327403
xgboost,627d944cf5b2710041360c7c05784f54808cdc5169,0,0,0.021266634
xgboost,627ec252bf54f1955b79399fcd4c43c0a1c3ffeeb1,0,0,0.09539811
xgboost,627f7b14a18331d387e9b048088c7f1967aabcb9b8,0,0,0.00037296838
xgboost,6281adf4267e5978afa9451ebaf9185b3672388368,0,0,0.00042573095
xgboost,6285b29d67e3e56b9df0038417508d7092874f64c4,0,0,0.022123944
xgboost,62863bb94e926f5f8be03afd2e1f7bf96b605c297a,0,0,0.0003183587
xgboost,6288da45a019d49aead37b66507419cbe0e5e9c1ce,0,0,0.00035953108
xgboost,628bcd8fbbedc4a88f1465c2c896a092570716666a,0,0,0.00063679816
xgboost,629ad2c4454d9986e24a637ebdddf206bda3a4b83c,0,0,0.0010099511
xgboost,629fedb80b53b5f708c65fa906542d822c35461150,0,0,0.00035953108
xgboost,62a7ff800061f940606fe6d64a67c6e1c82566c7d0,0,0,0.028438905
xgboost,62ad60fdfbd1783e41659a515a5d427a8a74ca8d5b,0,0,0.00030038686
xgboost,62bceba641a6d73c3a2273b26cd4e71114b52d63af,0,0,0.0006486801
xgboost,62c194561a2a87c1e1f2190748b8b3ca0f42305687,0,0,0.0006716701
xgboost,62c24e963bdd91efe4331fb4e4f7edc495bbfeb986,0,0,0.035688996
xgboost,62c2bd3f4676a80f5dbdb4df332a9b7f3d740d68da,0,0,0.015873032
xgboost,62c48b01681a9e64fa1a179e5fd5ad66877344a5f1,0,0,0.00029415396
xgboost,62cb3c30d5aea7592099373c53e3d47580c4c589bd,0,0,0.03925821
xgboost,62d7335bc0f9d0b35b8009a69b82f6b3daabdf4850,0,0,0.00046689593
xgboost,62e029f8cbda97c5b420444a1e578fab31a5130b5f,0,0,0.0008583634
xgboost,62e242152eca608623d22d749564cd91aaf3a71853,0,0,0.036554493
xgboost,62f1c7b83fe821c5c1b5f0518de57c9f212526e8c3,0,0,0.00022021777
xgboost,63017435738ad317077858bc9da104108e6f5722e2,0,0,0.02823384
xgboost,6307428b0c21ad3c6608e2ae4fabfbc3cf8adc6496,0,0,0.0002330163
xgboost,630ad3575f82e6aede0fead958733d1e067ebb225c,0,0,0.00022021777
xgboost,630e0de06cd4507d2915bae3b8a62ac75f20d23abb,1,1,0.64371026
xgboost,630f902316c6e5c393bebe14ec4cbc8bacf8513d0a,0,0,0.00078046566
xgboost,630fa70c36252fc1af3b002476533da75f225726c2,0,0,0.0003668598
xgboost,630fe2f55242993ba59281f27946827bed0850a9b0,0,0,0.006094069
xgboost,631195dcb24ec95afa86234cf6a60db984a78690ae,0,0,0.23849966
xgboost,63121cfc3494caa8db3b18219a11a6b2e526290b8a,0,0,0.00037807395
xgboost,631ec0693dae59ab31d49593bbf4ff50b0f8f3c218,0,0,0.022123944
xgboost,6329a3b806eaa4399f1c74fc429b82a58d98227200,0,0,0.0009881387
xgboost,632afa018ba8bc24698e3152b531e38c980ad051af,0,0,0.00030038686
xgboost,632e29d65643658500725f4454d1cb94b94fc1bb78,0,0,0.19783552
xgboost,63315b3b4385d70d44148ab0c0608ba7263ff4577a,0,0,0.00094434194
xgboost,63358b1dcb53993e0f878f9d41c3b1e19cce952c0f,0,0,0.00034415527
xgboost,633f6f004487116f6448366ba58033699151fb7127,0,0,0.035440907
xgboost,6349b8c332c1ddc9afb936bf4dd9a1bf933e2a8d85,0,0,0.00069871
xgboost,634a1dde8622ab98e8bf6375e1bf01c40eb038f4f0,0,0,0.0022030366
xgboost,634a1f46061d7ad9a3b9888007e55983197d42c86d,0,0,0.00034415527
xgboost,634b199c6e08fe00da65cbddea8235a37020dd5a90,0,0,0.0009361887
xgboost,63503b0fa47d046784b5578f2e347b8e9852c5d12d,0,0,0.00029415396
xgboost,6351fe4fb9ecfe3d01db19fefefe693ef9c0a9c212,0,0,0.0057338746
xgboost,6370cf6ff93ee27232a735f341eb34c9f842a1b7fe,0,0,0.010490675
xgboost,637371f21b2de2fa0e9e8e87c4ee7d6a1634c47b3f,0,0,0.00021901939
xgboost,637a2d374452de754da5f5e9fdf8d710b7b882be32,0,0,0.00042573095
xgboost,637cb880844c0c3f91ee831ff1e56e1dd3e49dd304,0,0,0.00069871
xgboost,6383836bd6eedc2a8b94b114d5440d1feb0b3023d4,1,0,0.10463009
xgboost,638e1b64030e6705dc0e7e8014322e53eb36c6fe77,0,1,0.65877914
xgboost,639f0166e5766f2e414f0ea041ff4ab0ffc3e3d6d0,0,0,0.0006486801
xgboost,63bacf47d35f78c996b3431266a0f29750caf6b557,0,0,0.014169116
xgboost,63be034dae6ea3e59daf82b360eff1df34c8018cb9,0,0,0.022936577
xgboost,63c86a4b7de873e951c348c7907663409ccae7b8ce,0,0,0.00086060417
xgboost,63ca1e487f254ed306b7affc2d2def7fa35e1cde63,0,1,0.64315486
xgboost,63cdaa28036170023b467df9331f8b0e0aed65f1eb,0,0,0.0006716701
xgboost,63d22318a5c59532db486c3e9d66aaf96be5eb3ba4,0,0,0.10463009
xgboost,63d6c21005c80b8002340f753fc8e98c3dacfb93b9,0,0,0.0002330163
xgboost,63dae2edf81247780ef758867eaf2a0269da5790c2,0,0,0.0058986996
xgboost,63e04008dce492136dc2cf2bdddab466a9c9f1dcb7,0,0,0.00037296838
xgboost,63e166bf83a7f2f15987a5ce0c9c3a71ee395b0546,0,0,0.013584213
xgboost,63e328580696517932c26bdf8058e1aa7fdb519858,1,0,0.27309594
xgboost,63e368a4aeab1f5a6865e57861b3175f3011c65c52,0,0,0.0010099511
xgboost,63f09bf866a2c8ee59acd1cb78e5f4a6ed7f3355e3,0,0,0.0006486801
xgboost,63f4f77386d37d9fe3cc9e0d973888219e4b6dee31,0,0,0.0003183587
xgboost,6408303443075fecc27ae01d91e7a691a40cd7c2e0,0,0,0.0002330163
xgboost,640a89fa695022784be146e7e0a3888939e8d2e2f5,0,0,0.00037807395
xgboost,640f0911d27a60dffad51dc3cdc3475bafedc30e3d,0,0,0.00022083636
xgboost,641468165e916e59b50be2b5d4b45c65a8a48ea8c3,1,1,0.6309033
xgboost,6414f1e60b193d71f6973d162d1b29e50f87310041,0,0,0.00022083636
xgboost,641dcc34ec568baa685cb43115e338a80a3f581e27,0,0,0.00042327403
xgboost,642495f1edafd78ab7da9a27f768bdd5e77047a5e3,0,0,0.0105177555
xgboost,64375ead27aac93055d3fe60f4e1b130b2d9957e7c,0,0,0.00042327403
xgboost,643a9f7bfef7b45779ca7638409794ad25b203749d,0,0,0.03023339
xgboost,6444baf2f63fd5a54bfaa163b5803055e57578ad33,0,0,0.035440907
xgboost,645290ca5416f3bd07287d86a97f9f3d81d22839ac,0,0,0.005189585
xgboost,6457224c1d9e40d7d55c0d85d4bc67015c24bef73f,0,0,0.00022083636
xgboost,645cfbcae42d7feff76650b67dcdc5c5a6506f2074,0,0,0.014183076
xgboost,645d815ce19026e027601d192334a78986cd58d3de,0,0,0.00034415527
xgboost,6460d4adeecb26dd0126546bacd48e8b09c0c82c46,0,0,0.0003744533
xgboost,6463968d7933f768dd86e1bd5df08bf4a05a99b8a0,0,0,0.051092885
xgboost,646822f9bb8d0bb4bdafc9a9cc30237343a512c52d,0,0,0.13653083
xgboost,646cb22dc2b1ad6091da22d2c0b39a7076cbbd10a7,0,0,0.00030038686
xgboost,646ce7158b054a0a8cf9a648319623019d6a60e5eb,0,0,0.0105177555
xgboost,646d52f2a62c7c0e1d70eb8c40684e4c02e442b91d,1,1,0.64315486
xgboost,646f1d12de89ad132eefe6561cc8852425e1af2953,1,0,0.00947048
xgboost,6477e4d2eeb89a62bb683a7b723006b5db251ee848,0,0,0.00029415396
xgboost,648d2de661cab07b973d1fccaa4d95b0983b9b2a61,0,0,0.0007948035
xgboost,64956d8a9fe8fb0979c7bb0917d5b903eb07489ee9,0,0,0.008079678
xgboost,649fb43039cdeacbaa5fe7e97ad89370d1868e942d,0,0,0.035800178
xgboost,64a027ad58aa7026846c884ab0d23c2bf8ec23286d,0,0,0.011111367
xgboost,64a1d7d837df5573c9a0d5eb293f0319055e88fa50,0,0,0.00034415527
xgboost,64a798579aeeefd2d3299865ba62dabfed5a90de2b,0,0,0.0513465
xgboost,64aa62d259a27fcee95a3cf0303bf92589d756334d,0,0,0.036837205
xgboost,64abafbe827d45bf606c059e2364c8bbe9f79e6d13,0,0,0.013584213
xgboost,64ac57710e308f46d22ee1bfcc1f50b686b239cee6,0,0,0.09642085
xgboost,64bf3ac0ab824a77f11ff3bee9921afb098af28dcb,0,0,0.00041254555
xgboost,64c17aefe5dddcdb78d49fb29a55333939e267d27e,0,0,0.028400537
xgboost,64c2d9de5c1432b02d114d97ba1f7c94d47b554dc4,0,0,0.014667858
xgboost,64c398d0dbdad83fa3693e77effa56ffb41eb46bf9,0,0,0.00062770204
xgboost,64c54c1e97b55306e3e9ae505d241465f9cf349a9a,0,0,0.00029415396
xgboost,64c5e0f7b798c96b42a945622bb33dce3a7109e32e,0,0,0.0071041905
xgboost,64c734a1f49797fa9877c4faad2f66944ae9a9fa71,0,0,0.00030038686
xgboost,64d7053ed17cd648acb3423cb7ea87bb3670547a1c,0,0,0.034143314
xgboost,64d7f7b59d4ff9ea91cbd1e14c6b01a64bd41e8abc,0,0,0.0003183587
xgboost,64de7027b392657bb38a8adef333b58371bbb254ad,0,0,0.015873032
xgboost,64deb017344d6c8d8d5fa9667e70b4a8a6c48f48d4,0,0,0.1344866
xgboost,64e11a9017a7770e70a652928564150c57dd7c6199,0,0,0.22801352
xgboost,64e14c44135fa7750252d835da20c6e1e5bea53a18,0,0,0.00030038686
xgboost,64eb3bd81dd4244384dcfaaf04297db21c637b2d30,0,0,0.0003183587
xgboost,64ef1fb6dd8f27c06d6fc7a8f3d9e19e9b39b26356,0,0,0.00021901939
xgboost,64f85e023f9e65e438cdb9b8147f5a455f358989b5,0,0,0.0006716701
xgboost,65011ca8116daa62f763235e480bc5c43878e94be0,0,0,0.0003744533
xgboost,650409893d94050d563d8b6a8800a3daf2f08689a2,0,0,0.0002330163
xgboost,650f6a30d98c7dc9c81cc10f0026fcb037a849e249,0,0,0.00086060417
xgboost,6511f6a735669fd2b1c658eee581122a7467971d35,0,0,0.0003668598
xgboost,6514e63dfc8b7c1373fa199f0544192719eb3a3975,0,0,0.006672268
xgboost,6525434d3be412be76d638df6796c39d3e8d709077,0,0,0.0003925852
xgboost,6527cb21b28f75e72d3c465e9a8de0b792a5f9def0,0,0,0.0006299072
xgboost,65285d25b4adbcc205fc134a94209ced05fdc3f5a5,0,0,0.004916782
xgboost,65289bf059c06b6823165393540b5e704d489fdb1f,0,0,0.0079541085
xgboost,654571af5b34fa157eceb51e89b657fd1e57878afc,0,0,0.0006486801
xgboost,6549885b642b60099899d20838728b93f838361894,0,0,0.00063679816
xgboost,654f55ff6722a2bb3a2f5fca9f4e7975e711317849,0,0,0.00030038686
xgboost,655ba83302fb6d3905f21a8b7ea5213d9fb02b18dd,0,0,0.0006227354
xgboost,6560f5a2f4c25d6cb5da46033e20f711ac48f237e3,0,0,0.0003668598
xgboost,6563927825455a466ba0a4fda250869d651d0f7427,0,1,0.6309033
xgboost,6567e7b7d8b5fedec1a78f68b943fa303a52061b09,0,0,0.0081455745
xgboost,656edbcc666bca170bfb5827feee0685d3e1c55ab5,1,0,0.15815671
xgboost,65755f8b3b54d9cda76cd7c66e0a4a74a4e58ea139,0,0,0.00046689593
xgboost,65786463b86ac12f0b3c3bb2527f3bbe0c3a8822e8,0,0,0.019660987
xgboost,658ad89dca817434cb6e0b7ace5ae3041f215a9563,0,0,0.004977948
xgboost,658dbdb8ab435c4ae77f099ba9fc08f79a87bf315a,0,0,0.019230211
xgboost,65925f44c28d799ad6e9b9a15f7c37db0a496cc91d,0,0,0.00042573095
xgboost,6596af461543f963f79c84a04a1bbbd96bc5ca6922,0,0,0.025876993
xgboost,659977b3628f390ba6a4acc385adec362217b9d13f,0,0,0.00029415396
xgboost,65b2d5eaa96275afd55435a2d936039402d8ec33ff,0,0,0.0006227354
xgboost,65b3f2dfa0530188949831bd3a623373e1b389bf38,1,1,0.65877914
xgboost,65cd671143a17242e46ab0047cebdad50c1e131d6d,0,0,0.0010247461
xgboost,65d7e7a12fd628d81a566276333ca2cce126c53170,0,0,0.00034415527
xgboost,65d86abbd7394b89863b4b49854ac22bab6c044862,0,0,0.0011099989
xgboost,65d8981f21a481c906272e21434d455519adfcb40c,0,0,0.0006299072
xgboost,65ddcd9f0c04024121b934eaed599f2170953c563b,0,0,0.0003925852
xgboost,65e0a51230a4eaeace54e9e816b30d4d6304e6e0c0,1,1,0.64371026
xgboost,65e14192d04f572441785ca5d8f6e675e2720fd1ac,0,0,0.0006716701
xgboost,65e8d597db274668683e357740a7e2c488acd78109,0,0,0.0053568543
xgboost,65ec424a3f4153d11e1f836f11aedd8a74c6115026,1,1,0.65877914
xgboost,65f00801853e0f066a2c12b3b0d1b6aba237bb0362,0,0,0.051092885
xgboost,65f0178c16243724473dacadb1d616a40c664475ba,0,0,0.035688996
xgboost,65f617481a0d43598e0957c2d8c0c9134d96134f28,0,0,0.0013066181
xgboost,65fb2bb1af54ece0ce3ddbf8cfde8c2cef04428c70,0,0,0.0002330163
xgboost,65fb4f8fe9230810e55bce2e758ee00e1caacdaad7,0,0,0.0003925852
xgboost,65fd3787c6825324afbbe1954675f713f17cfad343,0,0,0.032384146
xgboost,6611751bfcfbea842fe7b68954283764d0bcf7866a,0,0,0.00030038686
xgboost,6611b244e20e4bcc6303d7f9bee788c8f1499863d5,0,0,0.006064744
xgboost,661523a3f922f7c2d2ef0223a269cb83d3d3d6d54e,0,0,0.00042327403
xgboost,661c3dda1af23b27553d799bce47a092a03a716776,0,0,0.00034415527
xgboost,661dd2f773e5d7226028a0aab17eb63fffdf92d326,0,0,0.0003183587
xgboost,6626e19dd9bc8ee693c924fbbe34c20fa82f98521b,0,0,0.13653083
xgboost,663287b97e8fa2326a13e77433b7067bec7d133d85,0,0,0.00034415527
xgboost,66343fc79c0688b7c8cac7a8141ff5c6f560e42872,0,0,0.0003744533
xgboost,6634652241a0ff3d5759ac24328970692aca9df25a,0,0,0.034807306
xgboost,6638cbe4b18a858819f4ff2706a37ea5c890da7f1f,1,1,0.6306547
xgboost,663925e45ef0e018354dfb8734c823a1bdd90e9a86,0,0,0.026810737
xgboost,664788bda005beec57cc8e917e883c02d4c65902b9,0,0,0.005197153
xgboost,664ac3053e1758f7b1c5fd1b94415f3e486e13ab78,0,0,0.0003668598
xgboost,665305077536788145296270a153e66cbb6d0e5665,0,0,0.0003183587
xgboost,665b47f68bca610a686f80abf0d83230d8dcf0c6fb,0,1,0.65877914
xgboost,6663ee3ab5c9df791a406c1a696c6356671751cb0c,0,0,0.019841658
xgboost,666d1262db1b27c794cddcaadf3cd1400cdc16aeb9,0,0,0.0003183587
xgboost,667053bb2433f3eba1ce7424dc25a176aadea4b3d4,0,0,0.014169116
xgboost,6675b1316d76f0edd49ee127fccf89d01321afdfe0,1,0,0.111511186
xgboost,6683982ff3c01cf1b2213dc5a19173e268799c1ee8,1,1,0.65877914
xgboost,66895ff4de90958366921d9d04bfb410f468ae7fab,0,0,0.0003183587
xgboost,668b89e5d9e98ebf5116a1c296c8ec58398a89ddee,0,0,0.007452481
xgboost,668c7338eeb2e7db5cc5d7969743b1d876965f3348,0,0,0.00030038686
xgboost,668ea2749255a1d24baee57c695f76977bf11f4ec9,0,0,0.00086060417
xgboost,669cde11924cf47087e35446ace7121b8f50eeaceb,0,0,0.032384146
xgboost,66a1a5b66cee5e0c646b052e19bf0e9557376a7d3f,0,0,0.12905295
xgboost,66a3374294d5e518cc0074c9f65a1a547dc571e351,0,0,0.0003668598
xgboost,66a6c779a7a26c32a449083313fe0db15d13b00e70,0,0,0.27358052
xgboost,66aac7bff3a7194de34ce92b2c7176465aeb420f54,0,0,0.0006486801
xgboost,66ae08e673afc7114c9239aa1daf147d9043ec5e6e,0,0,0.008981103
xgboost,66aed1e6c565bb88a73e436d16e242c4836ca3e67e,0,0,0.0006299072
xgboost,66b482bc9535ed4ad450265c7ae8de702bb601e066,0,0,0.00029415396
xgboost,66b87e3d0e251fa0767cbb4905a06cbb28e8b4fe8e,0,0,0.007815878
xgboost,66bbb6b8f2bd6a5505e3f3b2e388db6bec03489f2c,0,0,0.0003925852
xgboost,66c6a41ce5e5b7c3deea23dd091dd44a0efe8cf1b0,0,0,0.0009429115
xgboost,66c775687a0f24486d1ccddf246d355adb31452f73,0,0,0.0068733734
xgboost,66d0a8f3d10747ada03cd568fdd9c2ba039afcb747,0,0,0.05965953
xgboost,66d1e1a6518e3e31fa1e330e3082bd3347f00cf7fc,0,0,0.2046597
xgboost,66dabd8f9fa907c45a8d258c1007c260ef80a74adf,0,0,0.0072853104
xgboost,66dac0fc8fca36f620e75f99376a0c721ada773cf8,0,0,0.00046689593
xgboost,66e2c2ae72d0372c970471e1aa779d7fb8d8e473f2,0,0,0.0003744533
xgboost,66e36601f6e1784c4910808b0e9ef748c49540328c,0,0,0.00022021777
xgboost,66e61a4de7314bda29ec55d28c44dd5940b1217499,0,0,0.014667858
xgboost,66e8be41d353205bbedf1e5ea13a2dfb4690b388d8,0,0,0.0006299072
xgboost,66eca93370cb03a39b65b865bcc8e331d001574860,0,0,0.0002330163
xgboost,66eecdc72a7347382b4f918df2ae386a301b5a1a88,0,0,0.00029415396
xgboost,66ef3dfd523270dd2afd96cfa03fe6de37e5d86cb1,0,0,0.05965953
xgboost,66f1844b3f2f6e1bcaea1ebc05bff4631722700205,1,0,0.1344866
xgboost,66f1d6c93ce2258a83c3b8f63dd53b7669c06fc26f,0,0,0.0010763843
xgboost,66f68e74245a5d5deae63a55da4e943b5f59fcc6b7,0,0,0.028388172
xgboost,66fc0b9cf5a523e83d07f982a1999a171fcf7ab62c,0,0,0.00029415396
xgboost,6705d5929d97ff4af6365ed5e755c37a266120d80c,0,0,0.017810369
xgboost,671570d144a7747d6fda09a9fbf1cb4f159f51422d,0,0,0.0009881387
xgboost,671602d20eadaeaa59d41c68f9102d02755b629761,0,0,0.00046689593
xgboost,67175df1e957a5a798c6be74afcabe2f4f359d0a63,0,0,0.0002330163
xgboost,672214a6394cdb2c05fcd640d0ef8bd879a0628d5d,0,0,0.011115743
xgboost,6722580aae04507cc8cce92c57485cdae6b27e4ff2,0,0,0.0006716701
xgboost,67225bc1b18714c6b2e3e524746be76f45591ba5c2,0,0,0.00078046566
xgboost,6729c620ecdfefbfa694c47190eb6214fa19d242cd,0,0,0.00029415396
xgboost,672b41d1cb2095c592f555d1d686459f17c7e62eae,0,0,0.00034415527
xgboost,6747621c91558e4f2ba6dda3d63582ac98b2606775,0,0,0.0007948035
xgboost,674f22bc4d9e3bad5eaf45ee4bd4ca8287ba44f5f0,0,0,0.0003183587
xgboost,675c8bd290a5128269e9b08a758fcaee863a83f210,0,0,0.00029415396
xgboost,675ec55c29f9e563db911c01df355daac01ee133a2,0,0,0.26536474
xgboost,67675819f8a19dc398d30b37471b7db8d10ab78469,0,0,0.013926448
xgboost,67682c66e4477e22d2668c1c5bd57d2ba2c604c138,0,0,0.15199795
xgboost,6769458714a5f4c8b6900a475f002cc54dd5aeb3cb,1,1,0.64315486
xgboost,6774a18014dd72f04031c9365dccfedd271efda7ce,0,0,0.00030038686
xgboost,677b7fbc03fa521eab25ae32582b207ba0632e10be,0,0,0.0079541085
xgboost,6787b9e0915e1251242e2929f32492f1b1071d6839,0,0,0.035440907
xgboost,678bd0e0406c3ef56306542acd031c81b8acff0b8e,0,0,0.0003183587
xgboost,6795a15d4d002d4bd841e9ff07b7a88b8883805784,0,0,0.01557858
xgboost,679abcd79a640dbdad303486f7d946a1d7ec8ffbcb,0,0,0.111511186
xgboost,679cf8c64a9d4e3a7304932957d0769c505a848efa,0,0,0.0002330163
xgboost,67a4ac5c912102ebbd1e695dd005fb5dd4452cd677,0,0,0.2611296
xgboost,67a4ec5b881fa6b99be9efc83ad4719aaabb44c9b7,0,0,0.27358052
xgboost,67a639020069231ec6cea5facc86a05de398d7540b,0,0,0.036837205
xgboost,67a6dcf8b21bae5d647386490fe1af4f857b79819a,0,0,0.00046689593
xgboost,67b6427fd2ab85b705fbde5b516d55e8a83449f63f,0,1,0.64315486
xgboost,67c78b6f7ffed09d7e34a6d0364aaf7e41b65a65da,0,0,0.0014142314
xgboost,67ce6e7ff0543faefc894bc317f9bf92c504e3bae7,1,1,0.6309033
xgboost,67cfde0315faea81008426659d64b2dba470f3cd48,0,0,0.005197153
xgboost,67d2c7f9fd1d524d01006616bed200c323cee6888a,0,0,0.00029415396
xgboost,67d5891b7cc1d89cda0478a0bb6d4dbc901063a4c8,0,0,0.0012723015
xgboost,67d7773501cf138f2f11eff63fc9e7a675c5021342,0,0,0.0022030366
xgboost,67db6e542b78a5fac3d9f4a6a7856b5ae502a861b6,0,0,0.0003925852
xgboost,67dc43445badc416c6adfffd1ec1b06d0a0eabe228,0,0,0.09642085
xgboost,67df67a3135b530d8d48daf7ce17db0278ea3fb3b7,0,0,0.00034415527
xgboost,67e79fe44e5517eee2b7bd852052dffe0e7656806a,0,0,0.00044057542
xgboost,67ec673c65dc272b4af42a8ebe5a60854b3c05a3dd,0,0,0.022123944
xgboost,67ee36d70b9c955bdbe1985a1df8a041de08a42eec,1,0,0.2611296
xgboost,67fae644774b39ff4b56ab2aae832e186ae5869c3e,0,0,0.00044057542
xgboost,67fd4e604f943b5d8a24a123c2aeffa030b74b3524,1,1,0.6309033
xgboost,67ff41bf394d0eee97f68c8ab12f241650d9638fc2,0,0,0.00022083636
xgboost,680072de4c44135f8055ea68668966ef03332ffe5a,1,1,0.84386146
xgboost,6808b9e52cea606936be417ae425a6bfdb98c8a175,0,0,0.0006071794
xgboost,681f17cab3b5fe01cff8d648aa418740672a14c5a9,0,0,0.00034415527
xgboost,6822244b3ceb7e54e43cb0c0209f362c9fb117ab94,0,0,0.0002330163
xgboost,6823304c1a6534ac3e51fd8add70991df9749502b2,0,0,0.03861649
xgboost,682a27579ea8ae768f41a23a76245b6c11505e782d,0,0,0.0002330163
xgboost,6836c6dd4ee32bd6d24e4b90397a63830a8d661569,0,0,0.0002330163
xgboost,68383709284a2601edd23ae84c6ec45a931c9bcc1e,0,0,0.00094434194
xgboost,683bc23254d6e7e68edf6495c8919994492ae09d65,1,0,0.20370762
xgboost,683eb7fb2dfc327220561aff3548242cd6c6c9ea3b,0,0,0.00096465787
xgboost,6841618f2bf8143a71e1204481135a5261f0bc5f23,0,0,0.0010449707
xgboost,6847bc63fa77a8107509917c56c93958ca88f0a5db,0,0,0.015524557
xgboost,684880bc1a0eb71b561c622ef0409582274ea9ddee,0,0,0.0720398
xgboost,684baa814534f9e0404dad0fa29602760ba1324921,0,0,0.0002330163
xgboost,6857e4d8665dc560efb32b6b99588998c5938c612e,0,0,0.23849966
xgboost,6859151c0da911c2c53caafa6aed7e0fda2ce1d81a,0,0,0.0006227354
xgboost,6861d31964014087328abc158484186eebfb458585,0,0,0.00029415396
xgboost,6868a9317a2504d44a124759503e70aa1d8d044104,1,0,0.38859802
xgboost,686a0a556f46c064e34c9b25c7ded6b7c381991814,0,0,0.005189585
xgboost,686b20b784a8e2499dbc482cbc380d10da6255fc9b,1,1,0.65877914
xgboost,687edba234c12b0646413fcac19eb49b75b020a0d4,0,0,0.0010080602
xgboost,68851b51ff48ffdcb2898bf35a65206072cf3a791b,0,0,0.0012723015
xgboost,688eb676905e41db23f78c5591c34402d56716c0dd,0,0,0.0012723015
xgboost,68903ee769f38feea99ab9ccb81082111ff7a5f264,0,0,0.017295288
xgboost,68961dfbf2bc712b8d0541003d882f433e66b4fc2b,0,0,0.0019530896
xgboost,689a5a1b4a97088f06ffeb79caec08c2a23f764acf,0,0,0.017953359
xgboost,689c125214b3ce3d2968d35c49bc664ee29b1fb425,0,0,0.0003183587
xgboost,68a40633aa61728eccbee66c2112bc02c2d4f3e3da,0,0,0.00037807395
xgboost,68b33100614607c41d1f81ba3f72b03e8f1ed5141e,0,1,0.76196647
xgboost,68b4fcb79c4aec0373514f48a1939ce374c21290e3,0,0,0.00029415396
xgboost,68b629ad1f71faf649465819615ac7e03b1ee53a03,1,0,0.00022021777
xgboost,68c041f460f652aa386db67c17724ed2450b09c2c9,0,0,0.0042175283
xgboost,68c0c8d6598d80a852f84c6494948bcf5ac9741563,1,1,0.65877914
xgboost,68c6eefba28120116d1bfc834f6b310103acaaaec8,0,0,0.024599493
xgboost,68c70ffaed93160272c57718e0b28057f149ef1a0e,0,0,0.0002330163
xgboost,68cafa120e2c7a3ebae8c9ba4beab49b594f8060bf,0,0,0.00037296838
xgboost,68ce9798b4cec47529f05eba189ff2992871cf4581,0,0,0.0009881387
xgboost,68ced43b986720261ca6bd96a2297291d5a8f27195,0,0,0.00029415396
xgboost,68d3174ac23b7f23c2f48489fc8e28adc0ad9ceca4,0,0,0.03023339
xgboost,6900b25909423a8d25a9c3d543acad3e0bd0d40199,0,0,0.00903454
xgboost,69042c3f4b231dc7d2da8b31a5298fb5f2ce74e581,0,0,0.00037296838
xgboost,690cb301f8013e01a9b6731afdb67a67c9fc9fd60b,0,0,0.032612085
xgboost,691226bc0d12015f725887afe1283c2a994a606f19,0,0,0.03336235
xgboost,691db6e31a9616dccf7e5b08bea29e8f1927fca579,0,0,0.006672268
xgboost,691fe3ee5eb0b26d065c0f6c467f268425268e5853,0,0,0.0002330163
xgboost,69239e85e275533d52be89daed7f2963435ac784b6,0,0,0.051092885
xgboost,692518c2589eb7f676498e9a3da8ade25615458b2e,0,0,0.020649059
xgboost,692c4d2433482368377146bb987f463432a79e4dda,0,0,0.00034415527
xgboost,693f76bf4ab4a9af5dd7d735e3476c22ad2c65e1db,0,0,0.00037807395
xgboost,6941ebfbb995f92c9cfb06c92f205493f7e0aea985,0,0,0.0003925852
xgboost,6948f1912cbf853bb12ef015702639d363290fd095,1,1,0.65877914
xgboost,694b0f864406c8c96910a8bca4fa9ea4470667fed4,0,0,0.00034415527
xgboost,694ba83ae09846cd30a68ffed107185de0a7b05296,0,0,0.00076474703
xgboost,6955ede4a72bcdd3b593a339bcbc8bd012c588a078,0,0,0.0053094267
xgboost,695682e33f5cf4db8a475b36b353112ac0ebdfe095,0,0,0.0006486801
xgboost,695748fd7fe2d32aff1ee129219199ce412bde3626,0,0,0.0002330163
xgboost,6957c271dbd643fcc618da5a69c75fd14c6e44a07d,0,0,0.2046597
xgboost,695e4b159f77bb39b43a50f93e75560802ebb687e7,0,0,0.00029415396
xgboost,696cff545bbab2c835ac8c81976fc1d765ac8e913c,0,0,0.00046689593
xgboost,697699847f0a49eba76654b7d5e6dbbffd1ad1905e,0,0,0.0002330163
xgboost,6977dc3100fd14e09a1d2a90637e25395e5ac28803,0,0,0.0007948035
xgboost,697dd290d2b3e951764e788c62e70b72ed42861b5c,0,0,0.00035953108
xgboost,69871216c62fe4cb511308e559f29cc822e7d65fc4,0,0,0.0002330163
xgboost,698bbf46d5f4831cafc3cfa5a6a97f2cfa57633a1e,0,0,0.00041254555
xgboost,698c3bcc09f5935cf0101dace8614d185bc2b0fb39,0,0,0.05705226
xgboost,698e8e41d8725baf89d27e3e679ecb23767a0e10fa,0,0,0.0002330163
xgboost,698ef0fbce41f66fe8561778075acc23525d609446,0,0,0.00029415396
xgboost,6992b3c6763851d6d46d2166a997b2b9e04398c2c8,0,0,0.014936938
xgboost,699a0a5a41e73801d3ad8fb974e23297d7424d2312,1,1,0.64371026
xgboost,699fcc48622057760ecadb4580ae4b76c319ae46ca,0,0,0.034807306
xgboost,69a6657aaff271ba2749a263fe2acf7907a82dea20,0,0,0.0003668598
xgboost,69b149dd7674a9671d3616ec6aada47b60ecc0cc2e,0,0,0.035440907
xgboost,69b9328685b5a2cb0842078806f91a6eb2eca011e6,0,0,0.0002330163
xgboost,69bec809db2957bca6dc12dcca2b47ca14a88f615f,0,0,0.0003744533
xgboost,69c091dc2e7dd20ee190793f0afed7a48c3afefbbc,0,0,0.012118747
xgboost,69cb911b5ff138c2a712518e0eb1817a77ec927c69,0,0,0.0003744533
xgboost,69cdc7ba3fafc3c5cf26c7fb13aaa4404395951ba0,0,0,0.00029415396
xgboost,69cee03d4be0526cb89a220b80c97580af9c2ef80a,0,0,0.00030038686
xgboost,69d4f0cb3aeb0a25ef56f5930fa0a105930b8d151c,0,0,0.028400537
xgboost,69d9ed00db7e903c1097265348b316fa5a4b34079e,0,0,0.0002330163
xgboost,69e34e28ece213b6ed7ce5e18073896c9b85e634be,0,0,0.021266634
xgboost,69e4db93cb927ef65165afb53684f6171d98cb5606,0,0,0.0002330163
xgboost,69e4e0e76706c79df953ea21132971330edcc00355,0,0,0.0002330163
xgboost,69e7e48282c524c1e42ca2e7bde3313314bffac28e,0,0,0.0006299072
xgboost,69edbeb173ff6e7ee0cb3a3113c6e6a886278bdb8d,0,0,0.0003925852
xgboost,6a02705d5e19867708b79316369ccc86c92c3a40ff,0,0,0.00042327403
xgboost,6a03c94432bbd24d4c103ca6ce011696566ddd794f,0,0,0.00022021777
xgboost,6a04420abf35be141d7c5457289aef3b305a9e3933,0,0,0.07681343
xgboost,6a04b3078778f3ca8a5a4075002ed4d5fe97f24112,0,0,0.0013289296
xgboost,6a06bced4fbbcd05147ebb95a0f9e85af5b62a3a22,0,0,0.029167907
xgboost,6a09c20f1c4106066dc593c85c94cd054d8f12db51,0,0,0.00037296838
xgboost,6a09c335a41e09cbeb9fbb342f69860027a4693d01,0,0,0.0022030366
xgboost,6a0f1940e1192bc3ef29cd8bc52760c46b7afafb67,0,0,0.14127648
xgboost,6a19d6a226a4bd9ccf73961857613f462bd770a3b0,0,0,0.00030038686
xgboost,6a1e8f65061cf4e57789b659202dd922bf013d38c1,0,0,0.031025434
xgboost,6a1f24cfbb0bf5d89f47589d725b9c58d030681469,0,0,0.0006227354
xgboost,6a302bb25914dbcbc3a53add4dd7cbec8950eea352,0,0,0.0075805914
xgboost,6a4484080eb2285a38b209a685fdfff10c2e370a9a,0,0,0.00042573095
xgboost,6a463b068b8ee0853da6056ca9e6b6b6f2b907d5b9,0,0,0.0002330163
xgboost,6a4b60a8f6bccc3f430e495d83b325abc26b50689e,0,0,0.0002330163
xgboost,6a56c3b5901ad519caf2814c5d2ddbcc73b55b6b41,0,0,0.0003925852
xgboost,6a573e2e6c1f30e5b5e62e64e28c40e0de3bde32a7,0,0,0.0009429115
xgboost,6a6f181c519c98bc5df7c9fa5870053c644d5ecc3d,0,0,0.055719044
xgboost,6a709af2ee635117a3ed6a1a50854123486c08f83a,0,0,0.025427664
xgboost,6a714a20e7daba457b4b2de532a359aaf021559f48,0,0,0.045225002
xgboost,6a73be67802792ee9cc1bfbcd56a518878d52e023d,0,0,0.00046689593
xgboost,6a790c2abb6b19b40144ac666f0cc4891c98ba014f,0,0,0.24505952
xgboost,6a7ddc072aca8b6c4d9209ada6da40ef9a9bc55e1a,0,0,0.02564824
xgboost,6a7fd5ed547495dd43abeec0a41f5a7d7bc52d65d6,1,1,0.64371026
xgboost,6a84500bd24b7d0d2d9566efab15d958436aed872b,0,0,0.2225216
xgboost,6a84efdc4808c70f77bc7d4e4fdc02b6ac1e9d5753,1,1,0.6306547
xgboost,6a88f5495a780e679606973f3887869c3dd610c95d,1,1,0.64315486
xgboost,6a94a3a87ccefc3d7147a599b5c61b9766e1f7c3ad,0,0,0.00080371596
xgboost,6a953e92e2609c82837aeff3337ef606afedef9952,0,0,0.022123944
xgboost,6a96d6da28da9066680360686d393901919482c3da,0,0,0.015456006
xgboost,6a98a25a18ee158e0431342fd567ba126c106d78bf,1,0,0.2611296
xgboost,6a9acfb2ae8593b02859517c40495a9325904203fd,0,0,0.10463009
xgboost,6a9fb3b69c49bd2f38bc831baa3ffc1bcdd1fd6231,0,0,0.22801352
xgboost,6aa16ca09a098e63953c8d188cf73f2e82d8d2b158,0,0,0.0043070638
xgboost,6aa6a365a2c09a3f94a0ba2b9d5dad2378a1c54e49,0,0,0.0145422
xgboost,6aa9ccd74822ca3469377db0d390186d6e4e7b68ad,0,0,0.15299495
xgboost,6aad6aa30997bf6fb69f398071bc013bce78d20f6c,0,0,0.017295288
xgboost,6ab92e1188233d02ab06c822dc2794390b456e23ad,0,0,0.035440907
xgboost,6abd1d2a8f2e05ed4d752510c376c2ed03c26ade48,0,0,0.0006299072
xgboost,6ad3cd8cbba42f169ccf79be148eee04c2b79292a7,1,1,0.64371026
xgboost,6adbf712c23d963da11ee3ed6ef225b47695a8fad4,0,0,0.00022021777
xgboost,6adf07732ece226c906accac62a8ee9c8466f66c06,0,1,0.5566283
xgboost,6adf94def6e57ca1c43a13fa159d7f5860c905f995,1,0,0.111511186
xgboost,6aeb58282a784c2f2ce12ec079ae1cb40ff44f3aec,0,0,0.020649059
xgboost,6af7ef5a0719b722cfe8cab901f317da26e9fc6a0f,0,0,0.14127648
xgboost,6b02f59af76d6813d4c93c19d762868b56ad234c9d,0,0,0.00029415396
xgboost,6b04e505d6bee92f2706dfcc66b289bd11f874c111,0,0,0.00041504586
xgboost,6b0973b2f83a05aa1e5fcdf06679edea03150faa50,0,0,0.055719044
xgboost,6b0a5c820f4cd16b440be5611bcb59df3c29e1a6ac,0,0,0.00022021777
xgboost,6b1423381e4025638df0417de3760ec71553c9c3cb,0,0,0.014183076
xgboost,6b1923af6233f8e555fb3d0b367047ba553695ef1c,0,0,0.00029415396
xgboost,6b19f68c329d39b61f7c3dd093910c07cda17d9a17,0,0,0.017295288
xgboost,6b31f0aca845bf51417f47bcd977cf71e79308bcf6,0,0,0.0071041905
xgboost,6b350dc0b77411066514dba2f328560077b9b95352,0,0,0.00034415527
xgboost,6b37c21812c08733cb1861cea83478e18a13b1f242,0,0,0.00030038686
xgboost,6b470b3cbe50ae7af3885eacbb0a8d5f172f61e8ba,0,0,0.017810369
xgboost,6b4ba828d9956e81fab5ca9a36fff452654ff126a7,0,0,0.020047948
xgboost,6b547bb65af63f4a559116f6975d0ba1ebfb781308,0,0,0.00030038686
xgboost,6b58d94f7eebe963dfe8a48e4e2593ceeb2144b157,0,1,0.6309033
xgboost,6b5923d90f2f0592dac1ce743102df407485571bf7,0,0,0.0006486801
xgboost,6b5fe615fc6b6a0f1e48a9cb5f068123de3c121d2d,1,1,0.5566283
xgboost,6b68d653ca7f35f6ae64634efea43b00b07d8e534b,0,0,0.0007948035
xgboost,6b6afcae4f70a3b1c69269bbea16bac13e87a0578f,0,0,0.00029415396
xgboost,6b6ef8c7c28f01b33e69a6a4568beca3444eebcb6f,0,0,0.026810737
xgboost,6b78b1a5a8bbd5200da06d64128a500e6e0982ea58,0,0,0.0011728639
xgboost,6b7d1e7520491a370569027366e6df793d8e83c693,0,0,0.00044057542
xgboost,6b86478c1b06b49bdbdb5a3934d746ad485dccdb5c,0,0,0.00029415396
xgboost,6b9af7db7a0c6219822ea8b575f17c5913c69877cd,0,0,0.020047948
xgboost,6bae26a99ed6e39567218edfcfc675de742153388b,0,0,0.0006716701
xgboost,6bcc237af4e94bc303de079b12e0ac1eb6e6d57af1,0,0,0.0010745612
xgboost,6bd08453a0e4881ab007ad553aa0b71c02948118f4,0,0,0.032415178
xgboost,6bd4024f25eba1f88244bcc8b3e1ba4075e7c5b279,0,0,0.0002330163
xgboost,6bdb3e27787ce8cdd57153b8f6e6949dd948fc6c14,0,0,0.010342912
xgboost,6bf3149f0fd323d6ba021915dc17ef908aab797786,0,0,0.0003183587
xgboost,6bf47f60a743478afcaa6b2f5dabe581e36378c20d,0,0,0.001583293
xgboost,6bf54c132a39d14887e51e80e333597fd87b6535eb,0,0,0.006158658
xgboost,6bfb7c5c328b39e66924b2c1d32ce2c6343fc1d1bb,0,0,0.19454753
xgboost,6c08f426b7e225e3c05b3cade4faea8409deebd456,0,0,0.011111367
xgboost,6c15a108b4153ae009169e218e883b5d5c38df495d,0,0,0.0003925852
xgboost,6c1889ce80f920fa7e8b5f370dddb6a8d12631394a,0,0,0.00030038686
xgboost,6c1c7d4f1d3f1812f79f80d977f05f55cbad6384f8,0,0,0.00035953108
xgboost,6c22d6658a9458f154b4bcd96804e9c1aed634722f,0,0,0.00046689593
xgboost,6c28ed1b7eac969bf00955d63b8b0b2867a209ab87,0,0,0.023674697
xgboost,6c36e7d64551d9cfc41d99e99ac0b936527623094f,0,0,0.036776703
xgboost,6c3786024afefb3690ae8f323e1453a2be83693c62,0,0,0.011115743
xgboost,6c37a252e5298e6b7f9428a5163ee8247155040bb1,0,0,0.00022021777
xgboost,6c3966cf0c058e502f406b41f2f0d8123bce5485ec,0,0,0.0014350319
xgboost,6c3aa869ed92672cdd48217644c1e59c29f8175a1d,0,0,0.0011728639
xgboost,6c3c1859faee89700cd1f6b18b7c42a594db1f7c8a,0,0,0.0053568543
xgboost,6c3e445b1e9d01b590ffae7812e238333e26fdcddc,0,0,0.007452481
xgboost,6c411c442bcf79054927e743a802354e238fbe750e,0,0,0.00030038686
xgboost,6c4e0e867fa1a08d1c612e04c0539a50b5fa3ced40,0,0,0.00034415527
xgboost,6c4e3926c5ef0e774f0579eb79cc9edcee825c5c5a,0,0,0.02976992
xgboost,6c531edaf7a4415480d64a5cca02ec94d3818330e5,0,0,0.00030038686
xgboost,6c562e78f1939e66fc816253e5c82d19d9a9c4e097,0,0,0.0003183587
xgboost,6c655fb257b695884e5527faaa01410f97e3b8cb72,0,0,0.017295288
xgboost,6c663c56857784874d5268ccff98e799491b75152b,0,0,0.00046689593
xgboost,6c6a62634b97e60b7ae204c2a225dd8b1795159ad0,0,0,0.0002330163
xgboost,6c6a9d7ef7238617bda9d27eade0c5a74559416718,0,0,0.034807306
xgboost,6c764bea904f05d4acb17ceced29ee1d7edad0eba6,1,1,0.81158566
xgboost,6c911aead2921740584d533b89323894eb6fce6c54,0,0,0.036747593
xgboost,6c99b64ec127ef2679db2d07479c485ab787a25e60,0,0,0.014183076
xgboost,6c9bfe1820cbc563ad07dfc74c348952e24df6cc44,0,0,0.032384146
xgboost,6ca2f42ee3cc8121f26826adbb6211bd51b66c31e0,0,0,0.00022083636
xgboost,6ca3fc519bdb2dccaeab1fa5aba31d1edb1d425492,0,0,0.0002330163
xgboost,6ca5d73fb9e106acda4c33eed7b511831a1f0ff29c,0,0,0.00041254555
xgboost,6cc2500822abc1b50020789e03046e546a722df140,0,0,0.021266634
xgboost,6cc439ca635401c58671dad383d0a900926ee33ad6,0,0,0.0003183587
xgboost,6ccf0d45b87866fda9c1a0d1cf7b3eb5c1f78dd402,0,0,0.0006486801
xgboost,6cd18cae86093143231d5db211c04a4e4fc434946c,0,0,0.00046689593
xgboost,6cd69ddd4034ed4bba0c473e509ca5ec534f96c992,0,0,0.00046689593
xgboost,6cdad97ff9d3792c93d04e88e4225acccf4284a105,0,0,0.009634344
xgboost,6cdcc4198b6018e8a2d25daa1f59642d21a2d83278,0,0,0.00030038686
xgboost,6cf4c7a0ec620645626370199039bdd99b529e08e4,0,0,0.00041254555
xgboost,6cfdf644167e5ebd41a63b4ea16d8c56a20f82cbaf,0,1,0.64371026
xgboost,6d00e43ff6a94444b171f5b369fb8b8162915e42db,0,0,0.019479604
xgboost,6d0f9b01130cde66d895b76d45ae6b4bcf707ffbfb,0,0,0.19171093
xgboost,6d116c39edaa5b019e5261576cb1c36ac69f77fb98,1,0,0.2225216
xgboost,6d1da0f67ced38440b0af306cacd8d6952a4ebca90,0,0,0.0003668598
xgboost,6d2359c2a6dbf008a1b5a3845f10792601ece0f4e9,0,0,0.032384146
xgboost,6d241fbde7f1273199766c11e9508eda08870c19a6,0,0,0.0010099511
xgboost,6d2a7e8428dbba427d331b4a7d67c936da72f744f7,1,1,0.64371026
xgboost,6d3cd914743b0fca3d726a8b8ec53e6dad9ea28614,0,0,0.1344866
xgboost,6d3fe60054e823ed7e28be047af50e30b17340fab1,0,0,0.0071041905
xgboost,6d41052ae8e60d258ce2ba41f266105563eb1f6a51,0,0,0.00034415527
xgboost,6d42d5c424ec05a9dfe68fa71cba80ae2b7ca61287,0,0,0.023674697
xgboost,6d45802397235b82578881981e89d064ce5fa19735,1,1,0.64371026
xgboost,6d49d6bd7cd6bd68f4d173a32219c1ad1e013d1c13,0,0,0.0002330163
xgboost,6d533eac004599e373f196c43ccc3f8e0f98527545,0,0,0.00035953108
xgboost,6d58562d4c413738a183ffb0d3990120a17a60efc5,0,0,0.0006486801
xgboost,6d587aae2a23d20772bb23acd0a8c7473e6369034d,0,0,0.0047180536
xgboost,6d5a8308afa04f2d2b7db409aac8d5f33fa7e61001,0,0,0.0002330163
xgboost,6d5c983bd23cf9fcc259f8da6e7500ad270f06e0ca,1,1,0.6309033
xgboost,6d5fc2eed7115368f139d665854b94d2f81e497037,0,0,0.00042573095
xgboost,6d6120707da676068fba12edba4408500393850e5e,0,0,0.1344866
xgboost,6d6afee33058c7823efe01244c5bc3d074980f9dab,0,0,0.005189585
xgboost,6d769e008ea1b47068a9bc254652be495123a0bf38,0,0,0.0006716701
xgboost,6d809ea606b7c006e184c3ddda4536cd660cbb09d2,0,0,0.034807306
xgboost,6da821f2855afc7af145049157bcfa16f82aca8d00,0,1,0.65877914
xgboost,6dabe84da9898cb83433b4883ec55a7dfd0417c7e8,0,0,0.00030038686
xgboost,6db1244a8d8a7513dba1fac39843b1c8460bd936bc,0,0,0.00037296838
xgboost,6db20ea6077fbcd4775d75b281efe6872121567b97,0,0,0.00042327403
xgboost,6db5f66a04ecad3c858bd0da052c19a93db8e8af41,0,0,0.034807306
xgboost,6dbf2305e76df52c3100330d4aba739d797a40e7bc,0,0,0.00037807395
xgboost,6dc61f88fcf4bd475c4d26cf4a303546057b4c4b0e,0,0,0.07681343
xgboost,6dc84f358e14d31f8a3ce339b246ce2eea2432b1b5,0,0,0.00022083636
xgboost,6dc862c6b922d4a8a65dd6419f6737460a8411769d,0,0,0.0003668598
xgboost,6dcb9c5668da4bfd96c18d27ef2efaf51981f5e051,0,0,0.0002330163
xgboost,6dce6246030c6cbc26006a3add61f826667af1ebda,0,0,0.00080371596
xgboost,6dcea36b927dacbed63297eab221b0631dc8558bda,0,0,0.00022021777
xgboost,6dceed5a1ba257e0c949b466146c49431a85452011,0,0,0.0081455745
xgboost,6dcf116e630e705c9767b7f65114d91d605f5a7cee,0,0,0.00057926105
xgboost,6dd913f8a0b31e4c3c8bc804ee5d09fae0d9767c10,0,0,0.00094434194
xgboost,6de11e619722a1378fc77ab25a8302f09a268e70ea,0,0,0.00086060417
xgboost,6de6b90c38395c36e0944d06732b83bb12e68d1129,0,0,0.00044057542
xgboost,6df7f41cfd3ad77efbe897d549e61fe0107ca3162c,0,0,0.00078046566
xgboost,6dfdc5430ebd032170e11036b1489a0f8a4d7a13ff,0,0,0.00046689593
xgboost,6dff732325c115ff06f44bf07af373c923ba326278,0,0,0.0003183587
xgboost,6e01a2741039e028e7d26a94abfb3eef81eebb9306,0,0,0.0071041905
xgboost,6e1f1640aaf8ecfa4f55f75df94036a0682707c35a,0,0,0.03925821
xgboost,6e227d7ec68818b135e450a4cef8ee6d471d084996,0,0,0.00022021777
xgboost,6e241a6fadb001c4da44adf340d828eec87998989e,0,0,0.00903454
xgboost,6e25b9d0b27e96ab268d1320ed335355baed103334,0,0,0.028290404
xgboost,6e2881f29419c6561820472984b02d89bf4cf41456,0,0,0.0003744533
xgboost,6e2a6c3bb8ebc6a5f01da03fc4690fa3d6b1006b71,1,1,0.6309033
xgboost,6e2bef35365c577495527020ebcf7dd7029f3f7f55,0,0,0.14156424
xgboost,6e2f4cf4eefde4eea542e33dfbc0ca8b43705bd321,0,0,0.02823384
xgboost,6e3855d58fa84164c43ac6a8e0047822f17b5b7d1c,0,0,0.00046689593
xgboost,6e39cca161dadc41009322176aa95be50add4b5768,0,0,0.0003744533
xgboost,6e3c7015d4afcaf45fc0b647652fd41ccc8443e975,0,0,0.0053568543
xgboost,6e45437ba04af4d4d044fbfff6a5efb0ff21770735,1,1,0.65877914
xgboost,6e47315c7279f5bf30e90d5d62a9e8e7c23884f3f5,0,0,0.23849966
xgboost,6e48f8326d36ea5be473f6f23671a192962dd8cfcd,0,0,0.032224238
xgboost,6e4b2a1d3a525d94db6fbb0594a44b116700033c96,0,0,0.013584213
xgboost,6e54ba8aa855a9b178cd56dbef11143686ee337aa5,0,0,0.0010745612
xgboost,6e57c355b1fd49daaeed86df34a94a5c8a1a2745ed,0,0,0.00035953108
xgboost,6e57ed3ee12dc347cfc00897fa854599c26fbd7908,0,0,0.00044057542
xgboost,6e786dc62d224b2261a3eaaf9bf352348e42aa0ba9,0,1,0.6309033
xgboost,6e7c5ae901d5e2ddfef8c1c5cd0bf000d9d71eb364,0,0,0.00057926105
xgboost,6e7ef7a650c2fd52484167357cb5ccc3812f3c3c2f,0,0,0.00062770204
xgboost,6e82c4000d24188a2deb9902561b135875ebb355a7,0,0,0.013926448
xgboost,6e888e59d511ce965e8d8a7cf8f3d28c3a87c3f8a8,0,0,0.035800178
xgboost,6e8bc88f95b9b0f237fee12d740e49a7e92e89c25c,0,0,0.0002330163
xgboost,6e8f1bd63e179c72cd7ad3e093a460b46648b483cc,0,0,0.00034415527
xgboost,6e98b7d2aaafeafb885f54d0043a73e4e2a9cea8c4,0,0,0.00044057542
xgboost,6ea623108950ee48beff95e1a4d76658261bbed590,0,0,0.029167907
xgboost,6eaedc0fec1aca1d83418a7326b980186af506a098,0,0,0.020649059
xgboost,6ebb3b8d915f298cb612525302247f6285a3834908,0,0,0.00037807395
xgboost,6ebd108e381fef2be6d5dcf0ffbc47157c8e03646f,0,0,0.01190468
xgboost,6ebffb80dd5dd3a54f05f8be93ef89728aaffafcf4,0,0,0.0003744533
xgboost,6ec396521329f3ff452c4a891ff10f4bb8d9e01132,0,0,0.05965953
xgboost,6ec5ac57fdd5f6125e40e83e09384ad8259c9b3ffe,0,0,0.00063679816
xgboost,6ecb20d599a81be2241aea5517cd64ac6bef482238,0,0,0.01537847
xgboost,6ed574e609cc301c5bbfcbd37d801eeeebfe7cd29c,0,0,0.16855088
xgboost,6edcb87e6d8f7fec8cb822d47eef48175f603f8f1d,0,0,0.14156424
xgboost,6edd7af856e553ac1fd03e2028958b3e765941986a,0,0,0.00035953108
xgboost,6eee12309bbceee9d318846e3792fe03412c97d396,0,0,0.0006227354
xgboost,6ef5ce946189de043f9c1edea9c4c1df115ba4f254,0,0,0.00037296838
xgboost,6f0213e85c26844fbcb1a61f519cbb5556428572ac,0,0,0.00041254555
xgboost,6f0d0ab00085a4432d2fd3b5d6addb8e47070e4072,0,0,0.028388172
xgboost,6f1354a07b854eae55af1657da1ced0e1276de3c34,0,0,0.0002330163
xgboost,6f26e9fa2266067db92c58a9e002f8654345b58e8d,0,0,0.035440907
xgboost,6f29b88f83e4a82f47fb53b8f116deee352a2e78f5,0,0,0.0003925852
xgboost,6f2efda3d2ba0a9b2a3547eb2d2f5714a6ce7113bf,0,0,0.00030038686
xgboost,6f2f7e59402e2a38e418930661d815e7cf243b13a3,0,0,0.023583846
xgboost,6f45bbc19a56b6a37d627e231c3a05c7b64ff27fa6,0,0,0.00042327403
xgboost,6f497ddc7a157a9e6a92648f43f6d8d0bce687938c,0,0,0.0003183587
xgboost,6f4a9bfbe618d36d3586986f35e93289c25c16791a,0,0,0.0003744533
xgboost,6f5d91fc3aff6a56f4bca6dbd17f521971d666c08d,0,0,0.0003183587
xgboost,6f62e6919f884d5a9f8ab2c7a546f40ebf1499b18a,0,0,0.0009429115
xgboost,6f6a16702da49c86ff770ec495b8b303f7294db3ce,0,0,0.00030038686
xgboost,6f7b5d41da46425e732f3735fc64a7b04d35cbf27f,0,0,0.00042573095
xgboost,6f7e846a39011264c0f13a1f64b2c5da2eda47b217,0,0,0.032384146
xgboost,6f88972c38d237f851d6164f40e0c3298d188c9780,0,0,0.0010099511
xgboost,6f8a9496024b6988af59e92658edd456ce4f986bbb,0,0,0.005197153
xgboost,6f8f77eb802397dc5c01f8c9d1b84d2dc3d84c86e0,0,0,0.0057338746
xgboost,6f91689b3b4de5fab77e56ec26d6f5375205bf81eb,0,0,0.00030038686
xgboost,6f934751a3db91292cd171e76ab0b12543c43ba870,0,0,0.22801352
xgboost,6f976dab333e4f6207280b6f4c09671c740d9dbc86,0,0,0.00029415396
xgboost,6f9c05d6f74a0164303dac4f8361b20a9ad475b133,0,0,0.009807427
xgboost,6fa991b0fe4cbd05c2e798742e6ce9aa2abb3d4452,0,0,0.00034415527
xgboost,6faaf4b03fd49582bb7b2559ae40fec7aee33f2ef1,0,0,0.007452481
xgboost,6fafdda2341d4e3149be291b55dd1ad75d5000ad8e,0,0,0.00034415527
xgboost,6fb2c9b3f7dde5c2b35e9822172a19f9380af5f76d,0,0,0.0002330163
xgboost,6fbb2d1c973a9a066cef93c394ea49cfd8680b2bb7,0,0,0.00030038686
xgboost,6fc10510cc2c3a9b7eb86359978217ef1fe497ea1f,0,0,0.0003925852
xgboost,6fc24aacefb112a8f0ca9ec94b33f2a3adb52467c5,0,0,0.036776703
xgboost,6fc711f08ab64c609016e22c913b613bd5e93d1c86,0,0,0.00042573095
xgboost,6fd26b1f073627629a358e4406416443a8fbf3f052,0,0,0.03669534
xgboost,6fe18789559cea7298042b26714538754316ad8713,0,0,0.0002330163
xgboost,6fee2c422eee581c334b771f20a9ad89d77e4eb1ac,0,0,0.27358052
xgboost,6fefe3baa03e1672a754b340a18474b62f8abe62ee,0,0,0.0010099511
xgboost,6ff52174dfb00d52fd9f70f4cb544155759ebd2158,0,0,0.0050011594
xgboost,6ffd63ee28a4036c150228a1974dc72aa505f7d249,1,1,0.64371026
xgboost,6fff352ec5dd8d2aa0bc4cca36c50c3dee95c4ea37,0,0,0.0003183587
xgboost,6fff5001f9dfdbb210b3654233841046dba8a807a4,0,0,0.1023795
xgboost,70104fbb87397bc0821701379a1ec3c97baf362ab6,0,0,0.028438905
xgboost,7015e6ffcaa4206369a1ba8be32362001e942ec070,1,0,0.07795346
xgboost,701a643b7656082ffb332e6e252c4b4582e3f82f8c,0,0,0.00037807395
xgboost,7021862e12fd614e5296094babb77e7126c74a046e,0,0,0.00086060417
xgboost,7023469cc17855207a36e11de3e0b5e1ea966fd4e9,1,0,0.27309594
xgboost,702610904fc15ac433478ecccb59bb1d82ba36ab5d,1,1,0.64371026
xgboost,703575f78afe26ea24a478c215fbbfa4db93e27ed2,0,0,0.0006071794
xgboost,70382201fd7064962d1194943e18542f20b364ee7a,0,0,0.029794568
xgboost,70393ff1f6b6d0241f4a86cd3a7078ecd9cfc7d712,0,0,0.0007948035
xgboost,70419871cef368807410c771ba4e0d1ff3e88b6d7f,0,0,0.0009881387
xgboost,70462b21c1f77a6f8026f70e3c442ed0972041b0a3,0,0,0.0010099511
xgboost,704e5b05c45daf6297e271c936cf6ad103dede69e6,0,0,0.0010080602
xgboost,7059a1ae1afe5dc4f1b9b06b1a5505c1903f622eb5,0,0,0.012118747
xgboost,705b140ec1e925d6e6e063f231189908df0a13068f,0,0,0.00041254555
xgboost,705b7ac497914f8773962be276ab8fbddb5611e1d5,0,0,0.0003744533
xgboost,70600952f4ba2a246dc83a2b61453eaa542d4f1114,0,0,0.0002330163
xgboost,7062032bd317f5185c41d308ab86466b088162c5a3,0,0,0.051092885
xgboost,706a500844f05d76d99b12a28df7502c65d87772cc,0,0,0.00037296838
xgboost,70738a8ebb5e46420943dc2644217614272e29014b,0,0,0.0071041905
xgboost,7074cef7ff5cc187e308a4a54084b892aad6cc8e30,0,0,0.029226005
xgboost,70799a471a4853b37c3d5f7e82403b14c38bbfcd1e,0,0,0.032384146
xgboost,707af04b7aae96692d0fe1cca5ed8da94745b85356,0,1,0.65877914
xgboost,707c56c0af0b244ce4a8d2443d1ae2fdd16f4fee12,0,0,0.0003183587
xgboost,707dfe23072c1908e159c94e64d27707e426b1d1cc,0,0,0.0022030366
xgboost,70895224fb1b5e1a825d9a04d96657e226309ce4d3,0,0,0.13653083
xgboost,7092023880ccd355771b57b28e3eb9851146a93f8a,0,0,0.0002330163
xgboost,7096393f149047bd10e2bc5f9d492a1f82dd5d2a00,0,0,0.013584213
xgboost,70972e7f7c14b7f4315581c412d5311d80f1bd4489,0,0,0.15244524
xgboost,70977662b5d96b2cf7604f9de940a581576abcd991,1,1,0.65877914
xgboost,70a1185d74d07127932bc249ed29d2b74d93517d89,0,0,0.00046689593
xgboost,70a2c9fb4cff047f5a4f332576d50326634d0aace5,0,0,0.2909299
xgboost,70a4608df6ba9f0013b89375002d18dcfae53b9759,0,0,0.015873032
xgboost,70a496733650749fbb40682bcdcde2d4718d0118aa,0,0,0.00078046566
xgboost,70a6eeb62d228e293ab1223564215fb46e1ce9f869,0,0,0.00030038686
xgboost,70acab5bc154e6b6fcbe7894b6c3c6aa94778ef3f8,1,0,0.18918733
xgboost,70b124cf6268dfbe2143574a54142bc0e42b6d5b13,0,0,0.001583293
xgboost,70b779eb476932eacf6143fb17901e52647b324f7b,0,0,0.0009133837
xgboost,70ba72b6c08a8635ac60dad4e46d72e079ddef5a3f,0,0,0.00063679816
xgboost,70bf932eb255fcee6ac2e3608057ca22599489cbf9,0,0,0.12780893
xgboost,70c2ebb02599fc74cdbe8e5eb581e795d0410890b3,0,0,0.034684643
xgboost,70c41b85fd0d583a053e2167526fc67d163b43c1a2,1,1,0.65877914
xgboost,70c8ef80f4627c4cc99b29eb6f3f9f8e427981300f,0,0,0.00062770204
xgboost,70d80cf0d1d922177da68744ca6a422b0f2fbeb75c,0,0,0.00046689593
xgboost,70df1cdb6aaf4cb9bf397510a42431e47423a0b1c6,0,0,0.0011099989
xgboost,70e30afeae9927d452cf0c109f9b7b541b8be2a888,0,0,0.00042327403
xgboost,70e67f5f0455528ffb907e0cfb3b7f185958511380,0,0,0.00042573095
xgboost,70eae74d69cf5b3e582471c42eda1e31a07c17bec1,0,1,0.65877914
xgboost,70fe144a499d252dc877933c0c60df3fb7b60e3b4d,0,0,0.0006716701
xgboost,70ff8bfedc33e8531b4218751c272e90dbcc3ac2b5,0,0,0.0002330163
xgboost,7102169de43b2cb782262eb9d93e13d5100f522e6a,0,0,0.0002330163
xgboost,7105aa62b970d966a93a0f06eb87875edc44134e3d,0,1,0.64371026
xgboost,7108500077c9293971be63a30d4c566d1d3b00e4b5,1,0,0.0010763843
xgboost,710a27b3d25bf8e0c236f7f4cf8d8c2c48fd8de56b,0,0,0.0006486801
xgboost,710ccceadf3e322f6fef3d541d95afcf7d5b4cbe00,0,0,0.00080371596
xgboost,71159187a3c1cd5c43c021d2000a2b08c4c93c7f4c,0,0,0.00022021777
xgboost,712125a6c1b43b2c54bfbc73386d54d6d35a3f9d0f,1,0,0.24505952
xgboost,7121290610c7a2f3692d539dc65965fdcb648e0fa6,0,0,0.00029415396
xgboost,712184c2b84a8e7ad3b9b0da5f40f0cead89a6d96e,0,0,0.0014972406
xgboost,712649669c6874b381fdbec57d20e191458b0d2dc7,0,0,0.00030038686
xgboost,71280ae7cb4cda4f165b1101f8c3e7b4fa801d49f7,0,0,0.013479265
xgboost,7130491bf5fbfa0d62a1ae9814a08d119f87e671b6,0,0,0.0012346779
xgboost,713edf6484897380611b5c5ee6e5e7b4c30123f804,0,0,0.028863749
xgboost,7153d30e3c853ea4b5248990ccf5b909dabe66c327,1,1,0.6309033
xgboost,71577f2f34d5cde15cbd7398f4f2f1925f408551ff,0,0,0.03861649
xgboost,715af843756178194e80a9a478ba53749cff8842f0,0,0,0.0071041905
xgboost,715f41e2456e864a937eac436d70f984c3d57b2b8a,0,0,0.00030038686
xgboost,715f95540bb1c2840028583ec69eeb59cb40e08cb0,1,0,0.007081607
xgboost,71622be9061e70cd2e83431e39b888f3629463751c,0,0,0.2611296
xgboost,716ad4ef297848eb5c5ad678bc4230dbba0c37d30f,0,0,0.00027319163
xgboost,7177badc2c8ac5dac427c7bcbd2d58deaf1e0219d6,0,0,0.00063679816
xgboost,7179dbef15338db5211dffc763aff0a7115753284f,0,0,0.035440907
xgboost,7183fde4037c6666f54db3841552bd0599a265ff68,0,0,0.0003043416
xgboost,718633c01af2bd9c2435764721d961a6ae113dec92,0,0,0.00022083636
xgboost,71886c501bba0bc6ed24af5b30806cb79661e0298e,0,0,0.03023339
xgboost,719285cc6355ce3dedc4cb4cc70fa47a0ff94c0c57,0,0,0.0003925852
xgboost,7194b774072ca8db8eaeec5c2b29fc8a97ae3464b1,0,0,0.15299495
xgboost,719c68850a2467ce60f292d6245a6932cd2f79a403,0,0,0.00030038686
xgboost,719daff17eb52db05da593d44538f76777ba8d15d6,0,0,0.0003183587
xgboost,71a1eea887cb1228d1001c2522d3ec554ec3184dc4,0,0,0.0011099989
xgboost,71a4f7d96743268b2192c8a7e08976912f5f3c3138,0,0,0.02823384
xgboost,71b3fe5257ec2027dcef37e03f9d4c399d4eaf5b17,0,1,0.64315486
xgboost,71b45b9cfbe033acf94c15763207cc9f35746ad22a,1,1,0.6309033
xgboost,71be09a30b43176314402a7f16488bd4c13f3a1786,0,0,0.0042175283
xgboost,71bf3b9cabacdd83113e7f00300fb2c85dece650ef,0,0,0.00022021777
xgboost,71c2d4619081d9d36859d5eb3f0b10eb0872d7eb48,0,0,0.0010080602
xgboost,71d0a9471fd8680351301ea2c07a79a5aaa9109b33,0,0,0.009807427
xgboost,71df67aa99d18f9595d65d2509a7a503bd1a53d2c1,0,0,0.19171093
xgboost,71ea6b56159a0407ddaf8210814037bddae0eac234,0,0,0.036837205
xgboost,71ef7413adfa1f1c9294f295c4c2cb5f60d3f98770,0,0,0.018812409
xgboost,71f8326cc25135b9f8c10b8484a1e482e92443c810,0,0,0.23849966
xgboost,71f8c19d116c767823d5ed60bdf79eca2457b0f5dd,0,0,0.0010745612
xgboost,71faed0cf7e344b737ac994f71306a96c5337373f2,0,0,0.00041504586
xgboost,71fe84db98006b0895cb28f3382a4577a2d748b82d,0,1,0.6309033
xgboost,720c4b0fea21794769fb47ec9242d958f3f290324e,0,0,0.00042327403
xgboost,7214c431713cb5378f1aaf9d38d292a0e1c5f40128,0,0,0.0072072153
xgboost,7214e596c1c2f189f58d6916b849842bc970612849,0,0,0.27309594
xgboost,721f88ff9f57b5de2d2c74fb807de890970ffc854b,0,0,0.00029415396
xgboost,72312bc53011068992ec9f457dedd561a5a28321ed,0,0,0.00034415527
xgboost,72334d53c2b9d401e2fd03c766b7c7819b80068c5c,0,0,0.0011728639
xgboost,72357a361646091111c3d9df71f58212949e2291e3,0,0,0.0009881387
xgboost,7235d81afb389e63351fa49d5da8c5ac01e4a1d407,0,0,0.00034415527
xgboost,72394008c644c55c0d2fdcb382c9c08f4c263ff750,0,0,0.00042327403
xgboost,723b3ede75fbeb5f65242eb4ca6bf563bd0a9330da,1,1,0.6309033
xgboost,72494ed89dfef6453ca042b43f6ed20c21e16bfbfb,0,0,0.0053094267
xgboost,724f241fa7ca49d43e61849c7ef174d785a6079819,1,1,0.64371026
xgboost,7251134ddd8afdc315249037d4ec061d2b62ee3bd2,0,0,0.0002330163
xgboost,725c5a179e0820798678e235aaca7b976a0796092c,0,0,0.0006071794
xgboost,72633702488b8df6bf97deece5a9d2d31bcaf32d01,0,0,0.0011728639
xgboost,726506cce9d904844216dca1f7d6dea121d346e79a,0,0,0.028438905
xgboost,72692a24a1249bfec3d2c58ba4da2b09e67edad9bb,0,0,0.22801352
xgboost,726d0cb1292a1bfd146ff5ea1ec7567f79c9a31db4,0,0,0.07681343
xgboost,72728302aa5ca157d034213bc7a1ca9c95be9863be,0,0,0.00029415396
xgboost,727d9192013a371d5ffeba64d7678d547e74704861,0,0,0.0105177555
xgboost,727dcd690c332f087e803be1f88b96d2904c5db7c3,0,0,0.0002330163
xgboost,727fdeab76dbbc75b8bd9326ee9d89a11a9547c36e,0,0,0.13258594
xgboost,7284450f024b4698b1954a04f1897878d17fa89026,0,0,0.020649059
xgboost,728496e7b68cad0881acbfdaa392ba09b96e803a72,0,1,0.6309033
xgboost,728d595d2b17daddf65a53716f4b24fff2fdc7da35,1,1,0.6309033
xgboost,72907a08e6c87106b655976889da2b6a4aa2876d71,0,1,0.6306547
xgboost,729566c0523e61901006ed9fba32bbde885ba69b74,0,0,0.009873061
xgboost,72964b7eab85ed9a861260775cefe503641db7beee,1,1,0.6309033
xgboost,7299e9343203069f56ff922ae32c4fa078e9b01791,0,0,0.0002330163
xgboost,729bdf5acc60c861bbf6eba67561adb566e9adc9c6,0,0,0.00041504586
xgboost,729d8ad32fbcf289e3ac27a212bd83524f7d50868d,0,0,0.0007948035
xgboost,72bb872ff6ba7cbae4ba77f3dd1a0b9133d4e2824c,0,0,0.023674697
xgboost,72bd34c274875e6cef233ab4e656ca445f75aed5d3,0,0,0.00078046566
xgboost,72c066a5a91852505c78187668d23b93c7735a7c1b,0,0,0.035440907
xgboost,72c2e8bce43845436aeb488368e4abbaf41f5e5162,0,0,0.0003925852
xgboost,72c77a2c6faec4027fd3666b22255a32c0c30392ca,0,0,0.00030038686
xgboost,72d1d237d87080c182dea0ed93a719300020d29b67,0,0,0.27309594
xgboost,72d736fb5d9b93cf3ba922abb0c6ea5ce9736a5864,0,0,0.014183076
xgboost,72db9fdf1aa8df517d5bab660e6752fa26c0315d1e,0,0,0.0076226057
xgboost,72eced29d909598bf0d5d620ce86516692dcb90de6,0,0,0.16246068
xgboost,72eeab72ac9e630a42e7d493658dac19dd57273bda,0,0,0.00042327403
xgboost,72f44f0ab25ac052276187ef146dd5d9409f4a3e3c,0,0,0.0007948035
xgboost,72f886fcb3c0d50d1145af4860ad32693baa4cc038,0,0,0.0013289296
xgboost,72fc8579373ff34d0aae23c2de819fa611ec35a9e5,0,0,0.028160574
xgboost,7304ca9470d6e0281654f6dcdac5b0cf1d8eb94097,0,0,0.019841658
xgboost,730616d4091f4dbdf6df7ba8ed98c89e435270db1e,0,0,0.0003183587
xgboost,730b9f750f2ce7ae2b9991e1bd30f139e0b12a9702,1,1,0.6022432
xgboost,732310728bc41ae9206b83543e9f166e8d3a552232,0,0,0.00022083636
xgboost,732570b6a7fd59bd0994f0dca4bcfe9f68a7e2736a,0,0,0.0003183587
xgboost,732f4b39c2ebf20facbcb463825c9d2303cd7ed47b,0,0,0.019841658
xgboost,733e5ddb1384739a1988a94ba9eaee9bdde73e3eee,0,0,0.0053094267
xgboost,73402964c653f3881d5a0959b311e937efc71da8cc,0,0,0.0002330163
xgboost,73449d33fe3d478bd7eff65f61e0ad147c72588252,0,0,0.0010745612
xgboost,734967ec4f85d425b742e3bdd93ac53a5445ac7bdf,0,0,0.00034415527
xgboost,735406dae90d8791bc4665d7a74f6f6a1a0b0ba0f6,0,0,0.0009429115
xgboost,7357354a1b7e8acd736747265d976a2e263340679b,0,0,0.00044057542
xgboost,735dba56593ecaba20aa05148f117d3832e35a35ef,0,0,0.051092885
xgboost,7360263f304e34a234c848182c2ad51cccdce49a54,0,0,0.0013066181
xgboost,736274e0e5c748b59de5aa36b9680abbca21fc3bfa,0,0,0.0007948035
xgboost,7367776c71f46b6ad4c0166783cdd334aaa345afc6,0,0,0.0002330163
xgboost,7367f78825533a197bfe7ba16a74012e1f71d604af,0,0,0.00030038686
xgboost,737a33b9da6a860cc04f3e2f1d19f3aa4c72f0ee73,0,0,0.030548414
xgboost,737ba2b29de10967e5b82b0155ae08136e3161164a,0,0,0.0002330163
xgboost,7380fd45c2e6c58af3fc64b182fc901e73b61a5863,1,0,0.020649059
xgboost,73847701b7ab1a96994429dff9e290f0407498008d,0,0,0.006064744
xgboost,73852f2e68474c38e969fc6c7fe88c74dd30f80cfb,0,0,0.0013066181
xgboost,73983d1138aad768d936ec4f39b21b278dd653be70,0,0,0.00063679816
xgboost,739c3d48aec4ae98fd81045c0ba6a8e04d8bac73a1,1,0,0.019479604
xgboost,73a503e4a66edae34842c4c3e9d47437667848d8c7,0,0,0.0012346779
xgboost,73a787eff22cd077a1a8147321ad01b734f2d0f337,0,0,0.0057338746
xgboost,73aa2fe4a8cf78847d4a085b202324e4c9d6f65b3e,0,0,0.00037807395
xgboost,73b0f26ebb25d623eedfd011f691def4495c988fd4,1,1,0.64315486
xgboost,73b913c44f67c023a89a555c286f4d4ebd8f746122,0,0,0.017810369
xgboost,73b9eb8bb6938a7008b3bd7e7163f77249f0af7408,0,0,0.033325363
xgboost,73bb9a9ab693e41a66bb0fe5ad9e8a9b46236a563c,0,0,0.00034415527
xgboost,73c41a36c706d5209893efda50c4f42ea010129d2b,0,0,0.0003043416
xgboost,73da653580704041ee4c1fe53ca29c7ee70da45db8,0,0,0.00034415527
xgboost,73deaa9f23346818feba95cbd5ca713d6e88586723,0,0,0.019841658
xgboost,73df95459181e8ce42f94b9564b548306c5f44308f,0,0,0.055328384
xgboost,73dffd4111d475889caf019545c7ddf6b85bbfb2c0,0,0,0.0013289296
xgboost,73e4015ce7eefb45c4c447c0d30c651f6d5cf608f0,0,0,0.0002330163
xgboost,73efa2fd9745bc1542b0d4ea6ca6ba123ddd69c473,0,0,0.0019530896
xgboost,73f040e47e8c950a90aadc2eccd8cfe9cb75c81afb,0,1,0.84386146
xgboost,73f966ec912f19a2af7335b5f0b1267daead0fd6f8,0,0,0.0009429115
xgboost,73faa4d14d1aa3db7416c52a0c61257559efd4c9df,0,0,0.0008583634
xgboost,7402581c3ae9e167417c578f3e9f4a2f22bdf9176a,0,0,0.0053568543
xgboost,7403e353e225be42d2fce2f36dfcfe05f015e364ae,0,0,0.0012346779
xgboost,74107670801fa24383aed052e63ad05464ef033d4e,0,0,0.00042573095
xgboost,741f84cec127adb26e71aef785d6f064648c3629bc,0,1,0.6309033
xgboost,74267c0b792dbc5644079047e71f0f222bcfaa586c,0,0,0.015226283
xgboost,7429bf9245e4338b477737920e075f79267ed4d6b9,0,0,0.0002330163
xgboost,742e8a1bfecced6eef41f83211d365c1e78f9abf52,0,0,0.0013208393
xgboost,74333d7688b04364b32639afbc17ec709c30f31dd8,1,0,0.12780893
xgboost,743aae831f1c5156dc1c9ceefe2f0e33d7641ced62,0,0,0.035440907
xgboost,743d361e3cf2d55b6b0345c5e2e5be47f3a40579ea,0,0,0.00042573095
xgboost,743d60a12bec8913771f914be33b32b11f4d20387e,0,0,0.09642085
xgboost,7456c1b1ef576bb721498a056d6a99667b9a800724,0,0,0.014169116
xgboost,745cd10bfe6caf3b609edc563034733e478244d320,0,0,0.028160574
xgboost,745f357b2d02c8fa574dc0383171503db419b545ae,0,0,0.077959366
xgboost,7477f7fd13b267d1f76517fc4380d2ff5e4a347d7e,0,0,0.023674697
xgboost,7479063d512b611f763425024032404a44423b19ae,0,0,0.030548414
xgboost,747f40aa68e8070f1ac697104f1f6f83c08713e22b,0,0,0.0002330163
xgboost,74895a57883847450f909912774db296eb38d6fcc8,0,0,0.048198212
xgboost,748a5db6e1baba440790a9b40824f41ce410beda7b,0,0,0.034807306
xgboost,748c84956ccc1a57260733791f31552a6b5620bd2d,0,0,0.0047180536
xgboost,749253039b29e97a083a6c72a690e296c3679eefd3,0,0,0.00094434194
xgboost,74965467b0d324f19a47074b69402bdd2a8de5985d,1,1,0.64315486
xgboost,749db9ca04fd218e90e8e3cc4b515fe10789965e9b,0,0,0.00042327403
xgboost,74a26bd69f496f604e414764f9ca9f29823b8f8202,0,0,0.20370762
xgboost,74ac73ffc5f614753fef3af4b9fd4aa8346fea28fd,0,0,0.025427664
xgboost,74c112d750a7687d046f16984fed1295331e85b878,0,0,0.19783552
xgboost,74c3db1ebb4812c6ae72bbb3c22734bec582a44645,0,0,0.00029415396
xgboost,74c64fbb6d1d7bc3e0b028250cd8d0084a9c5f5fe7,0,0,0.0081455745
xgboost,74c8c73d90837b68e5563be8d4addfbc69a0a0ad13,0,0,0.00034415527
xgboost,74c9e648524b741841b5862d690905ba2bde885b74,0,0,0.00063679816
xgboost,74cc3d22e4fcb55ca0a9671ea54296d82ea032fa95,0,0,0.00022021777
xgboost,74d37cc96a50a3afd697cd0aa0cc7ce5ac3c8860ca,0,0,0.0009133837
xgboost,74d4b7a9043f64678974843b0fa5624842689e3c1d,0,0,0.006064744
xgboost,74d52a63b3e8635cee9df76e2e7a321fddb45f4fc6,1,1,0.64315486
xgboost,74d71eae06ab20bc7cc5ecfb6b6d190f2efa976053,0,0,0.2611296
xgboost,74d75ecb4ef2b7f4c20450c1dda346225a83679c01,0,0,0.00076474703
xgboost,74ecb2d022f84b02b3cd3d70fc192967bfe9f8530e,0,0,0.028290404
xgboost,74ef72d2249f152cff79e4b3f27354f3964f35f06f,1,0,0.23849966
xgboost,74f28dab7540b0800cdabe20677c8c1a2016ecf1c1,0,0,0.004916782
xgboost,74f9ee38276c8c59d5efc3cc713df2cdcae5bc0c5d,0,0,0.0010763843
xgboost,74fd98e293f92f75fef868956a71d5eadf66a621e3,0,0,0.032567263
xgboost,75061f0a49e9a8d8dc60a85ed384a3327fb4241e22,0,0,0.036747593
xgboost,750ffb057bbd70cbe73338b70a6888a24f0b759c18,0,0,0.00046689593
xgboost,75119c384bfe406e771e694fff1ab6b9b18ab9b0d1,0,0,0.00041254555
xgboost,7515549986a64fa9c84268afae88b4adc20efdad7e,0,0,0.00034415527
xgboost,7516f7d1208c8bd1ad9b4205ce77b6bf5ab11425aa,0,0,0.0006486801
xgboost,75183fc8c65b26a288c829e834e6675d622335b8ca,1,0,0.015456006
xgboost,75296dd4ecb1a563d93dd9ea915dd7178a6a156ac1,0,0,0.035440907
xgboost,752a012cd1d320f27459deaf988cff62d274f74e9a,0,0,0.00086060417
xgboost,7533f020478da7097e6c46309df3d1eeda431b6a78,0,0,0.029167907
xgboost,75382ffd0c289d01fcda1eb19841c06c40f8c19b56,0,0,0.024599493
xgboost,753dc0c5ca3c62c940e161165f06030606857964b5,0,0,0.1394689
xgboost,754722bf422aa9ce5b0414b81a6cf73a4a162cbdb1,0,0,0.032415178
xgboost,755659638ea39832c78d7b8ccb6f46cd5743c983af,0,0,0.00030038686
xgboost,75565c76ee5247711039eae5729b8d00b4ace54bf4,0,0,0.0013289296
xgboost,75628339593ada5d494c42629d7ca5e35f19e8da14,0,0,0.0007948035
xgboost,756375a308408a8fcb81b911122c5e28f484a59105,0,0,0.00041254555
xgboost,7563a56fd2435f36a7d2f28f4031ded1b94fcd390c,0,0,0.00030038686
xgboost,756957378682f796e0100f7d74e8af30964c208091,0,0,0.029226005
xgboost,756e9794ef8dc02d8b31daa149cc100030e048a5a3,1,1,0.6306547
xgboost,757aaa483c45f3400f488f8a1a58e6a7b84ceb45f4,0,0,0.0026480742
xgboost,75822a45c32e296143ffa835160deeb240c84b467b,0,0,0.0145422
xgboost,7588d8abdae15c53db8529a4b6ea96f621de29c438,0,0,0.021266634
xgboost,7588faec0255bea6d8f4d827c5923f166fe88dc8f2,0,0,0.023720916
xgboost,7589b11023d3c29a969819b5f70dca6851a3d604ca,0,0,0.0002330163
xgboost,7596cb493e4f31a8323cf86a07c1e5e537e8f3d6f7,0,0,0.036554493
xgboost,75acc35f52cb5cb9d49cd1675d68113cefac4e4a55,1,1,0.6306547
xgboost,75b6c777da0180b4be9aa7bafdc8dab144a06af217,0,0,0.0006716701
xgboost,75c4e8d3dce306fda4e0c5ab195a3d0a4165216a33,0,0,0.00094434194
xgboost,75c6f5756ed25349b4d8214e65343733ca50b1b2cd,0,0,0.2046597
xgboost,75ca02cd4a8fd779a45295a756325a27eeecbe7248,0,0,0.032567263
xgboost,75d2693216b69f833864baacb4c350d6d140d5ac10,0,0,0.0008583634
xgboost,75dfaf3d40fb1f6432ed1ea3ec1e5d7453f2407194,0,0,0.011115743
xgboost,75eb7a890a3d60878c4e5e49264763d716f98d7857,0,0,0.0002330163
xgboost,75ecfdad7a80007ef10083998018afcd4a1849e902,1,1,0.64371026
xgboost,7607aec20c4d6e706d491ad9399349ac4e4a5d4390,0,0,0.00034415527
xgboost,7614a2e0807ac6f7159b1916cc8a506a1b994916fa,0,0,0.0006716701
xgboost,7617d48d7479ebff2653ae2e9ebb508556dbf58d87,0,0,0.0013066181
xgboost,761c06be6c52e6b3b5fab728defd84ddad78c8b538,0,0,0.0006071794
xgboost,761ed664743b11c52fec8033cde12409beb65b7555,0,0,0.00042573095
xgboost,7621053377c1d84b49745800d827aa0ec83f15a6ae,0,0,0.0010080602
xgboost,762aeb38e72975b02aeeabb68c7bd04037088b4870,0,0,0.003925084
xgboost,763455f960c978a7084985e4340af5b3ff5d1f6719,0,1,0.65877914
xgboost,763954916343881968bf9c5f59e2fb7341d83a10bd,0,0,0.01537847
xgboost,763a8a988e5a9a86fc8881a6d6c5d1acbc5e9772b8,0,0,0.041514996
xgboost,76405fb1645f894f14921abdaffde7909738b63de1,0,0,0.004916782
xgboost,764f03fed4e9322b2927ab979100bd9387cba890ed,0,0,0.00029415396
xgboost,76552a8f74b9c1185a12eab3fa09920bff19d653ec,0,0,0.00030038686
xgboost,7658455a226862fea9a943d68f90939406517bd8f5,0,0,0.022123944
xgboost,765d2a58a3423fd65e4b6a6836ab16f81ed5fce9b8,0,0,0.00029415396
xgboost,76601de262532670c71a05cf922694df3e03250f1b,0,0,0.00042573095
xgboost,7660f778af4ab8f9d4f1356263df4d15cdb4110766,1,0,0.026810737
xgboost,7666c088a1067e801165abd43521e45df85807b55c,1,1,0.64371026
xgboost,7666f5335b9675b520cc5bbd11154675d9900bbee4,0,0,0.02976992
xgboost,766b3e86e00786b2b5d7534e811591087ed4c946fb,0,0,0.00030038686
xgboost,766d9f9d4cc98922db08db7eb800649c17b46c18af,0,0,0.15244524
xgboost,766db5a039504252d18ca39a311077b54bab6747c2,0,0,0.0010099511
xgboost,7670d476085ae26dc069f5cbfe21cf87b258838b51,0,0,0.028863749
xgboost,7678c5299f900c86092a76ee5fa1ebcfb3c711bbb7,0,0,0.017810369
xgboost,767f163067cae5fe5f5dd030f357ccdc0e063f610a,1,0,0.24505952
xgboost,7680bdb77f320667926be6d1d2c4132e52d74eb53f,0,0,0.0720398
xgboost,7685b743d136b73ea38d3fdc6810f9e1770af679c7,0,0,0.00042573095
xgboost,7686dd9aa0e6f997ebe41d5ff1959fbc5cf7c8921a,0,0,0.00022083636
xgboost,76924514ea2f39dbcffee36e9e620c09f103e79012,0,0,0.00035953108
xgboost,769a7d1593f7f788eb87eed309664cff75e0c55a3c,0,0,0.06597109
xgboost,76a21ce4813a9ea9325d853eb1ba080d1a0d5540b7,1,1,0.64315486
xgboost,76a2a3b3e7bfc6d1648f89bd26cdb83b077a50a562,0,0,0.1344866
xgboost,76aa9f7d14554d90dbd31b7a9ad54fa63afc328e77,0,0,0.0002330163
xgboost,76bee11093c960d2037f5e4d983293c4a7813229b8,0,1,0.6306547
xgboost,76c68b5918e21adef83920487bfbd7d7f1957dee30,0,0,0.0036198448
xgboost,76c79cf2f630f2770b26c00c93d9d10aef87ca2b3c,0,0,0.009873061
xgboost,76c8fee1d9f94d7016f664c49a47bbc24aaa1cbf73,0,0,0.00022083636
xgboost,76d62938f568dd01d9ca0684f010ad7b5f4bd148c9,0,0,0.0002330163
xgboost,76dca2013fadd66aed4210d1b4d8a5f405ccd74392,0,0,0.0011728639
xgboost,76e13492769a55ff1b124e7206aba0cbd5f6f90b41,0,0,0.028160574
xgboost,76f7a9a5e648a29be9f9c15ebc0d74574c61724cdf,0,0,0.2611296
xgboost,76fe99b477e08d70cc9acebefea4c88f2c79e41037,0,0,0.0003925852
xgboost,7706f21dd5002163ec0620a8252bc4d7e63afe2b1c,0,0,0.0009881387
xgboost,771866488fa881719f32d766fac67f2410d1ff1b30,0,0,0.00022021777
xgboost,772762cdd1e7b082f62428595452bf1c3760cd65e0,0,0,0.0011728639
xgboost,7730b26ee9448fe60770e4a5897cf8a6f8e1482917,0,0,0.025427664
xgboost,7742425fcc8dee49369e5034edb87cece31c8d4c98,0,0,0.008142038
xgboost,7745cbbc1d405ec824780f92a3a646c6109deee466,0,0,0.03023339
xgboost,7747eaf30d3fc2d008f02db45135b4410c350a8b58,0,0,0.016326247
xgboost,774919419c56b20fe5edc9547528b661736da8cf70,0,0,0.03023339
xgboost,774bc1e0a0263a0401b252e4328f69ac54633082c8,0,0,0.0003925852
xgboost,77539c568b6fbe8c6ab1d3878ad32294d676c1918c,0,0,0.035688996
xgboost,7758d43a3a9704813b7017258e38602170aff05b39,0,0,0.016326247
xgboost,775a166027e2b5bfe599d42bfc244f6809c074e9a5,0,1,0.65877914
xgboost,777113cda26942b851f6faf6f407dd93ad56ffdd99,0,0,0.022123944
xgboost,7777edade29e188da8a70cb0e7393edc83f099bef5,0,0,0.0012346779
xgboost,777da17f7a806de26caf67184d455656446347837e,0,0,0.00030038686
xgboost,777ed7d993f560ed62718ef9dd70d9c0159f8d04d9,0,0,0.0043070638
xgboost,7782efe3b8d11107f5908afe7094a7db7ff122a1f3,0,0,0.059063297
xgboost,778613389276dad84fe6247fe5444306256a2997b4,0,0,0.005197153
xgboost,7787238af7d38887d83b2fce2451f9afa383a90883,0,0,0.0009133837
xgboost,778c9137d6801784d7e99ff2ab4f7ca71dc884d7ce,0,0,0.00042573095
xgboost,77956d311f750cdff03387af185664d045b87430d3,0,0,0.00042327403
xgboost,77964b4dd565b52cb128998c8d911d8adc62e828c2,0,0,0.051092885
xgboost,779a1331e5ee32c82cfe97e804ffeff4e59ca13ca7,0,0,0.0068733734
xgboost,779af9a78747f01df3021e703b4c82509a5594d5bc,0,0,0.0003925852
xgboost,779dde5a531ca60eb673a8af312265140531d6a2f9,0,0,0.0513465
xgboost,779fe61de2f8750b7826f63649ec3b365f04f1f4a1,0,0,0.00042327403
xgboost,77a1990edb0ca0fddb002b7a36f2300019bf36efc2,0,0,0.005375757
xgboost,77ab0ca506517836f28c0f45d6eab64e11b1f04243,0,0,0.00030038686
xgboost,77b075964d870e839f9023f5f6a5e2422b6e9fea1b,0,0,0.00042573095
xgboost,77b31474b3044d4aa946877cf13bc95fbbc4cacb69,0,0,0.0012346779
xgboost,77bdb16a89099d7206ad8dabb02d617b5af27bdf1b,0,0,0.007081607
xgboost,77be0a02aab37405e488affec8fb02a72cbdea555a,0,0,0.015456006
xgboost,77bf06b2d149f143f42d18640220f4dc4d768fa5d4,0,0,0.008981103
xgboost,77ca7336b8122b9fca034ddc489ba77ae4ea9a0dc2,0,0,0.003925084
xgboost,77ca7a3a2e1b12c08a12c30472c6bacac9b61eb1ee,0,0,0.0068733734
xgboost,77d13255b28d2a87e0e69472fc71424bfb6b51b56c,0,0,0.0003744533
xgboost,77d51ee32031893f120a97439466b1fcaf7785f403,1,0,0.15244524
xgboost,77db699b55365f25297f6297243bd11a28ee527335,0,0,0.03925821
xgboost,77ddf9bda4d40c250543321360b6b339933d83f8a0,0,1,0.65877914
xgboost,77e0f875bf3254cb64d5ba16eb2be271c53ea40f44,0,0,0.00042327403
xgboost,77e2a65d8e00fcf0830d062913c6b6561281f8c42f,0,0,0.00037807395
xgboost,77e369c775e0b572207bdd0ae6e09b757b3ebd8603,0,0,0.07941774
xgboost,77eb86dd37adaeff09c578573502689d80363a035f,0,0,0.0006716701
xgboost,77f173a71a15620a0bb8148855d9763ea96676d7a1,1,1,0.64371026
xgboost,77fb52c0375039f432dcc22490ab2a712d69789fcf,0,0,0.0007948035
xgboost,780107fd359b0e84cb8a1438da1325cfa94b56383a,0,0,0.00030038686
xgboost,7801f5677fb532127ff3a0352c664222ab1c0b27c4,0,0,0.014936938
xgboost,7806c61cb9deefad4a2467bb7522d051dd74f1411b,0,0,0.021266634
xgboost,780d9796fb0e4506bfd273c4ba2d5a73807efa2af9,0,0,0.11239475
xgboost,781598ad2e0b2a5282cdb7f11d80a26b50212cdfc3,0,0,0.0003668598
xgboost,78163c5955daf2286d9a3f05f67e839aa569a3ab00,0,0,0.0006227354
xgboost,78170eecfb78f4dfd3ccd183433dca7c7b61ce1a69,1,1,0.65877914
xgboost,7819e234d56f0d8286dcacc9c5138165d2bf63acda,0,0,0.00022021777
xgboost,782312676c3a6cbd0d4c64b8a1e37ee8b01dbefacd,0,0,0.00029415396
xgboost,7823e9fae2ef86977502537f8e28fb9b4763662ce4,0,0,0.00096465787
xgboost,78396c9a8210130c17e313bd01c2ac3f75372b865e,0,0,0.010854048
xgboost,78417015b28490680164f44dd4e61b26ee6fcf6efb,0,0,0.0012346779
xgboost,784b7ab75f2263a50d4f3755b95182b3126cf6c656,0,0,0.0026684236
xgboost,7853fb94982149bba989672ca4c7569984cf54e6b2,0,0,0.00034415527
xgboost,78577a6304b9171acb906dfd4bba6eacbbeb7d7617,0,0,0.023720916
xgboost,785b7220c59c1180deaf4f69fe8cf9b3c1a9ea5ab8,0,0,0.00046689593
xgboost,786303229803da9c6501b86d1216bc54150a12cf98,0,0,0.05965953
xgboost,7865a1ce4e30ed18052a3b4313526d32e728e103e6,0,0,0.026038293
xgboost,78661cc87f2d4fe5af2ffef8aa0186a843b9e83ba1,0,0,0.007815878
xgboost,7868eea6a635705fec78f89ba151fc3687d0587fc0,0,0,0.0009881387
xgboost,786fad3bcbf425d68e1cf11020a755e1ea312065e5,1,0,0.019465642
xgboost,787434a5da2aa39e6bdcf9b03bea345ee04e2e7ce8,0,0,0.023674697
xgboost,78761e8e44f2d27681cd6841829654be86d0085136,0,0,0.00035953108
xgboost,787fcaebaf81f063c806dbc7b8f380fa3497f5b42a,0,0,0.0054252394
xgboost,7889262123649d4b2e06f743c29d5b8067b8f5beb9,0,0,0.00022021777
xgboost,788d0697cba94b6370237bcf2df2698f250d8a1582,0,0,0.0008583634
xgboost,78904f45f376a4f10994244beacaaec766daf4d645,0,0,0.0003668598
xgboost,7893ff3485ed59adc3e51ee47d236eee10514dc0d3,0,0,0.0082098525
xgboost,7895ec6d9dae044149d9de5fbc02ac485666270a1e,1,1,0.65877914
xgboost,78966377bc85f018f71750700a10cbbdaeed75ff79,0,0,0.0047180536
xgboost,7897877046d5b8db48d3708c8fa06f4d02b5dd7337,0,0,0.019465642
xgboost,78a8279756a6cb2caaffc0017cbc0e5bcaff36fa0e,0,0,0.05705226
xgboost,78ad181aff783becfddf88fa1f5c0972cd8695a61a,0,0,0.00037296838
xgboost,78b43a886c7ebb9dd819f78c46d184d82c9fed5e3e,0,1,0.6309033
xgboost,78b6a9aec6c18078c73f34f9ef47ec8a0aadea8e4d,0,0,0.006672268
xgboost,78b851646179334b283c0ddd8eb3f8a3899e0b4a5a,0,0,0.0002330163
xgboost,78b9cb2f27ca9f59748f880a153d457f40efc571fb,0,0,0.0010099511
xgboost,78bf09a598b88a85f9cec89c30004946f27dfa7ec8,0,0,0.00030038686
xgboost,78c05eaaeb5e6a7c1edb674a48e2a65003d1e4e4d4,0,0,0.0014972406
xgboost,78c9994adfd1219dd7f98c0fd1f015d98972dd7b5b,0,0,0.0006486801
xgboost,78ce6feec7293e1d09952a3de29d87013c2812be34,0,0,0.009634344
xgboost,78d1faa42954734f7752fee333ca1c49e252bd9455,0,0,0.00046689593
xgboost,78d25c7b91044f003a385df80ca93b399c0e9cb13a,1,0,0.23849966
xgboost,78d3bb12db6cb0f59b16c8116b21a3b4adea00ec5a,0,0,0.00076474703
xgboost,78ddcf4726460f5459a2a2c67a54566da0bc078d3b,0,0,0.13258594
xgboost,78e7dc91f9652037ed8b2a4dca0f922dd784efcf08,0,0,0.12780893
xgboost,78e930784c024a6855c954597907eaf95a09aabb26,0,0,0.0053094267
xgboost,78edc1feafaf207472c0ae4a48ed7372092ffde7ab,0,0,0.0009429115
xgboost,78f659909dd7b2031d562b26a84a90d6c73510e7e6,0,0,0.051092885
xgboost,78f70e79c2493732791b74f8371b3771f10122ea53,0,0,0.00041254555
xgboost,78fd422d4ddc38d715f706581c24e5be53018e0228,1,0,0.14665343
xgboost,790787054fd321925e9e17f75e928eb95f20083fdb,0,0,0.0003183587
xgboost,79096a034d4d074e09767e28685f0c899ce74e6ad6,0,0,0.00029415396
xgboost,7912aab0a622f7b1741a93c1ec07b655795b8be7ff,0,0,0.2909299
xgboost,7913568052c104bb95c4f6c9db1ddc51438fff3847,0,0,0.021266634
xgboost,79147f8f0ffb37b59ee2c784ef83ab869a778bba8e,0,0,0.0007948035
xgboost,791e30b3dcac2d584e4f8497754d1b73bd4aec23ec,0,0,0.05965953
xgboost,791fae9fb3000d828dcd800206ac829f38e2610e70,0,0,0.011111367
xgboost,7921f8e19ec310ef25aeb461e0fc831f1bf7f7a02e,0,0,0.00029415396
xgboost,792782dfcc0a3080d48eb1d64c32c6b0c64b548f62,0,0,0.00029415396
xgboost,7928838886cdf9182a5ff9ccef806f040202af51fd,0,0,0.028863749
xgboost,792b000e3b346889503ada830ff0147c8a7a111567,0,0,0.00027319163
xgboost,794d3189cacf444b10d4db9e97288541628a012d6d,0,0,0.00903454
xgboost,79558f2de5f7ad0e5a5cf8dc9cded477a1f27523dc,0,0,0.0002330163
xgboost,7957e7a2222466ab5a7a940a83ead9dd07292fb448,0,0,0.111511186
xgboost,7958f85c4e961d2d99ced1c58101e2c151e1d65cd0,0,0,0.0002330163
xgboost,795a7b5daa814bc9a55a6813ebaad84d0347d1dc93,0,0,0.0003183587
xgboost,795b0f4b6a680ce8327457f36e4f5853c060b26370,0,0,0.0039741513
xgboost,795dd893c4b53e2c4721fad3fa785ae05a76520a7c,0,0,0.00042327403
xgboost,795e44ee07866008f158713e78de189c8940b189fc,0,0,0.0006299072
xgboost,7963e0221a80525c353f13b89ae62867fb5c71dee9,1,1,0.65877914
xgboost,79691216136ae5bfc617ed635a307b19b27a339b97,0,0,0.0003668598
xgboost,796c68edfbc0f5d9682e04c5455aaac0d620ca701e,0,0,0.022123944
xgboost,796e61120bfea90062fe618a069ff4106f458b114b,0,0,0.00037296838
xgboost,796f9a3a349304468989c725e5984344cf86bf0a53,0,0,0.0036198448
xgboost,7971b91fb73e9596d58cb049b06c51b7ad8701ecf4,0,0,0.0003183587
xgboost,79759c3842993d373025d84507279e1e741971fb9a,0,0,0.014936938
xgboost,797c6986756341f9e6ee1475f9bbc2b76c5cca5ca4,0,0,0.0013066181
xgboost,79839d44d59dcb74d7c3eeb6b3f9b71d8c7647c52e,0,0,0.00041254555
xgboost,798c6ee366d123faa21567341a190063499c8d8d5b,0,0,0.0003668598
xgboost,799622cd85a0550af4e6c2db8ad683b7ba861d8554,0,0,0.0003744533
xgboost,799fd3386be91b34dc772eb58323df75de83a73dca,0,0,0.036776703
xgboost,79a112d2c1932d49264a15b618494416fa6607d996,0,0,0.00034415527
xgboost,79a1b2683ea3f19584b538bb385df8a91582d18993,0,0,0.0003183587
xgboost,79a8e94a14b51739cc49f86a93785bff7699f987a3,0,0,0.0072072153
xgboost,79ad3df76bcc109bdfcd3b5fbb184462e40461a5b9,0,0,0.0026684236
xgboost,79b559f4c8e7d49c471cfea3f0e75c5f8c8803f598,0,0,0.00046689593
xgboost,79b85549ab2a029ecd71ef52d7497226db80f5e911,0,0,0.0002330163
xgboost,79bce93b0da8af02f1dc72c1a100ecb49cfb83883f,0,0,0.00029415396
xgboost,79bffcb123f639d79ee9b2103e356bb6d7ce2dd9c4,0,0,0.00029415396
xgboost,79ccee9a0edef54f846fdff57f3e8061933bc0d486,0,0,0.005197153
xgboost,79cdc8d20b26727412a0e59d40f1324591021ddbec,0,0,0.0010763843
xgboost,79cf98fa62480f371b68fdc26fe87d8192fa82a9d5,0,0,0.017953359
xgboost,79d48ec3cdeca8d38c1f47c48e64bade7a4aa37f51,0,0,0.00034415527
xgboost,79d7de205d16e448d542232fa1dcef1f38f7c97ad8,0,0,0.33191314
xgboost,79f1a7d3920e7ea90bb4ae91be93d82e538ad1b6f9,0,0,0.00030038686
xgboost,79f4c9e616323a1518c14178af241319ad214fd8b9,0,0,0.00034415527
xgboost,79fd30317293b01d2191379c39e524510a89b8aac7,0,0,0.00063679816
xgboost,7a03c27714862c1050c2f5914bec1c04cd78b0c916,0,0,0.00094434194
xgboost,7a0870fdc8cc9e1f75f7eb34a87494df9a745b5c16,0,0,0.00035953108
xgboost,7a0d5e55dde9dd4a9bac50a59d2fbd39a4127da67b,0,0,0.0010247461
xgboost,7a0dd1125cac2fc5929cfda27a5821761c79832cba,0,0,0.0053094267
xgboost,7a0e7bcba41f30e5d1b0ba4d57fa7101a574e69c9a,0,0,0.0009429115
xgboost,7a15408aaa88aed9443d47cb5e8348567db90993a2,0,0,0.010342912
xgboost,7a15e5681b1adef29587aa06de00b8a18165b407cc,1,1,0.65877914
xgboost,7a1b073f0ee7917c43da44fdf6f28d2b094b5dfc82,0,0,0.0003925852
xgboost,7a1f426dde284d05c7f71e806bc391879353ecf2e9,0,0,0.00041254555
xgboost,7a2a62974b3e22daeb43383d37e6419e0e301e6031,0,0,0.02367029
xgboost,7a3001cfcfdf74443d82d450d1720c796c395920b7,0,0,0.0053094267
xgboost,7a36fe51e103a04c3be561ae8830d7ec5cde306530,0,0,0.021703979
xgboost,7a3a81342ffc2f7bb537a49ac9f13cf40dc136914d,0,0,0.010854048
xgboost,7a3d994c248c4b5c11310d7f33e9a134e897753d0e,0,0,0.014806572
xgboost,7a3f8921775cbc4936ce0c8456eb9fab6028bd31c4,0,0,0.0006071794
xgboost,7a42f524491e444fe96fd78df3529fe0ecc289566c,0,0,0.022936577
xgboost,7a53a69a4b33c7efba5c1a1710f30455b3de3bd8a3,0,0,0.15299495
xgboost,7a56178bf61998ccd4a4a78e966767bdad817f3252,0,0,0.0013066181
xgboost,7a56cd344a643800fcb661592bdf6258adc24b1517,0,0,0.00022021777
xgboost,7a600a4e57c50a1336b41df13fa8c2139201f0423d,0,0,0.0145422
xgboost,7a671a12e877adfb0b48be4ddfd85aaa1aa95c3ef1,0,0,0.00080371596
xgboost,7a7917a06e8a6fc9c32a864106a57fb8d33ca2ebfb,0,0,0.00096465787
xgboost,7a800c1ca25eed909e245a1e3e45bdc918c6809244,0,0,0.00029415396
xgboost,7a894859fe41fab71a8c2cd54ad2b908ac4b3f4c4f,0,0,0.00022021777
xgboost,7a8bbb4a3cbb830befba9d573ddf4c80bbcd422aef,0,0,0.017308999
xgboost,7a910524d80ed17de429e8c9df06f27e35fa813f9c,1,1,0.6306547
xgboost,7a9209f7550b9e61e4d9a4404793f056725bc4f4f2,0,0,0.00042573095
xgboost,7a93f63c3af3f23d1a38917760fe0265f98dee586b,0,0,0.15244524
xgboost,7a93f8b05b425895d1598f85cc5569a08833bfbc1e,1,1,0.64315486
xgboost,7a9890d958a85f6d444ffeaa6b7f8699fa93c1d64a,0,0,0.034143314
xgboost,7aaeb750f9a3ce1458a67d103bec547b70a2c9492c,0,0,0.0010099511
xgboost,7ab318ab1849e8c587ef20ffefbdee9d678ae570dc,0,0,0.0026684236
xgboost,7ab37aa76f3cfd3acefa08e3a7c32864b41a62225d,0,0,0.013584213
xgboost,7ab95881bd62a03432c469829d71a1eab36e83d4ca,0,1,0.65877914
xgboost,7ac08cafcb5ee05c68f454343b48f6fd42983e8944,0,0,0.019660987
xgboost,7ac54e0cef992d18c737b58658f0dec32874b34ade,0,0,0.008079678
xgboost,7ac6c9a2186fec9b5a0990185bc8fea0a3be835b9f,0,0,0.00035953108
xgboost,7acd1e8bea61fd4664a7bcc333297fcfbc03a7db85,0,0,0.001583293
xgboost,7ade1a05cb713279e476e57c2038d1d78f0eeca5f9,0,0,0.0006716701
xgboost,7ade2632fa683a0ed4b95f2917d13f481e803599a6,0,0,0.0003925852
xgboost,7ae05876b509542cdf32881417bdfcc3a1f00a1a47,0,0,0.00063679816
xgboost,7ae844fca4df3747928aa516805ef2513a6eabd2a2,0,0,0.0003183587
xgboost,7aeb0105eb9f965f4ca084cc4e57e3ac07d5f37bd9,0,0,0.18918733
xgboost,7aeb16d479df1e8b45f7d2c72eb2c8f733a6a3f0f5,0,0,0.016326247
xgboost,7af0227f79de30e7299ac0c31204a57630db40d1e0,0,0,0.0026684236
xgboost,7afa29a7058c49db9719358700faf88fc0aaa136d8,0,0,0.006672268
xgboost,7b06ce972abee02026e947d5dac81fe0eea8c8a2c6,0,0,0.00034415527
xgboost,7b0a88d359976b01ce8904f4807e8a32cede049677,0,0,0.013584213
xgboost,7b0e8c471d2b07257ba5a41e883208a749e1dc3e76,0,0,0.00034415527
xgboost,7b1c13f1020345df7ef18722ecd55e5d2d3f527701,0,0,0.009226136
xgboost,7b1c2409dc7fbfef1056c1c25c3334317d18867801,0,0,0.00076474703
xgboost,7b2cce98758d8c0774034061f40de39d2ff706d524,0,0,0.00063679816
xgboost,7b307a03fc9762874d964bdb6dee61ddf281cbc32e,0,0,0.00042327403
xgboost,7b378b623754ae0207486d30a8f82c68fc4016dad9,0,0,0.028863749
xgboost,7b3a6bde3daaf77c3faabc4f4198cbcbf736a48596,1,1,0.7853733
xgboost,7b3a73eb812444adc3cd4e636b0eb3507cd6d34a2b,0,0,0.0002330163
xgboost,7b3a9e4652aa068268a9e83a7d1c9272fcc2ee2d24,0,0,0.18918733
xgboost,7b3f9ae48d463c05e47554458b7fab7fe7dd2aec56,0,0,0.001583293
xgboost,7b40fc3814a034a1ac8b6c323587ef2e01926a955f,0,0,0.0081455745
xgboost,7b5be4c568a6b3dfbb058d6b3fadb70740bbe603e4,0,0,0.0012346779
xgboost,7b604baa0995fb4a0280334bae9fce8cb504c03f36,0,0,0.025876993
xgboost,7b604ceb3d4360f245be56b0e5d298ebb580593f73,0,0,0.0009133837
xgboost,7b60dbfd123db1071fd70bcbc708a6b88037ff1585,0,0,0.025427664
xgboost,7b7610d3122e3e7037afc0c8b204324e74c9d94cd7,0,0,0.00027319163
xgboost,7b77aafd030d85a827fa5716e66026e688938ce599,0,0,0.019841658
xgboost,7b78e8f7106eca401bddde0d5e4300f6723672434d,0,0,0.014183076
xgboost,7b7abd926b33565cdee90f331638562fb67cc24794,0,0,0.00063679816
xgboost,7b8653e2def2843c5e7023fd551d891e25f7f42b59,0,0,0.0002330163
xgboost,7b9587718310760f5039115962a2ed5c5ca864cba9,0,0,0.032735623
xgboost,7b9da01b7967df3e9edc7028c667b8cce9c8ea2473,0,0,0.036554493
xgboost,7baaabf4dbd4dc6bd78c53c1f56e265587a4426356,0,0,0.0010527555
xgboost,7bb25f20987310729966fd5d4b9a0af65077333d2f,0,0,0.14665343
xgboost,7bb9eb1be2f36703d5f0687290184db12788f7669d,0,0,0.00037296838
xgboost,7bbb7b000945f37b549274fdf586d80214bd86f965,0,0,0.035800178
xgboost,7bc2c8226190dd05b5d94c8f8d1bf838974db5e2c5,0,0,0.023583846
xgboost,7bc5235c62a00e354910a075efc4dccda317916e3f,0,0,0.0002330163
xgboost,7bd432b853de7bb3db9dae9ebd298726c5387d7533,0,0,0.0002330163
xgboost,7bd79de092cb1b7bffa2735ae57ef45f391cda045a,0,0,0.035440907
xgboost,7bddad244a24e79d8b55ca7a6b34094ac328ae15b1,0,0,0.00042327403
xgboost,7bdde93b8448b18555ddaafdeee11ab7847836f587,0,0,0.00042327403
xgboost,7be277a641a2f346e4807e1ead6d66c8828b0bae75,0,0,0.009634344
xgboost,7bf11807be3017685b35f96e0902c067387943adc7,0,0,0.0007948035
xgboost,7bffd77655cfed45606ef538061d3f3903d747492e,0,0,0.0007948035
xgboost,7c04ca60548685b86e93cb4b5901ac518247f57da5,0,0,0.0002330163
xgboost,7c09e812f8c8a1ac09582560f417c648e7057c283a,0,0,0.00041254555
xgboost,7c0a205c6f543213e57af80575bea3ef4d235f258e,0,0,0.00030038686
xgboost,7c0eb7a151c8ac4e3a99ad0d243f70ec2e6a153207,0,0,0.019465642
xgboost,7c1396f9b04683fd634f0cbf05dbbdd7d1c9fb9a4a,0,0,0.00076474703
xgboost,7c17545f3ff379876a14c9f1874e939ca9c85e5a71,0,0,0.009873061
xgboost,7c1e2d25f3d3670ddd2c736c06a01de60ca1c10505,0,0,0.00030038686
xgboost,7c232c83d0446f9ff0f096bfbfd01a1eecf1b1b57b,0,0,0.0007948035
xgboost,7c2bcc0d26e2b37bd63e440e00e812b836b0ac7460,0,0,0.0039741513
xgboost,7c2d4b07951cb072d79ba2c30535608055bd9c13ee,0,0,0.035440907
xgboost,7c3d8020898d304124e52702e240e87b665052cecb,0,0,0.023720916
xgboost,7c447c905fcfafd1707f25f6d6720cfe70454e709c,0,0,0.0009881387
xgboost,7c474271e7eb2ec3f8b4c7c3157d0aabb752e4d8a2,0,0,0.00046689593
xgboost,7c4e997a38ad7af8feb81cff20da4104e83e1090c8,0,0,0.00022083636
xgboost,7c4eeac2e0b3ddef945dd568d513be72fd67eba0aa,0,0,0.00076474703
xgboost,7c538b6f421f4005cc9c5bf32fee1fc8ab7c9606dc,0,0,0.00034415527
xgboost,7c5b211dff6d9f6c368355cdb13e2d4e3f5810c7d4,0,0,0.0003925852
xgboost,7c5b9fdf492ce004bd8e1026a1902b4cdced5cfbbd,0,0,0.0002330163
xgboost,7c5f54a9a143a1831e04bfed2b791dd0bde795d965,0,0,0.015226283
xgboost,7c5f7a5a52eae54a067529b822fb373dbd1198f5e9,0,0,0.0026480742
xgboost,7c6f78bb1db52704e49588d219351242beb57d92f6,0,0,0.0002330163
xgboost,7c6fdf8067c7623d5a8626111fc01db0a14c48ac23,1,0,0.0006716701
xgboost,7c70e255d5d5a8f000c947621f49ffc24467e4c3b5,0,0,0.0002330163
xgboost,7c7677d2d02e9fec109acfbec0f29dd9b96b6595f0,0,0,0.023583846
xgboost,7c7ee640042f6cc561ed194cf85a144ad331844035,0,0,0.023674697
xgboost,7c816c48f80eec71b244ff2677714dd1b616ab6ca1,0,0,0.002365846
xgboost,7c8394a54755d77750587ed10cfd9f34caa8410c93,0,1,0.64371026
xgboost,7c921ace538a7e8fe4cea1ad2cf2866ccb2dafeb99,0,0,0.0010080602
xgboost,7c9a13d24ce35e2e36d5165cba30e6e91e4b19e906,0,0,0.013926448
xgboost,7ca5720ae4825b6bcbfc721b7f92f5df3814324f44,0,0,0.003925084
xgboost,7cb17d26eef765d85def2d1ce9fdeff2e73c84d009,0,0,0.00029415396
xgboost,7cbc38a5a729cc485a21bb527e53e43125c12b81b7,0,0,0.15244524
xgboost,7cc1c67263c448d8ed7f18e085b44efb4f6823c372,0,0,0.00034415527
xgboost,7cc38507b64db87a2f39f18790999dc08175853bdc,0,0,0.035688996
xgboost,7cc6c2aacb1bf864577bbe302d388fa992b1362efe,0,0,0.00034415527
xgboost,7ccb92ca9c93aa4be42856b26abc4bddf733f51476,1,1,0.6306547
xgboost,7cd1cc70790e42309b4d6f461793a3d8083dbd1a6d,0,0,0.0006716701
xgboost,7cd2561f0f4acc37c489849b52f317c5283c47139b,0,0,0.0053094267
xgboost,7cea81ea80d11c2523c41b194c51ebec6111c05838,0,0,0.00044057542
xgboost,7ceb3a960fcf086d7db3b0553e933e5058e8ac3c4d,0,0,0.00022021777
xgboost,7cebb6b2ab38cad4cd7d2d5a66d99fa31611bbfdff,0,0,0.00041254555
xgboost,7cee0c35e70161b0cc40b08b375e36a3f9ad8ae08f,0,0,0.00034415527
xgboost,7ceedd55b435a764fe8bd45045cbe30ef2fcb843c8,1,0,0.26536474
xgboost,7cef5167981aee9c2f528cbefb26b13fb93dcf0b6f,0,0,0.002365846
xgboost,7cf3a1b9b8963cb237172845d4cb861b61c6cb912c,0,0,0.00042573095
xgboost,7cf49c775fc275762f24ff2c4dabd98e3418592d0e,0,0,0.010342912
xgboost,7d0826e188e2f2cfcbef8fd6a9e87bbc7de90af64a,0,0,0.0006299072
xgboost,7d0eedd565cf54645957d6b31efa56f3e0499a2942,0,0,0.00041254555
xgboost,7d1420ccd7bfc86b6ed2c40b5917a3f29d54d3659e,0,0,0.007891431
xgboost,7d1733cf17e5b44a1a4e4bac1025a48d35f3d0ae49,0,0,0.00034415527
xgboost,7d248977d7fb71bd7aa95bbaec58dd7a2581b1b2ea,0,0,0.0006227354
xgboost,7d29a344b50cccfe838f33c8dd85814da8eafeab68,0,0,0.051092885
xgboost,7d2a119b7aee664cf51368866c03018a0e4fed2e82,0,0,0.014667858
xgboost,7d33ccb3cacbd9811c98c6b7f65477701e168cde6d,0,0,0.0002330163
xgboost,7d38f7dbf27afd013715f8b3ae13929c446aebeb8f,0,0,0.004977948
xgboost,7d4211994ea3cfe4e0d3f06967edc54db911238ece,0,0,0.2046597
xgboost,7d429478143a78f9d02e984fe6a2803718be43265a,0,0,0.0003183587
xgboost,7d45aba801d1d22fbff0a06064dd34f477076a1206,0,0,0.00063679816
xgboost,7d47e5b194bfca9262cc407752f2672ade29ae7413,0,0,0.0006227354
xgboost,7d4db5df0a982b711c0583ebcfa5003cc285f58b82,0,0,0.028160574
xgboost,7d529786b5d3055b1ff6d5fed8eb69ffb4db591dcc,1,1,0.65877914
xgboost,7d55b6764a515c8f774c6a4af557ef080324c31626,0,0,0.00029415396
xgboost,7d5a648693e1be42ca047f0db029fd094c1b639380,0,0,0.00037296838
xgboost,7d5c14c991b2e5d934eb8caae9a72eb9a263bb6a3f,0,0,0.020047948
xgboost,7d5ffa328725441bf10cbfe251a7e82e3204013c48,0,0,0.0011728639
xgboost,7d659556db52c8f380197ab6d543e721ec50ac8e0c,0,0,0.00030038686
xgboost,7d6ce70eb678810dc46dd7368e87f550ceabda3887,0,0,0.0014350319
xgboost,7d6d21ff717a5ce407ba6fa714a6b71ccbb042c418,0,0,0.023720916
xgboost,7d6f86690bc7f128e707d48e8d8eba586f936de654,0,0,0.07896793
xgboost,7d72c63b20a608f494141d0886e70fe7e8b87e2d98,0,0,0.005197153
xgboost,7d74bacca6ddb775d3c422924ced76e20d4a6d051e,0,0,0.008079678
xgboost,7d7cea076c7b03772342a7f2cadb0a11552d87d549,0,0,0.0075805914
xgboost,7d87d8b9ff2be8016ece39dd0f7b37fd9e393562e9,0,0,0.0014350319
xgboost,7d892c69dd3ba98a2269fd8ed69d0c28c30281dc87,1,1,0.8234347
xgboost,7d8f1e5d484720532f495b2a3b220244678690f652,0,0,0.0029865296
xgboost,7da990d05e32a6db5fc9dd19e042c2ffde926d4ffb,0,0,0.0002330163
xgboost,7dc45f450453215bd6783dad5113f8274faae30989,0,0,0.0003668598
xgboost,7dd1e49e1e00725384db92a05bf3876d624cf7e4f5,0,0,0.007815878
xgboost,7dd4f5ab6fd0e73214648d36840c6cd84c12439965,0,0,0.015456006
xgboost,7dd79204d6dec4591dd92c6841f6e2192e7fca5c18,0,0,0.0006299072
xgboost,7dd8f31180762aa664c9590811e033f18ac7048fef,1,0,0.045225002
xgboost,7de257294e4f323a94edee2e6d8a6bc40f8591d298,0,0,0.38859802
xgboost,7dea498bc6fa8e8c17b194e8c8598d62f42d1ce044,0,0,0.00030038686
xgboost,7dedc9d5568543588512b1d2a4e87d765d1e4ea7aa,0,0,0.0069351136
xgboost,7df447d31a1570ce1774a0e8d0fa2e2836fddfbd9f,0,0,0.00037296838
xgboost,7df59ef1449c03d128c69156dfd061920c133a68f6,0,0,0.034143314
xgboost,7dfd7a12b183f7d88fcad2ebfcbb77241cf34c812b,0,0,0.03023339
xgboost,7dfe509248b75c08a82331eef382f1dfa8ad9f0616,0,0,0.0006486801
xgboost,7e0237af88f7cf3d25693f4280258c4f5c712a5dec,0,0,0.00030038686
xgboost,7e0b32b866378376b9cea579bd1455590a5e107254,0,1,0.65877914
xgboost,7e148e724a6cf87bae68f300baba6de9232be9625f,0,0,0.19171093
xgboost,7e1803853c3ec1e60cc83d376c1519947da79cc15b,0,0,0.0050011594
xgboost,7e1804621ab0bb993db7eba3343b7c10543fb5b5d3,0,0,0.041514996
xgboost,7e1a7e6f92135a924ffbfc8dca08c9ed62d2d78fb1,0,0,0.033424415
xgboost,7e248fb38dc544e4ba8d9ea2d14c1689090ad02350,0,0,0.00022021777
xgboost,7e271e9c69440c723a5a215f77d0417aca55020d51,0,0,0.00057926105
xgboost,7e290293be421c48036e3630c1d01d42eaea5c6fd8,0,0,0.006672268
xgboost,7e29b7d6c0164152909514a0a4b1453f508bf7accd,0,0,0.0006486801
xgboost,7e2a3cf45d2b8f19f1ea28fd388215de6a018ac0fe,0,0,0.00034415527
xgboost,7e306f12f4b541fed2a507fe63e6d7748686add3a2,0,0,0.0002330163
xgboost,7e338761a372868ba7eb28974ad156341da7bff307,0,0,0.0003183587
xgboost,7e3598971c3ba16aa3f2166252ce3eba03ff032a97,0,0,0.0003668598
xgboost,7e38a410180726f3b32459e0d7d27ae060137168a8,0,1,0.64371026
xgboost,7e3f23e38f3267714b22c6a540a5e4f6feee39d8df,0,0,0.0013066181
xgboost,7e4029066d83c17bd3548ad4a0bc6f04aa9743e6ce,0,0,0.00029415396
xgboost,7e437c783d89f5dd8eb4ebf288aaa0926d0f7396a0,0,0,0.017560398
xgboost,7e44599790206bc58c251bbb709c9ada31d5a88162,0,0,0.00042327403
xgboost,7e4b8e6779510f678697d2d9fed101a307de3b8dca,0,0,0.00022021777
xgboost,7e4f561aa4b98a1d4b6862b60c5151f9b3cb1cd010,0,0,0.13803695
xgboost,7e509efde69d4bd7475c947c220c096a13ebc63a15,0,0,0.036747593
xgboost,7e521aa0c6e59efb6a4b768d2948f58078212ef587,0,0,0.0006071794
xgboost,7e538a0fc586b801351c4fc9e9061cf17109179476,0,0,0.0002330163
xgboost,7e547f58da6aa26b5918ed575427e4d9999e9ecedf,0,0,0.022123944
xgboost,7e55c4528e6753e203c473266682c66d55c586445e,0,0,0.0003925852
xgboost,7e5abaee4f962615c37b7be99ede9f2c86558a385a,0,0,0.026810737
xgboost,7e5ba281a126d3716a252307e9eb185b22cff7c76c,1,1,0.76196647
xgboost,7e5bd9c16d861c01b019fa6f64568820a4dd7954b7,0,0,0.00037296838
xgboost,7e5ccd68209c9ba5855d8fe29093df3c5e3cf4c36c,0,0,0.0003183587
xgboost,7e5d415683bf8f44b7e400ef9d1f20fd38c7add9fe,0,0,0.0006299072
xgboost,7e5fe69493693c69d828c9703ec56fd070dbe93055,0,0,0.00062770204
xgboost,7e6260464f007fba3ebe11c216a2aafe76c3580e5b,0,0,0.0014350319
xgboost,7e754b1c6ed50b0cebf0d041350a33a2438238356e,0,0,0.0053568543
xgboost,7e7855d02d5154feacad328e8b3fe76d673dcf4a9d,0,0,0.15244524
xgboost,7e857e14ec611cfccbc5cfef4beb58b96fcc40ade4,0,0,0.0068733734
xgboost,7e857ffb423c364473789cb3f1a347e3ac3859c830,0,0,0.00086060417
xgboost,7e869429968553216bf0946ea3c3d40880f48676ed,0,0,0.0013208393
xgboost,7e8be5312b46cd372759267887148a99b9437fb7d2,0,0,0.0022030366
xgboost,7eafa1fa3c835646411a66dd12ba076206db78b51f,0,0,0.019465642
xgboost,7ec1d1c8912c389acac5e098373cc71a8d685b12d1,1,0,0.111511186
xgboost,7ec2fb8ce55709ea7b96a032be2d22dea0da36ad12,0,0,0.015226283
xgboost,7ec7a06d9927279900988bbca7c5865a3ba7863f71,1,1,0.64315486
xgboost,7ed8bd7e3347701be0ed86e4e4faa7d753e7947e3f,0,0,0.00022083636
xgboost,7ed923b895b7101685ba2ce12562cc54f4c3b9ebfb,0,0,0.33191314
xgboost,7edab142080320d559c8ea61f98d642182e013a778,1,1,0.6309033
xgboost,7edfa37494b1b72c5b57c68e2d8a45a64cb33ee3ba,0,0,0.00034415527
xgboost,7edfb914512208f36e45ecd16ae540cc66e6acfcb0,0,0,0.0011728639
xgboost,7ee9cc6fd83409ed956434d059a54b6380912886f6,0,0,0.00037807395
xgboost,7eea136b508d2a139cf709ada9462cbb202d36283d,0,1,0.65877914
xgboost,7efdf1ad73780e5f90498cc5ec3a8f435d013994ac,0,0,0.0006227354
xgboost,7f013708fc4be8b5dc6c774264365791749708a5f4,0,0,0.015226283
xgboost,7f06aa9d9f253348167b340ebcd733dfb3bcdcbbb1,0,0,0.0054252394
xgboost,7f07c286b1ddd57fccf966aa20823ad4dad3540960,0,0,0.019841658
xgboost,7f098fd5e1a4ceec8a6e73369040e98c7dfe0f8e3d,0,0,0.00078046566
xgboost,7f0eb67cb2392e1ff34d888289aa3677cc52ed823c,0,0,0.00030038686
xgboost,7f182362663d2323651e7f0c578c9fc8290fa13016,0,0,0.0003043416
xgboost,7f2c781e71dec2dd617c3cafd6d9d30f0c9774047b,0,0,0.00030038686
xgboost,7f36613f41e241f74e692811b3f569cd7b426dbea4,0,0,0.00034415527
xgboost,7f3a8739ba74345f9beea1b208bf6b876f61bc4d81,0,0,0.00034415527
xgboost,7f3faf09861aa6ac42afdb02cdafb0d79296525005,0,0,0.036747593
xgboost,7f3fc26544544af43f77b83b62229f9bfb27cfd82e,0,0,0.032224238
xgboost,7f41196154013aabd4344a810e7b2ff0db0133b3cc,0,0,0.0002330163
xgboost,7f4618269dc73848832930afde478d2fc6a7b22004,0,0,0.024599493
xgboost,7f5a829c2c07ea14b2a94711a35ddd7cdd9176c080,0,0,0.0006716701
xgboost,7f5e3d07f1cd4bad08d5a6049a15886d0c8f9c9605,0,0,0.0013208393
xgboost,7f676965039aaa87858b351a5cc33cc9ac719ca4ad,0,0,0.020047948
xgboost,7f6ef7dcb26a026d882cb6c38b2bd26edfbd22759d,0,0,0.15244524
xgboost,7f6f7cf900333bb1a4757dd4e85833af39c7bd8d0b,0,0,0.00046689593
xgboost,7f75dd5b3b1b34a95db1e747d23cbdada057dcc80d,0,0,0.00030038686
xgboost,7f8979d5791d9cffdaa574487794d7cf884c248ee5,0,0,0.15264633
xgboost,7f89b3ac688a1a52968dfc931d6b47a721f0770c72,0,0,0.0006716701
xgboost,7f8c9cd272d27087437a4ffb0c8fc914c5a50467b8,0,0,0.0047180536
xgboost,7f9076d6bec0fba319b429dee38fbd59c51791a11c,0,0,0.004977948
xgboost,7f93c677aff245dec79d47eab3d61ae3db4e94d12d,0,0,0.011111367
xgboost,7f9556a1f551a57db0927772ff443811e1eaba412a,0,0,0.008981103
xgboost,7f9a9fc955b609eab4444b06623afb9f873da5e9f9,0,0,0.00096465787
xgboost,7f9bd9994301941e45ef69dd1e7721623954b9a855,1,1,0.64371026
xgboost,7f9c0ec3e5f8ce720c35846545c3ce27ffc1a00601,0,0,0.0014972406
xgboost,7fa0c086b77817d1df2c84045c0889b882f9759c6f,0,0,0.00041254555
xgboost,7fa2a6b7ef894d70782513042ffc9182216aa0e2ae,0,0,0.00030038686
xgboost,7fab5b1d5c5d1a62772b1da9da0fe2991568e2952f,0,0,0.00029415396
xgboost,7fafa6d605343a24fb37f855d5eab2ea7b08600725,0,0,0.00069871
xgboost,7fb2723c99d88cfe9c247a11b42c5bb6f4931affb4,0,0,0.00042327403
xgboost,7fb9d3e6a5c9dc46711096c8051392a71f364679c3,0,0,0.0002330163
xgboost,7fbdb6085316de7ad9d82b925bf5532f733c5fe71c,0,0,0.029794568
xgboost,7fc507de0c8448817937d438ee520ce5b8975016b6,0,0,0.022560947
xgboost,7fc6f5f9659afe533c7c086875d555cecce4708738,0,0,0.00044057542
xgboost,7fcdaa6a4c1901fa4fc9476cd962f69bd2cc05e6cf,0,0,0.00037296838
xgboost,7fd320570968193ac3b7485a777c8a23b337d61313,0,0,0.00030038686
xgboost,7fd6f2c34ed5500bfcc7021deeac8404726f116390,0,0,0.00042327403
xgboost,7fda71b4f520affb57b288e0c1f24a5819b38310dd,0,0,0.006672268
xgboost,7fdaee156a5dcd3d5958812ccf3429f6ad6d6b6736,0,0,0.00030038686
xgboost,7fdc4bc78efe402229c23fd44769aa4e0d1408a184,0,0,0.0010099511
xgboost,7fe11c1253ceed6aa7e30ae600f94a727a0f314d40,1,1,0.64371026
xgboost,7fe248a9514fd0dd7f995be7076b3ce1ee94cde6fe,0,0,0.0006716701
xgboost,7fe61b9f288c54659d35363887dcc1663fb3a39a6d,0,0,0.00042327403
xgboost,7fef3a777dcee08a0da247b8206e35ddcd314fda01,0,0,0.00096465787
xgboost,7ff1190f1f4fceda6b15d705162bee4dab297efac7,0,0,0.0009361887
xgboost,8009f1272986282aad8ed17563c9d595fc8c77d54c,0,0,0.00022021777
xgboost,801538727dbb89f8d023361236df6edb30c15fe9bd,1,1,0.64315486
xgboost,8019bda5e206a4a39f71e54578a35d52b2553ce641,0,0,0.00037296838
xgboost,803329a26d954f5698c3f627471a7632adaab0e01c,0,0,0.00034415527
xgboost,80374ba32ccd7644832fcb735de6538e8f65f41563,1,0,0.19171093
xgboost,803cbccb12356802188b5e5f08380d46841626a063,0,0,0.059063297
xgboost,803e5eff07802e1124d88238231fe03515cd18d3df,0,0,0.00037807395
xgboost,8042512b32a3deef2f5f547e19c3ba826db6806354,0,0,0.065870196
xgboost,80427918dfc95ead6b8341a774e3a71ceec2cf5985,0,1,0.6306547
xgboost,804a3bf672002db013dfd5e06547a7c97ce365f851,0,0,0.00030038686
xgboost,804a5935d82baa33aadc5bd9460f32ff928a530239,0,0,0.005189585
xgboost,80502dd80adfced7d7e8fec64cd054cb7dc56bef87,1,1,0.64371026
xgboost,80529fef4217315b1a4ab0a2318eab1150e9422de0,0,0,0.00063679816
xgboost,8059688d2a819b64b58f4f014ef156d08129269f11,0,0,0.017308999
xgboost,805a310190abfe269c4f7a5fa1777f633b0c9bc2b1,0,0,0.00041254555
xgboost,8064806744e8f9c94009bde619745a9702ac226f73,0,0,0.059063297
xgboost,8065599f9891eb984d00a908d71175e99f5e3ec898,0,0,0.036554493
xgboost,806745634282ee28f80995e32a95f4a60cb7548e42,0,0,0.0002330163
xgboost,8071f46d86e18c6bfc67a7012f1541a1b1db46aa74,0,0,0.01557858
xgboost,807cc2ca285e9de8aa0ebfe927bbc6c4c2d3676980,0,0,0.029167907
xgboost,807ea5a12f2d7cb361803f3bfce0e7358a47b9954e,0,0,0.0003744533
xgboost,808cfd17ea5c114417496ba79db245d686d899c993,0,0,0.0013066181
xgboost,8097b7e5a1ec377fb4a8156e6178c830ee0a9a2d79,0,0,0.009807427
xgboost,80abeede92e406efa0bd210f689f1cfb7b56ac9d7e,0,0,0.0009429115
xgboost,80afd52487d18dd2b8e241db9a44c0fefff56826cb,0,0,0.0010763843
xgboost,80b1112cffe7818fe783052f23d309c7ccdd2792b2,0,0,0.00030038686
xgboost,80bbefcb195d9c6121651ba78aaabdcde9e06d1f0e,0,0,0.00022021777
xgboost,80bc300b7862bd6a98b25877958f31599ceb672cad,0,0,0.0003183587
xgboost,80bcecc3d2a594fd942f8b9bd2a13bc3e876bb76b9,0,0,0.0013066181
xgboost,80cceddcf95724ed742623947f22ff847b21c73a57,0,0,0.0145422
xgboost,80d554d7364236e17f39cd5436ddbe9521949e0c01,0,0,0.022123944
xgboost,80d5625aec0b8dab648639a316b93b3bc5e96f2c00,0,0,0.27358052
xgboost,80e1f38e2ae56a246cf3a68cdd19a5b8010ae95df3,0,0,0.0009133837
xgboost,80e2758b4b48db556810ac5deb9ecd043aadf2b63f,0,0,0.00029415396
xgboost,80f66e8f97ded1c5912e88ac6f4673cb00dc9f350c,0,0,0.111511186
xgboost,8104324a57707816cc361184234be86c0535720d6d,0,0,0.028438905
xgboost,81087dbad8c62a345704b9b4c94d721d685866128c,0,0,0.016326247
xgboost,810bdfecc269aa83cbf05a85ecd97384905456d5b9,0,0,0.00035953108
xgboost,8116ebcbc1e6dfb9aa016483df1a5fd6a4bf6e654e,0,0,0.007452481
xgboost,811f0416d46232127dbf6f6c3ab1dc1af331be62bb,0,0,0.0003925852
xgboost,8128e53fb6521a9c76876d88cb3f88a7db7fcafe2b,0,0,0.0006299072
xgboost,812ce3e325f72be3a7d34a86dbb23bf43cb9ad9042,0,0,0.00029415396
xgboost,8130d86636a6260140f0aaaf3a9294e7a29e32b3d3,0,0,0.03023339
xgboost,81317baf98396928b4151c1c4b39cb6739611a951d,0,0,0.003925084
xgboost,8138165cd349b78638c62bddd6730bc64694120769,1,1,0.6022432
xgboost,813b5a239b6e340ba2938bc5cbdc32f920bdc967cf,0,0,0.00086060417
xgboost,8141235d7635e477413e3b4dd02c92b53e4a3e348b,0,0,0.011115743
xgboost,8146281857c42318690477a3bf24e92796787f3d34,0,0,0.007891431
xgboost,81504474bd119dca965e5f3e599914fb4de87c8de9,0,0,0.00034415527
xgboost,8154ed49c77ffe11d3aeaee1c5fe763f40e8f842b1,0,0,0.00044057542
xgboost,8161a71223c0ffc512af5d962f8373d2e6739d820e,0,1,0.81158566
xgboost,816f16bf33e8bfe78aa1fbb0d1180474f263c9868c,0,0,0.00044057542
xgboost,81705513d963c86431c1db6f9df8f3547336fcbef2,0,0,0.23849966
xgboost,81822232439b10e35dcd5b4344f34a497f67436509,0,0,0.022123944
xgboost,818268d78e3f31c3e966da1e889f64c1dcedea0fa0,0,0,0.16246068
xgboost,818d60e6c0a5f8481ff649cbeaba4d8e5cc07e83c5,0,0,0.0003925852
xgboost,818dfda65d0dc473f58d320cc129ef65572f0c3219,0,0,0.007891431
xgboost,8198374b76e62acc241d5b52b2c19237be318d0604,0,0,0.025427664
xgboost,819fbe672f19f98cbfd73e142504e68d5cd5c415d2,0,0,0.028160574
xgboost,81a2f99d3cfb9a5e8aed22c9db15833b1cd4c63bae,0,0,0.0145422
xgboost,81a70d6bd9d39680779de9da5ffb9c7139ca1ee283,0,0,0.00030038686
xgboost,81aaea8c08c0cb1fb289735f3a1fbf289dca3de7c4,0,0,0.019230211
xgboost,81af9de7eee27de15e8a1aa0f0f7148e393ecc93a1,0,0,0.001583293
xgboost,81b22efd6b6e50e02ec81446463e1017941bdfd867,0,0,0.014667858
xgboost,81b3b82a4b879700c02ca50cc03d96a2ed7b0706a8,0,0,0.0002330163
xgboost,81b779a25783444e4035d2e24d5ae976da42884846,0,0,0.0012346779
xgboost,81b8812e9d93cbd7149b7e4c8d42dfe80ea7500010,0,0,0.03023339
xgboost,81c257f1ff7fcf80df6cda16586c2ed4f359951dc7,0,0,0.0006071794
xgboost,81cad7f70e74a8384d7c285cea38c2f7b71af057cb,0,0,0.0003744533
xgboost,81cbbe031f85e2daff3800c66131a90b792cc91a8d,0,0,0.12780893
xgboost,81d1345f6bb0c731e4f1899115b64864c31c988324,0,0,0.00035953108
xgboost,81da9ea491a430c67f4482f14e7115e415bc59d37c,0,0,0.00022021777
xgboost,81dc075dda8cabee22e25865e028179119ca7be324,0,0,0.1743588
xgboost,81e34c90401774eb5fab9964faefdc10be1710bf1d,0,0,0.00042327403
xgboost,81f46cf2490ba8580834c84af14b78a6cc39669441,0,0,0.13803695
xgboost,820687a18739d11b54fc94782d64d625ee4515165a,0,0,0.0720398
xgboost,82078f9e011bcd486e8b0e5b3a2baff81eea319fd5,0,0,0.00062770204
xgboost,82124f7d6a5adfb3260535c7a189732afa7535e413,0,0,0.0007948035
xgboost,821ac00a9ac5cd1328bfb430c5926a3f61abc142b4,0,0,0.0006486801
xgboost,8220dfa142ecb7ca5faa6912513154c404f6e53e6a,1,1,0.6309033
xgboost,82289bce9155b7170687e3c577154f6743f2bf9c3b,0,0,0.00042573095
xgboost,82298f9ee4458e70e5676bc12a366a60f39ff5990e,0,0,0.048636746
xgboost,822b2604e8d2def55ca94fee1359192fa22eacf245,1,1,0.6306547
xgboost,8230a556f246b599cc0270d99a0336b58118c3b16c,0,0,0.008079678
xgboost,8232f1534393a158642a405171454a50326fab73ec,0,0,0.00041254555
xgboost,823bb024346296889b6c70556e91fc22a37884101d,0,0,0.0009881387
xgboost,823c8e86ac893b3fac15d1186bb6e46db27bb459cf,0,0,0.130111
xgboost,823f3622dc898707678400ecf9aa16185b17d8f71d,0,0,0.035440907
xgboost,823f4ae965f4ff821fae097f30064bb76120a81c96,0,0,0.00037807395
xgboost,82428bd3f8c3715cdcb01351cc9efd83ea2470cc93,0,0,0.13653083
xgboost,8248bd2357b3369eab8b91c0ffc902a5481095bb91,0,0,0.0007948035
xgboost,8254b5e0e2b93df4c1cb30a586ca977c7eff476ca8,0,0,0.023674697
xgboost,82652e5599b12b55d7c7bc461dc9e2f33e524ddfdd,0,0,0.010306311
xgboost,8265b2234b7940873b44b2b3e945c8c1a273b99882,0,1,0.64371026
xgboost,826c683e953bac112b35d0432065f8f862fbcdac98,1,0,0.031720858
xgboost,826fd5034b63bc1123f2b89283bba3894deb62aaa7,0,0,0.00041254555
xgboost,8272186d50d4c6e42bc84877359b1fc0c11d050eec,0,0,0.0002330163
xgboost,8272b36514b111a19a4dcece12f51be894db3a729b,0,0,0.028438905
xgboost,8278c4658d7458abac47ee36ccc5c909ac0eb9f83e,0,0,0.00042327403
xgboost,827d80149cbddb87d6e1957c07fffbc22f186cdffc,0,0,0.0006299072
xgboost,827e6f5348beaf985eae3b7575a50562a394153349,0,0,0.051092885
xgboost,8287ece3f09428561682cf73e501acb71c1a42f460,0,0,0.007452481
xgboost,8288a141046c791217dbe45452e3b66df64df05450,0,0,0.012118747
xgboost,82926f169ce50eae05ce0bc083b3b577d8ec6f8b95,0,0,0.010854048
xgboost,8293ef9d850e4978bb574264d23d0d87b1da79cdd2,0,0,0.00022021777
xgboost,82960003d8e146ccdf1b0d0daabd3ece4be84c6aab,0,0,0.0003744533
xgboost,82b0dbf7f22b74a1db02f76d127426db7df1089089,0,0,0.0053568543
xgboost,82c547d44f296f5806eaf1f5bbad5a10f918a040cc,0,0,0.0006716701
xgboost,82c6de59dc9539f3b6beb94fb07b01a418f2aade3c,0,0,0.0002330163
xgboost,82cb460c7026a6a25489265668828ca56a9a920b6a,0,0,0.0007948035
xgboost,82cbe023f83101e86370231840e55242f5597eda3e,0,0,0.0003183587
xgboost,82cd2f36e0ebfab648e4622334a6f3c1096d1585df,0,0,0.00034415527
xgboost,82ce154453de7868708224343bc1119b35e4a9094c,0,0,0.00037807395
xgboost,82d1e65de582c7d86e1df35eb18da6e46fff7291d1,0,0,0.0002330163
xgboost,82d7991b1a4f2884a8f6aa83bcb808461ce56caa40,0,0,0.0006716701
xgboost,82e0b62a07299d8db89145ad111e901ff234954309,0,0,0.025876993
xgboost,82e1992e81197872d8bbdc3c6bb9645fa0e8de564f,0,0,0.025427664
xgboost,82ee06302d05164e2d42d077bc68156529929b504b,0,0,0.20370762
xgboost,82f0f84975d0fab5e44652a38315235c5f675c7748,0,0,0.00037807395
xgboost,82f702cfa66504952b75643571bc37b03452e3ebcb,0,0,0.0010099511
xgboost,82f7d3999696a25847dcb8dc22c76062e4621c18e9,0,0,0.035800178
xgboost,83028af65bf928253b426b0e12ccb32a416983eca3,0,0,0.005607715
xgboost,830298e8dc4d7cffa6c8ca140cd117da2bdd0f1c86,0,0,0.01537847
xgboost,83050f97f12ba0a1b7b68ed6b53842756cade23730,0,0,0.00086060417
xgboost,830632c9a3185cc7e03daf35840a6489e6d049a385,0,0,0.047430243
xgboost,83079b1400eceb3f6ae8c7f3757c5539beeebb8369,0,0,0.023583846
xgboost,8308d87c38e7168d7e64e71926150ba3566f933597,0,0,0.0006486801
xgboost,830cf60aa9a90e8cf6f3b3d75a9f0a84da5288265f,0,0,0.14665343
xgboost,830f9338eb688d249891005bb0db81d38246d781b0,0,0,0.035800178
xgboost,830fb6378ecb64aadf7cb761d091e2a0992514fb77,0,0,0.026810737
xgboost,83168c768870d68275bcc7e1b0a421dfdf16340821,0,0,0.0003183587
xgboost,831fa2fdafb174dc86954128c7ca9c385f11752e00,0,0,0.0002330163
xgboost,83267e5d9d66cb07a720d005ff7fe558c038ab8efb,0,0,0.111511186
xgboost,832875f85b73a1d6a48d549f6f15bd3dd975e7d0a5,0,0,0.0720398
xgboost,833369625ee78f88e2134c886504ce9bfbab47da14,0,0,0.00037296838
xgboost,833732319aa63149870b82845258e5bb49f5a31233,0,0,0.0006299072
xgboost,833c0c851ec0cfa8a60066c8989cde7c01278cbc21,0,0,0.0075805914
xgboost,833dc955cc6e272f5c6129cd5e673d77a60ae0634c,1,0,0.2909299
xgboost,833fb3491eeaf71d6dde670e4de696b021ad45b998,0,0,0.00022021777
xgboost,835029afe11043a6a759d5acf40c60399c2d058043,0,0,0.00063679816
xgboost,835a4ec68c3b0fc456a34690064cafcea7b979b3d3,0,0,0.0002330163
xgboost,83628acf8ecd94967e65897156bbaf9c1da941d411,0,0,0.00022021777
xgboost,83657bc65cf227849e53c30708af0ee12e20bcafc7,0,0,0.0068733734
xgboost,837945100067580abdde28fc93c40a790766a5565b,0,0,0.01190468
xgboost,837acefd68f854e7122505c56893c92b904a7b3706,0,0,0.0009133837
xgboost,837d1fdd3588b9ecf22d35a4be1fde9bd5db8f37f1,1,0,0.00041254555
xgboost,837ebea7ad2f6a633cbe91ad7369a7b4da8003bc8b,0,0,0.008079678
xgboost,838703fa546db53b724a30811f2f6ad8696f0a9ff6,0,0,0.0022030366
xgboost,8389f38241be58b4db3ea366b3acd689b109042cf8,0,0,0.00037296838
xgboost,838c8f3c43f882c656bf5488ce2c7c4f2330db82a8,0,0,0.2046597
xgboost,83973f894934d4aa7a3e74d75401c2baeab3514450,0,0,0.008981103
xgboost,83990ca2b4079e5d2318efcd26c800b250b6b8fbed,0,0,0.0006227354
xgboost,839ba9eb52c79f8cbcb2993e6679a13284ebcaf8fc,0,0,0.020755315
xgboost,83a0dcbebc3f1960408fdaec2a03bac4261ba0725d,0,0,0.00037807395
xgboost,83aa7ee6512c9ab5fd74de34f78ec91cce0f54f5fe,0,0,0.02823384
xgboost,83aa848d75666015a80da2f56e3aee9fdd5daa17e5,0,0,0.028388172
xgboost,83bd952c2c9302355f7a44f4ebb6a491bd699c7340,0,0,0.013479265
xgboost,83bf53f4b91b9d2fead379a3a96186547b166f4609,0,0,0.00046689593
xgboost,83c3922be3fff7a7727a52a9eedee09fe00742ed2b,1,1,0.6306547
xgboost,83c6e1ba04a23eefbc81e98121ddafc76984d71502,0,0,0.0003183587
xgboost,83cb532a8ecc2a74f54c700615646a7ef202ad67ce,0,0,0.00030038686
xgboost,83d0ab271adcb08d300b8097287adc8cf653be5816,0,0,0.032415178
xgboost,83d45ccc6ea5bcacbbb247a5f9bc226e4b4eef9d8b,0,0,0.031025434
xgboost,83e613853117f5cfcbc1dd2f17821e84416ebe53d1,1,1,0.6306547
xgboost,83e641476a3b3cecc5a6f107b5aa7e522f2e582412,0,0,0.0002330163
xgboost,83f2cfb8d22b66e134437dba0e3e2f24e34cb7d2fd,0,0,0.0012346779
xgboost,83f67b6dff132b254af3afc1b9ac166b30f81c2393,0,0,0.022560947
xgboost,83f6bca93dd761f7e28eb7698ac5a3e57936469d61,0,0,0.2611296
xgboost,83f776bd0aa36bad6fbc770e2c968c1a2f1a69f5be,0,0,0.2909299
xgboost,840468d2b2be52da77bc128b2f07c57b149ace2c2f,1,1,0.64371026
xgboost,840cb813293db548e587a0947b900ee355311fe635,0,0,0.00042327403
xgboost,840e3fecd75b70fbeb4a7ed64377e152fb48d6ef24,0,0,0.0006486801
xgboost,841044d5a1b86436b4fc4d68cc1f709ece2e9a0668,1,1,0.64371026
xgboost,8417719f0db1d41304a93699eb1483e9013699c527,0,0,0.0081455745
xgboost,8418b50578a6e7776695748f05e4b9ecbd8101202d,0,0,0.032224238
xgboost,841d342410a5c3a23d66e20fb12c846b9c6b17b535,0,0,0.15244524
xgboost,841f2834357f1fc4bc2675f85bf7856d57a0e78c1e,0,0,0.00037296838
xgboost,8423723c6887dffbffc8b6a73218269421e9bc08b5,0,0,0.0006716701
xgboost,8433b4eb3d42ebb2958bc11df7f8ce1035ea72a2a5,0,0,0.03669534
xgboost,843dcb0682b15f5044dcb360eb76ce0d5860c942d5,0,0,0.00046689593
xgboost,84402250aff9c13c7a1102a9aafbf4572fb6d538a1,0,0,0.009873061
xgboost,84456d36883f8b83df075d450f48672e47b3dea344,0,0,0.0003925852
xgboost,844e2c39219734d700dc257c61612c3c07d65b41e3,1,0,0.23849966
xgboost,845169e13745fcfaf07a13af6967933d811043a340,0,0,0.0010763843
xgboost,84533e91a308a815d157cc001879d5aa30459be185,0,0,0.13258594
xgboost,845586e71992bafd5e318cf05363647c68d0515881,0,0,0.031720858
xgboost,845b2a6bb01d66a515348d3834c8323fa89d1952a7,1,0,0.33191314
xgboost,84620d20179c1ef93785c58d6adaaaaa9411d12e50,0,0,0.031720858
xgboost,8463f5af0f6c9dbb548e1c6800de512c9690d8028a,0,0,0.00076474703
xgboost,84653536dbccf2952505ce5ff4f7d18baf3ef205e6,0,0,0.00022021777
xgboost,847fc134d4ba268a5ada1f07e0e33c370b44167932,1,0,0.0002330163
xgboost,8480d41b7d27acbf0c364782b4dcb70e836b0daed9,0,0,0.00034415527
xgboost,84830bce44ede94e2dd2a9e2b23bc4ae6966f178b5,0,0,0.27309594
xgboost,84872c06e7aab7f14d7dcd4ee9527621e1d719bebb,1,0,0.24505952
xgboost,84982a7d66c27ff74a2dbbb1dbaf692cc1f5004280,0,0,0.00044057542
xgboost,8498c2d8dec515481f75327944caa7296303f76f5d,0,1,0.6306547
xgboost,849dbe1f5cdc10bf7adf19a69d74d9347b34d561be,0,0,0.021266634
xgboost,84a37e62775533d9578795b88d20fbb1d8624eab8c,0,0,0.017810369
xgboost,84a660dd620ff1686bbbcaced7fd48c42b461b9948,0,0,0.00034415527
xgboost,84ad6e94a26fd0c734c378368487cb9db5e255df4c,0,0,0.00030038686
xgboost,84b1121b50e79f08dccf6be833c37a145315bb741b,0,0,0.0006071794
xgboost,84b459f37c32c3520ebe31580678994c355bce43f6,0,0,0.27309594
xgboost,84b8779c79e73edafe10b06ce81ed91d9c6328667e,0,0,0.021266634
xgboost,84bddd0547ea84b99c298db8acc2e50e22ba3b6787,1,1,0.64315486
xgboost,84c53bf6012f13cec3bc2872004102d277df546e29,0,0,0.0002330163
xgboost,84c7f6cfe0c7c8835885836a931f654256d9b89980,0,0,0.00034415527
xgboost,84ce5ec1b08de7a016ad404fb8815e01f9c29073d6,0,0,0.0006071794
xgboost,84d2ac795c63e42f1b0f56f14c96db314ecf3ccfdd,0,0,0.00037296838
xgboost,84d45e7d76b2c51adcc75ae7ed1178033944a9ea98,0,0,0.0011728639
xgboost,84db3d6533eb25be5b2de8ff7dc3252efabb1b4370,0,0,0.0003925852
xgboost,84ddcbee7cb6ec8c531864973ce44b2f9f52f23e70,0,0,0.0075805914
xgboost,84e6fe7585925bca72dbffe2b0fc608539eee93a70,0,1,0.6306547
xgboost,84f22624c94bb6a09e05ad0f68f584dbfa3ea8dcbc,0,1,0.64315486
xgboost,84f5bee57da9cac874be0a3b1a6a931432144f710b,0,0,0.0054252394
xgboost,84f8b417c2d6d65bf24ef73ffa41ce9e1f37ead84c,0,0,0.022123944
xgboost,84f99e107137a2011e97cf04fdc49142ed516a2b0f,0,0,0.00030038686
xgboost,85046c88a838f678ba6ebeb045f791f664c1dd4897,0,0,0.14127648
xgboost,85102cbe0aa5f0aeb2cf33d72bf9e00a50f36c2fad,0,0,0.0105177555
xgboost,8510601f400b13a8d4ae53d9f482453b2b898272f7,0,0,0.0075805914
xgboost,85131214901d5f86da80e8d996480f20957adad6ba,0,0,0.00046689593
xgboost,85147512d003fa9b5ec997da48ece2909750162137,0,1,0.6309033
xgboost,85192068f4c058be5b71f9efd09407f88f3428e795,1,0,0.33191314
xgboost,85263cdcb35d5c0b8e8b1a9b6a39f95848c2fed3bf,0,0,0.0006486801
xgboost,852a0ae164a7c6a2ca264af8ab81bdcbe7b270794b,0,0,0.00034415527
xgboost,852c537756343adb2592c27bbe04c75a1ca99bd2c1,0,0,0.00046689593
xgboost,852d3073c4f46c3a45516dbf1449e734dd503a4f57,0,0,0.0022030366
xgboost,8559b99d6a69e7412f1962167b89ebc6b87689412e,0,0,0.005189585
xgboost,855b314f5f6a2e845cb487178cc2488aa675260d3c,0,0,0.022123944
xgboost,855bdadbe7bfbbd3a508891781375d283156c701b0,0,0,0.051092885
xgboost,85650995579b41dcb178a1a0f21084281288cb850b,0,0,0.021266634
xgboost,8565e6b78e92a67c1872b4105bc49d6b83aace347c,0,0,0.00094434194
xgboost,857147093c2d4b6b35451b12843750b396d75c1e34,0,0,0.00030038686
xgboost,8573979e85277afad61806640c15db001e7efd4914,0,0,0.0006071794
xgboost,8577affff8976ea22e37e501fffe312b3848bf1178,0,0,0.0071041905
xgboost,8578ec7a9b6cdc7038e3ed54f98aa7666c58259f02,0,0,0.007603714
xgboost,857b5c4857a406be63f1b64c9831949b8af205d076,0,0,0.032567263
xgboost,857fb182a7fc379dcc65eb1b9ef11b33fc92f11dbf,0,0,0.025427664
xgboost,85808b0f47eb2d70b460bd75298943bcdad7906667,0,0,0.0010099511
xgboost,85810fad234834a26f4ab1687347035ee2ee505173,0,0,0.00029415396
xgboost,8583685651786739a5eb61c39571900f7a5a521b1c,0,0,0.111511186
xgboost,85878596cac9c3473cca3b081f1609ec10613e5861,0,0,0.018812409
xgboost,858adab71069c2ce7966a60257e950c520b5256bbc,0,0,0.13311212
xgboost,858b3fa03e2acb85576f08bfef18633ab4059fdda8,0,0,0.003925084
xgboost,8591244e2d902c918cb6f5875e8412e880ee940c12,0,0,0.0003925852
xgboost,859dadc342e5024fee7f5304425e940bddd0017ae1,0,0,0.029794568
xgboost,859df24a75e614fead7f5808b6f78e660ce05d2b0f,0,0,0.07730112
xgboost,85a55dd2aa4a7288a75d032a7f3be3878fd4c00b53,0,0,0.00041254555
xgboost,85b66fac1eb4e478ac0f57a419bf70ad5cedb43cd4,0,1,0.64315486
xgboost,85b98dc1edc2cc3b53339dc452def1caed4a3a5c1a,0,0,0.00030038686
xgboost,85bb96bc08a85abdddb2f5a868eeac1b86d49ea207,0,0,0.00030038686
xgboost,85c06d508369bace8abf4cfa9f9ddd70d0de190341,0,0,0.001583293
xgboost,85c4f8a3b5d7a87cd12d95823d0bdc1741ba7af16f,0,0,0.00034415527
xgboost,85ca7d8ccdac55fbbb51dbd7f2bc2366be205c3932,0,0,0.00034415527
xgboost,85cb338980b6032f29db6943e94cce0c029abdd121,0,0,0.10867284
xgboost,85d96b023020f9b05e5c712a0f3c39679c46ceb694,0,0,0.005189585
xgboost,85df40efce844d57b1325e4892164db15c725f01ed,0,0,0.0003925852
xgboost,85e35256594eada88318dbddbf5249ee7af6abaf04,0,0,0.023674697
xgboost,85e8f26fa797c72087deea47207a34e37207fdd4ef,0,0,0.032384146
xgboost,85eae4c1c3fd1493371a268db98f284f1335ec7004,0,0,0.0003744533
xgboost,85ebbfb56fa414fbd055ef319b700c6a6b2dc1dbe1,0,0,0.10463009
xgboost,85ed850a768c49b096f69a53b9c72397b87fbc30d3,0,0,0.0076226057
xgboost,85ee78a77d8685b3659743530baf5c837bfdf69f9b,0,1,0.65877914
xgboost,85f018881bfa8062481d4e2646da4c2afdec83936f,0,0,0.028863749
xgboost,85f69de1b0a170813e0d9503d125c0e7c3482633b0,1,0,0.15244524
xgboost,85f89da0bcc69b65c86b3ed734e2f4560eb36a0cce,0,0,0.111099266
xgboost,86008cb013c6f27006cf5cb02d10ee1db800eb3a6a,0,0,0.028290404
xgboost,860641394c69a6f608fba0535d9d6f18e99539db62,0,0,0.051092885
xgboost,860880f4071ef73510d65da8f246f9ee8ef2bba78d,0,0,0.013584213
xgboost,8617ee73a6869aa2c4e1e8d544972b36c7963563f1,0,0,0.0014350319
xgboost,8621dadeffe4f40c4801f40b6e38873f0507e17030,0,0,0.00037296838
xgboost,862881f0aef59d1dafd40c09bf4fb56950aecb89a3,0,0,0.00042327403
xgboost,86347d46ad73ea6b55b5378b784e49554d367d6be9,0,0,0.0009429115
xgboost,8636401f0619a546c069c5b80da83884ac1ce6c27f,0,0,0.0010099511
xgboost,86423bab909660c35b34f8736e2bb9f4316b777f20,0,0,0.003925084
xgboost,8646d8b8717fb3f19c38a4a6835062f387b684662a,0,0,0.00046689593
xgboost,864d18e7eaa4926b28bc40cc2bdc5c303fb5691689,0,0,0.0009429115
xgboost,86500997c643c6ddf5b439edc872acd9c48ffa431d,0,0,0.006672268
xgboost,865145ae7ea5955b58fa544e96e7fbda4eb1d50582,0,0,0.12780893
xgboost,865985f0a0b5ae585cee8597277c73da8a90ee2b6c,1,0,0.27358052
xgboost,865d47ff24cc3e3b0be453bc25a6026e941ebba3f9,0,0,0.00046689593
xgboost,8660642129fbaef4d1e0f2e170c104490c196b2a35,0,0,0.003925084
xgboost,86627fee40a649de152e21f9ba6b21ec8a0825ca61,0,0,0.034807306
xgboost,866aee76f4ac0db34f03f02fe41a627cd83515f7f9,0,1,0.65877914
xgboost,866e1464f553fdb1488461bbc25ba86a666ae99b05,0,0,0.0003043416
xgboost,866e6cf754cf8e731c802530f667fd78044e08bc23,0,0,0.035440907
xgboost,866f381974e44e75c87f486e8b375aff1a893a4f34,0,0,0.025876993
xgboost,8673ab2027890c9d5f246b32d6a028d8431d77e3ab,0,0,0.0003183587
xgboost,867696c4ff7dc265ab79ad91834f72fbdd1b592077,0,0,0.14665343
xgboost,86810b2a517bc617dbf63256b0bb11b641b53ea4c3,0,0,0.00034415527
xgboost,8684414da07f89668a9817f10897464d8f26e47ef5,0,0,0.034807306
xgboost,868bf3b8c69cda993a4d6b5249e5eb6e2133a12799,0,0,0.00035953108
xgboost,868f4a6caf4efd016435e5fab1cc8a1f5e493f76d0,0,0,0.00063679816
xgboost,8692d0b1b0c91315650e0e3e4edfd87e2d6e2190e0,0,0,0.00029415396
xgboost,8692f97715a507e058cd561b7e4683b1650813de99,0,0,0.021064816
xgboost,8694acd867e13f75ee5a6fdb5c26345e03c9b4e9bc,0,0,0.0009133837
xgboost,86965d2dca707160fd58958bd0c276b4710ed0f1b7,0,0,0.0006716701
xgboost,86989d78422b8bb9679f6edf9e99f3694b96475c16,0,0,0.0002330163
xgboost,86a045e0db6346e33db37aeea98a5ea18f4f5da6b0,0,0,0.0003183587
xgboost,86a1c63558c470440763bf38762ff25db7d8ef3c23,0,0,0.013926448
xgboost,86a3e90e1c9fc1867ab68aa5d96d2414806952e5b8,0,0,0.0002330163
xgboost,86a47e8b0f29bedfd6d710466af04036d399c6e21c,0,0,0.00041254555
xgboost,86a899f3a9c2134bad3b1b65265fddcab5154b5083,0,0,0.017295288
xgboost,86a8ba06f6e5ef5390cd6ff523e275ee8c07942541,0,0,0.023674697
xgboost,86abcc242bd5d4f6888f309b39ccb561aa99478d04,0,0,0.2046597
xgboost,86ae424df8c081c72fbfb679f72f854571ebd844a0,0,0,0.00063679816
xgboost,86b41f3bd2f2a5aaad623a5a057bc74089235a5eab,0,0,0.002365846
xgboost,86b5b32fab6d78fea1d0864aa78a81b1e1ee2856f1,0,0,0.005607715
xgboost,86b846e819fe3dc77a819287a84c32d8b2de5a93b3,0,0,0.00035953108
xgboost,86bd8175e07028cfdd7797fd522bbad0f20f020b76,0,0,0.10463009
xgboost,86d49e1b71636a33a722e07cd519abc0060d82300a,0,0,0.0006716701
xgboost,86db2b98232a1f4e48050e8e3bdc29aa52020457b7,0,0,0.0003183587
xgboost,86dcd81b6417032642a5ee8460d0008ec945cfc81b,0,0,0.23849966
xgboost,86e8a06e0e3e4c9d045322682b6e4f63716b88d986,0,0,0.00044057542
xgboost,86f003e0fb50a4673cca562381416dde33f8dac7d8,0,0,0.1394689
xgboost,86f42dc04bfb51806e35f7bb284b556302b90076a8,0,0,0.0009429115
xgboost,86f64e2fce5d67c880f1d220f60205d26692ae9e6d,1,0,0.028863749
xgboost,86f659db2b4d5f5d94e4745c08ab8739076c337296,0,0,0.0006299072
xgboost,86f675db328d563d9b4567cc20df44755d9f4a52d7,0,0,0.026810737
xgboost,86f783724b7263637cf110765074aecfcc1d37af47,0,0,0.00022021777
xgboost,86f970420667578e568e39ef290218be661cf38d39,1,1,0.65877914
xgboost,87023ca2fa8dccd9dfd919509339f4344fab32a2e6,0,0,0.00094434194
xgboost,87083b782b58914d1d515cc65aa3fb57d89935ef7e,0,0,0.2046597
xgboost,871160322fba1abc9c7dca4ae8b9487ead24b776f4,0,0,0.0006716701
xgboost,8717c57a6e5cbc1fd9cd5482c71d5f62106dedbb95,0,0,0.00096465787
xgboost,871ae00391c965049d26d44be88f98341aabaaa474,0,0,0.020649059
xgboost,871b2818243a6a85bb4dd485075117217927362dc0,0,0,0.019465642
xgboost,871e4f46c69b5dd8456317a08c607ea505606edd60,0,0,0.017810369
xgboost,8720d320a47963f011447795d5adaa37ef0316f465,0,0,0.009634344
xgboost,8722ec379c7b496e56e092ba711a25d99432eb1df7,0,0,0.00050622347
xgboost,872af9a5d3df6293c6a1b128ff88771976db3159db,0,0,0.0003744533
xgboost,87487848f59a28aafee5b62c2755d4e6871c02ef86,0,0,0.00029415396
xgboost,87568da0599c2006e0d13ce79535820eb2ac233ebe,1,0,0.20158969
xgboost,875c0bdc2956a487fd383fb909d4c3678fecb59c0e,0,0,0.032224238
xgboost,87634296a40cbda8a303da420cd83bb602ca6937d4,0,0,0.0002330163
xgboost,8767dcea2e05a86024a6496b91d9dbd005baa0f949,0,0,0.0011728639
xgboost,87838421429482f7b4f0ef6ae3c0e337fb0fa884f7,1,1,0.8234347
xgboost,8793d0d7de6baec26ce91685d67b195f66a1b4ee87,0,0,0.13803695
xgboost,8797daa22749a4b3221ab35f40a814cb65535c54cb,0,0,0.002365846
xgboost,8798958b1e4867cc1e205658642af59d8def372db5,0,1,0.64371026
xgboost,879cde881fb5c880e1edeaba076dde9da8dc24ee7b,0,0,0.032224238
xgboost,87aa410041ae1b3ae2e856e5fa697ea5de8e214bde,0,0,0.00027319163
xgboost,87abe9ced689fb8a23197be3f025e70e84ae957147,0,0,0.0105177555
xgboost,87badffda61a82c3381785cb6882fcc92779c7b982,0,0,0.034807306
xgboost,87bb4f89541298d59a410e78e14c1be9590946f50f,0,0,0.0002330163
xgboost,87c3015109e99a39dd1bd969aabc0e13d76c713b38,0,0,0.00063679816
xgboost,87c41fc46dda6c2cf63be4bdd8ecda4660a0d8d940,0,0,0.00046689593
xgboost,87c54226dac48f4b0c1ba06a07bcb69290843f0ec3,0,0,0.019660987
xgboost,87cf66bb0bfef902535802f47e3ec22ca8e82d6b97,0,0,0.33191314
xgboost,87d29aa524dca8413845b5b9dc40a1165613f8b9e0,0,0,0.00086060417
xgboost,87e502974578e578cd246ff274c08b819a24808b92,0,1,0.64371026
xgboost,87f9ad44144e10a2500435d7dcbf9bef4a8a729ee8,0,0,0.028863749
xgboost,87fb30d29ddc8ad5abbed91794655e0ea8c0959f40,0,0,0.07525418
xgboost,87fda95734d77da21ebb4a9a0ae18ab02ae22f40fd,0,0,0.020047948
xgboost,87ffa5e427116edca5a6e08a099d7615a4bf842514,0,0,0.0022030366
xgboost,88055b605e306cc43ad1ccf89f1a86ed26689fa357,0,0,0.00037296838
xgboost,880722e47a3713411f1eaaa19552d3ec01aa48fcd3,0,0,0.0002330163
xgboost,8809d480a4cedf06c5f6b9947080f38164e8bc6b4a,0,0,0.022123944
xgboost,8809f5412516d3b44b1e3855cc3d9fe0eb57c3d1be,0,0,0.00034415527
xgboost,880baa41631274fa5a13746f0361a3cfbe21cfd906,0,0,0.00022021777
xgboost,880bf374d394e13b2497c92995b2239d5395323726,0,0,0.19171093
xgboost,88120e4f0f42190efac5ab19afccaa3efe2c137eaf,0,0,0.029167907
xgboost,8812aeb06f7e7f8936390bd789be995a0645eb6070,0,0,0.00086060417
xgboost,8818396976b1b918ceb7a0abc909d2d9d8766a262f,0,0,0.00030038686
xgboost,881a7f9420324fdd4f7f4cfd3e4aed0fa514f54a4e,0,0,0.02564824
xgboost,8820a464b711143bc4a56d2786a5077a5a8fe23558,0,0,0.0014350319
xgboost,882616f8a3715199b07dd758ce60fc8acce576d164,0,0,0.0003925852
xgboost,882689b7026c1340372511e2d57a1252ba6fea5309,0,0,0.00037807395
xgboost,882b861579cae139ddc0ee9d519cce5167fb2c5626,0,0,0.00044057542
xgboost,882d210972ce861d3b22f35024c7f7e0c3c8fe150e,0,0,0.00022083636
xgboost,8831f079d354e5fad61414af7ac3f8f51e2116fe49,0,0,0.024125759
xgboost,883785ba166a13bc7de317c8fdd8a4141d5cf4b3b4,0,0,0.0003668598
xgboost,88391cf5c64d28ad79160c122cf0711b00f7992a0a,0,0,0.0006071794
xgboost,883ad526c7778a963a1df56d7f154e452d6b336855,0,0,0.029167907
xgboost,884468285ec19b53c38565e71ac36f6c2aa494c6b8,0,0,0.0003183587
xgboost,8845ee6d29a781ccb034e6208107527a969870e8b5,0,0,0.0029865296
xgboost,884b04dfc3755e9e1658c79e8e4264c5c2154a5671,0,0,0.27358052
xgboost,884b752e8adf2a49f5b712c794f88042734019b5bf,0,0,0.00041254555
xgboost,884d47699a62ba72eac952ec2b2002b889ed3b7800,0,0,0.12780893
xgboost,884fbe5f99f16d17afed3bb830cf8fa9f25fa8d053,0,0,0.036837205
xgboost,8857d6092f58763cb07fb2aeb17a8997dd792a60d6,0,0,0.029167907
xgboost,885c41a5541ef83c07342138caca864ee1e64f715d,0,0,0.03023339
xgboost,8864b76cbf8e3a3efaff9e4c75aff19c873803888c,0,0,0.0013066181
xgboost,8869664c2fd68b4df2b7188137673bbaa2b73a66b8,0,0,0.00076474703
xgboost,88740f867d8c898dd1fe6e417996a70cdb7b5a5bce,0,0,0.0053094267
xgboost,88752d5c7c74046012d4d464f653cad32f9517fe20,0,0,0.0007948035
xgboost,88765d294299f810e7e31ba9da73ba7ec2ea554e2e,0,0,0.0057338746
xgboost,88769af12cebeb73ce00f5a3bd510bd51a11787977,0,1,0.6309033
xgboost,887aa72e228ec724ee38129ac7a238949e3932760d,0,0,0.013584213
xgboost,887b9aacc02ab6ebc750bed7e839fb0d3d973bc9e2,0,0,0.009873061
xgboost,88865771822df1b37c4b821a120d8a494b311da8d5,0,0,0.00044057542
xgboost,888f53f4512f415d31e5b11dd165ce282339494072,0,0,0.14665343
xgboost,8890574019396b8638d8ef1054d974863b17a94713,0,0,0.0081455745
xgboost,8890c704b7a3c9aa3cd7b4159bd9910b100eb54417,0,0,0.0003183587
xgboost,889437a4ebed485de7ff85402e0c807deff0bfd71f,1,0,0.23849966
xgboost,8898d1399ceaaabcb2906439eb3889feca4572396e,0,0,0.00034415527
xgboost,889b73be8db866ff2276427bbbc494d69b89b9328d,0,0,0.036837205
xgboost,88a309dbe6c22c9b7b61bab2381edb5ebc60725de3,0,0,0.0002330163
xgboost,88a640956983762d9b97d670224912f60f69da3d5b,0,0,0.0006071794
xgboost,88b038fd714e59c6070f97149cfd87518c6e1b99a8,0,0,0.059063297
xgboost,88b1ae82e5276f356167e2963fbc2fe6de276a6abf,0,0,0.0011728639
xgboost,88b653a54fbeecc471d255c49523af2aeb559797e2,0,0,0.0047180536
xgboost,88ba36185e2757f154bfc3f38a14e6e6972bc82a4d,0,0,0.0002330163
xgboost,88c94540bd12a1a2f05d15226bab4414d6c7de5855,0,0,0.009873061
xgboost,88d18cff1c7314ec7076f0f5f00bd0ce9cfd1ffb4c,0,0,0.023583846
xgboost,88d71c805424de41b53d8ef3d5d8b87a98c67bf678,0,0,0.019841658
xgboost,88de974d94ec06f13f700a3fdb985f854980ce51f6,1,1,0.6309033
xgboost,88f17afe00b35dae886d94008410d35edad940f44b,0,0,0.00046689593
xgboost,88f2d79b64b3cf4840e0f0c37915fa2c34971602a3,0,0,0.0009881387
xgboost,88fabd8e7f213bb93dd7639539c70b377375f56674,0,0,0.0010763843
xgboost,88fd49dd9c999a77ac5a8bc662b6e897653de38e6a,0,0,0.0061607677
xgboost,89052469f8fad554d28ac1619dfa24bcffb6999195,0,0,0.032224238
xgboost,8915d75c882b6c73481f5c3b48b759e929b513ed22,0,0,0.00030038686
xgboost,8917ffef267c6bf9a4a2cde718c33e7637c3c6362a,0,0,0.006064744
xgboost,8918f220f7444b9e05218350800d4e6aa3295062bc,0,0,0.0006071794
xgboost,891aa8574767a34063e1e6ef24bd7d499e3de7150f,0,0,0.0006227354
xgboost,891c50d94251a1ee87b5679997e1f5f7e66dc095c6,0,0,0.0003925852
xgboost,891d74411344e6940158e4ccb08ce2fd7b93a97518,0,0,0.007081607
xgboost,89213fb60528efc547419e5191fa6a4a75174d2684,0,0,0.009873061
xgboost,892518e131e1686e7fac6af9ef2b1aca70dae7dfaf,1,1,0.6306547
xgboost,89276ce00e1180fbdfae80349f55b4e45aebbc6e40,0,0,0.0003925852
xgboost,892a93f652aa497663d01f7547680db51f15747106,0,0,0.0003183587
xgboost,8932da6feb5bb6e8d295d3cbda1071917840305afe,0,0,0.020047948
xgboost,8936447e08ad0349209611774f314b6dd46d1ef55e,0,0,0.00029415396
xgboost,89375f5a956ae7f46c5a8bcc09f4f33a88289741f6,0,0,0.035800178
xgboost,8937bfbebe90638e7b3aa7c4775f45e211d2c66708,0,0,0.055328384
xgboost,8937c7852efb13efd154cab04d8aa2b8fa70277b6d,0,0,0.00034415527
xgboost,8938654e0605f0b50266ab66c1e28469c92f23dcd1,0,0,0.01904963
xgboost,893b3f235af363c82a871441b3f782098756fbf2f1,0,0,0.00037296838
xgboost,893fdb8e79cbc5305725cdef7043b20bf19294aec7,1,1,0.5566283
xgboost,8942d92ebdb7d7eea0bca6e1407775497888459200,0,0,0.032415178
xgboost,8943016768b4150e1b9b2c5ea4d6bac829c36a1d59,0,0,0.00042327403
xgboost,89460b619e5e90240b96e43dd75b92b25ec215878e,0,0,0.006672268
xgboost,8949eab1b3f746ed66a069ae5d6c415a57dc546ffc,0,0,0.00034415527
xgboost,894f21e227d735886fe5fb402e490be0da6f6bd849,0,0,0.0011728639
xgboost,894fa791d471017016d69758f24e2ffd025ab42d20,0,0,0.07681343
xgboost,89551577618df2a67d90705383e4b6968f946aa2be,0,0,0.0002330163
xgboost,895522b5676acfbb02d48209eb63b950b4df9d5242,0,0,0.0003043416
xgboost,895650185b18b7c24b631a745099b4a067fdac1abc,0,0,0.27309594
xgboost,89574243b148ae9dde3dc0b878ad321be1adfa4037,0,0,0.0009133837
xgboost,896090bdb879c837529b76052edc35950fb451fa0c,0,0,0.00029415396
xgboost,8962308c4deeb8825218d826b484c4cb404c8c4901,0,0,0.0081455745
xgboost,896bf0d336d878a2bb6a25d4e594ccc7fad1567fe3,0,0,0.07525418
xgboost,896f3512a93320ec81ba755a0a30ad0c9caa8476ce,0,0,0.00030038686
xgboost,8980fa7d8844c900d8196d3eeba8d709e62a3070c0,0,0,0.022560947
xgboost,898f3bf4b63f9619af61b5c31a24faf9689ee0c0cf,0,0,0.0010080602
xgboost,8990e0be2624233f4d12111923106fb1c9104c43a2,0,0,0.015226283
xgboost,8998c909d250a167074dda6a60d539d262cefb6f90,0,0,0.03861649
xgboost,899ed5ccc7f544641b87f971ae1b7dd80656e266d0,0,0,0.00034415527
xgboost,89a38e70fd40e97e7d64f959569841eebbfabb8941,0,0,0.00046689593
xgboost,89acbe0753577dac360d83e44bce3fede21b17e51f,0,0,0.0075840037
xgboost,89aef431ffb85d49c7f7e62f6d10aa4291bdd323de,0,0,0.03023339
xgboost,89b6db73901e3237e8235cced5ec1e054d47ffa58f,0,0,0.0002330163
xgboost,89bdb5e81d014bd080bcb6071df0f91707285c53a2,1,0,0.24505952
xgboost,89cb2cb4bc517bbb1efdf603036405a75a23b769bf,0,0,0.00086060417
xgboost,89d3581ce0b954f0de8a9ea5ab2cc9e87dc4f5a43d,0,0,0.00022021777
xgboost,89d97ac44f2a401faf697f9d02f21135c7de8a7bc6,0,0,0.00044057542
xgboost,89daa958b6240f8d991cf42679b2bb04340121cdc5,0,0,0.034143314
xgboost,89e0ec00a6a7bc15e1d53387ed8112949a1c7ba247,0,0,0.00063679816
xgboost,89e4adfe450de9443d6d1c06a2d5ec40d0ae3b97f6,0,0,0.0042175283
xgboost,89e692fd631744ce2a267e5bc14b825d9d09d28119,1,1,0.6309033
xgboost,89e6f7d4265caad257526d6ffa0b4a4aba8ab63ce1,1,1,0.64315486
xgboost,89eafe575d73f50a9ca674a9377650c444f1ad31d7,0,0,0.2046597
xgboost,89ec73dff05d9e3b8ca4b4898952d5786e0acc717a,0,0,0.14127648
xgboost,89f6b91714d5022c799a89acb71f04f603b67282e7,0,0,0.00042327403
xgboost,89f92682e5807eee4544cc6f279793013cc24d085b,0,0,0.051092885
xgboost,89ff7f485865f5cef1f9481af7573093ec685a9e4e,0,0,0.03023339
xgboost,8a0a51ccc160a64ad94d0d01323001471bafb97f68,0,0,0.0003925852
xgboost,8a0e2ddd01ce0591dc60af4a6afe8befc7399f72b0,0,0,0.001108906
xgboost,8a167d1574f170fd4d2a4c235cde028a965c368fd2,0,0,0.00947048
xgboost,8a190270df4627238a7eac76af9230dbda92a3111e,0,0,0.19783552
xgboost,8a192c652f7cc881abf215028a70a6c1a32be1d809,0,0,0.0009429115
xgboost,8a1b7c976a4f652700aa94ce2454959a3facbbf0a8,0,0,0.00042573095
xgboost,8a1c4ff69a5820239a309041d795ee49cb14f1db30,0,0,0.2225216
xgboost,8a1f268f008575965f89b45f05acd15ec6aa284afb,0,0,0.33191314
xgboost,8a1f8a16a3daf5aeec9dacfc81e4cb9f6947b86f85,0,0,0.23849966
xgboost,8a2265a256801f76fce8b299d3b70db218a78771c9,0,0,0.0009133837
xgboost,8a2342522406ebcd68e26f908afd3e23704ab4f40b,0,0,0.00080371596
xgboost,8a2825c780c9402ccd11254f7c0305696bd1997fab,0,0,0.02823384
xgboost,8a2a06e7ebaf74dad0a7ee6786b0ee3ce9c9f00f08,0,0,0.0513465
xgboost,8a2d94c46d7e5caf7ae4916c5325c9e95bdddca818,0,0,0.00034415527
xgboost,8a2e9448e032143ff90001f6a08163955d372be8ec,1,1,0.65877914
xgboost,8a3993811cd12edab90deb99fce9aa16cf0c969b2a,0,0,0.026810737
xgboost,8a40ee89a3fd65e3d3c38236a6b120af70f333fc97,0,0,0.00042327403
xgboost,8a43533c0a6fa3fd5b704d15f73328a76c156bd771,0,0,0.017810369
xgboost,8a5f839551a433f51d2de24ed2a7cc5d0dc63d4abc,0,0,0.0053568543
xgboost,8a64a9d2bc9c93d5ce579ddf0a6e05c59b0032357d,0,0,0.00046689593
xgboost,8a781565cbd04de17ed0bba43435204552b9af7844,0,0,0.0003183587
xgboost,8a791486cae5f8540642edf85766b14bd5266271ac,1,0,0.021266634
xgboost,8a7b893b6585c39af816db7fafa695fcf46fd1c940,0,0,0.051092885
xgboost,8a7f16fa8d9c7281d8848e5083d6f25188a017bcdd,0,0,0.15299495
xgboost,8a8160934bbc10ec46111083f1c3709c8af2897779,0,0,0.0010449707
xgboost,8a893aff1f7f78330cd2376a232230c64587d46150,0,0,0.00042573095
xgboost,8a8ed2c5006c5fdd14661c5a22ef5f7d57d73e1839,0,0,0.00022021777
xgboost,8a9a9e81fa659a79eeedf6843a7de0dbf597afb7cb,0,0,0.018812409
xgboost,8aa22a4685e027b8421b92d8a5a290b06d53edda19,0,0,0.00044057542
xgboost,8aba0b7adfd4112dadd130410211a384cd7de13a0a,0,0,0.00022021777
xgboost,8abbee70f1a4d4d00eab54cac397dc144c47ee06cc,0,0,0.00030038686
xgboost,8acce35a3435a2236729d17950413d3c0b65beecee,0,0,0.023674697
xgboost,8acdc27993787a5717a7df4a51470467409027abc4,0,0,0.0003925852
xgboost,8ad395a81cf9177eca34577504398d9935213b9f4e,0,0,0.0006071794
xgboost,8ae721590566448ebd049f15c281dee4ffcda5bd9f,0,0,0.005197153
xgboost,8af64d12830e33de13ec5444a93b64cc4568e6d282,0,0,0.0012346779
xgboost,8afa198cc1854789c551dd52157cf0926c7df1093c,1,0,0.013393568
xgboost,8b0a6f05207576931a02d893e75899612963cd518f,0,0,0.00022021777
xgboost,8b1063d41ffccdff5a88ecafcfe1367f6fc9ef1959,0,0,0.007081607
xgboost,8b107b70a4efe7757fb4500d93c632779acb1ca038,0,0,0.0014142314
xgboost,8b10ea5288a87af05a6b84a9074b8f70893552da43,0,0,0.034684643
xgboost,8b1196d325d577b612d268715af424b2573b5402f8,0,0,0.032415178
xgboost,8b11a5bb14cb124467820951791a41edd7c41544a7,0,0,0.33191314
xgboost,8b13a7cc38bdcfeedb775bf04f024a9c8b65e1797a,0,0,0.0003183587
xgboost,8b1a13736ca0b7e6ffe9594fdf1f990f67a2fb8e9e,0,0,0.0069351136
xgboost,8b1ad0d509368e3b96a5b4a377d0c1c5b51c667e1b,1,1,0.64315486
xgboost,8b1dc4b83cedef99ab03842160996d6752bd94bb66,0,0,0.0007948035
xgboost,8b2dc89d4fe670038c7a42f3479de802aac00589c1,0,0,0.019465642
xgboost,8b319e2bf1243517d7bd292c2c8a5efed27578a454,0,0,0.0002330163
xgboost,8b35c1035fa1447d68d63511a3d8d54dd33774721f,0,0,0.007603714
xgboost,8b3764d1385c27ec7909512f50898bc012fd6382c7,0,0,0.00042573095
xgboost,8b3ab19f1e582b63870f79db7d7e0610ed2fd9e965,0,0,0.0003925852
xgboost,8b3d7758df8de528bd92491edd555c9fa3ec99ea9e,0,0,0.02367029
xgboost,8b45e3f3a99b2ff8f75348711ffabe7af825555c1c,0,0,0.006672268
xgboost,8b4f91ac4e8e739e466a307853606cedb061b5bb21,0,0,0.00037296838
xgboost,8b546d4650bbc884230be190f108b4aa782a277c8e,0,0,0.0006299072
xgboost,8b54b00fb064eb67cc54c887b36b4ff22e0c9e70b3,1,1,0.8234347
xgboost,8b5f31dd410a078709fad08de391325b09c868bb2d,0,0,0.0002330163
xgboost,8b6d15937d2647ecd289e73704d8c01796657faa7e,0,0,0.024599493
xgboost,8b7903c98fc8ed66c4da479dfd048d192b9be39406,0,0,0.00037807395
xgboost,8b815647e14e7491cedd7b3dc41ac1dc15c7c053a4,0,0,0.0006716701
xgboost,8b81fadc5e5bc10f988a93f37a5af650dfb918f551,1,0,0.059063297
xgboost,8b9570d44b94f00496237b24e6fe7aacbd20cce787,0,0,0.111511186
xgboost,8ba41f01d83ee6d55279a0507373a81e01eab4bf2a,0,0,0.02564824
xgboost,8ba48388bafd66cc6eaec9f7bd54dc87456f262dcf,0,0,0.27358052
xgboost,8bb39b8b7853b41150dbd97d61a46ddbd70304d1fb,0,0,0.0009429115
xgboost,8bbdec91a929698a6bacd281e5ad46b05a74eba676,0,0,0.020047948
xgboost,8bbee9632c2e6fdf81dfac5770f7bff33824c86e1c,0,0,0.23849966
xgboost,8bbf0fe646dda513118b40cc62bd00915ab70d2b32,0,0,0.00030038686
xgboost,8bc69a48544260db2d6ea515665b816cadbb719f81,0,0,0.00034415527
xgboost,8bc6c199d158e5689c111f8fb9941a2b825d721fe1,0,0,0.03925821
xgboost,8bd6b0038d9b6216d96adb18bf3056e278a8004614,0,0,0.00029415396
xgboost,8bd8a79be74775fb57a182a7cbfcae58b3099e4496,0,0,0.00029415396
xgboost,8bda5568b180ac8176c365b1113ee72f6ffe412a2d,0,0,0.0022030366
xgboost,8bdb76601dbfc00f5a9f7ec41cf8808007e39b6692,0,0,0.00042327403
xgboost,8bde8a5e77dd844e0bc521a72962bf3d4601a9e60b,0,0,0.0013289296
xgboost,8be9540e85155f175cbb43022f1588e1f466c487fa,1,0,0.048636746
xgboost,8bef2f70807fd996892f7e408b5e50289479f96e13,0,0,0.00034415527
xgboost,8bf4db0d81ab197b038d0ea5a9d20e98df8d8e073a,0,0,0.00034415527
xgboost,8bfeed2da690dd0f3eab66afb0bf4a95f56109eace,0,0,0.0002330163
xgboost,8c033fbc32b9628d459ac7e6aae161dc6ad6ef575a,0,0,0.023674697
xgboost,8c18b999e7448449defcfbaa2dec6cb6e2f4c766db,0,0,0.055719044
xgboost,8c1a531e6804e76d0c8c73a2e61425c9b9f9cd9596,0,0,0.00029415396
xgboost,8c1c11184441eb2977cd1408b3450be603b546c7c2,0,0,0.0053568543
xgboost,8c28dcd1cd5ef35625bc36b21deba82f9b9999ffc8,0,0,0.00062770204
xgboost,8c29638d1121756aba88fc31a2fa4e970e5c797b92,1,1,0.6309033
xgboost,8c309c1b19f778ecce209127746640b67332339683,0,0,0.00022021777
xgboost,8c333749a44c9f8c8b778e2eac6c48356d559ef1d9,0,0,0.023674697
xgboost,8c3bc352d4264e181fb365461e6b6c74565e5185c5,0,0,0.19783552
xgboost,8c3caa350ac71b9dcded3d36912975d2b7ad52cba0,0,0,0.00037296838
xgboost,8c400b18f12ab6c7db4a5002760571225cc0499452,0,1,0.6309033
xgboost,8c4022688f2925edebae8b687a30b9cb8c2d039d2a,0,0,0.00029415396
xgboost,8c419beb51b5409dba9c98f90e5cf84217ce228b28,1,1,0.6306547
xgboost,8c504a06ba8b0316406e17a5b043e5cef64d6ffbd2,0,0,0.0014972406
xgboost,8c67ae00e0bd77229f0e6f3b02b91fc2629a381e93,0,0,0.045225002
xgboost,8c764d895ea1c64b0644aaaa5d10805801f5e90826,0,0,0.0002330163
xgboost,8c78ebb8d739030b89c9660f7931cc1a3710b21c48,0,0,0.0006716701
xgboost,8c83bb79078b9f3effd3f54e6106c8285f7e307d4d,1,1,0.64371026
xgboost,8c83e75d4371a57abf2e6ff1d746e936ef576263db,1,1,0.64315486
xgboost,8c89c5e458d93ced7816c72c760e4783ba752da74a,0,0,0.25800535
xgboost,8c8bc67b9dce304dd7983ff0d367056d3742c065e8,0,0,0.0069351136
xgboost,8c8c117d33b5823b8b60f526f6cd363528f39106b4,0,0,0.00022021777
xgboost,8c8f33e4f9826ecc860436fbdfcaeb50c9e135f97f,0,0,0.00041254555
xgboost,8c8fb3419c188a5f33fe6d82f58bac99ee839182c9,0,0,0.0010099511
xgboost,8c908f8d06006a4aa1559adbfeb05f53437e6fa91b,0,0,0.0010099511
xgboost,8c93495d2807669814c1db4178f4fddae76dbdeeb8,0,0,0.0010099511
xgboost,8c9557720409fa116613fdf269398ea16d30d3f906,0,0,0.010342912
xgboost,8c9de96cc1fcf7336dc9ca5379c97b3ee43d104f14,0,0,0.00042573095
xgboost,8cb7728471f33b91c57d03efdc520f2f17724abdbd,0,0,0.0003925852
xgboost,8cc0004b36e83b7d6789e4878429ed34dee005e54f,0,0,0.0013066181
xgboost,8cc74584b7d418028d39febc935e0ed79d5fd03162,0,0,0.026810737
xgboost,8ccaaa3da7db5ad6f09f2b422862f3e85bd230ee35,0,0,0.0003183587
xgboost,8ccb3efd627b856adda347dea006e06581aed873ce,0,0,0.00029415396
xgboost,8cd45ad4a4652e90ad1202cacc861643e6871e05e1,0,0,0.0006071794
xgboost,8cd86abc87eb6d2e2c12139c3490b2756d03092f38,0,0,0.020044776
xgboost,8cdba375c18261bee38cf63022c7d6c7b21d44d9b5,0,0,0.035800178
xgboost,8ce085f564576571994c27a365ccd89b57ce6e269d,0,0,0.00034415527
xgboost,8ceb9528695e9cc6911798ad141b9989c2ebdd9105,0,0,0.0003668598
xgboost,8cf216af0e3286dc7839cb106f8e894e4a85e6a52f,0,1,0.6309033
xgboost,8cf9217306bffafde3befbf5c2166ef2e526d3a77c,0,0,0.0002330163
xgboost,8cfb3ed4cb7087c47e6d9e6639fd6679a1ef2a0135,0,0,0.00042327403
xgboost,8cff0a45a17cfe7284d53052d2608105eaf7806c41,1,1,0.64371026
xgboost,8d0534a09ea8af6596c61f5a4925ff03cbf84fa55a,0,0,0.013926448
xgboost,8d0704c1bee0338e887581224f98cc82e3204b0f44,0,0,0.036837205
xgboost,8d0848a29e28e3791975d5537859065e392485a942,0,0,0.00022083636
xgboost,8d08a726d3da149d16eb03321f6a028629626eae40,0,0,0.0003183587
xgboost,8d13f78ba8f9385facb4ef4bffb3b83e50f7f51105,0,0,0.006064744
xgboost,8d1cf8eb34af258435885391b095d7e21ad273323a,0,0,0.028863749
xgboost,8d2826f828ae7c473486ec8c01f1c30f11fc77fd62,0,0,0.00046689593
xgboost,8d2dbcc9e01fec070b9772ff2656cf103adc5d39e9,0,0,0.11239475
xgboost,8d2f03744ecad25f68b88d7ba75515d2e6935ed730,0,0,0.0006716701
xgboost,8d30d8fb2d9e4d505f5314c7165991688e3cd24c2a,0,0,0.00030038686
xgboost,8d3232ad7e0cc76ea9b210e6ece74fd62b89741cd1,0,0,0.00037296838
xgboost,8d36c11998e4b34dc3475b341aba0cdb0b22223ffd,0,0,0.020044776
xgboost,8d3db8f2ad765df863459bb915c064991be89114d3,0,0,0.01557858
xgboost,8d3fc3784411414cfe2d4fcc4bb5233c19bb9a83d4,0,0,0.086664654
xgboost,8d412352a1181add50dab50966f433b98fb6094203,0,0,0.0011099989
xgboost,8d46d62ec40e902c56cf0945283bc86f8a50898b44,0,0,0.0054252394
xgboost,8d567efa8118a42730bc6cd7effaf75e821a0680d1,0,0,0.019479604
xgboost,8d5df472c9500937ce1b5d4f8969fcf664df3332c3,0,0,0.00029415396
xgboost,8d5f33e65c50b76f6ff86bdbe5913a797277bdfafa,0,0,0.0006071794
xgboost,8d60db7a4d57396b2e9b351b09fcab76199fa7a375,0,0,0.00042573095
xgboost,8d6ae2bd3f608a8e4f8b76b6475452dd01127568b0,0,0,0.00022083636
xgboost,8d739c9982a53ee9fc69ed17892acc3dd11e2d8ff4,0,0,0.028160574
xgboost,8d74cec461073e41f5a73dbee65a2b91e6eb489318,0,0,0.0002330163
xgboost,8d772c74e34dac029d67461b597b17889511b84048,0,0,0.0002330163
xgboost,8d7816dc41dea4b3f0dc0426374a0f5c62f0620d53,0,0,0.028863749
xgboost,8d7c9ad8985d66160130ff48f2d08dfb59ecf50d0f,0,0,0.00029415396
xgboost,8d7ccc283748d317c8664adad4a5fd35b0b6910a44,0,0,0.00037807395
xgboost,8d7e5eace5de7884a60e4a4a4427f288babc9fb5fd,0,0,0.2611296
xgboost,8d8173fa3230494f10ebd3e07c895b50f8e5040c3a,0,0,0.00021901939
xgboost,8d8c8516be95086d1cb06d531e275adf6601e0dfe6,0,0,0.0002330163
xgboost,8d9179cfecbdfc717221dd2105a7b88b2c0071a66c,0,0,0.19171093
xgboost,8d94d554de49e2f704147f6243395e922f91ad6d6b,0,0,0.065870196
xgboost,8d9860bf06023d332290b0b2f2afd5c7a94c7e2447,0,0,0.023720916
xgboost,8da47affa94159a1b91d008cf18aadfb776996c6cf,0,0,0.00022021777
xgboost,8dab7ab1d7a86487374531a260e4a1683182940abd,0,0,0.00029415396
xgboost,8dac9082ce5cbc1d97fb109841ee5f6a470a9959e3,0,0,0.014183076
xgboost,8dad06c93ead026c84a943e8448d9fb4d92e5363e2,0,0,0.044447508
xgboost,8dae488f9e18397b5871a68a6c8172f551232fa922,1,1,0.64315486
xgboost,8dbc9731c6d80db42c1503c3b94b178cba20d55f7a,0,0,0.00947048
xgboost,8dc5f696c00c35b4b7bd5ebb039e8b28b7410354ff,0,0,0.0079541085
xgboost,8dcabe8ca2f980269463ebca70c38c4a8786a9bc0a,0,0,0.034807306
xgboost,8dd1460cfed8f8d66d1ae6024cb1000dbd63d70464,0,0,0.055719044
xgboost,8dd6dd7aa0ae351f24ac7aa8eaaf6c0ab27d38a042,0,0,0.00037807395
xgboost,8dd9152255066226fc914c2178e383d5e33430d1fd,0,0,0.13653083
xgboost,8de6144d7e5a79ebec049b0ea3811b812a635e5c5f,0,0,0.0003925852
xgboost,8debfe2c1f90e5e3df89979e6b1b88630fe29e7b21,0,0,0.0003183587
xgboost,8df830a2baf137ad2e814e577f89bb587fb5eccb96,0,0,0.00022083636
xgboost,8df8cf08cdb25f37a829f1aba3cd5b176437d16d38,0,0,0.0003183587
xgboost,8dfbf1dbb05f381dc44a842bee5e12f711f523ee9f,0,0,0.27309594
xgboost,8dfc65777fced6d3eb86c362a35d1d892d20674644,0,0,0.00037807395
xgboost,8e06663c737126ce238afa8e84a7a588e57e0285e7,0,0,0.00022021777
xgboost,8e066b51f75f9510707d64ae0ea9e1e6eac899fbb9,0,0,0.00022083636
xgboost,8e0679a703aa2ebed77125ee5e9d35a10110220450,0,1,0.65877914
xgboost,8e06f4904b446145670cf437acc3f2e5789fe9098c,0,0,0.032567263
xgboost,8e07c3f2b19cde800b8ba1af57b56f953e8db1e7fa,0,0,0.0003925852
xgboost,8e1752adaae7802eea259947c991f1aefc769e1ed2,0,0,0.00029415396
xgboost,8e17638cc16e79b5712de42056baab2cc219ae760a,0,0,0.0003183587
xgboost,8e19d9addb8607f0c860fb8964ec0e475f7d230e0a,0,0,0.00042327403
xgboost,8e1eaa15a5eb01ff16f20fd4d64c59eef2b8797ae1,0,0,0.0003183587
xgboost,8e350716bb0259d1ee6d1f3d3ce7cc23b5ae233044,1,0,0.036837205
xgboost,8e364189ce6cb9a867b7ed18b4cfea4df5ed789bd4,0,0,0.0145422
xgboost,8e36492bce0e93febd99b7191da08e36c33970fd14,0,0,0.00041254555
xgboost,8e372a3ac16c1e5cbd42609658bcabd9fac4100a35,0,0,0.0009133837
xgboost,8e419d9f80d4af51a07b1cfb46b35bee8edcdffaf4,0,0,0.0003183587
xgboost,8e468aab52967625a186abcd827d142dd542eb56e9,0,0,0.004916782
xgboost,8e4a345b65c6aea1533f93d181532f841dd661b1bb,0,0,0.028160574
xgboost,8e4cb1c36c683c552f0c612dbb65b5d2f9c1e0861e,0,0,0.00030038686
xgboost,8e581fea9a6827c5b6168b0cca1b63395c10393638,0,0,0.0007948035
xgboost,8e5bff2db361ea757c8bf881750dcff244fdcf05cf,0,0,0.0006299072
xgboost,8e64a5f221834c0026fbe868fb3040a41c4f5fcad2,0,0,0.14127648
xgboost,8e7d75ce34551a5cd92a41ff182c44be548c0701b5,0,0,0.00030038686
xgboost,8e7e186ddfc87c514facf3348a0eb65804f3cf77a3,0,0,0.022123944
xgboost,8e8132186f456880cede41320c23a63cd7ccbbe94f,0,0,0.12905295
xgboost,8e81af044fe80a98a68c878c192fe66a04e552cfff,1,1,0.65877914
xgboost,8e88ca36e4f71bf9672a0eb2ef3bd31efca0314118,0,0,0.0006299072
xgboost,8e8c104478047e40a74430c44ca20db51c9117f1b7,0,0,0.0006227354
xgboost,8e93dd835ff361e085ca73f1a802904f00bfdc0221,0,0,0.0003183587
xgboost,8e965d7645e89f9cb1118d6453b816dd73a11b5402,0,0,0.019841658
xgboost,8ea119d4b19f0160d68027b0c34c590ab158e15586,0,0,0.00037807395
xgboost,8eacb54b4f6cac1b8587ee2f814fc07cf88c305291,0,0,0.0002330163
xgboost,8eb358b5a7191f4f691975ef4749e93a765254db0b,0,0,0.035800178
xgboost,8ebc91d2acf193d9bcc1232f70192787e490a067f3,0,1,0.6306547
xgboost,8ebf6f2a0ea72ed4b60fca1c9650eccd18071b96cd,0,0,0.026810737
xgboost,8ec1968773928bb1ebd571003675a2321f7ee29bd1,0,0,0.0002330163
xgboost,8ec3a2811ef459b02db4dc5945346109efb6e52288,0,0,0.0002330163
xgboost,8ece26c44f222796b5d9419e3c3a9dc5adf03809a6,0,0,0.00034415527
xgboost,8ed103f1e743020e89a95139af9d982fbb7d69f033,0,0,0.035440907
xgboost,8ed51a4b4534c6b16000385cfcd1f128f8f901c1a5,0,0,0.0003668598
xgboost,8ed82dfe69da22cee9f897e5276bb130c1e1e88770,0,0,0.0014142314
xgboost,8ed9a7b7331651abac73c23364a17cdfe399b7dc8e,0,0,0.00030038686
xgboost,8edbf156eda4b80f574b7a6a04a898b5edaf73e55b,0,0,0.05965953
xgboost,8edc05133a07fd2ab99a0c7a70985565297f5a17ad,1,1,0.64315486
xgboost,8edce1f635f8a0973c84f495af4d1ce1d1ef70a4b6,0,0,0.0003925852
xgboost,8ede72ccad8704de8143d820e443f21217b24ed809,0,0,0.02976992
xgboost,8ee7c0cb55029f8d15964fe4f45296fe6a9da320de,0,0,0.00042327403
xgboost,8ee94b5e4774c2f8039fbd73c39f32a3b2b97fddba,0,0,0.00037296838
xgboost,8ee9f452389c9f4997e8a00ab308c32cb762e0e4df,0,0,0.019230211
xgboost,8ef7a996ec13a8ad4837689e63593c8e3edd4a014f,0,0,0.07941774
xgboost,8ef8a017cf215a07b1c90ad97e6cc6765cbcd3882b,0,0,0.16246068
xgboost,8efa7778c41ff4473090673623ef554a987876910a,0,0,0.00035953108
xgboost,8f0296bf083a607f2779af10fdb708ec44f104fac5,0,0,0.02976992
xgboost,8f10ad16ec49c77f13e008f67fae033652cf030436,1,0,0.051092885
xgboost,8f12b16301467076c8a31d28fc86f172b879bf5c70,0,0,0.019479604
xgboost,8f24770971b2bb5cf14dd092953fefa7d4fb970c40,0,0,0.0002330163
xgboost,8f31c2473fb784306a80f1f04eef1783530e24e1fd,0,0,0.00029415396
xgboost,8f3b07324a5fc8d197c8b810dac2ac8ae58cbc81e4,0,0,0.011111367
xgboost,8f3cac07591a570b0463b974372c616490420b1976,0,0,0.0003183587
xgboost,8f42802c073c79d77a153130518b78e462bef3e74d,0,0,0.00030038686
xgboost,8f4c6af3e05cbcfb2153512fb94fc21e4a61d16ed0,0,0,0.0003183587
xgboost,8f4f1cb104f0c66fad63d84a6921b556e41915a279,0,0,0.028863749
xgboost,8f4ffc1c296ad2a39dd8c65d966dfe3c6346091dbb,0,0,0.00034415527
xgboost,8f50d292684a9a047d8c3824a99aa969114804c721,0,0,0.00022021777
xgboost,8f50eb706ecd66e7cb5699abf65dc0599ccf946938,0,0,0.03023339
xgboost,8f55be7257cc1cc513c0c9ab7f3b8704b6779ed93e,0,0,0.0009133837
xgboost,8f5fc600f9d37fe840cf532ef921c74d781c22a1b5,0,0,0.11239475
xgboost,8f64737b9b9d4191f0d6d822c6da31c619185e25db,0,0,0.00046689593
xgboost,8f64df3e3cd402eaab3cb95e1b8f675f35e72ca0cc,0,0,0.07681343
xgboost,8f6771d006f23654ac8100522c5fbac3770c5562d5,0,0,0.086664654
xgboost,8f7ac7c629a649b68fdddda3d196a139e01c88c323,0,0,0.00034415527
xgboost,8f7c29ced51c85d2e660f5e3ca22ee7ebcd26d2409,0,0,0.00037807395
xgboost,8f8fc481a0e52f76efca2cbb9d0a1a2318bc1dd468,0,0,0.025876993
xgboost,8f8fda26982204f4601bc688db7c6a4a3d78d1f51a,1,0,0.035440907
xgboost,8f92aec74d6147298054f3487611b2552346c8eb9f,0,0,0.0003183587
xgboost,8f9547936a926224dc76766bd6ff3afcf5fff1c8ce,0,0,0.0010099511
xgboost,8f963f8d41258a6c34ebca2c2cfa861947892b1b63,0,0,0.00029415396
xgboost,8f971c961b360ab1f5fb9f0e5deedf0169a1c4af2b,0,0,0.14127648
xgboost,8f9bdb0f8af7bb8a9f0ffc5986e4d60d67d7bb610e,0,0,0.025427664
xgboost,8fa7735e2c828faa7a8f674ad8749e0a6b18112285,0,0,0.18237136
xgboost,8fa7b62fd104e87b530f35e29951d1163119db7def,0,0,0.00034415527
xgboost,8fa8a5819172ff26f90d148b88167d91de75c54d64,0,0,0.0013289296
xgboost,8faf3ae960f066ef9798d0a3c2bc12106ea5c56dcc,0,0,0.0002330163
xgboost,8fba1e942401b3db5d957a3f690329574b2f9056d7,0,0,0.0013066181
xgboost,8fbeffcdf5b97f6dba457e298bf400b3182c418b4b,0,0,0.35495707
xgboost,8fbfa9280b1b2f0cefada48e7c94316195f244dcf6,0,0,0.00903454
xgboost,8fbff1cd99cddce850582e275763342fd13c0c4e2b,0,0,0.0003668598
xgboost,8fc0f81b5aa21f187c284b38cd2ad8fa7eb04450af,0,0,0.00022021777
xgboost,8fc1e1eb97745a3c7d09ae1c0df5cde5a353a54106,0,0,0.00076474703
xgboost,8fd8b723debe019408e3c913eaf6fe1e286aa8eabc,0,1,0.65877914
xgboost,8fdb66d75b3e024cb56df3b220362420d32ec8b286,0,0,0.00076474703
xgboost,8ff033c217bd8ce3854374beda8ae94e7755d3c5fa,0,0,0.0003183587
xgboost,8ffdccdce27d1c34e6fe2a7db961e2d4db649bac1c,0,0,0.0003183587
xgboost,8fff883e9203a4956291c487f864e1a74b3aa8b48b,0,0,0.036776703
xgboost,9000b9f4e6dfbd307887bbaab5d6a8f5647f9405fb,0,0,0.028863749
xgboost,900958384dcc0480ed98320f42ff3b1bea438c80e2,0,0,0.032567263
xgboost,901736ded099f28e1f644ed334f134a54b5b703c22,0,0,0.00034415527
xgboost,901ac5e91bde99c24f23dabca9fb40f0bf81e8d073,0,0,0.008079678
xgboost,901e3c5da53cb2f824c9391353adea15e4bc488731,0,0,0.0003925852
xgboost,901e710766249c684cd0d47b2c4f4fd9687cd13089,0,0,0.00041254555
xgboost,901ead82b7b0b94c9c1a3ef3c8ea10aab1a32af84f,0,0,0.03925821
xgboost,90251c458227fe4d11a60149f9dff4eda0c5aa2c48,0,0,0.0720398
xgboost,903170ce7741f4d65c21bfbd540ac7a6bfe96f5cf1,0,0,0.23849966
xgboost,9032bed018898635e1310c015d2405c8b08c33d0e9,0,0,0.00062770204
xgboost,90342a00ec9e521133b28a105a86405ce6fe011834,0,0,0.0002330163
xgboost,90372474e1286c90b0f4a88e7e6714af0980c3f326,0,0,0.00029415396
xgboost,90388112cbd306c2096e9d38eceefddf3a1c84e4ad,0,0,0.0042175283
xgboost,903ae6f15d577c1dfea6dcfb7cff2aeb049faa51d6,0,0,0.2611296
xgboost,903b94076949890117e81545c676df2c72e1f96f80,0,0,0.0082098525
xgboost,903e2ccec3077433a466bc12f497bf784aba90b364,0,0,0.00094434194
xgboost,903eff440218d8f3f8899a371183e8bec7fe309696,0,0,0.13258594
xgboost,9047a1b0c1fe089d45799071936b233a7a1ad7111b,0,0,0.00035953108
xgboost,9048b5b5a20ab84566168c095e9204a580750497ab,0,0,0.00037807395
xgboost,904a969ad0de53131b7f7132985750538c00a84fa8,0,0,0.0007948035
xgboost,904b971df7f1d1d63e45963d8b79d091450e8c4887,0,0,0.0006071794
xgboost,904e174980cb5be416863be991c3c75f86f2040317,0,0,0.02379403
xgboost,9054483c384d59f97a085f77c124a6ee0b499fa224,0,0,0.00035953108
xgboost,90568ff7ef5bd2c6b44b0ba1c19da5b2fab5465c9b,0,0,0.0012069565
xgboost,90593e637b08062e70cdd34a024d4de028c4c13562,0,0,0.0014142314
xgboost,905fdf0d37328634ad820aa4bfcbb0fed6af909e18,0,0,0.02976992
xgboost,9060fb0f423df6bc38c562f7a2b7e6fb7c11d98f7c,0,0,0.0002330163
xgboost,9062e6897954a55aabb52c1df2495eb4a1639ed2da,0,0,0.016326247
xgboost,90866807b6747e2b98300d5d698ba87c6480cf7ad3,0,0,0.0010763843
xgboost,90869d0f6d8f4404be067949c94324c532288bc98d,0,0,0.00046689593
xgboost,90872664520e0bed2dee3e72691714fa46e47804f2,0,0,0.007891431
xgboost,9090c724c9dce87d43957866531a09cf2e8ed2f4d6,0,0,0.013926448
xgboost,90969a813daf384d72b5fe641c53e4b267f48e9739,0,0,0.011111367
xgboost,909aaa653a8a0ea9fd817726891246e670a0beb300,0,0,0.00096465787
xgboost,90a467231b1ae29d3e29d2cdfb677c8ec2a7c76ef8,0,0,0.0009429115
xgboost,90abd7653a376c9f8201378854cd8e0c817e954911,0,0,0.006672268
xgboost,90ac6871073f02667666e09f9a0a6eee2d26410d0d,0,0,0.00029415396
xgboost,90accf313ab054c888a1dc3453f511a5ba8247d8ac,0,0,0.00086060417
xgboost,90b644bd4ca84eb4415c3e5bbe488fb604a303e22c,0,0,0.01557858
xgboost,90b9eb5e2884305e718d014d7aa5c1501ad4d987f6,0,0,0.0006227354
xgboost,90bd6649b85511340815d37b8ac4f4d87c26c3bee0,0,0,0.0003183587
xgboost,90bdb3f17e687715f25a67952ccdffb810999d7cd0,0,0,0.0014972406
xgboost,90c0c80ade732d186ae25da531357a5be218664411,0,0,0.14127648
xgboost,90c12c9b7de6e8eb224a77824c491b7dabdd52fd4e,0,0,0.00046689593
xgboost,90c5d0c35ae7b489eb9cfcf15962fd500da9ce2721,0,0,0.0009133837
xgboost,90d27740b489a99c767564bc0bbc55a86d3c90cf5f,0,0,0.00044057542
xgboost,90d72987653bf56d1c6eb857c92cf4b19be5ddb844,0,0,0.00050622347
xgboost,90dd692f420e1031f202f875a2a315120e6ba1e2e1,0,0,0.00057926105
xgboost,90dde829d03266a9973ab100d6479b0dbaae97bcda,0,0,0.0002330163
xgboost,90f0738de62bb7397bf47c0cd35353aec7b426401a,0,0,0.00063679816
xgboost,90f668c29830d00b6c7f343b111c967a3e76229e43,0,0,0.0072072153
xgboost,90f8b5887d5a1d475f75375c08154991bfbd1e6c11,0,0,0.023583846
xgboost,90fd9317b3beb76ab47f0555cc150c7100af832302,0,0,0.1601792
xgboost,90ff67038fee5ae3bee7bd63a5629ae5584f37e88e,0,0,0.0006716701
xgboost,90ffded8417757b5bd015dbce2919082a6ebbca423,0,0,0.0079541085
xgboost,91018a4a7629916f855db1629c51ca319280ec8da3,0,0,0.0075805914
xgboost,9102b0cc7058d2366d110e4c94047e19342c8d316f,0,0,0.032567263
xgboost,910ebfe5fecdf4214b6d4613e07dd041f63a047026,0,0,0.0003183587
xgboost,91119a10bfec75eb6134d9a4264f1df9c8e02169d8,0,0,0.130111
xgboost,911720f47ca002cc361290637f3cec2c5419f8cebe,0,0,0.0071041905
xgboost,9118319d19aa70ba0de86da32683261f454d1ad797,1,1,0.6306547
xgboost,9118b71f08b30ca9ec2dde7475eb7bccbd94a3fc08,0,0,0.00029415396
xgboost,911b3a7e7d7c5101600e615985031fc861cd522b35,0,0,0.007081607
xgboost,9120d64380d916fd2247ad2a44139643d9318d14d9,0,0,0.0007948035
xgboost,9128c7012cfa127815c58c073a008bbe3941827c28,0,0,0.2611296
xgboost,912f8e381e33225435768921d14bfcfadb6b678752,0,0,0.0002330163
xgboost,9130a2a46a471773c4652ce12208311198fa26cd48,0,0,0.00034415527
xgboost,91338756d07b5a36e8971fe557ff3a40b14318a537,0,0,0.0002330163
xgboost,9138201947f8d78519d6467b01418a2b8d93c07b7f,0,0,0.039265584
xgboost,913a8e8b04faa860fd27cc68e85f582da713d7ad7a,0,0,0.02976992
xgboost,9143d8ddc6247561b5b6118839a62c4704d58f8589,0,0,0.0009133837
xgboost,91452f8d41808409908b6051ba6303c4ee2f13a763,0,0,0.00029415396
xgboost,914a9e33b78d4e2e150783464021ecce72b926cf91,0,0,0.034143314
xgboost,914e3c3eb8c408d70b86e4170f7697f60405faad86,1,1,0.64371026
xgboost,914f2d0c6e3ebd8419dfde1c686a062280056ac74d,0,0,0.062109012
xgboost,914f838960cc5c0c817bd1e00a0b87838650925a93,0,0,0.019660987
xgboost,9152677458703f6a1743aad76c3cc0d58b03f054b8,0,0,0.07525418
xgboost,9153c9558b71ed2290f77308303b406921a2d855bc,0,0,0.0012346779
xgboost,9156bc1e81ab0d2ef9e310af7a318e898d8754a5b5,0,0,0.0002330163
xgboost,9156dcf370ae231b481660f897536bb08caf638d4a,0,0,0.02197904
xgboost,915b21332b0ae487a35f08af3589dc75d879296a76,0,0,0.00022021777
xgboost,915bef351f1cdd2d9790e8ea4755fd48e75c625b23,0,0,0.0003183587
xgboost,915daf99f63b4a1fe1612ebce81225f7d0b0f49bbe,0,0,0.0003668598
xgboost,915e2fa92adb06ef2f1f12d0aac4ef736243a48a67,0,0,0.036837205
xgboost,91651d2951bc265f011b406985117a27777942d432,0,0,0.0082098525
xgboost,9168a8819470154c265c3a05975dfb053fcc8acc29,1,0,0.13311212
xgboost,9173c0e2dde81825d4dd1fea9b8df737b320ada496,0,0,0.0026684236
xgboost,9179590634a914ccb1c5364b469bf3f3835c49a137,0,0,0.0006299072
xgboost,917d01a3a630b296ebf2974b3cc86df0bfcf367263,0,0,0.00042327403
xgboost,91808b24e041ea748a08daec3d43d368b1a40493d3,0,0,0.032415178
xgboost,918e866451c05bf6b9b23bf579dad43a9f8eadb9cc,0,0,0.034684643
xgboost,9199d8dc1f25545ae86833ae63a5128499ba928dbe,0,0,0.0007948035
xgboost,919b567829ca75e2035a4357f5331a71cc6b1307a7,0,0,0.035440907
xgboost,919c2c58ad95c9ed9a03c26e717003fc3aa0221797,0,0,0.009873061
xgboost,91a87b49d0060dc5701182b494f06d251e8c98ba13,0,0,0.025427664
xgboost,91af95ae77d613b646127673652e41897e10abf963,0,0,0.00034415527
xgboost,91b583055e283b60e45c341ee04b70590213e14615,0,0,0.0010527555
xgboost,91c39b8170efb7c67d0f2b4388ea23cf0fc1a2ef79,0,0,0.028400537
xgboost,91dbf5431017edfdfec8845de512b86796b1acdd3f,0,0,0.032384146
xgboost,91dc590c76e4673e0f59c43eaccca63028c470fd59,0,0,0.028863749
xgboost,91e28f6b7888e9eb12de54d83127c07ce0a149a078,0,0,0.0145422
xgboost,91e53ce1c1f4b5b8ef93f06dbaed4755e64d570240,0,0,0.0003668598
xgboost,91e578ea3628d4e18392f5c00d14b67335b8b5b048,0,0,0.00042327403
xgboost,91e65fdfdb839ff1da69e972352c07a4cd14e388da,0,0,0.00030038686
xgboost,9207b601d51a47a672bd25c95fc5bb1d99c7b0b79a,0,0,0.005607715
xgboost,921838b4f51516a7b4fba19a2faacdb9faca7b712d,0,0,0.0010080602
xgboost,9218f026890dbb7a234f056019d903e6d059325e9f,0,0,0.00042327403
xgboost,921fee291dfbb9b744a3a3ff031b66178ecc5cb918,0,0,0.00037296838
xgboost,922e16e47dd76fc5750cc318145f4cbb575f1eefdd,0,0,0.007815878
xgboost,923025d7356d3dece0fe7287d55ba6647f839faed1,0,0,0.24505952
xgboost,9244d70417230ace1f4c7d98a02f537c0546d11364,0,0,0.00034415527
xgboost,9245058245e10a6b7e82d7d1fee7ae813f628b1175,0,0,0.0011728639
xgboost,924a3466386a8aabbfe80a233ef204f807d324f70e,0,0,0.00042573095
xgboost,924c08fd26b838040299a99b452f3d0181a23d8fc4,0,0,0.013926448
xgboost,9252a606994cc8ca4a3cec8f759b5f6159565e7f02,0,0,0.00035953108
xgboost,92596e15ed71dc12b6a969e6ae89682612f55860e1,1,1,0.64371026
xgboost,9267d1a00a5608c09a20ea32bd94b325f6ccb2aff6,0,0,0.0003668598
xgboost,9269a9938d10b6bb90e366fae32e14522b5f378426,1,0,0.022123944
xgboost,9279d2d08cc1383aaa151d2d541ae37867f8a4784a,0,0,0.0003744533
xgboost,927cfac38cd08d58a16b7e9d23fb6ea6541e8c58b2,0,0,0.0002330163
xgboost,927d8d55c689e7caad65fe75d2571df85702dc0261,0,0,0.00078046566
xgboost,9284e14fc1ffe88ea160efba370af51ea26a2e99b0,0,0,0.00076474703
xgboost,9289cb8765773d78aa51d3c6f442f615fedf4b26f3,0,0,0.00063679816
xgboost,928fa091a3f0228282feb7f7b13898adce3c6fe7eb,0,0,0.00063679816
xgboost,9295f99e95f869da50a623a3629a729fd4c2b18785,0,0,0.00037807395
xgboost,929e4463828a2589927f982e705b3d6cf5b182a339,0,0,0.0006716701
xgboost,92a74846272ad21aaf79068fac2892bad672bc65f7,0,0,0.0022030366
xgboost,92a8f0632f72e67ea61a215aa9a1a56ed43e82fd4f,0,0,0.051092885
xgboost,92ac70d7cdc2323177b7935650bcb2570dba8c43d1,0,0,0.022936577
xgboost,92b78b382db0d3fa6eae83783098ab335afd9465e2,0,0,0.0012346779
xgboost,92bc1da66b06e4f19fd75d1aed362a3ab67f7dc6a9,0,0,0.00030038686
xgboost,92c72c04be923f2a55a86df3cabe3faa5d9d77ed8d,0,0,0.00021901939
xgboost,92d6312df53cb5cc1e4b4b48c8cd9a07e735189bbe,0,0,0.27309594
xgboost,92dcd54150366850a391ecc4015ead9fdda18b4f58,0,0,0.13258594
xgboost,92dd9869f6263672375510af9cb687ea47de9e80bf,0,0,0.2611296
xgboost,92ddcf9fcfc31c693f1e75a9dc86738fa93f732763,0,0,0.0079541085
xgboost,92e3cca7ef0fb1d5298c180b0847a2b32f36c2c2b2,0,0,0.0072072153
xgboost,930802727ec2ed8adedba64144e0772c119bd178c1,0,0,0.0014350319
xgboost,93168cd79658374d08f01d964bdf5e84ae96b06c28,0,0,0.00029415396
xgboost,93186f82e41c8c3b030791e86d9eec4c9a22fbe354,0,0,0.004707436
xgboost,931926cc6f88c41372f33213b0f5e1508f14226bcb,0,0,0.00022021777
xgboost,9324fccdd51dd7e93e998574319dea59e01823bd20,0,0,0.0011728639
xgboost,93328e4272912cc90aec9ae66ad8f4fb28664272e2,0,0,0.032567263
xgboost,93357856a1d245101efd2c511191b8a779cef719c7,0,0,0.006064744
xgboost,933c8c89cc33c3160f3cf509c9c70ff500b723d705,0,0,0.0010099511
xgboost,933f569aaa9090658486f558e5dbb0b548743908ec,0,0,0.032735623
xgboost,93406b813dce8ae210280df365de4282aca2bc1669,0,0,0.05965953
xgboost,9344e3513382d557e90129ab5ec285fb0dba453596,0,0,0.022123944
xgboost,9354cc071d276775e428e8e387a669cc58f211fb42,0,0,0.00063679816
xgboost,936a8f54de55a744ac01dbd5a026e7fe3c99b9941e,0,0,0.00029415396
xgboost,937391e74773677943bae8dc2984971638db006448,0,0,0.0014972406
xgboost,93760c3fc94d1d6b39453a99d79eee5a5fc42d67f2,0,0,0.0006716701
xgboost,9383c3fda8bb1d759b9dccd4232f20f37d6e05da1b,0,0,0.00034415527
xgboost,93842bfc14956b5ffda0342d41e07f96d9f58fc62b,0,0,0.007815878
xgboost,938f49d9505d8e2bfd08b763935c23ac3bab40edb2,0,0,0.00044057542
xgboost,93946d58b7403ab2c267290404e167824de7bbaf6d,0,0,0.00042327403
xgboost,939a5b02ad766b18b9cd4c7dcb413e60fe8dcd01dc,0,0,0.00029415396
xgboost,939a6ae9ac6fbbf26051b63317f0e85424f127ca8c,0,0,0.1394689
xgboost,93a51eac155012a66f4942fcdd9f28a9d2803e381a,0,0,0.0054252394
xgboost,93abfcea512ea5308b1abf05f300e0b23cb2f713ec,0,0,0.1344866
xgboost,93bca4bb6a852334b8f1ca0717176c3c64aba8615e,0,0,0.001108906
xgboost,93c0cc7f9a04ce8b343ffd34d1cb5db0f4df12c771,0,0,0.026038293
xgboost,93d2ebd4f191af45f7f156b3d40a6afbaa6ac8f00b,0,0,0.08505226
xgboost,93d5a702af90f084e2277358180f5fab8952062cc6,0,0,0.008079678
xgboost,93d7aec7de15e299f48e2a698be2eb545ba47734be,0,0,0.013584213
xgboost,93eece6575994e856c6538e5f5087ebfbdbca2dd60,0,0,0.23849966
xgboost,93f5142d5b823294c8c7005e1a08e947376c73dec1,0,0,0.021266634
xgboost,93f5f2bc1d6a11342bee0bd83bf0b576e84de65900,0,0,0.023674697
xgboost,93f5f733383a156b35cbfde7db0bb66a8eb5ae8e82,0,0,0.0006299072
xgboost,93f75881b3e1b98fc0f2067dd8a5057ead45f1b142,0,0,0.0003183587
xgboost,93f9ce8037464038d0f746795361c66b9ae4a30659,0,0,0.14665343
xgboost,93fc86de72563c800969849d602d5222ae60397751,0,0,0.051092885
xgboost,93fdc8685d64960b1b26c3ec5a928981603450eae9,1,1,0.6306547
xgboost,93ff81c9c237dd777651a8ee5d54b951ca774a39f1,0,0,0.07795346
xgboost,94045c2512a48ffcfd036b224fbfa6c7ccabddc261,0,0,0.2611296
xgboost,940c251befe5aecda808b917538ceaf19794ec4c3f,1,1,0.8535009
xgboost,940efba6d970916aa74034e4661764aff0dc786e3e,0,0,0.00041254555
xgboost,94159044df0912d62bdf96f138e0568d8f29cbecbd,0,0,0.007452481
xgboost,941b213091e92eb2d09f7faa7da6564637dda7c418,0,0,0.028400537
xgboost,941d55f202aa261e2b267ea416c0e56d52795d4fe4,0,0,0.014806572
xgboost,94213fb3876a03e725467a24b4f73dd2bb964600ac,0,0,0.0012346779
xgboost,94228c4c4bda0725faa2f4342314eacbffaabbc5f2,0,0,0.0006227354
xgboost,9423f0fd63b6a2284dab5182444586bf677af3b748,0,0,0.23849966
xgboost,9433d0952c92e1074d6f45be09a07987fccf9426f2,0,0,0.0010099511
xgboost,94344bf357cc6be9ee4e3242aabc7f0e11da31f3d8,0,0,0.00029415396
xgboost,9438f9fc6a1d881a2e9e390a1fe8717dec08f6b115,1,1,0.6306547
xgboost,943bba5b06aa15ec773be87e712a40645d7814436b,0,1,0.64315486
xgboost,943cd9aae81ec192241c81942daa10e67aade99570,0,0,0.0003183587
xgboost,944fafc0de22fd7bdc95d2ceeb160288d573967f6c,0,0,0.0002330163
xgboost,9459eda512e8788d2f608c19e274918fc369ad432a,0,0,0.013584213
xgboost,945da469287e1058ae401311927481849d769b471a,0,0,0.0002330163
xgboost,94615f4a21619b798dd2991cb06026b91587473372,0,0,0.0003183587
xgboost,94629d2d092d6a9a70514d4d084a6d9b0652fa6a35,0,0,0.035440907
xgboost,946382a428cb7032064d759e68b0b73f3f0dcd8d30,0,0,0.1311861
xgboost,94660148007e3be893a615bed2c88571494b7ebd58,0,0,0.010306311
xgboost,946768202243366afdea68e4a2a07fc1c2bdc6cb9d,0,0,0.0003183587
xgboost,946eaced9f8b37420a79a3c26cde5df254f17c4419,0,0,0.01537847
xgboost,9476713000ffd77832bd68cb07768b1f20ad9862a8,0,0,0.0006486801
xgboost,9498d07502528236778f28549d66194a524af1f5a5,0,0,0.020044776
xgboost,94995165f61d7a86b6bafa1ed6b2f3d5d692b3fcbb,0,0,0.055719044
xgboost,949bf1726bed5010d24e1474b2b4fb14a592db12c3,0,0,0.02052949
xgboost,94a4c7ffe1162f32ef86f214f7b378df24fe20f831,0,0,0.0002330163
xgboost,94a50325d876f7b6b99d6c3728d3a8d137c980b203,0,0,0.0002330163
xgboost,94a61843dce71bd6f92f4b2cea9cada4c1c2ca0327,0,0,0.00030038686
xgboost,94ae233a637680233861fd29b6bed6fd09c3f6bff5,0,0,0.27309594
xgboost,94af9949de87faebc0f5a9608a5949c4ed97ca78c8,0,0,0.00037807395
xgboost,94b90a569b378dafcab6543d9fe6a9183ad55d41a1,0,0,0.016326247
xgboost,94c7b337a8f14792d6b51d168fb30e98fb97e935e7,0,0,0.0006486801
xgboost,94c8e0e680ca81ec594b60ea1e762aba45000f58e2,0,0,0.0003183587
xgboost,94d10f5e97002a8d97609cdceb52ff2d1b3014f75a,0,0,0.019660987
xgboost,94d4348857bd368c51c80fefd3e46498473fc8cddb,0,0,0.0012069565
xgboost,94d69369be4b7107b84fe88e60ababd9e997015a49,0,0,0.0002330163
xgboost,94d9d01c75752b04ef86866919595236dbdcac77e0,0,0,0.0006486801
xgboost,94dcafed3775588a0bba18a8af8786bbc4462cc92c,0,0,0.00947048
xgboost,94e78d4c045d45b53601da94934e3366227615e294,0,0,0.0003183587
xgboost,94f2dd2f8fbabf81cfa64c86703492f8703343211c,0,0,0.00029415396
xgboost,94f58437cb97fefc43df084d29b884c0f73005e57e,0,0,0.00022021777
xgboost,950c5e2d76ff57980c72b765b4cf3fc5829c8675ad,0,0,0.00029415396
xgboost,950c6cdd9c546dfabb13add269f9a15f8b4639e4ca,0,0,0.0006716701
xgboost,950e547e9a5c79b265e207d934ffcef25c956d6581,0,0,0.007081607
xgboost,95128528e37bad889bd412c0e8a0c983dd299e356b,0,0,0.00030038686
xgboost,95163b41da75319b57e4404e2a582fa52ee2230d90,0,0,0.14156424
xgboost,9517ab7d3c2290b43b796b4aa1195f47829ee698c8,0,0,0.023720916
xgboost,951865d2c3cb2a72905d629dc7487b7beee6874ce4,0,0,0.00042327403
xgboost,951e8cccea58fbcb524d716975805096c48311ed1e,0,0,0.00046689593
xgboost,952ff9ca63d52706c82f215447b33a6e67a0eb5f21,0,0,0.0006486801
xgboost,95376a47b72e1aaf168ba1833a160872503b261dce,0,0,0.055719044
xgboost,953c05de79579ee7357f88af7b077ea5bee3770f84,0,0,0.00042327403
xgboost,953df659f73af23277c61407c8eb91af04be7ffe78,0,0,0.00022021777
xgboost,9545904b56a90bc8e8b549bc8bd107776e06560069,0,0,0.130111
xgboost,9546ca761947ab487d387a63b4586796e027e5a3e3,0,0,0.048198212
xgboost,954d12febee4107c4e200c8af930c09b6b2d948f40,0,0,0.008079678
xgboost,954daa617db5af0faffcfaf2d0b31572283cebbac6,0,0,0.0029865296
xgboost,954dbff55094ef47cd6cefb2cd884bb25490c7b33d,0,0,0.00046689593
xgboost,955a86e333d2271b6fba910d3ee924d5e9ed77cd31,0,0,0.00042573095
xgboost,955b829a337bf5f58d1086bf49a77d82c7d86f8628,0,0,0.10867284
xgboost,95614f05178516d8ac3e8215802e6dbfeaf1b2f304,0,0,0.003925084
xgboost,956c152fba5dad5232317cd41d9a60389291cc4d9b,0,0,0.034684643
xgboost,956eb336d90253fb02136d13d7491b70f493d9917b,0,0,0.00042573095
xgboost,9577a630d6b75e9d8057753510b27126ad0b87cf61,0,0,0.0003183587
xgboost,95813770d2839d9d408a257f4ac86a46a6e56f8d10,0,0,0.00035953108
xgboost,958a60605dad8bf2ab2e1045513c274f6dd6345f53,0,0,0.25800535
xgboost,958fb0ccaedf84ffaf46b24682e0eedc8657594e14,1,1,0.6306547
xgboost,959079eeaa1294f84c00e95bb8fbac838e5f136de0,0,0,0.0003925852
xgboost,959c62ebde4053f5d2f8b6a24f944ed1c24fc2612c,0,0,0.09457625
xgboost,95a38d5a8184ab3ab94c3fcbfc1cbb45f48f1469d0,1,1,0.6309033
xgboost,95a8e888f11e247cf50fbe3ce64f46c7fd18f452c6,0,0,0.00029415396
xgboost,95b436446a98e98004ddc548f27a201bc7dc421e73,0,0,0.005197153
xgboost,95c19f01eb00596ee2bb93c48e91fc470e202f0855,0,0,0.00035953108
xgboost,95c1ae4e21f756c18d024e358c231cb57b5312d0a4,0,0,0.00042327403
xgboost,95c2a21e09518218e9a84b272ce7ed256ed0f2692f,0,0,0.0006486801
xgboost,95d06a655c9ef3c516b3236a7fe063a7ce3559eb1d,0,0,0.019660987
xgboost,95ef495c643901ede187a5119a9eb8547761ed1e3a,0,0,0.0010745612
xgboost,96027a21a3a52b232bfd7fa866eb023cbf3b11cec4,0,0,0.0003925852
xgboost,960494bc82c5272993d623740c0c7c5ffbee5d2497,0,0,0.00030038686
xgboost,9608abb0bc9ce51f3a62ce2a6c5785782b0194b75b,0,0,0.024599493
xgboost,961293262dcbc1d7b22322d82d3e01fad6d06bc41c,1,1,0.65877914
xgboost,961934cc6cb4ba302b8627a5e5493ae0a8439042c7,0,0,0.0075805914
xgboost,961b129f379efcd9fbb80fbaef77bf57bc0adc97c5,0,0,0.07681343
xgboost,961d03b0ff90a98497c4033b11bf6440f7daf1d86f,0,0,0.0012346779
xgboost,961d82ea4cd1d5d492353dceb6280ed943376fb307,0,0,0.010490675
xgboost,9634740afd8dfcd2b89c60dbcdd818074e14442a88,0,0,0.028160574
xgboost,9638819c86d8e32c778746b7d13d8228560f6277b1,0,0,0.0075805914
xgboost,963d547e116a7f58fba34506fcd700acbde1ec8f00,0,0,0.01190468
xgboost,96453b5ea63c9c5c48fa534c2acdccdb061e9f6bbf,0,0,0.007603714
xgboost,965332ed5eda241a048d8ca90f45a202be8857fff1,0,0,0.00042573095
xgboost,9653f0e4503d73f6de702548505928eba59066d70f,0,0,0.00037807395
xgboost,965a818f7a4cc0d13723e313e4f3d7f94141953a74,0,0,0.00022021777
xgboost,965f4135628b69472902a0d2a907a240bd2d2a6b77,0,0,0.0079541085
xgboost,96609c9673aaed40a511399ed16ee9d092bfa04ce6,0,0,0.0145422
xgboost,966581631ea1b741cdd011c040b64d89c13ecf8cb4,0,0,0.0082098525
xgboost,966675b6b4813cc1cf94d07ae531c6c27ea47e0588,1,1,0.81158566
xgboost,966b93b18bdfc89a166180008297041785419660c4,1,1,0.8535009
xgboost,966ba0da177c84f3ab107cc8de31e4fc1795b82760,0,0,0.0002330163
xgboost,9681ac1683271d8b9201b7694d63e90661b42bdcf8,0,0,0.00044057542
xgboost,9689c661f4091a9e6b6bcc89069b50a26f6625018b,0,0,0.0002330163
xgboost,9692f89957d9a3807a4584b7f277bcc2d728ec8e62,0,0,0.0013066181
xgboost,9693c7e513069d4f40251c4bd1b360fa6c07404875,0,0,0.023674697
xgboost,9695549d0a3b6dce82d0f42ff769e1c70dd67397f4,0,0,0.011111367
xgboost,9696ac976e517dadf2f3fb806c27029ee960baf3e4,1,1,0.6306547
xgboost,9696dc00a45aa3e0688c2a80fd17c7c0ee50ea6124,0,0,0.00027319163
xgboost,96a6454db0138d15fb0c6d20695b47ee6666c42f34,0,0,0.00042573095
xgboost,96b3079c0ea36e7a57e3f6118b9df10f5a2df791fa,0,0,0.035800178
xgboost,96b318d852a383aeb892d329b3b22b91a57787e620,0,0,0.09457625
xgboost,96b863eafe8bb8d6168a23c9cfd5c50aeb2190d2a7,0,0,0.004977948
xgboost,96b9fb1754968a1e836cd5e7dab45a24f4caad9237,0,0,0.0003183587
xgboost,96ba878e26351e6483c17cc0bf2b1cfe0dba6f27c4,0,0,0.0003183587
xgboost,96ba983b9a9e5b4cc15694f2e3c6afad8389e299a9,0,0,0.10463009
xgboost,96bed354dfd3c2e355581ba79c90f610bd2738c839,0,0,0.0002330163
xgboost,96c152f72acdbf33c282dc79ca0fb51876662dbe3f,0,0,0.00034415527
xgboost,96c3513c90157a8b1b536433f221f5112011632773,0,0,0.0010763843
xgboost,96c7ed9e29a743ddf3f32ff21a88d3be45415cd18f,0,0,0.00078046566
xgboost,96cf09809ca800a6ab81259d10497f0460f85b35b7,0,0,0.008079678
xgboost,96d7ff015827102d5ff731eb9aa417abedd1e01cd4,0,0,0.00021901939
xgboost,96da7d0269d88f5869e12c15ef7b5d2bcecae29935,0,0,0.00029415396
xgboost,96df181a83328d9a5e08194fbe17f825757bdfbffa,0,0,0.00057926105
xgboost,96e7f318c32845bbab06db184a91e7231a50cb7ad9,0,0,0.051092885
xgboost,96ebbb873097e730a9aad26331af9dcadb66e053fb,0,0,0.0013066181
xgboost,96ef7b611bf48d6ff132bbe7cc278facff2249d175,0,0,0.05965953
xgboost,96f038ab9ae510ab835fb903c8275583ab404551cc,0,0,0.0010745612
xgboost,96f3f7a1369d50216a0c692fd728c1f94da117a902,0,0,0.0011099989
xgboost,96f5150e2df365e15f03bccec84132aa0cc6c63f49,0,0,0.00042327403
xgboost,9701de9a8f8035dfd814930c254e3c3180028b2049,0,0,0.00022021777
xgboost,9703a6120c0ff7b90cb5d833f8e2a085b8e7f4922a,1,0,0.036747593
xgboost,97059410920402cac1021ac245def68ad0ea60d7c2,0,0,0.00046689593
xgboost,970c3231b6271536fb9d9c643e57b06ae7c4237357,0,0,0.0013289296
xgboost,97172a8b13c89f5b46eba3f23354f7ef721ecb4cd0,0,0,0.16855088
xgboost,971e6bb5b3e8937a179d0a0c643519f0e5ad786d2e,0,0,0.00029415396
xgboost,972cf92be56bfc4e4092f2fbccd06648ed0daa7dde,0,0,0.00029415396
xgboost,97304f8a28bba67ae024c1f7f64e8fad2cab125cd3,0,0,0.021266634
xgboost,973b6895ef12cfbdec4513a0fdf064ade8643d57cf,0,0,0.006094069
xgboost,973ef450c81654eea66298f33ac86b4429ef2e350f,0,0,0.034807306
xgboost,9743f71178cf2ed5e9ff9100700f6f6307839a2560,0,0,0.0003925852
xgboost,97444a8acc64539cb9feb5f9bfd30aaf72aacd82ab,0,0,0.00029415396
xgboost,974c857d0c4f3e357ff0eb5fdb7b953c8a76031e6f,0,0,0.0014350319
xgboost,9753dbba044ec9dde26ae3eb8ea8ecf05ab854b40f,0,0,0.14127648
xgboost,9753ddbd6a66a0242d2425ada90d613b08d73e8fb5,0,0,0.0006486801
xgboost,975c326415f232af1d20d3a6770c81005fa8bfb659,0,0,0.0003925852
xgboost,976d56c9d97516ab21ffa63cc548562287e4694af2,0,1,0.65877914
xgboost,977578ee2153f8735c5f3840b28377cc9d84cf4016,0,0,0.011111367
xgboost,9778f8a0b72b7cd93e854b999462d4b9cb3f14a8d1,0,0,0.00034415527
xgboost,9785676b9c1fe8561d07fcb865f68b4b1c734a4fe4,0,0,0.0013208393
xgboost,978fdffb04743f3f73c3c5b89437e95ee5d5277703,0,0,0.0003183587
xgboost,97a162d1c702c480b54356f3ce2f9f3aaf3273df7b,0,1,0.64371026
xgboost,97a303c5169bcaaab473872c8d89786ac143aed176,0,0,0.00022021777
xgboost,97a383525a69b8cb8bf3065a0d1d21dfde13b40741,0,0,0.00044057542
xgboost,97ab601d63787403ce95d6048085f6886efd4b8da5,0,0,0.036837205
xgboost,97b3b9826d9a556c775234b272ef1ed7a7dcb4aa04,0,0,0.00022021777
xgboost,97c3aa44f7174385d5a86bfec4b07e8d5aaef43a92,0,0,0.0043070638
xgboost,97d12b1e4d094dfad098cf2fc452358d0223dd7a52,0,0,0.00022021777
xgboost,97d39df3dcf24a87e9df7ff34ab0a9973101690228,0,0,0.008142038
xgboost,97d6c41047c7adedf872263918da5eada9503bde3a,0,0,0.00041254555
xgboost,97d8d88f98bea87329c061d758c0fc62e6584c4188,0,0,0.00034415527
xgboost,97e2cd91d6831335530f95b6ebfadb9a4253c214a0,0,0,0.0009429115
xgboost,97ef4135fbcc2f97005e54a846b5673828adeb4e37,0,0,0.00022083636
xgboost,97f5dbb62c9faadc63d912e33d5636ec5739ffa90e,0,0,0.0011728639
xgboost,97fd13bf7f956cd76ea37935d296eedd4c80cc2aed,0,0,0.15299495
xgboost,9802b76cd5e47d37b3913ddea6c78862e2bfdb1eda,0,0,0.22801352
xgboost,9805eb2c1ca1008cd999ad6420d487450ba0234068,0,0,0.022936577
xgboost,980fea2e441caa09977978e391649fb09102c334f9,0,0,0.0002330163
xgboost,981011e1700f428214edb8609a9ac2f7f1de19bf51,0,0,0.27358052
xgboost,98106c77f376c65e69f2b96a9e454df3316e6f5d34,0,0,0.0013289296
xgboost,9810e6470b8235b861ed8f7d13a7a2b226cadc312d,0,0,0.0010745612
xgboost,981e57acc7ee5b7b9823819a67a84a965e106b514a,0,0,0.0010080602
xgboost,983592bdbcf0b719e53bed5a26ba96f442f0b75b82,0,0,0.0006716701
xgboost,983c7b7ddcd032706f1e6490c2ca83d87af62c3bcb,0,0,0.15244524
xgboost,985c3664315a9952b13ce60f7111d80b611ccb9682,0,0,0.0069351136
xgboost,986b26b1b0a45279ce8b8744b8339b1d09044f4288,0,0,0.00086060417
xgboost,986ef19112d225a2722f7ecaec61cdfb1a9f39de81,0,0,0.023720916
xgboost,98729e853b1e48c695f5c17de9c4bde9177f960379,0,0,0.00046689593
xgboost,98737b8096ec0fe8615f6133effa68b283c9ad50d1,0,0,0.011111367
xgboost,9878520fe9dbfdb809a4fe404cb5d8dab73b340ed8,0,0,0.00041254555
xgboost,987944e0fe27cc0c776130c76fe6b3c58c544f1740,0,0,0.00086060417
xgboost,987c944c0a25c41bb34f5ddebd7f56a87ad9604538,0,0,0.00029415396
xgboost,988221005e70fa0eb83a833513a2d2be6c4febc4f5,0,0,0.00050622347
xgboost,9882c3409bb06dda9dbe68af8b965a2e7ed1e8a168,0,0,0.00029415396
xgboost,988420b6d9f958ac885225fea9ef43d08d6503c2da,0,0,0.0068733734
xgboost,989187d5ef18400385b8ac23870930b6dd0ab5933e,0,0,0.059063297
xgboost,989864150b39997aa31ed095213c2dd99397a20c63,0,0,0.014806572
xgboost,9898f75ad09300c912774766cc51c2d35bbf823353,0,0,0.00029415396
xgboost,989c6d289768dae4762dc97b952946264ee4732079,1,1,0.6306547
xgboost,98a18e00085bbe73f10ca75f1660f1cf5f9c379e99,0,0,0.00029415396
xgboost,98a4a004f7802240b4db95fa270bd32e2754c45b99,0,0,0.0003183587
xgboost,98a750218559db3a3dd4b64fb05131f3e1c195e016,0,0,0.00086060417
xgboost,98bc2efe68e3ee5ba0c1b2c33843e9f63347c4dd00,0,0,0.0003183587
xgboost,98be6abedfa5f57dc36b290c6b7f0d565cf246034a,0,0,0.0035622227
xgboost,98c244cb84e8530ebe8c1494837b0e20e746e6b9d4,0,0,0.020047948
xgboost,98cce1d0b56baf75eeb43f4909b6b8979e109d45c8,1,1,0.64371026
xgboost,98cecf6fc6813405e3bce1dfdc883bdbe77fb055d2,0,0,0.055328384
xgboost,98d8529eef2cb504868296f14d698b79a1470107cd,0,0,0.02052949
xgboost,98d8c3f6ff203b17912b1b19a868366493f6d4f8d8,0,0,0.007081607
xgboost,98db1c20bff64a48407e2c44abd0791123c322ee93,0,1,0.6306547
xgboost,98e1ebe18ae454c30b7cffa775794e5224f5eebbb4,0,0,0.00041254555
xgboost,98e82f48491e6b37c9df00f7dd3be6f1bdd7c8ab35,0,0,0.00042327403
xgboost,98efa460059a9861ff63971412b0139169b8125e73,0,0,0.00022021777
xgboost,98f110b3fd087af8db37f55d86af61984cebfe89c0,0,0,0.27358052
xgboost,98fa5f605fa1f695b6605958c5bc17eea239e1b060,0,0,0.0043070638
xgboost,98fc62fd587e47db31d6a6cc19948167ab1105de57,0,0,0.14665343
xgboost,99015d6c86f9a2b4b8de60a7e2fc9ba756b32353af,1,1,0.64315486
xgboost,9905960a56b64819b50e5b99b69996954113de1266,0,0,0.00076474703
xgboost,9910e991e0990dc388d9bfebc0efe4e19703d284af,1,1,0.64315486
xgboost,99115604f58621bb0921eec02090a3fbd6e3dd5b68,0,0,0.00034415527
xgboost,9914b3c5a92b7e386aa10d005dc93c43414495f002,0,0,0.001583293
xgboost,9916b4e50096f82cf55cfb518b52a72200deeff4d7,0,0,0.0003183587
xgboost,991dc64692b6ed4c9d6c153295e410ccf9a69d8e1b,0,0,0.00063679816
xgboost,991e3af96e7a7798eb58ff947776a94450f20c031b,0,0,0.015253741
xgboost,991f651fd07691269859baab30664ff33f335f6553,0,0,0.028438905
xgboost,99270917d6e707c6ec73ff612b6ab02748d167c95a,0,0,0.001583293
xgboost,99283ed2d0b6c457186e5f33c356e193fbe93f395e,0,0,0.02379403
xgboost,99288cd19d26933a04e44ce786cebd9ce37c4aed76,1,0,0.2909299
xgboost,99289f32cdd313699c7272c80a8f3b5371bbc849a3,0,0,0.0009133837
xgboost,992d71468deabd9dbf34dfe936fc3020fb8633c234,0,0,0.022560947
xgboost,993fd4f52c77099583b81fda9fdc0a0c12614a1a99,0,0,0.00035953108
xgboost,9943ce52728ea02fd91a2d7c311db22a6fc10444e0,1,1,0.65877914
xgboost,99585e20f9e28bf64e260f12777d5f3aa1819c8207,1,0,0.025427664
xgboost,995b58895e8119f9b19923b77dba5e565dd9df2dee,0,0,0.045225002
xgboost,9961eae52cf1084b8d5452c85ffd711ccf7de72b07,0,0,0.014183076
xgboost,996bc1c09726fa79637976fb2332e958fafe4f1c67,0,0,0.0081455745
xgboost,996d1ee2ca9cff9696cd4acc26c985d8073ce0141e,0,0,0.0014972406
xgboost,9973265dc8592e2e72f52817c9b912f23a487135c2,0,0,0.00062770204
xgboost,997c7be46861344d5863b0f1a0763e40715d807fa2,0,0,0.01557858
xgboost,9995933e699dfb7e1ffe8845429007285c6d34426c,0,0,0.027860904
xgboost,99988d2a379f4b3ab3ceaec5f1e651772a377eeba3,0,0,0.00094434194
xgboost,99a00a60a6a5b9baf700fbacbe9e1fe7854bed2925,0,0,0.00034415527
xgboost,99a1b600bf3c71e5399eeb4d04b54f02ae469dabe0,0,0,0.0006071794
xgboost,99a3310d406ab892b26c3d0cddc6582bc47b258e62,0,1,0.65877914
xgboost,99a381c7c2490a0237925b4d5f291007a42abd92c6,0,0,0.14127648
xgboost,99a3dfdf0c0df0f5687cf2d69c8103df5bb786a8e9,0,0,0.0009133837
xgboost,99a4bae25233fbf2dba2732e367456c0cf91ffd622,1,1,0.64315486
xgboost,99a7d5f824d90f8b0995c2305272ad7b3ad29d7c34,0,0,0.00034415527
xgboost,99afa64ada2a8d4608f54743cbed15027700d9a965,0,0,0.0002330163
xgboost,99b6a0b91106342dfe64b563b58ac46beb52a0d7ee,0,0,0.00063679816
xgboost,99b8e80d614bdf521fbc652ea9fdf3c762225afcc4,0,0,0.1344866
xgboost,99bb1d9dcbc17209cb79a65bd808b7c5d6d053d888,0,0,0.0082098525
xgboost,99bff9c3321e2d53174cd6775ceb095009f2d4870d,0,0,0.028290404
xgboost,99c372ca8524bf3acc55ad789cfb13e8ade524cdc1,0,0,0.00037807395
xgboost,99c4f1844fde96b8f748fb742ea252909deb5d369f,0,0,0.006064744
xgboost,99c507c38f6daa1e4d128f01e984a4c7ad676d4f75,1,0,0.19783552
xgboost,99c6373519674f6464ecdeecfc95a15f9977060859,0,0,0.2909299
xgboost,99c96182190b24d5dff880f064736a87d83e905953,0,0,0.0003183587
xgboost,99d36e06cc7f3688ecf4389c48b93e2baf33617cb8,0,0,0.00046689593
xgboost,99e63b85b0d7b57bd100e4996f4b1c290f9ca18cc8,0,0,0.0002330163
xgboost,99e67b6e2974da3ef4dc7535d19679dd9125d2d59e,0,0,0.036747593
xgboost,99ee96c6992c439c97d6db124c9c3e71f628d87118,0,0,0.0006716701
xgboost,99f275b0dcbbe62f283cd002eb7cdc93ba0007f371,0,0,0.0002330163
xgboost,99f2888e4eef07d1d7ab7ef662339b44ae0eda15d9,0,0,0.035688996
xgboost,99f28fbfda096155b7c215b59e21108f6dc002b16c,0,0,0.014183076
xgboost,99f3f96978a03c1524d9dfdbb36b6d01b24b31d107,0,0,0.0013208393
xgboost,99f550fbc4b0000bfc291dba7f8d98958338081698,0,0,0.008142038
xgboost,99f743f61b7ce3725445df1a0608b2e1d2c9531a2f,0,0,0.01557858
xgboost,99fcc779434aa85d71e76eb1c7541751d76173d2cb,0,0,0.0003925852
xgboost,99ff18361d4f7470aab16aa8846ef53c22a8f1a398,0,0,0.005189585
xgboost,9a00ebea8c3c50d7740a3e45f0665633945ddfb4e0,0,0,0.12780893
xgboost,9a033fe948ffaa5c13ad31fa8581d058c49889b3cc,0,0,0.0007948035
xgboost,9a0f64dbbaab5a4d2f269ec255cfe29af439cf1e7c,0,0,0.00042573095
xgboost,9a23247bb842437a2c6e1ca06eb2c74564ff457551,0,0,0.009873061
xgboost,9a234fc09720efb66d30206b9968004a3ea1071422,0,0,0.00046689593
xgboost,9a3cab4d7c76cbe035872dca2582f40b6aba4a584a,0,0,0.0014972406
xgboost,9a48e8ce61d41f12830a6ed0fd77ce83d139859b9e,0,1,0.64315486
xgboost,9a4e34d92bab8c5bf77d091f0a47e174dc008d4420,0,0,0.001583293
xgboost,9a509cc0f6bb8e01372c6c529ac5207bd603fcbed7,0,0,0.055719044
xgboost,9a53c28febd5105d928b6fc4ad4814cbf479bb9e51,0,0,0.0009429115
xgboost,9a59c6a1e01da7b946a32825f98e7fdb53017a6cef,0,0,0.00042573095
xgboost,9a5e104e8f560683d04189cb4ab0ffc3764a5c210a,0,0,0.00094434194
xgboost,9a6bc8c9fedad16a9ba181500f3e483c012de589a0,0,0,0.013926448
xgboost,9a71f706374a0bd57621ae7e93166e71dbdf281db1,0,0,0.0002330163
xgboost,9a72775b491eb5f0b203513435ba50d54aedd59f83,0,0,0.0006299072
xgboost,9a74a2f6dcf41986f127704252c9f6f9b79154198c,0,0,0.0007948035
xgboost,9a7d8911a0bbb90614e50767cd07f4518b7e85669c,0,1,0.64315486
xgboost,9a802bc805140a72b5302800671014469bdcdbb372,0,0,0.00029415396
xgboost,9a844ecebd1ebb83ed46c79e8584e2678eb5becd4a,0,0,0.00046689593
xgboost,9a9217e275dc314332e2ff81b510325fa24b3ffc34,0,0,0.023720916
xgboost,9a974ad65c39eccf1ec17009defb321831bf73aeb4,0,0,0.034807306
xgboost,9a9bc1284a00b8132de954d8e6ebc3a17f36f71162,0,0,0.00042327403
xgboost,9a9f08912f889b57969550c23d5ae9dbdc59d6bbe5,0,0,0.007081607
xgboost,9a9fc74262e293b28848f597620a8a95658cd7c64e,0,0,0.14127648
xgboost,9aa1ee8e1f4eea388c3a96fa75af8f00320b8d36df,0,0,0.00021901939
xgboost,9aa2026235e32dcf6f6d1bf1bc4488e26a533abb9c,0,0,0.026810737
xgboost,9aa60285c887cbeaaa10d4f089ae487291c9485b02,0,0,0.00034415527
xgboost,9aad726e2aba4bd93a5a4ed605e9298640404549a5,0,0,0.0002330163
xgboost,9ab8068947c17a9e3cce8851a1a03251b59d9b5834,0,0,0.00057926105
xgboost,9abdf986641a6fa03ec2535352081b0f2ed415c85a,0,0,0.03023339
xgboost,9aceb33c2970680d8da9239cad6f1508f218daf7f9,0,0,0.028290404
xgboost,9acf80cbb57266def559ce1075833e0b5e7cff8ec6,0,0,0.0010099511
xgboost,9ad3c831e3e39c99e408b22ac7becaaf97b558464e,0,0,0.0006486801
xgboost,9ad99c99e1c6e3053be634fd91be50576e55966eb9,0,0,0.00034415527
xgboost,9ae1d6e14567d4f07db8bd4c484c6b775e4e3a2475,0,0,0.00041254555
xgboost,9ae8abb98300411da203077f5fa36e75c90fbdc318,0,0,0.00086060417
xgboost,9aefabcd049398191b97b6d2f6d68c9871999e5732,0,0,0.004916782
xgboost,9af2fa26b391d3aeff99d1469f270d517eb16d6df1,0,0,0.00029415396
xgboost,9af96b3c649b134ec43a13b07512babb6e34cd894e,0,0,0.1841312
xgboost,9af9f37aa6c30b2abca12ee896c82b875898e5efe4,1,0,0.0006071794
xgboost,9b02e10296b07caeb8a71460f76d746d58abcb5fa0,0,0,0.0006486801
xgboost,9b064a8faa03deb94aa6e07377d30c467422c74ce5,0,0,0.01537847
xgboost,9b0839944619f2d3f6f0c35b7742727877396a1dab,1,1,0.7972502
xgboost,9b0914daf8655281775ecf4bcc8d89f93c6ba6505e,0,0,0.00044057542
xgboost,9b0afbb210fe2cc4b9c648faca64ef70b148aad5ef,1,1,0.6306547
xgboost,9b10ce15bc76d919fd1119f2276c7d65207d7bfd97,0,0,0.0002330163
xgboost,9b1a882157a90e8c136ed42d73a0e81b8a02ee3001,0,0,0.00034415527
xgboost,9b1d6eb02c68e35363ffed0f04ae1a31bdd1ecd3f0,0,0,0.0008583634
xgboost,9b21815b8838072982a2289e665adbfc8104751310,0,0,0.0010745612
xgboost,9b2300aea29db2fcf472990c7c77593562881c99ac,0,0,0.096435696
xgboost,9b2884f9cf78efe0bbfdbdf70380f63410bfd6bcb0,0,0,0.00029415396
xgboost,9b29843bd3bb10e375650625fcb44577df6714dd6f,1,0,0.13653083
xgboost,9b2d5e1fc366a519d499271e1879505b000684bf33,0,0,0.00022021777
xgboost,9b30d7eaf433a1675f1d5b8c244aa7f9f30c721861,1,1,0.64315486
xgboost,9b3267bf1169b6176d9043610bf38755e85a94bf3a,0,0,0.0003925852
xgboost,9b34192af94b00e6c58dc3dd6b9d8282d442598856,0,0,0.00063679816
xgboost,9b3db2470839a3c3e77b9b2c82193d7eeec8f4bc8b,0,0,0.077959366
xgboost,9b4a41b9dd3e0d7f67c39320ca7f5b1330524fb6c5,0,0,0.14127648
xgboost,9b4d897137bf7673979afa467757cd3f8a82c14d71,0,0,0.00030038686
xgboost,9b55969ec46406a5ff715396109b242195435da43e,0,0,0.0002330163
xgboost,9b5615bb7c90cceb36710dce10e21a3b8c3487b99d,0,0,0.034807306
xgboost,9b5d2de8c3986fec6e337a7199bf7e030e7cc22edf,0,0,0.0003183587
xgboost,9b65970269a97b51d8f0d15762e05407cc5faf72d0,0,0,0.021266634
xgboost,9b6684b5e18dd6921944202f046799dfe148505226,0,0,0.00042327403
xgboost,9b6b7165a00648b2ac1ee5961cbf7ef76cf833004a,1,1,0.64371026
xgboost,9b75a189f9b0a948e96f36372c5e4770d559990c34,0,0,0.021266634
xgboost,9b765076b35a0285098acebb86a187046f1df8be7f,0,0,0.24505952
xgboost,9b7e60785e9a3c61a90fb08d1a6b867a80674e3c70,0,0,0.00021901939
xgboost,9b809f5f169c6f144b71632085b75fda64f1f48f44,0,0,0.00046689593
xgboost,9b87f2c1886eaeb6aa021a01203ad4d7a283919b89,0,0,0.028400537
xgboost,9b924e9f8bc3dc14f6bcf82b4460668fb6d08735c2,0,0,0.026810737
xgboost,9b95628970a38f01c55f63b719f44b3a0a6c7f9a71,1,0,0.011115743
xgboost,9b9720b70c4cdb4ea7b9b9b0c711dcb4543a8dd99a,0,0,0.0026684236
xgboost,9b9c7ee5b19c3f30f1e0600433f35213f8067ada19,0,0,0.0002330163
xgboost,9b9cb3885e59e6298bd77c64693463da6c7b78f532,0,0,0.019660987
xgboost,9b9f76ef1c9b712c7f2f69ccd76dc1ea866f665789,0,0,0.00037296838
xgboost,9baafdc13e7882fee9742d79185c2f83c023c3c914,0,0,0.0006486801
xgboost,9bb321a65f7555c13bdfaebe04e817d4b9795dbd9d,0,0,0.025427664
xgboost,9bbaf55d714035012ea931eeeee34b67a6e6514cea,0,0,0.00094434194
xgboost,9bbc1650b7e7adca9ee8c3b5d4177398e73e061ec1,0,0,0.034684643
xgboost,9bbc580e582693a18c7d33e6d81cd6a142046037f1,0,0,0.00046689593
xgboost,9bbf752b052519615f6a82371f4e160914887f1801,0,0,0.00057926105
xgboost,9bc00d801a4d1afb9674326f117246aff3f07e1c55,0,0,0.23849966
xgboost,9bc6e8dcd978b74b270752426adf6130bc782c7946,0,0,0.019841658
xgboost,9bc7fb73f3b90184726c69053dda6358216942af83,0,0,0.00037807395
xgboost,9bccc8923746aaca8e19ded26eaf0e346fd06f7a8b,0,0,0.0071041905
xgboost,9bcef1fc1dc0b3d6bdaa77ab7431e0d302d285079b,0,0,0.0003183587
xgboost,9bd180e4cdf1a4aabcc53ef32922f57ceaf5fc7212,1,1,0.6306547
xgboost,9bd4fb238a52c99d0fdce3d2d15792bb8aafd5ac77,0,0,0.0003925852
xgboost,9be0a2a1c1abc1db72ce11952f97d3f67ab5a01556,0,0,0.0006486801
xgboost,9be17c49a8c4611b26df2f48d28970bfccc1e8fc35,0,0,0.028160574
xgboost,9be3b0a0b7d1937bbf863af347ce99fae9ba7f1295,0,0,0.00034415527
xgboost,9bed9e849cc2c5c2428db390cf9b065728a708a048,0,0,0.27358052
xgboost,9bf9cd0f3491206635c7e610682fb7db799482a8c6,0,0,0.0002330163
xgboost,9c0c6487d3183f7fdcf94b47c25418bf1f1bae96dd,0,0,0.00041254555
xgboost,9c15b036a77fc133793d1315841591f387cc4ba46b,0,0,0.0022030366
xgboost,9c15d38077b3c367932d9c3cf35cc7581c420bd48d,0,0,0.00029415396
xgboost,9c1886aae576234ce3ba399e7b3ebdcec7c290eefe,0,0,0.0006071794
xgboost,9c1d4ade7921d37638e4106adf1f3a9092a0f0e453,1,1,0.65877914
xgboost,9c2c85f3e95c973fce30d623bb5ba933c38871da0a,0,0,0.00046689593
xgboost,9c3169c50882d55d6d2f7e1eca4a8f06c15fb02a13,0,0,0.00030038686
xgboost,9c37577f2e475fbe93c1a63361d544e00959108465,0,0,0.00030038686
xgboost,9c3c70aeb9128c8f39b44a1b60a2b38ec8b8b8af10,0,0,0.017560398
xgboost,9c4371ce0597b45e4ccbf979f977a19bad930faf25,0,0,0.0076226057
xgboost,9c4916d1458820ad13e89afacd082c1fd459a924a1,0,0,0.14127648
xgboost,9c4c582fd96fe72a2979883affd6b933d1a4cb549a,0,0,0.017560398
xgboost,9c4e1b79d5d6db1a947a31a1b37ca6d7224978ef76,0,0,0.0002330163
xgboost,9c4ed3ebb560854e2ec630f37af4bd1bc2413486e4,0,0,0.0002330163
xgboost,9c51c2d25a2838836f9d17d02591139d8379c57018,0,0,0.00042327403
xgboost,9c5229c0d94d7a13aec9f2dd476aada3e2604d195f,0,0,0.0014972406
xgboost,9c5900d0df0b875884aa5a201bf5c6d68123df9d0b,0,0,0.00037296838
xgboost,9c5dc634103b6fdfc9e96d3aa39aa82b144952bbdd,0,0,0.014183076
xgboost,9c5e62c1ff4928a64aafc9f16851a5b8d9958d4a07,0,0,0.025427664
xgboost,9c64e69cb84f6e4c471ff53c46a499731c947af03e,0,0,0.0006486801
xgboost,9c7402bf5357aa8c9e3c069be14e45b254a87ce55f,0,0,0.0011728639
xgboost,9c7509d63498211d29c7a4f61ee0927ffbeda61e5b,0,0,0.0003183587
xgboost,9c764e5f364c1b3bd722c523be3b610eecd0ae8b21,0,0,0.00041254555
xgboost,9c7865dc919f50b6c5f8e5f6acefa854d6da6cb629,0,0,0.034807306
xgboost,9c7bb40cb895b3eaaec379ca88003fed26d4679056,0,0,0.0002330163
xgboost,9c8518780b2df70e01abe13592c5420b85f75f1f9d,0,0,0.0105177555
xgboost,9c858e07b9d9c83c4b46c2c35f6b24871a6ef1c6b9,0,0,0.0013066181
xgboost,9c8b93475049c9c1fb932a7beb54465422c90f208f,0,0,0.2611296
xgboost,9c8bf711791d84f9499d44f5c74a4622b8df16843c,0,0,0.0002330163
xgboost,9c8c82395fd4e7fc85fe4ced97cf060593f255901a,0,0,0.00029415396
xgboost,9c8f2e2a11a266de186fa01f57a8c82f37f1410ee2,0,0,0.00063679816
xgboost,9c9877f0f8cf64a7adb37ad2cb7695e0e6029f81c8,0,0,0.0014142314
xgboost,9c9c6cbf235e079c27038cfb0a3cdd5c99edc9a92c,0,0,0.0026480742
xgboost,9caf2dff46b88ed357bc57db24b4f1159f881336df,0,0,0.017560398
xgboost,9cb132394cd5c2dfacb09b2ea058ffc18da6148bd6,0,0,0.00041254555
xgboost,9cb8a337049e9f81e30058441fe57f35c3310c6c2d,0,0,0.0010099511
xgboost,9cbe5f161264448ce6b78ab8c9767a783bf4136982,0,0,0.032567263
xgboost,9cc9c4e2d13af40aa32ac2b752c2945b834ba5d691,0,0,0.00034415527
xgboost,9ccf342bbf6430f22c000976cae0fca7ca285dca93,0,0,0.028438905
xgboost,9cd41afbccd7815d234e6f6889e22c53faa2e75506,0,0,0.003925084
xgboost,9ce1e308f0c882dc3506203c72d69f5cc95e8ed86a,0,0,0.1841312
xgboost,9ce376cbcc98d3957701f6c6bc4a6e7c967f30af72,0,0,0.00042327403
xgboost,9ce7436270c14e52ac48e1c361737bbba3cf96ca5a,0,0,0.020044776
xgboost,9ceb92d499b5c2d01c1e9c6bfafe1a6d9f61633835,0,0,0.022123944
xgboost,9cf41073bde8b5f84a2c790656420e4ee8797b23d6,0,0,0.047430243
xgboost,9cf4d5a69311f7aaddfab79566f8d7b353446fca5d,0,0,0.0006486801
xgboost,9cf8139d3a3f7bf4a0785238de1acdb310e7f9b4ba,0,0,0.00042573095
xgboost,9cfad94fac128583972dc3bfcf38ae6a2c22016e19,0,0,0.010376267
xgboost,9d02bc12832c98f4ab99f1237fc56468cb3b23379a,0,0,0.0003183587
xgboost,9d0bb2ba14d59dd91825bdebe078f7b627ee0819c8,0,0,0.019660987
xgboost,9d0c56ef7237a2ee6a28656a4f0eb9f1538bc6f21f,0,0,0.0014972406
xgboost,9d0da9e04370f7e5738effd4327b340f09fd245987,0,0,0.00022021777
xgboost,9d10cc159dabd1a636da204fb9fa6d1f57c24f08a3,0,0,0.035440907
xgboost,9d1ef660e877bf1155e0bf1e57ab29ab41bf839e64,0,1,0.6309033
xgboost,9d238d30728fa12cc65712f8f43caf734ba17d7227,0,0,0.005607715
xgboost,9d2b876cc1a09992fd58df74d49bcb12af450484a1,0,0,0.0003925852
xgboost,9d2c85eb87bccd656056a3963e248acaad6ea415a0,0,0,0.0003668598
xgboost,9d2f747058d0e7c601ff07cc9ceff2009d74e0933f,0,0,0.011111367
xgboost,9d308a77913fbe478bc4cfc06068229137428c18a1,0,0,0.00086060417
xgboost,9d39cfff81ad3c802e3ca6742dba788def6258e8bf,0,0,0.15299495
xgboost,9d3b874f53195a50632dff8da2cbf510615cec9db3,0,0,0.0010745612
xgboost,9d3c8335b56bf90229d6dfa1b27ff779c65a698b4e,0,0,0.00042573095
xgboost,9d3ec78d2156b7205616f484f809a4839bb36de7f2,0,0,0.00030038686
xgboost,9d49c2aeb644a8a94d98e6db62edf872d24183ba55,0,0,0.00030038686
xgboost,9d4e2c49de1b4d03ed341da6d50068ae28052f97b6,0,0,0.0009133837
xgboost,9d55919907a10e1e458df678838fd2ef196fa4d7f8,0,0,0.036747593
xgboost,9d5bf21af378b191743acf0592b2d302dd9dcc3ad6,0,0,0.00030038686
xgboost,9d5bfaa8662a75e301f89c9e1aa33ea52a65e419dc,0,0,0.020047948
xgboost,9d5c399141e66167cd9ac47c189fc5cb1373bf1c93,0,0,0.00042327403
xgboost,9d5d935ec5e5620204f348b90281f43c00d5ba6efb,0,0,0.0075840037
xgboost,9d603b3c3d77d31e2d7c242d3f16fd2201dd73d5d6,0,0,0.023674697
xgboost,9d68fac15d6ee5fab94ed15f2ef95b6b22731db66f,0,0,0.0010763843
xgboost,9d6944f0e3e0108f02515a19f83135af5ccfac6f0c,1,0,0.11239475
xgboost,9d6e5a9a507aec86d29a5646beb608e0d7e40921e1,0,0,0.0003925852
xgboost,9d70747c3935a45bf7811f010385f354578dc1f0ef,0,0,0.0009133837
xgboost,9d81e790cec0f6145ac30a174d91e770d49d730040,0,1,0.64315486
xgboost,9d904c1af42dbe3ddd5777dd3f81078b487e9f3d24,0,0,0.036554493
xgboost,9d98b6a8fb63e9e84f31c8be56551cd8b195de5461,0,0,0.086664654
xgboost,9d9914e1bbc29298a15e4c6d7fd0ffae585cfcfcf2,0,0,0.00037296838
xgboost,9d9f53c4d5770c0e77636d1910a6abf119f7507cc6,0,0,0.035440907
xgboost,9da044d230b965c360a029567987dab1a309b9c3d5,0,0,0.005197153
xgboost,9da9bc934edcb3397dbfe0ee92ceadcb9dbc1d0dee,0,0,0.00041254555
xgboost,9daefd5d24d9e25b81f4340c24af8afe93d9ac6d98,0,0,0.13653083
xgboost,9db1ef0b6f08f3fd8e32cb69e82bdb4520aba2acae,0,0,0.00030038686
xgboost,9dbb98716d32357e0d5a98d466168ad9090af9202d,0,0,0.00030038686
xgboost,9dbcc0903efe668c73181cc637e39f69ad70ae3b1e,0,0,0.00035953108
xgboost,9dbcc9759ee4795e07c484d35791fd889f5c2120bf,0,0,0.1394689
xgboost,9dc0c2331b745da457c960decfe203245a9d771636,0,0,0.00041254555
xgboost,9dc19737676ebce3c9f4bb74e64acfcb430557a88f,0,0,0.036837205
xgboost,9dc97ba1fcfa9c6ef6d9beae706942c8ba6cc4ccb8,0,1,0.64315486
xgboost,9dcaf79ca167753666fc38d2bb2f2afc416a9308d6,0,0,0.028160574
xgboost,9dcbd6beff00ace842d2bfcebbe8d93795f243a538,0,0,0.0003925852
xgboost,9dcd0979a24d265ded72e2f751b7da603728cf9af8,0,0,0.0006486801
xgboost,9dd64c5ab3f98a6ab5ee71bfe52e9df249699f3212,0,0,0.0007948035
xgboost,9dd74ee526faa7f6c30bf87ceeb8ae86a8eddd0af7,0,0,0.00029415396
xgboost,9dda27a2f8f794402ce14a9b74e1a96d8e211b1932,0,0,0.15244524
xgboost,9ddc90e30a70bc2ff7976d846782e61942664a9384,0,0,0.00044057542
xgboost,9dddc2fa4ce9c830aa99463ea93916378ae7962a65,0,0,0.00029415396
xgboost,9de245a61d21521a59212847e7514802bf80f3ba75,0,0,0.034143314
xgboost,9de902868ba36c71f31c648976a7a3274d650f2085,0,0,0.0003183587
xgboost,9de98387ad1bed676a14a55bf925986c593aee8bda,0,0,0.032384146
xgboost,9de9b9e3fc9daadbb451c7565fc5ee3cd9c586f780,0,0,0.0006716701
xgboost,9def2837a4188bf6894b1feba2f42507dd9228ada6,0,0,0.00022021777
xgboost,9df879946b0b8ad95bf3f505553ab9b8b0ab9585f2,0,0,0.0012346779
xgboost,9df9033f78119d48b7a6af33eb3073f2cb85927c60,0,0,0.00037296838
xgboost,9dfceb7ebfd820f80ed5a0ef38de99d2b68443aee6,0,0,0.0002330163
xgboost,9e068947d6342824fe3782f77c0f1e93eed987c0c9,0,0,0.00037296838
xgboost,9e0c03bb5842e688f4c370e70e47a42e21da256c64,0,0,0.0006227354
xgboost,9e0d0ff287453f4edacf433556e1dabc42dc4eccbc,0,0,0.051092885
xgboost,9e0db1aa4a365805b0ce40c1c2b275ebe73f978d41,0,0,0.0006071794
xgboost,9e1039a28ab4aa1aa60a7818c2a8e873837a233411,0,0,0.011115743
xgboost,9e209b172f46d53373d3816773e91a1a106beeddfe,0,0,0.017308999
xgboost,9e232e7f2348062694e92380cddbd63445663865c7,0,0,0.007815878
xgboost,9e2706a04deeeb23b42695cd6aa1399d27126c4431,0,0,0.2046597
xgboost,9e27bff9edbd186c0a92e8c1208119270cda9e0a6f,0,0,0.0061607677
xgboost,9e2e37b61dbc4f2ea51c8c4e04544305d08ed127d8,0,0,0.045225002
xgboost,9e32f45d226fd3bb2921449e46721dc6d820783f3e,0,0,0.0011099989
xgboost,9e371dba8433217b8e5e02444b697eee7ccb623b7a,0,0,0.0003668598
xgboost,9e3aed47e70e0cd271cf068a0fcacebdb83a28175f,0,0,0.010854048
xgboost,9e48d94b90169938018488ea032d28478c872177b2,0,0,0.00063679816
xgboost,9e4b2a527c24f4a4797885a2f2f6d83e948311a4bc,0,0,0.014183076
xgboost,9e4b7171b64a0f80f3da9542a4bae8f9c983ea4401,0,1,0.64371026
xgboost,9e4bdfbc112c1bd1dc88822ffc3813a3151ddc9ada,0,0,0.0003183587
xgboost,9e4d13c562d1c6116f272d249b640340e7e981b92b,1,0,0.13803695
xgboost,9e4d70af0aaf90642487efbd7f2301046c9c833099,0,0,0.0050011594
xgboost,9e5038541345513bb5d8494189a6fffe81a4f82bd2,0,0,0.0057338746
xgboost,9e53ef8d5ebf2a13f7f786cfc015f92ccc9308bf29,0,0,0.0012346779
xgboost,9e5819a2f11066f1c88dbc0f0617df46b08c929d19,0,0,0.00086060417
xgboost,9e6273a34dc6b5f3065ab6824d2066260f50065947,0,0,0.032567263
xgboost,9e6290095ab87847ed5be37e9855954c7b51b2dcb2,0,0,0.00022021777
xgboost,9e62b90ee39788323218b5ba9a66242228cec30a2b,0,0,0.025427664
xgboost,9e6943465d65ed355134483de5d0731477fc56d893,0,0,0.00029415396
xgboost,9e6d71f389fa8abff96b3be1c3a0adb6371ce2c76d,0,0,0.0006716701
xgboost,9e74054b85386bc7b634e61d60da5c1050444cdca2,1,0,0.15199795
xgboost,9e79a9d2c5aad9312cfebf0ff545180761c8a8fbd9,0,0,0.0002330163
xgboost,9e84d3758a83b82a72b5c027b0b6379c91744f8ee9,1,0,0.23849966
xgboost,9e93670db4781917f99c9ba4edbbf9758316b7ae60,0,0,0.00041254555
xgboost,9e95c7b60bbfacc956c477ba76ce6da8285ae2ee61,0,0,0.00030038686
xgboost,9e983171ec3861f0126827397291f0668391b88734,0,0,0.0003043416
xgboost,9e987271a94139cb9837ac6dae7779aeda7b4956fc,1,1,0.64315486
xgboost,9ea431609cca8be8a58d1713d0ecac131beea554d2,0,0,0.0002330163
xgboost,9eaec8ba201f05009ad91be8f5e34be74d3b9f06b3,0,0,0.0009133837
xgboost,9eb0004ebad125a29b5c31dc0fd43a487947671285,0,0,0.00041254555
xgboost,9eb10aaa24055d36604b265fb3002e0f6dbb368b2b,0,0,0.0053568543
xgboost,9eb124135170c5bc548e98718c065567fd2a1419e1,0,0,0.013393568
xgboost,9eb154e835c6e50bc5821eb899c490e9ed64c90e4d,0,0,0.0003183587
xgboost,9eb2271a1e13de88fd2feab5e5f6c67c961c5dfb38,0,0,0.005375757
xgboost,9ebc0a75b4d30fb94e166856ae6a6850c158f84123,1,1,0.65877914
xgboost,9ec858e95fce891c2a764d67d79cd8c2e35a1019a1,0,0,0.0006299072
xgboost,9eca90595325601a4e4a4f6894a87cad1f08f8aba4,0,0,0.0002330163
xgboost,9ecae25a9c6dea6a74b8e619e8c7f8aa5194a2510b,0,0,0.00034415527
xgboost,9ecbbdd82c3550766d36e22602322657b5dfe4c4c6,0,0,0.1743588
xgboost,9ed2ba0af5b1cd8fa85a8efd407d061f7f912fb8db,0,0,0.00029415396
xgboost,9ed4524323666bbb66e3512abbbc8eca658c305884,1,1,0.8254233
xgboost,9ed9df97aa5eaa1616b8b77993984db0e2d79e65c6,0,0,0.06965306
xgboost,9eddf6197a82fef910b9cc56294388b318c8f172a0,0,0,0.00041254555
xgboost,9ee54faefa2268fdf85ebb3159982c870ef371d236,0,0,0.14127648
xgboost,9eebeacdf04c70360519a65dd97fe4935f41874208,0,0,0.05705226
xgboost,9ef080c2a47e471dbafea50504c1e5e21baa59bea8,0,0,0.03925821
xgboost,9ef4a5311230c86e1459517be7c367ace0221d1234,0,0,0.0006299072
xgboost,9efd5ecf4a73194787f93690a3cde32a0b2ff3fb05,0,0,0.001583293
xgboost,9f015deca6aca37b9b9487698e89060c421faaae05,0,0,0.13653083
xgboost,9f0d15fcf613c0d1c90d74a80345ffc2839645f3db,0,0,0.022560947
xgboost,9f0d48a7d61189a18375af993032e01b8aab5af87a,0,0,0.035800178
xgboost,9f10be2ffeb931e8acf5bf08c620b08b8d3fed5bc6,0,0,0.001583293
xgboost,9f13e596a2604070a095ed137ae2b80198cbecf2e5,0,0,0.0003668598
xgboost,9f14dd2a8a04bc6455dd453811f2d7501289967208,0,0,0.00044057542
xgboost,9f192e527ddeac466143549fd48e0e602522295dd6,0,0,0.008825426
xgboost,9f1b660131e4a8f765e4c7353c310d06781704a2b6,0,0,0.0003183587
xgboost,9f22da7ca9e570fbc784af809183165ea3c1914726,0,0,0.14127648
xgboost,9f2a601cf990cc9d525bbc83df4e43b4e04cd2b0f1,0,0,0.00042327403
xgboost,9f33acb42dd58b4022ab767a0ab1efce4eb53a78fb,0,0,0.026038293
xgboost,9f34319760a2526edd0928e8d94fb6a42f78ea363f,0,0,0.00022021777
xgboost,9f3f1665fa069b528f1669a643dc406e7545c9daba,1,0,0.023720916
xgboost,9f452bcd9072617dc503012fcca1b2f52fc92dfa83,0,0,0.014936938
xgboost,9f4f113fb18fba30d9025d41d0462e422d7e612bcc,0,0,0.00063679816
xgboost,9f516c30c5cbc7f23abef092046d3b8ed6fb18cf98,0,0,0.14665343
xgboost,9f530b57b7b2972a22e4a81941216d767780abcd4b,0,0,0.034143314
xgboost,9f58c31eedee160320102e1002cce7fd401baa2a27,0,0,0.0002330163
xgboost,9f5f446de9f8be0cfb2dc2e8b55eb712ece028d526,0,0,0.00029415396
xgboost,9f608f7eb84e7e0a3edbccaba979b97d68ba361a1f,0,0,0.0003183587
xgboost,9f61468fbe3dbe97c0d7173b98f349d0fe830895ba,0,0,0.0029865296
xgboost,9f62e2e30e58a2f0c9e90cf9b446e04da8d8c49498,0,0,0.001583293
xgboost,9f647813e1dbab99f5a9c308e11b66262b7478bb7b,0,0,0.0061607677
xgboost,9f710d5a506edf4ab8de504d943ae208a31b0f5c0c,0,0,0.00034415527
xgboost,9f710f1eb7e5ddd5fb6bcfb81ba40da35c74c0f908,0,0,0.036776703
xgboost,9f80866a662a78db4657afba26255b86184b358758,0,0,0.0003183587
xgboost,9f8178051bf685b9227d537291bb398233cc2f7640,0,0,0.0002330163
xgboost,9f86245f1ffa6eafd9aa49fa52cf796c2856806f44,0,0,0.0006227354
xgboost,9f8769db9c66e6870de9b6300956b3a836da8cd914,0,0,0.0002330163
xgboost,9f89650968265a69e468a01bdc88f3b16114a23501,0,0,0.22801352
xgboost,9f90d92d58fbdadd97a8e3fe3aaa7d7e9bf9e06f10,0,0,0.02976992
xgboost,9f9d4b9f0af6f7672bf720688b7ec755c86136ce10,0,1,0.64371026
xgboost,9fa9ba3b008bc25708c2cd5a10a44be110b879df48,0,0,0.019465642
xgboost,9fba9b57c94e66b962ef1542e18258a2916f5d7384,0,0,0.00029415396
xgboost,9fbdd2892302c6d012a090e909abfb9f7c1356239e,0,0,0.025876993
xgboost,9fbf678fa8f9b2f56d8fad1dfbb73589993e33010b,0,0,0.065870196
xgboost,9fc31731f42de5f5edd9b3f293f23b7d9fe435b1be,0,0,0.0057338746
xgboost,9fc772bed3178cc8600538db44c02489aecea55508,0,0,0.0009881387
xgboost,9fc81d73fefa9e4d270e1d6a929aba68537e940d5a,0,0,0.0012723015
xgboost,9fd5021b76b29e48826da7270b14c097bceece8850,0,0,0.35495707
xgboost,9fe08dc660a599871c1943bb5e75de54a11a0adc5f,0,0,0.0002330163
xgboost,9fe4ac24ecd64ed06316375708c7032d87bc37c765,0,0,0.05033804
xgboost,9fe5ccc8a0f957612ddd2943a0874c13cc4917e3cc,0,0,0.0002330163
xgboost,9feb8b0eaacdc563875200e5ecb3f23285551f59e8,0,0,0.0003183587
xgboost,9ff295f54d2571c23a98ecb7cecf96e37a049ee2ae,1,1,0.6309033
xgboost,9fffa3a57867e41169df5d5a25ce8515ed8081449e,0,0,0.0002330163
xgboost,a0008ac815471e3bf1183b770b4007f056fd77aed6,0,0,0.0002330163
xgboost,a0089e36d739d544b4f15633fc6446b62bcaf145e3,0,0,0.00030038686
xgboost,a00ebc0ceeb11f7ba6de483a4fe503304dc766c4ae,0,0,0.004977948
xgboost,a01af94d9a34738d46e5262412f9ae6c0045b53e7e,0,0,0.0003744533
xgboost,a01c2109b917aad76dc8d154bf0e242cae9f1fecd2,0,0,0.032415178
xgboost,a01f7db935bebbef165f2c9682965d0bf924e4436c,0,0,0.0002330163
xgboost,a02aefb76d1d70e531e87bb3b0a41c064674eb2b67,0,0,0.00046689593
xgboost,a035db728dd48036fde276d2e4bf97217e145d8d49,0,0,0.0010763843
xgboost,a037dbc95c100602ee5a820fbb5ee811bbf7db0cf8,0,0,0.0006716701
xgboost,a0411b7a41450f44fdc6c3ca3fb3c81f8ff6c3ea7e,0,0,0.020649059
xgboost,a048903a1d7ed936c5cf2260f2530300a07cf88176,0,0,0.0006227354
xgboost,a04944b15db0a059f5602dac9d608f4c80d087b3af,0,0,0.0002330163
xgboost,a04be6ce4f97c4dccb55985e0cace87145be13d89b,0,0,0.028863749
xgboost,a05177c05d4a90f7a1a8b5c9547625068d26d811bb,0,0,0.0002330163
xgboost,a054db5dd51cd0aab740a1c0524ebd1d8e8e05cf75,0,0,0.00022083636
xgboost,a05565b938bc44d552463af0cbc6e9ddfc047e8680,0,0,0.00029415396
xgboost,a05b5fc0cd9e8912e16a455b8e2736215e72f7b2f6,0,0,0.0003925852
xgboost,a05fd1fb9dc4f481bff58f76032594a5f4bf9918e6,0,0,0.00029415396
xgboost,a06367f439d7187b431509c2de9b137a18fba5e7fb,0,0,0.00022021777
xgboost,a070fe57abcb337027913d72cbead1659e2f67aa95,0,0,0.028388172
xgboost,a083cf8ac078bf15af128c01cbbe91145866d001f1,0,0,0.11239475
xgboost,a084c2d1c71556928d9bb083605dfc72f4db1333e5,0,0,0.0006227354
xgboost,a08c81ed315d07051f7530f02a8e7e4b493b8e6708,0,0,0.00037296838
xgboost,a08fb5b350867f0d7341912694f2846d2a3865aa90,0,0,0.00037296838
xgboost,a091bf8cd2cc73d08e26df030ee0d1c739109bebe8,0,0,0.15244524
xgboost,a09de92e059c4d07d04de9859796e65eaee81ec479,0,0,0.009226136
xgboost,a09f5b31ec460042e0114547024c75bd5fe5c857b7,0,0,0.0010527555
xgboost,a0a43dacaa716dde94faeca3caf626d5234a956d09,0,1,0.64315486
xgboost,a0a45189f0b993fd92a2b9d936ecbab38124474609,0,0,0.0002330163
xgboost,a0aa24ed4d73a320a208e2260b5a674181005c1ff6,0,0,0.0002330163
xgboost,a0ab247a21738c320d05a23246160730f33dc84233,0,0,0.00030038686
xgboost,a0ad2dbd89f95fe8e19af524724fa9c46e55ad0ea2,0,0,0.00046689593
xgboost,a0b0873719d554ee3e2947e0725753363d72cfc372,0,0,0.017953359
xgboost,a0b37698ac3f792f13240ae73369a19fc877732174,0,0,0.00063679816
xgboost,a0b4cdc583853cbfa8319fb7f26d6df330b93f38ef,0,0,0.00022021777
xgboost,a0b8ce71eb7f0a068d1e23e5ac9bf3ff3c6bb25b7d,0,0,0.0071041905
xgboost,a0ba75de14bb741008dbe8ec35d3710914fc3bce6f,0,0,0.00022021777
xgboost,a0c438d4795c0cc896e78126d296c0184c0e533924,0,0,0.008142038
xgboost,a0cc0081873bfb04d2a922a688cf6d787926a48fd3,0,0,0.008079678
xgboost,a0cc1f3510f6dc09dd1989da4a09d5f7b2ed16bf7d,1,1,0.64371026
xgboost,a0cf455c0efed3a45a6d12ba6c29be9d324d026fff,0,0,0.07941774
xgboost,a0dfd4c4e4b2bf9697b97b49b376f0325037b5044f,0,0,0.0003668598
xgboost,a0e5f8f183b9d4cf8f4f6166ce9f5259d353d814d3,0,0,0.004707436
xgboost,a0f389cef507c277e9389b8599fe4c359bda56bdc7,0,0,0.10867284
xgboost,a0fc075c053dccf8c4a65926dafb4080d04a239ced,0,0,0.022560947
xgboost,a106a3948ab86be1f12c522d358dfdb84314b2f60c,0,0,0.0002330163
xgboost,a1170f5dc3242bc73eacbcbc91a89d479f7ecdbdb7,0,0,0.024599493
xgboost,a11beeef3d03571dad85ff705ba5b39e04307f8e26,0,0,0.00042573095
xgboost,a12040793c1b9dc238155bf66b80db9d68c2492d7f,0,0,0.0003925852
xgboost,a12254c5599973edd9ecbfcb73693ab68e9ec483da,0,0,0.013926448
xgboost,a12b74bae074159d6974c9245f7587edd7f5a95502,0,0,0.0003043416
xgboost,a132e700cc956af9bd144ea82ff71196162ca0d055,0,0,0.007603714
xgboost,a13449c237d1ead1fd1fbea778ae60c6f80d65bbe5,0,0,0.0003183587
xgboost,a141ed7122ce08059fb1af842bf7aa4e0b75e9b497,0,0,0.007603714
xgboost,a148a62a5856fc06e4f560296146004d3f8bc59e1f,0,0,0.00096465787
xgboost,a14f8dfafbf2e5b13872edffb626135bcaa960162e,0,0,0.00034415527
xgboost,a15497bfe8537a553678116dca8ffceee28df02b80,0,0,0.00037296838
xgboost,a15d302f67957f4a77bdb15e39381f5b8028c29da6,0,0,0.00046689593
xgboost,a164ed5315cc3e0b7cccf6e421f3fffb22247f99ce,0,0,0.00044057542
xgboost,a167e0b6e72897e78dcedc99f7ec713875302972fb,0,0,0.00022021777
xgboost,a16834478137de5ac1a774d2ed713620a4f4c32757,0,0,0.05705226
xgboost,a174ded53343be50018961efa36965e7e7d280c781,0,0,0.00037296838
xgboost,a195c1d52256e8b8e7c448b82050fa170ddd950cf4,0,0,0.0057338746
xgboost,a198232716944240d84d5a98d2052c037661d79622,0,0,0.0006299072
xgboost,a19a726b33cbc9517e01f00d8a89836249cf4cd088,0,0,0.07681343
xgboost,a19e1756758aae0e9288d588621c7f06743a26468b,0,0,0.016326247
xgboost,a19ec42e84a744333c1b325122667dfa24045231ff,0,0,0.00030038686
xgboost,a1a52ec62f2f46337c3e270b9aec090c0fe8fc6e95,0,0,0.00037296838
xgboost,a1a835c5a520edf223c1861104db5894568da63e1a,0,0,0.00037807395
xgboost,a1bf14cc3e0b72960b502e6b05c5a3e0391637f941,0,0,0.00042573095
xgboost,a1c17848e84cc6b234daa83e220f55213ab037b8ea,1,0,0.27309594
xgboost,a1cd343abb066e96d565645e60859a35284005d9d9,0,0,0.013393568
xgboost,a1cefff76f9000d8688bfb6f288e6ff59b3f363788,0,0,0.00034415527
xgboost,a1d1df45fa64c7749a8630cd208bb73c23a931d923,0,0,0.0006227354
xgboost,a1d362f196f08d7c4196a97672b3f5929d01783305,0,0,0.0003183587
xgboost,a1d99b240d17e49538fe4dbbc67557d241e22cbc53,0,0,0.011115743
xgboost,a1e1a1248825b1e321561008282785577596a7b708,0,0,0.017308999
xgboost,a1e64473b6eb74c13583fd632fba958244df6621b5,0,0,0.0003925852
xgboost,a1f533042717280f1f5788c4c058d1892ebedd510e,0,0,0.0008583634
xgboost,a1f56453f8a5a830cf6e9e99cbcffca080048f3b10,0,0,0.0050011594
xgboost,a1f96d0078900e27d70a5cf24d4b8e3e292e9376b2,0,0,0.00030038686
xgboost,a20deb0c33207197eab7792c7fb436ee4879e8bf2d,0,0,0.010306311
xgboost,a215b171c1d709e6b3ed70b8841d6c77a6cebc379e,0,0,0.0003183587
xgboost,a219ceeafdb9ac87678bf18ddb76a66f0330ec9075,0,0,0.03861649
xgboost,a21bdb3f8c1a20bb077eb10c1c03cfb3dd15522c9f,0,0,0.00042327403
xgboost,a2233cb20954e1e5131321efd71b1f955cc2df99b7,0,0,0.055328384
xgboost,a224d779b40b3c8ef818cc57be2458bbe17ca95eb2,0,0,0.05965953
xgboost,a225114a4c14ff4aed4f9ba5c22f3541b3e8fc9010,0,0,0.00037296838
xgboost,a23bb1ee1b6d0c493d70946f23b460e9564029a561,0,0,0.00078046566
xgboost,a247323696e4483832e6fd6c9c244252385cb5aeec,0,0,0.0002330163
xgboost,a24ad6823177a36fa5e93a5f3845a1c2c8ede9c05f,0,0,0.033325363
xgboost,a24ebc0f11f3ea655ad42334200db4e054ba4d3149,0,0,0.0003183587
xgboost,a254030ba77225ee97e8c608e157895130d2c56166,0,0,0.0002330163
xgboost,a258ed00862dd3ac3ae8db0689c999f178e1b4866d,0,0,0.00022021777
xgboost,a264cee284dc3e1bad944074f4f46050a500a14dac,0,0,0.0061607677
xgboost,a2674183b2a17fadfc08aa9c04063a6ad5d221d447,0,0,0.0009133837
xgboost,a27192a0c952b0c286d14a5c405e0f61537e2e78b0,0,0,0.0075805914
xgboost,a273ce9204e72b3d7798a2dd3c331f1713aa0d3111,1,1,0.65877914
xgboost,a27becfdc8b438b34cac8aaa83179e6cf80ab9259e,0,0,0.041514996
xgboost,a27de2b471ee5a44419d81913b760f35f698f6813f,0,0,0.0002330163
xgboost,a28b2c329a97e93044218c765c2b30221d21e90060,0,0,0.22801352
xgboost,a2a20fdd858c28c4c6eb7a0f313123d2db09bb36d9,0,0,0.03925821
xgboost,a2a3ad0be4ca56b73df646f1272ceb730dcc957792,0,0,0.0010527555
xgboost,a2a48cac8ca9520c4db3b268ef7919eac701b2a1d9,0,0,0.0011099989
xgboost,a2a7c2050d1ec080ece96f8257414ccb1bef38ef30,0,0,0.010490675
xgboost,a2b2240bc15f3578c71943e0d797451fff788fc7fa,0,0,0.00042573095
xgboost,a2b322c4ae32c7a6350dd0f1d788887980c8852bb9,0,0,0.023720916
xgboost,a2b74f7607a70c7fff86849eedecba8e05adfcae45,0,0,0.01190468
xgboost,a2bd9fb262a6948b6341f070ed10c3d82dbda12fdd,0,0,0.0002330163
xgboost,a2c46fa30a78008c697f693d4532bd72f8919bebbb,0,0,0.0003668598
xgboost,a2cae1e9be10b456d86527f1c99a2ab91372cb04b9,0,0,0.0003183587
xgboost,a2ceb6704a9ee2f31d41ab5121310e9b3fc9686e1c,0,0,0.00030038686
xgboost,a2dc18530ae94c9640a502b22e27ce5ddfb8e79a66,0,0,0.0002330163
xgboost,a2e6c8e6690fb564519feb0ef1f980435cffa0bf5c,0,0,0.00042327403
xgboost,a2e86e853486fc45fe90da0b84577482813824f96f,0,0,0.015524557
xgboost,a2e897e6d45a84d775943e19ad1b0ff1b5ca64cfba,0,0,0.27309594
xgboost,a2e8e6f4c662f0db6321c46b9bc339c91b3b6eaa24,0,0,0.0013066181
xgboost,a2ed0dceb8a8f099cfb9c37993294e404423d3cd1b,0,0,0.0006486801
xgboost,a2f2d8c646af2446fb6a27b209221c3f07da0bb2ea,0,0,0.0002330163
xgboost,a2fca7f738bd985f01567fc6bcc52e945bef2751b2,0,0,0.00030038686
xgboost,a2fe78af86428f4f7bc28afb1a661b599bfbbee668,0,0,0.07681343
xgboost,a3037b35b26f5bf5a34cd457ac57a99323bc792c41,0,0,0.007603714
xgboost,a308c7c0aeab82978f192a3f12f8e28be1b21115b7,0,0,0.00029415396
xgboost,a308f51975a196e8ca526db1a829378a0dd31518de,1,0,0.23849966
xgboost,a30b0de370ca13df57d074b5e357d3cb06c310c6cf,0,0,0.023674697
xgboost,a30b6bebe004ce225ce0dbdbd05e894c0efc9c4210,0,0,0.00034415527
xgboost,a316be1510695138cfb254c6c7f4feaa7ee4ae74a6,0,0,0.022123944
xgboost,a322315c94dac440860f2c4d7823ed06cceb8cf097,0,0,0.041514996
xgboost,a323d01eb9241c2a42c3f2cd0eae616023bd7ce80d,0,0,0.0010745612
xgboost,a3249df032d60b30c51083ac83f4228869497b0760,0,0,0.023720916
xgboost,a3330f9d7262eb2bd735b9faf06893a991e822a0f1,0,0,0.009873061
xgboost,a33b5b006a4df2d0f9864dc79b02e3517ebcad6b64,0,0,0.00046689593
xgboost,a33ed16386664dc0dd45c1a4c2b1f3aa11c7178ef8,0,0,0.0010080602
xgboost,a33f9041921893001b809b172498af9b904c469a77,0,0,0.019230211
xgboost,a3439795251517d36c9e94b15b86a078d749f0c483,0,0,0.25232524
xgboost,a345d997e8050a1b401e47d793ba5334e749cc6ac7,0,0,0.0720398
xgboost,a34f48f4b5e9c8138499ce8390644c6b0dd757e145,0,0,0.00042573095
xgboost,a35a511e26bc2643145165bab63a5a192228f90138,0,0,0.0011099989
xgboost,a35a58c0d0edab7779e5ba4398705361d7e9a3e914,0,0,0.00069871
xgboost,a35d7805436ab335429b860d2879062a90f6fd1792,0,0,0.02976992
xgboost,a362ecae77d2d8d2782ef7d445ffba9cb007669d8e,0,0,0.029167907
xgboost,a3660006eef80ac198b6b6014d8718045d6e9ed43e,0,0,0.008825426
xgboost,a36e62a9868221e7fb148d3fa48784440d00051dc7,0,0,0.0145422
xgboost,a37c4b7dcd571bad6affc716bb756ab80e4966ec83,0,0,0.00029415396
xgboost,a386dd2783b37fa8bd51c63c96cf9da04fed39680a,0,0,0.00030038686
xgboost,a389169b96109891c9f6adb44a2583dfe2b1942d0b,0,0,0.0002330163
xgboost,a39077658e8f6f23c4b3d7856db25a95d1ce430cfa,0,0,0.00042327403
xgboost,a3980dc53b9238c59718488730c2c1072fefadb103,0,0,0.0075805914
xgboost,a39aba8a8d961718f7764858f12a02f83e0f3cbc53,0,0,0.0050011594
xgboost,a39d67cde356876be9697abb534e4556f248ae7a5a,0,0,0.00044057542
xgboost,a3a00dcdbf7e64e8e0cefbe5fff2b975c2df501192,0,0,0.034807306
xgboost,a3a0340a5187bc521e94a4bebadbfd37a8841c95fe,0,0,0.0010763843
xgboost,a3a3dc9344ed31025c6879a88f5124b06a9f9c42c2,0,0,0.013584213
xgboost,a3bc59b086b77eea67792f5e3b36d11f2519bf02e3,0,0,0.017308999
xgboost,a3bd3a7ce0322a27670d8967d0f5d0c97f3b081d81,0,0,0.13803695
xgboost,a3c11234e81d17763417a4d159f9cfe5fae029b2cf,0,0,0.007452481
xgboost,a3c13964b0dbbe10f0267a61a1874f919ddf5a58a0,0,0,0.0010080602
xgboost,a3c69d1ff768aeb8605fd6c64fed060a723219c948,0,0,0.0013066181
xgboost,a3cb10f6e93ac5034d30bfd32ff05c934f2b3e97ce,0,0,0.00080371596
xgboost,a3cdb8b69f8440f8e9367512e2f33d347841b16a91,0,0,0.0035622227
xgboost,a3d28aec47f36d8e06d182513a46f209a0f4387ccc,0,0,0.0047180536
xgboost,a3e455c9cda97d66b8c75f19123e90d771a233113a,0,0,0.029794568
xgboost,a3e7f0edf342b5f475ac224aa9a087d752440900b3,0,0,0.05705226
xgboost,a3ea93191c3254d65700d7fb8c0999989adb8b57ac,0,0,0.02976992
xgboost,a3eb84c584791e070b85213a7bc7075137704b5d36,0,0,0.03925821
xgboost,a3f0ebb1e56b245e233d2338166a51978c45a6a0bc,1,0,0.1344866
xgboost,a3f422165fb4dfdc6555c5893fbdf5e8ca1138750f,0,0,0.00042573095
xgboost,a4003124b81f60b602d4345eed2a6ca8ea3ba00b70,0,0,0.006064744
xgboost,a402135c912440d8d562619219b8641bfa9e537d7e,0,0,0.034807306
xgboost,a4055b2af19ee850f4212f50dc75e5c0b3171ce354,0,0,0.0002330163
xgboost,a40c0c03fb0cc9f3bebf54dd9a066a545020ebe53e,0,0,0.0081455745
xgboost,a4226ad3e1761b7e069a06cf0ab1ebe2124ff5739e,0,0,0.0006071794
xgboost,a428426087b553da0fa65ba2a504cc61cc0ffaac14,0,0,0.00030038686
xgboost,a42b095b5d0ad1ca04aeefa79c8e6c3643099dc46d,0,0,0.2909299
xgboost,a42e7f117140b8b02a5c596b6e04b5b21f8e135730,0,0,0.026038293
xgboost,a43453f1fd9eaba5c963e66477fc879f002ba0392f,0,0,0.005189585
xgboost,a434f57375cc0ae2340cb6784f3a23d80ff7249c99,0,0,0.0010080602
xgboost,a43d6531e538b2fcb6c9c202a3172d830283c05a2d,0,0,0.028160574
xgboost,a44217b0e934fd5a31aab1170343bac84448e43a0a,0,0,0.006672268
xgboost,a44a2504d1764a8d30b330d5421a58cf990a62f02e,0,0,0.0006299072
xgboost,a44d7641a3d8c25b0f0157983710ec64a0f00f5f10,0,0,0.0002330163
xgboost,a4620bcd70f8247d8a09b773c92b35fe228126c195,0,0,0.22801352
xgboost,a464582a6dd51441d10626773ef2a6ace0ecf0aa3a,0,0,0.0006299072
xgboost,a46914d89d32b28830677e64cdc69e0490ce14d46b,0,0,0.00037807395
xgboost,a46f1d2e36a5d06db0f67e45a5bab6608478ae83e9,0,0,0.008142038
xgboost,a470491b7b56e8b2685ba1eb22273547b47224c42b,0,0,0.028438905
xgboost,a4719567e6443705e26f7a7c038b4d7ac2b743684b,0,0,0.00086060417
xgboost,a47e61ab4334d582805f7f63f62c46ac3e0cc291cf,0,0,0.00022083636
xgboost,a4821930ad53998a4415dd1ace8686a0acdb5f7ba8,0,0,0.00035953108
xgboost,a49fe6c344be3eb83b4afb7e4f2983597995904c69,0,0,0.0007948035
xgboost,a4ad7cf5175cb8b866074dbf9d35e481b6f484212a,0,0,0.010342912
xgboost,a4c664bf8c4b98381bd42e6791b0f323ab24af7a1a,0,0,0.05705226
xgboost,a4cabc43958637e88c83f5d5f60b95d677da37ac08,0,0,0.12780893
xgboost,a4cc8aa46c7def711d96e9f80d73e079b7d2e4f483,0,0,0.00022083636
xgboost,a4cdac0d717c4fd2b8d229dab7c565068ae996a6bd,0,0,0.00042327403
xgboost,a4cf17de000bf4e81b429d706be8acadec6b4933e5,0,0,0.15299495
xgboost,a4d8818fe94a3ec4ef287e57ffb8d1ed486fdfb62e,0,0,0.10867284
xgboost,a4e9af8ef03cf631a14054c3d504eb992935b0df5b,0,0,0.034807306
xgboost,a4ee6021b372515400bc0bdc028b22c87fbf38b6b7,0,0,0.02976992
xgboost,a4f409b293abdc02b42653b3f2805ceffc069362f4,0,0,0.00029415396
xgboost,a4f49444bdbbd0bdac0c715682bec08cbb75b7e26e,1,0,0.24505952
xgboost,a4f6c8f0496b269aa2776954be9fba8b6f897d43ce,0,0,0.015524557
xgboost,a5035b005bb65408206db1dd388ce642f18ae8f437,0,0,0.00042327403
xgboost,a519ee664019f3f06853435af5e466ca5f759c95dd,0,0,0.051092885
xgboost,a52494c1bb975f2fc3d8c08cd0ca0fed065acb4fe2,0,0,0.024599493
xgboost,a524c1f72fb4705daacc59ab5d99a078d9a9501d2b,0,0,0.0002330163
xgboost,a5445e56efbc17d8838e2b2cd92c744861654fedd2,0,1,0.64371026
xgboost,a5496c6909ec9ff7c80e8d3ecb2bc8a5443d52d426,0,0,0.00029415396
xgboost,a551dd229016095fbbbb781c9b35fbf11c5d567ee0,0,0,0.017308999
xgboost,a5553429c155e2b0dc93d2c6ae986d5490800ce810,0,0,0.0003744533
xgboost,a55967389edcba544a9b2d3cb56b4bed97afd958ae,0,0,0.00063679816
xgboost,a55c0e57616fc1257d96483bc2c615d6ada6dad28a,0,0,0.0003183587
xgboost,a55c4e22b53fb258e51e023ce244ac3d65d996ff1e,0,0,0.04829191
xgboost,a55caaf0962e8e427143907d0ec35ce791cd84c558,0,0,0.036837205
xgboost,a55d6131b863cb5ac7f51950e062f6ff258519c61f,0,0,0.006672268
xgboost,a55f645ebb05f9adae4e7b1f370569d43baf41fcbf,0,0,0.00022083636
xgboost,a5626bf2b7bd7cf4e9a9ccd21a5c6de8295007cb3f,0,0,0.028863749
xgboost,a56426459c348e6fb4a8411743259b2b283e69e165,0,0,0.017295288
xgboost,a564d861f3ae4bbe7015a03e317044947e577d95a1,0,0,0.0002330163
xgboost,a565995a68ae92e70bbead772ba74dc0c9b08bdf09,0,0,0.0002330163
xgboost,a57edd24752105be3d93d7c9ebbcb49e4461f6ffb0,0,0,0.032735623
xgboost,a58b89d945727e4e70c8c7c442ea171c330e7a1801,1,1,0.64371026
xgboost,a58e57b23fc122cbfe7f043f1df503667810204b55,1,1,0.6309033
xgboost,a598eff25b8a5afc1305380d6327fc94fca36159a8,0,1,0.6306547
xgboost,a59c433044fa1c231a694d51c60d9f2b94e9466982,0,0,0.001108906
xgboost,a5ad51de8e3604251532dcfa5e2d0a1483686d71c8,0,0,0.0003183587
xgboost,a5b28a86484519d0775c7bacb0151bddfac5274129,0,0,0.026810737
xgboost,a5b95cd3cbd2da37712152adf94471c3209663e6b9,0,0,0.008981103
xgboost,a5cad6152d2da18181b8eeccaf7c3c94c22616f3f1,0,0,0.014169116
xgboost,a5cc08101f271bcc091c7bd566656589d121424e9f,1,0,0.33191314
xgboost,a5ce194549fda327d84438c726cfa3e2ccd509678a,0,0,0.27309594
xgboost,a5d2ecd3cfbcf0dfb3b79c6a8eca4435496b263e45,0,0,0.22801352
xgboost,a5dddce6297f6650f3ae3746810006abe37aef4623,0,0,0.0058986996
xgboost,a5de4d251b393b3ae8cdb056f5f809fbfcd1bf5492,1,1,0.64315486
xgboost,a5dfd24259dc31ec4b265090df6dbba39a81267bc6,0,0,0.0003183587
xgboost,a5e198228033b88eb307288114b9b38367a5c417e0,0,0,0.00034415527
xgboost,a5ed78034e3fc5ed30cbe735ca87ffd8fce8f11259,0,0,0.00046689593
xgboost,a5f00801fa498e6771aada05ba43c3c84e836fdcc5,0,0,0.015456006
xgboost,a5f561b0e14ebca7114bb9f8135304d698b685963c,0,0,0.016326247
xgboost,a6028bc90a674049169a19fac07a4ad958a9ea5a4a,0,0,0.0003668598
xgboost,a609e20af87b18a3f9e9c067d85b97adfae636d202,0,0,0.15264633
xgboost,a61a09005f75b694dff70a6a20052749167d036008,0,0,0.0003183587
xgboost,a61f039430c9c1fee8e56cf5fdc51993d9caa3ec3d,0,0,0.0006227354
xgboost,a62fb630b3ed70eee7decd7658927ed2c8fea4547e,0,0,0.00041254555
xgboost,a636780ab6adabfed8fd9059e04e642db5342a0a4d,0,0,0.03925821
xgboost,a63ac25034cd2d9d0ef14c9a8a90381d02c1c6b3c6,0,0,0.00030038686
xgboost,a643d0169e6ad5d47f970d4a6302b6b396652d2b5d,0,0,0.00044057542
xgboost,a64637c190e157502aa7c9d367a1a42ed6574d8177,0,0,0.032384146
xgboost,a6487dad80d086217bbe4e8cf3ae46a40a454ef32a,0,0,0.023720916
xgboost,a64be622d30102cc4ec6feb69b8593196a64437897,0,0,0.0072853104
xgboost,a64d3aea068f708713f572f056bb7cb842d3997b0d,0,0,0.0019530896
xgboost,a64f9070a28394c98a1ba9cf6147804d15b998bbec,0,0,0.27309594
xgboost,a65033e2a3d0e6ea9407c562bf0bd93258187b3ee5,0,0,0.034807306
xgboost,a65313cc90e692ab18652eb1023df3ee9b6d964edd,0,0,0.00029415396
xgboost,a6555fdf68778c81af301667c05cc1661155db3b18,0,0,0.00042573095
xgboost,a6581c70f4e388bf50515ac136d6aee87e000dce6c,0,0,0.0003744533
xgboost,a65dc0f42c17580c0fa68070b1ed5b70a4d3566d90,0,0,0.0006486801
xgboost,a67a4424b944438e29626e9da5420917a79d2a0cce,0,0,0.0006716701
xgboost,a68703d5f0634dd9868e1fb2378155300a90bfa47f,0,0,0.0002330163
xgboost,a697cce7cdf3a9a9192e0aaa49e5b51ac1f65477c0,1,0,0.007081607
xgboost,a69a55ab8aebff79ee5f080d90e2d5e11b79c6ae1a,0,0,0.00034415527
xgboost,a69c6ea1eef739db7912bd5123248f8125bcc0a894,0,0,0.0003925852
xgboost,a6a11a520c1a2a7ec77085b4f2dbc558c908a475a8,0,0,0.034143314
xgboost,a6a16093f8bef20285570f22ee0217b1e948c36b31,0,0,0.02976992
xgboost,a6abd24c4d1516ac068ce214e0f1e9793247134b01,0,0,0.028160574
xgboost,a6b09e91fba7a955c604d3f4617758144d11628947,0,0,0.051092885
xgboost,a6b29148409dd7534c01210c211416ebbab738e58f,0,0,0.0011728639
xgboost,a6b3656d09c0507840d0b8e8acd817173cb8d60f7d,0,0,0.032567263
xgboost,a6bd09f7c46456db30fab8a1a72ae804973d8d14f6,0,0,0.0014972406
xgboost,a6be847de1cddbef7bc9b84ef17c72ff9651675fc8,0,0,0.00037296838
xgboost,a6c042144c8e0b8de01af38b06354ae2fadf090ea8,0,0,0.0003183587
xgboost,a6c1c33b02f05b9ca269fb2d75b52112a88e2fa60c,0,0,0.0006486801
xgboost,a6c5f378365a5f504687dd4b714846e7468ac0ebfe,0,0,0.04829191
xgboost,a6c8214f3de4a3ed818584ea948e1358a75c216645,0,0,0.022123944
xgboost,a6cc034cd89a1aedfe1d0f1aea6274e21131239760,0,0,0.03925821
xgboost,a6d4e9cde4aa11c6780a784ada43ee3e4512a16d9d,0,0,0.0002330163
xgboost,a6d597641a8b479dc12346a1336407afb78d1d282e,0,0,0.00078046566
xgboost,a6da0347d8bdb398d37d872a1751945c05bd5bc109,0,0,0.034807306
xgboost,a6dcd009cb08b676f4c47608024e5485063b5ac52c,0,0,0.0006071794
xgboost,a6dfda2a0748ac6e0d049025fb151152df41f3e046,0,0,0.02367029
xgboost,a6e491b6b503137f62c93e55c3570249166deb5ddd,0,0,0.02367029
xgboost,a6e555c9d325a42048325cc52869cb86ab09a499cc,0,0,0.00086060417
xgboost,a6ea5b156531caae8f7bc717ed95a6a33493a3c81d,0,0,0.00046689593
xgboost,a6edc609bcac2f9072f92f4e9e77b086d9953d62b3,0,0,0.15244524
xgboost,a6f4153d862d66c04f6a43eb285589d3f0b89a63c7,0,0,0.00022021777
xgboost,a6fd9176c71e6dc69f99fd71a6d7910d462609e8cb,0,0,0.011111367
xgboost,a7038640aa8899eccac2e7e8158b29482a21985605,0,0,0.0003744533
xgboost,a707f04467975c2c9c3ccdad5296d4e63cc2eea3c0,0,0,0.006672268
xgboost,a715d41871938eb26b60b63e400543c9d06c004505,0,0,0.036837205
xgboost,a71f1c89c613be6e950ab059544b5ed60d84b6a57c,0,0,0.0047180536
xgboost,a72bde032398f7a9461a47205ffb449f92aee322f3,0,0,0.0513465
xgboost,a73affded4506f9a9dbe947b6779906d457df39fc9,0,0,0.03023339
xgboost,a7430d2a5fd76836be08a6edd2e4e2b066d4b15574,0,0,0.0009133837
xgboost,a7494d93c97527cda120d9c1d5eaf87474715216cf,0,0,0.007603714
xgboost,a74f458862d7b8ee49474cc99cb9bd8f8710aa7adc,0,0,0.009873061
xgboost,a750c6ed414c41111eba50b7e56f576cffb985e416,0,0,0.26536474
xgboost,a751edb3dd987aeed77ad14b2bee51858814f7752b,0,0,0.05705226
xgboost,a754f69215e6d7515cc0b5a70e7bf81e83312349be,0,0,0.00022021777
xgboost,a757e7b81f1d34b5ebd9b939576d3cb680a46ab201,0,0,0.0003183587
xgboost,a766e6d519a2488b35005c9ec26ad528e14b1ea01c,0,0,0.016326247
xgboost,a767e4b5a4e0e98fdc4e6d93c2351ef0d64d4d045c,0,0,0.0003925852
xgboost,a769a0e9905714d78267d4798f0323bb80cb6ac4fc,0,0,0.00046689593
xgboost,a76a7dde63ef9db47ffb538446f408df145bcb51a9,0,0,0.0006716701
xgboost,a775064283b60522db62d8d9948caa8510a5fb7173,0,0,0.25232524
xgboost,a7793ebfda1ccf404eb63818ff7cada7c2739fed5c,0,0,0.021266634
xgboost,a77a58a1de7b606e7fc15cc83fe26b5d70a2080113,0,0,0.00046689593
xgboost,a7803a3bfa8ad16af0fbbbf0637b5b6f3e561615b0,0,0,0.0006071794
xgboost,a78695a2f417f6dc37688ce453fb30da014764ce04,0,0,0.029167907
xgboost,a78aedce9465c665cfe9222e671f8d75bb477868ce,0,0,0.0010080602
xgboost,a78b6348840430f7dcff45d846eb074df6b9783874,0,0,0.0013208393
xgboost,a78bf10b374c74d8e0159f2f58e85d37078e5d944a,0,0,0.14156424
xgboost,a79d61ee5115f8ed43c7e876929f51be56063e2b42,0,0,0.055719044
xgboost,a7a2f462c7d6dc5edf3720c99f645bac944546699c,0,0,0.0003183587
xgboost,a7ad25fdb888061fa5258cdfe464d0cdebd9c4555d,0,0,0.27309594
xgboost,a7b965c1b1bf78ef15777fd79926127244502d53e2,0,0,0.09642085
xgboost,a7bab2564d620e7b728211c53eeeb7a6d64d84b193,0,0,0.1023795
xgboost,a7c4235ce717b26c9985c55c81965bfdb92c04e7ad,0,0,0.025427664
xgboost,a7d232d9513f9819bcb1eb2ce93ab17efd38c2cb82,0,0,0.036747593
xgboost,a7d6c125b8e9c244ba5cb10a19b86e48f0570f51d6,1,0,0.05033804
xgboost,a7da250c500602446073256104566bf8abc357cef3,0,0,0.029794568
xgboost,a7db7c9c60f26b4323ca41a39a3891f4b6166c567a,0,0,0.0006486801
xgboost,a7dbf1afeffc247dc610982f30ba02d30a5fd1bf9b,0,0,0.013584213
xgboost,a7e345f2eefa3cd003e3ecef1c2aa9560a0be994a7,0,0,0.1394689
xgboost,a7e39ad44bed5a7eb32a9e30a2f59647d709fefd6e,1,0,0.15244524
xgboost,a7e44baedfe7ad29a72b9ad908f9c784895785338a,0,0,0.0010745612
xgboost,a7ec3737dceb91e0460aae0ea52505fd9f12feccc3,0,0,0.02564824
xgboost,a7f150c2eed007f86ffab192933dfa2d9151e21b07,0,0,0.00030038686
xgboost,a800b0b2cd5246dcd8af6c6fc6aa81f76c4cf65e1f,0,0,0.0009133837
xgboost,a802aff50ee46c418340781421477bfb977198562f,0,0,0.014183076
xgboost,a80a7ab895f3be7550b118b43f609a118ea8fced86,0,0,0.029794568
xgboost,a80d50d4f379674620ecb15c063b3ecffa6fc90b7f,0,0,0.00035953108
xgboost,a81fab39e69117c046342be571af80ffc546a520f8,0,0,0.020649059
xgboost,a822213e1c6ed464c8cff777f06afab192023d92c5,0,0,0.036776703
xgboost,a8227060dd073f3aeaaf7e7b179498be5c21f79e6c,0,0,0.0014972406
xgboost,a82a1b8a2f07cf3d490842ed3d90087e0f867fa6c1,0,0,0.00030038686
xgboost,a82bc1961ada2efe56165c26819ff45f8774783d22,0,0,0.028160574
xgboost,a82beca2574e0ce026ce603fae55878485c35e215c,0,0,0.1394689
xgboost,a82f45303487d909796e2a006d9d626990577606f6,0,0,0.00063679816
xgboost,a838ba8a93a62c1a585a2500fe954304cdc4202700,0,0,0.025427664
xgboost,a83a5e208f6004a4a5aba811a259408f6e3dc43be7,0,0,0.10867284
xgboost,a84920bbf91b48b67bedf61d481c1f748dffd84e46,0,0,0.00037296838
xgboost,a84f5d5c42b9f3f321d6b02190ba014afed0d8a82c,0,0,0.00044057542
xgboost,a865132d3cd854abbf31eeaf8781fc49887c92e808,0,0,0.029226005
xgboost,a869c130ff6d6a4f43c926db28eefdc1793d110df6,1,0,0.15244524
xgboost,a86e9510319425113ba4e9b3a823e86fa59cb775f9,0,0,0.27309594
xgboost,a86f80678c28d747b05d61a607bb9605ffbdb2ff16,0,0,0.00029415396
xgboost,a870920e67cdbdbc34e3ddf60abf127a8f8e30e75f,0,0,0.0069351136
xgboost,a8739f83abc14f256e3a8060004adca525c345955b,0,0,0.00042573095
xgboost,a87b01444763a6bbb87da27852b4bff13400800706,0,0,0.02976992
xgboost,a881b8c938e388342a6e700cc967145278c1b47600,0,0,0.0003925852
xgboost,a883dc53c749415a8c326ea08280cd16c276b53e02,0,0,0.00062770204
xgboost,a8845368f3818e3558a510fc043f2ad87521e2f7ec,0,0,0.1404787
xgboost,a88a6975dd47a2d43f2a0b6c940fc9364b4b6b4731,0,0,0.1344866
xgboost,a88fb26129935cec7ac9ee2f2980b7ffc7d01da1d1,0,0,0.02052949
xgboost,a890a496872b24229844c85550c6a1ab87400eb82e,0,0,0.0006716701
xgboost,a89afe477d7c5cf37a0ed1cb516eacb67efa08e848,0,0,0.00022021777
xgboost,a89bc8d0854f91b83446eb578d49a57a5e8257c9c4,0,0,0.00037296838
xgboost,a8a199fc9d0fa1ee78d80c44382c0cdf9a16f9b654,0,0,0.055719044
xgboost,a8a36963e597f1976737a0057b00b20b8aa23338ca,0,0,0.0071041905
xgboost,a8a6da744a88268085b10964fa07b3406989abc4f6,0,0,0.00063679816
xgboost,a8b04ada77230d8f028926ab532afef0c46aaa724d,0,0,0.00096465787
xgboost,a8b5530a7c4e375d7240a79fda9bba2ebaf4969490,0,1,0.6306547
xgboost,a8b8ee928080565e525aa02a153ec431255b5269d8,0,0,0.00034415527
xgboost,a8b9b176021560caabc22cf6f5eee930b5d342a58e,0,0,0.0010449707
xgboost,a8becc4eebdc3fca7d0a0e05f5ead7ab6ec416902d,0,1,0.65877914
xgboost,a8bee061a3b97ea03e2f1ab4b28a8e540447b6e08e,0,0,0.00030038686
xgboost,a8c300d3fdc832db92926e40e48884b8ee6bad9991,0,0,0.00022021777
xgboost,a8cbf4d1185b7674cacc6eef6d2a68d738f58819e4,0,0,0.00037296838
xgboost,a8cf31cc657891d8542e1617051802a86d34678be6,0,0,0.00034415527
xgboost,a8d93ac3bc41483ce38b13a939d9b012cc40f92d07,0,0,0.00030038686
xgboost,a8df5ea0771584c5587e5d7edea5e2568e5bf7ad43,0,0,0.0003668598
xgboost,a8e5a61b6a69619686b6b60f1981e51c535e87b81e,0,0,0.0002330163
xgboost,a8ed9ec7967d8bf10290e272c98bd7f56fc8f622b1,0,0,0.0006716701
xgboost,a8ee3e099d4dbd46b350219b9ca34c8455445fdacc,0,0,0.00035953108
xgboost,a8f5854fcc5973c3444818cd40e548175418de089f,0,0,0.011111367
xgboost,a8fb61e414b32e685c72af093ba7a1c1f84fbfbbbe,0,0,0.0006716701
xgboost,a8fde3011c661c5007b01bde896762ea1611879b1f,0,0,0.22801352
xgboost,a902589ea58087131b138864465143c7ce68dfc7d8,0,0,0.00063679816
xgboost,a903076db1e48d7cc5be7dee341eea988f0f6f8e4a,0,0,0.0006716701
xgboost,a9091534d88a270ec3b9c4146e3bc9b02a4dd751d8,0,0,0.27309594
xgboost,a90d6cfbe552f19b02484bd3d0ae1f91316db37d07,0,0,0.07681343
xgboost,a915c8b1b3d93008b66a112037c472063a8402fa23,0,0,0.111099266
xgboost,a91f2143cb23897d721682625be87daa2431fa9a29,0,0,0.0058986996
xgboost,a9207a41d7efc639182fba5f5f60911a53a2182dab,0,0,0.007815878
xgboost,a921225084e3047f27c2cd66c1a353448ce6529771,0,0,0.00030038686
xgboost,a92e9764ce9c1fe2f177bef92b8de042e5025fbc8e,0,0,0.14127648
xgboost,a933786c3b9c9126a50b183ffe16e0cde1f2d56219,0,0,0.0002330163
xgboost,a94158bbd7e92c10568e299a552c39a186ecb8ef02,0,0,0.026810737
xgboost,a948401847e3e47559321a4ae74828358087bd1cd3,0,0,0.00022021777
xgboost,a9497128de5240a64f8e31f2a1bffd71c0ad8142f5,0,0,0.0003183587
xgboost,a94ebf870c7eb070ac26f7859b448eb8b1d3061478,0,0,0.00022083636
xgboost,a94f1edeb679cdefb8593488be2de2e98c7e2d9159,0,0,0.0003744533
xgboost,a94f359f36dc7b884eca6bcb02c14086346e2e5ddf,0,0,0.014183076
xgboost,a94fe2db0d894f90a9c643f0b43bee318274ea8033,0,0,0.032384146
xgboost,a9597ef8afd70ab6663b9c5f95a972edc4c4b953e6,0,0,0.00029415396
xgboost,a95adf9d51a19d8b4a6ca41003343c7f4a5a3a85e2,0,0,0.055719044
xgboost,a9665ccf05c509090bfe9909c7a2c4af4460db6fdd,0,0,0.00046689593
xgboost,a9792c86cd4ef1f5fdf2672693aea1cf4c5a47c06a,0,0,0.023674697
xgboost,a9861a95b53a20e717dab7d39f99f29cbc7f55a72f,0,0,0.0513465
xgboost,a987e0693b471d218aee8d4d1836f752116be4d632,0,0,0.019230211
xgboost,a9925b1b6a85c6d86d8d7bf156b3ca2d36401f70c5,0,0,0.019479604
xgboost,a9956440e65e91930d5442ac72735cff167432545f,0,0,0.0003668598
xgboost,a9a94ebd3c8c1b6e7f466ec8de07a6f0d88791e68d,0,0,0.03925821
xgboost,a9aa4d0f918c2cc97c061139cad7ca6332452e52cd,0,0,0.007603714
xgboost,a9b6f1406fff79b52db6e4581d2ceb201a86f258a9,1,1,0.65877914
xgboost,a9b970e222a334b342bebf82d123caed8821b9f737,0,0,0.07896793
xgboost,a9b9a0a23537d68d68c5f1571a34a4f93230f9ae74,0,0,0.0003183587
xgboost,a9b9b56ac7c53ec7099eebc72400945442573f30c3,0,0,0.048198212
xgboost,a9c408f7cefea1ba0f37a0f58235a9b7b16a16191b,0,0,0.032384146
xgboost,a9c4ac049875356f857b0767864ca74cda0ba7db07,0,0,0.0010763843
xgboost,a9cf188a64587fdfe73d1b4a9e0b76ea285680a4ca,0,0,0.00086060417
xgboost,a9d1131ab84e40b14de0a50a5262fcc8438cdd55d1,0,0,0.032415178
xgboost,a9d9ae5e40b93b1ee8d35e4503229d962d31e6ecac,0,0,0.059063297
xgboost,a9e08750a877f39483a85bb64ea50e638be21f71fb,0,0,0.0003925852
xgboost,a9e3b38cf2c0b1227ee5016ccf437a6065f8ed1222,0,0,0.0003744533
xgboost,a9e716aef7d9a906df4e1a460677f23098cfeb08e8,0,1,0.6306547
xgboost,a9f3199d7882cce80c48f5915b8aeade1aaeb9fa29,0,0,0.0013066181
xgboost,a9ff4e7d66ba371174e7026a31bd4833d248354880,0,0,0.02976992
xgboost,aa009b12c1a1353f4019879c2a70b745743457d3df,0,1,0.65877914
xgboost,aa0269daa7dd04334bd1011aee145e7b7dd0ad9d61,1,1,0.64371026
xgboost,aa03762774b9e593f2df802776eec85e3f60440924,0,0,0.02564824
xgboost,aa05347aaa4f9fd49d59e72e840ab9135dd4aaf8d2,0,0,0.00034415527
xgboost,aa0c965cac712674858f2c7cc0f17ebf25cbfc5f4e,0,0,0.07896793
xgboost,aa0f8cec22e0c50c97a6829be6ab17d4f63271de05,0,0,0.10463009
xgboost,aa1040c0bff1b09add466c1a4d01b934c6c8829595,0,0,0.0006227354
xgboost,aa1046b6d0fd4901bde090c5bdb7710f4b903020b6,0,0,0.0010080602
xgboost,aa1854d1480c268d28a937755f6c83f789c81ed9bc,0,0,0.0011099989
xgboost,aa1e484576297876720568b79d1187ccfc0ca08edd,0,0,0.00057926105
xgboost,aa267d6a89ff5b16df7e22900de04a4c8208a84a0b,0,0,0.0003744533
xgboost,aa2e44cf13ee9ec3a7db86a67bde3f3c0850b79fa2,0,0,0.017953359
xgboost,aa37e2ef049706407f72eac714e0ba2cdeb8436e72,0,0,0.0006716701
xgboost,aa382b99544dcd5c5cf920e0f2ac30a8e77bac5167,0,0,0.007603714
xgboost,aa3887906396bbd42e4d5019b5d53cc6e31438edce,0,0,0.0022030366
xgboost,aa39861a238fc7e9815a7d8b8eb18b9d69e32937fa,0,0,0.015456006
xgboost,aa3a635104699e3737461cddfd4e0baab5ffd23a58,0,0,0.00062770204
xgboost,aa40127e55fc1d6b46be160032b9d5a8315cb87dd6,0,0,0.00044057542
xgboost,aa4074a5f5ad274ff2d4f60a7aa793fbcf9cdc862e,0,0,0.00034415527
xgboost,aa421cd23492215b77406f13633466a0c7a71bc647,1,0,0.035440907
xgboost,aa43338f58d02333cbdab05216f5e12174b0aaea4f,0,0,0.0012346779
xgboost,aa43707a96f7b3939da9a2ec042c43b010f8076943,0,0,0.00086060417
xgboost,aa48e97fbdbb0d8eb86541d5d6ef4cf80add61abb7,0,0,0.0003183587
xgboost,aa4968b0140d79c51064e021c95c07d3f835742663,0,0,0.0002330163
xgboost,aa49a9b65e9dd66a2ae2780c8f8c3d2e99f432fadb,0,0,0.010342912
xgboost,aa5b35e59bc922661234a07e7ce06936c380015533,0,0,0.00021901939
xgboost,aa68d0db5979fd2a78d1e2c092dc16ff8b70dd267e,1,1,0.64315486
xgboost,aa70fce0a9d27fafc4eac3cfd6fa1e8ec5a5cc0208,0,0,0.020649059
xgboost,aa7225def0b657562f4b80bce5fb784018f5081c0c,0,0,0.0006299072
xgboost,aa819d57ba5b62a0edafd5732e25ad960e0332e577,0,0,0.00057926105
xgboost,aa8b5542aaa45b5d25da1f257cbdc9e176ea36d649,0,0,0.05965953
xgboost,aa8da71c2738d98261ce7c69ed459ff65a6c01d653,0,0,0.015226283
xgboost,aa9c6303667b445edeca8eb2765d9ee2c107d95969,0,0,0.028438905
xgboost,aaa3c2f4e5a2dc1ae1461c8f7089257ef23e761ef7,0,0,0.0003183587
xgboost,aab5a02a53f8f7a6631ed265e39256a2f9558667f6,0,0,0.0009429115
xgboost,aabb2e109cc925e03f1b0487ee2a7ae0533a0abddd,0,0,0.00029415396
xgboost,aabb43633886a39d71e329ec10674efacff7933d50,0,0,0.05965953
xgboost,aac3786fa92bdf8f5e2c03bfd08baf7651a53a8f26,0,0,0.00034415527
xgboost,aac9154c8ef1fae51378e8ee88098ee1ad3bb2c662,1,0,0.15244524
xgboost,aacc4d112b28419aa4ec87a7d896fa2f29d63ce5d3,0,0,0.0002330163
xgboost,aacec75a60289a0d32856d2cb49a54e308501cf996,0,0,0.0002330163
xgboost,aacf0065d6601a8d4d9f0b4109612022389964669c,0,0,0.00030038686
xgboost,aadeee5b5a893e9dda30ce7e3de8fc81715d77a481,0,0,0.0003183587
xgboost,aae2a98cea349536d3358d052f98ce9a31dbbe72d5,0,0,0.0010745612
xgboost,aae36a98c771679b83727d88e3901c7b00ebf15a81,0,0,0.009807427
xgboost,aae85e28ce49edf02b821549acb3b8c911ead29d60,0,0,0.00034415527
xgboost,aaed9d3e6482400a1931f0d2e5718a155321ac0459,0,0,0.007452481
xgboost,aaee86eae44d20fa589ef46afccac3a2416707d78d,0,0,0.028160574
xgboost,aaefa7ab89d0dd6ce4ef2e1d9559c78987841e7cf8,0,0,0.0002330163
xgboost,aaf0101e27e47055a9bfb0cca18e51f69ae214b674,0,0,0.034807306
xgboost,aafd2bd34aaaad1cda1e88eddb56d176e6e438541a,0,0,0.00035953108
xgboost,aafdc1e5453fc6502b1ed2d5357a083e6703be0151,0,0,0.07681343
xgboost,ab018d37723084a525e81804b048ee3e481b098155,0,0,0.023674697
xgboost,ab04c32a98106de01bd98e5e1162ca1eb43f6612a1,1,1,0.65877914
xgboost,ab079f0a274bd30e0fe0dfb7496dcb9aa35c5b9c5e,0,0,0.013926448
xgboost,ab0eb384abe69c5fedce6a27f7a1ca96b817db6f4f,0,0,0.24505952
xgboost,ab19306569c00cc06c4c2fcafe43c8133bb8ae2e12,0,0,0.03925821
xgboost,ab19a445dacbce78fd45bdea36d327aa8905201b94,0,0,0.007452481
xgboost,ab1b87d2ca6cc535856015ede2b2cebd736f7fac28,0,0,0.00044057542
xgboost,ab1db8e62c80c7a241c3716e9635770cf31bec76cb,0,0,0.015456006
xgboost,ab21b4e056d0a647cfe77039d05ba94583808c7c7b,0,0,0.0010099511
xgboost,ab27c1a26d0d24fdea455ac9d7272fb92cccc1c46f,1,0,0.09642085
xgboost,ab2a1044ce3e1f4b8b21f127a98f386e9966e9e867,0,0,0.026810737
xgboost,ab2a20da5cfe3eaeabf9464b4dfb1e02c8b4e1c906,0,0,0.02379403
xgboost,ab2c6241a950aae31ebb8d24c82930fe82a2ae1c12,0,0,0.00035953108
xgboost,ab2c77f04aa607b44cc4d5c854117049951f569317,0,0,0.0006227354
xgboost,ab41c104d13cae51b3ee9576c0c2d01787214bf8f2,1,0,0.25232524
xgboost,ab451ed756f87d6b07ea608fd67ba32324486105e0,0,0,0.0006227354
xgboost,ab6cf9a8ee94e38a2e7ecd05d9f65de16d2021d346,0,0,0.005197153
xgboost,ab6d95c7f233de20346b5c9840311b5064c6ed5ece,0,0,0.00042327403
xgboost,ab6daf80173fd3a44f71ff686231ee5bce70506e9f,0,0,0.00042327403
xgboost,ab706f359baba67eabf73b38d465cd332668d17da6,0,0,0.0006716701
xgboost,ab7491b8cfd18c8ca910d3c3378c5f889e4da70d46,0,0,0.019465642
xgboost,ab7710ad22ece927a8e7033969b002042951256f92,0,0,0.00022021777
xgboost,ab7c6e08b194e94193ff6ef8227cb83265b294df03,0,0,0.019841658
xgboost,ab8031369384cf2c1351a1beaab7f69156be247952,0,0,0.0006227354
xgboost,ab8ef2e568f6e8ba2f48b13c870a94487bcbf3adda,0,0,0.00030038686
xgboost,ab993981aaaaad70c0144e2a1f52fa8b0ee1cb711c,0,0,0.055719044
xgboost,aba187968a87d577bd98d7fe7e58753f8bb5c5534d,0,0,0.022560947
xgboost,aba7472fe2c773ff54bcece325b796e6fedcd20c48,0,0,0.19171093
xgboost,abb262481d6f7cb3597199f0d2b8fd228c0a383825,0,0,0.00022021777
xgboost,abb4c77b1ef9b558c8da17c2f1c2f5a7b390dcbeec,0,0,0.0043070638
xgboost,abd67ead485eaeb3644b09575c23ee2e5081e21d8c,0,0,0.019230211
xgboost,abdc62f09eab03b0394a8ef43e4d3ddd8e2b2acda3,0,0,0.035440907
xgboost,abe0a9fe234289729c41f55fd1da5ab1c7c2fd873e,0,0,0.15815671
xgboost,abe96f65bddc76b10fe92c20f88eade7e7a250ab7c,0,0,0.00042573095
xgboost,abebd9b3fa7f0a218f8df459cab5ce2bad1440e4c9,0,0,0.00042573095
xgboost,abec6613c1863cd029a720a86f90c55befb24758d6,0,0,0.029167907
xgboost,abec8567f1b5092d154e962feb1f5127ec5f051e7d,0,0,0.0002330163
xgboost,abf0cbec351584473e0a850fc4805b9049d697709d,0,0,0.00022021777
xgboost,ac00be7b495eacba188e6df77bde6c558c61c0d5f1,0,0,0.00029415396
xgboost,ac03101fc156958cd7fb70df9bedb2466242fbfb15,0,0,0.0042175283
xgboost,ac04b0be5a0472beffcb237c6a6f2db6ff77b845f1,0,0,0.0002330163
xgboost,ac09876e3803f405281720155c80312eb1c65c6754,0,0,0.015253741
xgboost,ac0cb92e2fb957bec7a77cf47f265fbe05799295ed,0,0,0.1743588
xgboost,ac1077c98e758c0972daf4d3284b112f6057d8d999,0,0,0.0002330163
xgboost,ac10ff72a6f3565dab740a29b638320d97d7ed82a7,0,0,0.041514996
xgboost,ac132c2f20702aa187d77b978d632111623058f0e8,1,0,0.23849966
xgboost,ac18b13bd9d87002430a5b0865b58d7dc995981984,0,0,0.0006716701
xgboost,ac1b28de11380a1170a41c60b8822857503e68ab6d,0,0,0.0003744533
xgboost,ac1d238b39ecbb4daa7572ba570a50b77afc33eb4a,0,0,0.010342912
xgboost,ac1db94c5b18fe5653110ef5f26ed29c06e721095a,0,0,0.00057926105
xgboost,ac211cbbd055b10dbe7cb609e478abd23f7acd7b34,0,0,0.0003183587
xgboost,ac2aa3ffac0702e651f07585649f11d7d80ab932ea,0,0,0.028400537
xgboost,ac2daff32c202eab526acfbd41cf6fc33a47fc7098,0,0,0.016326247
xgboost,ac4811644bbff0c1760c860ed7df8b62d7832a6697,0,0,0.014806572
xgboost,ac4a23f22c3e84a85ffb215c44ec65432d901d73dc,0,0,0.028160574
xgboost,ac64fad09cd0b4849a902dc39da0e303b659cb62d8,0,0,0.029226005
xgboost,ac676539929911b1b6c7d0b4083604af4d0671eaa1,0,0,0.00022021777
xgboost,ac6cfd30951e6b92782337ae6b6767c6953416eb34,0,0,0.011111367
xgboost,ac723400d52868bb0d4db61fc1a47485d59da7bff3,0,0,0.010490675
xgboost,ac766a2dac61a14a05d2be9979a1623f721f9057ef,0,0,0.0071041905
xgboost,ac82185451c162d2b520549650e2998bfbf020aa05,0,0,0.032567263
xgboost,ac83f03779c1dae2755b5547537e063b6afe85781f,0,0,0.0011728639
xgboost,ac871c5ca0e86bbc09f1792d7ece6efeceb16e3703,0,0,0.034807306
xgboost,aca2f6fddc7b59d1520a4c30375053012d2f55cefc,0,1,0.64315486
xgboost,aca3fac374bd4d6984775a04829701e9cb181927e1,0,0,0.00035953108
xgboost,aca45459077855065790f1e1a38fc40dd7eefc6c1a,0,0,0.00057926105
xgboost,aca801b2efba0d1fcaf9133218c2bae662ca298141,0,0,0.0003183587
xgboost,acb79bf73a10b11c7a70117082718cd3b3fd2f64f9,0,0,0.05033804
xgboost,acbcb3eb350af0691c2074bd76563a63f4018cf0f4,0,0,0.12905295
xgboost,acc2fa93758f565a3087a80ec477a191464b3d629d,0,0,0.00029415396
xgboost,accf2bd4da8405dbc8d27db5fdf2f1c7d1a87a9dad,1,0,0.1344866
xgboost,accf3c3c502f61d77e490c3131a966f2eebcae97d1,0,0,0.019660987
xgboost,acd118531ab896e73938efd66f0a405806de890634,0,0,0.00094434194
xgboost,ace2a14299e97934c5014c294887ff156862970063,0,0,0.0003925852
xgboost,aceb5ee3c3c647ba5b163a10e5b84a4cd5f82b4eeb,0,0,0.0002330163
xgboost,aceca39bab16ade31b316fec3bc815c998e2e2b5bd,0,0,0.035440907
xgboost,acf23b70776e9e05f171e99a910518ad2d793100af,0,0,0.019230211
xgboost,acf7742343487f9bc702fba3a57e02d9c7a059b332,0,0,0.00022021777
xgboost,acfbe5227c93390314e7f2e8e0107b8a604ae594fb,0,0,0.00078046566
xgboost,ad070a6380af7d5f25b52f5f686ec070e9b99e687c,0,0,0.14127648
xgboost,ad089e47bb2ff679f3896da482aad953953a3f942d,0,0,0.0002330163
xgboost,ad0f7fc893cf12137e095c6fe85a88146007f4cbfc,0,0,0.1601792
xgboost,ad0fb16e0362f13b15d61e0841b4382277396621a9,0,1,0.64315486
xgboost,ad14409d0cfb1020a72037fd4f854d9471b7c75851,0,0,0.0022030366
xgboost,ad1c71e58b1997ea7f6ae5e2fdb164e2adfd7d0811,0,0,0.0006227354
xgboost,ad1cb62b281e6cc11d0fda80f2a2a0a1116c544427,0,0,0.00041254555
xgboost,ad204010612342a105fb217e8730aec691253a77d3,0,0,0.14127648
xgboost,ad21d4436e279bb0a91f5a8c949539b5343013ea4a,0,0,0.009873061
xgboost,ad231d7d23aad0acf39e6a8961478eea264ad1f8a7,0,0,0.0006486801
xgboost,ad2efe95ceeaf00321a00e80b594858e0646595b13,0,0,0.00037296838
xgboost,ad36b73d6b56eb15697b0a79ca3bdc9ea597f2f264,0,0,0.034807306
xgboost,ad374352c34e5f918d28fb08e55d032ef7f9e404c9,0,0,0.23849966
xgboost,ad3e330be8ec7dd980a52884c20185ab28b341dde4,0,0,0.00022021777
xgboost,ad3fa8300aae5435b4ef8a0064f1fc03b8a8376658,0,0,0.00030038686
xgboost,ad4e978b39fa8f3ff6572ab74c3eb3a045ab9437f9,0,0,0.0026480742
xgboost,ad531d533dd7ae20be2faafc15f224979b79286240,0,0,0.009634344
xgboost,ad5355da7b05c25728caf459c541fe9512ddd8ae6f,1,0,0.24505952
xgboost,ad6107d92f80f0f40ff5d9fe5385ea1fa84fe095fe,0,0,0.0010763843
xgboost,ad6ac0398d727fb41bd9bae3c510a3d1fad807e8f1,0,0,0.0013208393
xgboost,ad6c259b028e12f3f8b15a494b8bcf9bbffdc67358,0,0,0.1394689
xgboost,ad6e96920a829d286ac37c3cff0cc07d58092d22e5,0,0,0.008825426
xgboost,ad70229a77cb26d1f1d4931f99c003646888aadf45,0,0,0.00029415396
xgboost,ad7743d1bb225fdeb43e0e1bbd8c8d6fafb4e302de,0,0,0.0003925852
xgboost,ad80596d5685a76e3a5bb4a872b249afa1dc74e6d8,0,0,0.0010527555
xgboost,ad8167ac8e910c12beb003a7caa5494426e0a438f8,0,0,0.0006227354
xgboost,ad833c002ef1ea5d582f04e8bb5726d89ea6bd1391,0,0,0.0002330163
xgboost,ad8772843bad9baf7ad78e95e7030b50a2ea71c3ef,0,0,0.014183076
xgboost,ad8869b5f82b4b17b3aa4a386624e5e8b09f2af88f,0,0,0.009807427
xgboost,ad8b64abe9656305bf53610fabc519aad278acbc8e,0,0,0.032567263
xgboost,ad90054904679361510f807400f3d595d834f7f30a,0,0,0.00030038686
xgboost,ad917639f2540b8d875a053513cb196b6543484aac,0,0,0.004916782
xgboost,ad92118d167f5f843f5563ceea6c0b7a84599b816a,0,0,0.0010099511
xgboost,ad982a793a6c15bff68a6c5e506dab8c06dd886f71,1,1,0.6309033
xgboost,ad9f246777499f816f498f5608c89fee12cdb222c2,0,0,0.19171093
xgboost,ada267036d08857a5214d0507022a6d65a79cdd114,0,0,0.0057338746
xgboost,ada4fc958c1c6754d11dc4d3bda4a32bb87105f276,0,0,0.035688996
xgboost,ada5a940c2db77fe8f9c8749df2ae390d2475353af,0,0,0.0145422
xgboost,adada6886246a5a14cc965f94bc9bc4b987c0b5b23,0,1,0.64371026
xgboost,adb16935ebdb0277667bb6592a23283b3ed76fd56f,0,0,0.036554493
xgboost,adba7e9cbad41cd6882884b138a96d602765380e67,1,1,0.64315486
xgboost,adbf9ffa1c1ea03a0ce5d18cde1d3250f5d7ab8414,0,0,0.0012723015
xgboost,adca2ece308a468f6d39a62d89c970109b83499d13,0,0,0.0002330163
xgboost,adcd4cf43df7658c68d5d7935ea5c1328cccbe39cd,0,0,0.00037807395
xgboost,adcf474a353afadefbe11d6113b0c808598ede86f6,0,0,0.032224238
xgboost,add7491314b173f41a7488c225005c5ef26b3e4bae,0,0,0.00029415396
xgboost,addab6ae21609bfa1dc41c6471af5d52c8c0edc87d,0,0,0.0081455745
xgboost,ade3c9c463e503e2aa27f37fa7c9ba595e5c95d14a,0,0,0.013584213
xgboost,adeecc0df83b5bf3b3182dd172fad4cbf172fa2be1,0,0,0.13803695
xgboost,adf00e4e241288cbd182d9defb70200af7968334af,0,0,0.036837205
xgboost,adf0addba318a776ebeb92e1da0c8cad8dbd1d15d2,0,0,0.007603714
xgboost,adf63e0d0dc1e89804a20308d066c77809e8c7c72d,0,0,0.24505952
xgboost,adfa7a62f9f68c6f1e53db495f5518369c7b8f9370,0,0,0.020047948
xgboost,ae060158eb2495c7ab54ed64f44b10ab18addcbe5b,0,0,0.0003183587
xgboost,ae06493271c1976d5af02cef65451eacfc5a5e5096,0,0,0.0006299072
xgboost,ae0726c87535ac6e3b2b6172235669d42513c8e027,0,0,0.00029415396
xgboost,ae100903b4cd270268f7dda73850c3582160e70591,0,0,0.00029415396
xgboost,ae1488b9bbd2f022f39881ae0256cf356b83e9f67f,0,0,0.00034415527
xgboost,ae1780e78194ebcc74018a36e1d172a12d7d507a84,0,0,0.0010247461
xgboost,ae19f2d070c0dcd041478657086b83de830a52f269,0,0,0.020044776
xgboost,ae228b2fd62b278cf5f5a6802907c4b8752852cbbc,0,0,0.035800178
xgboost,ae2371257a07d1bcd8ac4d942c1550f4596130d99d,0,0,0.00022083636
xgboost,ae368cf2aabbe805ec5cdd3d1463d40be929018b0a,0,0,0.1394689
xgboost,ae41cfac37aed551ec370d2686d71101c8f1626c08,0,0,0.00022021777
xgboost,ae4a9264e3a714173ff4ccc3d2989039c0a48e4f80,0,0,0.00042573095
xgboost,ae671f4040ec560db2a7624bece12bcd3247c54623,0,0,0.0003183587
xgboost,ae6a7d771c60efff5657fa7c134a1f3b90c91d03cd,0,0,0.00044057542
xgboost,ae6e20e20a9192109e153557e4d80f03a6d495fc8a,0,0,0.055328384
xgboost,ae7488743444792c32f4c4e091f8e724c8197e243a,1,0,0.006672268
xgboost,ae840a7b9b4bf63308045c11933f54553500b46ef9,0,0,0.007452481
xgboost,ae90a5741245f9952ed75d941372d7eaf619556d76,0,0,0.00022021777
xgboost,ae912e81a776b132b7b26679f08e7748a7b57bfa5e,0,0,0.0081455745
xgboost,ae937ed712d02ad3f3e8070af07f1cb86d88b2e567,0,0,0.010342912
xgboost,ae98e94b26f21fe3e8a7489dc30950ff3783748803,0,0,0.00042573095
xgboost,ae99444fe50940ed654b2a899196901bf6d769e281,0,0,0.00037296838
xgboost,aea0d104ffa95b9db297fb053eefddf54e2c556360,0,0,0.27309594
xgboost,aea6352aa7a7ab31645dd08d2784868a646a1de7f1,0,0,0.00086060417
xgboost,aeada503b4254f53e00ca236a09e2a95d72fe2066a,0,1,0.64371026
xgboost,aeb261942abe5d193c2551fd66c94aed7bcc00ec93,0,0,0.0072853104
xgboost,aeb59db3004f1bed783f09027bb98348ea19de09f9,0,0,0.019230211
xgboost,aebc29ebebfffb6f577f508cddf9803eca73961477,1,1,0.6306547
xgboost,aec4db80b80dd7cf15961a65b95e69df9ad4fc07ba,0,0,0.005607715
xgboost,aed57a3f3f0146415ef6514334941e7cfede60143d,0,0,0.00046689593
xgboost,aed57f5d15ca9ca111cbefc25bcae5e3ceffa6ab4a,0,0,0.1394689
xgboost,aed6ebcb1f55044c3ea7ba6a9504f5dfd51027f97a,0,0,0.041514996
xgboost,aed8588e8d24e2ad88a451a87281db6af498c5d85e,0,0,0.15815671
xgboost,aee583dbcd5233c1fe169897bcace421bd71dae990,0,0,0.0009429115
xgboost,aef3de07f122c7a4669dc532d587bdc65fb4ab2256,0,0,0.0006486801
xgboost,aef4bfc83a1b370bbc98df25eba74dfbcd93b73af6,0,0,0.022123944
xgboost,af115701f46b844954c77ea56020a35513598be301,0,0,0.0002330163
xgboost,af1264a597a9e7cba5cbdc55981579611ceb934a34,0,0,0.00022021777
xgboost,af1689dddf5d65248dec35185c9c587f048a82dabd,0,0,0.028290404
xgboost,af1ded2e344a4fb5f74faff779c7e979a047a926cf,0,0,0.18918733
xgboost,af2160e6333cc30bfcaf29f3a712709f6cbf6ebba2,0,0,0.00042327403
xgboost,af23e6c5cd1220cd41fe411241b38da924c1051bcd,0,0,0.15299495
xgboost,af23e7f7f398c9d04983b8574bc396e195b3a76f7a,0,0,0.0002330163
xgboost,af31fa0a94be7e8fc5c6686f580b28f3d33979c83e,0,0,0.09457625
xgboost,af5a3ef24ec37ad7b4423e4cfacb30bb566c81e67c,0,0,0.001108906
xgboost,af5f05af9b3329e84f236d125a96325e6c629ee4b8,0,0,0.13653083
xgboost,af5ff9bb3a9a646d251f29e6847efe4111cf085db9,0,0,0.0013289296
xgboost,af6042fdb3bf390c3bd54315e06ed8ac8bf1c9ea17,0,0,0.032384146
xgboost,af63b989e896ffbc4147292aa5fa8e8bd869be0f19,0,0,0.0003183587
xgboost,af63c49d6322e261f95001dd0e61a6aed1519f79f8,0,0,0.0003183587
xgboost,af7c77bd9394a7ac494f763ca1cc79033cd612b9d2,0,0,0.006064744
xgboost,af7c9a09dc2ede17e3d204982fca4b64d757ba5d98,0,0,0.0003744533
xgboost,af7f95e7e7f71d869ffefbdb747388ec2fc3474d2a,0,0,0.001583293
xgboost,af960d08d2ee1ef99f1fecfdbedb148c90fb8f8f3b,0,0,0.028160574
xgboost,afa2355051a46d06e3e40882e76ef8c43161e46084,0,0,0.00029415396
xgboost,afa7d4b5e566ccfdd3ce7a9f5fd098275b8b4a2541,0,0,0.111099266
xgboost,afa8ae7af8d7783b87de73f1d5cbae2282df69acfa,0,0,0.035688996
xgboost,afaa618c0ae9429c156378bb35a920755d4b0208f0,0,0,0.007603714
xgboost,afaa8d1d2a0d74a98219756a7eb9751705e5dc9ff5,0,0,0.014806572
xgboost,afb16d8e188e5156a07212471786d4eadced7f0615,0,0,0.00046689593
xgboost,afb243ce90c519007fac52c7ae25369c147555d1ab,0,0,0.0026684236
xgboost,afb5a5664f16fe18b932de90b80b30a3098ebd8b2d,0,0,0.0145422
xgboost,afbff840984cc12aa16e64ad29bd47bdc1ec1d50d7,0,0,0.027860904
xgboost,afc0f3fafa2d564d57e3fc22423f7c033ca66caaa3,0,1,0.8234347
xgboost,afd675449624be21dee984f7ec9cac251a3a4e5a60,0,0,0.00037296838
xgboost,afd97a089c0b719d37ab624dfab4b8547317ac717b,0,0,0.00086060417
xgboost,afdb177a81dc2e1c4b909b1ce933563cea6412f705,0,0,0.0003925852
xgboost,afe9734065f4ad1a9ef4591c73705e167dd5d3bfdf,0,0,0.017308999
xgboost,afecf5e42bff393618df8b9bd416491f78bc121ed4,0,0,0.0043070638
xgboost,afed815ac6e85a832e62a84175bfc18ffcdb5b6c47,0,0,0.00022021777
xgboost,afef56cf13334e813a7c726aba3b6b8ea94be23fcb,0,0,0.00022021777
xgboost,aff31b0475655387b254daf772ab0e7c99cfe281d1,0,0,0.007081607
xgboost,b005b6032475bccf39430b935f96aa0f41e3d37797,0,0,0.023720916
xgboost,b00a6edae689868cf6af5125e6663bbce28326f036,0,0,0.00078046566
xgboost,b00bcded6db89b00de7e673ca4edd5c7d10e6d1b91,0,0,0.032415178
xgboost,b010fc47e50d4baec5bffd2d6ab6d9c3af4a24b804,1,0,0.01557858
xgboost,b018208f3884791c415732e84d3569cee88afa5e10,0,0,0.041514996
xgboost,b024a756a85a7ecbb8abc265b01c7459b26a0d3432,0,0,0.0006486801
xgboost,b03347c68e02d99f419c05f48998de969efdff3524,0,0,0.0003183587
xgboost,b03525af1866fa0ec906f4ca6765a2235a2783e99d,0,0,0.0003668598
xgboost,b036ef522ee6a2965ce82000e0428f198f055618aa,0,0,0.0003183587
xgboost,b03924813027c040f4ee0c1930e8c3824d6619ad3f,0,0,0.0010763843
xgboost,b03e62565bf285c077e5c6d006e3e0304adff604bf,0,0,0.00034415527
xgboost,b03fe8080e5522057a1bc00497a1eb74498f4e2150,0,0,0.00041254555
xgboost,b04037a1fc9a7a5555aaf7658df9d69eb17ac135be,0,0,0.0006299072
xgboost,b0406665a477ad533fdd39a12e237036e9d9b8827d,0,0,0.00903454
xgboost,b0417f483dd27968927969e7e604efa5a322817d1d,0,0,0.007452481
xgboost,b042ae26cc5ba35ac861cc2d6bf46be2576283bafd,0,0,0.01557858
xgboost,b0554d6f9a811d616e08e9b854069008964677ef1b,0,0,0.16246068
xgboost,b05779c6d393c77de32b17d48810d7c49920c52228,0,0,0.0003668598
xgboost,b05bb8135e07f4bee15806ba98d8c27aa397f310c9,0,0,0.0003668598
xgboost,b05c6fb7347b1999dba1ea1e0696794d1855468f49,0,0,0.0011728639
xgboost,b05e1d6ab0b32b6b44d7c92d5b45ca99bde8ff00a3,0,0,0.10463009
xgboost,b066dd45156fdceffce88fd10c8a92b49535cd9836,0,0,0.0043070638
xgboost,b06f92b091fc5cf660d0c31a3d86bdd813ec5bcce5,0,0,0.0069351136
xgboost,b07029f7fb67f187f361e3565afd9c73ace9e59cb1,1,1,0.6309033
xgboost,b07230a291bbd9e2400d68b7cb3e7010fd8275300f,0,0,0.00041254555
xgboost,b075939ffca8e8bfa4f0d55fb85a3f217ab0383ecd,0,0,0.0010099511
xgboost,b09c8affea766d3e2560dbe1f02e67306fd51948b7,0,0,0.00034415527
xgboost,b09f62f84d9010b243210e9a0031618ce3e6eac687,0,0,0.00046689593
xgboost,b09f6b46d0b70540985b9667d85e78b8d323b8c6d6,0,0,0.00034415527
xgboost,b09f88be5c64c0e8db421a725ce28cf9f038ae6eff,0,0,0.029794568
xgboost,b0a1957f6fac17b9dbef26d079b2fabcdd689396fa,0,0,0.0019530896
xgboost,b0a19bc4d865f6b9b86fa98349b7eb6da1de1be8ff,0,0,0.0053094267
xgboost,b0a47d5ee2c0c0275388cd5bc14279545fd1a5b29e,0,0,0.017295288
xgboost,b0afd37c06c5e6cfe04f6c50d5c6d3970a56db8a8b,0,0,0.23849966
xgboost,b0affbd5e6531c95dd55d6e528b9be65d18f62eac4,0,0,0.013393568
xgboost,b0b8a922b8957d2cd94695fa3f738ee8449405baa2,0,0,0.007603714
xgboost,b0ba3c7f9d95268a7b3fa3cc04019072b29498d86b,0,0,0.00042327403
xgboost,b0bef40e4bd5033ee519c56d5f548000972e54bece,0,0,0.0002330163
xgboost,b0c09a5e13ed42bf78eabdc38c42577e55bdc05a78,0,0,0.00046689593
xgboost,b0c50aa36fb8b1104f53e69b6e6bddc318cd11e60b,0,0,0.00030038686
xgboost,b0c834d418bda0f5ba0fdc8253feeb0f854d408682,1,0,0.23849966
xgboost,b0d8d03b3de3f0751e5d34966806522b6b807cd255,0,0,0.00042327403
xgboost,b0f78948ce3c4a83ea44a8b780bb702fe561fecd8e,0,0,0.13803695
xgboost,b0fe7c58df6b934948cba8e6f86446aae32c4b4d4c,0,0,0.0011728639
xgboost,b0fe92f3d25e95cc58241686d8207cf7393cbf3396,0,0,0.00046689593
xgboost,b10defc38097e0fd710568f62ce64a857281c53c96,0,0,0.0008583634
xgboost,b10dff0d406453d30f505e8c49aaee8b556c580388,0,0,0.032384146
xgboost,b11a78cc3023296c63bb0133b94214bc28eb177f29,0,0,0.00046689593
xgboost,b11edd9b878259a855e0cecfcb532cef711937bfda,0,0,0.0003744533
xgboost,b120329817052cdebace309ed2e4fc9d5ab3790136,1,1,0.6309033
xgboost,b121e84842fded2e265bf1c87d04e06f12077a2099,0,0,0.009873061
xgboost,b123023b8179f1eb7c1dc574ab77d3619180003dc0,0,0,0.0006299072
xgboost,b12848337f809afe39ec0e54fa0e8a477784941e32,0,0,0.0006227354
xgboost,b1294839f76f3542f2ac6c321e8a4ec734869a276f,0,0,0.0068733734
xgboost,b12f9a56807e67149f8cc6a818d132d8f4740685b2,0,0,0.010490675
xgboost,b132b348d6ea907e4a99c9d7d9aa6ca358e19ea0de,0,0,0.022936577
xgboost,b136b83b9b5e8e800ee8994bcabb6f1652dcfca253,0,0,0.0075840037
xgboost,b13e0a542bda7dc2e6b30b7569caf1c73e3036a948,0,0,0.041514996
xgboost,b1417c27507af2d08dee5ad12dae740c3354c87e9c,0,0,0.00030038686
xgboost,b144ee6c3da75a97eddc847a7713edff74dc5a24dc,0,0,0.019841658
xgboost,b1491f5eca6bbd40399178ec492aba456bcdb0fad4,1,0,0.11239475
xgboost,b1495509495cf0280425bb67f9358885da8eff1001,1,1,0.7853733
xgboost,b14e23dd2030a9cafb07364e3b294d79e2ca52cbf2,0,0,0.24505952
xgboost,b14ee0150c2f3bd616b3639fce37ba1dba06a3e582,0,0,0.00034415527
xgboost,b1523c9b0c7a3d0439e0bce8539f7b8ea7090bc8a9,0,0,0.0006716701
xgboost,b1533c56023484845ff05d4bc78d9fd578b9b58e2a,0,0,0.013926448
xgboost,b1538763722fae9f74ad578f9309480642c20f6382,0,0,0.014169116
xgboost,b159dab1529e8034281544a52730ee109092f8ac3c,0,0,0.23849966
xgboost,b169254567d9c625fe6ba55deb92e9c2afb54c6b72,0,0,0.00030038686
xgboost,b16a05af7504f068c1652fa9c62e8b92903bc2b76c,0,0,0.023720916
xgboost,b1796fcdaf063e28e716891a76e40141d5497badb3,0,0,0.014169116
xgboost,b183da75ca7274a513df8c1997f6a656b74dbac952,0,0,0.020047948
xgboost,b18618bfb1259c3659fe57f0bd93f3ed2afc0323f3,0,0,0.0013066181
xgboost,b189914a5f3627e0753ca476e8981cd2facfc27003,0,0,0.05705226
xgboost,b18c9c28f18903396ec060aacfa9b9448e8174d625,0,0,0.0003183587
xgboost,b191fb1ba0bad15ca005b61c88fd91ddbcf7707bd6,0,0,0.0003183587
xgboost,b1961dab88fb3cea86c4a349f342d285e4928cbd10,0,0,0.0058986996
xgboost,b197c19d9ee28e321ab278f4c5da53805fe7dff5fb,0,0,0.00042573095
xgboost,b19847ad074ec22ff30c1182e2fa3a66154616cae7,0,0,0.01557858
xgboost,b19939e91c05f23fa51108cb52bd76300657e8ec09,0,0,0.0003925852
xgboost,b19b4d35b930119be7f56af4abb4c72b7869495870,0,0,0.00029415396
xgboost,b1a00c71072ecb754b7e8c40e0edf5459d7a061ea7,0,0,0.029794568
xgboost,b1a322042e6fffb3f685103e4d7f3e72a656566f0b,0,0,0.0002330163
xgboost,b1b879e5ae61759fccbcb385696b8a5c7ca8b52b63,0,0,0.029226005
xgboost,b1bdc72c4e2d8125060030475126e1e159a806d00f,0,0,0.00029415396
xgboost,b1c7119c136e9667d0d940493188fc4596d9fafb81,0,0,0.00030038686
xgboost,b1c86298e3a77cf7157850546e5bd3d88c2bfd3372,0,0,0.0007948035
xgboost,b1d29decc87b87f2baf3bbef202f42dbd0f31b0e67,0,0,0.009634344
xgboost,b1dcc67a0f2ac625666017f3ef6d9da7b5f71c63a4,0,0,0.0003668598
xgboost,b1ea9c6417736c9ea5da1c84dfb4df9ce2a7c48af2,0,0,0.035440907
xgboost,b1f65426c88c27918c9c8845bc1487172263b4676c,0,0,0.007891431
xgboost,b1f7b481b0ae0fb83a991d0d1b530ff3f3ee58da86,0,0,0.0012346779
xgboost,b1fdcfd681963425d6eaedd58c87fd56f560ffd7ca,0,0,0.24505952
xgboost,b1fddce21f0c83b55acd27f11e411f6e4210fe78d7,0,0,0.00096465787
xgboost,b20ea8fab523092f0a1959056c488d537a857681b5,0,0,0.23849966
xgboost,b221e65228024c16320c02324f66fa892964f3f01b,0,0,0.025427664
xgboost,b2236514e1f10eb50d84444b1fbd1586e939e539a6,0,0,0.0009429115
xgboost,b22802e662765b4a86a38acdf5a950fca43214b33d,0,0,0.004977948
xgboost,b233613fd7802cc58919b4c25711ef75a2336c6e1b,0,0,0.008981103
xgboost,b23442b2b0b9ace8046a12713936366a98181b5d6e,0,0,0.00030038686
xgboost,b23e1d9dd5dca97d1ff9fb6a786659499350798b0e,0,0,0.00096465787
xgboost,b23e28c6a39b4ddc579b1491b4002e709347818d9e,0,0,0.005197153
xgboost,b242e35b7416c0132234ea74dde2fc9011f85b6984,0,0,0.0022030366
xgboost,b24e8c2e380a80979fa02532a346a2e00cefd448e1,0,0,0.00042327403
xgboost,b24f56efd9f52f7bf68a97440161a9ff7cffd96c5b,0,0,0.02976992
xgboost,b255ddf6d2befb84f3f704c9230f190b8b7276bd03,1,1,0.65877914
xgboost,b2595b92bed0984faeda37646ea58cfdaf13e0b2dc,0,0,0.00086060417
xgboost,b259edc063e90e1c4fbc9a41f201a40436a90c3454,0,0,0.0053094267
xgboost,b25d1157198f21cf7d8be58641ebc09bc8894071c9,0,0,0.0002330163
xgboost,b260c31d3cc01af79e9e1aae511ddce4b0c7a84f4f,0,0,0.0009429115
xgboost,b264458726bb701b0bf89136bd3fdcd50ef6bb5be3,0,0,0.0002330163
xgboost,b2664c421d054917dd949303ca94083a7723825bf2,0,0,0.0003925852
xgboost,b27063afafaa83fcd9c015e7b0dc5d18dad9935d9a,0,0,0.00029415396
xgboost,b2734542725baee15621b527383160625cd5824365,0,0,0.0007948035
xgboost,b276482d8a438d90b25baffde061e6958dd8d6e933,0,0,0.24505952
xgboost,b276ec3165f51d2d1f4abe735b6ba2e4accdc04711,0,0,0.0010247461
xgboost,b27c8ed789da3e66d93a43b74f055001bd7cb5837f,0,0,0.00094434194
xgboost,b27e1d8c6eec0e28a72aa185660a2f2f3b7c917923,0,0,0.00903454
xgboost,b281653900ba015dcb424f89610c2337bee56e4da2,0,0,0.00030038686
xgboost,b284dae46569988c333eaac407464ef61282ba7d5d,0,0,0.004977948
xgboost,b28a77b846f3964b7ef4a4134d662fb91726fb0f68,0,0,0.001583293
xgboost,b28e135c14941481561ffbc6adf9e0daa11863d69f,0,0,0.0003925852
xgboost,b28eb40058ee046fa18fbdfc13d11626fecf10a969,0,0,0.0006716701
xgboost,b28f2828f87f36457a7c73eba241dc1cb347eb009e,1,1,0.65877914
xgboost,b28ff81d4096f0e384dbe3721854db415fb38123bb,0,0,0.00042327403
xgboost,b2920fe48d481bed72eabc38eb664d6e32232b7824,0,0,0.15244524
xgboost,b29355facf5b678f61a00d2832456f58e6864e9f0d,0,0,0.1023795
xgboost,b293bf84178208cd6ce3e6c21ddd06bd03cf54e294,0,0,0.0022030366
xgboost,b29be1f5c419dc568ecb9cf243804fd507c90c9bb8,0,0,0.00063679816
xgboost,b29e328fb6442b5606e211342d0a4ed70b61c9c43a,0,0,0.0058986996
xgboost,b2a20b4e7f2c65c3f884cb15175c272b0d3f7000c9,0,0,0.020649059
xgboost,b2a61d0cf0dbf8467e7f5809f71c36aa492108d289,0,0,0.0003925852
xgboost,b2ae0476e9fe360222ff6c204dd1eb682263d0c996,0,0,0.028438905
xgboost,b2af48844bcc6871136580d0ce16e0cb8d9466da30,1,1,0.64315486
xgboost,b2b096e465b93900c8e36232cf04161bcd83d2a9f7,0,0,0.0022030366
xgboost,b2b22b5a2578635be722a41d398efc0989b466c583,0,0,0.0002330163
xgboost,b2b233cf846f7d125a9994ab3f8a41cfcc0ee3df46,0,0,0.00046689593
xgboost,b2b54c821a7657ab674d7928b09bbab00429aacc42,0,0,0.00046689593
xgboost,b2b811cb6ee9c71ef288aa362de92748a53c0f6e44,0,0,0.0003183587
xgboost,b2bc56b947400d69e2752e283f5d74a890ffc5fe48,0,0,0.032567263
xgboost,b2bdd2d04af18beaa9978debb7add2966bd8c41a54,0,0,0.0003183587
xgboost,b2c3d1a5253f095625aabe95b07d5b8a4a6a096e11,0,0,0.00076474703
xgboost,b2c7e796b16addb6cb5cea215a6daf99fcceb636b1,0,0,0.00030038686
xgboost,b2cab52bde64562e4de669045b5119683aae2fe1c9,0,0,0.15299495
xgboost,b2d2e740313d54447cae0b3a42d2e29ec7d655a6ce,0,0,0.026295189
xgboost,b2d981a5266dffea3d9e87a2a6fb95eee9aaf4c8bd,0,0,0.0003183587
xgboost,b2d98e8f52d574c09680a5f1c12c5996ad6e2883b5,0,0,0.0003183587
xgboost,b2ec16afe01f81c79d932e40fb6af9f63aa0b38e15,0,0,0.059063297
xgboost,b2ee4f11ad64bd65b56ef6ea0a24e929c57ed51ef1,1,0,0.1394689
xgboost,b2f1b59952c9e4b235d6773278a7ebdce1827d4e80,0,1,0.65877914
xgboost,b2f344673a149e3f3d2be0aec3fd94187a28ed14e1,0,0,0.014183076
xgboost,b2f3a3db71934d834dae663706f5512c6eeb4f47d4,0,0,0.01190468
xgboost,b2f7dfca58d472aed2079a2227ad61c864fdeec16e,0,0,0.0009881387
xgboost,b2fcf3408b303a2f0b1656bef9a301de78c0d2a692,0,0,0.2046597
xgboost,b300c829c7bec5ee5ae86e41b1f0d914f10065616b,0,0,0.0003183587
xgboost,b3019094b323ca08ebdb14a4ffd7b0c9b9d65a6cc5,0,0,0.00041254555
xgboost,b302cfa7ff688995379b0a7f6de2a5bc291980fb21,0,0,0.036776703
xgboost,b30398625a6cefa6b8d5d2831ffbc17b858cc9940b,0,0,0.009873061
xgboost,b30c406bb0f5aba6232aefd146ed1c5485070a0696,0,0,0.001583293
xgboost,b30f20d37cc3d76bfc34a5cea6f467f2c285b104d0,0,0,0.004916782
xgboost,b30f686bb84697b9191215c107189b169d90f39b99,0,0,0.0002330163
xgboost,b318914c7906e9a798d267cba78d386f0506617d2c,0,0,0.00096465787
xgboost,b31acbb80574e4f1faf864a6d66c9170fe0f9443d8,0,0,0.00037807395
xgboost,b320d5c7839b4e9d1775e9d0983eb80b17ab35730c,0,0,0.022123944
xgboost,b3364466a5bfe1c0121890f51385eb71dff38b78a1,0,0,0.030311272
xgboost,b3385cbf37c03f9b3ead5420b4871cc79eb9f6d7d9,0,0,0.020044776
xgboost,b3426a939209f84155baaf33ff9debc67d49a43578,0,0,0.02823384
xgboost,b3490f1f9d40d889738fa89da746e222a2d0c1b836,0,0,0.0071041905
xgboost,b3550f9a9a10052de7dece5257db3fb0a4365063c3,0,0,0.031720858
xgboost,b3608ab98a189df183888096740e60bc7faeb91359,0,0,0.00041254555
xgboost,b36102e45d9520a2e7bb2ef54fe085f7f9ff0c867d,0,0,0.00029415396
xgboost,b366ed9466993ffea1a98933489547babe94a0af70,0,0,0.059063297
xgboost,b37ebd83f33e016f8e7bbcd98f68765bf482454a3a,0,0,0.0003668598
xgboost,b37edec1bdbbc4f0e4ac4f4ee1aec3f17ea74c0fb0,0,0,0.0002330163
xgboost,b380b3f57754d44d39b22d5ece9f88a6a26314d85f,0,0,0.2225216
xgboost,b3854ffadd2b0a7b028a8ea21a58bf503efc9703a0,0,0,0.032224238
xgboost,b387b078008bf0d0380a6854b662110ec3db8e353e,0,0,0.00037807395
xgboost,b38a412117002f1aab6ebf9e777cd91ddf7c83441e,0,0,0.0006486801
xgboost,b38d95c276e5972aa7df391afc1f441f05c7b7e4c6,0,0,0.0002330163
xgboost,b38f57559562253ec8a9133f388670e65a4927e6ec,0,0,0.0003183587
xgboost,b391b5f10d16e6352c15e4df3fa6bb4f3c2ad0b1ba,1,1,0.6309033
xgboost,b392ea08797d60a892326158de1d97708c5446d1ed,0,0,0.028863749
xgboost,b396360450346f6ca902c80895ddf16efb437a95dc,0,0,0.020649059
xgboost,b3ac20d4ef98adc38099f1859f1e5611aabb7d5e8c,0,0,0.14127648
xgboost,b3ae77eb5a525a1ddc94df2e61491cb8d5332a900f,0,0,0.012118747
xgboost,b3b22c98d1f1a6202b844a57463e6d38ff3d8c292c,0,0,0.014806572
xgboost,b3b665674074893dba8944dd730a92385c15833a03,0,0,0.047430243
xgboost,b3b87855466e21ea9b75a7b41b267001e0513f5a3e,0,0,0.0013066181
xgboost,b3bb73ad61cd756adfc49e9e6a9cde1f6ff8340e13,0,0,0.021266634
xgboost,b3bcbb92767831e9c4473c79a9e8bef9a5647d866a,0,0,0.00029415396
xgboost,b3bd8bf1a7be2f2bdb11e11c8a6ca9f57991cb5f43,0,0,0.00063679816
xgboost,b3c29d0c5d32c5a576f5beb104e6a6b3839ab05bac,0,0,0.015253741
xgboost,b3c91fadf072a92fb27d7b4df2d046163932fd727b,0,0,0.0010099511
xgboost,b3ccea4a3a7eb5cd5b23cd78bee9fa15f46d7746f6,0,0,0.0006716701
xgboost,b3cf7723382cca57de6f187534fae51e7cbd6a4d3b,0,0,0.0002330163
xgboost,b3cfe9c655fb2a618336061504d280c82f3f23373e,0,0,0.0002330163
xgboost,b3cff31cd223634c377768ea9f07fc076b138013b4,0,0,0.00034415527
xgboost,b3d5a46bab59000ebe781bd50e4474e14ee380305e,0,0,0.0003925852
xgboost,b3dc11f748f44288b8df930ca53aaf189061b25360,0,0,0.13653083
xgboost,b3df19127ee17acbcd0594114788eb83386aca9163,0,0,0.0009881387
xgboost,b3df3cd496b373faab3ae9309a293e898f1614ae81,0,0,0.0013066181
xgboost,b3e02bf7e2b377ff988a979e764029861a14c77a4a,0,0,0.00022083636
xgboost,b3e087424dbf5afc2980827a39d07e5baf1183c150,0,0,0.00034415527
xgboost,b3e3c289cdca7f6ef1a509d10352a2fdd367c129c9,0,0,0.0022030366
xgboost,b3ed39cd6d785f7fad3da8e203877f493a8f4cdb50,0,0,0.036837205
xgboost,b3f258fabe073a37ee86ebcfe1ad296a11a66ce519,0,0,0.023674697
xgboost,b4046057dad7dc58aee06fa3608f1232e8a9ff244b,0,0,0.022936577
xgboost,b40e1587ef38ee7aee8a6940304ac0a7db57bd2ac2,0,0,0.00034415527
xgboost,b40fd890df9418e8b3531db03e35574a0df2d8e354,0,0,0.00034415527
xgboost,b41234de507ca49c4d26cea203601e6e686a72ae23,0,0,0.0007948035
xgboost,b41b31a0d3032a5ac1abd19b11f7ae54a4f8378528,0,0,0.00035953108
xgboost,b421a74520d7aabd3d26baf7dee4be76ede1461232,0,0,0.00076474703
xgboost,b426eb7c2cdd62f6e31bc1faaae34238dd624f830a,0,0,0.00030038686
xgboost,b42d004ddd79b6f1a4ff52de3c7e4ef6c12f89139e,1,1,0.64371026
xgboost,b43332ba752fcbf58b920a565e905eda3097b88dc2,0,0,0.017810369
xgboost,b44435d088b2e7eb8bce9878cd246ae85603a84eab,0,0,0.0010099511
xgboost,b44b9df71a098068961caa541870bdf201b2bb54e0,0,0,0.00034415527
xgboost,b44bafe25c3862a62a0dc3bdb7def09a193208277c,0,0,0.0009133837
xgboost,b4522f690fd5e7a0dca59c048663812a5e075bc8ec,0,0,0.00037807395
xgboost,b4530c0036dbc698b251426d27f1b21315928f515d,0,0,0.017810369
xgboost,b45e36bf7c6fff1bba9c7f1a6c49fa6ddb50d4b896,0,0,0.00046689593
xgboost,b46273b72f248bac50ddd56c17119eb4a9c15b0c4c,0,0,0.00030038686
xgboost,b4665133fdf5fa622d4f9ab977704fe4937469cf53,0,0,0.00042327403
xgboost,b468993471ccfffa4d3a5ece0e98ef98fd4ebd802d,0,0,0.00041504586
xgboost,b46f517f8213bbf22218e31ab7eb586dea56d7cc87,0,0,0.00037807395
xgboost,b4702cae108c9f3be02197be06d4bc0a13476c40b5,0,0,0.00022021777
xgboost,b470835e0af5d4c59ce84fd2ed9b85fe77699efb63,0,0,0.00029415396
xgboost,b470ec7c11255c5c70f85e3f8ccc37d9fcc21cbc4e,0,0,0.0076226057
xgboost,b476646dac454dace5fc7673068904d63d43e6b474,0,0,0.009807427
xgboost,b47d7b7739e5dc251da40604401911cf6a7ee33067,0,0,0.00027319163
xgboost,b482dd8d974cba2e396aead1958e868a21231cfead,0,0,0.0071041905
xgboost,b48493b8016c624487a542cf4454c94b3e76f51add,1,1,0.64371026
xgboost,b4870c006b29c409c3eb6b9e14e13d17934975c3f7,0,0,0.33191314
xgboost,b4899c9dc617531543543d4d3305a9c8eea6fd1bad,0,0,0.0006227354
xgboost,b48baa7b1e41ea4815eb8514aa1c5172b96424fd5a,1,1,0.64315486
xgboost,b4904c4bee0db594c0f7143bc40fe8418eebaf13fc,0,0,0.00022021777
xgboost,b490fed635b9b25be2c3f5d960c859fbdb5618ddc8,0,0,0.0009429115
xgboost,b49750736700b1c218e285cac19f057b610246a0a3,0,0,0.048636746
xgboost,b49a55f37237c978232505fa1ebf5792e4ff605bb5,0,0,0.13803695
xgboost,b49daa2db984e9651fce76980dbc389a6c4ea2a710,0,0,0.00022083636
xgboost,b4a2b0f3ade8d885dceed09cd770dffad91d721f1d,0,0,0.0069351136
xgboost,b4b0db3c5720f175909c937d0e782e021a853f9553,0,0,0.00022021777
xgboost,b4baf16fc06a87d19c6121b945a80b7399f1dacb7c,0,0,0.0003668598
xgboost,b4c44452684992cbfe9b88af5939b2ecc9a69240bd,0,0,0.008825426
xgboost,b4c5b116cd3567ec89f2bbc97752cd3a78933c384f,0,0,0.022123944
xgboost,b4cb1090f981cb8e8975d028f639923dfd94eabc0f,0,0,0.0011728639
xgboost,b4cd82429578208c0ce536a2d67f94f048102278df,0,0,0.00029415396
xgboost,b4db12c976c5c71987bf22068bed94ebc2d13333e9,0,1,0.64315486
xgboost,b4e0a9206638d9d286a9389f07440a216dc7e63410,0,0,0.007603714
xgboost,b4e0f7ff1e4d99cb183c439b8506a4fcd1273ce48c,0,0,0.00030038686
xgboost,b4e23ef6d44ae521743a80aba9725d55715b0fa713,0,0,0.00050622347
xgboost,b4e6722034e5da671a8cbd5bad4c54cab162651ad8,0,0,0.0003925852
xgboost,b4f44d0d237d268d0112267ecc50fe6130d2694c2b,0,0,0.00086060417
xgboost,b50e35351f5a6c79344a0ff3a5bcbd5c514b79857d,0,0,0.008981103
xgboost,b513676fcfb5d0c2cdf1b1514a38b31dc8984182d5,0,0,0.0022030366
xgboost,b513e3426c9681a1726e595a4610a3108eb350275d,0,0,0.0010745612
xgboost,b514a34d0f24c7b5c1cc82c526f601c092061676e9,0,0,0.055328384
xgboost,b5180c44056b4e1dfc67585b43f53ebf76be0e9354,0,0,0.023674697
xgboost,b518f545c6f8352c7657bad5c444ba002bff9d1282,0,0,0.0068733734
xgboost,b5198201ee0847c6e369c0d964f8b980dd9fc99b1d,0,0,0.0003744533
xgboost,b51b614d7ee3d0677fd9bf2ddcfc5f36d5e535ec8d,0,0,0.009873061
xgboost,b51d00b335b140ea7a9476d1178b6efd2c00bdb039,0,0,0.0003925852
xgboost,b520a04a8dbf33fd70706e125327df9def6254845b,0,0,0.00037807395
xgboost,b52657a9515b5bbf373d7f08aef52c52b055c578be,0,0,0.00034415527
xgboost,b5269e25876cca2c9d4fe0da0ce8f6778c6f812636,0,0,0.0079541085
xgboost,b52ad5c1e2da762385785a2ee54cd7aed720c1bf0f,0,0,0.00042327403
xgboost,b535c42d9937ac1a32a25c59357852256e1665051d,0,0,0.008981103
xgboost,b53b9339fddd3060bfc001ea7cfa0228ba4356c798,1,1,0.6306547
xgboost,b541776724fb03ea503c88428b1dce0a46f0af6631,0,0,0.0009133837
xgboost,b54757c5ea3ae80d9ed5ed2d6b56559d34666ee75e,0,0,0.0008583634
xgboost,b551006095e06768652572789dd93ba3dc5b5cc58a,0,0,0.017953359
xgboost,b55791825075e6538c98bd34db12e7e6d516301f86,0,0,0.0002330163
xgboost,b561cb37f3e0a5eb3f983d2629a79960f7f5a8a9eb,0,0,0.009873061
xgboost,b56e786c96bc44f93459f480b925f11d86875de772,0,0,0.00034415527
xgboost,b579b57f2a804328d14f9a33c1f9e5a6ff4662cf8b,0,0,0.0010247461
xgboost,b57c3a017e5a33dbda12f6ca206585c52aa1f9613a,0,0,0.034684643
xgboost,b57c60ea1e64e777e852a247c4a987968937cd9e80,0,0,0.0003183587
xgboost,b57f38d9f9bdd546f3fef7853b8a7f8f6fbb23d6e9,1,1,0.6306547
xgboost,b57fe514c4f6a74f2d4c2e3578a15df5964941fc7d,0,0,0.010306311
xgboost,b57fedd64c40ba290852b16380f8c1dc98648eb520,0,0,0.0069351136
xgboost,b581120b7f56316d4148f2df50d69e2d925fce1352,0,0,0.00022021777
xgboost,b583b4c19103a1083e34e0ec37a9c4516b10f3a387,0,0,0.0002330163
xgboost,b588acce254259a828a1a1e945fbc5c8eb059b66a4,0,0,0.0006716701
xgboost,b58a51cc9ff65c64a302f1a83fcf66f91018841c1c,0,0,0.048198212
xgboost,b590550d453a1b0b7818fff15da242a7d8f0ae002a,0,0,0.025427664
xgboost,b597e4dce1979bf3347812cfa7d6c6b324488c0c76,0,0,0.00030038686
xgboost,b59c20f8d56c6c7c1aab20d458e66111851cbb3ecd,0,0,0.019465642
xgboost,b5a0e765c71943daa2fa2fafa448574d768722067e,0,0,0.00030038686
xgboost,b5a12da5b4844419827beeea44aa353a49e4eb421e,0,0,0.086664654
xgboost,b5a37952896b20229d71aad86f80a03291ad5a1c51,0,0,0.0053568543
xgboost,b5b3178358d2de5bd1aee9553926f00e94cd735bc7,0,0,0.00029415396
xgboost,b5bffc469ff3e9fbdb4beac90a8ea5ce1c27e140e0,0,0,0.0072072153
xgboost,b5c2ed003c440ceeeacc4e10c87d1a48544cb7e225,0,0,0.0006299072
xgboost,b5d2805d7aaa2f9d7af432b8fa777c363ee7a18c40,0,0,0.023674697
xgboost,b5d28e2ba100cca46cad3c7e4b832d53d82969555f,0,0,0.15244524
xgboost,b5d3bc47ccfcb09686ab9b881f25d2e6e4f56320eb,0,0,0.0003668598
xgboost,b5d6349dabaf320a5afa2951eaef87e9c3d9825c89,0,0,0.00046689593
xgboost,b5d8f9a12b0480f25419f963d47f000f3d76f71d52,0,0,0.0008583634
xgboost,b5d9df51731e861d1954646472aac8b017753bd6ff,0,0,0.0009429115
xgboost,b5de235470357e1c8a5335c513043aac1e1a692fe9,0,0,0.048198212
xgboost,b5e15cb1f3c6904d7086e191aacd69737f0b1d254f,0,0,0.00034415527
xgboost,b5e1bb3a0c3e290699259da3b555813e02a8236160,0,0,0.009873061
xgboost,b5e23e98ddbf9e49f6edaf5326b65e18a590d0c370,0,0,0.0002330163
xgboost,b5f2a72a459966a8eaa333c2bc67d8010b0b5c4a4b,0,0,0.021266634
xgboost,b600552f01af8473aa1d25b1c28ef5880f350030ca,0,0,0.0003925852
xgboost,b6010e1b966dc8b31fc1cd4c88f82b90b1ccab2360,0,0,0.07525418
xgboost,b6088819828b9f4b12df4961bd867d37b596680b70,0,0,0.005607715
xgboost,b609048a5edb83f18606856cca1ffb13f7356af88e,0,0,0.00046689593
xgboost,b60ded7385437af78b00eb949f5fe38a748ce8324e,0,0,0.005189585
xgboost,b6101a0920432b7d462a3e650bab3e63fbf42056d3,0,0,0.030548414
xgboost,b611810010620e3292e9bd0dd1b07b3414e68ae6c1,0,0,0.00086060417
xgboost,b61b1411f4c37bab125c13f047b4043f2538f0e291,0,0,0.0008583634
xgboost,b61ca72fcf64e40eb9c5273c130e71b0d3b20efde6,0,0,0.00035953108
xgboost,b61fb609221b52a49db90c7364f5db68795647cec7,0,0,0.00041254555
xgboost,b62188502353453884f7d1678d8b60e6c2e0323c6f,0,0,0.00046689593
xgboost,b6241f6c1cbf9ba6d62cb54c1ea1d5a73e80da5ca1,0,0,0.0010449707
xgboost,b630ec34fd4d5bfb3cbb17efc8470023880ebe0b9a,0,0,0.029226005
xgboost,b63b3cbcdf1fa840776ee93da781003275998910c6,0,0,0.00042573095
xgboost,b63e8a1192ad1a81eff39172d198aec1dd5705a176,0,0,0.02976992
xgboost,b64f8743c98f88ba5ae31dbc48377dc059653315d4,0,0,0.007891431
xgboost,b655e64e221a676fdb49e98f054a2d2417a76f7af2,0,0,0.0003043416
xgboost,b658305a74f8a9479c26b2f2a93ecc968305cf9d3b,1,1,0.65877914
xgboost,b65efc21e6c4486d3c0bd201ac6ab66ef0a141efd0,0,0,0.00044057542
xgboost,b6616fe62cbb3cadd0c91b85cac7cb8d1556f5603a,0,0,0.011115743
xgboost,b663534febd6caf8d76ea53c1264335c2e5905ed53,0,0,0.00042573095
xgboost,b6660c98ebbced0d086caff2bab81d55f17dfd67dc,0,0,0.0003183587
xgboost,b66ad663e0e2815f55ce1f41e42639d8f2fe1db549,1,1,0.6306547
xgboost,b66e003f4972ee3ae42b7b0bc4e1c985ca8503122b,0,0,0.00030038686
xgboost,b6733eb687da4623761eef3c4828fc31ef7607b150,0,0,0.0006227354
xgboost,b6768bf255430a40e404437cb770156befef1043a6,1,1,0.8535009
xgboost,b679a9d899a70a765fdb0629c7fded15e13563eb45,0,0,0.035440907
xgboost,b67bbc61e919ef69c72d9a806f5b1d9846df761022,0,0,0.03925821
xgboost,b67d979e5191169ebf3117d469e7827175d09dd63e,0,0,0.0003183587
xgboost,b68f7db6b85ea6a87f0fab704ee2076418b46a5f3e,0,0,0.023720916
xgboost,b6913f91aeb357859d4cc9217b95a0265967aed42f,1,0,0.27309594
xgboost,b692141d045bdfd68543c711a71a1636c0642a093e,0,0,0.0011728639
xgboost,b69411c4a325c2f31c02ef2d49aa4fe5240c490118,0,0,0.036554493
xgboost,b69417ec739e3da014ef1cd35c0cfd36cbb722047a,0,0,0.0006486801
xgboost,b6a3824fef1be651412530db222df6691b5c124fef,0,0,0.00044057542
xgboost,b6b9f60d4ef446b3e92657184007d8c0dd017f0d8f,0,0,0.0009429115
xgboost,b6c6ee34bb9d8ca15991cfaed41eb82b66e3e68756,0,0,0.0003668598
xgboost,b6cf7a51c0e2302617825143209604c0751e1c3f3f,0,0,0.00035953108
xgboost,b6d361a08d9d389d76e25951b7c1a8135464e05574,0,0,0.0003668598
xgboost,b6d5366902fd6502620054d6a52df3ce8b966c3908,0,0,0.0026480742
xgboost,b6dbdfe07b013c25478b0b4357cfb5afa58e4b1be1,0,0,0.0050011594
xgboost,b6e25eec00522358a159fe412811cc7180ccb49fce,0,0,0.0039741513
xgboost,b6e72939a4ddbb3b6214150e59db3c6aaa48c0deca,0,0,0.036837205
xgboost,b6ec558b6ec430c28ad5a71ab2b095262d6ee9693e,0,0,0.0003183587
xgboost,b6f35c43343f333541c67768e0a651109ba69a7207,0,0,0.0026684236
xgboost,b6f37038fd4145f48d448ed8126c155c86034c8df9,0,0,0.026295189
xgboost,b70069c5e02cfd68df37e5bb4f8525fead4465e697,0,0,0.035800178
xgboost,b707252adecf4924c824f90013101795821e81df8a,0,0,0.00042573095
xgboost,b710e6e8cd14c441b3c3a79acfa804901ff84ce44d,0,0,0.026810737
xgboost,b719c0f6884e53658fb48088598c421fd149c364e0,0,0,0.035440907
xgboost,b72619a3e6af6cf68c5f892106ae077c60d0ac4e05,0,0,0.0007948035
xgboost,b72e801a528d3f25334d38502bf072b805e25fdb42,0,0,0.0003744533
xgboost,b73d0604122585afd62a6859cc07247be9f280c285,0,0,0.020649059
xgboost,b73dc9c2526dd30ba96dc7c67ea029555d724adfcb,0,0,0.035440907
xgboost,b73dd8cd310f929797bdfa04e541a1517acee33d20,0,0,0.013926448
xgboost,b73fdd2d6acb29c1d1678b455513eab8be82cb64f6,0,0,0.0026684236
xgboost,b7430607f42f90891713db63910dbaf443d28da752,0,0,0.23849966
xgboost,b744a06d35c7a862c64257bbf51fa62136afdb0eb8,0,0,0.005189585
xgboost,b74827213cf61e7a7266bf555e05c3e14d9557b69f,0,0,0.04829191
xgboost,b7590e5b2b63406f30df884c8ec2c4eb5b3673fdeb,0,0,0.00030038686
xgboost,b768ca241f92e1933cc8dfaf5bc8866a141a8819ea,0,0,0.0003668598
xgboost,b76d4373c60bb5bb5b9c77b378fc4c1c92c5761527,0,0,0.19783552
xgboost,b777f13295bb17a6055fa9c8f952d0b4903c16f899,0,0,0.0006071794
xgboost,b7856ffeaffbaa4c871b0be50f1b52de32aae06032,0,0,0.036776703
xgboost,b7915d446a0243b499be8602b0762e28f1a53c85e5,0,0,0.00030038686
xgboost,b79c017e403fd5603cb9595266d1afcb06400ff7aa,0,0,0.0075805914
xgboost,b79fb4323c42b98ea9f28c8c0557f3bfa6e379720a,0,0,0.27358052
xgboost,b7abc630477e71d6423019dbca13f02fc0f0937354,0,0,0.028438905
xgboost,b7ae8b068231a774351eeaebe6a1cfc6856e847107,0,0,0.00029415396
xgboost,b7b229634574927b5ce63f8eadd02c8c8978648a89,0,0,0.00034415527
xgboost,b7bf1ac4c1a1b56e1b2fddd83cf60c2c9ce1a6edec,1,0,0.27358052
xgboost,b7c00032cf524d0657bd38cd8aff30a7ec6978da21,0,0,0.0006716701
xgboost,b7c00cc86b7384f77145f96fb14a677aa30cc7a1c7,0,0,0.0002330163
xgboost,b7c2260cdd08c3bb8ad641b53fb1d24c10a4412059,0,0,0.00078046566
xgboost,b7d31461a64a425a7b2561259a130a76b85c7443e5,0,0,0.0010247461
xgboost,b7d5a69a153fc1cfb4b0be95decbf7bb2879a818b1,0,0,0.00046689593
xgboost,b7d6818248ba0391a6de25056dffbc0712d8990336,0,0,0.028438905
xgboost,b7d8a58d403e5531cf113f44837f25df0e109f082f,0,0,0.19171093
xgboost,b7d9b552e84f640016549be4fb3177eaaab8574200,1,1,0.6309033
xgboost,b7e257d9f9f9ad6e45d5267be9be6877c01912eb13,0,0,0.00030038686
xgboost,b7e574e2e2f989d817a9974fa298cad937143617f9,0,0,0.062109012
xgboost,b7e8ad943cf0e3a585418eb745dfb7c22ca6a6da3e,0,0,0.00046689593
xgboost,b7eb8f21bb52cc7a7181f02c572c74c52345af15d3,0,0,0.014806572
xgboost,b7ed9482a45fd660fffababeeec3692b0e0c85b035,1,1,0.6309033
xgboost,b7f3033eb43f05641b6536c0ba4a40f1eec3f1485a,0,0,0.0042175283
xgboost,b7f95d6810aeb73926d80946ca885668e7e7184991,0,0,0.0003925852
xgboost,b8102ee6d314953259d469523c65f6b7a750802d8b,0,0,0.00094434194
xgboost,b811998b73d9a7b0e2f787a7d6459c2428e1414b50,0,0,0.38859802
xgboost,b820d86dfa1cd9cb023661804f9991d900fbf23628,0,0,0.035440907
xgboost,b82b096288b20341e3633f646eadec216314ff9004,0,0,0.0003668598
xgboost,b82e7c411e075ef9376328257adfd7fd56e5a027cf,0,0,0.0013208393
xgboost,b832b70d9f7b07a035e50577b396747064e4168406,0,0,0.0009361887
xgboost,b8331332408fadd5987f6cb6630a80a61bcb482b9a,0,0,0.00029415396
xgboost,b83893719ef352467415a0ba73021ca96cfd610b06,0,0,0.011111367
xgboost,b847e7eef44366936ca165632ab75b678bd4a8ba7c,0,0,0.1023795
xgboost,b848ff8a2c438b07aa1ae955d526f8fe5e05381f15,1,0,0.14127648
xgboost,b84e5efc4398326b2ebd2a78e981c8b9ae84be9860,0,0,0.028438905
xgboost,b84e6b519499386bd3d0bffa01ab70ff83abe1a890,1,1,0.6306547
xgboost,b84f9df0d7813bbf94121894a6172981350d489de6,0,0,0.0075840037
xgboost,b8506014204f82442d9f0f86f094528c4f64175bfe,0,0,0.0006716701
xgboost,b853c3b566d4eba79717b71deae2dd393bdf93c982,0,0,0.0002330163
xgboost,b856168ce67f42f60d315b68ce2cb8db31271f27ed,0,0,0.0003183587
xgboost,b8616e238360aa0f38052b8800e05af95b0013d741,1,0,0.1344866
xgboost,b867054b884cd5f934c1fbe7862caf46b4447a7c24,0,0,0.0003744533
xgboost,b86755698052adfafb5b81d8121fdae4ac9057025e,0,0,0.032567263
xgboost,b86942c6f353480b41022af313659dec1f8572e1d2,0,0,0.0053094267
xgboost,b86f878dd94e5687a7af6cebb7e541396994e799dc,0,0,0.00029415396
xgboost,b877234cf54285d2f6f5c0997f43ceaddde8e0e7a2,0,0,0.025427664
xgboost,b87bc411234be7b5b4668e76d6b4a65dce84833a8b,0,0,0.00042327403
xgboost,b8891830dee9c8ef4052cd34570c29cb3f0ae23b3c,0,0,0.00029415396
xgboost,b88d7110bd78bea0b11ee32e7e7385b9299cb11bce,0,0,0.047430243
xgboost,b88dea35adef0322f68c9c4620bf440640a4ad19cd,0,0,0.045225002
xgboost,b890929a559f9f0e3d13ee2f7f7ad986ba5ccfdcbd,0,0,0.0012346779
xgboost,b897695c18b52d5067f3b6d7dd7a2c0d1b523f1c55,0,0,0.00030038686
xgboost,b8992f6dcc0568178e502b6664a4f4283ddc545ddb,1,0,0.27309594
xgboost,b8a08230d1f3538d719d1b6385cc46224c834af297,0,0,0.00044057542
xgboost,b8aa277c789666d4b9cd26fd54db0249fe405c7762,0,0,0.00035953108
xgboost,b8ae648c287a1acf1c25e656daa227fe11fdc5ea24,0,0,0.00034415527
xgboost,b8afb1d86e16cf95c9fdec7273b80dd02ed89aeefb,0,0,0.00044057542
xgboost,b8bb22655b00aef3b0019de0ab1aaa1de35268bee9,0,0,0.00046689593
xgboost,b8be34d25d21b794194f1686669d128af841fc5fcd,0,0,0.019660987
xgboost,b8c3d9b097ddeb64c34607868318ca8a4a0d3637b1,0,0,0.0057338746
xgboost,b8c51aaeda52ce76ed40134f2acb932c91869f26f0,0,0,0.00034415527
xgboost,b8c9bed581c8cb782a63ed68c76705fee67d3ea882,0,0,0.0007948035
xgboost,b8cb25bc6a1d3d205cca40b5dd28c9946520bb72f3,0,0,0.00022021777
xgboost,b8cd30c0ca4b5da7894a6796e398cf17ded82adfbc,0,0,0.00034415527
xgboost,b8cf67f78861651d51f840a5911ffba8e3b4a74d58,0,0,0.0002330163
xgboost,b8d8044c32a66e5e27d36f51473215a7ed8b2f929a,0,0,0.0003183587
xgboost,b8d867a9776bdf6a6579aaf12e1186772227e4aacd,0,0,0.032224238
xgboost,b8dcc59be5cc1d49728efa5aa318348305b18f4bd9,0,0,0.15815671
xgboost,b8dcd75c749a79370458fd568359491e56be8ff6f5,0,0,0.008079678
xgboost,b8f23051d573e8d8e1cd3ea610367360dc01a61236,0,0,0.034807306
xgboost,b8f649a7c424bd97ef71cd269abdb81db62b99b178,0,0,0.022123944
xgboost,b91aee63c84032d908e7a35de2d8697d152c9ee3f2,0,0,0.006672268
xgboost,b9224f6de8679b25debfde5dc810b25bf898f3a4cc,0,0,0.00029415396
xgboost,b9303880dc7ea81b8e70a2ca8ece6838fcbceb217b,0,0,0.0002330163
xgboost,b9482fad0c4e550451fb3917aa535f7b9ad77bc349,0,0,0.0008583634
xgboost,b94b0a0c1afd18b7b5586ab5ec1773141f72a4b461,0,0,0.00041254555
xgboost,b94c416ca8a0c3d92d1811eadf0511ee46021563a6,0,0,0.00044057542
xgboost,b94fa313d58eccfc55e6d0dd2ee423c1eaa99f298f,0,0,0.059063297
xgboost,b9588e34d35c1f4b08f86dd10e8d0d938ad411a2db,0,0,0.00030038686
xgboost,b95bc21e7114a234abf48f8d084f569f49dd1dd043,0,0,0.00046689593
xgboost,b96056370c66264aefeef93dd266942f4ba94d9212,0,0,0.19783552
xgboost,b9626e9492f1c6fabd63380b73e50025778e90cfae,0,0,0.006064744
xgboost,b9631ce50749f302f5d9635d0b88e2ba305ac1fc82,0,0,0.0010080602
xgboost,b96deb81121753270ce9b2e8ddc319bbccb6ce977a,0,0,0.032415178
xgboost,b96fe5a945e72e5c722d1ec24fc65afe4347164766,0,0,0.19783552
xgboost,b971310eb42e7a7801736f7bf2df9b27440e415454,0,0,0.001108906
xgboost,b972d82a86334768256a54b6f97effd8e6175e4f65,0,0,0.006672268
xgboost,b973d4898c9a87a88ae73a3b2e0483a04cd2d75d15,0,0,0.008142038
xgboost,b97b986c473e89a3706594524c7b0646eb7ce3fd4a,0,0,0.0006227354
xgboost,b97d350cc9546a9b96022616bfd5b79b9500a900ff,0,0,0.00080371596
xgboost,b98dd12ed15cf7449c63ee35de65875b6583efdc92,0,0,0.0010745612
xgboost,b98eb0dde373054523add0309021dbb3ff292dd7bf,0,0,0.0079541085
xgboost,b9908a4114a90a4bc30c1abfb603bcf16e199a255d,0,0,0.028160574
xgboost,b991a8191e9639a7cc147966c516c796b6552e4abc,0,0,0.0003183587
xgboost,b9a290597573d985138d3eca34c76ef387131c8acd,0,0,0.0006299072
xgboost,b9a6e904044043a596e2ff0809d505e384912aace5,0,0,0.0003925852
xgboost,b9b4cc5e46873eeae55175edc722afe6724c266c51,0,0,0.0011099989
xgboost,b9b65cce4ae7189b84f98f07e23964d9068b9012b1,1,0,0.1344866
xgboost,b9b84b274fd812509a3c30e22a37b47da2616c31de,0,0,0.00030038686
xgboost,b9bc7be2f0ff465178d914740ff5a6f28ea3e98fe9,0,0,0.026810737
xgboost,b9c0ca1a1341d33ca7a832ece7aced599d24cc766d,0,0,0.020047948
xgboost,b9c19ac409cf1a33ed5c93370a223398d01de7930d,0,0,0.0011099989
xgboost,b9c521e14766572fd57a0075493afda266a9f66b84,0,0,0.00042327403
xgboost,b9c6b303cd5f3adec59b700f1724376a23e9a92b4b,0,0,0.00034415527
xgboost,b9c78ac278e5929767018d487ba8539676337bb1d6,0,0,0.0061607677
xgboost,b9d3742942f1546115b6136f3ee66177eba4aef1ea,0,0,0.22801352
xgboost,b9d6f5e991a80280a80dab3136d8506ac8ca354348,0,0,0.2909299
xgboost,b9d7e5139b3e4425badcd4b054d785aa6b4aead74c,0,0,0.00037296838
xgboost,b9e19b5db679212f9e9ff2686ad104aad03887b22e,0,0,0.008825426
xgboost,b9e6c0e920a770bd915defadc1b7fa248708ef2396,0,0,0.00042573095
xgboost,b9e7171482c8b559fbc96c7e4d6215ca1cc8d5b6db,0,0,0.031025434
xgboost,b9ef6cb105669c41900e592aae119b6a475be26c3b,0,0,0.0003925852
xgboost,b9f2acf7ec5d9e97808662bec8c0cddc0194cce879,0,0,0.00022021777
xgboost,b9fcaf0598cef4ca4f3b45574142dca43898338ed2,1,1,0.64315486
xgboost,ba055e4513e9f5a9eae33830ab6fa772380bf15a15,0,0,0.0010763843
xgboost,ba071202d676558b3688bf9fa45de2e90f1e53f7cb,0,0,0.0003043416
xgboost,ba0cd25e05eed1bbd9e99dd18c813ee29ffec7bcb4,0,0,0.00035953108
xgboost,ba1406caeb59b85b39c3891ff85a929a509e35f14b,0,0,0.0007948035
xgboost,ba1affd57215068cf61d464456f2134c447e536070,0,0,0.0010745612
xgboost,ba20eeea43227376f169253274b8d369eadc74f2e3,0,0,0.00029415396
xgboost,ba2131a493648951ba7951900b7afcdf63970d0841,0,0,0.00030038686
xgboost,ba2456f0c8b47e5aaa232229eb33a76218d0da231a,0,0,0.0006227354
xgboost,ba25e8597b4dede9c65ec4ecc75292607807632c29,0,0,0.00063679816
xgboost,ba271fadc4d3490a8b771e7c0942b239096cfbf6d4,0,0,0.034807306
xgboost,ba2a89ed9eab50c7779c51d9354869a52aecc8cda2,0,0,0.00042327403
xgboost,ba2ade9f74d98f123b710a7244f4d6867b177e0a27,0,0,0.008981103
xgboost,ba35d37d6088baff956573131d634b933bfb82000e,0,0,0.00030038686
xgboost,ba437a9fb478f5b4ae4e51f7012261445d3442018d,1,0,0.1344866
xgboost,ba45c6acc9e0964582c234b2618759c37d395bd103,0,0,0.00022021777
xgboost,ba4856f8391705e58aecf32d6b74737c6a8640ccfd,1,1,0.65877914
xgboost,ba48ce347bb5ce2f9de07b920466ef44495277932b,0,0,0.003410206
xgboost,ba4a2a1dd0207817706bff511ca68d397152255e31,0,0,0.0053094267
xgboost,ba554c8a1707b360994a1022cd49498927d4c4bbd1,0,0,0.00947048
xgboost,ba57742c3235266e7b99581921f73f37f59fcab1fe,0,0,0.0013066181
xgboost,ba5c21c095e9ad2ee26998764939af792cdb270271,0,0,0.009634344
xgboost,ba600f4186f844b1f9bd8706d45f78992c18b4b82e,0,0,0.0006299072
xgboost,ba6baae86e92e934763545e462a1906ea7c98d758e,0,0,0.0002330163
xgboost,ba78b8c36a7444788ed7de43eb05fd81e93f419a41,0,0,0.00030038686
xgboost,ba7919b1813e3dc38a62567549947f2a1b450607a3,0,0,0.02367029
xgboost,ba7ee62365be760a90b3a733990b43979be985fdbc,0,0,0.009873061
xgboost,ba7fde8dd4fdc19594c6d1d5d1ec74020192f1e417,1,1,0.64315486
xgboost,ba803bed12b7b3c22388304aa9d77393d8e2c65a1e,0,0,0.00046689593
xgboost,ba81010830d383abc5abc5af7c9b95181fdc3c8518,0,0,0.00076474703
xgboost,ba825c2bf355d29b91ed897eda0e14b519d167bbbe,0,0,0.0069351136
xgboost,ba83e693eb155a0067e0d1d5b78759743b82bf2d56,0,0,0.13803695
xgboost,ba84dbd5b03f2fb0fa3a093c9b55824b21923454a6,0,0,0.009634344
xgboost,ba8959d98fc22bc8cad24d3cdba38c460e7552e655,0,0,0.00034415527
xgboost,ba931758f6746f28b314e5312f92623b2b4d7ee4e5,1,0,0.14127648
xgboost,ba9456fbbfe11636fec09c0a6365f648a034e1fdb6,0,0,0.0002330163
xgboost,ba948e51d09c1af00b6ceac1cdd24d0009674faf51,0,0,0.00063679816
xgboost,ba96f384ed85e762e29882f803e8e7da4fb5de8aa8,0,0,0.13258594
xgboost,ba9f419a945cbc6aecd16c8643b95749b30be9c3b6,0,0,0.0003183587
xgboost,baa074a4b43b62fb20a8f3bb4c37452e163addce69,0,0,0.0002330163
xgboost,baa427b883fc7eaf16ffccb497ca0c283d9d7668da,0,0,0.004916782
xgboost,bab1b988ed763b9b2b9eeb7f5957d429893c50423b,0,0,0.27358052
xgboost,bab6f49e333acc55ef64df64529d846a81b946ba28,0,0,0.023583846
xgboost,bab8aabaf5d39304c28be6a86ed21a5bfceb0aba93,0,0,0.0003183587
xgboost,baba548e96cd9de38d1389ab226616c12c190e3d30,0,0,0.00030038686
xgboost,bac8a0cc3648705b40f86ffc79f79171b0101b3f18,0,0,0.00062770204
xgboost,bacbe5d920d4b3bf5509f47d2df196ac7819fe8045,0,0,0.034807306
xgboost,bae8e56ca246cb85cdffebdf52bf62adac01686a95,0,0,0.017308999
xgboost,bae918e67f4ea26db8b6df63c78104025a2651f657,0,0,0.035440907
xgboost,baefd660150cead13283ebebbd90deb272c556fdf7,0,0,0.0012346779
xgboost,bb0503c2cbad993a65e94ce46fc0bc3e814b64d14c,0,0,0.00022021777
xgboost,bb0d40fd0abacc1e23866d496ef3499bdafd2c38ff,0,1,0.64315486
xgboost,bb11a2c1f535fec15ba173a32a5cca4a262d88e79a,0,0,0.0010745612
xgboost,bb1644dbdbe1087abba979da0826a71dc421e171f8,0,0,0.0003043416
xgboost,bb17baa21926ae056b409946cd7da6897a95db40c5,0,0,0.0019530896
xgboost,bb1d04acdfcf8127213d2b6be9335c2cd6b6cf897c,0,0,0.00086060417
xgboost,bb2349c80618f466a9cd4efbd06b5da92dea8446a2,0,0,0.19171093
xgboost,bb2a9fbb3b654d1cd33a3db523b5c462fda319c067,0,0,0.019479604
xgboost,bb30bcca642fa1034d5ed1025d44ae500c7ad0867a,0,0,0.0003183587
xgboost,bb310074dfa3206a232bcc82ba3120940e10e85c52,0,0,0.0003183587
xgboost,bb3127541772661769eecab69dcda14bedefa6997b,0,0,0.0006299072
xgboost,bb3b252a55524fe3538f51c0f6dfd31e69dc85efad,0,0,0.0003183587
xgboost,bb3ec6e8e3a14fdab3d07821e400519a3632c4c621,0,0,0.00044057542
xgboost,bb3f16fed5b36ceb57482fbffe22a27b0c6da09f0d,0,0,0.004977948
xgboost,bb43e3ae271651d1c69e95bd3e34c61ef7867edfa9,0,0,0.00030038686
xgboost,bb448d470892994efd77db5c2a1642ea4fe0b1a87b,0,0,0.019479604
xgboost,bb44ffb0009b9bfa63d155ea1b90e2b4a08b264495,0,0,0.00046689593
xgboost,bb4e3ebb2e1beb7173ac52140e111e1410ea646ba2,0,0,0.0009881387
xgboost,bb503840de833088e71e3b17016e75104d1cc7a031,0,0,0.00044057542
xgboost,bb51d14a96c7e7eed4401e686032d2177f9f931ab7,0,0,0.00034415527
xgboost,bb53a3c2cd1f836a6cbd7f7e11851d866af412d099,0,0,0.00042573095
xgboost,bb5491b5660b4a0e4718627ee63d26fc595397c05d,0,1,0.76196647
xgboost,bb57dd5a8c67de55ee5017cbd6c9d13e17eea9648a,0,0,0.0002330163
xgboost,bb5f792c87667055642a9a711aa34944b7ef152b4b,0,0,0.00030038686
xgboost,bb640985409e2d831a323c4b063ca87d3c4d222377,1,0,0.07896793
xgboost,bb67426111e3e5303bde1d55be5ce51bcf3492dee0,0,0,0.00042573095
xgboost,bb6e4668debe1022b7546a42d296a1241fbad5fdeb,0,0,0.013584213
xgboost,bb6ea486b1ab234cdccd72cbc7620a004ba88bd50b,0,0,0.00078046566
xgboost,bb7604162b7d1d0ff5dbbaaaab71344d0123196963,1,0,0.24505952
xgboost,bb763fa054762567aef924570b6065b092c667440d,0,0,0.019465642
xgboost,bb7f9a6675d2b80e28d71b48577f9b629331924df8,0,0,0.0010745612
xgboost,bb821dabb5d064e8972a8e360d5af0ce8247e945f7,1,1,0.64315486
xgboost,bb93c078f075967be14d7932258123ca5083e3ab93,0,0,0.00042573095
xgboost,bb93ddfbb1f186e8b29d0ff8139f9cb63acca68cbf,0,0,0.0002330163
xgboost,bb940710d5adb5d9d1a1d2bad0a087d585403c0a9e,0,0,0.00063679816
xgboost,bb94287b1bce969f24defeefd7a759dae6c3f418f4,1,0,0.022123944
xgboost,bb9b037b1715670eaa3183016daf1f4ee5178c7338,0,0,0.014183076
xgboost,bba992d1f71ce841743a14cf9bcebd7183aa34de88,0,1,0.64315486
xgboost,bbb0920798e31f25da59714f6ee6427f0c71645817,0,0,0.0003183587
xgboost,bbb648629175731320c690f9d029baba01d77e2f9a,0,0,0.00030038686
xgboost,bbbc690e3d8c23e4343dd5901a3214e8b2414cb23e,0,0,0.00034415527
xgboost,bbbcee349b8dd5464bc98ae1582c8792218b7461f4,0,0,0.013926448
xgboost,bbd602395fb6e66b8d9b670736e42f85444832ed72,0,0,0.025876993
xgboost,bbd6908f4b3a56994200c3551db3478ec2070ba4ec,0,0,0.00034415527
xgboost,bbd96775785603b4134a47a6a321788e60fcb20d07,0,0,0.028160574
xgboost,bbe50413dac10ce57e86d007396f53acfb56c02902,0,0,0.02367029
xgboost,bbe679f2aad2589748b4775c44d5ba5aaec8f083c6,0,0,0.00029415396
xgboost,bbe80681970083ce53882e2e201a7d7eef50d8f71d,0,0,0.034143314
xgboost,bbe846746932cc79a0cd9799c1f782d9866badbb62,0,0,0.0002330163
xgboost,bbed2a35d3d368ca811026dd22b02b36d4e492d6df,1,1,0.65877914
xgboost,bbfb3f70743d78d9e54dacd1d0b28014832ea25da2,0,0,0.0012346779
xgboost,bbfd8ecc923732e5e9adccb34944c75506c5a3e592,0,0,0.011115743
xgboost,bc0d2d2d438cc180927118f16fbb3cbd18bf3b2c54,0,0,0.018812409
xgboost,bc1c1787ecf25a4f1490f78f008147c15f4fb5a688,1,0,0.047430243
xgboost,bc230fe625c8f36e187571022415104d37dca1158c,0,0,0.00030038686
xgboost,bc2394c62493b50246fd992fbdc513faa4bb63f120,0,0,0.00022021777
xgboost,bc2569ac839a86e7185c77f44588c10c2d78447921,0,0,0.00044057542
xgboost,bc2681f91dcbb155bef278ae444e200555fe177a69,0,0,0.00042327403
xgboost,bc271fdaadd21eab1fa722bee47e2a8c43be27cdbd,1,0,0.03925821
xgboost,bc299090de9c605bc294503bc052c5faa7a2af8818,0,0,0.00044057542
xgboost,bc325279cf47a15d2ea03660f70f32944b83a076b6,0,0,0.051092885
xgboost,bc37a3b9b643f974ad8c2826f4de16646e9ba1ef17,0,0,0.22801352
xgboost,bc3938bb94a6638f671ace5a5461d4385605681cb8,0,0,0.015873032
xgboost,bc4c1da3f308ddbffb21b9c8f855dea9cdad73651c,0,0,0.0047180536
xgboost,bc4c5eeff12ad6de5180f11c981a8645ab9fd64d16,0,0,0.02197904
xgboost,bc559e8a9149f1ae2d134bf6b4d690976db58ee980,0,0,0.13803695
xgboost,bc57ce131418dcd7b4118773f53a32408e052a0391,0,0,0.00030038686
xgboost,bc5c18110e3bcb44bb4fc533a19f729f025c861b92,0,0,0.0003925852
xgboost,bc635857ba3b024c49ac012626e22db865aee8fce5,0,0,0.023720916
xgboost,bc651049549c044f1ad4a46bab01605e734ff1a493,0,0,0.005197153
xgboost,bc67ed59cd0412fc52df2079101ddf204442d8c5fb,0,0,0.0002330163
xgboost,bc6e16b48eefb34f58493c7e76224cfa4be9f11dc9,1,1,0.65877914
xgboost,bc6e61feb286384b896ee5fda6c21ba6187ac2bb07,1,1,0.7853733
xgboost,bc73d544af74f0905a1629c5ba1e72e9713ce83b39,0,0,0.0007948035
xgboost,bc74a51b8ce37d755fece015d18fa393fe80ca9e69,0,0,0.0071041905
xgboost,bc7523df95c5c6c62f69a698a6e2189aed7a318534,0,0,0.0014972406
xgboost,bc760f9a3bd6a38c45ee7fa6c9eda333d5780c56ae,0,0,0.0012346779
xgboost,bc8e4235e2fb6a3a9f4d4f47f75898fe8aaea7f224,0,0,0.00063679816
xgboost,bc946c4a50fb58c766e08bad588d8238fea00e79c8,0,0,0.022123944
xgboost,bc9759d9ee5f74f1e2b8b019e099c3d340c9761992,0,0,0.0006486801
xgboost,bc9ad4cd389bdc843e9ba9f67ccf59c35c43c479c7,0,0,0.0003668598
xgboost,bc9cd6898a77d05d59480b33516a020659ce68b53d,0,0,0.00037296838
xgboost,bca5580576a7cf11c601adfb1222b2966da711b5d8,0,0,0.028863749
xgboost,bcace1bdfde396eb749a1f59a9fb3cfee172d93dc1,0,0,0.130111
xgboost,bcada9a882021789a358d1d2c08057e57ea0a051a0,1,0,0.27309594
xgboost,bcb1c321957f2c753ac413bccb4a75bb49cb7c4dd4,0,0,0.0009429115
xgboost,bcb2a15f5b231c14846dca0b69bb1a357349df2dec,0,0,0.00042327403
xgboost,bcb50122b937298c618831551e5b84cdc5ec73c885,0,0,0.015873032
xgboost,bcb583ce9ce14936127c12dbd2f864786672b4c720,0,0,0.009807427
xgboost,bcb76a03cfa7a5965ba86c73fd01a3f82167a882b0,0,0,0.00022021777
xgboost,bcb7da8f7723cb2eb4621dec452983058bb288dfcb,0,0,0.036837205
xgboost,bcb95037fe84dde95a68d8f69c46f5ed634362ef47,0,0,0.0081455745
xgboost,bcc4c209035d184c032fecc97cbfa06fef16176bb6,0,0,0.035440907
xgboost,bcc52481bc9a5a321b7d652d6df47b366a2ae2bd7b,0,0,0.0006486801
xgboost,bcc7c95926ddd9df680787d3ed66a907152960a8e3,0,0,0.0003183587
xgboost,bcca735fdf02a84967eb0bf4e578a649509794cdf2,0,0,0.0002330163
xgboost,bcd4387d4060bb21fa4598a19b96ef967a77bafa9f,0,0,0.00022021777
xgboost,bcd531900aaf699f9bf6a92c01ac8ab8394373a68f,0,0,0.00046689593
xgboost,bcdd7e413f90e014c15fb17725a7d40ab26ab5cb30,0,0,0.023583846
xgboost,bcdf8158d291fd7f87c63570d44d85182af6572a1f,0,0,0.03023339
xgboost,bce266539ee3adba912cafb512e702b321d5f4b6e4,0,0,0.0072072153
xgboost,bcebf1429d85142a8747c00ce7db74d44493337441,0,0,0.00034415527
xgboost,bcf0984cb71d84d19d5b608e9b9839489291a3bdb6,0,0,0.032567263
xgboost,bd049a5d9e85709265907bfc4fdf8dc27715e41311,0,0,0.00069871
xgboost,bd07c53d7d0c49c53373e78dcb3321d430773e6b8f,0,0,0.022123944
xgboost,bd09a08f637fbbf0859d5ed3db6a89eca5d7081818,0,0,0.0013066181
xgboost,bd0c2af24c1b54e016814f2bf9e5c48b8e9d5b237b,0,0,0.032567263
xgboost,bd144dc49bb0139fc21386db7c8743c8d6f06fc73c,0,0,0.001583293
xgboost,bd157854cb1e471ae6949bd90be8e06bbc9436b1af,0,0,0.0008583634
xgboost,bd1bc8b8b439cdc87832c4c3226da469d6d4972fc6,0,0,0.00030038686
xgboost,bd24235aa11157d545987ed344263a68852f11e22b,0,0,0.0010080602
xgboost,bd259d54fc6e031f81b259da4bc846d64373934e6f,0,0,0.00030038686
xgboost,bd273da1dae0fd3dcadb7e49a8b32e97b6a728ba13,0,0,0.036837205
xgboost,bd2c455dd6e0a5ef0861a83ccf627ab79cf362892d,0,0,0.00063679816
xgboost,bd3b1bd99eb7ed977dab09341b4ce0cbebd62d9be2,0,0,0.00034415527
xgboost,bd4165023ed699fe2280bc5574490f1d992b0e310a,0,0,0.00030038686
xgboost,bd4227a990b11b0b43b5946daad087fdc0b7ee679a,0,0,0.0014972406
xgboost,bd4a7d4361dc069ba1eaea05ee8b1caaa45405c969,0,0,0.0003183587
xgboost,bd50932df078c7e8f76d7ae2c28f367ee91140f1f1,1,0,0.27309594
xgboost,bd5689721dd9747aa30c1ee6f125a23a8e7819edc8,0,0,0.0002330163
xgboost,bd5a218e5dbe75f18ad84a379a48220141c08f5eed,0,0,0.27358052
xgboost,bd5edff729af8e8f308acda4e2ec6f129cb0679bae,0,0,0.035440907
xgboost,bd6332809fa57800c54e4413a81736b41d9d85f0f7,0,0,0.0006227354
xgboost,bd6e17abdf892ab6e6453ab8efd31994f28a271a0c,0,0,0.005189585
xgboost,bd7864d59392975366daaccb4816069e57e4d0e3f9,0,0,0.003410206
xgboost,bd8390422c0e15a5f4aa28956c1b831f5495b6c78f,0,0,0.03925821
xgboost,bd8aed2bb16916a6557b1c19e06770b4b0850e53d3,0,0,0.048198212
xgboost,bd8dbec66c924d135544073777527a071d1191fcf8,0,0,0.19783552
xgboost,bd8e51b6e001aeb4c4d32ed1a999a869353617ad67,0,0,0.0006486801
xgboost,bd97bc54bc8e224d3976fe24b134aa22649634e92f,0,0,0.020044776
xgboost,bd9e3eb122c3c01e95eb566c4a8f9ce66ae5f201fc,0,0,0.035440907
xgboost,bda2f7a1055369d0edd8c3a6193f3b9b54eb0d1a25,0,0,0.005197153
xgboost,bda5a648c429af805f100ba1133533de1b272f8d15,0,0,0.0003668598
xgboost,bdb52e269db7a336ac49f8a9bec410bad1c59926b7,0,0,0.1394689
xgboost,bdc47d07056c0027349ae7e62d666354ab66bd2b63,0,0,0.00029415396
xgboost,bdc5376902fc705bb54e4b06d7910cfa9b8986267b,0,0,0.015456006
xgboost,bdc8b2e4adbc10ec9ea5c578208dbd3c66d1a78a12,0,0,0.15244524
xgboost,bdd4185437576d639d0be9c807f5cd52183dfcacb9,0,0,0.00022021777
xgboost,bdd57ab5798cac5ad17eb647a398971afb58ee2286,0,0,0.0006299072
xgboost,bdd732ea82ab0f4cd733a5a278082e5a9fbd128bb8,0,0,0.00042327403
xgboost,bdddd59e8e21c0e8bffc7267b2ffbf41debe98e55a,0,0,0.00034415527
xgboost,bdded975ee47e1e0d89552ab1acb5388b89a885731,0,0,0.0010763843
xgboost,bde1add93580dd0a9be57725bc6061f7317340dd5f,0,0,0.0010080602
xgboost,bde29b07402a7c10fc6229662608942c37b7113dc8,0,0,0.00086060417
xgboost,bde305c2b9680c2de390aced337e01705406d350a7,0,0,0.026810737
xgboost,bde51eda09512afa0b9b5fdf3669f38125ac34f34d,0,0,0.0003668598
xgboost,bde5973d5ffd4999b886c2b574a323f80c2eb27c1c,0,0,0.045225002
xgboost,bdecc515dca821e78d4ad08f6b9d70861ccbf8c637,0,0,0.017953359
xgboost,bdede6c4a0d14c0eb08bfa05aeede63b517feed180,0,0,0.03336235
xgboost,bdf17badbdd6a4dee1224beccdda2e96d9472cc372,0,0,0.00022021777
xgboost,bdf2a2ba953777a18f433862632d88ed32d5c244f3,0,0,0.009634344
xgboost,bdf54e0dadafcae2209b96adad1106614f88f1ce2d,0,0,0.19783552
xgboost,bdfa302758f1fb2f2cccb42d9187d10bdd17805520,0,0,0.03925821
xgboost,be0f79e48d7a7d20c0072377fb96c60a7a05ffd6b4,0,0,0.02976992
xgboost,be13b4284590b99831feea15369486ec6fb480a1df,0,0,0.0002330163
xgboost,be164f81d4eec94ef240ef39c5d1ab5a68f6f3948c,0,0,0.0010080602
xgboost,be1a1db5188a45c99e919900d19de31d573847826e,0,0,0.07896793
xgboost,be239527cbf071fdca8ee85b744d52a090dde37f5d,0,0,0.00042327403
xgboost,be241bdbeea158ad5696f07abb865431912d14d452,0,0,0.0068733734
xgboost,be292ba4a9ba0e33c2f6603e70de0e8822ba993341,0,0,0.0081455745
xgboost,be2cdcf86a2ca9802753fdd6d84cf852c96851c3f5,1,1,0.8234347
xgboost,be2d26857d02ca0e012d1e815f907b6287633b0626,0,0,0.0009429115
xgboost,be2d7ba5e18e99f16b8e8f197d2d60d98f1145775f,0,0,0.0009133837
xgboost,be2e30a010260858db41ed8445cbe2b8c9c0b45629,0,0,0.00063679816
xgboost,be35deca3016832253655c5a856003efc1db8d53fd,0,0,0.00022021777
xgboost,be3a6cd5e5e5f9fab85938d4f0f5d8cc3374436f12,0,0,0.00042573095
xgboost,be3de77d31a4ed8af76517a3a456b64b604f8c0a2e,0,0,0.0009881387
xgboost,be3f2cbab3110f5111fb47c1c1b00e674ae94a1a7a,0,0,0.00030038686
xgboost,be434b6d81256d5157fd704b91a62663ca026fbe9f,0,0,0.0010080602
xgboost,be476cda293e6efa3e9de6e97f39041951934eaa02,0,0,0.10463009
xgboost,be4778d1ce799ce28364e8ca774f28b08cc5867cef,0,0,0.0002330163
xgboost,be5126aa1ff5b3b57b55cab634bf62c511def39869,0,0,0.0002330163
xgboost,be5182679a6d3f19804caadfc077cd67f24b184266,0,0,0.0003744533
xgboost,be51fe829808ac63de0af4e23f32ee453f9dd7647c,0,0,0.00063679816
xgboost,be59e1d01ecb3e45b5751b7bd197b1cad1ac7e5257,0,0,0.00030038686
xgboost,be6e9c2f1d820ce3519b7803c3b76a383a017a050d,0,0,0.0003925852
xgboost,be7e9505108204effda60cf375689c3ff03259781a,1,0,0.23849966
xgboost,be82b7f54dcfb38c4d6d9f2eb537c68baa4465fa51,0,0,0.0006299072
xgboost,be86e8e58a603025f207a527502a1e89b8d18271c9,0,0,0.00042573095
xgboost,be870a2d3d31fed5e4ff86a12a4153d4b61e81eb0a,0,0,0.06597109
xgboost,be8b1cc587aba49f2f92a9ee74c6ccba97d1bd127d,0,0,0.0011728639
xgboost,be8cef12d24688addc4afaa95fbf524a42fcbaf734,0,0,0.00042573095
xgboost,be9224c85d2876ea73ebe5ea90ed19f96811669284,0,0,0.0007948035
xgboost,be94adbb47b3aacf1101b0d756f19eab46e68972f1,0,0,0.00057926105
xgboost,beb4da8010d9247ce0c7b369343dca1a51d10a2ba4,0,0,0.047430243
xgboost,beb8bb3fae08329e51de46358945b7e87e68b6f04d,0,0,0.00029415396
xgboost,bebb6bfaf027ff8d30a4f43ebc1f24b630a4b863b4,1,0,0.019660987
xgboost,bec3808c04109bd5b10ec6bc58af35954173ec8233,0,0,0.0007948035
xgboost,becd914820836dd56c7e2589b5bb82ea5a188c12e8,0,0,0.0011728639
xgboost,becfcfc7a7c8cf096b94945a16d77cc1801d3391b8,0,0,0.00022021777
xgboost,bed21299da6d2d678cb5141b128366b73eef22c2aa,0,0,0.013584213
xgboost,bedb80e1e1c9f05c011461df54aa650a0df71949f8,0,0,0.0003925852
xgboost,bedc1966314a8027add49e771fba0d99d5de16d891,0,0,0.00086060417
xgboost,beefb9385f6676b5f45d4493e164f523612e1aab8a,1,1,0.64315486
xgboost,bef0e7981715abed0539a1eb8eedfdbf59651779f2,0,0,0.00037296838
xgboost,bef922daf3ce34e3a31e3bc9307566e51ae742d1ad,0,0,0.0003183587
xgboost,befb4ef3bad5f07ee50f144edf8f3f894b2bf76543,0,0,0.00029415396
xgboost,befeba9928e769e2eb5aa498cf1380994b65a6a06e,0,0,0.0082098525
xgboost,bf0b4b772b1f020341c2c2cf447302ccfa36039e85,0,0,0.013926448
xgboost,bf14beb670025018bcac8490a3c9cea71a34b581f9,0,0,0.0003668598
xgboost,bf1b9aa48f578ec903142e124fe48e1ef4ecd7f5b3,0,0,0.00044057542
xgboost,bf1fe15dd3ee048f4c9f19265bfc7a597f01876313,0,0,0.0010080602
xgboost,bf259663f88b39e1050d7a6ded23715ac2c52021f9,0,0,0.00035953108
xgboost,bf2aceb9942a9b272a0e700f9c30e359a4eb49ed1c,0,0,0.020649059
xgboost,bf2d2d2adfe90c8989edfdd8ba6389860af03a7372,0,0,0.0003043416
xgboost,bf3a8d81bc165ae6d2fae26054fc18cfdbd4ea1116,0,0,0.00042327403
xgboost,bf467b5a9ad2729642913b9c84a72f035e4e08adf4,0,0,0.0002330163
xgboost,bf5e4b4e70996dc400369c87b42195c6459b6536b7,0,0,0.034807306
xgboost,bf6aeeeda68e887c997721ecf530187110906be5df,0,0,0.0002330163
xgboost,bf6d00e9ca1c6d77c9835335cb02272bbc8d9ec1c9,0,0,0.029167907
xgboost,bf737e8197426b7acc6b6d06221da4af2a91218a55,0,0,0.0006716701
xgboost,bf75c8d5cf95a195b8cdd47745aad6a6632fea32c5,0,0,0.0003744533
xgboost,bf8c8d97619dc2d161ee634bb0b5be00deee409bac,0,0,0.021064816
xgboost,bf937a071ef7319decd5b8694dcfe99f3d6c63817c,0,0,0.00027319163
xgboost,bf93ec9a318e3047a226a619a1358ffc233af031fe,0,0,0.00042573095
xgboost,bfa0145d500816f478670784a082b4418c02006714,0,0,0.00086060417
xgboost,bfa69a8e0d6908c1128fdf6904cc0774a2ad74b074,0,0,0.0002330163
xgboost,bfa6f9131893d2c4da26370157964d7b2a2a352abd,0,0,0.00029415396
xgboost,bfa879272a34374b99d3fd2775acba3b018fe863a9,0,0,0.020047948
xgboost,bfabadf4615704999bb18f2b58c66826a0963313a3,0,0,0.00029415396
xgboost,bfad0468d4c5699f3a5becd9ca6b7572284e47cc1d,0,0,0.0007948035
xgboost,bfadaf89104931d97a6a421f87085a728d3baca201,0,0,0.22801352
xgboost,bfafcb036cc8a54d8e383c5c978dea3a5705fbae00,0,0,0.023674697
xgboost,bfb22db54aaf09ab78c90617a93941e7ce1b73e0ef,0,0,0.0029865296
xgboost,bfbc99221fb7b8e569e2256dbb5d073e2864e38146,0,0,0.00086060417
xgboost,bfbf021c512db2ea172cbb727067fd96c15e44a46e,0,0,0.013926448
xgboost,bfc1d1eadd3e47526d56f678b8ab0a9d850471cd1a,0,0,0.0007948035
xgboost,bfd5da967728f799f590cd685c92bdfcebc1887e10,0,0,0.025876993
xgboost,bfdf84072f1b9c9d26ea430564a94422083099fb58,0,0,0.00042327403
xgboost,bfe2df684562866d8d3ffced35091be3281d6820a7,0,0,0.059063297
xgboost,bfe3741fa5a1312636dd260d272feb5cd3bfe1a082,0,0,0.011115743
xgboost,bfe399ba12933f7f49bcd4e8f35ed3a8841c06305c,0,0,0.009873061
xgboost,bfe8255602405e70c694e0ad486085c0c5cef2cd4d,0,0,0.0002330163
xgboost,bfed394f64d0997171e68a0e03f693a7fae4be8fcc,0,0,0.032567263
xgboost,bff2a8bef42d00f6171e1819ce675969441cafa3da,0,0,0.0013289296
xgboost,bff2d3eefa42c8a6d139a74e295af5653bd79a5f4d,0,0,0.00029415396
xgboost,bffcbd909bf32e4492d0141ad4d42aee23bc0dafde,0,0,0.00042573095
xgboost,c00929bfbfcc594a90b151d9809e7cd0e2e978abc7,0,0,0.0006227354
xgboost,c00ab1910df1ede3ee8f6dfe4d355c21781bcd696c,0,0,0.007603714
xgboost,c00e002da20f1724c7419b77b9a5579f98212e878d,0,0,0.0010763843
xgboost,c0110a0536f379e981dac7661534044e9768482829,0,0,0.00022021777
xgboost,c011d0bbd5c496ae519468c86c90a49e7a39bfa2ed,0,0,0.009226136
xgboost,c01333105a7b9ec78a9c98bd68bfd4fb56d1c9cd23,0,0,0.086664654
xgboost,c0136bebf2e5da46c8b019472157724653a32f1f46,0,0,0.00063679816
xgboost,c01627fa652bb8dc55550867a99b270aa531b67e27,0,0,0.00046689593
xgboost,c019c757c88e23837e3cb0d3bb1b9a7891c6d02ff0,0,0,0.0513465
xgboost,c01d9c409cc7c5bd8c0c1f7e25d088b05efb3b7dd9,0,0,0.035440907
xgboost,c025166a9da2f0738c6d885d776dc0a7ea47ec5dfd,0,0,0.00034415527
xgboost,c02c595b15c7c3af14e0ec9d8d0d1ed69252e081d5,0,0,0.18918733
xgboost,c02d7381ea3eaeb5bfd88ca8adad83980393e5dedc,0,0,0.035440907
xgboost,c036c5fda4ac58fb5e832836741d6001f79e877a87,0,0,0.0068733734
xgboost,c0379b7c59b92a54488eb882bd6289ee820c320496,0,0,0.00030038686
xgboost,c0515cdf0b559e034920bb76a860c5e1cb7f869f55,0,1,0.6309033
xgboost,c05485f1d51e0c80a0c6ca7950a688b0935f52c9c2,0,0,0.019660987
xgboost,c062c58db997ad26d8145c347f737b7e57a8c90083,0,0,0.007642062
xgboost,c063ecc85dd897848db5abbff54ad0dbbdcaee4155,0,0,0.00042573095
xgboost,c06a82657ac984aa7d06883791b2eb0e128a97b9bc,1,1,0.64315486
xgboost,c06f68be5432be8795a4108ae9121094fb7dd7837e,0,0,0.00041254555
xgboost,c0717d4b5713e25bc18f5f4dadc72508d0ac100319,0,0,0.0012723015
xgboost,c0731c740e1f4f7dfee9b35cea5aaf8001fc5cfd21,0,0,0.032567263
xgboost,c076077803e61c4aa42d910f2a23816a1fd0563e64,1,0,0.1601792
xgboost,c078511e4074f0612aa21edda971bcef7ce40134b5,0,0,0.005197153
xgboost,c07fc3f5aeb4303d739d8c80ddd55bfc0bcd71137f,0,0,0.0081455745
xgboost,c080843f0dcb85e0d84c82d0c4ee4aad5ac6aa6958,1,0,0.032384146
xgboost,c080db854a3b5fd77c29875f2ab018a7aa5c8996f3,0,0,0.00037807395
xgboost,c08167c46a9de9c728d39c83dce4141433e27e8628,0,0,0.1344866
xgboost,c08193dd4a3b9f126072439c4001e0e351f9114ed8,0,0,0.00046689593
xgboost,c083c57978c4acb7bfe0f6ec1c2d41ccb35a7f2a26,0,0,0.005197153
xgboost,c084f8eabd8447752491c329f9a853cdc6ae510f60,0,0,0.008825426
xgboost,c093313a944895c27028227ea69a86b24305db5f98,0,0,0.0075805914
xgboost,c094167b58bbac71679421c1af5c50352899d1923f,0,0,0.0008583634
xgboost,c099592c6ce03039a3caab5e164e7115294488504e,0,0,0.10867284
xgboost,c0999f592c60dadda46f0299e56cc3f98565b58b15,0,0,0.0011099989
xgboost,c0a169ed1e544989120dd7b31bafa9f631dbffb3ea,0,0,0.00022021777
xgboost,c0a2fb182c2c768fa4634df1d411424067c6577716,0,0,0.00086060417
xgboost,c0ba8b77cc2e3b2721fe0badeede97e8dd2a321fd0,0,0,0.0006071794
xgboost,c0bcb379b1f263f5561f82f8571751f98f14536a12,0,0,0.00034415527
xgboost,c0c74f5d59a0e2bc391587d7873ad980fc7f6fcca9,0,0,0.0050011594
xgboost,c0d2f33d58339034d2b79245e93ac1ad09d3038be9,1,1,0.64371026
xgboost,c0d85376b0ab6e7143152f1f8a6ba386544a6f7eac,0,0,0.020047948
xgboost,c0e88d9c59d981e0db89a94cc970da0c922e35833b,0,0,0.00042573095
xgboost,c0ec4670482f72aff08d96386651468fdb9494bb5f,0,0,0.00022083636
xgboost,c0ed41e9d15769b104428242657856e1cd22ebafb2,0,0,0.09642085
xgboost,c0ede31abecdcd07218557fd934fe6111addb32dfd,0,0,0.00029415396
xgboost,c0f9be284e324d93298346811de8dcdadc618ad9c9,1,1,0.84386146
xgboost,c0fbf1f508f7acfa7defc20a763382faf210b06430,0,0,0.0003925852
xgboost,c100f43b1ba67072850e0ac8501176ddb041b7fcb1,0,0,0.00034415527
xgboost,c118bb8e05730a55695504631b865ec165784ede2b,0,0,0.22801352
xgboost,c11d3d396d8f253407964bbc81823099940f3d1209,0,0,0.0006227354
xgboost,c12b3c344c9c913a6ae1f01444541a182263045396,0,0,0.007452481
xgboost,c12fdd9727590269c25128ae12ae2099865c64b01b,0,0,0.0007948035
xgboost,c132dfe28c55b9f75c614e1568ea5aa921b2879946,0,0,0.13653083
xgboost,c132ea181efec19242a56339149ab2f3be36b7abfb,0,0,0.024599493
xgboost,c1351a320ceed85b38afcd41588152155df3fe5c82,0,0,0.0011728639
xgboost,c135575ca6cb0eb8adb7ec597378ddde7da701cbf8,0,0,0.0006071794
xgboost,c138801edf71a21bee185384b6229cf64b8542dbe1,0,0,0.00086060417
xgboost,c1390d6599d19788a0d227bc1f5cc18508ac32a7c4,0,0,0.0013066181
xgboost,c1540636fdcb62998c3d9c8c88f782a32c607a2d01,0,0,0.0003043416
xgboost,c159d0b5bad46d817324de8ff2b93bbb7cead8944c,0,0,0.00034415527
xgboost,c15a6ccfaa0fa825f35e83f9319a768a025645adab,0,0,0.007891431
xgboost,c166df93be7953cf39787076346661c9074e8660dc,0,0,0.055719044
xgboost,c1735958385f5185aad9b950f731a79eb692e775f8,0,0,0.005189585
xgboost,c17abfa6c0b3f3e302c60a4fb927ebaa6a4231daf0,0,0,0.00037807395
xgboost,c196913e7a00261f45a861ba3509986778ff03f0b1,0,1,0.64315486
xgboost,c19a8525052824d5ea9dafbb7707db3dcc60d481b9,0,0,0.0081455745
xgboost,c1a1e8ee73be9b734ca32984a86eb3e7e8882b16e9,0,0,0.019230211
xgboost,c1a4444605d438b54b4121089a3fc28136ca020ff9,0,0,0.00029415396
xgboost,c1b27093e30fd90581ea55478416ac35eb0431025a,0,0,0.00029415396
xgboost,c1bd00f6fe2b08acebd31befdead48b2ca297dc36a,0,1,0.6306547
xgboost,c1c26225ae02d0d8685f6d6962bf7ab13114055275,0,0,0.019660987
xgboost,c1c3edd0b5db5b594fd9dda0ea6e3ecfa85ecfa822,0,0,0.00044057542
xgboost,c1d675fa568fc5a091bf33bd533700a32f5a1b0396,0,0,0.051092885
xgboost,c1d8a1e4e444fd5cfca54a7cad11c9ff15808fdd82,0,0,0.017560398
xgboost,c1dbb1b210558e2525816d151ec25ee3fc04f57391,0,0,0.00034415527
xgboost,c1ddc3077fcfbc36673b974fa91de9e909c565a427,0,0,0.029167907
xgboost,c1de6f09d23a54e87fecbbfc3e4d1793820e3fc663,0,0,0.007452481
xgboost,c1df9f1b21b168c63817b78947c60185e60ce17da3,0,0,0.023674697
xgboost,c1e49d7ff89741bc1bd2384f555fb1ea1abe310a5a,0,0,0.09539811
xgboost,c1e591fd4a93c0e6d0db5a5c4fca1a38758a1a5611,0,0,0.031025434
xgboost,c1ecbfab61f9d79eee8b935011e526e46860c285f8,0,0,0.23849966
xgboost,c2053b101581a59e418253fa617493daeba847f90f,0,0,0.032567263
xgboost,c20c6e0ce3e2129ef08602bee63d4b4f433f35e031,0,1,0.6309033
xgboost,c20c8b0a9587c485225b7201123db026a7bb343f33,0,0,0.00022021777
xgboost,c20d22e1ddca25374f7221c15797271648226abfd2,0,0,0.0057338746
xgboost,c21255745c0dd7b7a1ba82dc67fcee012bfa595f7a,0,0,0.001583293
xgboost,c2191d7cd28b58c33aa4460ce91ca2ed25b685345c,0,0,0.019660987
xgboost,c222ed61f05e8ba437abe6bbdceb385cc96815103c,0,0,0.06965306
xgboost,c2258730eaa9126827df5a14ba178b1e13e4060e48,1,1,0.65877914
xgboost,c2272b75d8e95d8613ad2adcb00ef34b5550f004d9,0,0,0.0014972406
xgboost,c229d6d7a90d6e7c896d0bd6cde717ab2a9dc7972b,0,0,0.0003744533
xgboost,c22f4f444b0aba02ec55caed43e730c2995e3dce80,0,0,0.022936577
xgboost,c232cc678c301421c2603b1574b3ff1f88f6333110,0,0,0.0050011594
xgboost,c24932489666a76ef9f18c80417080822e5e330da1,0,0,0.0003183587
xgboost,c249f5f88bd2b8b1a237b2ef3bab72bdf6d311967c,0,0,0.00096465787
xgboost,c24cca88ac6f3cf3c31c842fef85fcfb32f84fb8e7,0,0,0.0022030366
xgboost,c24f911f0874e85e45a2065e0092ba8fd392ccc87d,0,0,0.00037807395
xgboost,c25582a840b2f0e50299dc409d8dd105a3259e6761,0,0,0.025876993
xgboost,c257b5ebd11e5af49a7d6e8469b95319fea5539da0,0,0,0.00041254555
xgboost,c25879b43b06238050a1ac9a4991a191444344cdf7,0,0,0.007815878
xgboost,c259ffd78fc8f266c72b1308b7939bcc862e7a8936,0,0,0.006158658
xgboost,c25d1241b27867d0091aebaa784d6a8decda57026d,0,0,0.00022021777
xgboost,c266c72edb0c5b96f9ae2aabb6082ca9ebd5df5b45,0,0,0.0006716701
xgboost,c26a9fb18f207897fc67bde670c50badf2c6202621,0,0,0.009807427
xgboost,c2747b0c315cc389ba0ac644f3d939fe4b47687b23,0,0,0.028160574
xgboost,c276276e111ad68ad4e4e59e23ac02e60f6fe9fda3,1,1,0.64371026
xgboost,c27aaf996ba913a3f12988dd61feace80985f147bc,0,0,0.051092885
xgboost,c27e29e04e5322feb216758ae289dec9bb719c7e59,0,0,0.009873061
xgboost,c27e667f194f4de9be8d00229caa16cb09b7195967,0,0,0.017810369
xgboost,c2884cf06dd8da3e5afaea4c7d45f5e7735efa2efa,0,1,0.65877914
xgboost,c28b29f5dd71ddf9215baf2542ea3a85bdb42bd493,0,0,0.0002330163
xgboost,c298e12b08b759ca443daba54c5788e9a70fea0804,0,0,0.00046689593
xgboost,c2b72b07b73b54181f66f25a1d678e6d9f322ad2a8,0,0,0.004916782
xgboost,c2bb51000dcedb582d7a03d00bceb67cd26061cd79,0,0,0.0026684236
xgboost,c2cadd981d75e78eb94361e7dbea4fde172eb13433,0,0,0.020047948
xgboost,c2cc3e04969e3ccf5c5c1218b2758a32ced06c481c,0,0,0.00063679816
xgboost,c2d0d24153c42ab38f0085407bf0669a16512d79eb,0,0,0.0003183587
xgboost,c2d1186f9c2b6430704a2672727c7173d7ed1b72bc,0,0,0.00029415396
xgboost,c2d4cf5d2489fe7acbad1db73e60424bf98560652f,0,1,0.65877914
xgboost,c2dd81d851585a21b00c4aaed1cbf22d9cd50fc911,0,0,0.00029415396
xgboost,c2f042dbcee03852ab4aa8c1226b0ee3b583815d2b,1,0,0.0053568543
xgboost,c2f2da12884e8630abb09244780a9bd3f78a7e627c,0,0,0.0002330163
xgboost,c2f681a7511123ef5d24c23a569575f6d5264bc7e2,0,0,0.00030038686
xgboost,c2f71823ee2f57e8cd80c63527629e5ec0af7a604b,0,0,0.008825426
xgboost,c2fc39e0cfec19d4896c5530346c5f3ccc4c72a2aa,0,1,0.8535009
xgboost,c313dd89411a5a2334b293933a91cb04b603a0a10a,0,0,0.00030038686
xgboost,c314958fd9762b2066498f9701f27b95bf62f2c8be,0,0,0.0079541085
xgboost,c31524c133de7ed7cd209e2f72269c7644a9cda430,0,0,0.034807306
xgboost,c319bf2009202dfa20c8f171017352b09f6fc7a638,0,0,0.007642062
xgboost,c3253780f06a33badb3fc05c1a255d298115004ce0,0,0,0.0010763843
xgboost,c328150416fae5ddd1dd44888116c8ec7f8197d12c,0,0,0.00086060417
xgboost,c33aa8b1646f2d4512b0d5431b4218e121e39e8a39,0,0,0.0079541085
xgboost,c33f747138f1316091cfc8d2d5fc68515f31c4aaa4,0,0,0.0003744533
xgboost,c3439ceddb9b6bcf8e3705ca66ee480c9bb053f4ca,0,0,0.00034415527
xgboost,c35b435686580f09ae5d5024e7bbb82421e359b483,0,0,0.055719044
xgboost,c35ba9690631aed9afef69410e89260188afb63ade,1,1,0.6309033
xgboost,c35d7c23198aae8b68ab5032defa0327195476bb1c,0,0,0.00057926105
xgboost,c367bf0eace861b4160ae89b1668559f0513f03076,0,0,0.0006227354
xgboost,c36a2991d6d9ce80dee17e05e107f45b4e806e2555,0,0,0.0026480742
xgboost,c36dce264112c2c30244c9099f29b68e4d320e6a32,0,0,0.019230211
xgboost,c373961bc60fb2ff443c2ff35e22ecb69beacbdafa,0,0,0.00062770204
xgboost,c374b46fbefd342b6d8ef476d21d66faa2ede78a20,0,0,0.004977948
xgboost,c37dc57f32fe50540cc6057ad03ee6c7d76bfcf7c2,0,0,0.0003925852
xgboost,c383e178b7b9a6fd0797d5ddf5a20ec2e2861d2b0d,0,0,0.065870196
xgboost,c38aa365f21b66303ca8c31f8334c7426e847aa496,0,0,0.028160574
xgboost,c38b8ad872d06594050d8b4bee750e4e61c905d52d,0,0,0.0053094267
xgboost,c38c278a22ca734376c46e4b99c0054a77e8dd8ecc,0,0,0.0003925852
xgboost,c38d21120a3f52d3cc15cd085ed642276bc274208a,0,0,0.00022021777
xgboost,c396cfdf3d8291ba016ecbbb056e6f363afa87a5e3,0,0,0.026038293
xgboost,c3b0fa9d81635b9f273be8d6f2c9dfe107a642bf8c,0,0,0.00029415396
xgboost,c3b4b6882046ceb02be68a3cc37f1fce2def7bf0fa,0,0,0.0008583634
xgboost,c3b72ac65ea049eba3aaf472c916163a6e1544254e,0,0,0.22801352
xgboost,c3ba6d0b80fb8d0c9ae856b822ab05d8b126b1cd5b,0,0,0.034807306
xgboost,c3bc316617b2f3c1d45e79b86a2ee1a160485a5a62,0,0,0.00022021777
xgboost,c3be2337e2b8550eea302ccb4fe6a46f2253c96ad8,1,0,0.24505952
xgboost,c3d254636854f012bc1355da41a853e76a702596ea,0,0,0.0003183587
xgboost,c3d3aa0d662daa48dfc0248d8455137ddf9f2fdaa7,0,0,0.0002330163
xgboost,c3d5f8255ec5b7b65fca2234f449e02cb33f054a99,0,0,0.03925821
xgboost,c3d772e5e4038a13407380f002f3ef68c12807d1c9,0,0,0.0003183587
xgboost,c3d85f3a26ce65f952bcb0922e12ad98114b40e66d,0,0,0.0009361887
xgboost,c3dc9f9f2ce2a72c3f265421526bad6a3cc78209fa,1,1,0.6309033
xgboost,c3dda83dbf9ab2cda5368430da283a1ea7a6be305e,0,0,0.0013066181
xgboost,c3df3c88ff02b507b8996d27023f1fc63e77ca9ea7,0,0,0.00029415396
xgboost,c3e138e4c8f0e10da6affd55555d4638c3ae6aa368,0,0,0.00030038686
xgboost,c3e80454509968789b25deb38721fac21760d551df,1,0,0.27358052
xgboost,c3edc614f6e8422bd89f08d90e6d6a7b82f03b51f5,0,0,0.00022021777
xgboost,c3f2408ccad759d55625e4f536444bde7619e121be,0,0,0.00044057542
xgboost,c3ffbe36cd51190318d42733fffde9f3fdb90587dd,0,0,0.035440907
xgboost,c40344e9e5523882df1150076a120026352c0af114,0,0,0.00042327403
xgboost,c4036cd422d1deadbe01a4179d227d60377aefeda8,0,1,0.64371026
xgboost,c404ae29b6fbb66caa948399e4376ba2cc8770b132,0,0,0.025427664
xgboost,c408051a2a909edaca8eccf9103c7764d8c3e21eac,0,0,0.16246068
xgboost,c41224018ca5137d2e54f7fa40042e3b854fc93d25,0,0,0.00063679816
xgboost,c41cb129b64d9202071be26ce503ea2fada828c734,0,0,0.0012723015
xgboost,c426240e5552567a3c279e23b0360dd3bdc7971875,0,0,0.00076474703
xgboost,c42bcccdb259a86f014b70041551aaf52ebc666251,0,0,0.0002330163
xgboost,c42d254737c3560b3d5937031d06d41a2d437431e9,0,0,0.00044057542
xgboost,c42f11e44f556bb674f3f15167db89f02fb4792728,0,0,0.2611296
xgboost,c446f6205324b6df6b7ba510b85b3cb4f896e6af8c,0,0,0.0014142314
xgboost,c44d6e6473d78c29221e678e35209a5c00c40ceead,0,0,0.00042573095
xgboost,c44e9a6cab58c9b4cc2bebc4e2a153a61176cc8951,0,0,0.00030038686
xgboost,c44fbc24f486addb492b4173e4077eff24d5926f14,0,0,0.00034415527
xgboost,c455bee253d24692050fbd0b558ecb7fedfa6061e3,0,0,0.026810737
xgboost,c4582c331c3cfa65019494f523fbe5b9ac4b624b97,0,0,0.0003668598
xgboost,c45cbe8cfd6a0c18b1abd632e19acb6face1cf685b,0,0,0.059063297
xgboost,c46824f4d971d3a01b126237e73665042e17b805d5,0,0,0.0003183587
xgboost,c469321640230ce9341fbab4620697661cc8d6c9e4,0,0,0.00041254555
xgboost,c46b34d256a37b28f285468baafe0106b80cc4ee18,1,1,0.6309033
xgboost,c46e6a915e6421720fcf016a832aa336a4115ad907,0,0,0.006158658
xgboost,c46fe03978b21f3b9c3d206d7663c99b3caa69617d,0,0,0.00041254555
xgboost,c470775925ec7094357e9ee639aa48cf8ff0869534,0,0,0.00029415396
xgboost,c4711864786918fdc8e8ef9a360a9123d6f2cd0767,0,0,0.1344866
xgboost,c4723da325e0bbc444404a269c12175f19a20ba9f4,0,0,0.0003668598
xgboost,c4762dc535dd7ae93b3220053f836394983a0aab72,0,0,0.02976992
xgboost,c481bc3e4366f40e37a2b7ff4df0a6d22dba0a2dca,0,0,0.00029415396
xgboost,c481f45c9fee72849c80275ba0ea1c614b9bd4c61d,0,0,0.001583293
xgboost,c48dec579880c8f4d4ae1005924adf9d02a6456d5b,0,0,0.010306311
xgboost,c49acc7993a84a8609070de5ff26efec18ad870c77,0,0,0.00076474703
xgboost,c4a67378d6f2f8203c75e47221f6ece99c215dea11,1,1,0.65877914
xgboost,c4a6fde830cc4c0572916cdb6b07091eabb8008d73,0,0,0.02379403
xgboost,c4aa00cbdf1269cb8f981041229c7dbe487034a168,0,0,0.0002330163
xgboost,c4ac8800a312753abb3aac3d2dde7e5025227c252d,0,0,0.0006227354
xgboost,c4b31be965b60710e2c47d1ba22201e1698bfbf6e4,0,0,0.00034415527
xgboost,c4b5bcf24c921c1a3bba1f7c2438e37240d6185b41,0,0,0.0009429115
xgboost,c4bab6aed00b3ed317929d85c21df1e6119e2d7304,0,0,0.15299495
xgboost,c4bc0692e477ffd29b521602e77063b2198dde88de,0,0,0.001108906
xgboost,c4bf8239e4df8f6042cbe716a3940bee02e237070a,0,0,0.0003183587
xgboost,c4cb07aa9965e312eb59aada036aa593b2207c6bea,0,0,0.0075805914
xgboost,c4df1dd70d3a2e50f5bec3d2e7b107ca0e68d1ff76,0,0,0.00041254555
xgboost,c4e3c8411364a0283a29a03078a98c2c390df24c6c,0,0,0.03669534
xgboost,c4e8b5288d06eb2d9ed74e64ba4370e014c42de702,0,0,0.00029415396
xgboost,c4f6eff7d5ce84511b69b37ddd860d2612efed6c06,0,0,0.00029415396
xgboost,c4fa56ba6a57548adea08f72c906648daba0a869c6,0,0,0.0006227354
xgboost,c503fdf53bbae2e0a74de557d3c314a28d172627ef,0,0,0.0003925852
xgboost,c504bcce0e5ba5d7ea3dc02ddb3a50e83285f354b3,1,0,0.15244524
xgboost,c5059f806f2ea4e6b90559897f5bf9038472921f7c,0,0,0.33191314
xgboost,c50c1aa3030b3f763e4f3a20df3bb844329b8d3aec,1,1,0.6306547
xgboost,c51b1a83eac834d69595b5d93c658b3a360b625a10,0,0,0.00037807395
xgboost,c52e4bcb67e33ee40bc5f3810e71446cf0d28f982f,0,0,0.096435696
xgboost,c538a6590e0c4aa7601d2d7475b5fb2f48f1bf60be,0,0,0.00030038686
xgboost,c538bdb15dce8c2e093a529562ed14fb273764d428,0,0,0.036837205
xgboost,c53b3c297a46eb9a76d9c5b2db17ef4b515f750ea5,1,1,0.64371026
xgboost,c53fe25a8e42eef096e68f73172eef7fe4ebf276e2,0,0,0.13803695
xgboost,c5473f3c31a82b9d5595627f1f1e6918b9b9f9dc07,0,0,0.0006227354
xgboost,c54a38176d1ff2e1b6c9c706f3af75a29be4eefac6,0,0,0.00086060417
xgboost,c54b155f0acdfdaa07fdf1919e0314e49adacc15a0,0,0,0.00029415396
xgboost,c54b79e097df31fe3d8bdc138316d2849860a2b1c7,0,0,0.00046689593
xgboost,c54fcbcf83eeede3a5ff8f92f1e1e408fd70c6cac6,0,0,0.0012346779
xgboost,c5506473b2911a80855043901bcbace4b45778e34e,0,0,0.0009429115
xgboost,c553e5ea16cc6ff6a4f5f7a451feb5c10f42fda449,0,0,0.00035953108
xgboost,c5542f8bd383ea98762d781263b68ba3ef281dee38,0,0,0.25800535
xgboost,c5556fde4cf5c2b12a24d63b26a94b1ca2eb921e38,0,0,0.00030038686
xgboost,c5587b161ee3450297fd1a5b368e26b355f9c384be,0,0,0.023674697
xgboost,c5600f3b4642dcc5a33397cb8b02731d1183c7c5c1,0,0,0.004916782
xgboost,c5627d8fa9c3e749e2fa9ac70cd295cdcbc92a1884,0,0,0.025427664
xgboost,c579a2a3ff199b74600b5be36ee7881a0e89c93801,0,0,0.035440907
xgboost,c58568bbecd213848d4caaf4cbcdfacf1ec6c2e040,0,0,0.0006716701
xgboost,c58ac302089db3787976c0e3db7eba8632b0f81f68,0,0,0.14156424
xgboost,c58f05f14ce4fad32c324a9b60e1686731daff0a42,0,0,0.0008583634
xgboost,c58faccf4c8bc38950ebae00a890904ddfa1cbb168,0,0,0.03023339
xgboost,c59251c4a2460e26ad354e27f05b62d823b4fd4a94,0,0,0.0002330163
xgboost,c59318fdf9f2757a13c6808157a03c11444971866a,0,0,0.004916782
xgboost,c599fa4b13e0588180db695a8fde4ae7b5c08af6f3,0,0,0.007891431
xgboost,c59cdbcc79df3a11f4f425df05467544e9cc3b9824,0,0,0.13653083
xgboost,c59cec781c8467e097858fcb883ef2cf5b5f7ef453,0,0,0.0012346779
xgboost,c5a6ed5122c314bedfbbadcec179f67dd5aa6c91df,0,0,0.003925084
xgboost,c5aae4e5b46454b21535f1cab7ec09fc334c67a122,0,0,0.00034415527
xgboost,c5ada6c9dd344a47af741962f9c4d61729496a5abc,1,1,0.6306547
xgboost,c5c29d8e6364ee96471e78e81d2b20587af804a90a,0,0,0.027860904
xgboost,c5c6a6c0175a3f815a6f5179dbf2399dee2258f0fb,0,0,0.00030038686
xgboost,c5cf4e6b01ce30e31d071c51b8582d5d6d83699ab0,0,0,0.10463009
xgboost,c5d17a0c89856fb4f4c981847b72b3fcc3100cea8b,0,0,0.00030038686
xgboost,c5d3231e84ae657221bb13c1f7d8d93665c75e0bd1,0,0,0.00022021777
xgboost,c5da78d53decf5eb1ca4d8ca904c227a841ce6c3e7,0,0,0.022123944
xgboost,c5daa90eb0bf91970a9ef4d5f11e0989004d2314e7,1,1,0.81158566
xgboost,c5dd1f2ef5cf7796a0204d82b7265d7e35252ed453,0,0,0.034807306
xgboost,c5e31d0ea8d6e2ac221591b28e729c5a50dbe8cb88,0,0,0.001108906
xgboost,c5e895952a78e1e12365cdd2fc2a09368f6d03f9c3,0,0,0.022936577
xgboost,c5f071ee32d6603a4841571e6bb6bb8a3b70cc0428,0,0,0.0006227354
xgboost,c5f1092bb95358e63b18eb28fad1cd9a505c0e07aa,0,0,0.034807306
xgboost,c5f635d3450749539a24564f8de99da94e489fcfb1,0,0,0.2046597
xgboost,c5f9d7392ecdf7a3652b3858ac0809fa1bf3bc04f3,0,0,0.00029415396
xgboost,c602992c97e81713638f3f814f527fa9bba39bbc22,0,0,0.0003925852
xgboost,c6063190055fa8e49a9da1b48e4d4ca995c98237ea,0,0,0.00042573095
xgboost,c6089d69264c12cc548ed6d9f0c68708e40cc5b2e3,0,1,0.6306547
xgboost,c60ab5da0aa2844e958fb16ebd74344811cc8c7129,0,0,0.032567263
xgboost,c60caa10b1c7dfe427bc056430e20a1ab5aaf0bf45,0,0,0.130111
xgboost,c60ed1bc46f48d563da0d720cb65a319696c3dd8c7,0,1,0.65877914
xgboost,c61cd04e782a64c48c690db90ea84bd9e13f6ab599,0,0,0.00029415396
xgboost,c61e804274a402c0837670aa06592bc0876c51bf4e,0,0,0.0007948035
xgboost,c626fe9e1b0285e25b8813fd7ad173404403f8a2a3,0,0,0.00042327403
xgboost,c631f4edb8cde53ddd4c3b238c6f73ef0ec3be3cb2,0,0,0.00046689593
xgboost,c63233229604204cd3861a8bfa470f8ea2843bef3e,0,0,0.00042573095
xgboost,c6363fd32ae8f82394f89d0cd9d41e5b75888526ff,0,0,0.035440907
xgboost,c636b9be91f9c22380afabcbabd7e90a05b3cee44d,1,1,0.6309033
xgboost,c638eb50b4169bebf74f99154bf91e7a35b60e4df6,0,0,0.0011728639
xgboost,c63c142ac67df6c586a255ad0508d5b4d2e60c3c50,0,0,0.02564824
xgboost,c64f0c41d90262c7ce96ce925b8f9c02c096d2d058,0,0,0.0003183587
xgboost,c64fbca2747f4cb1da103cac7cb7774d1c6fcec180,0,0,0.0002330163
xgboost,c659294f50a9e5fc3dc8530ef833e57488a00b2cfa,0,0,0.00076474703
xgboost,c65c839b5876a20b6e6d626b9836249d0e567a59ec,0,0,0.044447508
xgboost,c65ecef8ced005dea972fcbc83adf3c2ec4f3da996,0,0,0.0003043416
xgboost,c666d6fef857680a50a6f27349f7bb65fed3937fc0,0,0,0.111099266
xgboost,c66773afc4d807f407b0e0567f1f2ad17db9567c96,0,0,0.00037807395
xgboost,c67040f51cd2f7a35c435c651ae2a3042ee0e510c1,0,0,0.03669534
xgboost,c67109fc0c11c38e3e34606dd62af225ba012c14ff,0,0,0.27309594
xgboost,c675dc623af5790beab1153cffab6cf81a00f034b3,0,0,0.026810737
xgboost,c678ad2af6dd6b1562f1735d793f0e1fde2b955f65,0,0,0.00086060417
xgboost,c681acc8c7a990db676f7a9d9410d6995767f5a8b5,0,0,0.00022021777
xgboost,c68b4563f0889ab5ea6ddad92c93ce2f4be3f2efc4,0,0,0.010490675
xgboost,c68c09e40ff76a1e48bb24d442a08a12d1a64eed1b,1,1,0.65877914
xgboost,c69bb46dcc9c11862bd022db0413accc96e3665b1f,0,0,0.00041504586
xgboost,c6a0461790587d6cbd0d755c1611dbd9507b16b021,0,0,0.0006299072
xgboost,c6a6feb3c71a62e6ec7e23d44ceb7f38f91875ca2a,0,0,0.020649059
xgboost,c6a822bc88b95eba2a0a01d3db4223a1a7d8336d77,0,0,0.00029415396
xgboost,c6ad41f9d4c9d1aa234bda3d05006c22ebf0c14ee1,0,0,0.0009881387
xgboost,c6adebbf783b5dba5f28900f91d0d354d0890d81d8,0,0,0.0007948035
xgboost,c6b144497b7c57026e742d7a7349e4e5602e5c7af2,0,0,0.00022021777
xgboost,c6b7335dc5a27efa5b445172282173105cc7af9ff4,1,0,0.1601792
xgboost,c6b95f6ff33668412f93827ea1c3f47cda37e25821,0,0,0.0050011594
xgboost,c6beacb0ec9510a2eea2192cd5135150eab23fd95a,0,0,0.020047948
xgboost,c6bfab7e14d6a034eec7aa010d8beebeff84ccc7e3,0,0,0.02379403
xgboost,c6c4883492fb01bfb01bd5ca728dbc07379937a42e,0,0,0.028400537
xgboost,c6c6c1ddc3ce4f774c974369b0d88a22c78a82e827,0,0,0.27309594
xgboost,c6c8ee4628ec1b79ccd3c0691a6d57d89ba87141af,0,0,0.00030038686
xgboost,c6d4232e59eb3781c9545085e47da3731a12a24183,0,0,0.0043070638
xgboost,c6dad7b3957054112132247ad0bbee37e6bdb577fd,0,0,0.028863749
xgboost,c6f09b22de56148bf396852a6d8c34a1bf38b7326c,0,0,0.00042573095
xgboost,c6f342069bc6c102bb97cd4cd45ded6ff5a7b828f4,0,0,0.00030038686
xgboost,c6fd55a8ee8609aed51f28a57ee314e5f8ece299b9,0,0,0.025427664
xgboost,c7017af11c06b9a67afa09e1b7f993fc3bfc00c2b1,0,0,0.0007948035
xgboost,c703bafedead4f9e5c5fce6695a39deda926e0b5ac,0,0,0.0006299072
xgboost,c70a2c40e638e1bd2efc62047f00050157b07594cf,0,0,0.27358052
xgboost,c712e72cdf54426ca686824f807636ab36a0c01197,0,0,0.00029415396
xgboost,c715f4c19250333a2f76d7be4bffd7508e61e649f8,0,0,0.00035953108
xgboost,c716f88f2fface8dd40bdf9c731adfe75badb11286,0,0,0.026810737
xgboost,c71bb348ff73a57b8d68cbfc4a1f35c7a0fcccbe16,0,0,0.0012723015
xgboost,c7216d2b70e4abfa3abaf1d156640b9b595383c7c9,0,0,0.00063679816
xgboost,c728d3a63effee58b84506073f29b18bb1f04df2d2,0,0,0.00034415527
xgboost,c72f0467dba2017f68b047d6e727971d40e5bcda74,0,0,0.0006486801
xgboost,c72f75139227159d34d30bd48e1bad8f49a55a8f75,0,0,0.010490675
xgboost,c73d13bc55c188fe5cdd2981532e5772e72bdb7b26,0,0,0.01557858
xgboost,c742c22e2d32453a060baaa07a34313ad52f8d6f78,0,0,0.055719044
xgboost,c74a8121c89b8d3bb99c5b8386598e8a6cbd35de1b,0,0,0.00035953108
xgboost,c754233cb5c26d74b5c6f0b6d28dd28803adcf41b8,0,0,0.0006486801
xgboost,c75778164cec72de653f6de7dfb5f64677a1715fb5,0,0,0.00037296838
xgboost,c75848c1896c2d3932de3807254ceee05ed63d62d7,0,0,0.020047948
xgboost,c7587e01dbb9aec3541050baeae230c45d11bf1031,1,0,0.1394689
xgboost,c75e94f35382211e02dd7989e5e13d22f4d81539d3,0,0,0.0011728639
xgboost,c76905b69e7997ac06e71fbe249bad635024ce72da,0,0,0.0075805914
xgboost,c76d8871b167eb6be57382e7115b5630a5ee34f732,0,0,0.0002330163
xgboost,c7750f3a0336b2037046a1af693c29b78c419e1162,0,0,0.023674697
xgboost,c7889235841fe625e17f059d4cee251484bfb67fed,0,0,0.00034415527
xgboost,c7899381cb9ee7beb17e352460ed892129efaca9c3,0,0,0.0011099989
xgboost,c78d288f85b09b6817fe3198576bfc128ad7e2233d,0,0,0.00042327403
xgboost,c7931beb8d21e5b38edbd8fb2d73088e2c6c656025,0,0,0.044447508
xgboost,c797d0f50608541d6503990b09d167b7a1653cf995,0,0,0.00078046566
xgboost,c7a07fee93b4348d4852ab5abb144e8b1d082c0537,0,0,0.0006486801
xgboost,c7ae65f2ff628aa6cfcd38a6ceb638baf131cf6314,0,0,0.0002330163
xgboost,c7b69cd8cce7b74569b2f2f9bcb7698601f5e82445,0,0,0.03925821
xgboost,c7bab5e216672b1af36afa4949da08724eeaeadbeb,0,0,0.023674697
xgboost,c7bb5c8f521da3be64ec015a6758fdc59bd72c98e8,0,0,0.047430243
xgboost,c7bd7b49f05bff37f6c7e7b32996ebabe885821e8a,0,0,0.0079541085
xgboost,c7bef5f5fe2726d21de18744fe1f9e2a0529ee75b0,0,0,0.035440907
xgboost,c7c08e60048e5b89d3fe384da1b8daf056c42f35ba,0,0,0.048636746
xgboost,c7c7f7634278eaaa0d9e129a36e014a3942b1f0616,0,0,0.05705226
xgboost,c7d064f94f29ebfb731b08dcc2453a5def0d8e98ae,0,0,0.0010080602
xgboost,c7d32b8b8a25cf7ad063633f847107cf1be7262c09,0,0,0.1394689
xgboost,c7dfb3b78d9b49792798edaee34405b1dcaa3f1dc8,0,0,0.010854048
xgboost,c7eb2705d551f20304656fa9a4eb31418142f165dd,0,0,0.0053568543
xgboost,c7eecd02aaf8dabee7ae89a54f1098d764acba1388,0,0,0.00057926105
xgboost,c7fb67a147f2c56377b757e6098e6cf5003d8b8f0c,0,0,0.008142038
xgboost,c7ff4161288c6dc8b6b58c5877456448a5b93b9ac6,0,0,0.00022021777
xgboost,c800525b99ff4ba9d76163b9289e44a1ddfa5299de,0,0,0.00042327403
xgboost,c800c538fba0bd1e9b99d1d54a904ddb7491f7b9cf,0,0,0.02976992
xgboost,c801f97353908efb94875b79f56ddca41658ce7485,0,0,0.00022083636
xgboost,c806b71b52ef59315149b2c8a08a9516a3f8180935,0,0,0.001108906
xgboost,c8073ff12a97e8be5b6e50b5954c2273682942a4cd,0,0,0.0081455745
xgboost,c808300f66408b9ae6e8e033b1e8ddfe21a707655c,0,0,0.0068733734
xgboost,c8084b266105b3eab817ca21e05d20f9bd76e04bec,0,0,0.00037296838
xgboost,c8089a0dc1ca525f7f2d19e15ba7bb3a3ab4dd2eda,0,0,0.20158969
xgboost,c80d74c7f1705ba35e734a9cb07f2db6814b4b2212,0,0,0.03925821
xgboost,c816900b1a022fc6acd2ab898edbb132d87d364515,0,0,0.00030038686
xgboost,c81847b4fcbf2a4e2f76d6fb383c92861c6f8bd4c7,0,0,0.013393568
xgboost,c81cbaa09226ce7cb8e8afbcee8b5129bf8505287d,0,0,0.001583293
xgboost,c8261d82576089689f59c7d98f47d06940556f9498,0,0,0.05705226
xgboost,c8319adfccb1b7edf4a45e4461a540b47e6b57f60c,1,1,0.64315486
xgboost,c83c186ab2efa492c1109ad0d4b238b6b89d0e9b7f,0,0,0.00022021777
xgboost,c83f5a30d06af342540e89ae2382dc4a2cb7ea00f7,0,0,0.0002330163
xgboost,c8441b41df584e26f564a812d1101d8a42f2c2b54d,0,0,0.019841658
xgboost,c8471a5c1f74d4158b2a4f18fde3da8cceb9cbb9ee,0,0,0.0003668598
xgboost,c84c7c591d1cd8bb09625f50c4492bdc608b0a1b2f,0,0,0.01190468
xgboost,c854f3d2196833236395f72ee76601631482d1e510,0,0,0.00029415396
xgboost,c85a3f93a0a42edd2be9741b4db9ef4b9807af2f8a,0,0,0.0003925852
xgboost,c85cce1a27f6bbe764347ff6640c3f3ffe2d3a9f1f,1,1,0.64371026
xgboost,c85f8b776c9b0db4acd095d180667fc0c29e286489,0,0,0.0013208393
xgboost,c86b837d56a180fc26047128697cd7e655d7d87167,0,0,0.00034415527
xgboost,c877929aa1d4a0de7261821ff5092d1fd802780258,0,0,0.00029415396
xgboost,c87fb07c87659f69e170fdbceda3e8768ab12ecf7d,0,0,0.036554493
xgboost,c88b267ae79d411c512ebb29f2877c9bcdeb830916,0,0,0.00029415396
xgboost,c893077f4f1c0376c8d82aa8fb787d4db7d7e8cb5f,0,1,0.64371026
xgboost,c899604500b8a5a62826c43d015fe06273725f76f1,0,0,0.013926448
xgboost,c89f1d9bf7291221438167460156b64ee9edd501ea,0,0,0.00030038686
xgboost,c8a4c519d0c66a374c8e3df94a89751294714f668a,0,0,0.00037296838
xgboost,c8aba371ee4e20109c38191eed3d36c53dbb04fdf4,0,0,0.0057338746
xgboost,c8ac4220dc83153325a4e0a721c81f18289779adf0,0,0,0.0026480742
xgboost,c8adc93339a39b9a28a5cd6132f9491b60dfe27919,0,0,0.0011728639
xgboost,c8aeb2640721ea3144d43249c3c584f0dec171d46f,0,0,0.0010247461
xgboost,c8baa2d24b22bbc7b12fe1fd12ac6074198cd1761f,1,1,0.6306547
xgboost,c8babee778b4affc2f07da7d336464e243fa84dc8c,0,0,0.0071041905
xgboost,c8be6973fb9c31cb35f0b7f1a1a6c7f5bdff09870e,0,0,0.00034415527
xgboost,c8c0cff84682a9fe6d206c480bc36e64de142acf43,0,0,0.00042327403
xgboost,c8c6c732c80803f9ac1ea8e42c32cf3684b10c1178,0,0,0.00030038686
xgboost,c8c8cfa423d1f6f580e21d77ec6d50a8feac2a6e9a,0,0,0.00041254555
xgboost,c8c8d8fb1361605fafcedecf144ecd29dc57b1355d,0,0,0.1344866
xgboost,c8cfc0963e46dbbe5bcaec89fc29e632ac01a3b0f5,1,1,0.8254233
xgboost,c8cfe3c6136c3a4f863ac058fd7c72de7194abde73,1,1,0.64315486
xgboost,c8d0287aa52e18ad9033ceb1df81681177d2908bd2,0,0,0.00041254555
xgboost,c8e54a36ca494609aa371a4596bc204ea5d5d99ec4,0,0,0.00947048
xgboost,c8e8620f9ca1a89dd547835a9facd3d88bd8fe94b2,0,0,0.00042327403
xgboost,c8f694e7b1803bf00c9ce866c82af41ff677294af3,0,0,0.0009133837
xgboost,c8f9c9fe7d7c2c4c98679a6e65f6e96ea31476bfd5,0,0,0.00022021777
xgboost,c90d6fa9f1d5a2d60d9c3cab63e9aa774755a9415e,0,0,0.0002330163
xgboost,c90f44056761313e1da32ca968f64e4bab777f799e,0,0,0.1841312
xgboost,c911c0065d386dde93390acfbdd341e386740c89e5,0,0,0.03023339
xgboost,c9139a8bc195ef6e016b77af70a880e9c8420f2603,0,0,0.0011728639
xgboost,c91470c2e1d6d87254a9e7eb6d702ae063cfd69b92,0,0,0.0003183587
xgboost,c9152e23e9919cd8a938d3d3370f58e568a08c5e1c,0,0,0.009873061
xgboost,c917640ae5d8837daff0107a2a105a1b16c7319522,0,0,0.0006071794
xgboost,c91bbe5555a41c1fab6a326611f70b983af4df390c,0,0,0.005189585
xgboost,c922679250d9b6980def4b6e5837d70549a28a83bc,0,0,0.00042573095
xgboost,c925b6395f97b846f371f036b7d881f64b80d5182f,0,0,0.00022021777
xgboost,c92794644a83619b247a6365cb905a745b2f7c1494,0,0,0.0013208393
xgboost,c928bef313147cc2d48153c27779bbf51ac5772c73,0,0,0.0003183587
xgboost,c928c6326dff04b31fc994bd2b1c2ff35ba6224999,0,0,0.018812409
xgboost,c92f94686c7a273c45fec9e98cf576375fc71c03d2,0,0,0.036747593
xgboost,c930c465b5dd84e0c7cd12acd49b50dfb5ef153d1a,0,0,0.0002330163
xgboost,c935426f245055f2354d0c2a139b544ea2964cce10,0,0,0.2046597
xgboost,c93590c1cda2a1e3dcbc45ed40f7243a2c35c9547d,0,0,0.03669534
xgboost,c936a0b4d19d8c7df1fbd97d605c886e44aa3f35e0,1,0,0.041514996
xgboost,c939e45a6901523784687231a7627fa27293613251,0,0,0.0003925852
xgboost,c93e03ea8f29bd98d515a3c34453d09a73c0efc741,0,0,0.00030038686
xgboost,c93e7e9c756102723b91ff29ab15b0d83baf11fe92,0,0,0.00029415396
xgboost,c947ac2e1336392d8a264992cc84e4178be7f39eeb,0,0,0.0003183587
xgboost,c948ca19ee4ed8370e7fa50e009879bbf24a122856,0,0,0.032735623
xgboost,c957c300df90b9819916e64ae1c6ca01c4e19e461c,0,0,0.00029415396
xgboost,c95dec8f04258f56b1030ad2d1a8172000385e5e50,0,0,0.00022083636
xgboost,c96b24481f7392f33a39f58b092221925e4586e950,0,0,0.039265584
xgboost,c97005b0ecb424de5aec39de98b2acfa95c095189a,0,0,0.23849966
xgboost,c975fee980c4e4969b930e73fe94392ec08fd088a2,0,0,0.00037296838
xgboost,c97ab2ec77e8b4b12438e4ce7ba93204b523c6a71c,1,1,0.8254233
xgboost,c982672e801c6f92c4b51b569f111a6718eb6b8820,0,0,0.00086060417
xgboost,c9873c0b6fce3e4a6c4ca533cb966df72bcb3315ff,0,0,0.0003183587
xgboost,c987f0715fc3dd1f82d0023d4e5edc6479b2b0a325,0,0,0.00046689593
xgboost,c98a2880909827a1ddb8b5a5b50349cae732664f95,0,0,0.00044057542
xgboost,c98cb9258912d869d7dc1ed6f554ecb6c831dc2cf0,0,0,0.0006227354
xgboost,c9957e5bc57b97743b3795f4ff499e8f7659298370,0,0,0.00022021777
xgboost,c99f1a3b8d5c881365b947b17dfddb12077a27b1c9,0,0,0.009807427
xgboost,c9a4741f1cfcfcad0757d5396d9a2485e587b2eedd,0,0,0.0006227354
xgboost,c9a6672ce84caca695b45ed7382b2f0de7f3b93ed1,0,0,0.0002330163
xgboost,c9a7db288bbdf5bf071f37f98c5f51d3ddd21c9e90,0,0,0.0003183587
xgboost,c9c1360b6ef93bedaf7a0d50f065b3bcd223e00c52,0,0,0.0013066181
xgboost,c9c1a630de7fb529a0dff0712feea48e887932fa69,0,0,0.00041254555
xgboost,c9c56b2db20109ba03a6642dac66cdf46f44b3d77d,0,0,0.1743588
xgboost,c9cf4b778f01c52ced8a7562ee2730f12faf8bb234,0,0,0.20370762
xgboost,c9d3b114baac7139ed3c5b94847b84ad8e5bb5ded2,0,0,0.023674697
xgboost,c9d567acb2606edca5df9b5bdfeaec0e8210d56c97,0,0,0.13803695
xgboost,c9d7efdc343f0c60e1608219d00dcb885406700846,0,0,0.0010763843
xgboost,c9d8c00450bad3c28a3dde55ea90522c8a4f9abd0b,0,0,0.0012723015
xgboost,c9dde27904a86b2406ba3af44962070c70a856dd03,0,0,0.19783552
xgboost,c9e4de9af24a3459fda768405c417721b695ee27f8,0,0,0.02379403
xgboost,c9fa88cbce63c495959fe204083506679894063774,0,0,0.00035953108
xgboost,c9fc76e14bdc0ad2c1d03d715f7d5f850046a58fe0,0,0,0.0006227354
xgboost,c9fe67c463477bf2971bb0c770bfa8b817399e2240,0,0,0.0003183587
xgboost,ca035c7775896d59ef5317c60f50b754e1c2d3c118,0,0,0.010854048
xgboost,ca03bc170f018fbbae6c43d87acd286bd87d3d0096,0,0,0.0047180536
xgboost,ca0b04d09dd0c16f1b030a934c9bb4765540555a07,0,0,0.2046597
xgboost,ca0bfadddab29e2d27eebc10a99ac811730b5f77a2,0,0,0.022123944
xgboost,ca0f6be15ef3cb39e5ed727bb501dfaf8af41d238a,0,0,0.026810737
xgboost,ca108b3a8f814e80ed47c0b1c9d60609b93aec96c1,0,0,0.00029415396
xgboost,ca17dad55b2c15d27831c653a0aaa77372bbcd5dd9,0,0,0.026810737
xgboost,ca19f14e8bbbe669bed77b387016ccec607faa8056,0,0,0.00022083636
xgboost,ca1bfd87e81ccca938e9d94b08fb0377b0079c0f41,0,0,0.00063679816
xgboost,ca2ceb6ff3b5d9c4920a14ac6f27948d2c8216ef4f,0,0,0.00022083636
xgboost,ca2d26a3ab6e9cc5bd5c5e01f312024a934ddcc288,0,0,0.0014350319
xgboost,ca2e9921b90c0c1f883fad89b16d60f09f8891802b,0,0,0.0071041905
xgboost,ca3539279fc4023c5ef194cfdc755a106ef64f973f,0,0,0.0006227354
xgboost,ca3ba030baaa06f7093c6c220de69b7ca05f60b992,0,0,0.00063679816
xgboost,ca40d1b6b57c9a6b4960944669679163060de28447,0,0,0.006158658
xgboost,ca4b1b083e2af247cdc559125123cf9587a69d8ddb,1,1,0.64315486
xgboost,ca4b5033ffaa724a6bdafae26a6aa82b4de070365b,0,0,0.00042327403
xgboost,ca5086d806322fe6d7e3c9c735df363dcab737d95e,0,0,0.035440907
xgboost,ca5159af77896645c50ff0b92f588f0c4b5215205e,0,0,0.00044057542
xgboost,ca555ca09acd34860fbdbb33c2e238484faabb61ea,0,0,0.022123944
xgboost,ca56777bb0f3303875d9772aec2121fa2b0315ce15,0,0,0.0022030366
xgboost,ca5fc0ddd4a97fec9802acb80bc8fb4df5537322ed,0,0,0.0002330163
xgboost,ca628e8a86ab118672c983c3d4d6d8baa04be23139,0,0,0.00037296838
xgboost,ca65f456c2e60937de2dbd12a167666e63677b8c07,0,0,0.0006227354
xgboost,ca687255c7b40f982a82c29b51427ec5415a725eb2,0,0,0.01537847
xgboost,ca6fe2bc51f70fc89daba85592a4206cbaeceebce6,0,0,0.002365846
xgboost,ca70d959e5f687b7d00c7e5c5bbac6b36072f7716a,0,0,0.00044057542
xgboost,ca73570c26399ce08ff95024bd23b8031e07335ff5,0,0,0.0003668598
xgboost,ca750b76a2499e63e65dd5707457c6334fb60cd204,0,0,0.00022021777
xgboost,ca78b2ede0740262c25b319b968b0a325b5354b762,0,0,0.03023339
xgboost,ca7b7dfbd0f39ca3b7eea128166925a41345037f8e,0,0,0.0009429115
xgboost,ca7b97e050413992fe42cbb0793fd33f0e5877f54e,0,0,0.020044776
xgboost,ca8461c5f3a5f7e3d9d5b155ab0667a1cf69d5e19f,0,0,0.0006716701
xgboost,ca866f2550aaf1173efd9740c3940e71c9906ef7b8,0,0,0.0003183587
xgboost,ca874476b873e288ef3ab1ff7c5baf49a90e93bfc2,0,0,0.0012346779
xgboost,ca8fd6e742ec3911225217e6eb311e3758f7ad00f5,1,1,0.65877914
xgboost,ca90174105e05d52db24af8054271b4315a559013a,0,0,0.0075805914
xgboost,ca9f88e3bdcfb34b0b3299cd655f01ae1b3f31cf40,0,0,0.00029415396
xgboost,cab31f8785460e6aa96b6c28a12cd4418e49d8c071,0,0,0.15244524
xgboost,cac0e8c40a5c96a054d636cc854915f2cc9a0e7ef9,1,1,0.64315486
xgboost,cac5f11fc63c9f1da905870cce2ad538b0696dc1b1,0,0,0.00046689593
xgboost,cac70964e475afbfae630e27b8086a302053d3ebd6,0,0,0.00046689593
xgboost,cad862521371aca9dda6e3a4224e2642fd04f8fbd6,0,0,0.023674697
xgboost,cada85d30299820abe5f142f2c2b31cfd20f93599a,1,0,0.047430243
xgboost,cae36dd249d803be1d3602dc9483225d059eaa666b,0,0,0.15199795
xgboost,caea8d38f3790ead690867356e9aaf4ad3985a2771,0,0,0.029794568
xgboost,caec4aaba4c87a980f7b037334b4b7269536338e83,0,0,0.00035953108
xgboost,caf55a42bc9e3cbfeb26bf654d39f952dba35b1d70,0,0,0.0003183587
xgboost,cb023134067970370bb518cd24cd725aa4b62ef3c8,0,0,0.005197153
xgboost,cb04af734ac408545d8da48a1ce1cfffc0a166da2c,0,0,0.27358052
xgboost,cb0af0f4b72efed49b4b001770ce778d5740fa395c,0,0,0.0022030366
xgboost,cb0bd23481cd9298999d71b167ed11d49c90b8dc74,0,0,0.00037296838
xgboost,cb0da78a9462c2e8680138bf461a61f3ba10034034,0,0,0.00029415396
xgboost,cb1081984f7865d5a5cffa5271968eb3925251540a,1,0,0.13653083
xgboost,cb1134d94e0b02ff6dc885056a57b58ce5b24bec76,1,1,0.6306547
xgboost,cb11d276d4ae0543697f305315741013589973b47d,0,0,0.00096465787
xgboost,cb1224e996f7858abc880519d857b78879e1521eae,0,0,0.086664654
xgboost,cb167134d76fdd1cdf69a93d7e133c7bdc17e574b0,0,0,0.051092885
xgboost,cb1c87b8f2abead52c5d17ae3d72b91554a698efc2,0,0,0.0006227354
xgboost,cb20e1cd32dd745572b345ea7379da8453aa2eb15e,0,0,0.00041254555
xgboost,cb2b16eb780dfacd934867b9fd566badff341312b3,0,0,0.2225216
xgboost,cb32d3e8aa6f7f860bef46a19e9670213ffc4998ab,0,0,0.017810369
xgboost,cb369c23b41c86a51796b86dff3ff0343ff4ee0c30,0,0,0.27309594
xgboost,cb3b33340bf0b633c4e4740ece7d1d9ee5b6e12e5b,0,0,0.00022021777
xgboost,cb3c7f40cdce4e8fd8ccd594cb79ebc84237f84af1,0,0,0.19171093
xgboost,cb46085868b76e622dc980e110b73e10637315897e,0,0,0.02379403
xgboost,cb5b15bd001614f7e9408378693ccd1dce8446d25f,0,0,0.0006071794
xgboost,cb5f8d92036d938c5634341696da3bdfa092a39d75,0,0,0.023720916
xgboost,cb6d1f043aa52e06fdd32c8ac5dd9b27e53b3c5eab,0,0,0.0012346779
xgboost,cb75a98e15b52afe08aebebe9a7029cf8a26f1629e,0,0,0.021266634
xgboost,cb7da78905f6929550d1a32e732aab2d4813f451c5,0,0,0.0079541085
xgboost,cb7fc6834e18e3bff42f1005802c97cd50baba238e,0,0,0.0011728639
xgboost,cb8b4e44eb670357293d7fb097b4fcdd98417e50c5,0,0,0.00022021777
xgboost,cb8de29de7652fadc21a9493e94af8ab94df4b3bdb,0,0,0.020649059
xgboost,cb9913556d0095a7a35d0e3b6cc1a14af1aaac0b73,0,0,0.0071041905
xgboost,cb9da044aad53936b27b4d386038f4e0b9cbe44fc5,0,0,0.007891431
xgboost,cb9dfe0bca1c76bd42aa86ce566b80e11e2158976d,0,0,0.0145422
xgboost,cb9f0143db62ceec1ff4d6bdccff432ef83e6445af,0,0,0.034684643
xgboost,cba087cab6c90a1bc59cc7651aaf07ad2229e2baa7,0,0,0.0003183587
xgboost,cba3f7c072028ed1b9e27f677cca85bbbfe187941f,0,0,0.00096465787
xgboost,cbadc785ab05c2d28a8fa69c8c3c968f45c842cd32,0,0,0.00022021777
xgboost,cbb5a8c7d5996344c8539b90607013ab28a2f0c723,0,0,0.026810737
xgboost,cbb89309758d9e1e16fe2962b992176031572f415b,0,0,0.0003183587
xgboost,cbbba9be613115862995db6774da9208d237e4d0fd,0,0,0.25800535
xgboost,cbbec3767bce78191aa5f30fbe24b7feab19197fa9,0,0,0.0010745612
xgboost,cbc0dfd37796141c73739c8dc55a67784b7053fb0e,0,0,0.00086060417
xgboost,cbc1fdfdbd9ec56bbc127e04414355ad504d4dc262,0,0,0.0010763843
xgboost,cbc99cb7ee70e673f0170872732567c6818823cdd5,0,0,0.2909299
xgboost,cbd1db016acc4ec3610ebfb6b1a818636adeedb0fe,0,0,0.0003183587
xgboost,cbda96eac135e9a85537dfafba40839942f7abbeac,0,0,0.00022021777
xgboost,cbdf8c61a38750241a70f7cd4b0ec94ddb1c6c8d1c,1,1,0.7853733
xgboost,cbe074993b807023d76ed33a6d007a0e19b6ebe9b7,0,0,0.022123944
xgboost,cbe1d3bbebd58f83ec5694d79e4143b78db0507d31,0,0,0.034807306
xgboost,cbe9a54d63090c6420a60950a508545a912bd97cb8,0,0,0.00030038686
xgboost,cbff1b1e0ee4f1acb68ad39ae3c822c3baa4e33819,0,0,0.035440907
xgboost,cbff9c5b955b240f76203e6de3c9afe2cef1edc832,1,0,0.2611296
xgboost,cc0f8640ada3c7299176739345301bf5568807d52c,0,0,0.0008583634
xgboost,cc10d3bb166d6894da2f32d2ef09d29b3643e00cea,0,0,0.0003925852
xgboost,cc18edf042bd9e5294eeeebc3cce8bc6a903126f04,0,0,0.0003925852
xgboost,cc1db19c5d06d3de7a9aff11e0fa0958b0ae44f088,0,0,0.00037296838
xgboost,cc1dfeed29edf1e10dbc4421025861b6901f8a7d4c,0,0,0.0003925852
xgboost,cc2c2e9a9e3f6003d205303416d8973788c9e89b71,0,0,0.0010527555
xgboost,cc2ea7ed657935318f752204be59ec1b63ef701e2f,0,0,0.004977948
xgboost,cc330c062d6081a8fed0392b7fc7c6806b82fe56ac,0,0,0.00030038686
xgboost,cc33677a64f080700f7fa98506f932a8b68a411876,0,0,0.01190468
xgboost,cc342f4ca93f842e3569d52f54c23d555722855ea2,0,0,0.00046689593
xgboost,cc353fdd15bacd1184e7f59b806d8641bb3a7d9f44,0,0,0.00037296838
xgboost,cc3e7f7a8f7b5e4213296b984992795b4e79c1ecb0,0,0,0.00034415527
xgboost,cc4350ee2113ee96273e696784679d5541ff270957,0,0,0.004707436
xgboost,cc479eb1736d044f4abf46c29abb1727f33d7b5ce6,0,0,0.023720916
xgboost,cc4c87a2b5ecc244f979f0fee024d2bed7967003f6,0,0,0.0002330163
xgboost,cc626ef0f527c842c74dea5efc38400ba3a7a03435,0,0,0.0002330163
xgboost,cc6beb95ec4165b2cc5f090f7ccc1a2f8088166b63,0,0,0.00037807395
xgboost,cc6cafdd50eb0ba8a99f976a869d0405de81606b98,0,0,0.020044776
xgboost,cc6d48fc5e0b89f45239b1f9fc57acff9870b873aa,0,0,0.130111
xgboost,cc6f391071cb6cdae431dd34a1b5a50a035824c4bd,0,0,0.020047948
xgboost,cc772be3565ffbe04f6bce374e02e52e5c4ff6bb3a,0,0,0.0003043416
xgboost,cc7c5f90882b6be45a4d74d7daadf04eac943bd62c,0,0,0.00057926105
xgboost,cc81067336ac03c09db35a85a91131ea89665168b2,0,0,0.00029415396
xgboost,cc8317e6b01a035b90a3984a95d953cc166dea0ce7,0,0,0.009873061
xgboost,cc8cdb598df45c2d01ae2c961b92bd275ced021ce0,0,0,0.00022021777
xgboost,cc8fbb5a95b8ee5356ea7038e95394bd7d6677cc5b,0,1,0.65877914
xgboost,cc9353d1456968603a67081ae2a2378e31fc624afd,0,0,0.0007948035
xgboost,cc949fed18c5e8254aad36fc8cbf89bedfaf634fa3,0,0,0.00037296838
xgboost,cc979b55a51b97d8e87aa9bb37cba61a563aba946d,0,0,0.032567263
xgboost,cc98c875c081cfd15b5f89fd006d4d9c2f5bf54453,0,0,0.00035953108
xgboost,cca57f9643e6f8fe22d92c15f8dfc49ff012fd982a,0,0,0.00034415527
xgboost,cca61c5936066baa5d100eec06e76e5008ddc73557,0,0,0.00034415527
xgboost,cca6b082f9502764f93dbd8e6f3b3351e3fe17326b,0,0,0.004916782
xgboost,ccae82ada884882a0093405eb2323b3518f9439c73,0,0,0.0012346779
xgboost,ccb6e145970b89b07feeda95b86ecbc734742310d4,0,0,0.15299495
xgboost,cccee6f0442cfd51c6189f5750268628da0489ac93,0,0,0.036837205
xgboost,ccdaab12082d8ae66f8033df104cd71a36611ee562,1,1,0.65877914
xgboost,cce182a29d83a4201323ece98caa650519bc262815,0,0,0.0022030366
xgboost,cce51ac63884e10de3e625c0cbd7f6f43f5f41df4f,0,0,0.0003183587
xgboost,ccea201ae1fd1e06a21f2fd1ea25d8b1a7427efc0f,0,0,0.00076474703
xgboost,ccecc2a3ee6119de9375ca49761dc7d47cba2f7942,0,0,0.03023339
xgboost,ccf2c53cd374c978f67cdcceac4e0f7f413dc01ecc,0,0,0.00042573095
xgboost,ccf8eb9c2b2eb19a6fbe9f44e0c3fd7b4630f752b2,0,0,0.00042573095
xgboost,ccfaf2c9e45b16add0042c011ef9c579d63c3df25b,0,0,0.004707436
xgboost,cd02f5d713bbe58965756e80c65374e04ecfbf38fd,0,0,0.034807306
xgboost,cd055fdf8b3378f8ce25211f75333988b8185d6bd6,0,0,0.1841312
xgboost,cd06c638b86ce31dbcfb813a8e1c578b1b5aeddc59,0,0,0.020649059
xgboost,cd083fd516014b0efea43525c7dea12eb93a14bf69,0,0,0.0002330163
xgboost,cd0abb03bdc910ba95efe7cca9ad2d1fd8b8da89a6,0,0,0.00029415396
xgboost,cd0b8e047f5b20eed79cf903fd915afdf4458bc3b4,1,1,0.64315486
xgboost,cd0cf54e824700809ce715ccbda380663225950fee,0,0,0.0003183587
xgboost,cd20b0b0cf02d92a822d743a1380fa20751a47a26a,0,0,0.00042573095
xgboost,cd24b237a9cd0ae138876540a9d0e37724ebcb8de0,0,0,0.008142038
xgboost,cd2fc4550e25aed3398c972549f5775fe7a70ffc49,0,0,0.009226136
xgboost,cd306468593fba4b9b4692275e01b79a895ebc26ed,0,0,0.021266634
xgboost,cd30f0ab77e09dc28d73c30398b9f22aca8aee1fee,0,0,0.023674697
xgboost,cd35d159e1ce7ccd8c523570fda2d154ef34a948a0,0,0,0.00029415396
xgboost,cd374cf0f15049aa28508f5216aeab49d67af43b43,1,0,0.1344866
xgboost,cd3ee56b6b101fa1de9b80e9230896579bcde919cd,0,0,0.00034415527
xgboost,cd421597475fee199856a4078c2da4bb46059d9f9f,0,0,0.007815878
xgboost,cd47c9d6033b6141b2d4c7f993f77b1e3aaaa38639,0,0,0.0002330163
xgboost,cd4d42ed4c0e3ce22e5ff39e4025460717ce891431,0,0,0.0006299072
xgboost,cd5bb59903142ffc48dbc073d1d230815e53fbfbd1,0,0,0.0002330163
xgboost,cd5e56223a071fe15368153764ac9e8c964a5b076b,0,0,0.0057338746
xgboost,cd630130e7a26c3cbe3afe34ad04a23820be563cf7,0,0,0.00063679816
xgboost,cd66dc203594eb730cfdf45891f32392b3cbc8ba9e,0,0,0.001583293
xgboost,cd67ba0c78207aeb4726fdc4425d012041e782bdfc,1,1,0.64315486
xgboost,cd73e1fc2c69f785baf0794b52d2d8e8481bf37968,0,0,0.00030038686
xgboost,cd75e589bdf35e4e31c15ffc41469585b9518d68f1,0,0,0.0047180536
xgboost,cd7cd8072a0674ea6df93afd217c5899da455b8125,0,0,0.0014350319
xgboost,cd8352e5a77acd408d95f1e7e6d54dee49419c791f,0,0,0.00037807395
xgboost,cd849825eaa8b7c1826f1ba94a709023f2faf94e7a,0,0,0.24505952
xgboost,cd853a5f59d79610dc7656bb687da996d65b24d0da,0,0,0.0013208393
xgboost,cd86732f00d8dc81604d8b5afb9265a1e3af937797,0,0,0.00086060417
xgboost,cd8a83b282904f20a33680399aa25d65c166ee5e93,0,0,0.00034415527
xgboost,cd8c1594a4bbf4fb6fb21436355ec315b8c082bf54,0,0,0.15199795
xgboost,cd8c473554b6256af33041082f7321577e264c11a9,0,0,0.0014142314
xgboost,cd93fb32510669e2cfa66e2e836a5f56ec061434db,0,0,0.00030038686
xgboost,cd9bac158890f392b563084708ec120f6587713ae4,0,0,0.028863749
xgboost,cd9d0cd895547b09ff2c4a3b1b9587f5648cfb3b81,0,0,0.0003668598
xgboost,cda50358d55d7aa50b6edd6117cdbeba0a675228ec,0,0,0.0002330163
xgboost,cda57eb7abc51db9be83023b1372f4104e85542605,0,0,0.0003183587
xgboost,cdab08bb5f53410ae50b27bedb3cb6c1ff7d8ec39a,0,0,0.00661943
xgboost,cdb1d7a96f1f4e032fe102ce6a8df785225c74b811,0,0,0.00042573095
xgboost,cdb48d244b725ba2f779fa37aca8e5bbfd5feabb42,0,0,0.00034415527
xgboost,cdc01b3737725af77b6d3de9be98a5ecc1f0547922,0,0,0.0010099511
xgboost,cdc59915355d728142be153319a33a083cdcf60948,1,0,0.11239475
xgboost,cdc8a123c50bf2266ae85d738a407534c0ae37cdc4,0,0,0.00037807395
xgboost,cde9227c8a2ae0fc7799154020811b7c99af525938,0,0,0.00046689593
xgboost,cdefedeb07870d98ada0de3ab4e2ce05eb78966832,0,0,0.0009429115
xgboost,cdf38755662e02f6f4936112a80382c5136a964565,0,0,0.00096465787
xgboost,cdf517cfe11918e87ab9aa5549863e22f914ace185,0,0,0.27358052
xgboost,cdf63f039e581dccb80b62830d7ed19b98f11718ae,0,0,0.0006486801
xgboost,ce0013f544ae9dde330a49c8f2dd6d819e7e4501ac,1,1,0.6306547
xgboost,ce11cae84856ba7a4f11c92dbbb054891b6eb1142c,0,0,0.0011099989
xgboost,ce127f63389f1e1b8bd84afc32876372dc7dbd5989,0,0,0.0002330163
xgboost,ce12d6d903ca61c0d1dd14cd9240017d38ecba7253,0,0,0.00042573095
xgboost,ce1955f0add7aa626789ee726552f9b602b8fef59a,0,0,0.27358052
xgboost,ce1fd032a8b52d5562c99785a9f803a9818bb89d5f,0,0,0.27309594
xgboost,ce263df45d331de8e8f74a5f1a7870295e5eca8e7b,0,0,0.0010449707
xgboost,ce2ad0a4ce85571c71d4476fe697a0fed95c5fa784,0,0,0.026810737
xgboost,ce2ea3bbdd4bcafe89c91aee785b918f0db8b86a93,0,0,0.015253741
xgboost,ce30aec02345d72a0244c0d82b4d9d797f3c4cf4fd,0,0,0.0006227354
xgboost,ce3227dfef1acce844f681dbab1e28e8fafd6174b5,0,0,0.034684643
xgboost,ce32f8d037d5aa8f77142ffe52ec6a2f38cc22bc07,0,0,0.02976992
xgboost,ce361786ba8c265c3754cf34614bf25791683af521,0,0,0.0006716701
xgboost,ce3901ae6f1a6023dbed886a3d9047e292e3ab1ba1,0,0,0.0002330163
xgboost,ce45ee2588bfdf87d1a55575f48bb335fb510505bf,1,1,0.64315486
xgboost,ce5005867ccda2ae336eaa8d278b037638d6bbed57,0,0,0.12905295
xgboost,ce5a090b5ddd711cb71a43e1c96f2b14161eafc690,0,0,0.00034415527
xgboost,ce622785f6040c1c9494ac9be8d98e7f2e4d45a7b4,0,0,0.005189585
xgboost,ce666945151e6d30af8d2fe53fe0cb5a12f8251c1f,0,0,0.0069351136
xgboost,ce6f585eb5a024092555de379d777b303ca6688629,0,0,0.00022021777
xgboost,ce7725fa07f73f616308773a7a2ef92caa609ea9cd,0,0,0.034684643
xgboost,ce7a36bf4f54b34c31f10d5f9247abf694f415bfef,0,0,0.036837205
xgboost,ce7a85be8efc3466a3a9d602603a5463148f512dff,0,0,0.130111
xgboost,ce7d32a32299c3e08868f34923bb5d16634d93fc0e,0,0,0.00029415396
xgboost,ce8ac04e10f9ea767ea7f5bf30ccdb69575f596c31,0,0,0.020649059
xgboost,ce9e76ab705eb7004d85811bc03e05a89d3e75ff76,0,0,0.00035953108
xgboost,cea0b6abc111f3ee47a98af23b1a594373469df377,1,0,0.07896793
xgboost,cea2bab558bafa0d4f2542e1f98c9c5f5034f1c20c,0,0,0.00022083636
xgboost,ceac08f4494f70a24a562ade8b41c981449e5a8527,0,0,0.03023339
xgboost,cead30d30615072898daa4a699f3e13dfd4a11d241,0,0,0.0002330163
xgboost,cebecf20c36dbac974e320569132a3af3d50b9c4b3,0,0,0.111099266
xgboost,cebf5678fb2cf52e3bb2412be42c1d7750dc0cc5fa,0,0,0.0006299072
xgboost,cec1008e89d0e8c450d833fd57659943393b14a590,0,0,0.00022021777
xgboost,cec182886a33782f2533362f348cefd1a6de3d6450,0,0,0.036776703
xgboost,cec446f06223699dac28ddbd4ba1ef59d9604f40bd,0,0,0.0006716701
xgboost,cec7c6d9e25dffb56e72e0d30ab53195fc9c1a8c4a,0,0,0.0013289296
xgboost,ced15bac41560d57839d14652e6871ac0fa12ffd1e,0,0,0.00046689593
xgboost,ced2fcb200248a974002e3cbd8eb5759235e046f0e,0,0,0.005197153
xgboost,ced59cbeebbbb16c367d17250aa9b332ad12aa5fd4,0,0,0.00094434194
xgboost,cee528da0683f0160194a01bb57df353655e928697,0,0,0.015524557
xgboost,cef4db33a843630b131ea3d0da0fd766b29d33a9c2,0,0,0.01190468
xgboost,cef7ca87d69b0627b42ddcd8357c597fb3cb92fbfb,0,0,0.0008583634
xgboost,cf02fa3bca20790048961e8d83d510c7d8f71b32e7,0,0,0.0011728639
xgboost,cf073783a1c5f3e6c7b38b11709c0ed150525a56b1,0,0,0.0010080602
xgboost,cf0b34d1df33feb76155b3017c276df20c82251660,0,0,0.0013289296
xgboost,cf0d4280058862dfa4527c8cd9b4e688ff81b9c5c9,0,0,0.0003668598
xgboost,cf11c941db42ef90c45794c82ec4657a01de5d3499,0,0,0.0003043416
xgboost,cf157ac77347ab39c88fde804752f00c74849131cc,0,0,0.00030038686
xgboost,cf15a5efaa706c46096f608e644eee8a5f8df3d7e7,0,0,0.035440907
xgboost,cf1c6c4f9853e2343a31b89b59aaec13e3ee39535a,0,0,0.00029415396
xgboost,cf1dbc83152803face826c915df4f8b38fc6c079b7,0,0,0.0002330163
xgboost,cf21e82a96f97bb490862e0a4454658c7d51628ddb,0,0,0.0006716701
xgboost,cf2a3d5c75105efcd13a0dbd55391df1b0ca90a2a9,0,0,0.035440907
xgboost,cf32cec1d022605e449b0321a54bccf451af326ee4,0,0,0.0003183587
xgboost,cf32ea50d1ca0dcd0c68f40a101b77c7ff19cff869,0,0,0.020047948
xgboost,cf38af5041a8e83bc1227b550dbce0720240950c6e,1,1,0.6309033
xgboost,cf3a1cb8f10c6ae3bf8689d68b2c7b1d22774654d4,0,0,0.15299495
xgboost,cf3aac96f059812babb7094fca591c7dc0e49d11c7,0,0,0.00037296838
xgboost,cf3d9cabf9314524ca855ad94faed54a37be7583f2,0,0,0.0043070638
xgboost,cf3e7592967b98723b1d0d6353dd9ca58b176d5769,0,0,0.03669534
xgboost,cf43491d7fb4cd11305fdbfac0cb2c8116a85c2077,0,0,0.005189585
xgboost,cf4ea80a7edd1a92b7d7c3178407daa2da5ff2e072,0,0,0.00041254555
xgboost,cf593c66aac32d87dbf788709b4e31d40dec759474,0,0,0.0013066181
xgboost,cf5b1a158b5e322a626aec1e2814d09ff13d7cd8ff,0,0,0.0069351136
xgboost,cf5f12c8fd9686ac763b21a2c7aa9b735ab6cf1eb7,0,0,0.00046689593
xgboost,cf6abe14d0985132ae9ea9684b2a916e99f145abfe,0,0,0.028863749
xgboost,cf6d9cd734054d313f66faafdcafdaada755a9718c,0,0,0.00046689593
xgboost,cf7e30edcb91d284a56741c63b9c8ba0e0da4752b0,0,0,0.0002330163
xgboost,cf7f089747a543e11bb4eb1d1a538654c5fcc83d66,0,0,0.00063679816
xgboost,cf81d0b004bdfd703b1cc407672def6cfdd99a902a,0,0,0.00042327403
xgboost,cf85ab3c6cf85590232542c7838cbc1e35c06bda19,0,0,0.00029415396
xgboost,cf8660ba29640de86d0617be48bbb01417722438f7,0,0,0.0006071794
xgboost,cf90d3483672732e3988b3ab2320be29595348c7dc,0,0,0.00086060417
xgboost,cf92414fa629c827d1a00ece1b1af5550a12d75319,0,0,0.0010745612
xgboost,cf943ffef7f1c10735269b13d629cc25f64ef412c1,0,0,0.00042573095
xgboost,cf9df49a2ed509861be9393631f3b5899196dc8138,1,1,0.65877914
xgboost,cfa13fe25103b616f6ef2c4a9a341d0ceebc520349,0,0,0.032567263
xgboost,cfba781264894aebbf0d8095a547e1b6fb87184adf,0,0,0.15244524
xgboost,cfc914af6096f529f4676c5ef18df47cc82d0a4e04,0,0,0.0011099989
xgboost,cfd2feff697606d8a3d51d2efaf842453789dc7de5,0,0,0.023583846
xgboost,cfd613918e704f6b32720324e3bf789100b6f04d60,0,0,0.00022021777
xgboost,cfe7ff0bfeba1947afd097c4f1c5a43a8cce8b279c,0,0,0.00029415396
xgboost,cfea6c3e4a343ca058c314feafbe16c588197c30ba,0,0,0.0003925852
xgboost,cfecafcac63b157dae0d5c0652a131172c1e363571,0,0,0.0006486801
xgboost,cffc7515700f73f2be449cd42be716ade6766e5f25,0,0,0.035440907
xgboost,cffcf8ac4241db4712de5da91520a156a2906c5d40,0,0,0.00029415396
xgboost,d0058ce5ed059ac33021a6944cdc843145fd491752,0,0,0.019465642
xgboost,d007eb340772338b1fa35ddc530da54709414db703,0,0,0.00037807395
xgboost,d00cb15af60da858b4af0e942db7d574af6ae29936,0,0,0.019479604
xgboost,d01289d21e3a8b384e53b001ab784aed4b80c51124,0,0,0.023583846
xgboost,d017dae814efc536e6c83745a3e8899a00daaf3f6e,0,0,0.0069351136
xgboost,d020400db1a4af5319ca3110e0b0971148995ccac9,0,0,0.00022021777
xgboost,d020c08d4a9e293fed8d829a0c0ff192e81105032f,0,0,0.00041254555
xgboost,d021102d0edecb1165e6a801f6aaca8022cd41eda3,0,0,0.00034415527
xgboost,d02384e90a2e68854bab917a4a8a09dc9ce6654ae2,0,0,0.029794568
xgboost,d023c9b03d92c1bcd8f70b49d09acccfc3d7fdf8fc,0,0,0.2225216
xgboost,d02ae15b9d346db7d289f5c533e56b27241557de02,0,0,0.006064744
xgboost,d02b891a1432901ff8374c6f9ed322bbbd041f4e4d,0,0,0.00029415396
xgboost,d036646b3a4ec1a0477ddb43342b308a74995b4bff,0,0,0.0012723015
xgboost,d043ebee7c02023d3db8bd318003fc8dcb3f7ef9d1,0,0,0.017560398
xgboost,d052e33c0e7a8ee5270ef534d2c86531fb22ee0354,0,0,0.00042573095
xgboost,d055b04f7660f3c2c03bfe90a0d1acdeec154eff40,0,0,0.001108906
xgboost,d056b73c9256bd751672f12c2b4ebdd5fc82da7a03,0,0,0.1394689
xgboost,d05cde3d072aa02d65c1013d5982b0e92de834adde,0,0,0.029226005
xgboost,d05ff3a39ab055aa98fb8b19625e696e1de4d94950,0,0,0.0002330163
xgboost,d061f113e5229f81b25efb38db9a3588b6462adedc,0,0,0.0720398
xgboost,d061f2466a9cf812ff27ea84a6dc2e6709c1104350,0,0,0.019479604
xgboost,d065577e4e4e6fdb2e82636782c7c97cf27c8f45fb,0,0,0.00037296838
xgboost,d06583cf32a115cd99e4ad226609b9b9e2669e225e,0,0,0.00044057542
xgboost,d06995bf2be6c987f00fb8f5534cd28d5bee3bae87,0,0,0.0058986996
xgboost,d06e82801cadc2a5fc8b803085fa45d146e05a9694,0,0,0.008825426
xgboost,d072a9ac05bf01695b728ccfc9c1bb6dbcf109e6f1,0,0,0.0053094267
xgboost,d077d544494e7a8eb2aadb51b48591b3576f0a1f02,0,0,0.029794568
xgboost,d079f63a0a734bdc4305c4dd118b298313d669ff28,0,0,0.009226136
xgboost,d07ead53a41bda10888d1ffe341391fbf30d0c4247,0,0,0.034807306
xgboost,d081be887286ea49625626a417493a28c785b5d36c,0,0,0.00062770204
xgboost,d0894610cf58535385267463beda9045a731be31ad,0,0,0.27309594
xgboost,d08c06d8aadfb4cfbb0b5fec7e032c5a0918ea3c90,0,0,0.00029415396
xgboost,d08cdc4382d77ca4b0fd7634dd99b3493783083c1f,0,0,0.00029415396
xgboost,d08db7ca48a25cd6487087f250428a97ec4d302f67,0,0,0.00037807395
xgboost,d0953005e59818488622c61d47e42bab4d0162f17a,0,0,0.026810737
xgboost,d09a4e544ae58cad4aee25b38c83f2d2c0428e8077,1,1,0.6306547
xgboost,d0a08de4cc94d2cfe378fb15c088e4c5dbe940e3e8,0,0,0.0043070638
xgboost,d0a8efad24a9255a710d598eb14096ea82fd4ea635,0,0,0.023674697
xgboost,d0abc79a6436990c5274a1d9a60817e77f19fda015,0,0,0.028863749
xgboost,d0aeee8da5bc67354c9b68ba0f3d810ce303a5b8cb,0,0,0.00046689593
xgboost,d0bdd7e3197ce9c92f467556100de0ff792f68f66f,0,0,0.0009133837
xgboost,d0c1baca301636ce8c63c5067a3f46f006bd70e649,0,0,0.00042573095
xgboost,d0c3168dfbb481d69e6688373e9cd54647f8fc0281,0,0,0.00069871
xgboost,d0c3ce54258c6ae41e7290eb537cd39d35f836d365,0,0,0.055719044
xgboost,d0c52f56f881c3f5e109e61ced85b2f2f74e47dcdf,0,0,0.00030038686
xgboost,d0c64bc47495581266efb782fa2499787149357e39,0,0,0.077959366
xgboost,d0c90514e28a27ff132a3077fa007e0bae504fa784,0,0,0.0003744533
xgboost,d0dfb9b1c9eef98a2bfc01565954bd7a8be9b7f274,0,0,0.27309594
xgboost,d0e5a4a16a8aeb95f3928660fe98b8d8576320c22a,0,0,0.0003925852
xgboost,d0e7c982062b90f74dee129e911d0cde125d94d8a6,0,0,0.0002330163
xgboost,d0ec830024a1c4ad29e5466ad104f96ac18df1f58e,0,0,0.029167907
xgboost,d0ee4c7776db2128c266e9904376a4fa9de7ac474b,1,1,0.65877914
xgboost,d0f902c88682974d8236ac8b33f8b07d3a0658921d,0,0,0.130111
xgboost,d109dc88758fe2628174b4606836b93d89a964ff04,0,0,0.021703979
xgboost,d111d01098c2c225e87a3aff94652ad2eb38045028,0,0,0.034807306
xgboost,d114cd3814502ec7818fd8024825baf89ac9a9c370,0,0,0.0010745612
xgboost,d1177327f61108a5b442518ad703c68b4452fd032e,0,0,0.026810737
xgboost,d12298d33360a0c66cb4c0b056efc846f70be20c1b,0,0,0.00046689593
xgboost,d12e1bd917fc2ae38f7e147242c99dca1f73d8856f,0,0,0.23849966
xgboost,d1331734c77ad2bb45f25904015f9261807ec5575a,0,0,0.27309594
xgboost,d13bca6d8ef2fe02134fc32e2cf5b12d864b8d6082,0,0,0.0003183587
xgboost,d13e26a5651a19a3de1c59f9d64b1858246cefcaf0,0,0,0.00042327403
xgboost,d143b9cd752981f412b80cbf2689dad141600cf4b9,0,0,0.24505952
xgboost,d146a1ee7da7c4f471d2f11f9c7a1378f51c294ac6,0,0,0.0053094267
xgboost,d14885d7a2a0521d0b18e5502b7b5969adf92180f6,0,0,0.0002330163
xgboost,d148eac2d82ffd7a78a3188c97732a267e1b3458bc,0,0,0.01190468
xgboost,d14bfa08945172f6b864d8eae19e6a6fe77f09039c,0,0,0.0022030366
xgboost,d14c83d48535005b9f90492709681123363268d55c,0,0,0.0072072153
xgboost,d14cb6249b86822ef3e32d3792414576cf7c4c882b,0,0,0.009807427
xgboost,d15873ff14187efb35e26a2fb8715ec8a41995cf4f,0,0,0.0067931744
xgboost,d1594d31b504f5d395f77610b9acd2717695c1b703,0,0,0.0010247461
xgboost,d15a6fbc059dda7468e032bb139f34cb2a056a2936,0,0,0.0006716701
xgboost,d1619801139485dfd040844eb67629be1a68c9c840,0,0,0.12905295
xgboost,d164c032d7ea4a0d69343eda46fcaa622c3c8e4176,0,0,0.00037296838
xgboost,d1681ef2a107696ebc08558a9fcd970ed590bf0740,0,0,0.00042327403
xgboost,d16f4867b084523731eb98587224de64ee564650aa,0,0,0.034143314
xgboost,d178bbe996e8452df60162d37189cb80f76a2ea28c,0,0,0.00034415527
xgboost,d17a9d6380d72715116148b97cb19b484eec05a5f8,0,0,0.015524557
xgboost,d183a554356cb42fbab5a78de44e89b80377f9652b,1,0,0.27309594
xgboost,d184f5127410081a8fdeb8e5a1baa14797ff845553,1,0,0.13653083
xgboost,d18dca725babb622805557be1439de761ccfa4ccd1,0,0,0.0002330163
xgboost,d1930f2be8939614f74a62e4c674299414af6891b7,0,0,0.00034415527
xgboost,d19697b828dc4bfb1a7f2fffb2822c99e384f65742,0,0,0.007891431
xgboost,d19d77631647027253f147ed89fa419d71953c19f3,0,0,0.0012346779
xgboost,d1a2def7a6ca1fb7b20b0ce64a623f9e51ea69e5f0,0,0,0.00022021777
xgboost,d1be7c397003cd1096bd8cbfaaf36705ef8b1cb9f1,0,0,0.04829191
xgboost,d1c65d6e296064fb722b06782247e4b81f43787ce1,0,0,0.00044057542
xgboost,d1c72a8d49b7b68e8b425918256a53e3bbd6fab6a8,0,0,0.0014972406
xgboost,d1ca7dd2cccf52478ed3cbe1425088fc0cd701250f,0,0,0.00096465787
xgboost,d1cc1c1896056bccb70a02a6f51d73df55a57ba74e,0,0,0.013926448
xgboost,d1d0cb908c1a9d7339401ed019322d521af4f72950,0,0,0.00041254555
xgboost,d1da3a5d03aae94c20e5a891702063258c9ba72797,0,0,0.00044057542
xgboost,d1dc7c2b78ca22f1e59e79d59959bfedec317586dc,0,0,0.00086060417
xgboost,d1e3d34828e19691aebc8245c9b3206c82be25c156,0,0,0.0010080602
xgboost,d1eabf5ee46e4cdf57e99b08620df0745d1234fd22,0,0,0.00022021777
xgboost,d1eec3d8b82008c17c9ecef0fbed25dad3967718b2,0,0,0.010854048
xgboost,d1fa60b1364bc9e123d7c685d204b95d4b5007d0bb,0,0,0.0081455745
xgboost,d1fa92649abf59f495b30dc0bfaff019af91cdea80,1,1,0.81158566
xgboost,d1febd77b54a11fb04d663a38d2737e2a881e7267b,0,0,0.0013208393
xgboost,d1fed0cb1f9a0ced49d4220d2bc911d7819d6406d6,0,1,0.6306547
xgboost,d202504447e777c1c69b86b5845717465ea15ea4cd,0,0,0.008142038
xgboost,d20a3ee7899d678c2c95216f73f82b15ecb53f9e0a,0,0,0.025427664
xgboost,d211e11f9acaecef6772114b43db51065a8ff779e9,0,0,0.022123944
xgboost,d216d6e35d8c6f52a45c2069285599a3301f4bd0af,0,0,0.0068733734
xgboost,d21874f74d3fa658465ef6fab38488ddd0934df9c4,0,0,0.028863749
xgboost,d21ce0434779eb9d680ff1b49c7527818da1d58a65,0,0,0.00037807395
xgboost,d2233b6ce3b7d97c939933f6875c3d80f4ea4e891d,0,0,0.00035953108
xgboost,d23636672ed9767294216e520019a2e598c0bbabbd,0,0,0.0013289296
xgboost,d2385c7733bce5e2388c690aaa5765cfde54c923d8,0,0,0.15299495
xgboost,d23877c70f5bf0a26fed64d0019c6e383a0a091e89,1,0,0.1601792
xgboost,d23c4c617f9da642e334f9b2a6162d4194cf500313,0,0,0.00037296838
xgboost,d23f9f270cd76803af5571ce3e6a66027e23c733d9,0,0,0.0008583634
xgboost,d24ec56760a177a4c7f7548e44a02b23312c55c00a,0,0,0.02379403
xgboost,d25c312a06162f88179534162ff89f2b9cce747212,0,0,0.00022021777
xgboost,d25e582b277f4b2a886add5cbd55a460c745b38599,0,0,0.13311212
xgboost,d26f821dd6f5ac83cf1a2a2a610ed4b99b99cc1b0a,1,0,0.20370762
xgboost,d27490418c6fb1e01ede883e090d7cb725d32f2b18,0,0,0.0010247461
xgboost,d27530c222d84f55bfc7f7b74d58ccdc2459f26f99,1,1,0.6309033
xgboost,d2805a5b6ffb2b0de9f0153649bdd1b8c8342f40f2,0,0,0.0002330163
xgboost,d288d5fc7d02eec22c48098fdd2d31dc9b5bd03f67,0,0,0.00076474703
xgboost,d28e0a9e06683cc04ff860d0e71c4582ff6abb8f0f,0,0,0.0006299072
xgboost,d292784d4ba8a9b5fa25715ef7f9f0c978fe427d31,0,0,0.0002330163
xgboost,d297920f5d869bb999c85c908b06439320d9f9f3c4,0,0,0.00042327403
xgboost,d29add79cbb5c45fffb6ccad6eafa43a3561c0dd1f,0,0,0.0003925852
xgboost,d29e1f24adeb5a8dd30e73765e69f62b96d4310fda,0,0,0.0006227354
xgboost,d29e46b00ccdf6f00bd9bfa65b2911cad19a4f3022,0,0,0.00903454
xgboost,d2a12216283353bb6259e840da5c63792e4f9e537c,0,0,0.007452481
xgboost,d2a33f0323f13c192d49b9b76c2dd40b870e6f4350,0,0,0.009873061
xgboost,d2a35f6ec096bd67b2ee46cd3c5287f73245a93c6f,0,0,0.0006071794
xgboost,d2a45815fce1193885a4c289c2e68ad03b6466ed48,0,0,0.00022021777
xgboost,d2a46f30ef05cf93a28a2c21096ef2b8e739612607,0,0,0.0009429115
xgboost,d2b13a4a70fdcec5fc8a5075c5cf867af3bfc7a82b,0,0,0.0014972406
xgboost,d2b755244e4a23bc758f60e8c0f2deb28151875392,0,0,0.00029415396
xgboost,d2b98cb3dbee61ba6edb14c7b04ae5735f2848aaac,0,0,0.0011099989
xgboost,d2c20b07a0854453bc18002da6c75e00f9f3bef67c,0,0,0.00086060417
xgboost,d2c4174b923cda8a702198cda3631fa892bee66ef5,0,0,0.00022021777
xgboost,d2d6db4f3c03c8d1cfdee51a772f6685aad1132944,0,1,0.6306547
xgboost,d2daf3eebff1fdd9d3e0da4dad19fb7fd68d88826e,0,1,0.64371026
xgboost,d2dbbb70ad8ac47d255317c9508714fc8f75042542,0,1,0.64371026
xgboost,d2dd659dce38b2605dc201ce7dff3f03413dd7969f,0,0,0.023674697
xgboost,d2e2144c410c7ef0c8b3bae25c3d64aae6ceaea04b,0,0,0.00037807395
xgboost,d2e784f105f021780f782d2d0b606fd6b01e84f9ef,0,0,0.00034415527
xgboost,d2ebbfd49a30da28be7df23943343e53446da6a921,0,0,0.00030038686
xgboost,d2f2e7c3766da42ea62aea4442138926691a148b8f,0,0,0.0010745612
xgboost,d2ff72ee44e452178c79ac8213cfc804b8af027dd4,1,0,0.24505952
xgboost,d30320abd04e6691cfe5faa74f3c9a4d40b19101b7,0,0,0.017295288
xgboost,d308dd6c4ff791cb55b8163dff8dddb8ee2d18a5b6,0,0,0.00042573095
xgboost,d30ab9e660dd175a35b057dbdc426385ca943d56da,0,0,0.01557858
xgboost,d31bd1422fdeb6d4e3ef137a402095559d9e253ab6,0,0,0.0053568543
xgboost,d3206abea6b35a6bb14a7d4a533c36c311d2d6db76,0,0,0.00034415527
xgboost,d320f315e93ed77fc40a2bf7cc573f7cff371631e0,0,0,0.0014142314
xgboost,d3220ede3b63dc66100f1eee67cd903d841c0049ac,0,0,0.041514996
xgboost,d32dc2616b4fc21cb98612f532a2d06e1065c35f4d,0,0,0.0058986996
xgboost,d331cd6ee184d1d5003912023ffa1d75e620d637e0,0,0,0.0003183587
xgboost,d33617d8793eea4cf4171cd2efa3470e4ca6d44192,0,0,0.0003043416
xgboost,d3365367b65974eb8f081b977bab8ec7559fbe2f5e,0,0,0.008142038
xgboost,d33662e9be1bb2b5a2cfb9e2f3cfdd83ac82a7a1a7,0,0,0.0003925852
xgboost,d338ffce030554d9472a2840c0a059ffe769f15355,0,0,0.0003183587
xgboost,d33ba698109b992705abc930d1262980878ba5b40e,1,1,0.6306547
xgboost,d33c4e19915259fda8addbadeffd20b4d460eaa001,0,0,0.2909299
xgboost,d33f052079072046be7a4772ed931edca6e376d8fa,0,0,0.00037296838
xgboost,d33fe0effafc7e3b1f6c525452c3af3425e095434e,0,0,0.032567263
xgboost,d34539516e6626c0b406835f350b8a052c7c96e076,0,0,0.0006716701
xgboost,d345920fbd99b405b873726d7c4de880406a506b92,0,0,0.0003043416
xgboost,d348e1e6736f724c683135b019a6c4940317173ac6,0,0,0.00034415527
xgboost,d34b6da3e67a1526e531d3c7a71d29336d9a5f5f6e,0,0,0.14127648
xgboost,d34e774211f89ba505e9f938fb0b22956f3f785a43,0,0,0.0002330163
xgboost,d357ee052fb7e7571a6d598ba67089463756868bba,0,0,0.00022083636
xgboost,d359493f3f357304c664bc4161cad80a1ef9f85acf,0,0,0.0009881387
xgboost,d35e80b3d66ec331af9c38b50a3ca63e6f0bd01075,0,0,0.00034415527
xgboost,d36d3859b33b7667e7efa290d4e2be94c04653092b,0,0,0.00022021777
xgboost,d372c2a0df8cd778f8faa6f446c77ce885e0f5b801,0,0,0.111099266
xgboost,d37dac9b5ccbd4882ce3dccd836f1d246f9d910d17,1,1,0.64315486
xgboost,d381fd2268f6f1c2e79cd0daa09adc107f8c9ed6c3,0,0,0.0006227354
xgboost,d390a7d2f288601111e4a009f34dac01d0c68df113,0,0,0.001583293
xgboost,d3935daaba9804a0b886138522798c2f048d1ae8df,0,0,0.00042327403
xgboost,d399939839b29bb4085de725152b01db0f223f235d,0,0,0.00029415396
xgboost,d3a322cce32db20d87bb36888b22df31a7846e65b4,0,0,0.0011728639
xgboost,d3a3c3ce3138d96c4dbbb823ca59860d5f932dd42e,0,0,0.00035953108
xgboost,d3a50f6c85277ce6a479e0f38c0bc1cbf8afa34697,1,1,0.6306547
xgboost,d3b3cb7434a94c52ee78398ae89356e3c3c1becd3d,0,0,0.004916782
xgboost,d3d0113abb9b0eac3472781012e4369bf6ee9b994a,0,0,0.013926448
xgboost,d3d1afbb1ca5d8946e55d51263f634b1051d505c06,0,0,0.0002330163
xgboost,d3d5e819666073a30456d2aafa0138c7a35a6b4ce0,0,0,0.0014972406
xgboost,d3db6dff3c2130a7674bf4527dfbaf37a8c3a6ca6c,0,0,0.0069351136
xgboost,d3de20e268f924d1c022825c2769b0240c31e3e98f,0,0,0.013584213
xgboost,d3e063c906bd2d1d340ca2db857b1966ffd4bb67cc,0,0,0.00034415527
xgboost,d3e454ec11cd476e4bcc5e67b67f8e36ae46c53134,0,0,0.13653083
xgboost,d3ecf26a9dfff29ee34fab914653357d758e892f3d,0,0,0.00044057542
xgboost,d3f2ac590fe83df4d0a437185538e00614f956a055,0,0,0.0002330163
xgboost,d3fb5c0c3e90a9c437f2cbfb33229a28f4a7e270fa,0,0,0.032224238
xgboost,d405f7ec4a103d27e7c6878eeb095bea67d217bfce,0,0,0.006672268
xgboost,d40706c128ef192f6965097c3ffd4a4842356908c9,0,0,0.05965953
xgboost,d407e41bd99b30beca72c3868e0b2620ae225cba1d,0,0,0.001583293
xgboost,d408e7f47e3b6f6164d2297ea312796971238f7cb7,0,0,0.0022030366
xgboost,d4108556bcc4076243e33199be116560d6c1aa4456,0,0,0.00034415527
xgboost,d41a0ad678b51dc2d0f164e6207d64d9fac5109900,0,0,0.0071041905
xgboost,d41aa340961b05ee6991842a1370a6c07ac4d356d9,0,0,0.0003183587
xgboost,d42f7c5ebe403f293022d04b061a2b9113d750f029,0,0,0.0010099511
xgboost,d430fa5037bedfe7f88c1c4d1889070d99e4bfc796,0,0,0.032735623
xgboost,d432256a891f50a463bbae23caaa6bc5c4161816f2,0,0,0.00034415527
xgboost,d432693613ea1f32596fd5ae245e6c476421238aff,0,0,0.111511186
xgboost,d43958a98c4bc21b2d3a4b925e0ca2295207fa0c71,0,0,0.19171093
xgboost,d43a5f291e7fcfc83a47b9d3152d1d044179e87b64,0,1,0.64315486
xgboost,d43c14f7d8a25d3edad86207da4305c5c8a555935d,0,0,0.00086060417
xgboost,d4413254105f32cbe2c86ba7a608cb4c0df484de4a,0,0,0.032224238
xgboost,d44cc6bea8ed890149db5d7403b7ec43257edb16f3,0,0,0.0003925852
xgboost,d45b573fad68611e171455ff3f2df0bf128192bb88,0,0,0.19783552
xgboost,d46276feacf71edb73c6a0e7795dcbd65fad8c0ca7,0,0,0.0013208393
xgboost,d466b4da245679b61fa1342b72f9116599b5b9eb77,0,0,0.24505952
xgboost,d46aa17f02eef588800ec13e36caeb4034fee90384,0,0,0.008142038
xgboost,d46edb04bb5d774a1b055d323e762eefb3f3ac3ec1,0,0,0.00034415527
xgboost,d472d86e3957e6579be1595d8241fdc3e9b1a6d58e,0,0,0.0002330163
xgboost,d4764b0509b37e29c3b7a1536e1448ad4b89688976,0,0,0.023720916
xgboost,d477c27a7122d3bf7e85f402282d2d71fca692a31b,0,0,0.0013066181
xgboost,d47eff834db3d01f69b2f221aacc712b409416e081,0,0,0.0002330163
xgboost,d4817b9f8836b0e1976c7f101ac4b2057406d338e3,0,0,0.0006299072
xgboost,d4834b7b40c7786c5abd16765d70b4e59b54fbe3eb,0,0,0.00030038686
xgboost,d48796f526db479d9d61f7e3a8a49e2a4f0a53b486,0,0,0.006064744
xgboost,d48b0fa4f5e36ad94296f238d53c5d2424e7477057,0,0,0.00042327403
xgboost,d495d28a439a181bdd2d441f5cee02f7cb26cf7d63,0,0,0.00022021777
xgboost,d49c51090aba65fd01cb2f06427fa9bb16ba992683,0,0,0.00042573095
xgboost,d4aed758184b46bc878fdfa29ee9ff8342563f24aa,0,0,0.0014972406
xgboost,d4c03c99f3ddaf5145afe8b379ac3f72d2dc128d95,0,0,0.23849966
xgboost,d4c6bb38d854f0eb00a2263dc2e622029f79ce6462,0,0,0.023674697
xgboost,d4c9f76d95d36a14e39d4f1e2d2bd3d3f147f81f21,0,0,0.020047948
xgboost,d4cd37732d02e7888d6969af0fa6968d00f1d9fdb5,0,0,0.035440907
xgboost,d4cf524b6e5d93f2cd4e4aecfe9b8fc66cd06b30f0,0,0,0.0006486801
xgboost,d4d0025c579a7bdee1b989b638c43b71fe7d23926c,0,0,0.0002330163
xgboost,d4d33dcac0bd66f9e36d6652ce43bc935f3955df96,0,0,0.00022021777
xgboost,d4d64aff3417625b97efac02fd86858146dd23c68d,0,0,0.025876993
xgboost,d4df1aad174b8bb25ffbf8973ce91df4f9b23fb9ef,0,0,0.0003744533
xgboost,d4e6a5533ea1b388c50cbd130dec47a484e2adb12e,0,0,0.015456006
xgboost,d4ea820a769bcf6923b957631aac3ba2e7fca343ee,0,0,0.0002330163
xgboost,d4ef470fc13fd21e26a02173580cc115c4c4aef95f,0,0,0.00044057542
xgboost,d4f54a4a8595aa7bb534e036cc519f7e0d2efc5863,0,0,0.03023339
xgboost,d4f68193734b6cc22a0065375f477fa459138474bd,0,0,0.0009133837
xgboost,d4fb2c7991b844ad92ed2df29440ce3155420db954,0,0,0.00046689593
xgboost,d4fd00b521c65ec1eb0cc2ead523f65af513aba611,0,0,0.00029415396
xgboost,d4ff31e4040426ee696188a83fc6c10c3fc712d508,0,0,0.05965953
xgboost,d5086cf23c3cf4baffcbac06eeffceda19a02c3c21,0,0,0.00029415396
xgboost,d50a47868d2941440b050538e8e4c2f4830b723dd1,0,0,0.00037296838
xgboost,d512958cf02c939086e607f41fdef1c63b7ae335fe,0,0,0.15299495
xgboost,d515adee820ede30d51aaacc54bf8121a0afa4c6eb,0,0,0.00074442895
xgboost,d516a60c455e226ddaddc15aea48d8b167746ff34e,0,0,0.023674697
xgboost,d525e873f975a7c77f59e789fb6c419c5c5a2a43de,0,0,0.035440907
xgboost,d5279c240ac18c9c321204e939196ab02061067f56,0,0,0.0011099989
xgboost,d53723020cdbad2ff8849834bb913e83865fc15148,0,0,0.0082098525
xgboost,d54dce0cfbf9f911591363904a1bc5d15ba2a164bd,0,0,0.00022083636
xgboost,d5530b88e19b66016586bba1bb550e0d6dc646bb31,0,0,0.14665343
xgboost,d5550277e9ab04c760030cb872b713184b876dfb4b,0,0,0.01190468
xgboost,d5603db25aeb280fa0f0d2043d6bdac39616a5bc6e,0,0,0.0007948035
xgboost,d56ab11022448f8c85e24a584bae733789e2ca4b34,0,0,0.0003925852
xgboost,d56ca8d6ef2a2dd04ca866f3e55565bd1ba03d3201,0,0,0.00030038686
xgboost,d56f16c0106e05504a5e24b66935cb54ec08cd4cf5,0,0,0.019479604
xgboost,d574a4445c8fb73590d72cc7ba0b6ce058d23547a3,0,0,0.014183076
xgboost,d58760d92f0c96a424dce1320b2d8d5443d99e2b32,0,0,0.0014142314
xgboost,d591f807122f1d96a8deaa86e5a7a452f6205ce9fd,0,0,0.019230211
xgboost,d59a028f5401ff12453e2bee05e28f7a8a32e86524,0,0,0.00037807395
xgboost,d5a24e0496d2b7a5e24b4e116adc25387092f49dd3,0,0,0.0003183587
xgboost,d5a3dc05b04d05a87a8359a4c2f78abb6f2601cffb,1,0,0.2909299
xgboost,d5a50ec90c12f92d5607f7020a0a7257059edac72e,0,0,0.0002330163
xgboost,d5a98f74cb617bb56c790f0e6c95cf5114d39f61b7,0,1,0.6309033
xgboost,d5b0527590917c10790b3c56a1e7562a26de09d98b,1,0,0.33191314
xgboost,d5c96d073027282dfcb42492b44f23017cce5c7328,0,0,0.00029415396
xgboost,d5cb83a8f902463f6a5c6f677af4cd61128f5048a8,0,0,0.0008583634
xgboost,d5e1749552add3dd8e16c3c1e6f330ca038044b2e6,0,0,0.0014142314
xgboost,d5e261503e6a0aa692c642ef845d1b1953a790c4f5,0,0,0.0002330163
xgboost,d5e7580bef8708002ebef5a531a3d1152fa59f81f6,0,0,0.00947048
xgboost,d5ecbf9363d5d81a11ae6e0ee17e9fe98766f7d67e,0,0,0.029167907
xgboost,d5f2f1411c11990182f00f6b07e743e96c5ed4c018,0,0,0.020044776
xgboost,d5f5eaa34776a38b83c0784b2cd5369e636312bd50,0,0,0.38859802
xgboost,d606371e8843267efde8c531fef0506ca639ce3dd7,1,0,0.18918733
xgboost,d60b805b27bfce1f0d905efcad3995c7227691be26,0,0,0.00022021777
xgboost,d6148c6b07cf055e05e08d97dd10858fc90842cfb5,1,1,0.64371026
xgboost,d617513fd4c5478729df7a9812b603d201e7907b30,0,0,0.13653083
xgboost,d61cc19959ad8fe21bab44a847711ae762fc00544b,1,1,0.65877914
xgboost,d622ff8c77e090f03a75d9a8932e7997230e39e779,0,0,0.006064744
xgboost,d633f5633fc2036323e767461ae6325a74afc9f028,0,0,0.27358052
xgboost,d6364155f4f9822812cc71d0b561b25afc61bc6fc5,0,0,0.0003744533
xgboost,d63c3fa83425cafa6951d06324b4353306af310a4e,0,0,0.0013066181
xgboost,d63da105ba3fb46085dd78c9a6812c592ea392c335,0,0,0.0006486801
xgboost,d6502e7a1eeea3bdec477b5edfd4245ea7dc8cf738,0,0,0.0002330163
xgboost,d65160a93991835b098c1e65a6f8f158b35fca1978,0,0,0.00030038686
xgboost,d6583d087c6f2e358039799a11ab67ceb6e633c358,0,0,0.00076474703
xgboost,d6593595ad612d192124b0fe32d30cc1f50a377bc4,0,0,0.00035953108
xgboost,d659b1631ac5ffb54bb07466ad91633ac5a3096a72,0,0,0.0082098525
xgboost,d65d78572e2b1ddc6254b93c016c0c15a5e6539bb9,0,0,0.00030038686
xgboost,d6644121511434e4f8ed419ce9ec616a3ca34267d2,0,1,0.64315486
xgboost,d6659ff4ad06409b2fa388a1190776dea22c598df8,0,0,0.14127648
xgboost,d665ee9266c3bf7876d4bcdaf39fcbd28e2db8210c,0,0,0.00063679816
xgboost,d66e3febf40995e408d57a01fd0d837263e8ea740d,0,0,0.0012346779
xgboost,d67103518e20a4cd9f472fb11c3cb86249b069f701,0,0,0.13653083
xgboost,d6767f1b9024f6590cea61209df345096c87c40e0f,0,0,0.008825426
xgboost,d685031e50016b9d4cb64d0d4f17cfaedd9eafb81f,0,0,0.00029415396
xgboost,d68989d45f139bebe137e582eac2052ea7e0109ea0,0,0,0.14127648
xgboost,d694e328bd3e496d727e51dc7e9123d8ce454eb119,0,0,0.0075805914
xgboost,d6a266ddbc7289c7bbb6f956a18f6386eeed63695b,0,0,0.14156424
xgboost,d6aa6033a581d62cbd8fe975a7a570cbd38eff3161,0,0,0.020047948
xgboost,d6bb5ef0d916aaa5cdf3c984d2fe4e23eb60aebc94,0,0,0.011176175
xgboost,d6cdfa7a462f28bf26b74be423c435fdf12a905a2f,0,0,0.013926448
xgboost,d6d2f184df2ffb450d7fb4bf4f7fca31655bd88488,0,0,0.0010080602
xgboost,d6dccaba8958279d4a97830a17f889d10ba86ac1fb,0,0,0.023720916
xgboost,d6e458613a702c0650a54edba6174112e185a4ff6d,0,0,0.00046689593
xgboost,d6e6c206f457c358c2fd36a9f632772899f4a0686e,0,0,0.0002330163
xgboost,d6e94f015bec40ae9c30bf98622fa1fd670c1c3b00,0,0,0.00030038686
xgboost,d6efbaafa7df618e9f1b9b9756d2ad4ae752ed37af,0,0,0.026038293
xgboost,d6f358a934653b290d039a0991afca5dc10923a3b5,0,0,0.00062770204
xgboost,d6fcc83d0b0aa692be1a7b53a305a3ebf2f70b1af2,0,0,0.034807306
xgboost,d7094b6c10f4d76ad808bca59e43b871dd811efbed,0,0,0.00042573095
xgboost,d7116f9faf12c8304c4544b932e32b1f4239780ad3,1,1,0.6309033
xgboost,d717d5b858f32543d051ebb399147d4c991c57f17b,0,0,0.004916782
xgboost,d71837d484a5829601be1a03dbb9abea6323e8a872,0,0,0.005189585
xgboost,d72604aa3c9695901b34d7e607cafd0bd8b482f7fc,0,0,0.00042327403
xgboost,d727a930bc5013739a8dbfc74dbd65293ef52bab04,0,0,0.00022083636
xgboost,d72ad74212f9fc104f2f0f17ac81e4622e88430d0f,0,0,0.0014142314
xgboost,d72c250eb301b2d8d740f5a073f4d8fbd5528a505a,1,0,0.036776703
xgboost,d72c3cbbdd0d02c0f23d1b2beb51fc82ce32040ea4,0,0,0.00022021777
xgboost,d72e0dd93f2165d5bf7721541bc164dd08acbd323a,0,0,0.0003183587
xgboost,d7360d2f728f047c1207debebd9fc84aeceeef9fdc,0,0,0.03023339
xgboost,d73888fbd34ee934eb2d2d4a28b26cfd1426178ab8,0,0,0.0013066181
xgboost,d73b0893b5be42e23c0729176b7907341678fbec2f,0,0,0.0010099511
xgboost,d746cb5a99fc96d515db8774012e2a394a0ab545e9,0,0,0.0003183587
xgboost,d76e25fa8a25ac569ae8ed2e8e94dd4a07c62e9e13,0,0,0.00034415527
xgboost,d771a174244f40206d8f542db45a380d358404322a,0,0,0.0082098525
xgboost,d77337c43551bda0200fb30135dc16766367ad3da4,0,0,0.00044057542
xgboost,d77588c443644c33536cb68bb7610be2626b47b9b9,0,0,0.020047948
xgboost,d7758e3436210bb94d51c8fc91380879248f9ead1d,0,0,0.00041254555
xgboost,d77f211539101934ac38de3f4a2796cae432244066,0,0,0.00034415527
xgboost,d78f9472a974b67afa09dce8d892576d22dca40594,0,0,0.00030038686
xgboost,d7902e6337fab6b88b5ccd042f017d6393c961da74,0,0,0.00042327403
xgboost,d7945f37007b7b8a779dcba8278d42c0573f5a7968,0,0,0.00030038686
xgboost,d79768c26211226b67a98ea29eb755b54b8b21a889,0,0,0.035800178
xgboost,d79910ea77a9dc05f1f5265889beb854483ac7de66,0,1,0.64371026
xgboost,d79a9da76d3fc8eff2549467ecf8346bb8363d1a5c,0,0,0.0010099511
xgboost,d7a4016bc5d045c65749cdfbf8f52f95ba6d3188f5,0,0,0.13803695
xgboost,d7a51dc8a73d0930c34ab3b95a16645d6970c2c63d,0,0,0.0003183587
xgboost,d7a5c6df75a06e2464d4e50276725741be48d5fc33,0,0,0.03861649
xgboost,d7aeb884d4b87c3c120f17f688ba817d05b7388b74,0,0,0.00022021777
xgboost,d7b47c0f229fc5da6cb28e33c1dae2f42c727cb3eb,0,0,0.026295189
xgboost,d7b5ae8ffedb243d60a5cd1ddb5c1cc7516cb5a3d4,1,1,0.65877914
xgboost,d7b6976451eb3c3809afc24c58af638d95b2737ded,0,0,0.0003183587
xgboost,d7b81aebd35ae9258f4185ed713195c16de2d099da,0,0,0.036776703
xgboost,d7bb8ee083e95eeda6b8c1f360265ceb49519ebf84,0,0,0.00080371596
xgboost,d7cc52a826cfd9990cc7a556e88dfc2183fb56624c,0,0,0.008825426
xgboost,d7ccafb10589b2d238b2706f3fce55b857033594d1,0,0,0.0013066181
xgboost,d7d5454157887146b80837799bf148422ff97616d3,0,0,0.0002330163
xgboost,d7dfd6865937ed85f6e50d6a4fd66f11740448bc64,0,0,0.0009133837
xgboost,d7e55f801f1ab9b0af1323eabf9058c9adcd3d8f9e,0,0,0.00086060417
xgboost,d7e5cf86cb048e5702c23cc9ab0799a79d17727935,0,0,0.00022021777
xgboost,d7e5dc467e0febb5054de6df50543bec853ac31d2d,0,0,0.00063679816
xgboost,d7f4385e38b769f817870118de0750de00560c8463,0,0,0.0071041905
xgboost,d7f51264b44b6ef0a744581de9398585f0355972d6,0,0,0.00042573095
xgboost,d7f51988cd6009e52d8a89cf59c3bbd309ae2b87ce,0,0,0.0003668598
xgboost,d7fac94c98e75ddd5a68ff64fe20605ce44e69a5d2,0,0,0.00042573095
xgboost,d80799a084409f83849074b326bb94f9db1bcaf696,0,0,0.020047948
xgboost,d80a2e3368504debb47dde0d64415d67a3d86f210c,0,0,0.00034415527
xgboost,d810ffbd63f442fa51c00261349d56c26db93ebf87,0,0,0.02976992
xgboost,d815e7b212c8a9b564a911c62773ceb7cc113a1b3b,0,0,0.0006299072
xgboost,d8183231b1049a8f33b9402a998de8f460a22a6030,1,1,0.65877914
xgboost,d818fded35fd220f71aee279912c328382b326def9,1,1,0.81158566
xgboost,d81a4eebefecfef6891d103f942f024dd41a707aff,0,0,0.0043070638
xgboost,d8251b4a2885aa10cd0b57a2837208829bbe6d3654,0,0,0.00034415527
xgboost,d826347e2ddcaa08658bc1b592b752e01e2203ece1,0,0,0.00042573095
xgboost,d829708aa61361a3f608b160b77395f7ad88f46267,0,0,0.0006716701
xgboost,d83aad38caeb44d4b94666bd479e1886c009189049,0,0,0.00042327403
xgboost,d84066cd2711b7d73584d7edee0d48d2f223f0e9dd,0,0,0.00034415527
xgboost,d84ee19d8786943b455491c57a7c336afc4d1f5ec7,0,0,0.24505952
xgboost,d84fdfd0cd258f38f173e995b8a333474b60448109,0,0,0.00022021777
xgboost,d85176edc57ce5d70400eabc2de01097a9c3159fc5,0,0,0.0003043416
xgboost,d8580deeec2f01b338ee94fc2658e3821d8f6bbfa5,0,0,0.0003183587
xgboost,d85cc2c58f51c2419d929cd7cee6e51475e7ae12c0,0,0,0.00037807395
xgboost,d8626dd39557c3e96571f99ffa6a7387a681a61af0,0,0,0.00022021777
xgboost,d8636787c779cb09c764cf1ed156543d62ee9507c7,0,0,0.0014142314
xgboost,d86d7d3e5c3c38bb2a0b2da25555c6bff2be2fc717,0,0,0.028863749
xgboost,d86e5d2640fe58671855620e958489fcc204ac4eba,0,0,0.023720916
xgboost,d8761fffbcdd6bac174264bd34bef420a164873cc3,0,0,0.00030038686
xgboost,d87bd5674437d1b410f6abd11697337898bfbf08f6,0,0,0.006158658
xgboost,d880091d6a7e4a9d6aa1066b05166af43ae25d03b6,0,0,0.0003183587
xgboost,d888213282ee7c8cdc9550f3acc4d9655a399eafcb,0,0,0.00022021777
xgboost,d88adbb0c9aed839fc96581a83d13f3d12a1845f65,0,0,0.00042327403
xgboost,d89678f75c5c5bfad9a0d46e58fcce1ffdb17c6a94,0,1,0.64315486
xgboost,d89a380f05f45c26beca12163f642fbe74ab421b76,0,0,0.0002330163
xgboost,d89c4d9bb8204ec328f2d05a9a70da424fb82ebef4,0,0,0.00037296838
xgboost,d89e44fd88c148415c4c6876b51a49167a027a3661,0,0,0.00035953108
xgboost,d8a9e1591001c21fda178696fc6c4d9003b1a69fcb,0,0,0.00022021777
xgboost,d8ac1a44a212c5ea33a83af27970ab848083e3274e,0,0,0.13653083
xgboost,d8ac83d948b0553844cd71be65595c599c39e80f6c,0,0,0.02976992
xgboost,d8bb01717bc8a3644c304d93ba249162d9cbf445e1,0,0,0.0042175283
xgboost,d8bb82ed8930ca6ec1ae3926905b12ef78b16c5259,0,0,0.032567263
xgboost,d8c2cfc58b656936ce43ffa58a1321487163585cda,0,0,0.0006299072
xgboost,d8c5e5270bd41a8babc43ee79d94046757544b1c34,0,0,0.00022083636
xgboost,d8cd32637139e6a6c74e72768b2fb2ef10204f809a,0,0,0.00029415396
xgboost,d8cdfee94e3592214afd54b52eeacf315b04580c95,0,0,0.1743588
xgboost,d8d20925abfe096817dbef1c99a2947ccbcf23df3f,0,0,0.047430243
xgboost,d8dce39b0c1b0a92bce9187dc54852ef63ff6df389,0,0,0.00096465787
xgboost,d8e62e70012de0c37335e12eb16cb6f4c886c9910d,0,0,0.00029415396
xgboost,d8e90907db5428a185944f7188ffca013f1322f4a0,0,0,0.00029415396
xgboost,d8e9a34dc5ea221060bedeca017d16dae43dd1c343,0,0,0.00057926105
xgboost,d8ec915df3422f6cce965b1b5b67a20373779404bb,0,0,0.00034415527
xgboost,d8eee96cf82ded659e798cdef2e8b28631e78db223,0,0,0.0013066181
xgboost,d8f3195760ab2c916008f2d6738294bf451a513b5c,0,0,0.00042327403
xgboost,d8f424010a8d5e9bf1cc013dab1722d41f35b907b7,0,0,0.19783552
xgboost,d8f8e5d90e5be348609fcdc247c18087a34eb30fda,0,0,0.14127648
xgboost,d8fd27f6a5974859b150186a75f89ab1474ae39371,0,0,0.0010527555
xgboost,d929208fae48020406572f5d6414729b1bf0d22eaa,0,0,0.0003183587
xgboost,d92aeccb18d9931454eea457490266e5b9c8364b15,0,0,0.0002330163
xgboost,d92b60efd6f454f7ead3e91b9ea6fba7539c495726,0,0,0.017953359
xgboost,d92d01a614d7caf150cf22244bbc91a249bcfb8e0a,0,0,0.0010080602
xgboost,d935d259059766d3f4ea1f597479633e9f66c71664,0,0,0.00037296838
xgboost,d93b74b274c1874fd75f81c7c93b3640147295a917,0,0,0.00030038686
xgboost,d9429a0149f5107a5c650b2db337bbdf4f4100df3e,0,0,0.09642085
xgboost,d9456b5ddd43ada6e4c0b5603f45e6a13aa8b9dca6,0,0,0.015226283
xgboost,d950977e78c241e35e6993c775776c988ee86c6477,0,0,0.03023339
xgboost,d95e2de3cb02db31e83e16046b0c72932497bf9265,0,0,0.0071041905
xgboost,d96805317e1870f66dfbc9889fb631afe5dbbdcfbb,0,0,0.0105177555
xgboost,d968430d37b86c0b2dea0f688ad314074a7d45fc5b,0,0,0.015456006
xgboost,d97115b133d2762dfeebf0b338cf87a838b2f12217,0,0,0.014183076
xgboost,d9716614400395b911473bc4be13343574c2f77195,1,1,0.64371026
xgboost,d973e58c00ca02c179c6a26c0563b78e891410f662,0,0,0.0022030366
xgboost,d987f0c7bc6adffb5e8df55c837b3db1168d36e7bf,0,0,0.00086060417
xgboost,d98fe9de2ee1b693d0dbe1ea329da39508bfcbddef,0,0,0.00046689593
xgboost,d99bb98a3cc406204fa50ca5b8becbae96f5796ca5,0,0,0.0026684236
xgboost,d9a5904233e3f18cb1a1783a6cf60686d3047345c6,0,0,0.002365846
xgboost,d9a65f92990d4fd6f767ca94fe06ef7ed620f01644,0,0,0.07681343
xgboost,d9acade21cbdb2cb87ca04118f72fc35f35849a7b8,0,0,0.00029415396
xgboost,d9af7fb5b6ba2c8a619af8d87894c36883bcb47ed6,0,0,0.00034415527
xgboost,d9b709a7d5089e75283ee5bb92984789ffe8156150,0,0,0.00029415396
xgboost,d9b893c1bd558f51f5c02707c59f96ce85d6a72430,0,0,0.017810369
xgboost,d9b8b38c92e3efd99d13c8d21fa9c6f0e6e6e3f932,0,0,0.00022021777
xgboost,d9c32762160b12e77f5af407015de595e16812f502,0,0,0.0011099989
xgboost,d9c4814ec2f3509ec27e7a8d9b0f08d3d7674ad9ef,0,0,0.00030038686
xgboost,d9c55656ad363e933e6dca256725ff6e8e57c27ede,1,0,0.0076226057
xgboost,d9c62a4775cb8ecfc8dba7db220ff87f33981d6580,0,0,0.0003183587
xgboost,d9c791593ec892ce7151fcd4d2a68f985a800efc13,0,0,0.028400537
xgboost,d9d605141f9b7585c72578734ae3fc5c67458dde59,0,0,0.00035953108
xgboost,d9d79a6e71315ba9965b252a87bb3e3ba2371838e9,0,0,0.00037296838
xgboost,d9db509395f98ce586ceb6805f745b730722a25fd1,0,0,0.05705226
xgboost,d9df521b313d8152cc0e76a04c1e988aadae86a961,0,0,0.005189585
xgboost,d9e17f98fbfd5a76421897d7ac735836ac221d19e9,0,0,0.051092885
xgboost,d9e59e89d5e0b5581eba20b4e4aed7d24a4906ee26,0,0,0.0003183587
xgboost,d9e73e8b9526c0147636d7bf7c81faad4c726089a4,0,0,0.27309594
xgboost,d9e82d20f749e4b1331232e9bc1999c28189927b96,0,0,0.0012346779
xgboost,d9fe13032106f6c25c129a8847b99306627040b15a,0,0,0.0012346779
xgboost,da05f30f5586dc395d8322331871e560aa1ba6764f,0,0,0.00076474703
xgboost,da0b739c5a8870e7b5c99a9c51eae95e359fedc8a0,0,0,0.035440907
xgboost,da0de4872d42dcf47d8c6b16eebc63e3a2ed6f5e9f,0,0,0.13803695
xgboost,da15c199284dcf4afaa26e3b343c13fbbf95f8465c,0,0,0.00042327403
xgboost,da15d6741d666ce5b850f3ca53248409328045eafd,0,0,0.01557858
xgboost,da1e2f4e8a68dbe430735864b356b5fb1971a5d803,0,0,0.008142038
xgboost,da1f2c40abfaea267baf2790d6fe71f48645b53e41,0,0,0.0003925852
xgboost,da2f2a6976f38d4b559f4d4cebe4fa88a5f629c4d4,0,0,0.0076226057
xgboost,da37012b9afe074cf7c0713a0b7f474111cb53a0c1,0,0,0.023720916
xgboost,da3d18d04cd6bdae32585da86d2d7cf412ac597f69,0,0,0.0006299072
xgboost,da3e76e05bd3b32714dedd0ff4d5fedf474d55a1b9,0,0,0.00076474703
xgboost,da451a238647243486712b7a842059dafbd25f16c3,0,0,0.03925821
xgboost,da46c3b0ac88d3b7c369667d52f1327d7e0180614f,0,0,0.00034415527
xgboost,da4d5c04e18d58fe83c6a03e6182e8dfa7a31b49a5,0,0,0.015456006
xgboost,da54473ecdb294e3eecb417ca4a0af7a3bc93e8cc8,0,0,0.00046689593
xgboost,da561c212932c7eb7d1282b2cf2ea50e90b25f352a,0,0,0.019841658
xgboost,da572c214d467c0897f6a72c2725a9312e610f6cb1,0,0,0.00050622347
xgboost,da5c1f8f161d7b1becb2d792aa9948698bb774b437,0,0,0.00096465787
xgboost,da657009a4354ed6bf81877b99e0ce50906121ddbe,0,1,0.64371026
xgboost,da7297d9ee4c8f1c4ef4f2362c1677c4a6b663eddd,0,0,0.15264633
xgboost,da79af762335f04083e08eadfe17fdb7078a239737,0,0,0.0006716701
xgboost,da9f06b371b9ef78bb9c1db0668c722390cb1e3da3,0,0,0.2225216
xgboost,da9f79e862b5962960540727ef99ebeeb33c59bb70,0,0,0.0057338746
xgboost,daaed82f60c6071fdcd4bb6a604c4998642aedb849,0,0,0.00035953108
xgboost,dab2e7f79aea253fe695b836e93164403f3f2bd4b1,0,0,0.00030038686
xgboost,dab34937b61d9e3b73fc361cb0141c8a4459c5ced6,0,0,0.034143314
xgboost,dabd49f61958592033e377f5996b69dd19a2b9f226,0,0,0.00046689593
xgboost,dac2774e9279939743077f984ea241ab428cd8e703,1,0,0.15299495
xgboost,dad0462b118d396936ba355780c2b5a875a8f00ec3,0,0,0.0003183587
xgboost,dae134ffeb447d75bc1ecbb8628911fc9b3c985880,0,0,0.0013289296
xgboost,daf67608ddc589fa76c3d60cdc5dc601d7501f0bfd,0,0,0.0002330163
xgboost,dafa598175369961509db4dc68a43e32564639d854,0,0,0.00034415527
xgboost,db07a34648206fd1acfde5f6bdea692bdd7839473f,0,0,0.0006486801
xgboost,db0ef2c5f69c92ee8b7198815cc70bda47778cf078,0,0,0.0047180536
xgboost,db0f52b866bcdf7316657f128b5547e1d0d8bd80b6,0,0,0.009873061
xgboost,db1050bdb47fc64a40be47c7ea25a92dd6a2169d7c,0,0,0.1394689
xgboost,db11201b5ec99c7737c41fd75045f1d8808fad7450,0,0,0.00030038686
xgboost,db14f2c5e342f8bc995d270fb9914c261983c29421,0,0,0.00063679816
xgboost,db1bc684e74d3fec33abff83a7b44d67cc40e1fc74,1,1,0.65877914
xgboost,db23a08254b88e657cbf81d2f1bce2c8e3ca1c3353,0,0,0.0008583634
xgboost,db2f85d73deed7686dff91ea09756ca53ce40ee475,0,0,0.0009429115
xgboost,db3707d0d218a03aeb3d1ada080974a86fe50f7adb,0,0,0.00046689593
xgboost,db37aec34aef0de3fcbfbd3e3ac389734fcd824df1,0,0,0.033424415
xgboost,db3ccf2ca3b5051850b2abfa13b515f89051e44a12,0,0,0.0002330163
xgboost,db3d4f01683b3d6ec593eead8e55f1cfc127454f1a,0,0,0.0003925852
xgboost,db4ef9e089b19073fde2589bb7045697a2206aefba,0,0,0.00042573095
xgboost,db5043700d0076587e6a9cc20a4d646ffd97c6f4ae,0,0,0.0058986996
xgboost,db50b1567d031513053d44bf4b3e622ae25c33298c,0,0,0.013393568
xgboost,db50e022364cecb0c1d8a706d0ed862539fb431d91,0,0,0.0002330163
xgboost,db531fbe8fd0c009b5061a9534a1eb605edb74ecc9,0,0,0.0013066181
xgboost,db60f87a78b1d076f402c8382b206b257124244c77,0,0,0.0006227354
xgboost,db62c694d163c859981226d5d756cb145491f19b73,0,0,0.00022021777
xgboost,db632c01386d3097e9be95b597dc629c80a0722ea6,0,0,0.023674697
xgboost,db66975942c1964a04014012e4117e1058d0d702e2,0,0,0.00041254555
xgboost,db68ac9b5a076459a1c3ef4a8c5e5603efb7508d49,0,0,0.0002330163
xgboost,db69ec16a9677bdc150717d1fc4425f418933ab5c4,0,0,0.0050011594
xgboost,db700334ffc19dd3999658ce276f30a72c6b13142c,0,0,0.00029415396
xgboost,db7dbb657dcf25b55fe271a5c62ba2c51d188fbe69,0,0,0.0006486801
xgboost,db7dd45cd1ae030d2aecaf1d0e6c37dacb9ac34597,0,0,0.0003183587
xgboost,db915bee1924e21394607f791d17492b7c943d425b,0,0,0.0006486801
xgboost,db9178a58629f180a900fbc49544bee279dba46b9c,0,0,0.0009429115
xgboost,db91d0057dbd5433150cd05a11fa93e17859dbbc1c,0,0,0.023720916
xgboost,db93654a6af387f4ffcbd76a79f5ef6cd4831d2fe6,1,1,0.6306547
xgboost,db9914e7cf8cfe0152af1631c90a9d0b205066aba4,0,0,0.0081455745
xgboost,dbaeb54cb134ab843298f64a1f4f096c9fecaaf48e,0,0,0.0022030366
xgboost,dbb41f81f19a8e1e8adde278ccaca1b04617ae8c61,0,0,0.014183076
xgboost,dbc07de7641a82a1820dd4897c4f802d604d59f85d,0,0,0.00037807395
xgboost,dbc72faf202eb3d0c27a8ccd1d4700e7d49e481694,0,0,0.005197153
xgboost,dbc78468ba3b80fec4fbcd075c83a45c51e9768238,0,0,0.023583846
xgboost,dbcc775a8de3f52e201eaadd2b112e668b1ebefee6,0,0,0.03669534
xgboost,dbd130d1b5ae54e6a214b5c7919687ab280d71df7c,0,0,0.0003925852
xgboost,dbd1588c1275866d1e665ee389d93d8b2562a92a19,0,0,0.1601792
xgboost,dbd2f398f47904b55c1be6dd1d969f664b1df90cc2,0,0,0.023720916
xgboost,dbe0e0ae27a19d2c338c1d4ebd0b6fbe3f9e5b91ed,0,0,0.023720916
xgboost,dbee3d773b6cd68d7b1f77d811cd266cc2ba552c5b,0,0,0.00030038686
xgboost,dbee55f6ac0583abe2613d06ba2734accf95ea7cab,1,1,0.64371026
xgboost,dbff2154744bf2a3a8c37ae256ed6ee5da3662b9c0,0,0,0.019479604
xgboost,dc055eac9f91343cf8ba3914d69927867be3d87bee,0,0,0.00030038686
xgboost,dc0f8e034712565cfde635d3de0e803380d9678439,0,0,0.011115743
xgboost,dc0fc31fe8f871670a220d26ed900815f749a2b8df,0,0,0.0003925852
xgboost,dc14bd5c7af6a534352d559fba0190910b7b7f4bf6,0,0,0.0003668598
xgboost,dc180508af2afe0ecf971310be8c24f716fd2b5ebe,1,0,0.1394689
xgboost,dc29931dfda087cdd76ba611a63953cb0f5b3801dd,0,0,0.026810737
xgboost,dc2bf85932f6c7afd67053907e2d064a23e2d15b69,0,0,0.0006486801
xgboost,dc31fab73f377ca433ff611583429d5944b66f6fb5,0,0,0.0026480742
xgboost,dc35a5337b3b1d99e670ec36c6910ef5f828db8239,0,0,0.0003183587
xgboost,dc35a9835d4dcbd6fe0511a9b7b10ea3117a159c9b,0,0,0.1344866
xgboost,dc368da6f035b59009ded5b505abe30c54c389ea5d,0,1,0.6309033
xgboost,dc36df53e51a6f5eda9773ee49f701c49745f8efa5,0,0,0.00022021777
xgboost,dc3cf568a176b6712b0bfbfe2c75fa869a0453f690,0,0,0.021064816
xgboost,dc44264119043fcd56fac552574629610fa264d1f4,0,0,0.005607715
xgboost,dc47a18220ab58933e5049d2399aa9054db1ce8d42,0,0,0.00042573095
xgboost,dc50d931414bc724046f8a75d465b67f8bf25aa3a4,0,0,0.015253741
xgboost,dc523c406d3eb46d5ca9403f881f02550e17086d5a,0,0,0.0014350319
xgboost,dc5a89a471ebdf316aa48b83af1515e3bbfb91c99f,0,0,0.0010745612
xgboost,dc681e474dbbefa536732d7484c996f22fde80c61a,0,0,0.00022021777
xgboost,dc6fb4723f8bf76465a990edad375f0e580a67e26e,0,0,0.014183076
xgboost,dc7ca0dcef147eca337addaadc09e8a570b91ef194,0,0,0.06597109
xgboost,dc836c6cc9d4519af85e07608018e9a3589756470e,0,0,0.0081455745
xgboost,dc8a57fd0de9f9594a4b9d0bdc14d3a6184f80ef7e,0,0,0.00037296838
xgboost,dc905b15c044e032877ec09b9c9f68cf6c3d26577c,0,0,0.0003183587
xgboost,dc93252e2b990f90718e855ee7a62e41df9937bab7,0,0,0.00037296838
xgboost,dc94be995190e8ed973788de36b1d1e1d6e5576670,0,0,0.0003183587
xgboost,dc96ff6d5ccc0b890b62899d0951df2c7a5fc77d54,1,1,0.64371026
xgboost,dc9f3793726b89984c080d7e9df5e1cf69a0decb30,0,0,0.00042573095
xgboost,dca4687f1e19c10b6c7db829afa5d517e76922d7e8,0,0,0.036776703
xgboost,dca7d8ee925c6be93f53fa0e4e0082d0231c61ef16,0,0,0.031720858
xgboost,dca8d04e45db3f942e6dc3376a0fb5cdaf19c5c231,0,0,0.023674697
xgboost,dcad5caf5e948e8d57562871a31d3bd9ac0c867fd8,0,0,0.019841658
xgboost,dcad657932cd6ce66495fd3c3d048935a6f1a6f544,0,0,0.00037296838
xgboost,dcb2f1edb3d000aa35ca830cb176ebbd6510ad587b,0,0,0.00057926105
xgboost,dcb9986173b4b6b4aee14886fd2510a62cf2edb026,0,0,0.00057926105
xgboost,dcc0dfabd554143542999dfa89a6e4bb93d89a1f1e,0,0,0.019230211
xgboost,dccf6c033628148cfcb40cab9737e45c451e71aa67,0,0,0.0008583634
xgboost,dccf83929e904310752ae0901a5e4ef7701507c26b,0,0,0.0006299072
xgboost,dcd4671b0f60473572daa52a801b320efbc99d6d66,1,1,0.6309033
xgboost,dce4415586b9ccd0f28e58d7f629ce446d0a986ab8,0,0,0.00030038686
xgboost,dce79ba1bcab382283db203e25fb59e68c8f0869f3,0,0,0.0026480742
xgboost,dcedb1b47e16f7761c56b9d1503899d695756b4e3d,0,0,0.0002330163
xgboost,dcef56afb7eae8a619d1d2bf805bcdf34be86905f5,0,0,0.00042573095
xgboost,dcf4b69f2c98e5013bc6ba3b2e1efbae6022cb6d26,0,0,0.032735623
xgboost,dd02c036c42118e8f28b419f26a0f3f6dc5a7fed33,0,0,0.015524557
xgboost,dd192c95a6e207cef990dad39296800cfe89a4a6c3,0,0,0.034807306
xgboost,dd280af3bea8359a9eb92df558ccc65e38d905da8f,0,0,0.0009133837
xgboost,dd2e2df45e5d42ce9d5724676745e385731e241e62,0,0,0.00037807395
xgboost,dd2f8f14392f566d40508751528e15f5db8c142ad6,0,0,0.0081455745
xgboost,dd3f48c815250b5b06d34a9f485af469704559c425,0,1,0.64371026
xgboost,dd41a7771fec345bac3ce5f05c90e31c1ab8bb24c8,0,0,0.00034415527
xgboost,dd41afb40ad45d2966ec7f5a9d283ee2e04dfd2057,0,0,0.00042327403
xgboost,dd48da8726a124530410a613484f56759fd11a98b4,0,0,0.13803695
xgboost,dd4a8c3324027fb2b827c9585e07d336bce8cfcb04,0,0,0.028160574
xgboost,dd5b32314689c35bcb6cc26b91c880252fb80a4424,0,0,0.009226136
xgboost,dd6199b9bada723a280c7230a01d2d986b6f29424c,0,0,0.00063679816
xgboost,dd6e956a59a74b520c0b15d6685cee94c82ecf057e,1,1,0.6309033
xgboost,dd7a71c887a61ac527beae95c7e0f1d377138dd845,0,0,0.00042573095
xgboost,dd8227da5638173a3bfc006a85ac3c35e772aafb0e,0,0,0.19783552
xgboost,dd8b0129383eb2e5f2685d9a76166d96ffc7c15f2d,0,0,0.0002330163
xgboost,dda13aeeb3aa52e76d0e5853a2eec395984b9ba424,0,0,0.032612085
xgboost,ddb094f292dd3e6778b87fe7bd582d1c0bca266711,0,0,0.0003183587
xgboost,ddb9d7294ad692042fb74416c94a8555ab89d2da46,0,0,0.0008583634
xgboost,ddbc2a8e14e6f22f0fe0a913ac7fd0cc063e40c5a1,0,0,0.0006071794
xgboost,ddc0820d0c8a4c5d1b5004e7a34c95cafb95519547,0,0,0.0013066181
xgboost,ddc2f5085e39e000544f68054eed3ab3e4fcca806e,0,0,0.007452481
xgboost,ddcbd37760fb45b7429bc6377719f25917992c220c,0,0,0.00029415396
xgboost,ddce66db8f28ce31474e5142010597f5defcd40a55,0,0,0.00037296838
xgboost,ddd758aead05d90ef5695e137a3349e58014d48c80,1,0,0.045225002
xgboost,ddd7d1d68993bb004d328e96afdfb168ccddd26a88,0,0,0.007815878
xgboost,ddde24609fea4a55940ec6cc7c632a585cc3a75a8e,0,0,0.020044776
xgboost,dde5a2cf7b04211e17826cd3d0d6b21e900dbc0cf5,0,0,0.27358052
xgboost,dde720f6e7893d2126436b6a7e742a485a05c5b05c,1,1,0.6309033
xgboost,ddee6a084fd2fdd352ae48a8581bd920de99b19b6c,0,0,0.00030038686
xgboost,ddeec92d2a69cf6a415db17c0eb942754a13605384,0,0,0.27358052
xgboost,ddefc1153de29b2154ce5f1af8c869e328053a7919,0,0,0.00046689593
xgboost,ddf0506780d4ff57517c7038e5051a2825bbb238f4,0,0,0.00042327403
xgboost,ddf74d37f4d2f903e078947ac2b8ea4c65a5fbd5a1,0,0,0.0006227354
xgboost,ddf8ec7fce6f33390623fc8f1f4cd0ba42a0b6d9ce,0,0,0.00022083636
xgboost,ddfeea0203c7422ecb7c9e36958c8bccff4e0aa304,0,0,0.055719044
xgboost,de0351fbbd33ab9491bdff03a3a5ad059d5e1b92c1,0,0,0.00086060417
xgboost,de0a07cb1ad417f5efacbaea6f841a3f75d7157bf7,0,0,0.0006071794
xgboost,de1922d686f70da54c579cf16100abc0323881e748,0,0,0.014169116
xgboost,de225383d10164a27be6fa06820989bc9ec0e99032,0,0,0.011111367
xgboost,de2919e8927adb85f3ff2ebcd31ab06d8ed3cbddb7,0,0,0.0006486801
xgboost,de2c27e8fc4afa5fcb341aa31875d51caf4d42bfd0,0,0,0.028863749
xgboost,de3e4b4264fde3443a8c34ebeb22f7375f93d779f4,0,0,0.017560398
xgboost,de41d9fad3c04437d65b354de67bc93c4ef88229cd,0,0,0.00046689593
xgboost,de480fcd6ada9247bb6dab63734fe7cb99919073bd,0,0,0.00035953108
xgboost,de53530867c732a2c0cc64bd4756e27ae0602be338,0,0,0.0006227354
xgboost,de58e2afcf3454f2bdc85b54e4e77cb24fe29fdcdc,0,0,0.0008583634
xgboost,de5a69cdf2b573aefcaa6acf9eff20cf4dbbfc2a55,0,0,0.022123944
xgboost,de5ab6c1e96d303ed675686b1b72e40ab7af112c74,0,0,0.00947048
xgboost,de6d3217a308fe8d961725fcb4e6ccb2932afd8068,0,0,0.0069351136
xgboost,de6e19f65a7b90fd978e7fb3b0fe2bfc52fbbc8fb6,0,0,0.0006299072
xgboost,de710279021292dfe0190f9ea6199b1e1bd6066607,0,0,0.035800178
xgboost,de74162490eb4017176375205992f48f475825c84a,0,0,0.2611296
xgboost,de799d3a235a4a2bb1ada8c750a703cfe32f4ba084,0,0,0.00037296838
xgboost,de7cabd42329bb39f39d90fd28f1478881a7e36b07,0,0,0.0003744533
xgboost,de7f3bd958c569db41f786c33264c07bdacee0aad8,0,0,0.00034415527
xgboost,de81618b2955246cf2495b41049596908da634bf14,0,0,0.00021901939
xgboost,de86025726c389914129366799ae6357854972800f,1,0,0.1344866
xgboost,de8c263b729b3a3c18015342806acf93e8fb4f4ba4,0,0,0.00046689593
xgboost,de92371bde21e766fa780f531d6224196748930e14,0,0,0.0010745612
xgboost,de955a49b2f70fac4a6e33a2d1d1d3e5df19d50cba,0,0,0.029167907
xgboost,de9dbbcea332bd111152cdc1288ee9495077afdfa9,0,0,0.028160574
xgboost,dea1d08bcf3247874ab1d44d32c79bdd2cc76d938f,0,0,0.029794568
xgboost,dea1d51ea674ec63240438df52d720a85c5dac2134,0,0,0.00030038686
xgboost,dea3781d2454275eb63f351760e37393d140c8f005,0,0,0.026038293
xgboost,dea4f7ca2936cf2676213eaaee1ca5b845e61b0c7d,0,1,0.6309033
xgboost,dea5c0b8948baef2fa2d146b4ce008ef3b01df120e,0,0,0.0053094267
xgboost,debdddff71bcb39956bfd98f2df87a647f89412def,0,0,0.0075840037
xgboost,debe6d070beac01394cda4a4ecaeed7600af5c82cb,0,0,0.0003183587
xgboost,debff1cbea097648f848bbcee918cdf2d4822f5b0c,0,0,0.02976992
xgboost,dec04d2eac315e31f0787b4902ba2d9bee0dc1bd5d,0,0,0.0013066181
xgboost,dec4b82e239a4a47a3b2bae65cdca2e4920a16e99b,0,0,0.13803695
xgboost,decd19822d1dbeb6ed916ba582ee6695d0f8c2e8d2,0,0,0.0011728639
xgboost,ded3d2ed1e141d08020c2d98af5d2e9e5c7f290c8d,0,0,0.026038293
xgboost,dedf957af4311d4a2d1743b5c501bedd848d42e66b,0,0,0.00029415396
xgboost,dee23b4abf6cc93d16ec0552738edefe33a0da06e6,0,0,0.00029415396
xgboost,dee2c4b1f9762f6071045ce62b52abc35ce02c677e,0,0,0.00044057542
xgboost,dee380697e0807315abe10e09cd4df5ad514db9c7d,0,0,0.062109012
xgboost,dee8a352c2fdd57c3af6af850ab85224f38ce4db58,0,0,0.1394689
xgboost,def1770a491c268d681af9b39100664d14a773301c,0,0,0.0010099511
xgboost,def5c79e8a7e3396c88ece9dca0489bf9e3f911148,0,0,0.026810737
xgboost,defc42e8351d8e4913f4d357f982a73674536bcc09,0,0,0.010854048
xgboost,defe626ec3fcb55766679ec3b39ab2557176273c4a,0,0,0.0010099511
xgboost,df030787ec1fab18f78107a15375689869019bda84,0,0,0.035440907
xgboost,df03821a27fe177d309ad453910f708a38ed9aafd6,0,0,0.04829191
xgboost,df08c8e95fbd592e77f54306d2dceb3ea641a0afe8,0,0,0.13258594
xgboost,df119d2929a3a0bd38eddf713fb8cd02cfea06a402,0,0,0.0010763843
xgboost,df1ea5fc07e3423137280102c769ed55b6a6c14e8f,0,0,0.023720916
xgboost,df1f4fb244618e2fa2b0e5542b366ab0b0c28aa754,0,0,0.009873061
xgboost,df1f588c0ddf77fc94fb8a5bc3326e292c2a4d0a13,0,0,0.0006486801
xgboost,df1fd2bb1a32f839d8038f462c7dfda5ea61acebdf,0,0,0.01557858
xgboost,df28a4bad9191d2a395c5e6fa95bc34e8ff8faaab5,0,0,0.0006071794
xgboost,df42a94b0a489477ac0d8d03fbcd07d9d6ab3ce396,0,0,0.021266634
xgboost,df455fe368214ebac64dec2fd16a3930383f2de142,0,0,0.001108906
xgboost,df4e383bb452aa563c1566ac497f5c70a2bc9ec9fb,0,0,0.00037807395
xgboost,df593c24f24e54c35680b2fbebfb3e8405912e40ad,0,0,0.00947048
xgboost,df5b77df169088e023a48cb2be37adc538d649da2e,0,0,0.0002330163
xgboost,df609ddf3927340e0e7abb0a201704f2353c9fe4c0,0,0,0.19783552
xgboost,df61769256e676d4f21c21c6de94b2070c96ae033e,0,0,0.028388172
xgboost,df61a928bd911664bdce4ff670cce6d3e275770f52,0,0,0.0003925852
xgboost,df625b009d71ce90787bb62fc587537714baf0b4e5,0,0,0.013926448
xgboost,df63ea44b73b6191f7224f9350738a111e1944f0bd,0,0,0.036554493
xgboost,df64cf3b0d621ea869b91ac9554a4217c22ada6966,0,0,0.032567263
xgboost,df6528e1a1787426a3772b4800f6b3a1f9323a1744,0,0,0.0006299072
xgboost,df66e5b45ec68063ee826a1bee06abaf661aa32ab9,0,0,0.008981103
xgboost,df68fe0ef56bb1a4295c397af6646109d1abee0a93,0,0,0.00042573095
xgboost,df716b62730a730376b6d78a4e08d84d93734735a0,0,0,0.00037807395
xgboost,df71c5d54ffd9e3a32a8b5e03e332c57e94f2f403e,0,1,0.64371026
xgboost,df7463805b9a11de5a1ac422fcafec9bbac57c83a0,0,0,0.0010099511
xgboost,df7f09bb83b3fdba38cbd0aa6a877c3fe81137763f,0,0,0.024599493
xgboost,df7f10a567ea448d2c9e414b2ea0e7215c8114552f,0,0,0.0007948035
xgboost,df7f8199c9f39bb3c1f14e86474c74b9a14084e259,0,0,0.00041254555
xgboost,df8eaaed6c82303f8310fd783c3a439e60c5587883,0,0,0.23849966
xgboost,df96419a83fe52d75bfd92f70718d277fa28acc62f,0,0,0.0010099511
xgboost,dfb2ab4046159be07ad6a47c4d2ff2fe0d4351e43f,0,0,0.25232524
xgboost,dfb45ea73efc1ce63eaefff6458a94e97ed382c349,0,0,0.034807306
xgboost,dfc3c939d29e2c81e1d07d98204815705636089cde,0,0,0.0007948035
xgboost,dfcba4e706aeaefd6976ce6c6dd74455826eae5174,0,0,0.23849966
xgboost,dfcd3496bbb21a6e981b6d7202196713aa52ebcc16,0,0,0.00034415527
xgboost,dfcffb006d179dea5a7afc43a276dc1c57d99d01ef,0,0,0.0075805914
xgboost,dfd7d9a747cba6e8f32532d914c26fc23ac8e52dca,0,0,0.111511186
xgboost,dfdb1166e13cc8374ae1ec0bb28b0630896fe3160a,0,0,0.04829191
xgboost,dfdc4dd3d69c5ee2e2819d990de591e0a13b9c88bd,0,0,0.03925821
xgboost,dfe467b98fea9b057dd7a2b7eb9ec630d90d6aef52,0,0,0.009226136
xgboost,dfecb7b72aeaa99e306a24659adad867a5fbc76174,0,0,0.022123944
xgboost,dffc039c26aca959e2b89f47d95da040693e29058f,0,0,0.00086060417
xgboost,dffd1c88d66f14967b70d663388eeaf89ca8632f2a,0,0,0.019230211
xgboost,e00be033a47d0cb7ed0b3cb216f55e70ef0fe8070c,0,0,0.0003183587
xgboost,e00c26c2443e1ea985a587d9083dd8fdcee7898200,0,0,0.025427664
xgboost,e00fa64bb8b824f88ba3aa7a49e451c788e7c140ea,0,0,0.0014972406
xgboost,e00feb2ff9d3d359eb0882606eb8d02b5216c23607,0,0,0.01557858
xgboost,e015b57730cf034a8b2fe0e9e9fd56fa638bf67981,0,0,0.028863749
xgboost,e01a3bff4386f199a07f9814c0e73e6fcbabd8e434,0,0,0.0720398
xgboost,e01d430f23aa236eb1daf6d1fb7756bd75412fc390,0,0,0.13653083
xgboost,e01d574e5d0b9b1ecfcf293a09bbb71e89fec56329,0,0,0.00030038686
xgboost,e020b343c57a4c41e74ea8a28b22892f525103c42f,0,0,0.00029415396
xgboost,e023a171ed99d1469c1e5f4852d705fe714ec0bc22,0,0,0.009873061
xgboost,e0261cde0eb822bfa24ac390e52c02cb1de2dabb39,0,0,0.023720916
xgboost,e0315349ea4e40880793bf567d19c603fb90e68a70,0,0,0.00042573095
xgboost,e03aa243c0e46b8f18228b83635a35ed8f08642dac,0,0,0.028863749
xgboost,e03c06c740f5cf44518c3cc58a0ee0130c6a3e1c8c,0,0,0.0003668598
xgboost,e03cd1903142c3182c1828329437f08deb39ad4367,0,0,0.00034415527
xgboost,e046edf0fca338d1c68c6fab6aaa5ad042bda92bf5,0,0,0.0003183587
xgboost,e050c893540ad734d86d935178a88e36b5856e50f6,0,0,0.0003183587
xgboost,e0516b0d07366e62be895c67979f560e4931f55a7c,0,0,0.010854048
xgboost,e05719092c16cd7532e06eddcee6defb2f541da42f,0,0,0.007081607
xgboost,e058584c6f914236e16476f6ae1bb36d61cd60f0a6,0,0,0.007452481
xgboost,e05e6828689622040b4441e1e33eddd67ef0961b79,0,0,0.0011099989
xgboost,e072da72acb401b8e69f95da07591da574e72dc3f5,0,0,0.13653083
xgboost,e07cf99b06f9c68bd1fdbe3911b3eb42374351a360,0,0,0.00078046566
xgboost,e07f8d8a27eb1aa045236ce5158eb9628fade62fa2,0,0,0.00057926105
xgboost,e08014ab882a3517add1df060e4b758a459dc7c57c,0,0,0.00029415396
xgboost,e085396a5ad9eb78a840ecac9c7dbf2ec1b9ce4d68,0,0,0.0007948035
xgboost,e08ac8cdfeb36bb6a89d71221f04ffb38c13861ac7,0,0,0.0006299072
xgboost,e09a08f98cab7d41b51475f8c04698f50680aee181,0,0,0.032384146
xgboost,e0b6cceba0edef82bbe8a6764df953aa0b14cd8af7,0,0,0.0008583634
xgboost,e0c618279c302e69c95d39ec5386a4276de1443423,0,0,0.020047948
xgboost,e0c909ff75ab48bb9ea38c3a8a6ffc76c9330ae2a2,0,0,0.0079541085
xgboost,e0cae15018dc09f3b693bddfe2cbe20d5548881cc9,0,0,0.0006227354
xgboost,e0ce3ec7a1ce5bb5a60ba149c8122e6e3d358edb77,0,0,0.020649059
xgboost,e0d1c8e3104a0d659f0390afaab5c113317d5b15e1,0,0,0.028160574
xgboost,e0e4bb699d5fc90917079d3859f3b3e162f9819f5d,0,0,0.013479265
xgboost,e0e582ee9a767a0ec45cdcafa5b6b2d07487bf58be,1,1,0.6309033
xgboost,e0e8e816a95a9eb9d6a8029348be3e228faf868b34,0,0,0.06597109
xgboost,e0f5783814301903e5615706a9c4697a916b313969,0,0,0.00042573095
xgboost,e0f67dab6a714e4b720f8b4f4225ccaf1f9c3d021c,0,0,0.14127648
xgboost,e0f765ad2549fdf5c553199add5bbc04e67dfa0b70,0,0,0.1344866
xgboost,e100b52b4fd88d3bcb73055b7271325bafe666028a,0,0,0.00046689593
xgboost,e10818024fc4fc2e5bbfbc9fb920cf21dbf31b5204,0,0,0.00034415527
xgboost,e10c602b7430dc967ab5cdf7495470e9b7d7c32df2,0,0,0.00042573095
xgboost,e10e1f5dce89ab8d0a83aea3c6d3f34b3d38b9b407,0,0,0.00086060417
xgboost,e1138174310b2c370c451d30e35b4a6e44eee7a0ae,1,1,0.6309033
xgboost,e11616a7431cdb0a5c51afbbde5683bfa752fef015,0,0,0.032567263
xgboost,e1175a9b6f745df7efb2a7e8df4a22d7ae4169e915,0,0,0.00029415396
xgboost,e118bd1d39363adb4db32dea8dc3bcec569de3d488,0,0,0.27358052
xgboost,e11b59b519a5249e1f5754c88e7b4f9d017d046d92,0,0,0.00037296838
xgboost,e11c2214cedf8961a373b86bea781199d83fc0cf67,0,0,0.022123944
xgboost,e12f33c2fe1ca305255248569a71745d1325b6b2a0,0,0,0.014183076
xgboost,e13442b5238f9cabdf8aac53e99f9e890b7af3f8a1,0,0,0.009226136
xgboost,e13780f2a18654cc6a3cdaf27be95b5d523dda5f2a,0,0,0.0003183587
xgboost,e141c3fdba000380d21900b9f71c6edcdc140d3a3e,0,0,0.028400537
xgboost,e152d560d41a47ef51f2b34239c9cd9417c9c39a26,0,0,0.0054252394
xgboost,e16385d3e7126b387dc3f90adc26019e40796776b3,0,0,0.0006071794
xgboost,e165e2093119f3528118d2c32a77a0cb2006981d73,0,0,0.00029415396
xgboost,e16cbe70f6ff44aa713bde063026a91bc25d1b8ed0,0,0,0.1394689
xgboost,e1726ba733b74a59bbc3e14121e902631245d00fc8,0,0,0.0081455745
xgboost,e17bbd36c0e8dcfea9f9c54c5997e4933f390ea4bb,0,0,0.03925821
xgboost,e17fa9065c9be72b71f888e79c2325bd9aa1bae5fc,0,0,0.04829191
xgboost,e18cd2eeb215179eb8c9ed4e9e6cb48c4c575ad3dc,0,0,0.00044057542
xgboost,e19a08aa11e73d57c017c6db5257c62a5a5a83894c,0,0,0.0010745612
xgboost,e1a0aef6f52c771c1fd2c8e9fe86d0b474dca35cf8,1,0,0.14156424
xgboost,e1af730583fe581f78fb172e89ffa5293c9c5fc1dc,0,0,0.00029415396
xgboost,e1c4362df80bdd6d7ad32676c03a59a4df750a340b,0,0,0.022123944
xgboost,e1d0dc06d8cd23e1039f55446f037444273d20a19a,0,0,0.0003183587
xgboost,e1dc0a208121944b3bd07e0bc77e42bbc632d5a735,0,0,0.023674697
xgboost,e1dc86b29f3be6a246b84dedcdcd6e1dd50bcf7c97,0,0,0.013926448
xgboost,e1e486be2d2fcf3e338a3aa02aedd2978d8643a014,0,0,0.0003668598
xgboost,e1e4cc0f5d5962755d51ca19d941013db8d2c06f53,0,0,0.031720858
xgboost,e1e60a8d929f51e89c359f112c3c650063ffe3119d,0,0,0.0012346779
xgboost,e1e8d46c31ae27f8708063d25c86d514a56635e9c9,0,0,0.00022021777
xgboost,e1f704e215506392f4fe3b31239d59a8c9a01f4108,0,0,0.0054252394
xgboost,e200d0cceb03ed89eadf4546b58a996aa759ffd6a2,0,0,0.13803695
xgboost,e20458f0e6e7cb2c218b08a909441df65fe83d834e,0,0,0.0006486801
xgboost,e207bae3ed17b1f9334f4be9b8a09645cf23bdc278,0,0,0.00034415527
xgboost,e218800ba68dd92532771e5474fa87e517e0acd0e7,0,0,0.025427664
xgboost,e21adf94bb2d528125f9ec246e34d6f8cd0eaac5b3,0,0,0.0075840037
xgboost,e21bf8f8d1e133575c1c3e25dc1d9d065f6684840d,0,0,0.0003744533
xgboost,e2251207be5064a7ac3b250c0ea72ff086126b65c7,0,0,0.00042573095
xgboost,e225abcbe9c3192433df5f81f14e15350a8291ec9f,0,0,0.00021901939
xgboost,e226a7699ef5eca8bb97c6173b6b0f076252c7ad86,0,0,0.029496808
xgboost,e227b90e9024ca2ee57918f8beefe1129073f83816,0,0,0.008825426
xgboost,e2280045d59f62169cf0e9058fb26337cfa0662299,0,0,0.00046689593
xgboost,e23499c5d26e9ca6a68c95cf43789363bc6ed14dfa,0,0,0.00030038686
xgboost,e2363412e3054cd250b6f07eb74b8fe7f1f3b0a168,0,0,0.0009361887
xgboost,e2373e6b9a7d5b5b9c51215a3cb177a632d56e8a7e,0,0,0.0006716701
xgboost,e238fc022d794a23ec8efe3fdbb2d03f9c483ad77f,0,0,0.0006071794
xgboost,e2391148cdfe23abffb2c4e8c7b9f837a239f3f8cf,0,0,0.007081607
xgboost,e242c33cd2b96cb9b8b35771785440aba4f4486f0a,0,0,0.0002330163
xgboost,e243280b4220f98524e6629974aa0f09720b9b8a20,0,0,0.028863749
xgboost,e24a1c2facfa260850dcde000d137be8fcfaaeb6cc,0,0,0.0019530896
xgboost,e24a478a568dfdbd280288af38eedf232676c96c1a,0,0,0.00037807395
xgboost,e25699e9e6be64320495c1d71d6e43ead1e863232d,0,0,0.00046689593
xgboost,e25a1c3f7235a95e6793f951a361f3e077b3662564,0,0,0.0053094267
xgboost,e25a3a2ca3a6b7e85cf4252fe8c46c5452ca1935de,0,0,0.00030038686
xgboost,e25fccdbc3488584034da0a74bd950580d5c4cae39,0,0,0.028438905
xgboost,e26a297af4c0b055f6aaa8e5adcb640f475bd96ea2,0,0,0.0036198448
xgboost,e272f80419cb6b1866b010b776ccec89f05233eaa0,0,0,0.07730112
xgboost,e2747467d1f1b81bf755efe0ce1ea32c0e21164834,0,0,0.02197904
xgboost,e2751ff8489083dc3b43455753d93ef843fec10f18,0,0,0.0006299072
xgboost,e27636e6f3ce4b17f26bf6324cb565960c92c284ab,0,0,0.13653083
xgboost,e27c41a4dea23ca300cfa1b1d7ad5c0629ec4e6fb3,0,0,0.00037807395
xgboost,e2816ab489575aae1135c958baca0b70957a474d24,0,0,0.041514996
xgboost,e285cbcd52f7ba47d17bad7204d386267f2332368f,0,0,0.0072853104
xgboost,e297a3bd32d1b36ba04db5385897d2114d101d107b,0,0,0.0003183587
xgboost,e299d4d8770bfd769c484198384fae0503c0d34a81,0,0,0.0010745612
xgboost,e29eaa7429ee46daec27f7299e607e90f39ead8083,0,0,0.0013289296
xgboost,e2b2045fe8468e2434d15694a711e8b8f928ad5c48,0,0,0.0006486801
xgboost,e2b53e193baf2a7ba00afcc843b8f6c991652e34ed,0,1,0.64315486
xgboost,e2b6d66259f357c6b302a041c4d89a0d88bfe9098e,0,0,0.00042327403
xgboost,e2bf0912f68846f19631247c6532bb0112dc6a51c0,0,0,0.023720916
xgboost,e2bf6f608cf642310db116870020a80b0fd6955dd0,0,0,0.00041254555
xgboost,e2c533d7398868ea33a1d94e09ad27b5f3245ae7ac,0,0,0.00029415396
xgboost,e2d021b47ff5797a14e961d563a95504a5bf55b842,0,0,0.028863749
xgboost,e2d05450150774b2d6ec551757c95b3c0d7096cc21,0,0,0.026810737
xgboost,e2d0a7c13a08fbf29dda70f9a8ead5065af9755cf3,0,0,0.0013066181
xgboost,e2d47454bcd9ca89ef6c83b170caabba4ec5578c87,0,0,0.27309594
xgboost,e2d518f67c70560faeae657e9d6716e0ddf9cb4bb4,0,0,0.00030038686
xgboost,e2e089ac18e999e0a3e068e572ceea83597de6fca9,0,0,0.00086060417
xgboost,e2e6067591c53970177cef320dade7e73940268288,0,0,0.0002330163
xgboost,e2e959bf5f9d2c09bcadba053cd859fd0bb10c5113,0,0,0.00022021777
xgboost,e2eec0d25c4b48fec367923c72c0b4f6482e11b060,0,0,0.0002330163
xgboost,e2fa60466dd56af4b83ba6b7dd5e9f9d4d4bb66715,0,0,0.0003183587
xgboost,e2fad4c8b700c591851f8a02eec4506e01794ace3a,0,0,0.15299495
xgboost,e2fd278c4dae55ea540fdc2c0d390d24fae5519399,0,0,0.00046689593
xgboost,e2fe67800096c5e40812f3d774a4737a6abaa72f42,0,0,0.02052949
xgboost,e2fffb10e42f5fb97c0ff55fee97d37363063788d4,0,0,0.0003668598
xgboost,e307fb8c5139680544752c25d7d89cd22eb102587c,1,1,0.6306547
xgboost,e31211953e3dd1d7f21a75bddf9209599ce7740c15,0,0,0.16855088
xgboost,e3139d368b46c3ce3b0ba8cbcb0153194112ef338a,1,0,0.15264633
xgboost,e321a1d2d35a73d848be394b504233b8b8b6393d28,0,0,0.00029415396
xgboost,e322d2463b1aec328b8d87cc2398fbcab45b8934f6,0,0,0.023720916
xgboost,e323cd9ee0212db8b9d7b9fed41110f8dff3bef277,0,0,0.005189585
xgboost,e324546e358843fea7aeae1cfd7c716d559dd328b6,1,1,0.7853733
xgboost,e32cd87932cfe7949f9ee790ea7e067be81f3d906e,0,0,0.035440907
xgboost,e32e7c48eebb807c8b0d4b68a7809bd976b2e70c23,0,0,0.021703979
xgboost,e33e502d389a602fa45b3be9efef9348ffe658613e,0,0,0.00029415396
xgboost,e347fff11a20d6b70530a33617c17c3cd5019671c8,0,0,0.019660987
xgboost,e3507905a80989838c7f6f81cda93666bf416c9c63,0,0,0.020044776
xgboost,e351d68928fa6c83f31e7dfc456ed2a5836e6da2d7,0,0,0.00030038686
xgboost,e352029116f879b7495463e429f93af79a8c35c96a,1,1,0.6306547
xgboost,e358899cb3fec2a70dbd23eb2634f87cd6baf46458,0,0,0.38859802
xgboost,e35ce5acd7cf5e0ef47c06f7872094eb165a9b2824,0,0,0.0002330163
xgboost,e35d6e4359eef525e72693022459c783b198c33a47,0,0,0.0010099511
xgboost,e366c26a221950c310e4fb27ba16d0186b262b9a24,0,0,0.0006071794
xgboost,e373956595e53958529414aa35897042b824630153,0,0,0.0002330163
xgboost,e37dfb8aba5ef091519b5f55151c86a923c717fb4f,0,0,0.0002330163
xgboost,e38013edec6c4a46dd9ff7bd93322e5d4d1a991e89,0,0,0.0003183587
xgboost,e380b1eb2cc37ed16dcb837e41620215ffe6b803e3,0,0,0.00029415396
xgboost,e38caaa041f7eb6032d46d6cea4c01b87d582ad9fc,0,1,0.65877914
xgboost,e394fcea66928d266a478a14f58fcfc0fec17e4a5f,0,0,0.0029865296
xgboost,e395cdbd47c9f55a74e979eb5160c20a38570ddc49,0,0,0.00029415396
xgboost,e3c16f3f0efa7d9f44ff5a4e65566490203ff455a5,0,0,0.0011099989
xgboost,e3c79f7e928daa23d735b4558fc382509a3d24a2ae,0,0,0.0003668598
xgboost,e3cbbf2dcb4bac8bfffdb1c0deea3190f7da4c3424,0,0,0.00063679816
xgboost,e3cf38b77a0009bc0a6f7c3c82dfbd0f600d250a32,0,0,0.27358052
xgboost,e3e223a474d525825d288e618aabdc193c4eb040ef,0,0,0.00034415527
xgboost,e3e5b5857cd3d97f266b702e3bb68b2b054f7963d7,0,0,0.0006486801
xgboost,e3e66c711e8aff06d6ca3a4adc2ca2d8760715fcb5,0,0,0.0003183587
xgboost,e3f88c908f32b463a72a4dff614655950bdcd259e7,0,0,0.00034415527
xgboost,e3fa4704bdc243d1e0133f40704ea24d0d45094ea3,0,0,0.009226136
xgboost,e3fd321fd6d494dcda5a1a81c3511ea0d17f6c6547,0,0,0.00037296838
xgboost,e4059cd745fa7e267b31131b99480ea87f6203b87f,0,0,0.00041254555
xgboost,e41e7ecd4d7553a07452e7650952a38646a9e074b3,1,1,0.6306547
xgboost,e4308bc578b005f261e36099c5a4d51735c63f6242,0,0,0.027860904
xgboost,e438fe7b900089a213d94abadb140ec8e08a936ec9,0,0,0.00050622347
xgboost,e43c437a79f6f01595e69fa22564777d124361ceb5,1,0,0.14127648
xgboost,e4479d554267c1b0bfc8721b91ea1383b407140218,0,0,0.0008583634
xgboost,e44a922d0c98707181d0f3357e76ae39f82b04914b,0,0,0.0003925852
xgboost,e453b6e85ee2c4796861b57a940c76aee0036fb4ca,0,0,0.0002330163
xgboost,e45683175e1df4dd088368263f7fa7c61cfaa3c4ec,1,1,0.6309033
xgboost,e45b4d61ddd50a71bcf945386f10e4b49fef527030,0,0,0.0068733734
xgboost,e45c97c63591774e451d3c57943132c31225b270a7,0,0,0.0002330163
xgboost,e46350f658ebde90b05b108613de592a56e8fc1e09,0,0,0.00034415527
xgboost,e4636fb2f2b0d724fd3384958d4886c326c119b16e,0,0,0.023720916
xgboost,e474b64731002d94ac3288a8500a789999df500075,0,0,0.0002330163
xgboost,e475c7958dfc2e8b5310e678451a97f6bb50652f91,0,0,0.013393568
xgboost,e47fed5d1d9e2e7ea69b940d7da6f8bf45ee452dd4,0,0,0.00029415396
xgboost,e4800ff60791cf5eeea28970e2b012a5c8f1b57382,0,0,0.0002330163
xgboost,e483f8e069b0a5d378ff48638c904745ffe07e5cdc,0,0,0.01557858
xgboost,e488798422391a77b06aafb9a026dc4ed04aaacbd1,0,0,0.0002330163
xgboost,e48a407d6462b6fb94ca1581179b21929e5cc6427b,1,1,0.8254233
xgboost,e49033d6511f0019d0c645047481b4080e761bc37f,0,0,0.0009133837
xgboost,e49403764df932d4f8dcbf188f057a029ef33b1ac5,0,0,0.051092885
xgboost,e4980cedffdddc8567baa1916288dc6944a8a30ee0,0,0,0.0068733734
xgboost,e499aee96aed2f266fbb7e19705eb13a51ebf62316,0,0,0.0068733734
xgboost,e49f12d9c80da54dc9520fb9ca3143494cd9c8e5e0,0,0,0.00029415396
xgboost,e49ff7d182925a5c2d03c4a8589682db2f328aadf5,0,0,0.047430243
xgboost,e4a6a45f73a630df189b803f0339d81514a94d6c4f,0,0,0.02197904
xgboost,e4a9114c2bfabf36aad5591814a31535a363b88402,0,0,0.0075840037
xgboost,e4ac5e0d69351aa1b492984c8d20b6f2d0fabf1842,0,0,0.00076474703
xgboost,e4aef79305adbba39ee807f886269b1a379749b84f,0,0,0.0012346779
xgboost,e4b1c5189bcc10b48a8789213998e33a6ac54790fc,0,0,0.005197153
xgboost,e4b59e78e998198072a52536e0a1c69196940df5d9,0,0,0.017560398
xgboost,e4b5b89324a92d94db9816452a090501e44a5232ba,0,0,0.028160574
xgboost,e4bc7d23801ffd829c32342b5d95b3837f375ca0c3,0,0,0.00094434194
xgboost,e4bde3b65506ddae414ad63d9d99362b40055562b4,0,0,0.0006486801
xgboost,e4be3776943ad6471c11f1d03d5ab29110e2c3ee0f,0,0,0.019465642
xgboost,e4bed31e8a51095ac2069c4e877079c29eccba0acc,0,0,0.18237136
xgboost,e4d41ce497df83d3575cc3e909e1eced69792bde6c,0,0,0.0002330163
xgboost,e4dc38a956e90d5510b11934adb593c34fbca1e446,0,0,0.010854048
xgboost,e4dfb6a01a6a69019c6dba7f801ee4332d7d9ca46a,0,0,0.03861649
xgboost,e4ec47c8c69af301d2594ecb88ab789b48cbb9c9e6,0,0,0.19171093
xgboost,e4edbaabcdf00016c0e1c56d75ddc826c5ed72251a,1,1,0.6309033
xgboost,e4f8648493f2559437b53b6e42ccf458d40d48661e,0,0,0.0010449707
xgboost,e4fb28b6eecbf14f720428e8081097b20b2795e203,0,0,0.0003925852
xgboost,e4fd4037c18ee891b19b8163d03138298ca3ac9642,1,0,0.23849966
xgboost,e50ad960cb7997f47c60105b9603d596ba507452c9,0,0,0.006158658
xgboost,e512176e4179bccdf2cb129aa25123213a89cc9e29,0,0,0.0003925852
xgboost,e514914564785c4f6c89daa5cf7db368e895308f1d,0,0,0.0007948035
xgboost,e51b4fa772cb72080af546e3d70d94328c897f769e,0,0,0.00042327403
xgboost,e51c958a37f4697324b6807a43c3a63cbe8307e933,0,0,0.0071041905
xgboost,e5253f2d115d5b32f922f781c5c971bcd2f9abd943,0,0,0.0072072153
xgboost,e53748844aaa43b34180b67cd617a12fc6b3453151,0,0,0.022560947
xgboost,e5431cde9fc41fb2fe4a87e3e4e7b32ed85eed2ef2,0,0,0.028863749
xgboost,e5442dc5eace01316e70b3cd6b703830ab3a376b7f,0,0,0.0002330163
xgboost,e54543f50137b58e4eaabefb24dc84373eddfd6157,0,0,0.0026684236
xgboost,e545dac6ca02c7027538d1c71ebd1878d67c25109f,0,0,0.0003183587
xgboost,e5485ebf65f54f0aacbe894ffbbf89d90f382d81d7,0,0,0.011111367
xgboost,e548a252d4f2883c5eb60ca933e52aa8d64c35a6a3,0,0,0.00030038686
xgboost,e55787442952c584d952e74621571bc7d3870d3d01,0,0,0.0008583634
xgboost,e56028bd3b03a504f41b7ea2b8d2f049a4ae69d2df,0,0,0.022123944
xgboost,e5626b4ab6e977eda9eeec76798e5195180d3b88d3,0,0,0.03925821
xgboost,e56a0b59ccf7ed8ac61776efb9d11233876a5918fe,0,0,0.00046689593
xgboost,e573ee28b3e8b4847672834663f52341df0b172a39,0,0,0.0072072153
xgboost,e575e5d5d0061a13999425f146b5bd1ac80d5fafc5,0,0,0.00037296838
xgboost,e57a00c86fe7ed933e12bdbfbeffe508db38431f4f,0,0,0.0010763843
xgboost,e5806135e5445c8b0efb1cfc570abdad15304a9111,0,0,0.00022021777
xgboost,e582daa09faaf816138e0fad4ab02ef7ed3461352a,0,0,0.00063679816
xgboost,e585150c79a491ba0f17a2ce52d1baf9ab744d356a,1,0,0.00086060417
xgboost,e586d15df6379e64b494b09be8f461a8a001ed2379,0,0,0.00034415527
xgboost,e589463c67c5b1ac625b2c7d7cf9871407ca4fa755,0,0,0.00046689593
xgboost,e58b4a89be6ca5e9ff91754d5ca179cbe435ef0b1c,0,0,0.00041254555
xgboost,e58e4a64c06f4d602062a5978ac5e251ca2addb111,0,0,0.0008583634
xgboost,e591c1ae80d3f67b6ea220bb9bdf954691aec28d7a,0,0,0.02367029
xgboost,e595aed9972dd9870f5b72880323249f9ba6675607,0,0,0.00034415527
xgboost,e5988688e17cdc2df8a71a9cb26d118a6f8e4f490f,0,0,0.12780893
xgboost,e5a5a73858b04ebf0c435d15f6bae7068b8ab82da8,0,0,0.017953359
xgboost,e5a8c20d5593f1dbae76cd546354694dfa95d63fe3,0,0,0.15244524
xgboost,e5b3cb2d1858f75905508a11d88fc0ed724fc1ebc8,0,0,0.026810737
xgboost,e5b926a6d2f3b5fe3df29042491ce5cfe249019d63,0,0,0.15199795
xgboost,e5bf49f536d0511d6e69fbc84e95199aa1f2a242f2,0,0,0.00035953108
xgboost,e5ca9181ba1a7872b41adc351858a7bd4ddbde3f76,0,0,0.023720916
xgboost,e5d4d03d957e20282c5c14df837295239c9ff646ea,0,0,0.00037296838
xgboost,e5dc4f3b553c5debde8e1e7fca95975b1cca6d1ed8,0,0,0.0006227354
xgboost,e5f01c848f57ccfa2d16a345cecb8b7e4376174e5d,0,0,0.00076474703
xgboost,e5f37be147dd7b565980db44dee5d2f7acc0e01f8b,0,0,0.010342912
xgboost,e5f86f2abb7945e2a49271a31e2290fae024245268,0,0,0.00030038686
xgboost,e5ff4f54acf3b8d08f6853a00cb3b918f3e8db26c0,0,0,0.0011728639
xgboost,e609110aa6a6c5c23c6e5c29068bfa11e265c5c0f0,0,0,0.0003925852
xgboost,e617fbc9fa02987d2fa63abdbbadc664210023de08,0,0,0.0003183587
xgboost,e61a2602aec65418530c6c882d4450702d0ac6ae5b,0,0,0.019841658
xgboost,e61a8e75f0f36ba2a5128b7bc15cc9634e28a333de,0,0,0.006158658
xgboost,e61deabcf9296fea41c6781a56ef8113a0ea8891bf,0,0,0.0003925852
xgboost,e6212ad6bcf7e602d967af52998d6f2dbb10618bce,0,0,0.10463009
xgboost,e624d077012051edef50f77f49afb09d61018f2c48,0,0,0.1023795
xgboost,e624d359baa0aa7d4fa445a7af9985a20b157eb0f0,0,0,0.0068733734
xgboost,e6255faf690e301461aee5754d313e17016ee23315,0,0,0.0003183587
xgboost,e632f6d27e7edd54f087a191d8824beb6ca7b8e5c5,0,0,0.023720916
xgboost,e63366700a5c6d9cd149e38cb77643b7da4853355c,0,0,0.00035953108
xgboost,e63c42632f20caf99edac24147d4c745b36625d46f,0,0,0.00022021777
xgboost,e63f9c5a4cddcfeb94a46a30a3b69a769218b08158,0,0,0.24505952
xgboost,e64fb71f26c46efd1acbd170e1194eefbb4ab85d2a,0,0,0.0002330163
xgboost,e6582b03cf50bc51fe94382c4915830e15df502913,0,0,0.00022021777
xgboost,e65923c14aad9f3d91ea25a2f31b4aa4d018d02945,0,0,0.00037807395
xgboost,e6716ea8adbdd05258dd9426294dcbe45407ec1051,0,0,0.0067931744
xgboost,e6718b02c08076236355b636b427b84654415bea5e,0,0,0.022123944
xgboost,e6793dc4cdd41903e675eaaafcf9a2b56900e29194,0,1,0.64371026
xgboost,e6811efa3768c14ec2495099ffbd5187ccb38fcb65,0,0,0.029226005
xgboost,e68b6552a976e664d572e84b12f2e037a6c2d8c41a,0,0,0.00063679816
xgboost,e69b3548a5abc1ae715667acd09bb734ac2ef0c65e,0,0,0.0010449707
xgboost,e69bdbdeff2484dc171b9a94066c712c83c59236ce,0,0,0.00030038686
xgboost,e6a202d424563c293ecf1cea9c34ee86ebcbdccb61,1,1,0.6309033
xgboost,e6a27e19832f621a3ffe395391a8b253e606e72127,0,0,0.019841658
xgboost,e6a8966e13833d26444fc8160b2e255dc703c259d7,0,0,0.044447508
xgboost,e6ae19dca4a4a77e9208543bb0138b888448354d7a,0,0,0.27309594
xgboost,e6b563372087b36ed44a1ec5e910d950014a70b493,0,0,0.032567263
xgboost,e6b5f92c3189c7eb9742b716360ecff89ec56a95cb,0,0,0.0003183587
xgboost,e6be9f4574a3a7d1e1126eac9e1005e4781e17aefb,0,0,0.00034415527
xgboost,e6bf90db81e3a0ed35bcc8c69a64a29869f04f8835,0,0,0.0006299072
xgboost,e6c259d8d2802d20f7ba336bde10208ad760375a14,1,0,0.1344866
xgboost,e6c53c20ff26b92e16d9e89168c1e66c48a6a28ed5,0,0,0.0013066181
xgboost,e6ccc0c084dc6389138b875e05887288a2892fabe2,0,0,0.0022030366
xgboost,e6ce39997364e4dda059cfd76040ce1a2d70c8ab93,1,1,0.65877914
xgboost,e6d321ec5a70d806cdb55751489a574e3d7c445d31,0,0,0.0006227354
xgboost,e6df63500faac3ee078dff195ecbfafbbf81eb5976,0,0,0.032224238
xgboost,e6ecb5717ba5d35231f998bc854ab3ebf8037ad219,0,0,0.00042573095
xgboost,e6f252ec1337a134297c37c1567b14c8764d13278e,0,0,0.00046689593
xgboost,e6f3a5f0e8672213430a12aca2f9dbca87c5f3262a,0,0,0.0012346779
xgboost,e6fb205e54e777e6420a7e0f364f1760c539439b37,0,0,0.00041254555
xgboost,e6ffc00b5cbe25f206befd242dc73dc12036281016,0,0,0.02976992
xgboost,e70858a7e96e9494a60d675cd958073fc3b0e6b562,0,0,0.029794568
xgboost,e70a4bc4618e5d6506d5d15104dea63425aba029ee,0,0,0.0011099989
xgboost,e70dc0e9b152c5466bd0a8b248e0785af9185d1e96,0,0,0.0003183587
xgboost,e7150bfec8e090ca0aead8c864110f06fbda1df899,0,0,0.00022021777
xgboost,e71aba6853c269fa6b0e4df473a061d8acad9035bb,0,0,0.0006486801
xgboost,e72167c5c5d2c5f8b017487b343895613e24b8dac8,0,0,0.00046689593
xgboost,e7237177d0dd436e708f29d9acd1f2ee3a99cdf6a6,0,0,0.0007948035
xgboost,e727f4f542c99cd538676000e45f98bffdc1e8f0b6,0,0,0.01190468
xgboost,e72a633e6e541ca8a2e9974d068c883bb2d5e338d4,0,0,0.0010099511
xgboost,e72b102fb3729b80a9dfd36577ea3d33048696e144,0,0,0.0082098525
xgboost,e72ba0bf64b1e78c8ab53b80de0f74abb7197f39b6,0,0,0.0006299072
xgboost,e73a982110fcbb17f914c2ed3b4ea01a884400c625,0,0,0.0002330163
xgboost,e750d7b8a30a72c041ad3d2240ba5b8922f836abf2,0,1,0.64371026
xgboost,e75ca1ec0e64bdd4ed6d81ae010069707ac75d73e2,0,0,0.15244524
xgboost,e75d77d3cf9110cc88f8e6fe79add2289778de9bd4,1,1,0.64371026
xgboost,e766bf350d0f5fedb68ff5200d389317abc68db9fa,0,0,0.15299495
xgboost,e76ccffcd634fccb6c773e1379bdb7d6977f43bf13,0,0,0.0003183587
xgboost,e76ef1595620066383bf6a94511126c49c0dcfb52e,0,0,0.001108906
xgboost,e77b5a94057a0d2d480249d71c303d537885802631,0,0,0.00042327403
xgboost,e77d6e81fab11018a61fb18a4a14546f323421064e,0,0,0.0009881387
xgboost,e7a1bf773586bab2f31c5bd3cb938aba6858e03167,0,0,0.00042327403
xgboost,e7a364fb6f2714d7343949beca8ad553a96c3e395d,0,0,0.0050011594
xgboost,e7a53495a2f4e4a3d7a22b71807a1cb684f020a612,0,0,0.00086060417
xgboost,e7ac5a99d093ca22180677085fd99321e586fff08d,0,0,0.007891431
xgboost,e7bbad537d064090a4b3e2738c34947b0ae8bb2dbe,0,0,0.001583293
xgboost,e7c5df3f8f41054210f3f14a15d3376878e9051b6c,0,0,0.022123944
xgboost,e7c7cf35390ba07945466eea703879bf12d83bced8,0,0,0.12905295
xgboost,e7cfe74a2fd9d49d90962a474f4ca84d07b3fb11da,0,0,0.0006071794
xgboost,e7cff524053aca74dbffe87533575fbe161772f2d7,0,0,0.0002330163
xgboost,e7e1d8d2f4e22ff7133038a617f899114d81991e54,0,0,0.00034415527
xgboost,e7f19415d3f8df92a02faac3443d149e8712667e40,0,0,0.00030038686
xgboost,e7f50df757d89d8e45a3ce157d798b75cc54ad6056,0,0,0.0006227354
xgboost,e7fa46fb7af2f7b4a30a67e2f031090baffa5a09ad,0,0,0.0010527555
xgboost,e7fb60c3e4b264f329e941fb2c48255dbd11b35452,0,0,0.14127648
xgboost,e8025107494add0f6af13df6d1e78dc64695dea16f,1,1,0.5566283
xgboost,e80350c4303b2d095ef649bc8d8002f2de23dbc547,0,0,0.010306311
xgboost,e80a29abd37ae38bd21f4ed5edf42efb308ed5f178,0,0,0.0003744533
xgboost,e80bd77ec3e727947600748c2f8b848711e7839b8c,0,1,0.6309033
xgboost,e811172c88a4f5bdea90393efce21a83f258e736fd,0,0,0.035440907
xgboost,e81514f1ad918164de4a5bf3922c1d8d9327b44d10,0,0,0.00042573095
xgboost,e8173841ad94ca079700c24b4c4a4772c26bde0ae9,0,0,0.0006486801
xgboost,e82e2c2bcf31523de52755d5f1b8088201b2ed0437,1,1,0.6309033
xgboost,e83c81ebe203d1b90e29b6731c66d9e174cf4a4fad,0,0,0.0003183587
xgboost,e83cc48f5b682f623f7f712086f9c003a77dddb235,0,0,0.00029415396
xgboost,e83fede57fa01d6956aed46b460c413e3ca84693cf,0,0,0.023720916
xgboost,e841f25c8adce3aa25b6b60abcf7d06aebb81d70e4,0,0,0.021266634
xgboost,e84219f7a5766c2084542fd2c2a00bee640a9d2602,0,0,0.00076474703
xgboost,e8644953235631a96fedcb238f160cfb8e209dd97d,0,0,0.0006716701
xgboost,e86ecca385264b9c337226478f8f46707ff13c24ed,0,0,0.034807306
xgboost,e872342459eae455bf277426d42c900d4f3b2ea713,0,0,0.009226136
xgboost,e875b9d4c4bdede136d63c5c4337bc58acea236f1a,0,0,0.00046689593
xgboost,e881640f7cb2337ba0f9c19bffa43905c01c7ee4c3,0,0,0.00022021777
xgboost,e8819e0b288346c5774a5c2a0814d13aa43d12d800,0,0,0.008825426
xgboost,e8851440e368fdbe3e6c17a6d11ecc0d5c83ef173a,0,0,0.0053568543
xgboost,e885dbecb72299166a9ad1ad535537b151ca99bee8,0,0,0.00042327403
xgboost,e88f07b2114cbc27c018838544bdc93c1e5c7eb1b3,0,0,0.006064744
xgboost,e8a26d154ae790a0fb4d1ac4e8ada554aa239f9902,0,0,0.00034415527
xgboost,e8a5ed61c4d75e20407db4305e30990a8c8b3a4ec0,0,0,0.20370762
xgboost,e8a7a98784f8bce1974a52233b740baa17a8f10759,0,0,0.00034415527
xgboost,e8a8c521adcc14255ed25ea01b3602d43b8b1e23bd,0,0,0.00078046566
xgboost,e8a968e757dddf2f51ded117273e08a37839503462,0,0,0.0007948035
xgboost,e8aae3ed0daf0f24582c4fd081d013ff08d92003cc,0,0,0.00086060417
xgboost,e8b2b912f25e874b4b4e1914ead0ecab57070a3180,0,0,0.1394689
xgboost,e8c5deac91c26c101a5ca16248553628159271b7af,0,0,0.029226005
xgboost,e8c5fe0da576e247d87266d3da2957869acf2a4b88,0,0,0.00022021777
xgboost,e8ca9d9c0148fb521c6b971a36da9e79a8019d5c67,0,0,0.00022083636
xgboost,e8cc1926789b45c99c8991785eea26786eed70d8b5,0,0,0.0006071794
xgboost,e8da93eda936fef3b1ec619f8ea7f86ca30535a44d,0,0,0.013393568
xgboost,e8e332e11f0a2ac0ad53008ea7c163b94812003a0c,0,0,0.0014350319
xgboost,e8e7599b5d2e41f76e418e59cb5ecb0b09e302683a,0,0,0.19783552
xgboost,e8e7e6b51680c4e2c6819f88ea70868f932bfcf34e,0,0,0.022560947
xgboost,e8ec27080e76fb6a4701498b503ba8fc6a3493c266,1,1,0.6306547
xgboost,e8f38bd60171aec77372f6f61458588f5f5de3b89d,0,0,0.0003925852
xgboost,e8f64ce4ee15c255ffdd52fe0222a0c7e1fd3ba267,0,0,0.00086060417
xgboost,e8f82fdb97352a183a2eb8396f2df2a689344ef17c,0,0,0.026810737
xgboost,e8fffe36d91a199d4dbc726091647cef55abeecb2f,0,0,0.035440907
xgboost,e9036f0d2c2d64f9513b06ad8e55c943dbd860c059,1,0,0.22801352
xgboost,e90820b1209663eb87b18d7fa479d25fc08af9d130,0,0,0.00037296838
xgboost,e90d93008ef1897c1a1ed9f5739a2110d7fe474e5f,0,0,0.0072072153
xgboost,e90dae8f419c56cc74bb87676dd7267be14191aa7b,0,0,0.00046689593
xgboost,e9227a5f2807522ad8d30f37a2a7190ec6d13ee450,0,0,0.03023339
xgboost,e92cbff57b258af5f3f1e10d46b035d2ed9e8a5fa6,0,0,0.0014972406
xgboost,e9308c7f43b9d42b2852b6865b8e87e2149b4ed27d,0,0,0.0014972406
xgboost,e93e2c2a7c8370f83cce9191d2ac2160af4aa147d2,0,0,0.007815878
xgboost,e943a8171034d74db006468740488b8ac3a20973d1,0,0,0.00022083636
xgboost,e9457349566384ac033cb5fae474f40f7a53c81132,0,0,0.0006486801
xgboost,e94dd5d8a2ac0730fe953dcd1a34d8b5a822ef9bb8,0,0,0.0008583634
xgboost,e952f89d105ccae7e937eebdec9ee570b3735a31b1,0,0,0.0072072153
xgboost,e95528d6206fb1482093b93ad3cd23644aa30b6508,0,0,0.0076226057
xgboost,e96448111f5487031c610a11e6be3f48787d9b7ede,0,0,0.026295189
xgboost,e964e69559f7ae08325d7f3540633d26ab299cf31f,0,0,0.00046689593
xgboost,e967e4496c3c6983504ad233ede0588eadfd492a6c,0,0,0.27309594
xgboost,e96b779aea6eead8a9de964d23d8ebfc105e646dfd,0,0,0.022560947
xgboost,e97162ca35d5e141b9f59eef03797d5b944213796a,0,0,0.00030038686
xgboost,e9733663543392361b128babe9a4d2ecd25bc4da14,0,0,0.00022021777
xgboost,e973f74b7a7cb8d8a80389dc739631ad21ce35fc5a,0,0,0.0010449707
xgboost,e9741b17a920829d67c6ef819f15c0954163e43222,0,0,0.1404787
xgboost,e978f6c27eb538e64b250977d601b25bf08cf012da,0,0,0.00076474703
xgboost,e98582bd09d295b1bdbab02becfe080e03e25c0f8e,0,0,0.0058986996
xgboost,e9861f11a8ce39bb398dabf6a78c904fe0644d6f12,0,0,0.00022021777
xgboost,e994357ebe73fc912f76757481aa8075afb8d2b239,0,0,0.0009429115
xgboost,e99560e92d846aea92d2178d2a11e8ed9c113acc1a,0,0,0.005607715
xgboost,e99ce6c986845a4cdcb3fef48d2123fab46c5f9d4f,0,0,0.0006299072
xgboost,e9a7e2870756773212dfe2433b71ea4b558bd782a1,1,1,0.84386146
xgboost,e9afb17cfe2cac3f43fceb4a768a9b31877b62f7f3,0,0,0.00050622347
xgboost,e9b3f9ed3dbaf5995c8fd8861d80eab8eaa7d896be,0,0,0.0003925852
xgboost,e9bbd93897cd61c2ba5ceeef899d83753048652805,0,0,0.00041254555
xgboost,e9c37830d82700b0419a9e4e385f217e981a88d609,0,0,0.38859802
xgboost,e9cb1c671a5cf807246d67a1fd6045d4ff5bedcad7,1,0,0.00042573095
xgboost,e9d0c7c4eed725f69a57e98518db08de9e5ff50db1,0,0,0.0011728639
xgboost,e9d13168ea59c3bb2f653f27ee6a3e8b3b64dc3745,0,0,0.022123944
xgboost,e9d28664550e97e7b18476646b0c41fd47d6ad18f8,0,0,0.00029415396
xgboost,e9d4fd5a55164b3e1b47034e991d57bbe334a3540f,0,0,0.0006227354
xgboost,e9e6e574b55722f497ed20ab105717c6e88328c645,0,0,0.07681343
xgboost,e9ef8350b076d07f679c5e967606314ad874da23bd,0,0,0.00042573095
xgboost,e9f7656137fca288d02b94f2c8f29f38075aabaff1,0,0,0.023583846
xgboost,e9fd95d1c53222a6c6b4fc689849dcdfdd3af43ed3,0,0,0.03336235
xgboost,ea11362626b180368344f14c36516c4efdbffad000,0,0,0.0039741513
xgboost,ea198108b870048c24b699850bc8b06e92912ee265,0,0,0.0013289296
xgboost,ea20988983009424f8c01e20f5071b83b73ec3788f,0,1,0.64315486
xgboost,ea2109998eabfde0062f145bfd83c119e5f5ad1255,0,0,0.003925084
xgboost,ea2227310ac702c382eb6a32c98ae8cfc32f8c8c50,0,0,0.0003668598
xgboost,ea230e39c11be05d4a3a1d49c3761a6407fe7e5e58,0,0,0.001583293
xgboost,ea2db8108fadfc111a8c9f87e053a0abf27d4520c3,1,1,0.64371026
xgboost,ea2f9abb8946bd435575db81bf365544a69c29aa61,0,0,0.0003668598
xgboost,ea3f8205918356467075d870c8bde3c8fa1188e0c2,0,0,0.023674697
xgboost,ea52eaa08f51a5fc079334cfb5fc7d029103cffc95,0,1,0.76196647
xgboost,ea541c6f6c53a6c633ca24d3830b06cab596ff590e,0,0,0.0006716701
xgboost,ea59de99cc31282edc5cc9b721063685f15e5e79ca,0,0,0.00035953108
xgboost,ea5d270d01cfe3efee81c12eaf34807edd1fc4cf10,0,0,0.0010099511
xgboost,ea69fa733e7c68f651552043b5efcd7e3e3607b216,0,0,0.00046689593
xgboost,ea6adc3893bb11552e28613553f0e0558ef842b134,0,0,0.0053568543
xgboost,ea6f139e5d117baf0fbef7a433c443f3de5cfc1ab2,0,0,0.03861649
xgboost,ea73d662fd3e868cd00d85255d238d6915dd243b71,0,0,0.0009429115
xgboost,ea818f4317be990ac39e598d9feb1980389ca3025c,0,0,0.0011099989
xgboost,ea83831f20e03226fa88d6c204fd86b837b97620ea,0,0,0.0145422
xgboost,ea843b307f06032050f53c7b5f90db04db27a51483,0,0,0.00078046566
xgboost,ea967ee39bd982bf508a8c783351903c5e89065042,0,0,0.0009133837
xgboost,ea9782bee5bc296dd37ae54c3c994724c2e418cabe,0,0,0.029167907
xgboost,ea982ce541b3c99313a43190dd5cc1669e59e9eb20,0,1,0.64371026
xgboost,eaa45138ec9392c658ca14a91f9fd3a3fe0ae24fce,0,0,0.0011099989
xgboost,eab162ddcdb172f058a90935ae513acb073eeeaf95,0,0,0.022936577
xgboost,eab2614e5919c50cd741f1b8e61e079009b0cce71e,0,0,0.0010763843
xgboost,eab40e03146d92132db2943f60f16a2b7d6542adde,0,0,0.12905295
xgboost,eac06bdc50dfb437595da799d43d80afc52d77a726,0,0,0.0068733734
xgboost,eac112897dc08dd1dcfc21a42605a89b7bd6778366,0,0,0.032224238
xgboost,eac4486abe3a53da5dc7280eea760865a7210554d4,0,0,0.00022083636
xgboost,ead2290cf235445b8655d466010ee6a9ae45a8c5d5,0,0,0.00029415396
xgboost,ead26c498012ea3130bada0dd61d67aeeaf50d13ad,0,0,0.0003925852
xgboost,ead5356673fb42c708af5306681160d46b68126201,0,0,0.00096465787
xgboost,eae51fd410347d4ef42ebb64b512240914e8d45d56,0,0,0.0006299072
xgboost,eae8d5ddabba3b95c81e9b972dc40f1f10c2d7ebbc,0,0,0.20158969
xgboost,eaeb03f4e60ff905cc2a13d57f50fab42a679926d4,0,0,0.0003183587
xgboost,eaeeba8dacb04092abdf1854205a56ec03cfea5c05,0,0,0.0003744533
xgboost,eaf5adf72758cce2b75d8bf94a7530ed4d0ddf1186,1,1,0.6306547
xgboost,eafef0f28469e6a92e67870a86a40368356e79a3ad,0,0,0.00034415527
xgboost,eb044c1ad8e634a911e61cfca0c314e57e9d0c2101,0,0,0.00035953108
xgboost,eb0632b3cd546b5da543b086e89a2459330051bc7e,0,0,0.0105177555
xgboost,eb064c20788cbeba2b71532011b6111cd328716c47,0,0,0.111099266
xgboost,eb104d02b3e59a8b07fa9619acf66ef78ac4e3b405,0,0,0.0012723015
xgboost,eb164993f142aec6f07aced7816a51a61d492617fa,0,0,0.0002330163
xgboost,eb17104005a2694f720b6ac9b907816f7ade53e438,0,0,0.0011728639
xgboost,eb1c29c5f6ee30d759875b819ca72d868a7a507187,0,0,0.008142038
xgboost,eb202daa17f95dff707605ab2c3c52a52148511dad,1,1,0.64371026
xgboost,eb2aa91628d8a18623383bd235a49c054ed11d3832,0,0,0.009873061
xgboost,eb363f65537541f1038c3df7096c089aa4f1baf7a5,0,0,0.026038293
xgboost,eb37c689b973c85cc2ebc04ee4978caa187e0bd432,0,0,0.03925821
xgboost,eb401a5de8226013a1a899a3031d059f3aacc380ba,0,0,0.03669534
xgboost,eb4cb20b3c508bc8725ac7704c3978322f071abb25,0,0,0.0003744533
xgboost,eb4d38fb08d9e5823cdb0b89f4ff69f5d7304928dd,0,0,0.011176175
xgboost,eb4d9593411acd8b294d6c4dfda248bf0751c0dbce,0,0,0.0006227354
xgboost,eb5e9806c0321490c01ba404acf3ff62647443c840,0,0,0.008825426
xgboost,eb614b1b9cdebe56ecfdddb66c3c9daf735abf6800,0,0,0.00034415527
xgboost,eb63d068333bf637c3665296774455984278df7aac,0,0,0.00037296838
xgboost,eb671d6f196186b26ce80db04c82eaf23bdf847377,0,0,0.00042573095
xgboost,eb67a28395e8e79db83506a7fd6a937d18ba84d57a,1,0,0.24505952
xgboost,eb7e6f53e17896a7eb7019cc5c6be742fdf1d8e048,0,0,0.048198212
xgboost,eb92e01cea6af5c24c07e3f02ccfd884a20d187893,0,0,0.019841658
xgboost,eb944eff8ac6f272aeee9d2149fb81afe37acdb42e,0,0,0.00037807395
xgboost,eb950535dbc2ed68255397164b28b7bfc16319330d,0,0,0.0006716701
xgboost,eb997540636d7769b51951c26cc3f7bccb6ab4dc77,0,0,0.0075805914
xgboost,eb9b62814f071f204a96a8a836852f17e870541c52,1,0,0.036837205
xgboost,eba0750c6206a5b5b120f30ec4c00318fb7194bb43,0,0,0.0003925852
xgboost,ebade6ec2194cad2c65663088d295904cf68899399,0,0,0.0010080602
xgboost,ebb52640d728e6f3c1a4a845e721e9b1e7b206f751,0,0,0.007891431
xgboost,ebb5376e54fa2f65090693f211dfd61c68d668f55e,0,0,0.00037807395
xgboost,ebb7c2f39603dbf69a1953b78fcb2f9b097fd18752,0,0,0.09457625
xgboost,ebb94882424f629d1011586b6b0cf321119e5d2cf6,1,1,0.6309033
xgboost,ebb9e9fea2e18f92e422a964905c576aecc3c8705f,0,0,0.00078046566
xgboost,ebba90cb35a8703037e61d50cef9f39832f718fd8f,0,0,0.0010099511
xgboost,ebc60b9c70b0e81491d34e6c9bce3b745396b002ec,0,0,0.0003043416
xgboost,ebd16e7964efdb7f2d57c42d0e79db1de890241e2a,0,0,0.10867284
xgboost,ebd497e587864cd96574bc36779e81bd3ba5390a71,0,0,0.24505952
xgboost,ebd6187f32d3c0b99a454ff9d31b00fc8ffab978be,0,0,0.0003183587
xgboost,ebd62d02907cb4d1be644e2780688c8f219d445a74,0,0,0.0006299072
xgboost,ebdb92afa08faffeab80c7f66d357ce3ffb01074bd,0,0,0.008825426
xgboost,ebe34bd372e05224ec9ea55655664a77a535a22462,1,0,0.14127648
xgboost,ebe38df2ae16c26cf9bf53554ea73f89993f6a0499,0,0,0.0013289296
xgboost,ebe4f55b9cd46e17052bfea05f5037e4fe07221f9e,0,1,0.65877914
xgboost,ebf9014ba217704db7880ba9485e67c46afb39ee6d,0,0,0.1344866
xgboost,ebfc3687be77db668c0c382a1608fef87a1b48ebdf,0,0,0.0010099511
xgboost,ebfc40a248b429ff7accafbb237dc20fd571815f3e,0,0,0.005197153
xgboost,ebfe9b8b0f09424b7695400705ab7074a6239bf72e,0,0,0.0008583634
xgboost,ec0505f10193512fd49ef67c4763d458e5d05a5d27,0,0,0.033325363
xgboost,ec0825f0c4fa0ab1589e26b28bf7358c26893ecee0,0,0,0.00063679816
xgboost,ec0948be092ab23425b6ac5072c25ce510fef9df7e,0,0,0.00030038686
xgboost,ec0fd9fda18619792c2cf61a004e3282a036bfa61e,0,0,0.00030038686
xgboost,ec113b4d99ae6f95bb8bab7ae2d7c17ca513aa6c10,0,0,0.0053568543
xgboost,ec136d6da5936d77fe6324956abe5823c4184654f2,0,0,0.0006227354
xgboost,ec156691f64569331476a20b01f8f1b99b612232a7,0,0,0.00947048
xgboost,ec1f35583cd5ff43897c76cc28d006ca93056ee071,0,0,0.0014350319
xgboost,ec2026c66c4062144b5c09cb622e6843191c61afa1,0,0,0.26536474
xgboost,ec22f4e40c561579f40176ac58b90df0d274fc68eb,0,0,0.030311272
xgboost,ec235106df58e27b4c9a75d91386e43353f46c8f44,0,0,0.0006486801
xgboost,ec2bdda27ddbb3610118870e1d5597a76f4480f656,0,0,0.00037296838
xgboost,ec2bf21fbfdc65fb3968811fc89aa75acafd6bc9fc,0,0,0.0082098525
xgboost,ec2d6cb6e6b6c0414dbc0e3f5701a2c8dedcd9d20a,0,0,0.00022021777
xgboost,ec321c77c2ba88dd87e6742fc40014de45d43f274b,0,0,0.00035953108
xgboost,ec34361dafb3ab04fc6a996731bde82efa42cee8b9,0,0,0.00035953108
xgboost,ec3d2723daffbd46528bda66d3fa89f8cdc4d4b5dd,0,0,0.008981103
xgboost,ec4b92034df997df4ffeadc2df5cf75c9acfbc468b,0,0,0.0003744533
xgboost,ec5123faa9e98cc327f89c80057d6272b22406f953,0,0,0.0011099989
xgboost,ec5b0634787e504c1226eb393d70294e6e0490beb4,0,0,0.00030038686
xgboost,ec6132a2e1fde2137bda9b370992ae02e7c58bf35e,0,0,0.00903454
xgboost,ec64d24c25bd9bfd90df40a1caf9a955994f53a2a9,0,0,0.0009133837
xgboost,ec6bbfe0ef2860f2c55fcc3272ba12197f349979ec,0,0,0.00063679816
xgboost,ec757c2171f4aa02e5dc5cf5b6c7014acd54ca68f5,0,0,0.0012723015
xgboost,ec78bb83a7d9f006b00d855264c36e2564649a7e20,0,0,0.03925821
xgboost,ec7ed42c387851356240a93cb176c5b5d38de24777,0,0,0.0006227354
xgboost,ec8440ab99e0f414d4b6070f36a1ece072a52a7f10,0,0,0.017295288
xgboost,ec8a4de1f4e61204b1a0659122f0c6fb47543547c6,1,0,0.07525418
xgboost,ec8b5aef4951095475149020745de0176b181dd56e,0,0,0.00034415527
xgboost,ec8ba00e660fe08ccf7188cfc9dc93ee1ed5a70b23,0,0,0.00046689593
xgboost,ec8e2446c68b35f1a3efda5b9dccdec93ea1fcf26d,0,0,0.0006071794
xgboost,ec97a75e5d7a19aef43be33754441f5a0afeed0fd0,0,0,0.00030038686
xgboost,ec9b2c8c2400ae5e2ae1ade3ccee3feecaede3b708,0,0,0.0003183587
xgboost,eca2079b2c63f25a317ccdc3e11fe9ef1fc6c04301,0,0,0.27309594
xgboost,eca4fda4ffcdce355040ab826abed4b02e2a486a32,0,0,0.028438905
xgboost,ecb95bcb15b6d4480d787f0f15a159060bfc8dd84c,0,0,0.021064816
xgboost,ecbd74ca20b57c6e57c83578a84d1b927c3de99f14,0,0,0.00046689593
xgboost,ecbdd0cb91ff4d7bafeaa580335ad9e8698c8772a2,1,1,0.64371026
xgboost,ecc01fc1f17cd91caba2d8f24b0883db22c2a59a27,0,0,0.00029415396
xgboost,ecd4728a6bc5f1eba0bdaedeb33e530c5dfe1bf965,0,0,0.03925821
xgboost,ecd628b67f07be2ca268d008a32d572d661896b8e7,0,0,0.0010527555
xgboost,ecd8790448195abf192b34d2108f4ad1913fd5e647,0,0,0.0002330163
xgboost,ecd88af2f8b3326a95ac9b65cebf7c56a60b13acfb,0,0,0.001583293
xgboost,ecd9dac2c8a7e210a73e7357d9f3d8737c990b5931,0,0,0.0022030366
xgboost,ecda93058fcdad643777074bb1ea4aa15fa45ab41e,0,0,0.00063679816
xgboost,ece7cfc30e8350a69d1cb7deddc76670e1863019d7,0,0,0.130111
xgboost,ece8ea57c13ec194c84afb67ef007537f1fd2a5a61,0,0,0.001108906
xgboost,ececaee008fb2038a46dc9d2b09f8a60dbd6eba974,0,0,0.24505952
xgboost,ecf3b8d0f9fcc46799af7e76ea11052aac10ac05d9,0,0,0.008825426
xgboost,ecf3e2a39368d96de0514dec1f9dc309f91a1d0000,0,0,0.035440907
xgboost,ecf7527693b3d88a9eecae343bad0f1f6871b6a4b1,0,0,0.0007948035
xgboost,ecfa70ac99864c15bb624c4b483dcfa62fdb496819,0,0,0.014183076
xgboost,ecfbe9769b8b545b43e1b40f45c48ade1a0727c26c,0,0,0.0002330163
xgboost,ecfd4e6ba08dc22ad2cecb40498c30cd2339dac866,0,0,0.19171093
xgboost,ecfe8f1ecae58a678e01b85b06763bc08f3f9e9dad,0,0,0.18918733
xgboost,ed10f6e540a806cea487460d66e2237a5170e06721,0,0,0.0014350319
xgboost,ed1927b069c5cf651986470647c1bf538db127c058,0,0,0.015226283
xgboost,ed1e4d1d5c3b579c1b519adf57361d5535dd927b49,0,0,0.0003744533
xgboost,ed1f29d5559971f312142b40123a89f227d8768842,0,1,0.65877914
xgboost,ed2da0e78eabcee75bb79915fac9494a1a047d0f72,0,0,0.0072853104
xgboost,ed33662c490cc7470c566914329eec783b81c1866d,0,0,0.0002330163
xgboost,ed4881c88d0af84717827f8ab101cad14cab35ddef,0,0,0.20370762
xgboost,ed4d0a2407902321eb3a5573a43f01184a3b126480,0,0,0.059063297
xgboost,ed4d1e085209957cc0bf5d50d92bd2f95a1d74b71c,0,0,0.0002330163
xgboost,ed55ba13d95b0870eb23975247b2bf41737382c7ff,0,0,0.005197153
xgboost,ed5b47f834fa8cfd1c9dcfabcc12a36f60a3ced5b1,0,0,0.014169116
xgboost,ed5bb4f404a5929aac19170b46b10775c9115c407b,0,0,0.0006486801
xgboost,ed6510731c58eb8461183197325b7bc51eccdb59fa,0,0,0.0007948035
xgboost,ed6f1f6c8575db3ea0ad208e8852a39d532ceeb522,0,0,0.021266634
xgboost,ed775f4db836a5ba0afc6b7e25421f936fcffda530,0,0,0.0079541085
xgboost,ed81331b7c3da09e4445b45b9d2db343b8fcf392d9,0,0,0.00029415396
xgboost,ed86c5125bae03764325612d87b0af866468ac117c,0,0,0.00035953108
xgboost,ed8968660422ef59350ce2a9325a309d57a47f388a,0,0,0.0003183587
xgboost,ed8ae85ea65472a6ae94b52314ed59648dac7da961,0,0,0.00042327403
xgboost,ed8b17bbc7603bae389f885d1fa9ffdf1f9deb8759,0,0,0.00046689593
xgboost,ed907a821d854dc2ab55bb11df78713aad2fcd93c6,0,0,0.0009429115
xgboost,ed92ecaf67b051063ab6b09e3947b8a524adb255c5,0,0,0.026810737
xgboost,ed9eb20b8c690420358f2022253976abef37afe9ee,0,0,0.0006071794
xgboost,eda04ba6c216623409b89feef6599c921af4c96537,0,0,0.15299495
xgboost,eda40fa78491ad1417a66d16a49cdb58685d91d2a2,0,0,0.032384146
xgboost,eda77c0269bf82de8d5ec1cf585795dfee4961484c,0,0,0.008981103
xgboost,edb2c651f4274fa3e829fd9917333f6bfcf6a6e224,0,0,0.0010099511
xgboost,edb92d74b3812e31c98bb40cc91595cf6c00c49a36,0,0,0.055328384
xgboost,edc161f575f6abf52f517c99490beb433d4212e0fa,0,0,0.0022030366
xgboost,edd4dc8a73cf41be6146426d46f5c1f1097f8349f9,0,0,0.00050622347
xgboost,edd54091f758ddce7a398280ed2fa1e13c5f0da60c,0,0,0.0067931744
xgboost,edda2eaa9c855d81755791de0324eeeb624751ea1b,0,0,0.0003668598
xgboost,eddb16d0465e3b5b5bcd7b22bf67cec17669e7a877,0,0,0.0011099989
xgboost,ede535d0d376a045ecb42ec8932c286b2c9eea5365,0,0,0.0006227354
xgboost,edfb2b749259d6720b06869a2e4acd895fb764079e,0,0,0.045225002
xgboost,edffba0fc32863aef26744ba4f6d22709d2074b063,0,0,0.0047180536
xgboost,ee009e2a0cb1b69a45da6de25be638f175fc93421c,0,0,0.020044776
xgboost,ee05f27472841d8ae46b15c92649db2f73614366c5,0,0,0.0010099511
xgboost,ee0b4662ccdd743f248b39bc877e7e6ef58abb703d,0,0,0.036776703
xgboost,ee0cc32a1b89eb561d0104e8859402834ed9e00fe8,0,0,0.032567263
xgboost,ee114ba764f0bd33445ebea67ef55de0165db27670,0,0,0.27309594
xgboost,ee14158e1a115802c7942774b6591b07319abb547b,0,0,0.00029415396
xgboost,ee1b5f2d161deda7833087616afb76f6dc9d2c1ed3,0,0,0.0003744533
xgboost,ee1d3964565959c3065498b4a192e1253e1d47dcde,0,0,0.00041254555
xgboost,ee23c58f0c4799b59ac8b871a84b29d92fde55df83,1,1,0.5566283
xgboost,ee3120bdda24240d90e2ca63df627a38e9b064d4a6,1,0,0.27309594
xgboost,ee3adad23e9933ed06b44f78c58aa3b9088ae358fa,0,0,0.02823384
xgboost,ee3c6f405965f39ee6c757d3fd1ef96e95eb0a97ae,0,0,0.00030038686
xgboost,ee4561db54222597d95f691a3df40c2272891a3354,0,0,0.1023795
xgboost,ee5d69b934336310e6242a9f683ce77bc5f57c7577,0,0,0.15815671
xgboost,ee5e9d9cfc39bdde7fc95a87e16218ef676fbc7b55,0,0,0.0003668598
xgboost,ee5ecfe85b1b04781988a72db794f9db790c8dc487,0,0,0.111099266
xgboost,ee60d023a7a24becc7e0b5700093a628e57bbc9b89,0,0,0.0002330163
xgboost,ee6398cdb7c9b72356be1756d938fb72542f93fe57,0,0,0.0006227354
xgboost,ee6ccc90c3b7daa8e8c55f6339ef7c1c19f3db8a59,0,0,0.0007948035
xgboost,ee775d927ce9cef0a5a9bc30280f17163a62e40708,0,0,0.00034415527
xgboost,ee7f7adea4cfae70e81f09b1623d0f14b805cfd5bf,0,0,0.0720398
xgboost,ee8067a6969b2490e033c2a891b98d99301dbe8abd,0,0,0.00029415396
xgboost,ee83b2f5b6700d0d47c3764c6614c0d9fe8706e4d2,0,0,0.00947048
xgboost,ee8435b57904d56e035d2e18b8229cf577b93bdc52,0,0,0.0006716701
xgboost,ee8a3ca4640f72215f5b57ac545bfd9a454b2622ec,0,0,0.00034415527
xgboost,ee8c3e320b291cb305fd5b9462668d4a3c5d795022,0,0,0.00034415527
xgboost,ee8ee72bd93d1a8fb4c21d3a81e5c413fdda88c4c9,0,0,0.10463009
xgboost,ee96091dd8f731826e2f6b92a295f17088cf86b43b,0,0,0.0007948035
xgboost,ee977e2c0ac86b220a8a45edaf89e7794d237d99bb,0,0,0.0011728639
xgboost,ee97d4a9a003fe63372dff717fc87b111bff0b2dcd,0,0,0.00034415527
xgboost,ee9a005b373a87d17beac9942f47bfb9785cc8cb62,0,0,0.00094434194
xgboost,eeae20dd7c343f9c52b7ad24958e2b93db5e321523,0,0,0.2046597
xgboost,eeafc5da449bbf5a9ec6bb6325462e9a3dddebebbf,0,0,0.013926448
xgboost,eebf681ea0bb458f9e6210f3b0c4d5380466440853,0,0,0.22801352
xgboost,eec339d5e18439a5d8a45d6e997e6c638dabe979e3,0,0,0.023674697
xgboost,eec82765d779cb614b7cfd48945616e891f24af19b,0,0,0.0010527555
xgboost,eecb774a9efab77383bc99a774d0c7cdfbd593b447,0,0,0.00042573095
xgboost,eed220aae4d1c015a51ebb19a07b853994cd4ea430,0,1,0.6309033
xgboost,eed30c701cdcd2fa8d785aa7fd23d7c0256f051493,0,0,0.03925821
xgboost,eed7ebae6653db666427f7a0c98dc055e8c21b306a,0,0,0.0081455745
xgboost,eedbd374263307dc803045df1028046516f3acab34,0,0,0.077959366
xgboost,eee56c23fae1f5d71cc337f45ee313a397bdfb7d05,0,0,0.00029415396
xgboost,eeed40ed9b9f4ed1a99fe643b13261a3f85470742b,0,0,0.0002330163
xgboost,eeef7fea50101a892841e6a9aeba422178e7c3d964,0,0,0.00037807395
xgboost,eef292c533ea187ee4b4455e049d386b0a5083f508,0,0,0.00034415527
xgboost,eefaf38f71647477d2a967880f64049a82439238a5,0,0,0.0003183587
xgboost,eefdd3a4492bcf8c43f631a71bce6e48949f0a0dc3,0,0,0.0006486801
xgboost,ef0359edd9aa3d14fb1a42dbf2d1136209d6c1c28f,0,0,0.00034415527
xgboost,ef0e531bb1ba0e3bcb03b47dcd13e634806307d093,0,0,0.014169116
xgboost,ef1eafe14987dc60ba55b9507504b73ced662807ab,1,0,0.111511186
xgboost,ef2db0bc99a325b30a5c5b147850f4435f47fb68bf,0,0,0.014936938
xgboost,ef2f72da5c92d6f087c69a2ed4fdf40f65a0682c3c,0,0,0.00022021777
xgboost,ef378379a5d0ed92bf1d842f4241773f4406f28b7f,0,0,0.2046597
xgboost,ef3eeae6f7e07a795ce17d6aa54be642e4500f990d,0,0,0.0014350319
xgboost,ef55ff4099b179fe0532b121ebea155105f8db59a7,0,0,0.022936577
xgboost,ef5756ba9a4950876c40dd209f2a24190971aae118,0,0,0.032567263
xgboost,ef5fccc297b5b1924d0bcc61d5682c8e41ee50d7a5,0,0,0.00037807395
xgboost,ef69051cf51d2f3f0cd59d4ec922d0c51e371ba6d9,0,0,0.0003668598
xgboost,ef6a3df0cba1fe042a4500cffde1b5d23baaf92976,0,0,0.002365846
xgboost,ef765bf52d21ac06136b209171a380d0bb2d6f7ef0,0,0,0.0011728639
xgboost,ef798b69266f5b2243ea22f1e26350d87760f7ded7,0,0,0.00042573095
xgboost,ef7d700eebaf551dc22e74ac3cc655e89b9135ed23,0,0,0.0079541085
xgboost,ef80f696270546a0ecf9c4fcc9cc8fbf5e98d03698,0,0,0.00042327403
xgboost,ef8110bb5102294c92137aa2ed11bd84d27213f2f3,0,0,0.02379403
xgboost,ef81136f7b8cf594624779e36d7d7a7f2de944b1f8,1,1,0.65877914
xgboost,ef8778ba6da9286c676740d73ab8b6b36bc06d19f3,0,0,0.0006227354
xgboost,ef8f5da70c60176f6acb7cb6994fd838f42e8645b7,0,0,0.007452481
xgboost,ef8fa3ba0d86ca324188448738897da65b87391fec,0,0,0.00034415527
xgboost,ef931fb3c40c8ff98e55b83e1ef5107a8a36d76225,0,0,0.20370762
xgboost,ef96df6410c58ae3782ccf03832f82a8b2a2659ba2,0,0,0.062109012
xgboost,ef99b3f91bc31462a37a1fbddeddecc843b48edc95,0,0,0.032415178
xgboost,ef9be40cb55bddbbdf309e3e49aacea1255f8589ff,0,0,0.00034415527
xgboost,efa32505f27d789b3db1fc5f595e51bd8d7aabe799,0,0,0.16246068
xgboost,efa54495e5334669f6efec3ff030f3e35972e03e0e,0,0,0.051092885
xgboost,efa64558e1f6271725301a1ba523e523f555fe71ae,0,0,0.00034415527
xgboost,efb143421efc8b91813c422020c2bdec9c10e97835,0,0,0.00034415527
xgboost,efdc73904bded1d12b91c60ec3031fd4100ccafcc8,0,0,0.10867284
xgboost,efde497781ae7ec8b9102a24e11120600094e905f2,0,0,0.0003183587
xgboost,eff65a022d8d1516d45332ade200b31cc2f9397b48,0,0,0.00037296838
xgboost,f002f9e44d92a6732d659e5ca8c973a2572b8452e3,0,0,0.0002330163
xgboost,f005a4c95a1a594cdfa6244fdfcd34f95fecc14b08,0,0,0.00030038686
xgboost,f00f84a9bf8838ba3ad8f5e92e1921cf04599ad6d9,0,0,0.034684643
xgboost,f0118b90bf9b527f7e1ac583d374ed21bad60ba234,0,0,0.0003744533
xgboost,f01e45fcf1180896db74a168e3b59dd299c209de8d,0,0,0.005607715
xgboost,f0245a641436bf8f37fefdc9c88929fe36db8fea1b,0,0,0.009873061
xgboost,f02539fdc85f882ddac20b2aa000afc59e4ac56bb7,0,0,0.03925821
xgboost,f028dd62f9774ceeacf1c1a930f524b529338c2c0a,0,0,0.0002330163
xgboost,f02c00d2ae65dcf6b4b010b1111b11ab7916c5c965,0,0,0.028160574
xgboost,f0326aed1a8c35ba745632f6bc99ed3ce22ee55441,0,0,0.00034415527
xgboost,f0332b97c4e9f5c585632d6f827763dc4dabef41b7,1,1,0.76196647
xgboost,f03c8ebd9b9fd1fd22b7b7ff1eef9c07ee605fa58c,0,0,0.14665343
xgboost,f03eec24cbc1007485b57e1af95fe19cb955f9b0d2,0,0,0.03861649
xgboost,f0425daedb9f362c42bc9aed1a57a6260f5d7c3873,0,0,0.0019530896
xgboost,f04a3075c2bb7f15bfb8120be47e9c200426196873,0,0,0.0075805914
xgboost,f04a6f1a32af3ccad24939ef6afc67c3b0a22a515b,0,0,0.00029415396
xgboost,f0612aec932a9fd30207f2cd40560c41b4375854e0,0,0,0.034807306
xgboost,f0718e223d440caa30177fd321a6616b2909204090,0,0,0.007452481
xgboost,f0729c9c662f5eb90da646cc95907f6ea2ca8f6006,0,0,0.0042175283
xgboost,f079756e30685b083315790bdf4f0632e663a892c5,0,0,0.00063679816
xgboost,f084d7cfdadbbce9cfc39e24b651c2b199b0d617ae,0,0,0.019465642
xgboost,f08d53630d480642cdc1ff05ec436bbd645e29a93c,0,0,0.023720916
xgboost,f091f49a931e9eb844efb04f6dcd729561f3ff56ff,0,0,0.00029415396
xgboost,f09b330a2fd15262bbb05705a5f54fed76efddb5a9,0,0,0.15264633
xgboost,f09b868f7d61d87e3dae0fee761eb75b68c2cb95b5,0,0,0.0003183587
xgboost,f09cbf8de5effade04cdcabdedf667173bd041ab1a,0,0,0.023674697
xgboost,f0a22c25a3c46624720ed3b5785a31e3217c5342dc,0,0,0.0002330163
xgboost,f0accd94a7a419098914844d155807fbbd99892488,0,0,0.23849966
xgboost,f0ae1c5f5774c37a10346aa9df9f1f887abf7330f9,0,0,0.00037296838
xgboost,f0b31e06ec56a42d6028b43b680036f4dc94edb3c7,0,0,0.0011099989
xgboost,f0b8719f36448ad785df17e68053347c273d695857,0,0,0.0002330163
xgboost,f0b93f47f718dfeb826954baba4f64cf5e96a4fac9,0,0,0.008825426
xgboost,f0ba9d2260bbd374411ac1fa456bcdf8043782dbf6,0,0,0.021266634
xgboost,f0bc15bd328f4e35ab2103d717a2412cfa099f019c,0,0,0.032384146
xgboost,f0c602434c048a0aa7264f44ca0b2a7b80410516fb,0,1,0.6309033
xgboost,f0c7e0dc53da708cfd265bd977a7f18c2f2d7bd71e,0,0,0.0006299072
xgboost,f0dcefe250fb2404d4836487c36454715041deb4b2,0,0,0.011111367
xgboost,f0e7b6d5c5ae123d291a37e3a2f7f4ec2daf4ed74a,0,0,0.38859802
xgboost,f0ead1af7f5ad677a8c562a5c5529d73ee104ea479,0,0,0.00042573095
xgboost,f0eb3d6d3ffe89019f8396df4adda55be841842989,0,0,0.19171093
xgboost,f0eca10dfeb35c04ca5cc5b4131ec9316ce388cdba,0,0,0.007642062
xgboost,f0ee1bb926c450febdbe18b28ffc607b8d793ee4d7,0,0,0.00074442895
xgboost,f0eff47afdddb9051988239ea562926300f85c1a59,0,0,0.00030038686
xgboost,f10535655b7f9ef7a0d91dc82afd280180b2e7287e,0,0,0.00029415396
xgboost,f10813b5606eecb3e926ff270af9348bd3df579121,0,0,0.0002330163
xgboost,f110fab61a72167f56cecca2439bcf0acbe0cca260,0,0,0.0006486801
xgboost,f1169127ea3255cca00cbd4ee29bee852a63874af6,0,1,0.76196647
xgboost,f1181f97f20babdae72497cba9315ceffdaf34ef57,0,0,0.00029415396
xgboost,f11b3b9273b255a218bddcc910a0f73b086344400d,0,0,0.00022083636
xgboost,f12e339b297d105c24dd4c94226cac7818c7ec7faf,0,0,0.034807306
xgboost,f137bd0b9450f484b658553021e3c7e3ac9e62ecb9,0,0,0.00034415527
xgboost,f1384fcdbb312a7c19000071d5a965f20fee6c519f,0,0,0.0071041905
xgboost,f13c997374316b3b033d464cbfe736c70791340245,1,1,0.6309033
xgboost,f1428337470148b65f14a3f73b511de5217deefb48,0,0,0.036747593
xgboost,f1449a91bab5158c7cd0fa908d8506f6484c020d1c,0,0,0.00029415396
xgboost,f148490882c5b0578e722f7c3678d80bebe320bb59,0,0,0.0006227354
xgboost,f14ef2f8abad012e92bc892673762e69bd5f7fa1f9,0,0,0.029226005
xgboost,f14ff1bff49a98739536508b029279482c2573dd66,0,0,0.0003744533
xgboost,f1550c9c93df60ca18bcc08cd07c201f6dda9537a5,0,0,0.00022021777
xgboost,f15835fd7abd4194717cdf08cd3f0c81b87084b32a,0,0,0.032384146
xgboost,f16a5d0e1095150b32bbca5d29a6ca3d884d466cce,0,0,0.0003183587
xgboost,f16d9e04c28d488da3d5acd0b64918cd04cd70d8bb,0,0,0.1344866
xgboost,f17ae4a9ceb6db27563597562d6f057158b8e0a75e,1,1,0.8254233
xgboost,f188477dea4b0fb531904c55c927cc54f53f3e12d2,0,0,0.00062770204
xgboost,f1887caf0b5a491bf11486cf370268ac5cf634d285,1,0,0.27309594
xgboost,f18c5f3aaf5a4ea63a5c9ec4a3e19f77469541c31e,0,0,0.00034415527
xgboost,f198b0ff060ab8d19f3c24ff5895cd5df562770d60,1,1,0.64315486
xgboost,f19a1a39846495d2cf3d3b34ec25ce22b0b7abe82a,0,0,0.27309594
xgboost,f1a9676fbcde5b3741b759d6f2038fcb415a42b999,0,0,0.07681343
xgboost,f1af69ae887b26d4810b95ddbeb24794ed9b9ff903,0,0,0.00063679816
xgboost,f1b33d5782146032d3c4b4de9177a681e8812f9c0e,0,0,0.0003183587
xgboost,f1bb781c80fec695335dc39382dd5432bc1da6e41e,0,0,0.00029415396
xgboost,f1be23f5910ecba673915c36157486437a27875328,0,0,0.00037807395
xgboost,f1bfb11512fcfbc83db8c6a0954899a7b3fdcedfed,0,0,0.00030038686
xgboost,f1ca8b3096dc88e91eadc885d3314a7567f2ffaa0d,0,0,0.029794568
xgboost,f1d051d11490887c902984167dad5155e3745c02a9,0,0,0.0010099511
xgboost,f1ddd7fef101f473a33f000945ae6abfb1f6bdb552,1,1,0.6306547
xgboost,f1e03f6ce22c1512c8caef77342b6b9552ead75d89,0,0,0.00044057542
xgboost,f1e489ba89cd1b79a499b27b330120d66662c796a8,0,0,0.22801352
xgboost,f1ecc210c176db051a8e9fc55830f55df525b3312d,1,0,0.055719044
xgboost,f1efcaf76e159b036f41c5663f48562e30fb011ea1,0,0,0.00034415527
xgboost,f1f8c1a445b92124d16e4e8582b91f7f0b3c92e81e,1,0,0.1394689
xgboost,f1f9e7d94468743c443604bbb14c2997dbdaa8cda9,0,0,0.00029415396
xgboost,f1fae8e74d47f0cc061cebcd877545f8e4fc4e3372,0,0,0.0081455745
xgboost,f1ffd65a8412d9ada0a3ddd3c416bb0ac66804e37d,1,1,0.6309033
xgboost,f20448712576e3371dd7132641125dd588a82f7af8,0,0,0.00057926105
xgboost,f2072d1262ad3310fc784838f38178db1be69147ac,0,0,0.0002330163
xgboost,f20d632ea4d5ce40964dadd22e4679ce1d0f99c1eb,0,0,0.0082098525
xgboost,f210037e594f39571836df338d7f5305dd9e904b0e,0,0,0.003925084
xgboost,f2133e596de07ddb80ea6602cee17c3bd1bd801cd8,0,0,0.00037807395
xgboost,f22440aebf7b1af03d5dcd83f4f8cc1369f1b66a8c,0,0,0.0012346779
xgboost,f22c1e515709c8b41dca4688045dfd36f39518cd0d,0,0,0.0039741513
xgboost,f23442f2d73b082e580f52d3fc2d0984ad3c294817,0,0,0.0022030366
xgboost,f23ab23f1eed9af5c743a2b854a5352527f6de9a2a,0,0,0.020047948
xgboost,f23ab2f654febe1e7cdf3c23dca0fa3cef48e5f151,1,0,0.14156424
xgboost,f23fe2fa8f1f03e77a5e9c2ddeecda1cf6585691f8,0,0,0.15299495
xgboost,f25294895f7a3568f125a69d4e353e9691a91fdddc,0,0,0.0013066181
xgboost,f259ff80c589d365007172b3c3279e6e40bf0d54ed,0,0,0.00034415527
xgboost,f2656716cbde99ac1006907f338bfbc0af1d4d92e1,0,0,0.0009881387
xgboost,f26622375b4b6b421d6073b79a65fbe18bd8b70955,0,0,0.00030038686
xgboost,f2769ebb644b569d2e0977baa76a3e8c8fcc765170,0,0,0.0010763843
xgboost,f27d224943e408fac82deeb6cc03c7b48049c39fb5,0,0,0.00034415527
xgboost,f28002af69d05767258590e19abbd379ddddd273e4,0,0,0.0006227354
xgboost,f283761cdf9e6737cafdba36d905d0b6a0928f5242,0,0,0.009226136
xgboost,f2850f72b85863d7ca451f338d7bcc8d3ec709bafa,0,0,0.026810737
xgboost,f28b15a8c6f8faa047107596abe19705b2d1aca1c1,0,0,0.0003925852
xgboost,f28f4d952ec8674f591e24b73d14faa9716b758aa6,0,0,0.00029415396
xgboost,f299ac5f0343e1347d3f7115db06a0d94f521eb69c,0,0,0.013926448
xgboost,f2ac6af12424e15f2724e85a022907e58ab7639419,0,0,0.00034415527
xgboost,f2b8f6c5ce2619889c6b65b5864447a38cf28be303,0,0,0.00022021777
xgboost,f2c2e7f5b7f2c17d87fa79b6695fef17ed808fa03d,0,0,0.025427664
xgboost,f2d23d8de180ecd0604abf2c9f89e98c0ebff1e09b,0,0,0.0014350319
xgboost,f2d5a21d03295402a0a5c4404ea157776fdfd4c0f2,0,0,0.09642085
xgboost,f2dac72f576af1b6712c6e17242ff05e758b30596f,0,0,0.022123944
xgboost,f2dcb10802d6f294313846c9bca985f8ec13afe086,0,0,0.0105177555
xgboost,f2dd147469a1753dbe647a530e289b1b5c5bf61342,0,0,0.00042573095
xgboost,f2e343a807b5d8ecb8cb4be4437bf8a589c82be17f,0,0,0.00030038686
xgboost,f2f056c56bf50db5e4f2d538d96c18990104a160b9,0,0,0.00042573095
xgboost,f2f4870e346f8c7e5efe7a13dec2fbd14cc1b23a3a,1,0,0.2611296
xgboost,f2f9be04928ec3bd30ea94f65ca4baf45f24938c7a,0,0,0.0072072153
xgboost,f2fda5d21d2de71937a39a4107b110032764c9b225,1,0,0.033424415
xgboost,f3074b1ef71edf32b88f7abfd87e18415a785be45c,0,0,0.022936577
xgboost,f308c5a386cfcf75c47aa01832a0a2091b77bfb2fd,0,0,0.00037296838
xgboost,f30ca7b1923d40988a4feec18b581def443464ea78,0,0,0.0006071794
xgboost,f317b8b8625cd04971194a83cae1b367bb0517ac44,0,0,0.0002330163
xgboost,f329ca7773258370d6150169c960f9de87189f20ad,0,0,0.00034415527
xgboost,f33313991be6bd46388bfb7f30efdd2798f14dc647,0,0,0.00037296838
xgboost,f33a0f0d31df51dc0f2c74be2b2b4706fa9845d0b2,0,0,0.0009133837
xgboost,f33e336e2651ad43a7da2be0dd5342ad7a6efda378,0,0,0.00086060417
xgboost,f3422a6d2da803a9a9898c444ddc6c01ea63e32c75,0,0,0.021266634
xgboost,f347a97c92494604ffc236226d858e781d57a0f227,0,0,0.02976992
xgboost,f34a91dd7529d7bced935873ef168df8910b8c8e7a,1,0,0.22801352
xgboost,f34db763eb17854aa838a54332e95826a43739fa7e,0,0,0.0013066181
xgboost,f35048aead672161eae4a7b92930fde04e0c516a45,0,0,0.00027319163
xgboost,f359035d8e93101cbe219c02501644de6384b7f2a7,0,0,0.0003183587
xgboost,f3595ab4bce9fd293a2333700515b6760c5a4afbfb,0,0,0.00078046566
xgboost,f35a2e0f6716c8d87079909d3557bb88cd6438a5ea,0,0,0.0003925852
xgboost,f35e2c78d2184246b1c99ae865083313227e60fbdc,1,1,0.6306547
xgboost,f35e9823712be1300c4432c4d86d3f698c0de69cfd,0,0,0.0013208393
xgboost,f3617bf51a0d8ab2f091716b8c1c45737fda2fa1bb,0,0,0.00057926105
xgboost,f368ca249d5abadf5b7be7efeed5ff306aac361010,0,0,0.00030038686
xgboost,f36a1ebda55db7d914be0132a3825011f3c98316fe,0,0,0.034807306
xgboost,f36afb9b8b0df0cb4919a32daad036fdbfe0c6d710,0,0,0.0003043416
xgboost,f36e16c879d0c786850d7bbdea41c049825eb82e39,0,0,0.004977948
xgboost,f36fec7d66a4cbdf644860ccee6510e056586b5d7c,0,0,0.00042573095
xgboost,f375ab94d2bb2b265d7ff64b22a406561a763cf280,0,0,0.0081455745
xgboost,f37a3bdca849a0ec0828592351165ff8bcd8bacd3c,0,0,0.2909299
xgboost,f37d337888ff1a25553211fbcd473994628a395eac,0,0,0.0014350319
xgboost,f385dbddce6f4b48c07807e230030dc2960d7ec54f,0,0,0.004707436
xgboost,f38f29ecd994ec4ee44cc21755967a8e237de72309,0,0,0.02976992
xgboost,f38ff35cad82b094c5837ed0844d2ba1f553f70f9e,0,0,0.022123944
xgboost,f398a1acf53376500ce8ccfca0b09dd3b9fb17e4ec,0,0,0.0006486801
xgboost,f39b14c3083d2ad09725b086226765670c4e3b9c6d,0,0,0.014936938
xgboost,f39c5ddfb4a2b5d62f70dd6ae63936a279096644ea,0,0,0.047430243
xgboost,f3a5f18631695d8074de1d2b9e7f82b6081ca3a4af,0,0,0.0010247461
xgboost,f3a76bb4e1ce3e4d50dd8468e1097eb2dae250cf17,0,0,0.00057926105
xgboost,f3ac9119e9184c0cbc8a8979b7a74ee91ab0655371,0,0,0.023674697
xgboost,f3b9cdaad40613c931b88e16be0476230f45e7e729,0,0,0.0079541085
xgboost,f3bce8adf8dfbbd8ae5e73dd8e22bb9123affbfec6,0,0,0.0007948035
xgboost,f3ce5329ddca9990c9f4793514120a09420781b3b2,0,0,0.020047948
xgboost,f3d085facf66f12e363547add7a7427bc5fea82d29,0,0,0.00062770204
xgboost,f3d4cd71a02158d905aac1fae53921d7d7bb6181be,0,0,0.00041254555
xgboost,f3d4f097eb39d5251cd6ab50d35a0e5523e6437e7d,0,0,0.0012346779
xgboost,f3d7b3480b46f7da110f6a439ee87586f6d5d1349c,0,0,0.0003744533
xgboost,f3df35c4425a686461660616df096649702c007253,0,0,0.041514996
xgboost,f3e6bfc651e5f54fac6cbf84d5bb0289a6a58f9f53,0,0,0.0026684236
xgboost,f3e708b8fb88e117b41c708e5a5c6ad1b1fb56f7a3,0,0,0.00037807395
xgboost,f3edc7657b184dbe27a8b990312ecff613c98f36cf,0,0,0.00044057542
xgboost,f3f2016d5b33d90dc0fc42fdbd8dd64fb499ce96d2,0,0,0.00030038686
xgboost,f3f68db2fd6bae5034e8386845286219d831825472,0,0,0.00046689593
xgboost,f3fa8e169061d8f35b02f75694ec312241b70a77e5,0,0,0.0010527555
xgboost,f3fcfbfc33146740896c7d2a5c659ab1fa5df1e27a,0,0,0.00041254555
xgboost,f40a443a3af51f652fde1d111bf7ae0b1ae06c3882,0,0,0.00022021777
xgboost,f40c8e17cdae420b9329ad8f1a2fa925c1eda37466,0,0,0.0002330163
xgboost,f415d73f790c4ca7f03fd73db1edab22146b750377,0,0,0.00034415527
xgboost,f418d7242b7fe6979a80e034820e4286c8c90bb0fb,0,0,0.0145422
xgboost,f41b22e461d573a5c6e9913bcb9e33a34bbac0b10d,0,0,0.015456006
xgboost,f41c35094e13581057eaf5cbcb21de492c67e105d1,0,0,0.006064744
xgboost,f420085d8519cf87d0406c618d55a8f3028fb355db,0,0,0.00086060417
xgboost,f430c4d13f8221cafae57d865bdb41a664e42e40e0,0,0,0.0010099511
xgboost,f43206f086b244a064d34e5005866906e27b645805,0,0,0.13258594
xgboost,f442082adc35256b561e4a1de345bd089a24777e4a,0,0,0.00022021777
xgboost,f4427d5c8bab8211d8752dbda849bd602f9523c296,1,1,0.6306547
xgboost,f449fd5f6c36ea51489abc4e63b698b37d79578a9d,0,0,0.00034415527
xgboost,f467ada3727592dc720a8ed147119f4ea7f82167c2,0,0,0.032384146
xgboost,f4691b8032863d3c5cfacb7dd12fd18adbe5ba6dae,0,0,0.0058986996
xgboost,f46a36175492cc6e2c6c1e909e429b1c20e88244ce,0,0,0.0069351136
xgboost,f474b097dfaeded9d36ec16d260b5ea6fcb6930a95,1,0,0.0145422
xgboost,f479a464835b8ab8c0564391885809a523990b0f83,0,0,0.0003183587
xgboost,f47cfa96c5ee2d81e8bc331cea60e81027873e1623,0,0,0.00037296838
xgboost,f480f8fd210f69b1038535683dd3da1298410c7cf3,1,1,0.6309033
xgboost,f487e63b05d37c93dfe246250511ed2c1d168f054b,0,0,0.0072072153
xgboost,f48a84bcb4501f3ee1b37dab9fde0187927a135b16,0,0,0.05965953
xgboost,f4a2a0ebd2c6de96174bc708fe478faa427f4229b5,0,0,0.00034415527
xgboost,f4a8ca7f1aca053a105caa58e55ff7b27cfaaeba31,0,0,0.18237136
xgboost,f4ade3656aa2e3f806766557d3524474836f78ce9f,0,0,0.0003183587
xgboost,f4afead9f62fffd30504e29fa5c440ed5c22c9fe13,0,0,0.03669534
xgboost,f4b77d2bb43f99b8402ab81337bda5f6e0e7fb1c2a,0,0,0.00034415527
xgboost,f4bda0601a5cdca52ec6112e07702ea551dfe0fe47,0,0,0.00037296838
xgboost,f4c8522ed28e4bf2440189d8e10ebcf1f8163dbfae,0,0,0.0006227354
xgboost,f4c9536399880039f087273889d3d891ab96d45234,0,0,0.0003925852
xgboost,f4d3e9180ce8868227717fd49e83591856bba4f3e2,0,0,0.0006227354
xgboost,f4d41cb1005fcbe467def972d06ede122a4a943d26,0,0,0.0003183587
xgboost,f4dc91d8c0145312bc6034a4af95d3d2166d265c55,0,0,0.0075840037
xgboost,f4e3a3e7c40c79bdbf8076d4940d12c77d3d7ade4c,0,0,0.036554493
xgboost,f4e7047632c8e4509e8f043bd36ae0afb845ba0ee0,0,0,0.00034415527
xgboost,f4e8299219894765cfe3c6e75d5dc97c4826b51e32,0,0,0.00029415396
xgboost,f4e83960e4f552dc1f9abc8159ae9eb850c55440aa,0,0,0.029940562
xgboost,f4f6cea829088a2051f880d16a1a72c5cba2170091,1,0,0.10463009
xgboost,f52805f9d1eb8eba30d491d8c685cb08b8ec581b98,0,0,0.00041254555
xgboost,f5290ad7a739532b813a257342303bb3d8c47e9470,0,0,0.008079678
xgboost,f52a96790bba274a5c35c4930dafb03da4cbe7b085,0,0,0.00029415396
xgboost,f52abe799d614ab6f5b04e31c8355ad9d6f7859994,0,0,0.008079678
xgboost,f5329a171e9f95f7110500ae35a52a666964d19a4f,0,0,0.19171093
xgboost,f533ca134c50fc7d25eebeb9b13cc6683526a31eef,0,0,0.0011099989
xgboost,f5363a874b72026fef38e367790920aa5b715d66f4,0,0,0.0013289296
xgboost,f5366f091c0a23a4748498174348fb7332a84a4440,0,0,0.00086060417
xgboost,f545dd2b2c31c9b5dbb6659fcc9a62cfac104f8351,0,0,0.0003043416
xgboost,f54a3e76471b718efddc78bbfd31762eef56f351e1,0,0,0.00029415396
xgboost,f54b5e53e47b6e993514663d1c90f64da9309fd3a9,0,0,0.0003183587
xgboost,f559b3d7eb8da260e3a6a39f1a1ed7464489dc65f5,0,0,0.0010099511
xgboost,f55b3b446a8cb19a31da33f32d2e325613ba3120eb,0,0,0.007081607
xgboost,f55cbba31401fc4510d9dc352ac67e0b148c1e33d3,0,0,0.04829191
xgboost,f55d281c1a975aa9663f36df222e9078725679dc18,0,0,0.007081607
xgboost,f55d58016e39bddef96bcff49011aad3ca05cf7023,0,0,0.00903454
xgboost,f56a6c10311daada459da07217d79e395eafcc121f,0,0,0.00037807395
xgboost,f56d8fd6d0af65533069d3990962aa8bf4d9c43d3e,0,0,0.24505952
xgboost,f5721b490ca8b903af8f8500fe9fb165d7355cd03e,0,0,0.00037807395
xgboost,f57ba20eed67edd673bc929ec1457bf07567e4ee5f,0,0,0.00034415527
xgboost,f58bf02ae2fb64e4158041863dbe14e1be83597881,0,0,0.031720858
xgboost,f58f77a0805b19847bb1b30c2dc872fb4c528c7c58,0,0,0.20158969
xgboost,f596ef927dfd22d21d989ddca936166568094e6a18,0,0,0.0003744533
xgboost,f5978de3211c5cb05c44550d328ac77ca925370567,0,1,0.6306547
xgboost,f598f40e9225bac8bb6a246d05a5d3dcaaf8f05605,0,0,0.23849966
xgboost,f59900e04d5f0e0fee81a89d0274406df2593e6e9c,0,0,0.0013066181
xgboost,f59c9925f94332bbbd5f5f757b13352a410de1400b,0,0,0.00037296838
xgboost,f5a83e86a4616a5b74f547a6d0a543d0383713415f,0,0,0.00096465787
xgboost,f5b1485547b4eb6a2e47d734ade75a02b3df80f4cd,0,0,0.0003744533
xgboost,f5b3f2f56829a451b1fe9543b21a84f50504053b55,0,0,0.00034415527
xgboost,f5b7d76b79c62da1430207de5c020e8078037ab985,0,0,0.010342912
xgboost,f5b9f36808cb5e33feb046bfba543f3b6f9bd00e31,0,0,0.00030038686
xgboost,f5c2f0458f45d2b6f9cde0318f1f8ab11bd65b8c68,0,0,0.04829191
xgboost,f5c2f297a971f6d9a97fe96f4884e44dd74917b948,0,0,0.0012346779
xgboost,f5c3f9258b2384f2457898771e88244454694432f5,0,0,0.007081607
xgboost,f5c4cd144e0dd9fc0bfe11b3c5c32ad65b9ac728aa,0,0,0.00034415527
xgboost,f5c9c1f14cae816a69a50202952dc1096ea7504ab4,1,0,0.13653083
xgboost,f5cb8f9635258ddda03270a5c970db6b5aa1286f78,0,0,0.0053568543
xgboost,f5d56e94ca150e13e8ed534af127c8e020626fd075,0,0,0.01190468
xgboost,f5dbb8d70930563166c517ffb2ff18f5ed9c027d49,0,0,0.0006486801
xgboost,f5ea8cffa069dc7a74ad23a42bbe675ee3cc92d677,0,0,0.0513465
xgboost,f5ead8d3cc3c5daff087857a14aa3d635192a675e8,0,0,0.25800535
xgboost,f5f02786a028a18f9a9844817a7295ebfb25a19b88,0,0,0.0003183587
xgboost,f5f183346234e52c8d6958bd9a365e07649d5b822a,0,0,0.19454753
xgboost,f5f4fc4dc678e0a28a705d32206b1b644c7dcee876,0,0,0.05965953
xgboost,f5f9aa61c80346d10185dede70c61b3ff60bd9ab95,0,0,0.022936577
xgboost,f5fa4477263b8045919afcd391a4a19b3772c39612,0,0,0.020047948
xgboost,f5fccc448f2cd34a26f45af0d6312c2d5e631b57f9,0,0,0.00042573095
xgboost,f5ff68da04ba9223ac31776da9f92b7df52996fe81,0,0,0.028160574
xgboost,f603779975a2723def4e9427630bc3307fc3b1c683,0,0,0.055719044
xgboost,f60c22525ea66ab4035cf3d79f8612d062582514e5,0,0,0.00042327403
xgboost,f6107ebeaffd00e1b6def617d45c6f0887c1b2a4c5,0,0,0.00022021777
xgboost,f6198db62ea9e111c4450d0b9db10d7432919f4a25,0,0,0.020047948
xgboost,f622498554dba6a99f3a29bf436395438411b0d12a,0,0,0.0003183587
xgboost,f62916b5975f18408802f8c7bb296b9d01e0d41bd9,0,0,0.0006716701
xgboost,f62c29b823bc2c95ecb03b4d15ebac928b807971e6,0,0,0.007815878
xgboost,f62cdabdfc71d7b56c6ee41a1086f97c8ec5ba2d36,0,0,0.00022021777
xgboost,f62dc9bbcdbc05d17e8a7ccac6f156dde727e1cf3f,0,0,0.00029415396
xgboost,f62e3c258e99ecfd06e1d53d16cdb5efcd8dc2230e,0,0,0.00037296838
xgboost,f62e615ee1ed53a49abe3dad70cae6c5e65d2abaf7,0,0,0.00041254555
xgboost,f6351d7962d739be2147d0951e8f9562aedbc3a153,0,0,0.00034415527
xgboost,f6460b45bbaa5ccc218643c435fcf47a261077409c,0,0,0.0002330163
xgboost,f64803cde107dd6eb561f35484741eeec039aa7ebf,0,0,0.0071041905
xgboost,f64edb6858ba1429c42701481eb42b8294827797ff,0,0,0.00022021777
xgboost,f6507042db3fd4b8c9bb817413ffbae20d7cebb8cb,0,0,0.00030038686
xgboost,f65779414930e84b3d84ffe956808a27779ef8f78e,0,0,0.0002330163
xgboost,f65efc11e9ce7c3ac26bf75762ff26fa9ed49bd893,0,0,0.00046689593
xgboost,f6691e7fd8f63e260bfdf2da6ec86e8e0bcd17097b,0,0,0.034807306
xgboost,f66bf7c89de947420c5a056750c2c1a0472ddd19b3,0,0,0.010854048
xgboost,f670bdc87e5fc3cde118fa5525a472f8843d9af8d7,0,0,0.00035953108
xgboost,f6722aba4ac9128fc3cf264bd34aca64f4892fe043,0,0,0.0003183587
xgboost,f68b24b57b4a5d5faa8e809abd8d435e2880a12238,0,0,0.00046689593
xgboost,f68d063471356bed0a537ae4598ad4f9938ac2f502,0,0,0.00029415396
xgboost,f68d9e94aedd1031a5c4f7312e3eecb3c292589385,0,0,0.026295189
xgboost,f6a6da72af863d15e9b1857caa151a5ba6611423e5,0,0,0.015524557
xgboost,f6a72bc74ac8a5b495aa03f38b5946c0539ce8e2bc,0,0,0.0013289296
xgboost,f6b63eef524054eb786712a5f30b21854a558a3f75,0,0,0.15299495
xgboost,f6c00c9cd84770ded758cb7c8086e1a8e901a64584,0,0,0.032224238
xgboost,f6c33c0ad35e1d0e5f3c1a5290b6b7b64182d873d1,0,0,0.0009881387
xgboost,f6c7c4084ecdb150b0d6a09355424ff1cbb5ca0994,0,0,0.0002330163
xgboost,f6cb699c447004d42c95fcde121e06bac170ad3bc6,0,0,0.0009881387
xgboost,f6d462619ba1d029411a0184d6642a346ec9fd2d78,0,0,0.0003744533
xgboost,f6dd12aa8cdecd894f38098687102889de82bfa0a3,0,0,0.0003925852
xgboost,f6e1cc496a13d87d2a37a7b94e65f18592058c68ed,0,0,0.0007948035
xgboost,f6e3ae8a43c17f895df861b151175edaf353c9d1de,0,0,0.00022021777
xgboost,f6e9c5c715f30d03717c800f261ffe6d1292ccf31e,0,0,0.00034415527
xgboost,f6ec240ff7327560de6faf57729a1f091b94ec32b5,0,0,0.0014350319
xgboost,f6eca8f9e9d034811fce5f33dd44bcbbc71b473230,0,0,0.0002330163
xgboost,f6ecdd3188e75b42e2db8438a112cb2fa70de7fa36,0,0,0.032224238
xgboost,f6f4843f9ba21835192a344b78677ecfedd10932ef,0,0,0.00042327403
xgboost,f6f6a4a0469d64ff2bdb1ed81dac77554226dd8c29,0,0,0.0003744533
xgboost,f6fadcb57189474d49e7f9ce2dd010a8cd5cd45b8e,0,0,0.0003744533
xgboost,f6fc86a8d76656e1eaf65002a2850c27e1d245a069,0,0,0.0050011594
xgboost,f701217238b6f2203491cb6c8288e3f65ab47c134f,0,0,0.1394689
xgboost,f70216b561b4c77945959b0169c44ee9d5724a2f64,0,0,0.15299495
xgboost,f70751a681857039fadccd8f0e13897394acb0b128,0,0,0.15199795
xgboost,f70d5fb62b8b137034120faa4bf3eff789ddf2dd7a,0,0,0.25800535
xgboost,f71419dd1aefae37883146fc93dca9e83abb2687d3,0,0,0.00037296838
xgboost,f714858c9713de979553e116e1f810d4236d2d9263,0,0,0.0009429115
xgboost,f71d6fbeaff8d544142762013f861dda0cde0c7fa6,1,0,0.12780893
xgboost,f723f629c1ac1e05a82d04e066f607e0f0816c88bd,0,0,0.001583293
xgboost,f7255bbab94be09bceca127bfb749c2dabf972cda7,0,0,0.00094434194
xgboost,f72774ff7330261ae3116d4095b16f43ddcfa34890,0,0,0.00063679816
xgboost,f72876e465be073b329ab221a21558f99a6535793b,0,0,0.2611296
xgboost,f73171172577f0461af5a7f31e88efcb4e3e25c88b,0,0,0.022123944
xgboost,f732fe5aa0f36f441775a3b33e84c5aa064e31d8f1,0,0,0.00063679816
xgboost,f73322f6057abb468757a5aa7ba36b501a2206ff14,0,0,0.0003744533
xgboost,f7369add0820db6d6b2a0e1da7a7e6758feba8e612,0,1,0.65877914
xgboost,f73f174cd8e3f64f8956bb7635c739120d22fd2903,0,0,0.007815878
xgboost,f7424485fc3d0f01069ef35c8f9e7cf29e25131cda,0,0,0.0010763843
xgboost,f74560e4951f0712fc7f40129f7d9b500494aafbe1,0,0,0.00042327403
xgboost,f754f39bc82f0bb9d63399d171e679a337129f3a33,0,0,0.021266634
xgboost,f75aaf5aedafb5fc444b2d253210a9cf3ed964e646,0,0,0.005197153
xgboost,f75be7fa57d4b70f363e6a26ad916cc6a36f03526e,0,0,0.2611296
xgboost,f762bbe9873afb2a57ab1dfa99e0848a65091037cd,1,0,0.38859802
xgboost,f76351845d801a67d70cd11a62e3998474e0379a99,0,0,0.004916782
xgboost,f7648d3e6decdf971a2e5d1973062c43239ddeff48,0,0,0.15299495
xgboost,f76a2385c53003a7d3a9f692b802df8988140e3950,0,0,0.013584213
xgboost,f76f9c1e39e4ff26da6d3d03a77f6987d2071a9fda,0,0,0.0010099511
xgboost,f773d8af85f079a7a75b8f022c6a150e5ff04ad8eb,0,0,0.032567263
xgboost,f78b8331fa775897fcd60e4234279328a7543c7a2a,0,0,0.00044057542
xgboost,f78f068a47646c9b2022890deb90a437b81706f3a0,0,0,0.38859802
xgboost,f791c46bc5c02c71925cf7f0a05d1167606b6491a5,0,1,0.6309033
xgboost,f794ea967145a1a83561369bec2a8624e19ca831fc,0,0,0.0720398
xgboost,f7990233503125e2c4d6a90f80257ea34764f5eec4,0,0,0.00034415527
xgboost,f79dc20d75b1586a28566bf1de4e9c8586f8ff4e35,0,0,0.005189585
xgboost,f7a0d9fcb31cdaf84143db22e9511bbf674db43b32,0,0,0.00030038686
xgboost,f7a0ee7ae17bc2ad3b8eb4e92cec577713472f8304,0,0,0.0011099989
xgboost,f7a368d62e79ca3a91f8be0370af51bd8e6642adf9,0,0,0.0010099511
xgboost,f7a931cd87a0dd9a320af7409c002d70814f96177e,0,0,0.0003925852
xgboost,f7aa350070aadcc507bd43f133d74b63b4486c1f77,0,0,0.0003744533
xgboost,f7b0cd43f0a4521cd6421ba0763b5c977b70cf2832,0,0,0.00041254555
xgboost,f7b3564d06f87f577fec626327390b115ca0f35f6f,0,0,0.051092885
xgboost,f7bbe22feb2f1e4e615e47e24c22ef4873fea56bac,0,0,0.0006299072
xgboost,f7bdedc600fd62a3b4ca839f45477dbae76dbf8112,0,0,0.00034415527
xgboost,f7ca2cfbbdde141564b4d40a7d1776ead47032d3f4,0,0,0.0002330163
xgboost,f7d12dd391957b045c7057e7a1b6b0458e118f5e25,0,0,0.20370762
xgboost,f7d19c27b2d242db34804c52192487beeec9264d68,0,0,0.23849966
xgboost,f7d625b2db2b3c9668c4f32bacaa8c77f42a68f757,0,0,0.00063679816
xgboost,f7d66d36787a006b872a48f1d76a8c031292669b99,0,0,0.020649059
xgboost,f7da8671c917154602a109f32204953036d929e9e8,0,0,0.0003744533
xgboost,f7e9130f2ee0014d53f579aa2b24284220eb35af24,0,0,0.00029415396
xgboost,f7e9bfa78bf33bb7f6d47102b8bd4f5fd9a2ce7c9d,0,0,0.008079678
xgboost,f7f0d9e30b72b1299a43aa98a1865b40929f107687,0,0,0.0012346779
xgboost,f7f3256b2968705f96aeeca594d673d2c88ad38c52,0,0,0.0008583634
xgboost,f7f361c228a3a2b1207a821292851b399211a472dd,0,0,0.023583846
xgboost,f8024833127d56fc212a45b8ec5ee64fc55c1c28bc,0,0,0.00030038686
xgboost,f80536fad4341993a506ab73657129f9b653603466,0,0,0.1394689
xgboost,f81724be10e92431a2eab50dff33fa5019cfef0fb0,0,0,0.0006716701
xgboost,f820d9c06315304c32c55cc50caa823be20ac3a0a9,0,0,0.00080371596
xgboost,f828329ec28c5dc5209323b4e069db8bfb445f8ea9,0,0,0.0047180536
xgboost,f833ee9f7dd362e25e21e1900f770bc0e6080ab518,0,0,0.0014972406
xgboost,f83b5eac4104053b66fed1168ace10933c1ffedf10,0,0,0.0068733734
xgboost,f84253a767dd7e19b787ab6f0806109f79fe75750d,0,0,0.023720916
xgboost,f8447148fdae3cf8a49e07ca0f0b95cbc6feacc426,0,0,0.028863749
xgboost,f84ac6b669925d7a2702b8f6272221b82072769b53,0,0,0.00030038686
xgboost,f8538b5b16917848fabb123c01fb1216778ebfcbb7,0,0,0.0006486801
xgboost,f85672eced5898fcb3874fe22b35c982886a15d2ca,0,0,0.0145422
xgboost,f85c641a1c503cbf787beb328146ca4a2c1af6bfc7,0,0,0.0006486801
xgboost,f85ebff7a2895db1e461bc5c65e7097b0414a3d608,0,0,0.028863749
xgboost,f863c0b82dc6f2660aad6cae7a61cc3b7503092a14,0,0,0.0075805914
xgboost,f869bc3d7a9ceb9316d9d385781f3e30f6c5750734,0,0,0.00046689593
xgboost,f86f6d166af4a97c8879ed3a8282869949a4b0a935,0,0,0.047430243
xgboost,f870a4b2cf260f969bc8d7f4fd5a8b289239b2397c,0,0,0.00076474703
xgboost,f88180e89f14fa80e5f1cf9b6218a1a78086464f02,0,0,0.00046689593
xgboost,f881891e55a10fa665fe765872e641bdae49e170e2,0,0,0.032384146
xgboost,f8826c89458d59442f7ad327d786f20249e34602bf,0,1,0.6306547
xgboost,f88ac58d123393e2ff52c91a7d1659ae9e4f7ec9e0,0,0,0.051092885
xgboost,f88cc218e3fc08a6adc7863dbeb739075f50c8174f,0,0,0.00022083636
xgboost,f897e7dfc616d5b5c0e43dd4704fec4c260319201a,0,0,0.0009133837
xgboost,f89c8384c588eef8ecedb50ecfc24e9e7be6765d05,0,0,0.019660987
xgboost,f89f23e8e7bf046d067361d3628dc1c3f67f263551,0,0,0.008142038
xgboost,f89f2e11bc2734dc3cd2fca76a9338ea113d902b51,0,0,0.020649059
xgboost,f8adfd68c78b6daa8eaff60ec70a70d22bf423701e,0,0,0.0002330163
xgboost,f8b06f21642c1b7c84724eca2ec7f2568bada23cad,0,0,0.00037807395
xgboost,f8c1b557da647252f1e2d3054cb411fbcd79cb7b7e,0,0,0.023720916
xgboost,f8c3da2fe64e035c7836f70e1b7ea7e136a9bf93ce,0,0,0.00042327403
xgboost,f8c40bff7ad0c5b2f3608df916e8c21ffee918b711,0,0,0.00044057542
xgboost,f8cc06d7d5b301934a248b195477803fcbff7a744f,0,0,0.00030038686
xgboost,f8cd2cab470ca34a16547caea66d1752b3f3f9b1dd,0,0,0.0003668598
xgboost,f8d1ca4545c1f86d8b0282e944bd8416a364b2f744,0,0,0.00046689593
xgboost,f8dd9edc46c0f570e972fcb7ac0b173f96ec7779f5,0,0,0.0053094267
xgboost,f8df9b5f4a28f09011453a67b5572efca6634885ed,0,0,0.010490675
xgboost,f8e0756c51211cc4de74228ea77fc5a9f05539acf4,0,0,0.0006716701
xgboost,f8e40ed10061fe68e9cc82aab92e7afb8ffba4cf6c,0,0,0.011111367
xgboost,f8e4377ce508a41ba977b1339473be7f474ee5ee69,0,0,0.00041254555
xgboost,f8e85ce9d075ce43b9d2c5ae0043065624b2fc23f0,1,1,0.6306547
xgboost,f8ecc823290e3439212cd0d032fcd1ba972a65689d,0,0,0.0002330163
xgboost,f8f061001508f47032420228c843b54e16fdee0125,0,0,0.00057926105
xgboost,f8f5829344f197fd8010b3c543ea0c35b4496232e1,0,0,0.0003925852
xgboost,f8f594e289dc31fbf8e20628766baeb2dc43325f07,0,0,0.015524557
xgboost,f8f84857c07acfe522097f8baaa14efd87b8578657,0,0,0.032384146
xgboost,f90364cf6dd10c6df1b2918f2291da246c7551671d,0,0,0.019660987
xgboost,f9065cb707a8875501e8bd61b10cbef4f93401db81,0,0,0.0010099511
xgboost,f90eba65dc0d879c1332a34b79146b4e32094ff24d,0,0,0.0007948035
xgboost,f91de63807eaa1e6f79381e88ca583bfd6bdf556fb,0,0,0.032567263
xgboost,f91fd60e375cef7baf120981ad3caca8008e92ebff,0,0,0.00041254555
xgboost,f922b9642b83824612e63d3567a454ff211fd73663,0,0,0.00062770204
xgboost,f9350c6e51ff67f76aec0b1597c2e11997c6273482,0,0,0.019660987
xgboost,f9390359a7077a627dc86626292971529c2917dea4,0,0,0.0002330163
xgboost,f942a781ab489491c3c0a29fcd22bcdb9036594e68,0,0,0.014183076
xgboost,f94e68ee9c2a5f0fe386a9c8a3c1ff313903ee02af,0,0,0.00069871
xgboost,f9503b6305b4339f2c8da18fe5f1d6bffd72f45dcf,0,0,0.005197153
xgboost,f957ed550e3f57983a7cc39ca9e5172691e1ffcee0,0,0,0.00029415396
xgboost,f963cbaa94f67fbde51a3834ef574ce97b07276a8a,0,0,0.035440907
xgboost,f96eae2729fe53983f8a57908d3a2dc7ce9a9eee07,0,0,0.00063679816
xgboost,f9826b258025d95cd4906a0a90a1710e2cb6f74a42,0,0,0.0010745612
xgboost,f987f6b4809bfbaf6c2d8f9deb36c5c02ec560515f,0,0,0.065870196
xgboost,f98c858fbb79502ab919894e8e5991b205cc40588a,0,0,0.0007948035
xgboost,f98e99490adc76194662602f3c832c130d83e259ec,1,1,0.6022432
xgboost,f99b45bd3c8f569bac9f231e0a010bcd423d5f948b,0,0,0.00947048
xgboost,f99f37ac4eeff4045396fa94ca439a91e19cdc401e,0,0,0.00086060417
xgboost,f9a77053d5a54714ff97ee70138c3855b7268e31a6,0,0,0.0006716701
xgboost,f9a8fb62efa024081b131066f9ed518d22d649aa87,0,0,0.00037296838
xgboost,f9ab4b9f3b6bf9cc60d3c3f7944f129e3a5efa366a,0,0,0.00037296838
xgboost,f9ac502aac033f78ed3c4d3146fe669e77aea4a3f7,0,0,0.00030038686
xgboost,f9aef258aa279ee31574394bc1f0c822cc213325c0,0,0,0.015456006
xgboost,f9af7a0025f3616cd5f79eaf54d364fb7a8e318030,0,0,0.00037807395
xgboost,f9ba48e587eb1d10963c3301324de275fc9748fa77,0,0,0.0003183587
xgboost,f9bbd63f9a4b4e5656077eadacdf04bccbc68e829e,0,0,0.00063679816
xgboost,f9ccac8cc91702cbca9db7a5cf103c82a2af37dfff,0,0,0.0069351136
xgboost,f9d9ab61311a22b3459d629109a9a6438aab285782,0,0,0.013584213
xgboost,f9d9e879e7fcd5bedcbdeda09b12bb2fb61f97bcc9,0,0,0.0012723015
xgboost,f9e15456193b5adb14a67b4a7040594dccbc3a6faa,1,1,0.6306547
xgboost,f9e2807eb2dbb3a53fe7ca2e6c56364ff5f0dcb732,1,0,0.27358052
xgboost,f9e5c300d27b17bd7397b8cfbae136d3ec292f83e0,0,0,0.014667858
xgboost,f9eab69729fb000e01a9a5924790532575cf233833,0,1,0.65877914
xgboost,f9f5b944d1aaf2c7bb5ee2dd970d494a94901c2e03,0,0,0.00042573095
xgboost,f9ff94b9853e6260e1b216db35de96746efd2b9540,0,0,0.0047180536
xgboost,fa055082f6ad42e8f1149ea862b3bbfe6fdc4cb8af,0,0,0.0081455745
xgboost,fa08afea10c9ee8a8570608ef06d356ced9f67123d,0,0,0.00086060417
xgboost,fa1163d4c3730c288b5299387d432cd1729829bba2,0,0,0.00030038686
xgboost,fa132b1ca5de3421a0d5d6a1f7eb9f9ec0e563f4ba,0,0,0.0003925852
xgboost,fa189db07ed3787af1e93b41c8e7c0d619d75e5a11,0,1,0.8535009
xgboost,fa1b120cd10277a7c9853cd98e8f5a2303fa58199d,0,0,0.0075805914
xgboost,fa1b8ecce192d99fba77824fa53964825f35c1b667,0,0,0.0013208393
xgboost,fa1bbd56b078d47c84cbd8734f73d8a370fd4f9c6a,1,1,0.6306547
xgboost,fa1c7341bd9a4190c0930728c82d7b581f3d55f5b0,0,0,0.034807306
xgboost,fa1f54615c6688e1c290f69feac0d0c7ffcdfd689a,0,0,0.032224238
xgboost,fa223ca3043e580c77712f2b361b52b6231e65e9b9,0,0,0.0013289296
xgboost,fa2c0475ba2f6e1494c0d6cb82097179c3f2aea13a,0,0,0.0003668598
xgboost,fa3008a8d461e832c574173e9a0917abb5e3a2c8a3,0,0,0.00063679816
xgboost,fa300e59c6f5cb1d7893b6a96cf9770fc8ea185342,1,0,0.13803695
xgboost,fa31798764ce933dafebf81bce1509b3c906dcc493,0,0,0.00037296838
xgboost,fa35c9d0217a886ab69b4ccf0fc15880029bc59c3c,0,0,0.00042573095
xgboost,fa3bca6e8cc971915b10c394245948f17ad6ca6bd6,0,0,0.021703979
xgboost,fa3fe8929f0583d879d124ed805a103368afe1f43c,0,0,0.014169116
xgboost,fa410c3cc3bed6cf214765c5851e9ac17e4d2b8f59,0,0,0.00030038686
xgboost,fa48654fb657f2c8cde7ef64501f14033831c11728,0,0,0.00042573095
xgboost,fa60533291a2bac139510bef9838a04f138ce77875,0,0,0.0003183587
xgboost,fa6af47d58e1d865423a152ff4db25ef90455aef31,0,0,0.00046689593
xgboost,fa6d9e03c6d7b9d143253250e459cb12bfad7e6786,0,0,0.029940562
xgboost,fa708d182fa453a599fefd669c30a772d6d4c2e377,0,0,0.0010080602
xgboost,fa74474fae11382f31fca9132047e90bfb9f99bd6d,0,0,0.0002330163
xgboost,fa772c47fbdb260910ad45da56f9256d4e85a00d28,0,0,0.00046689593
xgboost,fa7e68a0bd3add9fcdfe478705771edb5805636eca,1,0,0.19171093
xgboost,fa93e7ea54e31a5c02ee0e4f40500a9f4d2b3c32af,0,0,0.07525418
xgboost,fa95918f4cf383d7da75ca8a408513107a8f0987c1,0,0,0.0036198448
xgboost,fa9df4900b9f587c7bec8f56f124a9c768012c6166,0,0,0.032384146
xgboost,fa9f42612754042c8f93a650974af7e323319f094e,0,0,0.005607715
xgboost,fab88364804d3514f24d7c18b51f5288fcd3374ec5,0,0,0.0006486801
xgboost,fabc9b8bd91cdf23667c37214dd893563cfa5a4bb9,0,0,0.22801352
xgboost,fabee6029c2f9d43f024e6e576d22ec3f5eae09b09,0,0,0.22801352
xgboost,facdaaf7de30b9eb202c7cc8d7e82fa2e2054240a3,0,0,0.0057338746
xgboost,fad5b8ab20ec893dcc32dfd2d2b0c678a5e276af55,0,0,0.0068733734
xgboost,fadba8410c96e0ff2706fdefce30b756f253d75fad,0,0,0.0010763843
xgboost,fadc4ac87935f7204f0fb61cf66b64afea227a47b7,0,0,0.028160574
xgboost,fae2973f48ced46ef372a104517bb170bb90d6b18a,0,0,0.032567263
xgboost,fae7e9b128df459da3c9de1272aa1ed798967ed33f,0,0,0.0006486801
xgboost,faf06b962f105322d26f96b404387171a7fd9c46fc,0,0,0.0010763843
xgboost,fafc62d8a21878e56e696339e890b5f3857ecc8489,0,0,0.007603714
xgboost,fafe0c043aa8c81e08dc04dd2ea79eaa560973d6df,0,0,0.0002330163
xgboost,faff4c4c2ba4cc0c1a2cc89e97b201c54f8648d9ab,0,0,0.0081455745
xgboost,faff65215e72ca226066d02c46ef0fc771b8078125,0,0,0.0003183587
xgboost,faffd5b31343c48d5e7d402e93b5b7d8a7bc18b813,0,0,0.00042573095
xgboost,fb0aabfaf5e51bbb7e4f1c796e88d88b355997f85c,0,0,0.0042175283
xgboost,fb0c030728d88a9106bdb9d607f45ebd4fe52ca403,0,0,0.022123944
xgboost,fb172161e1902c5b4cf5652518d8ac79192778f4c4,0,0,0.015253741
xgboost,fb268fb5788228b0646731dae13e2bb40610909e41,0,1,0.64315486
xgboost,fb29a05a4f17614d0582292acf604f025af4b75f44,0,0,0.0082098525
xgboost,fb2d2bf3758bf8f7d3a6cbd0a39d2dda29d49bf861,0,0,0.023674697
xgboost,fb377c41b1505cad15413ea8347047d4d4a1e07798,0,0,0.0022030366
xgboost,fb3d5abd57e003288667f705c13cbd3d590920da6b,0,0,0.1344866
xgboost,fb3ed0ff8da5c23e9b1cc7ade83a9e1682ef09ff0a,0,0,0.008079678
xgboost,fb42cfdcb149134efa30b0eb23c346d7a6a6fbf131,0,0,0.00086060417
xgboost,fb449c7ee4bd6f175fd17c9e5865707a352d9df091,0,0,0.0002330163
xgboost,fb4d1a6e669c4828b99a58cbbca7f6c567f6bec65a,0,0,0.00044057542
xgboost,fb548ed9b66a94d8800ee4b82fad1c75451d61bec5,0,0,0.00042573095
xgboost,fb5be10e61624511615fd52db2af56631c5860e87b,0,0,0.022123944
xgboost,fb63f8752b56b3e88110386ba46620eeca5442b0b0,0,0,0.00029415396
xgboost,fb640a833f9a4cd416490935620a065d9fcf77239b,0,0,0.00042573095
xgboost,fb6adda89ec9a02bdb89438ef416959034578a0498,0,0,0.0010745612
xgboost,fb6b2cbec022dff73cfc930d28c11886632dd0051b,0,0,0.00030038686
xgboost,fb7bb6c3448f3d3e63b5644560bee0aec922d7a1c9,0,0,0.00034415527
xgboost,fb7e5bb392be37430fcd66109dd9c5d8467fb724f9,0,0,0.00035953108
xgboost,fb7fd573839e552f31a1e2cc0c339880245f93d88e,0,0,0.023720916
xgboost,fb90acff2d03840d77efbe3303d83b905e61baf137,0,0,0.0006299072
xgboost,fb96352f0a48052cf329c38339ca73e456dfe75271,0,0,0.27358052
xgboost,fb98ee2d07c3a991b9b79a5febbfa2342661ebce5b,0,0,0.00030038686
xgboost,fb9ae8700abb7be80a9c363436eec20466695a83c7,0,0,0.25232524
xgboost,fb9ee435187b116c8b9b9e080a355a79ccb5553a01,0,0,0.0003668598
xgboost,fba3436403fbb4757236ec9b83d055a6643bc32e4b,0,0,0.027860904
xgboost,fba483c13dc55b54a2b0a24441b5caf39d4dcbc815,0,0,0.0050011594
xgboost,fba83e65aa32674fa3975b908cab2bb2a9f591b3c7,0,0,0.006094069
xgboost,fbb030e8f1a1ba60d17a9ba55ca4e93a411ec91d51,1,0,0.18918733
xgboost,fbb85fc8eb5e7f61718b7ee550911ebf532dc7c370,0,0,0.0008583634
xgboost,fbbb51de85863f4dd338ed0bb146a8b948fc974b33,0,0,0.03023339
xgboost,fbc21e7e4954473ad9b184fb00bd032c9516bbaf1e,0,0,0.0003183587
xgboost,fbc576c9b6c74cc412d4d42e8a4449f884aab8fb2c,0,0,0.004707436
xgboost,fbc7b3f594d086322c40cdd02b8c67c0fe1a816b83,0,0,0.0014350319
xgboost,fbcb155ef05fa5ff7a231312ab9e51ec0e18adb97e,0,0,0.014667858
xgboost,fbce442f5c5e6e819bfea304ca1f966d08d2b191e9,0,0,0.00086060417
xgboost,fbe552b52bfb45e977d4c4bd7c95cc12d24542748d,0,0,0.012118747
xgboost,fbe7b5fd26b92b34414f3769be3a9eb5e5bffd5ba3,0,0,0.00029415396
xgboost,fbefef4e743437f945b57c4d5c496625d365142eeb,0,0,0.0002330163
xgboost,fbf3b220fa8123ff07fce6f277d1044ce17aa0c937,0,0,0.00034415527
xgboost,fbf6eb719c2556c7a17416578223df7a0a5609564a,1,0,0.27358052
xgboost,fc01441dfab61cf9c8dcf392e9e89228b25aacb7a1,0,0,0.039265584
xgboost,fc0682f2ff346774cd393be64ce377b35a32c3d615,0,0,0.026810737
xgboost,fc11096cf6fbb244c62f74c8c9d1ab3594bdee430c,0,0,0.22801352
xgboost,fc1d121b37d4eefca682972476162a77195d328a5c,0,0,0.0007948035
xgboost,fc26aec57300e3922de9bcfe7f644945a84498724b,0,0,0.029167907
xgboost,fc291188a5f16e8e75f67f500fcbf22765fe02134a,0,0,0.00029415396
xgboost,fc2a791d06f08c8d0a178f303e0bf1eac33f18722b,0,0,0.00041254555
xgboost,fc2ac95a517134d73f51ed4c1de0e01f332056d427,1,1,0.6309033
xgboost,fc31434046e0352ac11072e64319ec65bc4dcf23a0,0,0,0.0022030366
xgboost,fc3231ff32b38ab05324b487966134d410253d0c6d,0,0,0.00037807395
xgboost,fc32dc0d721503da50166b0ecf26147c311c4f02d1,0,1,0.8254233
xgboost,fc33a984aef2d12b7016773278c04f32ff93b8fd09,0,0,0.0003183587
xgboost,fc36b3c0e9a02d13b6b3b73570e10fe780013607ce,0,0,0.010342912
xgboost,fc39876066d913f7b4630a9ae7dc026a1bcfbe12ed,0,0,0.00086060417
xgboost,fc3d24a3add6e917bd91e0d01a2d19dcbcaeb63255,0,0,0.0006716701
xgboost,fc4a92b3ed1eefc89ce69d98caa2619d42880dab43,0,0,0.0003183587
xgboost,fc4c5918ce2173be2e732313bd4ace431a6352db1d,0,0,0.00022083636
xgboost,fc4f47fff75a008322381f0b710638ff8b5318dd8b,0,0,0.00034415527
xgboost,fc4fc7f42b467eee39567d9a945f340d19ef4abcff,0,0,0.00030038686
xgboost,fc594a3a0209aaa5ff9f3ad6e92d9d46823a806b89,0,0,0.1344866
xgboost,fc5b06c7d7a8492d2e3088c22bfc0b60365b98f3a6,0,0,0.0003744533
xgboost,fc639d93b8bcb8ad8630ba773aabdd9118bb8bedec,0,0,0.00030038686
xgboost,fc653b38b965e77a2d326717b3157c80920c946b6f,0,0,0.048636746
xgboost,fc6fa0f7669aa24e7338d157d7082ddf8ed8e0f290,0,0,0.0007948035
xgboost,fc7505acea8df02b6a000042003f5c616e889bd2be,0,0,0.0013208393
xgboost,fc78946fc333f713d0652ef44104e924014fc25e15,0,0,0.00030038686
xgboost,fc84e1cc3bbb7e720e0e3e1a3be664b4a52dcd02cc,0,0,0.086664654
xgboost,fc9047a245c2daa172706a2b31fe2bb67e68348a86,0,0,0.0002330163
xgboost,fc9a675cb8a6d6cbe62aef3828671d484f45dd124a,0,0,0.07896793
xgboost,fc9f37595bd580c3b36a8f640464f1da5264932ad2,0,0,0.00035953108
xgboost,fca546853c243fec25689a8e24229558f41cb97e11,0,0,0.1601792
xgboost,fcb987d60d656c6b3362ab54e84a54fe1d851a086b,0,0,0.077959366
xgboost,fcbfacf4058c21c8a88d9a75116da0a5c3d56ff459,0,0,0.00034415527
xgboost,fcc237f8fdb4f4ee3b15b5150e4a8f75ac0e44ff7e,0,0,0.003925084
xgboost,fcc31c58a91170c7548feb23a235d9b778f38eea15,0,0,0.00035953108
xgboost,fcc900f17f3cb848865e2fb99faa73c956bf0272e8,0,0,0.1841312
xgboost,fccee10036d0626cf06665dca79de4debb6e6787fc,1,1,0.6306547
xgboost,fcd0882d0da99550fbe660c4288fcd146e4b9e9367,0,0,0.0002330163
xgboost,fcd101935465bd88c71caeac3999b80ce751a82ca9,0,0,0.00037296838
xgboost,fcd175cd7499a0856912e608d3be2d333385e1a3d8,0,0,0.00041254555
xgboost,fcd52e180c25382873d34bbe40133506fc5c2ba02c,1,0,0.062109012
xgboost,fcd6d5653a923674df06b5392f3308c87f65c2d13d,0,0,0.001583293
xgboost,fcda6162e257ec82a2be1f3986baa8b72299512b6a,0,0,0.013584213
xgboost,fcdd1df13804669dd2261d72cb70369d47266b70dc,0,0,0.00029415396
xgboost,fce0190791094ddc444fee1741aa61d6ef6c3513a2,0,0,0.00034415527
xgboost,fce61a92eed8006fd3afbe19f369c73d9af3a0baab,0,0,0.0145422
xgboost,fce82ffc33ad841c9262b3bb5893fe153fbb6f82e8,0,0,0.0006071794
xgboost,fcf7b9114e4c678b8c5b64d11617c2d5b1a37727f1,0,0,0.00030038686
xgboost,fd08d8c381cc3f28993a12ce454e98033fbb204857,0,0,0.2611296
xgboost,fd116bee56f960ec21aa5bd0d8f99c5518a585119f,0,0,0.007081607
xgboost,fd161b21c40072dce4bfd851840b6416a25076af6b,0,0,0.0002330163
xgboost,fd178260b22704fa97b7dafae308311e18b7dca88b,0,0,0.00029415396
xgboost,fd1d6b710fb8aa90865630e8e7750f2433e8cc1bad,0,0,0.00034415527
xgboost,fd1fb5a4dbc351d21e8e3a0057f041315e4328f60f,0,0,0.15244524
xgboost,fd2039301e73bec1085a817995b54e4e0dd6218afa,0,0,0.07896793
xgboost,fd39e16c9e1201637c43d2315945a5f9c1a8f1b09e,0,0,0.0003668598
xgboost,fd3da16c71a90d33b2a87466c1a6c1fe2c181b28b0,0,0,0.00063679816
xgboost,fd4153b5f5e8cec82b3d607cd185b5f5f4968b0518,1,1,0.6309033
xgboost,fd425ffea2d8717876b523a52bb5652fde7ca2bb89,0,0,0.021703979
xgboost,fd45ce038de881189b5061797aa6e368de24a15499,0,0,0.02379403
xgboost,fd4aa78b878c193161ac73593ec34f3dc947723663,0,0,0.00037296838
xgboost,fd58ab4bad70366efcc1774574c3c513e41a2685a0,0,0,0.0003183587
xgboost,fd59489ce8f1d234871841491bf0e65248ba76ca2d,0,0,0.029226005
xgboost,fd597c5fdc534d594fe2e7e14e90692e85ed7a254b,0,0,0.22801352
xgboost,fd600e26d0e27aa76096303aa5ecff68dc078c6af0,0,0,0.0003183587
xgboost,fd60b7dfc893408298423d1aeaf4e0ad0f0e1f2b15,1,1,0.64371026
xgboost,fd727434214eb6047759229dfe6c3c88187b6670e0,0,0,0.017953359
xgboost,fd78dc3740368bddc147a34e754d5ebb7546ce6c0c,0,0,0.00042327403
xgboost,fd7a5d4a72918e791d80fd24efe57e2b6bb228b397,0,0,0.11239475
xgboost,fd8302dd8af47966c106e8eac075c857a22c793555,0,0,0.00037296838
xgboost,fd850898779b7144c6743c1af3a240ad4ef4c8046d,0,0,0.025876993
xgboost,fd977a80dff06075075b20be2d7e04bb19d7a5ec41,0,0,0.09539811
xgboost,fd98766997d6873bf0a55fa3fb5d0860c7444255ff,0,0,0.00078046566
xgboost,fda1ca7c21e7f4e6cd3b56ecc43503e07b1e1a01da,0,0,0.03023339
xgboost,fdabc043edd930fce822c1006fd55e3c015ad82c7c,0,0,0.022123944
xgboost,fdaf72e94764d9c063179e4ffe2c2e1342908732e9,0,0,0.007452481
xgboost,fdb7075bc0c47db34b3bc2209f81cb13c5babca4eb,0,0,0.036837205
xgboost,fdce335c73041e8629ff9cce82e9f1319a509a6772,0,0,0.00030038686
xgboost,fdd3f1be398b985b1e97fa90bf121d7c2ac23b0d3f,0,0,0.005197153
xgboost,fdda6d4efce5c94dd949717f70d667e4c2c41e3b8e,0,0,0.0022030366
xgboost,fddcd50366ffb4d5df0d3971165ed2cd20ab39dfe2,0,0,0.034807306
xgboost,fdde7793e1dc794bebb0289ce5dd16a2634ae61f67,0,0,0.0006071794
xgboost,fde29adbb2fa1887425e9319a2755f97ed32e49ed2,0,0,0.00034415527
xgboost,fde6842db6ca5d681d8758e37e96c137998fd183cb,0,0,0.0082098525
xgboost,fde69e8b40139b960e0fdda4c3c4f77cbb197a1b38,0,0,0.0014350319
xgboost,fdeda2545112c822763d2d1b8122f9e3b54f7a65d7,0,0,0.03861649
xgboost,fdf2ee9407893ffeefe93731195ee9cb23c09a5150,0,0,0.0047180536
xgboost,fdfd86ec11cad85cd5fa1b16f31645a8fe6cbb7386,0,0,0.00030038686
xgboost,fdfe25913326184c16fb48e07f826e02139241bcc9,0,0,0.02379403
xgboost,fdfe83df9728c3eed7f0c6a6c232b8b82c70b21bee,0,0,0.00034415527
xgboost,fe0be08f4ae21aabd0dbe7b4a9d9d5fedde7682119,0,0,0.007891431
xgboost,fe0c1a73b8d276a374b1265ae47ec19aae91e4cddf,0,0,0.00063679816
xgboost,fe0c7e0770a66ef035bb3edb213b3113e8ba2541ee,0,0,0.0002330163
xgboost,fe0caae8c266afb5de9041abb73f4ba5c4e07809d3,0,0,0.00034415527
xgboost,fe147a1f5040380dfd374ee0c153c031627061e6d6,0,0,0.0008583634
xgboost,fe1b53cae3ed096f6b00a082ca4892651053eaf7ad,0,0,0.017295288
xgboost,fe23b55c5bddf8f4deab332534f24f67dca0d44fdd,0,0,0.00034415527
xgboost,fe2d2cdb68a2f11cff03da3e5b57fa7c81a65fdd37,0,0,0.14127648
xgboost,fe49ec8656d4df08418c2a5b4243ae2fc7e3f11f31,0,0,0.03925821
xgboost,fe50a3616e44e180ef541f8dfd6b6819a5462074e0,0,0,0.015226283
xgboost,fe55523fadf6e96ee4abfb426bbcc9abcf586e4adf,0,0,0.008825426
xgboost,fe592024694f1d18c19ee4a7ebfa0936ff1952e421,0,0,0.004977948
xgboost,fe5f6578b63b977197eaa93d205af66ae1dac91f05,0,0,0.00034415527
xgboost,fe69aab03bc8c9e5b4aeefa789148b9b0ca3425fa8,0,0,0.00057926105
xgboost,fe6c73f7e63154278d6cac0543472ad7467938cbff,0,1,0.6306547
xgboost,fe6d2baf214b55d624d0dfe78d4728a933be982e32,0,0,0.0003183587
xgboost,fe6f5539856bbda355a1990a7d54a931bb561702cf,0,1,0.64315486
xgboost,fe7303ac2a0afa9df7e91dec44e3afcf0ee40dde7c,0,0,0.00030038686
xgboost,fe7f483a34024d43ec9621f6eac5d3d7a76fdeef82,0,0,0.0003183587
xgboost,fe8b27777f98bbce06f3585abff8d66a193d2e4add,0,0,0.13653083
xgboost,fe91d707ae52cbac7a8d673ff9dc39c693ddaac3cd,0,0,0.020649059
xgboost,fe94d7e59f3bc0a9382725c556c357ec8224038a74,0,0,0.0006299072
xgboost,fe9f49a9c97596a666ad5683c2c1718e443bc21016,0,0,0.22801352
xgboost,fea2fe8fcc8e50d7370c72b8daf7fa08479068417d,0,0,0.0003668598
xgboost,fea5ff76da868f755d94fa7a49deba181d79a6bdce,0,0,0.00034415527
xgboost,feab7e7130e764cbb2d08dbac0fc0fa35390d0c9e5,0,0,0.00042327403
xgboost,feab8e2bf1bc6c4869b268a6d66e4ba815a2c52071,0,0,0.22801352
xgboost,feac2612fa4418e988487dcf8b63906935f421fdea,0,0,0.00037807395
xgboost,feb35b7496c171d1cd30b7982d4aafb7f5292479f8,0,0,0.00046689593
xgboost,feb58ef0d5ea824969d565845d6808782a956ed3d6,0,0,0.0002330163
xgboost,feb6f9b2ea7b3bd6cc550cf15ad1e5457dc0c028d4,0,0,0.0022030366
xgboost,feb70b8f45de615a6d6154e12aef3407acb3c3c8b3,1,1,0.65877914
xgboost,feb857b7a73f5df413ea415c0a16c1ae6741c011e8,0,0,0.00057926105
xgboost,fec1fa7e00c400c681607636a3f0e75ecfd164aa41,0,0,0.00034415527
xgboost,fec1fe07d3275be05965704987529492ac93f50cdd,0,0,0.0003183587
xgboost,fecc1318945f16ff8b5f352d9a6391d39362fa5b25,0,0,0.00044057542
xgboost,fecf37636de7c99d67736d7fc01cef3b460ba7164f,0,0,0.00029415396
xgboost,fecf3930899467b1108eaeda69006a55914bf37c68,0,0,0.00034415527
xgboost,fed1ea2587eff10c9d01c06e8e499661a08460c49c,0,0,0.00022021777
xgboost,fed6433df79aa76bd803ecca24a61f192e98d12346,0,0,0.00037807395
xgboost,fedd64553f635808b464f8a69ae5cdfecae7b24ec7,0,0,0.0053094267
xgboost,fee424bf986d7bef9ada4417fb13f62639004fd0e6,1,1,0.81158566
xgboost,fee75a731706d548be948c0467ce78ce16ce74f632,0,0,0.019841658
xgboost,fee819fff1430efc12cdb4f75b2bc9d6bd4574fb9f,0,0,0.20158969
xgboost,feef165cb9fdbdaa1663e869265448f3a29cf6d913,0,0,0.00029415396
xgboost,fef4974ace5d6f72c0e4183ce9a49058f13fb20118,0,0,0.0010745612
xgboost,fef726552edd413706b713272288ee7899cb63a516,0,0,0.0003925852
xgboost,fef964596d725f587fbac7e4464e1c0518b6874b19,0,0,0.00030038686
xgboost,ff01b88988d2de6b27d30e8587c6ab220e8ec8ce29,0,0,0.015873032
xgboost,ff06e8fed6bc1aeeb7f5c915873e7d9f3ceb6c818b,0,0,0.27358052
xgboost,ff10ec22581e3d933023be38d04d965c7a0057e959,0,0,0.00030038686
xgboost,ff1132b9d3feddfdc79a8b2b93d8cad7c58843da48,0,0,0.015253741
xgboost,ff17aadfa5ed0994c6d7bd9c50661ec98eb96bf011,0,0,0.0010745612
xgboost,ff1c5e16e203cf8d566a020808180768545b1e0972,0,0,0.1311861
xgboost,ff1db158c2fcb5ce54c07e82d8e7611d7a94143edd,0,0,0.0014972406
xgboost,ff20d407d727d554a75a8fe0801a7d2442b0f51221,1,1,0.84386146
xgboost,ff3c4b649fb15934ece1352d0c647f69803de85a4c,0,0,0.031720858
xgboost,ff480b7ada27026e8410e3645f01e170db119aeaf1,1,1,0.64371026
xgboost,ff48a3b78edfed197300e738382086ffb7c83940d6,0,0,0.0011728639
xgboost,ff4bfbc8d3762fead491ab37a7316199d2c63400ac,0,0,0.0010745612
xgboost,ff60d0e2839b166ae7301acc88f0266a8aff5d697a,0,0,0.00030038686
xgboost,ff65a52a635272daf943a53f68df4c0d52c600ebbd,0,0,0.034807306
xgboost,ff708ec37aadada23951f4a7d9773b3fdcaaa9d095,0,0,0.015226283
xgboost,ff7e3d58a53c10ef59f3435539256c58d319f98d82,0,0,0.00037807395
xgboost,ff7ed8ea97226f410cdd37950c5e1a1de6259c7986,0,0,0.0009133837
xgboost,ff7ede56ab6352e82d286a55ae4614b576f30db837,0,0,0.0082098525
xgboost,ff7fece72daac92c926e064ba76758a66dfc78b66c,0,0,0.2611296
xgboost,ff8534db559165043017b820f7ae903ccbcd21631c,0,0,0.09642085
xgboost,ff88189ae5facb86eaa6f4dd09c9d113135ad0be3e,1,1,0.6306547
xgboost,ff8f0530b1d7204100dfded90f5921251f57bfe7db,0,0,0.00042327403
xgboost,ff906ed014602344ac905df42fe433cd1ff54a89cf,0,0,0.0002330163
xgboost,ff9216f1023962985ae6386238e338985f2ed2c3fe,0,0,0.0002330163
xgboost,ff995f5a52110accfc048cb00ffb09dafaf183a372,0,0,0.00037296838
xgboost,ff9ff6defe8ddba3bd1146a7701b32a4990db95d79,0,0,0.2611296
xgboost,ffa0374ee993f145a2cd14381db4d1647d53a8fa6f,0,0,0.00044057542
xgboost,ffa4debf2a3f36e194b1d6b0b9a41959f69d889eb6,0,0,0.00037807395
xgboost,ffaa7914fea889ca5ccb1032efab9983c6711b71ea,0,0,0.05705226
xgboost,ffc5d58ee9f12f0cb0c7cbb4888340552e265918a1,0,0,0.00042327403
xgboost,ffcb688f091dd0ba8519b4961486376d2be023e54c,1,1,0.64315486
xgboost,ffcbaa60eb6735907d8eb60c52f32549273a36d968,0,0,0.00034415527
xgboost,ffd772525c4965e9b9db4602d9554f53d297a87ab8,0,0,0.0002330163
xgboost,ffdfa2d5a68179273b05b4240deaf4bde33fd1a7ba,0,0,0.07730112
xgboost,ffe7433ffd611bcb547ff72bbe1635bc32a803f1c7,0,0,0.27309594
xgboost,ffea3d04e56a66d460cce1086b9136af747662ea28,0,0,0.07941774
xgboost,ffedd1f423c3e04f1930a7e4323e55e16c459ac855,0,0,0.0006716701
xgboost,fff191a8ed21f580ee769f27b8548d970e01e3e021,0,0,0.0002330163
xgboost,fff894fd6944b63686e3b0201217588ba0e2eba6d5,0,0,0.15299495
xgboost,ffff804032e443b254d4292230d8a64bc542928be9,0,0,0.006158658
xgboost,fffff76ffb5d4763e70f8aea403985f232c40d8ad6,0,0,0.00044057542
