model_name,author_id,is_io,predicted_is_io,io_probability
logistic_regression,4599e15e04c91920d17ae0eaad765f85a980e56589,1,1,0.9754834135029599
logistic_regression,f49d9de5613f671f7d2bdbea3b3daf4aaf7f5fe465,0,0,0.010300615160735672
logistic_regression,902c3deb16ae5bdf0840cb2d6d3399d314a49032ad,0,0,0.012265885458158076
logistic_regression,cc07dc7e39521ca68a1e7a3bbc8ac843037025372f,0,0,0.00979096608485311
logistic_regression,301cf923b07a3007c374f49943255af9dc41f419dc,0,0,0.012812191574997304
logistic_regression,1168058e557794bee8be18ab2ea88526e225807c01,0,0,0.0051279321125835215
logistic_regression,2c8103b38648835b82bf1ffb9e81cdf2a4d27e16a7,0,0,0.008273037141950568
logistic_regression,62d252812b62655a63283767efe6863034822d3700,0,0,0.004752197049403717
logistic_regression,b462e3103eef9557e8578c072f03db45434481861e,0,0,0.006351887168475666
logistic_regression,94f0904084b8cc4d7d8014c2f25f84310d7ea5c2f7,0,0,0.011673506750291173
logistic_regression,797b4edd60ac2f82ef333145969d5a66274c155134,0,0,0.010853369823861054
logistic_regression,1a256bcd182ed6e30874b0b9ff6c05bef17d623aa6,0,0,0.09129131333497424
logistic_regression,0aec7e92daa0894be481ebac0d0e4634f3fc436872,0,0,0.06391371095231127
logistic_regression,0990611f36323b9788cd61274834f14dd9b627de13,0,0,0.08261268758705964
logistic_regression,1d156d119b82cade019aef3fd4bdb6bbd3d3237b3c,0,0,0.002251790711799942
logistic_regression,b5170838f07782b90553084424a1e97a67285f8efe,0,0,0.2942676794268491
logistic_regression,7f8c9431689a4dd216c7a95747ae1770821ca75d10,0,0,0.01914506777912894
logistic_regression,2cb073788b4c6ed3a302d6e9f23f7122a300434afe,0,0,0.22380107248999837
logistic_regression,17d1afbefc278b8c2a153d95d2bd3a278d235baf03,0,0,0.37950938373185017
logistic_regression,fb315f117d3c8678ac924a521363863a4b28a3c450,0,0,0.013771127967311423
logistic_regression,ea39a24b42f724b78ae235aa4d808f820743f89bbf,0,0,0.36178531466665237
logistic_regression,5ba2c28811d753a045c581aaf8bf93244f516c6576,0,0,0.05865694497003276
logistic_regression,e44703619aa5c9cd1dad1268357c01dc9ec821e7cf,0,0,0.005962234106204931
logistic_regression,4ea37e27cfb57cccd05fd3b98db4414fafaa596f14,0,0,0.008230108431884764
logistic_regression,42dad4bbdd9706b7136e45170b5894c3fdc057c231,0,0,0.01240247112532009
logistic_regression,0d3d1d645a7b245614327ffc84640e6a8e9e20a17c,0,0,0.06340870475615837
logistic_regression,eda9ff54bdd9ab6fc42a2ecf1c6f1939c44257c9a3,0,0,0.008684966351815721
logistic_regression,fa56a991ee519dff756c0e1bb6b8c4140acca5f4e4,0,0,0.04454095656975714
logistic_regression,900e4b2d033579e2cb6d542e583ad7e509bc176829,1,1,0.9472299186593663
logistic_regression,7bae11a7e7056d12f24b9e73becf509309c516dbbb,0,0,0.0062172283635900626
logistic_regression,b3e539439e1bcde782979eb4a2115347a97ca3b225,0,0,0.013015000255782104
logistic_regression,1f3bce3fea39e7aeacc38089bf2cf31d869b33c0c9,0,0,0.0028606071866908245
logistic_regression,9bd35c3f8a6ba2f5068a67cb386bf78a467b42d631,0,0,0.006933568273562434
logistic_regression,2eb7fcb06914d3eb82eda9ddd07b0f15fec0a4d7e2,0,0,0.01975432675534499
logistic_regression,7d3827b936ff2315f06d2711a9df03684f4d05648a,1,0,0.1472457021065663
logistic_regression,05449c432ef853ed827487ad04b6f823d34c6d97b8,0,0,0.06824540137461545
logistic_regression,ec4437af78b7ba234ce5e7e74758ec053040525d7c,0,0,0.0004668836733506576
logistic_regression,475dbe10e28ddb2d3f2b99ac845a57a740ea7d15c5,0,0,0.09913909634737982
logistic_regression,92fd6bd150e35c3e495b5dff83ad0dfa71a86fb33d,0,0,0.04940212750182919
logistic_regression,d1eea1c8fa54390e626c58279cd1d8cb522aaf7ac0,0,0,0.001100117229970203
logistic_regression,c6ea2a84cd94560e26f71804b613cfaba2a895774b,0,0,0.09913932144450578
logistic_regression,859bac7137079144a9e84adebee79806a1b9c4c1e7,0,0,0.041877800934776686
logistic_regression,23b20ccbe0072fb557e959e0f8d6b10b887a3ae666,0,0,0.009815443576666139
logistic_regression,10635caf6bd7f1cc7fa61046696220bf52fe1a76b0,0,0,0.0032567173672978303
logistic_regression,7b85366bf0d0de19614a74842b956f9e07591212db,0,0,0.05549916159183901
logistic_regression,0d249818aac501c7179971c0c51a3c0585af4f7ebd,0,0,0.002239601425546979
logistic_regression,55ace1573198781bd2bd8e3e8e4faf8ef54e977139,1,0,0.0019099722395080692
logistic_regression,ed6d0add58f88fc94f1fe0846c90e345de85d3f215,0,0,0.0019597960604330112
logistic_regression,8d55000987d6582bdf5879ed96592389d35957ce36,0,0,0.0944745984236454
logistic_regression,2faa8af8bb605839323b2868a416693b2afa30717d,0,0,0.05112718306673754
logistic_regression,6da0dc422c9e4497fc622b6b05018ee7dcdbd1279e,0,0,0.0008077041111345794
logistic_regression,2e5b914f6978e8a54594dfbf443c9cb9ddfd2fa979,0,0,0.0011823921367563718
logistic_regression,9e574b6ff4563ddf7fb5766b54976651e4d1cef0bc,0,0,0.001460807565999911
logistic_regression,0640bf09cbc1631a12c7a3a4b2e8c2824a34306910,1,1,0.5282172602680466
logistic_regression,6aca929b8f5150c4017236307d6fa60eafd708ff71,0,0,0.0008997422339089657
logistic_regression,4dad4ee2bca238f987336a1dc14d3d34224986a03a,0,0,0.09913686037025748
logistic_regression,d6a0a9dd11db71067e1fa56c82e0fb1c6c7367e0da,0,0,0.046644765824282106
logistic_regression,3d470e14582a13328127d45a60e816f7ebf82988eb,0,0,0.06822922801232892
logistic_regression,69a89add929b2525f2b5c4ff755127d17ae4debc90,0,0,0.010583406926344597
logistic_regression,e6101d46b8029f58b742719197e18843b40c3c1485,0,0,0.06940261231132303
logistic_regression,129d26c0da0138905e49de60e04a8ab6f2856b3cdf,0,0,0.08107590056540143
logistic_regression,8d61afd22a04dc7a6204f0694ac3795365e7b2f54e,0,0,0.048578574819325746
logistic_regression,9ba7ed0a41bf0e4d5871274290fd7c4f05778949ca,0,0,0.012269143845396282
logistic_regression,e09fdbe7c96f9da0c4d70132054a640d3d8464f583,0,0,0.0019443095137240314
logistic_regression,52e57b879aa3a54b0dd7371ba952e0d6fc459cc184,0,0,0.4356634060387028
logistic_regression,75d0f2b2e6358ec95310e3fc7fa42545b6d31391d2,0,0,0.411322584303345
logistic_regression,157c7e9dd0e3074fca4fa1fda452d83073ba176db2,0,0,0.4271770369703769
logistic_regression,726c508f6af2be540f933530d0b185228e175e01a0,0,0,0.4260786529762707
logistic_regression,c4b4d1c790a3cffcfcd336554daf1ee5f152981830,0,0,0.4070798029127101
logistic_regression,bd991eb91b03cb56487356bce2ac496c394cc0d788,0,0,0.024008431614728595
logistic_regression,81b45a57c83f6e7641069af7bd2d178898dea2b0a2,0,0,0.008642240296483444
logistic_regression,76f385317ca634cb3047c9469f5315d2d8da4a8aaf,0,0,0.06495004147269971
logistic_regression,a8eef8ec3ec4c5ba004b11baabc7f3627d446dfbfc,0,0,0.006616879630978675
logistic_regression,0cba19a210ab667ddc3afe08bbefbbd54f214db97b,0,0,0.038428577292394024
logistic_regression,f34f1c92edd3e583ec65e65759c08815989ebb75fb,0,0,0.12533145465991366
logistic_regression,8be41c76e48775705a46a1a61b7f429d7c8b4b4fb8,0,0,0.07015327013041225
logistic_regression,88a62f09bb7bf320e41c877afd7e259f6f6734ca3c,0,0,0.09979352162539984
logistic_regression,7cd1ca96c9243166385678dac5645079d796f176ab,0,0,0.05726813181943248
logistic_regression,17bb094a6d775de9d70947b9807f36417dbb0b9463,0,0,0.07618756936830574
logistic_regression,3abf99907a41c851b4f5c27812ba82965ce21352bc,0,0,0.07616589931569072
logistic_regression,c52003b87be2cfc081f0b60889681ee6c072c857f0,0,0,0.006143507427937127
logistic_regression,b8edd7825ba16154f8bfacb1197f2ae682ff827e48,0,0,0.01045674639394586
logistic_regression,446ce74d7d8218e7b7e658ecb23ad7cf16dcfeeef3,0,0,0.023496847330239243
logistic_regression,24832c032b2cfc4a025a84f1df5305353e856ff337,0,0,0.013557541443699871
logistic_regression,dcf9622bfe03150e3b56fd2f2c78a57dfaf88405e5,0,0,0.09130761731668752
logistic_regression,97d71bb959673fe81b2a117ed157323c813ca0468f,0,0,0.09080955513750871
logistic_regression,a7f9f39300b558c85735b07c1579d77f3e6b97a78e,0,0,0.005218103396482787
logistic_regression,dbaafe95c318daf0191c28976de99cf8761f9a0c46,0,0,0.07177452955924445
logistic_regression,89123f5b336050577c78561fcb7c3412b4d5dc84e0,0,0,0.008486075842157388
logistic_regression,9743c954702630719c95a4d780320957ca928d0080,0,0,0.0162349218140064
logistic_regression,9e985e41a504090dd8b775fbfee9ff9f46e8ccedfe,0,0,0.10453661817566215
logistic_regression,a2b91c66c1bb7743caba62a5cb000a3580a0a1fab8,0,0,0.03782722106287008
logistic_regression,1760a0dcf3080dc9ae66ff84116fbd573356c70e11,0,0,0.05211234354724093
logistic_regression,590934efaad801636f0fc816f62b1840c7a146035a,0,0,0.06958508504175459
logistic_regression,abd07c34899a0b8e28b8bb88222a6633d9502679de,1,0,0.1400606632574193
logistic_regression,f2f6603c2bf5a11e89aca332f7c672940552e494fa,0,0,0.00542012017764541
logistic_regression,1c802f88fa080e82211ac23f2a0af38e77feaa0acc,0,0,0.07674019876382451
logistic_regression,fb515d6acef2b35ccf30fb7ec4bb71822d87549eee,0,0,0.005766533069328818
logistic_regression,72cbff4f86397a07d3c36d706268945757ef2c1b6e,0,0,0.032345019888209245
logistic_regression,253256f8486b76052d04bf96931f76bf1225aab504,0,0,0.05701260966998515
logistic_regression,a882957e8db73e24d1e377706801d1cbcb4a7d5681,1,1,0.9391170323329939
logistic_regression,8f95e61d4d1e919635fb4ff06c5974eaeb50d028ed,0,0,0.11345623498767175
logistic_regression,65b134600777f60a8736dd4b0bf2bb6210ee5ff1ab,0,0,0.001376707758350913
logistic_regression,db2f4ae0af913e8cb26dd714339308392595e6c3b1,0,0,0.0006382233196693232
logistic_regression,eac6d377d085ee8a9d7b0cc460da685ab34209e1a3,0,0,0.04223690445623481
logistic_regression,ab4cc0e3265b98de1f1c6f293bcc5b908ec3bde50e,0,0,0.01673563505025041
logistic_regression,2855a30851eda4c9c8e389c6088dd02981dfc95699,0,0,0.1295350449148041
logistic_regression,6bbc747a989795ae20a026f876e2fa3f274a8264b6,0,0,0.13602556569856375
logistic_regression,31ab4ee6ad45206c03624f265d1fe82cb861e05ed6,0,0,0.01655077591116471
logistic_regression,921958593885711eb961eb8604e10cad816da03fd7,0,0,0.015326289777701218
logistic_regression,cb5b3e585ca887e5adbfcdbf2cd4753607b26bf303,0,0,0.05913907471389138
logistic_regression,c128692858436fb2f090e2296181ff308c4ca70281,0,0,0.05748339928297431
logistic_regression,841bd5802a7f7fedeb4cb18b3c7adb82940c566d8f,0,0,0.015738315179190148
logistic_regression,4d7a6cd6eafff12906ce9f6cb4217a60c590b2d870,0,0,0.11610439076591511
logistic_regression,794bb6f38b70e43de6101eb7f2327478824113e3e1,0,0,0.07361902399230587
logistic_regression,c9153c8ff1c8e186922a605ebed4dcee71d9aa67be,0,0,0.10624399492204574
logistic_regression,9d2cb28d20b3e771c63786d88770cf1ae0ca999ac5,0,0,0.03284469838707301
logistic_regression,e1d6b07f23cb41d630bf8a478ee964743684e3af34,0,0,0.06993038517374835
logistic_regression,4fcd38cce7c7ed6c81154b11152b371dca407af705,0,0,0.006242166696679561
logistic_regression,0c569343312c9879f0d8b616215acc3f7e6b43413a,0,0,0.013938157707287898
logistic_regression,a674eae92f8cf209cdce3d425f602058b6d347daf6,0,0,0.05566547034911123
logistic_regression,4c121d60e507bb0094cb275e3c8f933ffd3cbd5dbc,0,0,0.06904862303570565
logistic_regression,07261e292301d3e5f4b913de5a543e6e7114a02b25,0,0,0.09510241013471937
logistic_regression,6611f6c372e125f304197de77ebdfae7acb1c41ade,0,0,0.0723981035735186
logistic_regression,2a4170ed8a48c665ad8ab3c1d73fc6bd931d65b00c,0,0,0.008686246120953797
logistic_regression,55609e199b5177bdfe02de920871f7d55a3f058528,0,0,0.015257973302580111
logistic_regression,fffad6b286cdff9f0a8907ebffc08a99b9f895de19,0,0,0.0580489091305445
logistic_regression,253caa1a16ec710ef5a397ce09669c1b18a47974d4,0,0,0.003357624474708649
logistic_regression,3a74c5e286cbcd167bf218fd5a96afb2a968708d63,0,0,0.014194175374767345
logistic_regression,d62eb056d16125d7c597691d82ed8ed90fe85be121,0,0,0.002419938330480525
logistic_regression,7fcefa1f8b2c87d6b9144f866fde26b72f9d675fca,0,0,0.0262720527300211
logistic_regression,06daaa49684004899699e1e94e6b75c95c7016282e,0,0,0.014924516703475863
logistic_regression,79e53c56f3ab0b8ffab4f58f670cc1f16392858151,0,0,0.04016895173414376
logistic_regression,8e6ed7928354e066448ca16fa85aa30b3c4fa7f1e6,0,0,0.10591109740015672
logistic_regression,fed90b97f5e361d5bcbc414cabc80d1b9d7e05442d,0,0,0.03421821841252235
logistic_regression,0dc3443f376b06c47ac0c2b289907b89b068f08555,0,0,0.04509021519492811
logistic_regression,ab70aa4ba99ec82c7b6828d5473b93adc53df6d64c,0,0,0.022145420328982
logistic_regression,f5b1485547b4eb6a2e47d734ade75a02b3df80f4cd,0,0,0.00043477071092721403
logistic_regression,baaa1667ef73581f3c19530a3e6de1ede868327840,0,0,0.07157365485971647
logistic_regression,389696403e1ffbd77f8b28f6dd76974cd19c62070f,0,0,0.013194037735917184
logistic_regression,09ab8c108c7a778933e6ff8f39a0a9d177053c8a98,0,0,0.0667414606389025
logistic_regression,0ea3ae8d9b7b9f26eadf2449260ae6977fe66c8d98,0,0,0.012931035186747637
logistic_regression,6841ad946be28f2e5fa4b86afe4a0f2f9844c87a30,0,0,0.1233132103407703
logistic_regression,916fc37401d7c33d2dee1885f5bc9e97fab52eeb5b,0,0,0.010989111815168616
logistic_regression,eaf020c916971aeae51e901cc84bf933ec4b190579,0,0,0.0014961484735010397
logistic_regression,2581626f583c88dbab63633f348d101d9103ab773b,0,0,0.07113387988593657
logistic_regression,fde50d84fe142dc25033ac54015f740c4c90664e82,0,0,0.0627281215198443
logistic_regression,d06e5caf047b540be619b03942a9e975f2912d2c0d,0,0,0.08941259181333397
logistic_regression,63b22d1db833e0446c5dd4907795a2f7b054902249,0,0,0.00021188363090357258
logistic_regression,99af12c94f8d3a7c00aca89290c72715c7de0d76e2,0,0,0.11653245171073173
logistic_regression,a8f25017172efc777e1d6e67e7f60dfdd85dc6ca93,0,0,0.009440333855022394
logistic_regression,b4c750810aa8eea159a9e306e5115648cc6579bc69,0,0,0.31928800540194396
logistic_regression,823abac334ae98272731b0982bc845a26e5311f7ff,0,0,0.10029287529594788
logistic_regression,be886b58d95d674c2209efaa8ba776f94b334925e3,0,0,0.3564672764293659
logistic_regression,b9c82d7b411c037a8248c7b0ea97c73fc22b8d403a,0,0,0.08003882662649117
logistic_regression,61849f70c9e6f7628596ba1e09b8923881ddbf4a91,0,0,0.1453889267966064
logistic_regression,c4365a02db4fb2d501c4c371a23863a0c32e2d89d6,0,0,0.13903821948231376
logistic_regression,ead21ed8bb9fcbe4eed65a4a0221e06279e5fabf15,0,0,0.34292416593030595
logistic_regression,0ddf6789379ea831961833f1a5cfc43fc75611311e,0,0,0.00995506675792901
logistic_regression,667bea8d739eb740acfd846a4a14d969f0cd416075,0,0,0.3410279540632965
logistic_regression,9c773ef2514b45e2d1c280ef46df3583ebf6351e6f,0,0,0.3414422079747005
logistic_regression,c72687f2e18be183d779c6c29fbd9c088b6523889f,0,0,0.006368156955818927
logistic_regression,0996793ba2d4d97ba82abb24c70216031656abc543,0,0,0.019305380918253155
logistic_regression,97d1ae4ad33bc10e2f324fda7f377b1865102f52e4,0,0,0.3134548115282228
logistic_regression,6b929950ba9927aeae35e2def446ced3abb77b090e,0,0,0.023424398715341247
logistic_regression,b78554603d5f12bdb1abd914382df20ea6415ccc1c,0,0,0.004857692765491713
logistic_regression,706f27b94b8c81bde48d94a3917220552881ac2572,0,0,0.1292209712389873
logistic_regression,5cc1b3a9f716ca41f9ba4f542ff859d3da12b8dc17,0,0,0.08833589744577253
logistic_regression,ef8e4d8d0a9584d477da7e3e0f227df07d521c6d22,0,0,0.06642964836085681
logistic_regression,db8a301c07af8258aca3188484cbc6076530d3a244,0,0,0.008055757345039494
logistic_regression,5ea32767f4f61bd1def0f6b033265f7400976b264a,0,0,0.10984756384747968
logistic_regression,2fa0f7154edb1fe14fefb6445d87921a65e4ba0aee,0,0,0.005107010264536993
logistic_regression,093205ca47295fd7571ffc5453890dab64ae5ae4d0,0,0,0.057301725656222886
logistic_regression,56d3337f9764c813468f5e9eef49f392c27cc264b6,0,0,0.040603830564641605
logistic_regression,8df7d53d7f9a7bf6924c54f2575d9adac3115ecd79,0,0,0.07478897787850962
logistic_regression,64a027ad58aa7026846c884ab0d23c2bf8ec23286d,0,0,0.10168176136671718
logistic_regression,5bf23c687bef89aaf553e3931c50cebedb10cd7a1f,0,0,0.03823105899992417
logistic_regression,0917b023cf66ce9a3b8c258288d09728f3b88441d7,0,0,0.014707177215626583
logistic_regression,e5d670086a84559f64457219647d0eaeb45adcdcbf,0,0,0.0015008241171609801
logistic_regression,66680613d011fd1dfd20885937d3ab0657c09347cd,0,0,0.002985657179771874
logistic_regression,4f13485429991f0eb90ce2e5de82990d7be5ec1ebe,0,0,0.0060528393952453295
logistic_regression,2c5b8654b1cec765970025e433cc259e6e37fdb24a,0,0,0.006090246045749467
logistic_regression,ca2e0872770f97d9c0c78690e35e6fe85256b4ce0f,0,0,0.06722589173919084
logistic_regression,5a682ed07233259530605799e32feb0f0506983d12,0,0,0.10154672592231637
logistic_regression,6bf286b603804af8e7136895420e7a8157677d072d,0,0,0.06037491960893775
logistic_regression,9f69377e005d40429b6bf5336ac59fb8324066b381,0,0,0.016123544211479473
logistic_regression,b8b1a4f504a5f374b3ad66d711b91a299f2e8f5427,0,0,0.0013850224406065925
logistic_regression,8e55da96809437474ce2943c030156c601392da841,0,0,0.05430486358124558
logistic_regression,a1535ccf5e400456be368579a8af0dd9d8d823dc2f,0,0,0.10998474299843826
logistic_regression,2bc0f0d716b1d3ffd5006eb57e7c319de372cfae02,0,0,0.08440382424995671
logistic_regression,c307e67c015f549fa6be340c69d2d534436dce00a4,0,0,0.015942573259650372
logistic_regression,8359ff827d8229d8780b6c92e95e890425a801d0ba,0,0,0.09008696738067351
logistic_regression,f08fcb7b8ff5aa47defbc12efbe0925729e2e8d65c,0,0,0.08585718448004073
logistic_regression,e70846ef7dd412cb36618e15345689853165e1e18f,0,0,0.012538902551436297
logistic_regression,b8478ce91c57b39f33ecf8720fe39d6a2e92e11b80,0,0,0.05013945976308212
logistic_regression,567fb3e7dc9cf618ce26b0e4eaec05fe06fabc22ac,0,0,0.07491631271235444
logistic_regression,fc5ad1d6fc45848b6e2d5d095ec4bcd6afac945e82,0,0,0.007600494942797364
logistic_regression,292180c04cbd4ad15d4e0e0d310fcab162f114d5e2,0,0,0.14411763341764505
logistic_regression,2a3968946056c8e4222a97a689f74ec20ba639612e,0,0,0.028809449497359394
logistic_regression,abb4bf75991fb090225c3e0ccf5d62a12b8e2e1452,0,0,0.1416379309915007
logistic_regression,0a6989f29c4c91836ff5a432ad0e67ee2238abffbb,0,0,0.02903069996900636
logistic_regression,ea3b557595c10dad5cad1bb38d15a2fc7df7fecaa5,0,0,0.09106861864322911
logistic_regression,ca54d90d93a4efa8d7aa04a67acce12028a19030ff,0,0,0.016845233582532357
logistic_regression,39d9be4acca19f8181aa207b64bd55433de212fe86,0,0,0.0641360281580491
logistic_regression,33a7736a6a4e7e72f562e97af78bfc501ca9d4c05e,0,0,0.000289617460918931
logistic_regression,4fdbae0e0f1fff806e68c986a7517f15c6d6750e67,0,0,0.01707936250154714
logistic_regression,fd66cc73937c5e0182a50ffd60344b119d74cf7c5a,1,1,0.7847363741467344
logistic_regression,3eb55edb2bc23989b69ffeab4be190f420a519256d,0,0,0.06688549037431775
logistic_regression,5d1c3e50597f4b0707a8ff1787897b1397a9609b55,0,0,0.004536350797917534
logistic_regression,47cf9e3ca16daf20cd1702d82d4ae7326bbc2e752d,0,0,0.014885798618251404
logistic_regression,0ca1337a203cb7b35b23e29932a4dce97383bd5314,0,0,0.003936846433250204
logistic_regression,5819822f9440aefb7fec00df53188156f46c179c67,0,0,0.06943762297816865
logistic_regression,037891e75b006a287893922cbf98c35c6f730c2b3d,0,0,0.0030603921764344533
logistic_regression,103f4d358f8200a6843e4b53fc492462923c511c08,0,0,0.07091260844137981
logistic_regression,7f9556a1f551a57db0927772ff443811e1eaba412a,0,0,0.06939114803377733
logistic_regression,9253e4dd0c3ed921da05e7a8a964df29e0016715ee,0,0,0.016270515713401216
logistic_regression,e2d46616a031d40ec4af50e3b86a35da84d3b3fabf,0,0,0.015479729697045556
logistic_regression,763b1704637aab29823dce4e42f9df5d93444ba608,0,0,0.11605316628539272
logistic_regression,a7751ffb964a0a7ce51fbabe55a702a8b96de2e252,0,0,0.06252666109162797
logistic_regression,1168780c0fe14d799de8f7faa4850532d1766589f2,0,0,0.017599539086053575
logistic_regression,79f89276405e6980503a37f2cce8537647f11b6f11,0,0,0.003919604421959064
logistic_regression,780bdce808b162edbdba4e83975cb3fe2c3cf087d7,0,0,0.13735699136491983
logistic_regression,d2c2dfeb81ed33798b08c2c4d8c9b6f2a284aac6a9,0,0,0.0011484259409272506
logistic_regression,5de68c91e0e95a7e44bb71fccd1e3c08e03653dd43,0,0,0.08653530557063255
logistic_regression,535813a6ec65c51bd1a99aa5fdd7a718756124bdce,0,0,0.07361982205322383
logistic_regression,6ba42393011e10f46af1962e8fb790c47f3522997d,0,0,0.08094931570566656
logistic_regression,1a8adee5eae283138c17c7fdc618b2249f0efd15e7,0,0,0.014691622406885357
logistic_regression,60cb951cf7783124c7b410e11d35bde4987ff2da78,0,0,0.10448011776144962
logistic_regression,8ca4f6e395d18d2e4f7d21220525e7c8ff9827407d,0,0,0.06694352138960422
logistic_regression,e84548cb751dfd9b938040a3c0499f24c375dc6bb5,0,0,0.1236087035384544
logistic_regression,cc497d1db048bf7638ee70415346695b99fe971f60,0,0,0.016321012618410784
logistic_regression,19247f1a9bc4eca6a8c5c03beed4f452b6e1ad293a,0,0,0.1304233300950952
logistic_regression,f474be115dda7768a64147a1941adcf95737e810ce,0,0,0.10988651247159657
logistic_regression,f08125134a9a5d08f16fbf672ee58ec692a5b6edb6,0,0,0.0030780198030617035
logistic_regression,74b01029067fc9cf83122d7a26d457af12e4ffb80a,0,0,0.001199167653978151
logistic_regression,8cc2f3da248b14e3ae882d945e0e53fdc02c7a97f2,0,0,0.06546992850161269
logistic_regression,46358425d52ce1e759c3cb044d9d0bd2023d1df8be,0,0,0.06707890210014227
logistic_regression,87938c2e0bc4645d98dd42583bf057acb7b3b7d497,0,0,0.05809250152980196
logistic_regression,dca8f7fb7929dd7295b71083424bf26275e7d93056,0,0,0.07130819955987817
logistic_regression,4bcb982ff4613ab35fe521649de1d258e9750c7571,0,0,0.006290463226060992
logistic_regression,e57879b42380323545bbc21a51379b953f57623074,0,0,0.14957843221865322
logistic_regression,780436f93005732c8f7c0760f1c1646fc88c6a0a69,0,0,0.06525140237601518
logistic_regression,539dbfa822764cc6ca982c0eed83e63e709abfec1b,0,0,0.1502098320581565
logistic_regression,c495e838cda7f1cd5b0b5a1e2f1106e8ef6abf02e8,0,0,0.0752357656564389
logistic_regression,b7bb11c3d9a7a509481f601bc6a2cd8333a20b60f9,0,0,0.018660012996872748
logistic_regression,6a5b41ec02199bc0f806e248b14a39dcf21c93679a,0,0,0.06333344899793526
logistic_regression,9d766d95482993c1aecf4ac9e08d15e9cb878bad1a,0,0,0.19538844561684904
logistic_regression,202ea05d0e3d0708d0f1964800c794cbd0b40727c2,0,0,0.15017910861548908
logistic_regression,bddf6855c560e66935759489063bd4232fc0c4328b,0,0,0.1846935511635732
logistic_regression,7bfa8f687ea50860342c3e1f60a574a4503c8ca78f,0,0,0.11160458694598707
logistic_regression,46d34abd327d462c9742b5f31ecd6a5a498e5478ff,0,0,0.0150966217992329
logistic_regression,506c4e48e56a79e90dce4a5706fc5da6405bcda60b,0,0,0.0005243923347438713
logistic_regression,08566ec511a4746eabeaa600b1ab45ff28efd26e13,0,0,0.0041230304446145385
logistic_regression,749b7b224eab100e3b1c0f98993b79dc1c01a0f9b3,0,0,0.0031024436884186544
logistic_regression,400441d18f88829f87850bc93cdf3a71e4f984c6cc,0,0,0.005982555059127324
logistic_regression,6c6b0e54b055f66fa7ef8f9081e08dfc56a74eb1dc,0,0,0.05581459990604533
logistic_regression,2586ead31ad9f4698f24077bcf0a97190ae39ef3ea,0,0,0.06869958161980592
logistic_regression,674f22bc4d9e3bad5eaf45ee4bd4ca8287ba44f5f0,0,0,0.008714751891318071
logistic_regression,0f24073d838706ccb112566e82df31928a7a3a7cb3,0,0,0.006891828320922315
logistic_regression,46012d636f046f1b9e312258f376503c1c21894642,0,0,0.07116394654800026
logistic_regression,21d60990be22166cda35fa838840ecc15b6a48936e,0,0,0.1715877484294759
logistic_regression,087364aebaf78774c6bacd870c48772614a47d6761,0,0,0.10465142557972544
logistic_regression,f15d9dc0a9e09373bbf29c73fff153afa7b1e27383,0,0,0.2727479813453408
logistic_regression,ea472175b8d8cd0430b1e539498dfba6f0d3877902,0,0,0.07807372583596696
logistic_regression,1afec85f9451cdd72ec575daaa469aee7e91e33b21,0,0,0.2890878174525773
logistic_regression,c66d777bdbc5229629fb797887954e54d27008f5a9,0,0,0.1617063902166582
logistic_regression,9e4ba6bfc7d308b534f8b3b6b616f5a37dea09ce06,0,0,0.2547856448209077
logistic_regression,9263baa00a52947a49f0368d828fa984d8d1190caa,0,0,0.03325509013603147
logistic_regression,fa4b3579ef48fa4be28421bc057a0a520176d40dd5,0,0,0.03520108723366049
logistic_regression,e9ac825e895ee1987fb409e1356bf534b4e2454226,0,0,0.10574894067129838
logistic_regression,5ce7f8697947cc6676c7b25e161734d77a7c035461,0,0,0.3253877382453486
logistic_regression,d9e54412481b57203bef4d6c6cfb2a5309e67e2a2d,0,0,0.24063680488332292
logistic_regression,acd0dc711c276c7cce813a2a0eb3ee96b94a3d4892,0,0,0.16711365383187743
logistic_regression,b1ed24728d409f49ec3c343ea263262fb4335c6b76,0,0,0.18458830081021804
logistic_regression,15d12017cd51b9776b6ef95a0b42d96911ff6fd389,0,0,0.18181433542439068
logistic_regression,99f202029cf03acbfdf35dba8a0e950efe13b295dc,0,0,0.0843315735251017
logistic_regression,ee9d02b2dd9a0cf964f61907f111afd20d601b0fdb,0,0,0.22480474273889556
logistic_regression,8ad5aa8d6258d96521f9ac6af3eb08dc8a7c7b7c14,0,0,0.28361509171655724
logistic_regression,cc632ac269cffa1c017a07b923b5323f05e2b7ccc8,0,0,0.023930552329234973
logistic_regression,f85f009bc49f36662e9cd87dcd66183fbbaf922239,0,0,0.24682303756031299
logistic_regression,d99b3f94244c9253ce7165d14266e4760a520061ef,0,0,0.18784271845158268
logistic_regression,34804cf2d18d2eb352f91877f4f98979d0aa0e80ba,0,0,0.25853406125706474
logistic_regression,c8dd4549a37528f803205d00a17a51ecda00107dc9,0,0,0.006187767131831251
logistic_regression,41d43c4520a8106713954bb0ff9e75fac0de76742c,0,0,0.03235017927309663
logistic_regression,2a3f28d1a36a457d1e9a53e8949442c742f699622a,0,0,0.20546286990959828
logistic_regression,38136b027009337fedaa0393edbe3d76e91925de04,0,0,0.04652218503492309
logistic_regression,c3112985fdb6b55d45cc18f9fd052b5cc0f8f6050d,0,0,0.3363553692281563
logistic_regression,91666df30ef7aa2052a2c3038525d87099f2a545df,0,0,0.27507612520590924
logistic_regression,861d26183e8925387e2187bbb8e0176998b3127fd6,0,0,0.31974645787740813
logistic_regression,eba0747f9721b338e2c988f57334819e2f2cc4f963,0,0,0.16469358822849223
logistic_regression,33f0a3ee29454e3c16210b43c3abe1555e5b5f6215,0,0,0.2223645553209438
logistic_regression,76c64acbe4c8c942c521c67346b18c6cad225dd7f9,0,0,0.003290278629314637
logistic_regression,fffc0bc2e20d519caed1785df69b8cc150ff5d70f9,0,0,0.21327005617137865
logistic_regression,2c7ea36b7cf9b14236c00cd0f18e61fcdfba649c4a,0,0,0.2702002088453014
logistic_regression,9e2b662d47d248246dfc38e7c2ace05d5b76951072,0,0,0.08018635373448922
logistic_regression,7450278f432c51cf5e5c483bb3f1e89ac5d459cf47,0,0,0.26235378264160186
logistic_regression,d827088fdaa1b5c155a57325788168b387143f2a09,0,0,0.024409519129404568
logistic_regression,7b86446bdb7024f4d273ccff80d9eb156139c090f0,0,0,0.3177987794792879
logistic_regression,0a0f9e73745debe7443ab0fe5d6f3a5e30562bd583,0,0,0.2822664943316467
logistic_regression,b5d7de882b2f8e1f09a2896316b69141010ec0c7de,0,0,0.09200925286813291
logistic_regression,460e727e0c7d041c17f537e05056fc0a585b2f4411,0,0,0.013455959176707322
logistic_regression,f63da40b3709a70f7acc12f283d11dfbe28f3f7ab7,0,0,0.20585166634842703
logistic_regression,40a47575a8dcda3c92125896382e588c8d25f2b4ef,0,0,0.247974990284209
logistic_regression,3572b464cadd72f58639ba8ac59fe4fccd4310d4b1,0,0,0.3068176553171395
logistic_regression,f4780abf6d6e4cab0a94c75a8eeb4a3db96736ed91,0,0,0.3045231501430842
logistic_regression,86e54ce1e852d185a94f2440207de00ef75fd5bcbb,0,0,0.0926660476934169
logistic_regression,70949a5c4ff7d88ce6f1cd791a85094ebf8616b162,0,0,0.10805995730722606
logistic_regression,8050bf595f452a225dada7ca1279902b4c9612d2c4,0,0,0.015117937726590027
logistic_regression,ffd9189900387e966305e06ec665cca10757a0721d,0,0,0.05454831940551992
logistic_regression,1be80391a88b0dbc34f1aef03df57805694a0ffc9b,0,0,0.05067054255864998
logistic_regression,896f708206f1bc34206db2b4fcd1bd49f9c3bc5d20,0,0,0.06291141760350966
logistic_regression,fe15a1285edcc4a2fb76454991c9857182883ab64d,0,0,0.014168813008725939
logistic_regression,ce2dfce123f245247c06a3e7b005300009f79f091b,0,0,0.004926464936670304
logistic_regression,1c2bbf748b8b122756e4c6c77b0762a3a4a4d4e691,0,0,0.13489921426876406
logistic_regression,5bc49a0b042da8ced37833bb3c88575ff2c7d3be78,0,0,0.024392013420888925
logistic_regression,deafaf24df7ad8d43d0dddef56c80a1ff6488adb7a,0,0,0.1111200486409463
logistic_regression,027b4e4170520ba138eed59fb655f1ec9698e822b5,0,0,0.06450481591995809
logistic_regression,fb245e7d22cf36bb6ca254ce03f178ea82b3c3dd5a,0,0,0.05082131176649122
logistic_regression,88232dbf3566982b6091040dcbfaa070f7dc4ec437,0,0,0.021775564911349802
logistic_regression,7b292741522f20d84ad5562f2c2b6e91cbb49be41b,0,0,0.007471494968044679
logistic_regression,ea8ac8eaf8bdea039a5fe7f1d053c1267ae9e196b3,0,0,0.0032568743438610315
logistic_regression,7f7e941182ef84e124b936c168b6aa8f034d5998be,0,0,0.024577340134642817
logistic_regression,1ed36bd543dbff2eb148a371ec82da27501e857b04,0,0,0.0016895694798591283
logistic_regression,ff9fe1f87ff7ff735384f12cb2bcc4853e5b479e81,0,0,0.08925645657948247
logistic_regression,8bb00281565037de60feaf00f1c6d420714764b57e,0,0,0.010299175334830818
logistic_regression,d7a3ce264b3267332899b386a4a69cea7c6d2fda53,0,0,0.011958528440981742
logistic_regression,4dfe0c701ee0ae82d42ac3e10ab28c7bc4767ebf57,0,0,0.028998137758343496
logistic_regression,e5f1b08f800206f31069c34de810b33917b65c5c0b,0,0,0.009151944520981146
logistic_regression,882423c307bba6ad39fd99e2ad11f18f10eb667f49,0,0,0.014401563353697966
logistic_regression,8458f4467ec0348b1e449aa2a2a27dc320389ea785,0,0,0.03262187785650708
logistic_regression,a2860a6936b55e9ef2175ef46525ef888c97a1c707,0,0,0.059028736668941324
logistic_regression,d0a11c1ed2b56404334194e8195d469f0a191738c7,0,0,0.04806459601861409
logistic_regression,bcadfef9649d5e043e9b9d8af3d907e9c3ff047712,0,0,0.011015258570284719
logistic_regression,c871be63824d3113d4d994f7306a5d3709c73a06b5,0,0,0.12243596253676937
logistic_regression,ea3d60b15c7d8297469efe58ceaf4a8f8a25eef231,0,0,0.04807407495110652
logistic_regression,687a4e76d21a0ce5f7c4873fbf52aaec9e85fb6e3f,0,0,0.006086519788767821
logistic_regression,dbad5e7596f753a3b371c9fe12a1d1d108d9ccbcd4,0,0,0.04768868840820172
logistic_regression,71bd3737134bf30eaaf9d5db4c1a76b255956e2c94,0,0,0.048112370427961945
logistic_regression,c0376c877f674f0e43e341850678d2f95655271329,0,0,0.047177162647429896
logistic_regression,dfa696354edbcba6e816a64a106b704ff46a2ace2c,0,0,0.0028657319897218126
logistic_regression,dd68b5a8a661e8a8b29f8bac39b4fc62240110c584,0,0,0.00832530827124901
logistic_regression,f990b3322f6cf80d4c9212056b8b792ad7b6ac6772,0,0,0.047687541517873355
logistic_regression,89352cd64461b889bb28d0ced781472ec18071d634,0,0,0.0007699075538936614
logistic_regression,71dd7ac4c57c4d0a056a3eb39236ea36e1a62357ce,0,0,0.0034686913485013787
logistic_regression,cb1bdba4e1aa91bb5e504bcac86489d1fe0f4cd020,0,0,0.004857715152993649
logistic_regression,ac7030f4cfb77328be39857808e35ef3fb797aa031,0,0,0.045744404696384945
logistic_regression,60a7f0939751e322f73765fbc5cf394428dc6346ae,0,0,0.05225060391738296
logistic_regression,16ebf08ebf5af12025ee286bb49353dd0cd14d9787,0,0,0.07516703710042666
logistic_regression,f405ec59edcf71a636a54da507c476619a95428c28,0,0,0.009353934862421082
logistic_regression,f412b60aa77bde27a5a03a38460aa254e37ce095f8,0,0,0.0042958820987663085
logistic_regression,758c6e070ff08c8a0b7ecc95523c867c12680ff8fc,0,0,0.007302767179502628
logistic_regression,f060aa51078310309879116be34e6b75f23e76c9e9,0,0,0.0006345014449571479
logistic_regression,63ca4115f1c8c647bd1c5a92e577e1069c6b3db73a,0,0,0.1024510138395026
logistic_regression,37d69cb9f15db1cfd8b9d692d8624782b741431ac1,0,0,0.043657022634238166
logistic_regression,a8d6581e2589bcb10575879c406367e36760853714,0,0,0.00949395612606204
logistic_regression,97360566fe4577d532ac7ad6b036f9cbe2079db473,0,0,0.010514742030049425
logistic_regression,04feee1bc4ab36d703cf4049ea523c8d9f2f27abc1,0,0,0.1037117652861066
logistic_regression,cc0dd940941296bdd37575ba3e5a67ccbefbad31d0,0,0,0.07351494961294122
logistic_regression,1c3de4c269005db7d66811df9629b385fb74985f40,0,0,0.07086327164430747
logistic_regression,4be5b4b6f0bcca7b0b84d7f768546580891955f26e,0,0,0.005334074448687062
logistic_regression,50d59d36466e722d40a4fe0bdd3ee78adf20f5ff47,0,0,0.010278186051237342
logistic_regression,9e478ce58dea2592cc5c1808177fae76ac718263b4,0,0,0.03906923132539856
logistic_regression,f0c00f3198d987df8519f19327874d941566baad80,0,0,0.006393549791441533
logistic_regression,7676b0b4755ee4604baec341588c48389ff2302fe3,0,0,0.0850761676013428
logistic_regression,94967fbbe85389155328c06c8c362b70facecd4653,0,0,0.021495789742455314
logistic_regression,8a69683e0a7b6e28f577d2ad5e54698d1edf9dbf92,0,0,0.011203891486341827
logistic_regression,f9a9d280d88c1287c4518b86c19fd90892edd1f23e,0,0,0.006785650182352562
logistic_regression,d9c5fc4dcbb4a49482ea2539626eebfdbd57992f94,0,0,0.006125231632600059
logistic_regression,ead2f7c0643b7995cdca18be78c7baba81a5845a67,0,0,0.017438443015400713
logistic_regression,fb72cacb8c46898d883147ea4cef328554358facff,0,0,0.02894077320079076
logistic_regression,60763afc4277f65c27e1210a9d8632db73d2e06ab7,0,0,0.020819857517459035
logistic_regression,ccd65eedc008ec14d9fb71e82e6a03aca0706a5123,0,0,0.05392390032341327
logistic_regression,20ad3446bf45d815feb99efeaff112fe203ec4fbc6,0,0,0.009980358214330182
logistic_regression,7a24ca3414272479a6d35aa1baf2f6b8cd493d4445,0,0,0.03752246346112892
logistic_regression,baa191b2c82d059db387fa9458f31b56e3e61a87c1,0,0,0.004381955930989725
logistic_regression,6cc7dd3d50af305f4e01b217aad51376f3915ebbf0,0,0,0.011828004916301434
logistic_regression,4a3876a323f3ea7e17e962ff7702335fad193da2b5,0,0,0.08975873887813615
logistic_regression,4cd5b536430771d4e750192118e2e2fe93cdbe82da,0,0,0.06923127490530799
logistic_regression,a3671417615c470ff86cd83d98e5418b36df2033cd,0,0,0.011910230352083872
logistic_regression,f92eba2223194fbac82fe0155b8c3275f0b33d62b1,0,0,0.07791870953595832
logistic_regression,709293467788f4547ade5701f5c3e54ae44799dcdd,0,0,0.01803375956038979
logistic_regression,c14125b1c521704f29ca5020f31ff13039761b26fc,0,0,0.0024128028566223207
logistic_regression,8e46e698e0d853dada3a37b3a3b76f8f61cf3e522b,0,0,0.11602917618566787
logistic_regression,54a3cf761fea6455a83011927bcf080fa5b219e10b,0,0,0.010101145587306314
logistic_regression,b4ec5daa0f97c0f91138cff631e33a368db27d11fa,0,0,0.001793733475109558
logistic_regression,d567859ef78eee02572a39f5da8d8361a4d1eead47,0,0,0.05740394528651902
logistic_regression,0b4d27809f5a08fac48bc39cdbb180426b443a66bb,0,0,0.0874934581742217
logistic_regression,bbe21a38751ace4d1f9d2180616bbfd9734e1af455,0,0,0.006383141153117813
logistic_regression,39b0a0554a32076427d4ed76ec4de8f718a0d7e587,0,0,0.04938624720237519
logistic_regression,37b7fee00f437684fc625d766de68bf244ff590ad3,0,0,0.008310260878844027
logistic_regression,0ad9db4ae4bf604f8568b7d6686d9d4cb66fac18ae,0,0,0.008319284762782696
logistic_regression,d2c93102e5a1daf10475bf3f218f7d039344e02b8b,0,0,0.0843503792417011
logistic_regression,52c0134153492e8dd8880d082b8b29300dc14795b4,0,0,0.007188517578823417
logistic_regression,83b72ab887d8cf808a31d88dc8466f84e8f63455e2,0,0,0.018606747579415106
logistic_regression,701c80477f5fab09b0f3dd900210c7107c81920fb7,0,0,0.0074186335172321555
logistic_regression,5b9b52ad02f03b34ea9148916d92b0f774fae6d069,0,0,0.02831453412335419
logistic_regression,9b5ef420a499249b7e5bfc67fbb2c3571663596739,0,0,0.011446367016033555
logistic_regression,7ccd77198d3a77fcb9ed587cd006e1fca8ae857f4e,0,0,0.07057362454347935
logistic_regression,0bbd12fa039670b952c555740bb7fbe59a565d273a,0,0,0.011068421678505845
logistic_regression,7785cf497ac96ce3312f61a7c6a784f981c7b50511,0,0,0.1329229283285142
logistic_regression,ba9ad4d2d37ef170def955388263f0dcb3d54e421f,0,0,0.043238186410968424
logistic_regression,8ae80faf2f2f1754b34872b51a5eca0b4945bc6932,0,0,0.0399435919557944
logistic_regression,2ca57b10c876943c4fa0cbfbe7ad0364ba4e526901,0,0,0.05799295036997281
logistic_regression,4067fe14332f2a479f28b974cdda69870e84b3885a,0,0,0.09116629629003987
logistic_regression,e6ad0f68a376f5f7ebb38408527bd4170a633c6c64,0,0,0.018488812188790078
logistic_regression,57dec6fb61ebc0fd22ba3347a2a6377a4d7aa3217c,0,0,0.14448036668270353
logistic_regression,96a292b3350cf31f77ef6531d1df6627f02d1b6db0,0,0,0.12147350971759277
logistic_regression,027fc1760e48bf61dcb8c37af5b199afd4552ba6e7,0,0,0.10685677708101882
logistic_regression,555d2fec84c75cb02b94e2a30b49432ae36eb7c98f,0,0,0.08773196776146819
logistic_regression,7b4003816ab7cb56dd0223c995ebc849a79b7cfbb0,0,0,0.03209802716781153
logistic_regression,8f59b0a990608f434c82ad8ca800e1f333b095a451,0,0,0.06263677991326143
logistic_regression,7ffee15740fb5569da908b886080f3e92c0a237546,0,0,0.14692265127075357
logistic_regression,91d218c33b5236a88af743be75a09158b8b53a7e0e,0,0,0.07442175086390786
logistic_regression,2b7d3a94334747700e52f6e640eaf649fd172a1160,0,0,0.12679865136412616
logistic_regression,57045232718b6664793323db3c9e45c81dcc7c623a,0,0,0.13848035801098618
logistic_regression,098eeacbbe29710795b5b96a15d2a972bea8cdfbe8,0,0,0.10948922178811414
logistic_regression,d8acdc1fb96be7e5c34ed1a0592b99e2fdc6768d6b,0,0,0.025728772997362162
logistic_regression,7eaa3451d7f15e94dc12473a4597f010dff4ed665b,0,0,0.017703667428198993
logistic_regression,40557783ccc8dcdd794168a9b74e125538b1101844,0,0,0.08228027394380884
logistic_regression,53febe7abe41903d33ba91db4be0385293b8d913e3,0,0,0.060047725294502426
logistic_regression,0d9072b9459da066db4d6e05686b7a7a862e4d0520,0,0,0.003056296935753377
logistic_regression,eff045e59c49a06e779b28c7e45e7e84d1a2556991,0,0,0.01722066859020766
logistic_regression,289c9fefa8461e293f296c522bb80db2c334b4be29,0,0,0.018924793858925818
logistic_regression,cf30ceda4bc6c08e1d5135d6aad4fdf1a96364fc4f,0,0,0.10569015228475502
logistic_regression,a15d59613efea6c62eb7a4c69aac1a6d9345a9b4de,0,0,0.16475672910627764
logistic_regression,ccd633973431f58970fcc5e548defc83367a5d248e,0,0,0.13058787083605355
logistic_regression,b790de13c75303cdb2bbcc604fe4b553716cfad224,0,0,0.11431506908605686
logistic_regression,61c84a4ebaaafd85eca3ab21540d254d6d4f7bd7dd,0,0,0.007169813772295984
logistic_regression,15fe431c2be7a2b656dde78bd7a9e67d8a1f4ad773,0,0,0.1282319913522418
logistic_regression,c99bb1137de77089620e40299223b85c8fb7f59f50,0,0,0.11470160916084576
logistic_regression,11e76aefd9b6d3d006d1cb979733dbf53a84a9af87,0,0,0.005965139765152361
logistic_regression,ec763345acf41e509ab6b8d478b933f198b18cc0ee,0,0,0.029320541768107427
logistic_regression,b019aefd23cc2ec301d413ff4a98cf4fc2e6c7fbe3,0,0,0.13895116202273777
logistic_regression,e8b2f1cbd880165db5a0a8af3a23bd1c06da09be40,0,0,0.005525322080459928
logistic_regression,e7e1d8d2f4e22ff7133038a617f899114d81991e54,0,1,0.624641553723725
logistic_regression,433724598541776fbe62fa165cdd82e60ef7359dc9,0,0,0.07092807875551552
logistic_regression,2ec0775c6e241a3d17f62e134efb41adcbd5348ebc,0,0,0.10797150290798797
logistic_regression,01169bb8eacf2ec3372735f68e1937bcfd6584a323,0,0,0.20554456921119588
logistic_regression,3887fb3d7b4fd5502a852ce873fc04c644ff500110,0,0,0.015624927230053836
logistic_regression,a55a7b964f603227f34149cb5d5e2674c232f5dfb2,0,0,0.052863531960938605
logistic_regression,db97830dab1a4b6a93a6674d8c976e54326287e1d6,0,0,0.18633123252919007
logistic_regression,4cf638b0da4af952519233ea2cdf6e2eb4e09f8abe,0,0,0.06799102797435368
logistic_regression,8c17b7a57cc16429bd774078f89ce2fb03ab19d7e8,0,0,0.03686695223595896
logistic_regression,0d572be9eb83734c5f92a6541150a0d52215e7dcd2,0,0,0.14104785683623033
logistic_regression,f8831476f6aec2cad8ddb2d236ad3b3ccee5ecdec9,0,0,0.022006218551540724
logistic_regression,c91dce5c61ee81a485f60a4577aa159952ab6e3953,0,0,0.02198751394044131
logistic_regression,383c68536bf6e0188de5212e445ca5ad1ad411668a,0,0,0.00019367657715107625
logistic_regression,9da1e144c9ce6a448e7878b17a0d0252026e42b189,0,0,0.0861909528971033
logistic_regression,13d49e6b208810e7f283cc7a70920bac965bff75eb,0,0,0.023168150025486237
logistic_regression,ca4f6f7ecdd3820f609f4e2aea0ec4c054bae59ebd,0,0,0.07280822778521465
logistic_regression,ba06c480bcfcde548ce6db1ab25398340d00b34ef9,0,0,0.07183950890127426
logistic_regression,8f5a5e1ac54559274a30c635a12dcf7b7c57e61fa6,0,0,0.0026230807217482045
logistic_regression,eaa292e92cfb5eee5b1f5698cfe2f10a32a23be7e3,0,0,0.0029432349762734027
logistic_regression,4c849bee6617e2abb28e8bf2e19a6e8d26cf23a902,0,0,0.08782395199833631
logistic_regression,b3de9448c23b591e75107cedef32b3e1090d705548,0,0,0.008378848472731702
logistic_regression,5856aed52fece058c20a9cb806f9adc280b23b8744,0,0,0.09741747023637477
logistic_regression,97e727f6e95b406a093fdfc6732e508186d32414bb,0,0,0.002100853416064415
logistic_regression,d51d1677d15b45d6e695dc6417c53112fde8a4e60e,0,0,0.061941348818596975
logistic_regression,cb495b625fc6731215a72f784af8d2b67ea7265d2a,1,0,0.13987746742528234
logistic_regression,db5ac3db312f6081c6685ef8971bc619ce9703cd63,0,0,0.07753546852156555
logistic_regression,7e2eb9ecf845b34c1f5dccd6752d73d64bf3f979cf,0,0,0.06593251732511447
logistic_regression,708d273c561174c917dc7bf3bee713b5813448a93a,0,0,0.11070196503331674
logistic_regression,e3dc2b227a8885434a8067cb05e92a9e9ad41028f7,0,0,0.010195812506324627
logistic_regression,e1b1e84872d6c6b3e3be2837eaadaab1256d90d1ea,0,0,0.016573478864813772
logistic_regression,08b9a1e3fa5c4482701ca3fc46ce36f2636e65f223,0,0,0.1083368379441486
logistic_regression,32fbe4b6cd740d92a9d3b96fb8bf3dd00ac2dfc5b1,0,0,0.08811872944117644
logistic_regression,de7b6ce319d157642586e53016e5c5b9826cd360bd,0,0,0.0006384757055165641
logistic_regression,394d704f673fd0cb4aae04e9d1ea886d26d1876347,0,0,0.07455038532049699
logistic_regression,009386da5db87e5b7e9debe683b5917d286a00fb65,0,0,0.07283748920246552
logistic_regression,38af148a1b04b631e0589b7bfae2f4a8f4af07d9d6,0,0,0.07942784518914443
logistic_regression,f97b66025a9f979d3e3fbe38897a9797051d9572a3,0,0,0.004340667775418184
logistic_regression,7cf03f08cc1843c603eebc1e7ff0fbdbfb2402e7f7,0,0,0.06274601188846982
logistic_regression,6c2641473bebc8ccd5927d289911cd0f5f5f1864dc,0,0,0.0012464401409065914
logistic_regression,3e49d65ce531e2c719c723e6000676f5d700b505f7,0,0,0.002031355058141799
logistic_regression,e84c5660f36ed64e4bdaf4cbb8e4a87419434734f3,0,0,0.10030675194538902
logistic_regression,db014eed262197be34cf87999ee6335c756cbf1d3e,0,0,0.04933973309266088
logistic_regression,3649393063ff9213bfe39fd3726ed88a7d389e0604,0,0,0.041067593463103076
logistic_regression,e7f632a44200bc5aacc5a29e27011f82ed1e69c761,0,0,0.029609513058171288
logistic_regression,0ab3d0b2b4ed57823a0684c6585d8793249ff86110,0,0,0.011582633063342878
logistic_regression,d4227a9b5c752f7d49e062fd84af1cfcddaaeafbe9,0,0,0.12787868237152122
logistic_regression,23276e7b1167bc58c29e61f728a229bd2f0dee6d35,0,0,0.061405850505765094
logistic_regression,c7fe92429d6697d3b9bd90aa064dcd2ca10f98fa87,0,0,0.0762685649433084
logistic_regression,63129be88caf463691255706a5fced505116a00943,0,0,0.017354105231809816
logistic_regression,1c2bc03304e42c438e1b4ac791292ab3d8da890f1d,0,0,0.005298499058584768
logistic_regression,9862c8a3e95379331f683b78fe186e6deee088ca4d,0,0,0.013174485365466277
logistic_regression,0bbd449d4cc3b912a110bd12e08b87c8b4b17e80fd,0,0,0.03933148737763635
logistic_regression,9241f494a4f0b482fc984c4f7eb7d27c1c26e463e8,0,0,0.04426163135622016
logistic_regression,7fc8ad132f2629ca5f61dbc69316907089f73f13e4,0,0,0.000560332070755877
logistic_regression,c2a5749d9890502eb56eadcc208775927d2bd5ab41,0,0,0.11876473556573754
logistic_regression,73cd79fcb7a7499de4a72f450dd72465a725eaf68b,0,0,0.07665354990600282
logistic_regression,b1bff77ab109e309ede7438b498d63589d4dc783b4,0,0,0.017847086009316334
logistic_regression,80c74e1005a5727af69f09135feb7f64fc7119ca35,0,0,0.10640959698065176
logistic_regression,3462155e6e097eb55d5c52f4cb36f7ae182d27e296,0,0,0.18318938298481985
logistic_regression,cfbb5bc82e2202336337b58cb78fb456358a0bf032,0,0,0.0203248227066852
logistic_regression,c90d06a9817561f363d58bb954a6783d5d48bae895,0,0,0.07591560225999065
logistic_regression,cd23a48634dd55c23f9e4821b961603cdb7129e1eb,0,0,0.11575980572314933
logistic_regression,8b462f4e483c10cb366a188c4c582e88fd307d57cf,0,0,0.0023273229402138627
logistic_regression,032ce419c90003ef90d3e9fc96463aa065b2c3b50a,0,0,0.04159235599947834
logistic_regression,a263bb01b4561ba26aadf186a174cfb75091dcba8e,0,0,0.06783286184011551
logistic_regression,5ccf02cf6c785deb4aadfcfa1e0d6763f5b4d48daa,0,0,0.003282313565611727
logistic_regression,e84d9d20e837b32f8fb302e93771b195012b3d6d69,0,0,0.07504501825481999
logistic_regression,944d96d7dbf8e4b746c06659bb6d2949650cc8c240,0,0,0.13259327315541988
logistic_regression,b2c0e16016e0d474ca437ae442a7cf1dfe7d125f70,0,0,0.0010307512860948905
logistic_regression,7c796f5246b7375bd1b3990b30356171edbc4f622b,0,0,0.017864900942884794
logistic_regression,b66c5342d2f65baa2136b4a6745d5ff09c44b7cdd1,0,0,0.005313794900813284
logistic_regression,294812b2b37a7d0579f826f20deb259094c2d3c77a,0,0,0.000492674147329921
logistic_regression,404b50b53af665dd81965cc7e1f0205fbabbe927f4,0,0,0.005379875980693957
logistic_regression,6633caec188ce97217a262e25906c2edfc46f87db2,0,0,0.0160019018904088
logistic_regression,f8a089211a1b34eb7f65a7e18e94ff58572241a980,0,0,0.006397757092095983
logistic_regression,63c1b5fdd5a8dd5dbdbfeb31e4c4a17cb2a741cf16,0,0,0.09387770804733447
logistic_regression,572a675c09f71ac3bd1f3198944b393c7f17d153c2,0,0,0.0878910154131893
logistic_regression,2acf3bbc30581be2dffab9a90ab1ba0747b74f1de2,0,0,0.005574255743673308
logistic_regression,7e2806d25c404d34796d6bd90c606a22c38a5a1cc6,0,0,0.013414692187973688
logistic_regression,7b8c55f5273fbbaebd8b477f6066f5a5979d40d524,0,0,0.021392266304751734
logistic_regression,eb5e0feb5dc69c19e24d1742a106afe60b1b29a2e8,0,0,0.07368144231513864
logistic_regression,1f1119d22f2c17797c338c1bca4d48392831216450,0,0,0.0044422749465674325
logistic_regression,caf79396d032feb8a23f03cbdfaad45e9dbf03a4b7,0,0,0.0014535884430930315
logistic_regression,452e8a75c629611a6936fed8ff070327dd9f31d206,0,0,0.0067083496230812886
logistic_regression,25332911c82e4058393bb96e29459170caf80ab09e,0,0,0.14465999933228152
logistic_regression,2860d7756ab28a80b2cd7dad351d650526a643362b,0,0,0.1438787609309741
logistic_regression,d102148a4a71c835cf8094f4235387bf46e28d8a98,0,0,0.001943947121008552
logistic_regression,3c8c263db72367912f202e0ea745716707b0595e1f,0,0,0.09872151842304247
logistic_regression,5440c6a545e62ceca508ae8c82d938584d3ca9eca9,0,0,0.05485683394821398
logistic_regression,a33fc624fb1eac2219c8beecdcf06f8968e706839a,0,0,0.06341651120927261
logistic_regression,54f3cf4634dbe4efcef8f8711502d0493870919297,0,0,0.07073838488191385
logistic_regression,750f573e03ef421d5b36e1848dd968a76ff0d444a1,0,0,0.01396454387285239
logistic_regression,05488266e6ccd1fe9e3ada7b681c724ec4ccc2fa5b,0,0,0.018258179780671787
logistic_regression,1ca63436eb0a02d30821001a2303d3bce1fdd66853,0,0,0.11637328710342841
logistic_regression,458cb366b2f157b1425e24d0ea67ad8b65e6508aeb,0,0,0.00044273113426274125
logistic_regression,7c4cff4da8b1e0df3884797b6ecce5e66a540c4401,0,0,0.11324643912052682
logistic_regression,af987df139c307206923e67c4f92173908a93884ab,0,0,0.03295160446033657
logistic_regression,9d7a3db6c7ff029f7adbdba587afbb624b1cd0a767,0,0,0.02414193973169623
logistic_regression,476d25006fc7ca54175d801853e465a3013b569520,0,0,0.19499857529576373
logistic_regression,f619b86b7e0c298acbce7e727ffccbf6cf829b391f,0,0,0.028481267156976135
logistic_regression,9bdc9066efa1afe1fbf76765d57c46b51d945cbaba,0,0,0.26395785688718226
logistic_regression,da3aaed755b80677b694d0f865fc4a5c61dd415965,0,0,0.020379090278017722
logistic_regression,9bca4a34aaa1266c4e51d80c49503e0d267a90e7ec,0,0,0.043230284218132485
logistic_regression,284d34ccc86986b5ace76a5baad7dc95dc3482ed1b,0,0,0.16958406722900965
logistic_regression,a94a2ec539a829590d830a02e9fb290640c73c9873,0,0,0.005582420529736288
logistic_regression,e8129a82a59db4c9e75c1924e5f1c25086951d9333,0,0,0.015759786082712314
logistic_regression,f777a5fb051972f4709b5211857f8121ef8aebf232,0,0,0.2534962639284362
logistic_regression,67460ffe81c2778fa3ccd54b606fa3565f7cf7b044,0,0,0.27058071415334517
logistic_regression,51dbd7222a9b64acf2e93a0bae09fa6a74591dcbde,0,0,0.2981306336763825
logistic_regression,6056dc769296eeaa70aaa4cd2da33ad8f8b643dfb9,0,0,0.06265837796447786
logistic_regression,ffdc53f0cdfe67e63bddfd516e48a8068bdb0f96ae,0,0,0.0015346794715469533
logistic_regression,b5c3046d6eebff681f62704bfed37511cf97b320ca,0,0,0.03206938447730709
logistic_regression,543cd1d5b58613d12d535e01338b7add6539b236ea,0,0,0.27061069533737303
logistic_regression,08e7bceb50fb29e5ba7b4ac599e7c8de4a4fd0a102,0,0,0.17740956721935533
logistic_regression,0e7af4905703c8b7d19346d64ec5307be9e4b76528,0,0,0.3198599978195419
logistic_regression,7df670c5fc90f7b3cd90d1d7f886cdd270e6dd5b25,0,0,0.27197867757706784
logistic_regression,2b5f4aa0df4fbcd08c1bbccf2514cbd8de51bee7cd,0,0,0.3685327649661988
logistic_regression,4250f72e4aa7043e52e742ac5a631f512d714e94de,0,0,0.2628886491114722
logistic_regression,0a4d575679f1925980c631bce3861301a5bf65ec14,0,1,0.5084003369183256
logistic_regression,9b33f5386d5453078b4f37b5e3e650da51ac942bf6,0,0,0.25998878902126143
logistic_regression,e7a5b99dd474b2e67bf32d3b9d528010c1429b8bf3,0,0,0.2548179293132698
logistic_regression,a7733ed24dbdf5bafbb85fec314108e20ee9496cb0,0,0,0.22803170358913508
logistic_regression,d18fd1ee5297d94497ec9e80b561f510321c150d2e,0,0,0.23176615489975644
logistic_regression,c45583e449da86cb2f923694f645b54d42a81d9387,0,0,0.04452744430122414
logistic_regression,94036274a476af68b35d9a772dde096f7ea89ec11b,0,0,0.28001181259718966
logistic_regression,3e4528165a028604bcffbc8e6e8b5c965a76fc0b89,0,0,0.27766307760977377
logistic_regression,051b92f55a4bc2259bb189eb1128a02ba8a85d83f8,0,0,0.2926295161614406
logistic_regression,1a12be7ad656dd16ed74fb146915f3d5f7299d5891,0,0,0.1703056756323437
logistic_regression,9f83ae1d6c28c9eedaf80ae1367d37125c7a358ad9,0,0,0.23985741732381846
logistic_regression,6f9a7b78e87a0ba59121deb98bf893fa0f4fb71097,0,0,0.25493121475749336
logistic_regression,7c98ce58b9358a6172981b7f122794292f0465ab29,0,0,0.07842456516307915
logistic_regression,b3f553795ee62fb3c09410b8046ce9babc36848710,0,0,0.2726947272563439
logistic_regression,5a6cf5f5b27d86994152b082564294fde05f83b633,0,0,0.2699901374840804
logistic_regression,6ddd22d6aa06f37356e7fe9037e792d7cb8bac4b7d,0,0,0.03943796900214517
logistic_regression,2a0afe2fb3bfa953ee8086c90dc6e87eecafc28e1e,0,0,0.019505678464469763
logistic_regression,c8ed94466a0d467aeaded1f54879ae30ce9e8678b5,0,0,0.022839452654130312
logistic_regression,19039cab1cb7bd41b24610e6d948c3dbba75f75c56,0,0,0.010349966279401967
logistic_regression,36422527895d60dbf462dc3ea6e5d1259ce95bbd8a,0,0,0.019033796653691402
logistic_regression,0e2f866d21cbb67f0f87485e74c4be8f2e727b5532,0,0,0.020546777004329227
logistic_regression,7231311fa60826c91ed804dddd9baae6fc8facdcea,0,0,0.027966588910274013
logistic_regression,cf3643c03f2c53aaa306155e006dce86aa65c47533,0,0,0.029581076731204938
logistic_regression,340a90d6ccb300d1b44fc15a4ceb19c3fe949ddd09,0,0,0.14986051915247728
logistic_regression,eee05b8913642b2439d88597f7444bc11fa933c847,0,0,0.05852788561876379
logistic_regression,08f05a71c78547484a713117fd0b5fed6089c72faa,0,0,0.2507707623033914
logistic_regression,48ca38425a05ea3ba32097afd8f515c834804b9f5c,0,0,0.167639866234123
logistic_regression,bec3dd2071a60a00420e21ad5c8adbf5c4e7d26f05,0,0,0.027670028208941762
logistic_regression,f55d4411fb4f077cd000942db768e8f2442836074c,0,0,0.17224083259161166
logistic_regression,e965cdfd2cdb547f8664e85dd96579a9528d5cc591,0,0,0.26272778503398225
logistic_regression,3b481ebf1e72eee9d6b49aee4f2d0c62ccf1ae08d1,0,0,0.23300616444682085
logistic_regression,07433aa32f97579db3f5a12674fba0fde832d86e33,0,0,0.2521484093020308
logistic_regression,b9f6885d8e4b3fa184d1aa42eef240727a4c890111,0,0,0.09098864484298673
logistic_regression,54df5cd0b2b8a82465320964a4f377650a24284224,0,0,0.26634386792485676
logistic_regression,1a73114b696a21875b7b3848c78ff60ecb35096d7f,0,0,0.32319644842901585
logistic_regression,a715a96c5c2293361976562d24e756157dea3f21a1,0,0,0.04505678260540986
logistic_regression,a50ce59cc22dbc98c9e6e8888b89f2ef9757f65d6c,0,0,0.32418507554444154
logistic_regression,5cf8da842c57dd7f4724177991e3a2920cb098bfb4,0,0,0.28103574035606926
logistic_regression,63b9f9d1ecbbb3ad6912b3770f86115097a003bbcf,0,0,0.26828352587690735
logistic_regression,8b537486e2c3832b619506b1ee815426a3c794042e,0,0,0.25579272451720964
logistic_regression,17a4303117d8df116f00b16cf0b2e0b77d5f3df152,0,0,0.1561970708414205
logistic_regression,31587f82d51860082dc536fc6e7bbb1c6724f3d846,0,0,0.22389207256552307
logistic_regression,aa1bc91410794b8ba875c0b25579fe94e03d87a40e,0,0,0.31118470304436924
logistic_regression,89619034ca657368086935a713416e1dffe95384d8,0,0,0.27257846942636105
logistic_regression,fd958367bc6e1b41d4962b19b48ff64adddded5a06,0,0,0.41543318998604006
logistic_regression,c4554c474beddc9f7ff2cc1503622f778d8f94ac3a,0,0,0.31054035774168326
logistic_regression,6882144374ea62c1bfaf23ee330de19ac6242b6ac8,0,0,0.34329415646791933
logistic_regression,d706bd305c91891a2216981880fb0ab01482703aba,0,0,0.2438781649627348
logistic_regression,360e607b2e74ea6d50d6cbbdb8cb03d92bc2f44a4f,0,0,0.024131407296410345
logistic_regression,da08124ad759c3aba06ece0e2ba35772a92c73f4b3,0,0,0.0011301575470108994
logistic_regression,4c5155d7b961df58050c4f651fbe3f67c5686ad206,0,0,0.054407137033582256
logistic_regression,2438d28d6cf30a846d274d1a6b98c677940f9fc2c7,0,0,0.15330113085988714
logistic_regression,9907d1edccdbca855bbd848f620414e7cbb4a78996,0,0,0.12002654210703115
logistic_regression,84177892834fefd7714eba73388170772acefea5cf,0,0,0.018113143034126852
logistic_regression,96409cdcd6a4677567fa6c3826425186d74a64f4dd,0,0,0.007793383451876104
logistic_regression,aa9942d285d46815b86558ebdb05f997f9dd3fe96b,0,0,0.07493053917291677
logistic_regression,c12a52817b0454c5f9d6191626de3d58d30aa4a501,0,0,0.04323028769773897
logistic_regression,221a8aac78628fd30fb595a9f6549e7482a389199b,0,0,0.10539061827278362
logistic_regression,27ef1ad6d4ceb7df6a0dcb845e626f02ad54cf2f3f,0,0,0.07764997528236055
logistic_regression,23b9a7f0d6a5f2408e1e7088655247f0949060f747,0,0,0.051317866786223805
logistic_regression,f01b6fb2eb750ab1a496a10d540f69c0146f003a85,0,0,0.07675072710856133
logistic_regression,3f76a30d13bdbc7386c92a9a98670f437aad88f574,0,0,0.04062983209948246
logistic_regression,7039ee3efb3143a0095127b7369f7f2fe4cd5966e2,0,0,0.09809056664620379
logistic_regression,6f934a8cb4f537dbaa4f292258c29238618f7fb1d3,0,0,0.04965586060208236
logistic_regression,7780312275fe8f602361ca9ec71e39f83089099175,0,0,0.021920732793347608
logistic_regression,4ff686ca6d31be72971538ace0255519b72a77bc79,0,0,0.003225319216829791
logistic_regression,a33de9fdba7f9caca7a4497576fbc49ccf580ce657,0,0,0.039360664543662924
logistic_regression,ae4caace475552606a65362008866d2e1d2f13d3d3,0,0,0.07906839651565697
logistic_regression,1130711e9d5a544ddf4bc1487dcd02d9077e51a51b,0,0,0.07047449304896627
logistic_regression,cbebe047a1d4c6a3ab0e7a429bb524c97559e1e35d,0,0,0.0027025007164740897
logistic_regression,7787fd9d8552a65b2e6301e2239f062bd5199d57df,0,0,0.08984861388462564
logistic_regression,aa903340f6c18744826234e1993ea09ed44b2e1c52,0,0,0.024796068176249436
logistic_regression,299b31fbfea88909ca32efbd5ccffd6677c777dd56,0,0,0.02349463874096213
logistic_regression,5165feb9efdbb33aebf4c3d9da2b98ed5cc6d31abb,0,0,0.028197514648505582
logistic_regression,cca238ce0df4057916745b8639ff598f5587adf986,0,0,0.13188082310901666
logistic_regression,6d765fa0c6589aae522b08fefa39f77f4eab8c4136,0,0,0.0840732299214299
logistic_regression,0ffd27292c700a4ed8eaace6b037abebfb24766bc4,0,0,0.13414073523229908
logistic_regression,9787a4f26e793edc22b45b4a47eb87b8a1c662bd82,0,0,0.1583337202177723
logistic_regression,9f32757086ac25fa6fed8ce0cd4537e420421d9f33,0,0,0.038718252110582586
logistic_regression,6dff29b2e6b4aa22c70aecec3adbba127cde9ed364,0,0,0.0007182273042448936
logistic_regression,00899c5ac5d1ad01d3dd52914d55eec4c76d4a4f9f,0,0,0.021716947480361896
logistic_regression,6832c14f8914ac89f1a0c068e0b39c4a44ac227dc6,0,0,0.08773524397736315
logistic_regression,158e869f5e9da85b61a9ffd085d10f1117ad690d67,0,0,0.24587571605902947
logistic_regression,9f9c8952586cbe808793b3d1a736ee9229fc7e9237,0,0,0.010464151085563115
logistic_regression,47cd29170a8af181f83aecae704d96fa28e80a5b69,0,0,0.0039021604717331252
logistic_regression,d011168ffc46c370dfc97c982a1b4eb7fb8df41689,0,0,0.13966150294438015
logistic_regression,95d21abe2010d4168b3502902912f4f08ee80f391b,0,0,0.08173265427022249
logistic_regression,9b7ecc0679ccbcfe884591c7c59dda8441e8a331b8,0,0,0.07365878899463431
logistic_regression,48582db0f13c262a624a4eafcfab51af4b2843cb7f,0,0,0.006926566920248605
logistic_regression,24f4de9b1b2de2ecb52c56d6b0d63918eec8aabfc1,0,0,0.08252556599391582
logistic_regression,4b988688efa76c6c0376067e51ba8bae769f0b8d3f,0,0,0.1454676535149083
logistic_regression,fc9552a0a25fbee9b016214f7e86539226cd4f8fe3,0,0,0.1330928667246558
logistic_regression,882e462784ba2435bbbbbda51c55d8f1dfddf3d44b,0,0,0.013016828164853252
logistic_regression,cadcc65c4e30efd51e079bc64c9c317144cab272f4,0,0,0.11909476083891894
logistic_regression,265736f6e39a4ba03c8958badffef91f6817043170,0,0,0.002646093840372728
logistic_regression,467967eefa14ff29703430dba463619fafca712be8,0,0,0.08291703821293024
logistic_regression,4c3171c17f76bdc1d4f814d01eef948df88601c18f,0,0,0.03109560396984642
logistic_regression,9d6cb8c6ded102a027c433977179849aa171487697,0,0,0.003374955982830276
logistic_regression,b20fc1b4dad471e320137a79eeca8180f0e6724c49,0,0,0.15025794909604676
logistic_regression,2ca1a0fd3454a0c05235f2401b88be417adcef4e2f,0,0,0.05922700454136439
logistic_regression,63cbc3594295c3bfd1e1f3ac992b48315ecc100ba8,0,0,0.02279103655459779
logistic_regression,c9b326b4bb163a956649b230914e07363640163901,0,0,0.01952593040504535
logistic_regression,767111c54ea39309e914bd14f425166075f7acacc7,1,1,0.8763180172852189
logistic_regression,df22657d869a71d6ed4cd1cb6657bcf0efcad6858d,0,0,0.01606943507514537
logistic_regression,1ecd43a9a7588c079394c06ca1dcdc5da3197913da,0,0,0.08117195696799823
logistic_regression,60f3260935e88790db9cb3d561e286acaeb7854368,0,0,0.011008051671679087
logistic_regression,56f1b23664d68b32297614cbb9889e94f0744874e6,0,0,0.10827749594830631
logistic_regression,322dff8146d08985953b24b1c39fcfde50b20bf940,0,0,0.06787984596262264
logistic_regression,ce70e87be297b6dce4702abb1bc6b5c3ecc42add5e,0,0,0.006069146705139026
logistic_regression,2b1c03bef1b66db01bd8f8a2a86f107c345a19437a,0,0,0.2426507596106527
logistic_regression,7e1862bd04dc00300897249aa8664e8002efaa660e,0,0,0.18221953266164934
logistic_regression,11487e57d99c9d76d9afd4949addfdc2c8fc2e8742,0,0,0.20079136438586617
logistic_regression,426b0debf720c9418948d143e00be1af26b0225e91,0,0,0.24709585141774204
logistic_regression,c1527c7b3920175f5544e65dc74a70969ed35755e1,0,0,0.07721011965407872
logistic_regression,9643f578df2c3078b510ee630d4a6e69c481d38824,0,0,0.1268866994799948
logistic_regression,eddc0bfe84aa9b9ba74bbd9026340ad65af6ae61e3,0,0,0.008687076060750924
logistic_regression,1cb2d9534a11230765710b9698996a8a01bc8ab248,0,0,0.11037028393472874
logistic_regression,9fb56c6b864786562b044a51ae2d6b8cb007bd0526,0,0,0.002827171928900503
logistic_regression,56f9ca1bb69f5135555a6f529566856671be97611b,0,0,0.07399495684506212
logistic_regression,eefb0f95b681b363aebf4c7e9313459b75bcd55509,0,0,0.001965458582108028
logistic_regression,072c731d3459592bc00a635dbf2fa737bfacc9bb82,0,0,0.00804164872739567
logistic_regression,99c1ccda179240089e3d6f136325f5baa3c57f719c,0,0,0.14338403391665225
logistic_regression,c6532500711b8f978e81c491df24b72fe58345a3d2,0,0,0.07142589039006128
logistic_regression,692040959e860e825880ce4236979bfa2a81b4c1e3,0,0,0.27650042407792536
logistic_regression,db354aaeeb8bbb1e37eff392d591bb94a429dca32c,0,0,0.008280056498986521
logistic_regression,f0499bbf7500a511b26e9a1119babbaa021acfc793,0,0,0.00739296575017017
logistic_regression,1d44752b6f01dba585dd65843e734244cf57109976,0,0,0.1301264133377224
logistic_regression,8e3f8f47a690454e5c573377b406f5b5614a8e99eb,0,0,0.02321142622068427
logistic_regression,bbab234659d44078345bfe84d5d5aa2856919899f2,0,0,0.09064235830109606
logistic_regression,f242f4570054710bf6a3bf8d59a31fadf490abe8e0,0,0,0.07929592099124931
logistic_regression,13a06830d401cd68e4e72066497834d893b9972f34,0,0,0.005622167869292447
logistic_regression,d8b230d28b2575af3dc80f018de51fa28ab1a7a35c,0,0,0.08544274670779997
logistic_regression,65817219a7868b9f1323c536a142c0ad3fe99d197b,0,0,0.00606582619835724
logistic_regression,74bdee13212b32450e231329cde1ddeefe282f2d36,0,0,0.019735664285922765
logistic_regression,9390ed5158e2ad55874bf0a8b6588b52bcbb4b71ed,0,0,0.003465116099197701
logistic_regression,82e662a3c9f92d37ac451f8e6b89c952aaf575ac34,0,0,0.07151362806027481
logistic_regression,bec5abd4837f3f2d1cfac24616a7103f48ab7b17cb,0,0,0.004421941511157615
logistic_regression,fe9eb2ab47af3ade4f3081ee7cd6b8284302b31ba7,0,0,0.07768502500506563
logistic_regression,67395f9e44689e7b0b3d2aba5a5d7d09acc026a662,0,0,0.0013605848314139648
logistic_regression,a41bc005ca602be9e82ed55cc4831b30ae6dc8d136,0,0,0.11548312271798007
logistic_regression,e01618618e14299f9d724a102d568219af361c8217,0,0,0.1424309851747655
logistic_regression,ac2272226d061856c12e4a1ca5868b0d0695f86a3f,0,0,0.024007356208095094
logistic_regression,f8b2615cbd7a0f7addf052369250e78145df10996b,0,0,0.014919354226888467
logistic_regression,97f6ca94a92878abd020031e6cbd113d864fd86bb9,0,0,0.026279462872392124
logistic_regression,24867cad80ba1f6e73939a3ae3b6fa7c89555fc8f6,0,0,0.15369531254591115
logistic_regression,fe46b9c08a4705c6cce48a93debc89b098314245da,0,0,0.001370945309526433
logistic_regression,292d9e8660bdfc6527e560e71b0311d0ca0ba5fe07,0,0,0.003389623396623423
logistic_regression,3a2a8385d52640305a5e3ffa673d31413bfa155a23,0,0,0.0002364489563279711
logistic_regression,8a0bad86d29d25d99a07e10729cbd640ce3423fff5,0,0,0.002691255349600031
logistic_regression,bcbdf862836cfc9be2ae69208f4b7ef89d8c6b211d,0,0,0.10875969931786847
logistic_regression,2baa93a6a3182ff928a500c1a72b280d9228023fe0,0,0,0.07430060703385985
logistic_regression,c577b18ac309d69057cf537cecd7d05b8233de7f43,0,0,0.006677862192316231
logistic_regression,d0cc506aa4b5c36de2567ec6ff50edd6ff927193fc,0,0,0.0049354462490246095
logistic_regression,bb49249936d6c4de7da669ccbd3a49d21151a19a31,0,0,0.003881820339144241
logistic_regression,2a66666588cdfd4658d61897870b86d62f895b5332,0,0,0.1359547043732747
logistic_regression,8eac85f44b1ce748442d9202673f83c48acf0ae986,0,0,0.01212897381466861
logistic_regression,0c0765329c8cac7cee4eb92124f41ff13d13baf5b6,0,0,0.08472446085827902
logistic_regression,03b6cbcda1632410aa8feba96a89887623063e2891,0,0,0.10438406906915917
logistic_regression,707c06b5af1ede2a3b7b7567af364a6776f1070e44,0,0,0.0061654459030565205
logistic_regression,bd6b1bdf219bb73c4288535ee692485d8ce809dff3,0,0,0.12640709587323867
logistic_regression,0227281ecb82d651125edb9b44f353e959d53786eb,0,0,0.0019499386105913358
logistic_regression,f827f321d9151ba65f0d19694247e6f104ff8c7cee,0,0,0.08350821664047699
logistic_regression,9a7efb71c5945dc88310f38c23307e79e82ac4cafb,0,0,0.0038857202311069513
logistic_regression,46809005fb81a91a6e307a7beee9d243b543072d41,0,0,0.11177141480247105
logistic_regression,509c5e205774964800ae292644f4beeb3ba04e8e96,0,0,0.11032039123217552
logistic_regression,0090e2694e2e582922c31a7b13816a51fb51893005,0,0,0.06365377966639031
logistic_regression,112b64f541b7148f9cd632b4ed69e72c9c9c5a6c9e,0,0,0.0481803053235359
logistic_regression,4f9bdc3285a5863bb40cdaed13258794eff61a7b3a,1,1,0.9498914629120833
logistic_regression,cc9ac57d82bb90d253000c06921fa467544ea96ba5,0,0,0.0018555636947362045
logistic_regression,80064550875c89416a9c6f543e2fe672bac4e37625,0,0,0.07095231095439125
logistic_regression,975c0cc86daa39fcba90fd550a79424dd247e8ad27,0,0,0.0019843860301569736
logistic_regression,aaa7d913dd216b94744b938b59fd56354eee057339,0,0,0.09625947656447559
logistic_regression,6631525919ce567b5634a2339a474d7766c96723da,0,0,0.0011706410160827008
logistic_regression,c0e8bad972fbc4a6fec01cf37265dcf359266d2758,0,0,0.14256314274366608
logistic_regression,4fb84998808b4c5b0ec1e274652137af3fe18f1ab3,0,0,0.02065091461705523
logistic_regression,1310171c919e0f8c046150b278d163c72ae644e23e,0,0,0.019075062604163348
logistic_regression,74230e3b282018382059fc2891bc78c16cf5731e80,0,0,0.02024224074409434
logistic_regression,a851c3cd09e3812be0df58916d1a1f629cabf6d591,0,0,0.007708454660784189
logistic_regression,ec2674e239c66c939b3bf4d7af2fdcc4312b88c8ce,0,0,0.007282147897632463
logistic_regression,b2e293c1cf56d85ecb30a7f7779659fab40476d3a8,0,0,0.042151455057693306
logistic_regression,7a066b59ea7595da6118e310c688cc3eec055aa2f3,0,0,0.0007772780130638485
logistic_regression,b8e6a62c4207b8705888e70066db873a638d1a252a,0,0,0.008126965999959743
logistic_regression,a45f9c11bc712c514297f3acd886466c09b8189fb5,0,0,0.14300018459855426
logistic_regression,e19c207e5e821a04ce629385139e8595c0239ec72d,0,0,0.01634313462346202
logistic_regression,21b232eb4d65d004e2ff4b712ec1e2b35b9a61ff63,0,0,0.09106969002040652
logistic_regression,a4ccd8f1e839f1811b32e0c1089e6b63e374335c47,0,0,0.016308261870853342
logistic_regression,96f607ca790744b5c171a404d163e65f005aca8779,0,0,0.02267501243849198
logistic_regression,bfb7568569a352170dd380c094fa422dabe4eecf3b,0,0,0.10343772846370963
logistic_regression,18d4440796d71d3ceb9b13c486196df71de4cdf179,0,0,0.0011902160722036855
logistic_regression,c3fa290fd49f426905ddecd5a40514e080f2a36590,0,0,0.009044352236877079
logistic_regression,9d78cfd77a1b26fe21fd6a715f77703f6c0c8a0dec,0,0,0.038806660280328795
logistic_regression,07fb235f67fccab90b4a6d8fa28abd5bc67e32c1b0,0,0,0.0005854111135473186
logistic_regression,b0da856b0e8f3a0323b703f499f6f1d1e959e7fd9c,0,0,0.003327714904732643
logistic_regression,c732e96ab97372848688c862c844d5e13469409148,0,0,0.0014738977691053754
logistic_regression,f03b33b89515f0aed2d7fb4debf11236438839b930,0,0,0.0009360729912898161
logistic_regression,9704521602fdb36b50b09b367aa9134e93749c27c6,0,0,0.10517367042256004
logistic_regression,9fb9e5d6b20d9ee3e59f14a0b43413116707ac7258,0,0,0.06160708475628139
logistic_regression,246b93b0dd1356bdb5c0a2e33fcb9c9904f236626b,0,0,0.106306615731642
logistic_regression,65e1c357c0bad0f78e4f86fc51fe6277562aa19f96,0,0,0.003452410523173058
logistic_regression,bf4c5d001d02ee97704112b3a67518fa75c4a24375,0,0,0.07534139740495673
logistic_regression,78dbc432d6416ad6e794460d57c845d0d62007c036,0,0,0.006818549773186033
logistic_regression,0a36eca4d8fc93db76c55e2660d963090c6c7b3190,0,0,0.0020991650714518133
logistic_regression,491638428053f2381207bcfd54b46e69d0f05cdb0a,0,0,0.0019495537595184231
logistic_regression,c42ad22ff4634b625c053acae3247cde29698d82aa,0,0,0.005223574885654822
logistic_regression,2f29386614fba58830ef8a0d6b1c60f06d6eab15d3,0,0,0.0019981369762968057
logistic_regression,5d69bafa4e05df18997fc691023b684f68e7272334,0,0,0.05877563764149655
logistic_regression,bdd35a6ba58883ac02c49587d35d15021efb01add0,0,0,0.018696578624242198
logistic_regression,ca7f723f77ef4ae8cc2f4a62058e9e9446e69936e7,0,0,0.01829088029932483
logistic_regression,5b2f5808b5d9c15ec9d704a4b7e1dcac5bfdce09a0,0,0,0.0027550777621464977
logistic_regression,43403f1686e5ae4b2e21b45c437ae7b406e55bcab0,0,0,0.14041792309555373
logistic_regression,35a8b7361a51945c9840efd483eadf3dd15e89cf6f,0,0,0.44903211780887675
logistic_regression,a25e1cb00c8600ab7e6bd43b832affc5a7723d349d,0,0,0.38639991664088785
logistic_regression,e85cbc825c77d0d332151e4234b187ceb6610c3946,0,0,0.11520580965195187
logistic_regression,4c248e79bcd97939bdb27af71b347b23d82dda593a,0,0,0.44934495434491917
logistic_regression,84c77304a363cb4ceb1875b6997c4ede577f843555,0,0,0.46339449207570027
logistic_regression,3a7958f68513df07429b9d27a703fa490bd1488e49,0,0,0.3756069295474951
logistic_regression,bcce9724bd2cde78530c11158330bd9a4f002f6e72,0,0,0.4780582820772644
logistic_regression,82e6379651c786d9951e6567e5b4a51567cf3a4d5f,0,0,0.40875446346610683
logistic_regression,2537001a26d1264d3358c89a7afc4d9c0a4401fac2,0,0,0.4463291872001901
logistic_regression,3633a7d08fb843ab9022ddac3ee3ae919af5d15b50,0,0,0.3480934215034374
logistic_regression,7f7e80905318c7f200a061677939bc5c995aafbc78,0,0,0.46570323558294274
logistic_regression,c31b171cfa21409e6c82d413a0530f6e5cf7a615dc,0,0,0.4414043019420362
logistic_regression,fdc23260b559a14aa488cd18872e7ab471a97e577e,0,0,0.13415027294553636
logistic_regression,fa07fa60ea0620c8dc1c40d2002654e0d54f365554,0,0,0.4820748934894701
logistic_regression,8a768d848ae258f5d6ac9fd92ea66310f29ff17660,0,0,0.4720537859017207
logistic_regression,5bad9b01f9f5dea6273824ad253d87f4f27c074dfd,0,0,0.0019189598651080887
logistic_regression,2ff6814f5304e600c2a3a0861c4e3d2bcb05913857,0,0,0.4675291904987141
logistic_regression,8595537db06c9d9af3e576d0d9365dab8fbc6a7ace,0,0,0.016370679155169647
logistic_regression,3f763b52a5a9cf6ecbe1b508aacc59ac8c1a8cb84e,0,0,0.08733684196835104
logistic_regression,ae1d0b1ce976d191bc73e8cf94592f24d12a208272,1,1,0.7262064987285605
logistic_regression,4054202e7315f5be85bbe61dc0f42dfc10f51019de,1,1,0.9381881399984199
logistic_regression,9f73d03edb68bd787d883bb3ef56c76f3156763fe3,1,1,0.8120538410307392
logistic_regression,62560d7ed26119ae282aa8fc2f3b4077ec220e9387,0,0,0.06344501163257894
logistic_regression,e3cfce42d55e6477db36ad6154c65b17508594b914,0,0,0.0860131942583086
logistic_regression,a2dd61c02e117498fe1585722c3f46d142075914bb,1,0,0.34894362090503983
logistic_regression,764ee06c858c40ca8f9e3d1ec4fd6cc16682fc4dc1,0,0,0.13409798913141072
logistic_regression,8f7c2064d010191ca6f0a5382ea283c2f897c063ef,0,0,0.0696484289079525
logistic_regression,2f03e60db8fe30a863fa95e6dec0ee8a09e44b7634,0,0,0.12311245129492292
logistic_regression,8e0704ae074c157dc27f8c2ef08d20e9c8ca8de2b2,0,0,0.1475522145947553
logistic_regression,9f158755f94352c1a475cb8bdc004a0f4ce0822e29,0,0,0.035792481756592935
logistic_regression,3931f2897960589fda45d243ca9a2d8de64f4ee123,0,0,0.07425120100257632
logistic_regression,8f83981f926e3bea7a0ca4c7015e144a70186120c2,0,0,0.0036135401697946646
logistic_regression,5969e1f934122516b8521118f1a2bdbc4c96cde54f,0,0,0.10898699581924891
logistic_regression,6e3e8196090a64e173f8d59de2af166bdc84ec1c4a,0,0,0.07862729398177742
logistic_regression,5ac27d869cb7b6c4604c6f3bb3189086de79527565,0,0,0.07044727314589219
logistic_regression,52ee1a3c7ee9deea1a9407aff9c5215b34caeb2052,0,0,0.24223662645869573
logistic_regression,244d64ad6f77d2c45a9f252ddd9fd6f076a04f225d,0,0,0.1248285545824842
logistic_regression,7dbacfa72e428aba798b81f9cb2a295320ffb085e7,0,0,0.011425218311902597
logistic_regression,1ea84f5ef8cff87742f9062169e605eb2891133a06,0,0,0.007758428999575226
logistic_regression,720cf569f3be0d135de6126bc0417bcd763d31bb53,0,0,0.052116372955636626
logistic_regression,bc0fe4979e6e32b70eb76e660540107443ff0360f5,0,0,0.04968066445441726
logistic_regression,1d0a50201bb50beb92f65feabf202e69ed86acb410,0,0,0.09592784073807362
logistic_regression,c6584a1bb283b607c9f8db65330a987c630e0b8cb0,0,0,0.006657803924587405
logistic_regression,0e0cf38540b36d266090492a1cab4d73c7dd0a19f2,0,0,0.0911410928838674
logistic_regression,a832ceb8a81a9a7f9da4dc0a3ebf66238d92798540,0,0,0.06789919823914653
logistic_regression,42e6bf0f3899ebfd9ccb21f5785fa639cd0d5f4caf,0,0,0.13242880565670334
logistic_regression,8e7d547c7823eb6ace39a491f00b0b35cff1254b66,0,0,0.09607486890277384
logistic_regression,0c130888648e0ee04adfe71a56c5cf69a1ea7f1995,0,0,0.02388485707670807
logistic_regression,b54883a6d2e7d2d9a145ac0efc890297c426e1060f,0,0,0.10671334050506334
logistic_regression,98a4b787372c111ff15befb67acc0575bd26889b12,0,0,0.0494331564011372
logistic_regression,99bc5a9d2f35b44d344a4a04310a8fe0d7b12a50e5,0,0,0.00406884712912398
logistic_regression,d3e834ba86e21bce6e5e98cd6d7dcbb1a8ec8a085e,0,0,0.07873390452856058
logistic_regression,5ef1885d4e477f0a0de8ad87a1c86398b3cc2aa5c7,0,0,0.03537285816274086
logistic_regression,7d709a334535c8b9c166a822aaa96960f44f8fe7a6,0,0,0.10511887824066499
logistic_regression,fca57f476202bdb5d02b267bc218f05286dfe25c16,0,0,0.18117900423618982
logistic_regression,db072cfb011c7db2844c726de2a9c7d73c32d53ae1,0,0,0.006281704456237895
logistic_regression,29f609bcdaabcbc3805e6c2fffa3f985ec7a13b9a7,0,0,0.106531432252308
logistic_regression,e64aa30be0107c46a8b9d6bb85483cbb01f414fa76,0,0,0.07732668398262764
logistic_regression,b0622c03a2e12370d3791fc780acfde2c92dfc8a3a,0,0,0.1642796041204155
logistic_regression,0efebfcb73f0a69db8154899859f57fff34b675ba2,0,0,0.1226826763930898
logistic_regression,f5d47b08731cb1eec17b26493b093fbbd9ad4c5b67,0,0,0.030522621210560427
logistic_regression,9011d38b2d1bb82ffa94d08e00ab1e863920537cbe,0,0,0.1521282580595154
logistic_regression,e5a7a5f937b987fb8876013a7bc1f912c256a93db4,0,1,0.5362091263047377
logistic_regression,70282fba5a533b2667fa197f990369ff36cd23af3f,0,0,0.19762957079603594
logistic_regression,ec38de18fd259a58543018ab3eae5ac6cb6a585a77,0,0,0.013227422658209453
logistic_regression,c1875552b0a2994b0a2ef48d8b674f8c3df2ad8a28,0,0,0.16691947723972683
logistic_regression,263d406ec265b887c40fcda9dfdb082150ae13caf5,0,0,0.018674853647908746
logistic_regression,9992674cecebf7468f920bf20c33b1088ca9826ee3,0,0,0.2086573313128682
logistic_regression,d2a98cf364891282b2510e4a13177216f3832f6d5d,0,0,0.13481841127672708
logistic_regression,28e0d13c36a299106c3579f03293fde7c8674795c9,0,0,0.13466650994891796
logistic_regression,5904f3dcfae0b53d9e83a2a820c100b5ddfa483457,0,0,0.07154533616455504
logistic_regression,730c76a2e7243ffcdca22a6730f29e3527eeb3ea1c,0,0,0.009182957816223667
logistic_regression,e509b2621df4f0ab5faa0ec01977770aefeefaf423,0,0,0.004082629902258225
logistic_regression,d8bf2f08c3e4c0d7a31fb55b36d1c2ad27a9e454b4,0,0,0.06848104367029191
logistic_regression,3651ee008eb8a4d27a4f52a704f53f592cbe14a1c6,0,0,0.02674307382564786
logistic_regression,1303a69ee5e0a6854df8552badc857e135f93e58e9,0,0,0.05841357168677494
logistic_regression,1e4cf6cb8a142e0bb84a3ea15ec3177c36b421b2ac,0,0,0.08101957168207063
logistic_regression,7457f40b46bcf871d27a49dc45d0ac1d799d2ebff8,0,0,0.032272757138769176
logistic_regression,09162c21d7d8613456c2c02894287daa063c6f78e0,0,0,0.03176971318204284
logistic_regression,4d19566171b1e959a20e45a427aeca53a99ee2568a,0,0,0.08522994461320489
logistic_regression,d27b43d480eba6f2959a45622537ab877f7724561b,0,0,0.1159279330843522
logistic_regression,bcc784a79cf55e0f7bdcfc613e5e2411dc6b4d31da,0,0,0.035980780556528154
logistic_regression,c5d63722dc8c978a29558fc35d408264a7fec16061,0,0,0.04486549893748222
logistic_regression,27f16da1ad6f6a86edf3cc08f98e83f2df9e4b9f9e,0,0,0.009532264520056576
logistic_regression,f5863f6f84d61be6765ea507e0450b130241636615,0,0,0.03902185767172343
logistic_regression,4c742313d453d31e891975e005e7020e532e91adee,0,0,0.004078597349728005
logistic_regression,497df2df672fb9c7046a1a067700f9baa1de8c045f,0,0,0.09598821077534962
logistic_regression,fb2f5e143f4df0468a80c82a4ec6048085a765f82e,0,0,0.07907222213579257
logistic_regression,d8b271004bbd64b841773723a0598e2872ae643e91,0,0,0.07363986271769035
logistic_regression,023cfabcc90793aca1458098e5abf521058b46d2c2,0,0,0.033442497482350314
logistic_regression,83ff4feaf6d0fb3ff17dda2e572e49575439d94ab8,0,0,0.04489816818253074
logistic_regression,cdf9bd6d7e46f48713539224b21de4f6262909270c,0,0,0.029190587891680025
logistic_regression,0d82b400aacca41a238f526aad151d7ea462da9c29,0,0,0.1870909117984141
logistic_regression,a1fb4cd5758622a2145cca59afe67416fc7af61a1e,0,0,0.1045239988007556
logistic_regression,ea42da7f83237eae2d73ed2af9ff630347931065df,0,0,0.10410335425888212
logistic_regression,cf4e6778cd08f8760d431507dabbd926172ce9e5f0,0,0,0.04603689569586743
logistic_regression,07bcde38ec23a5f55368ae54f5a92de6f1aba06eef,0,0,0.03571538580746794
logistic_regression,c899b5dffb817ea23ad5095639dc7d4abd0428c18c,0,0,0.09471479269557846
logistic_regression,4dc6dcdcdfb4c1a18ab95b5dcfaa615b583d0709f1,0,0,0.12062282704665166
logistic_regression,678bd0e0406c3ef56306542acd031c81b8acff0b8e,0,1,0.5272634818836973
logistic_regression,ec90a1c99792b5ea6ad12e504de9c371966609dfba,0,0,0.19697921261231985
logistic_regression,7cc8f48b91b889c0e5caa113b7bc76ed715348bfa6,0,0,0.002961569521955323
logistic_regression,1acf31a18edd3a2335a74d8bb7b3be9582d0a6302a,0,0,0.08559818010485734
logistic_regression,1507fad4ce21c63ed1437d3717a1bbddadea563280,0,0,0.006582531502542823
logistic_regression,b35191f454e989b4ccc6bfd5d3735cc53bbe4a5f65,0,0,0.02981370890885339
logistic_regression,537ba60244c33f27b57360885adca88588a3745d2c,0,0,0.004725841610970611
logistic_regression,ec7fb2d67fbd5f1a0473422538365b67940906618d,0,0,0.002425918499655214
logistic_regression,ce69bc5b971038a07f14c2bd8451c3238945b1f9bd,0,0,0.21608750567548357
logistic_regression,78f9df1d7037a9d5825296854fc6a2c6bf85643b17,0,0,0.12429228450670166
logistic_regression,51157ea3ac7f897f5021ca19a21c8436d76ba2ad3f,0,0,0.015461721626785212
logistic_regression,815dba35ee8f76765f74638fc909be1025d20eecc6,0,0,0.17554799356787165
logistic_regression,bf82bbfdcc665eec6383859995768d955dbbdabcb6,0,0,0.30222407548021
logistic_regression,6cb9de6a6c8bc8751cebb8caf02c12394a8b458d99,0,0,0.1781615569252051
logistic_regression,ca49fa2518d5f5fc4674248e58a01b945ab1e0e95f,0,0,0.00038967744591626735
logistic_regression,2c3ca93e43b15df047f07307f8361833d54d5f7a6b,0,0,0.10240458482602119
logistic_regression,a3a36ee39837796a9ce6986ce093dad383312ee95b,1,1,0.9749815959421384
logistic_regression,ebc2947faf8761ddf1142ec33215ac4f69bd2a2d5c,0,0,0.0007986894055188428
logistic_regression,4863287d23fd2643431e4ef51f49ab7acc087391ac,0,0,0.17858803806033924
logistic_regression,ae7ca4ef56d83dd44bf82b8e52ec12995dbe9d742d,0,0,0.08674168516893148
logistic_regression,2d3f250c068788755f4f94b058c48599775e470371,0,0,0.1491829704329563
logistic_regression,c5f8d1d39991b46edba3baf0a735667bf541d0e02a,0,0,0.0012722363048506265
logistic_regression,b235e129851221d30d2ffb7542fecfa9aba925346c,0,0,0.16873228279185784
logistic_regression,3f2b0e26f3fc8a05abfd094b508630405493693f80,0,0,0.04370384390431941
logistic_regression,34cac176b54eb0d0017fd8543f1a2d56b1c415f226,0,0,0.10842019856162892
logistic_regression,d3d8640f24a61173f757f4eb25a112fbac962f9727,0,0,0.023683698099352835
logistic_regression,0592fb290c8241014ccfe4f626a58c3fd20ba3c4cd,0,0,0.009962359777017487
logistic_regression,2c25dce4cc78727590a6fe96fbff3ffdb129e14c45,0,0,0.008983924507437322
logistic_regression,a7ebd93e42c2f7a21d7fff68a067eb047bf36ca61f,0,0,0.0021607891673949002
logistic_regression,54dbceed64e907e2b7368efa7b70edd80b5f329edf,0,0,0.10867769674009116
logistic_regression,2e0e192bdd1fb3c6d0be9e1d2740c32b8641abdc36,0,0,0.06463703936163594
logistic_regression,6ff2e07f934ca3feb2afc4caccff8a1cf225ca9a99,0,0,0.11976594295483585
logistic_regression,86f03ca2a6ba4be4ecd9c1839e6521b2a56baeea7b,0,0,0.11394784146332596
logistic_regression,240bdd535f59b12d328a2527b27887d4ce73c7a94a,0,0,0.010665805581495118
logistic_regression,dd92b89dc293344a65219a7c9fe81964990859bba3,0,0,0.1703165937048843
logistic_regression,eb54d93faa02dcc8ff61f6ce4940e1801e2a699928,0,0,0.11619732964325649
logistic_regression,c4dfef6d1c7c9aabd04d42dd040d752a7f4310cd59,0,0,0.014053392262017197
logistic_regression,5e2c6f3a7ace7960d9dcd6965fcb22b74c12299df5,0,0,0.038917560286602405
logistic_regression,3822a2bfedb24df57bbc62e11f04bd574709f16458,0,0,0.05505933980631172
logistic_regression,b1ca44c3e8e2b375a3b736fc1bb56ded47fd5fa244,0,0,0.04176037753791257
logistic_regression,03a6868719eae4a1e45d5347f2b0a88c09948cde53,0,0,0.040677052478897587
logistic_regression,cdb67a9796254831a08f923310faad78a515428366,0,0,0.04254639653781683
logistic_regression,e4da88055f567a1a9a9716f6c6116d7a4950b0b2fb,0,0,0.002105872503968636
logistic_regression,dcea45650c4470cc61fa06f15d26a852db829b7159,0,0,0.11284121934939487
logistic_regression,36821acd39fd13e3acb0b47a183e4c96baa06633c0,0,0,0.1675570162670346
logistic_regression,74114a01f4e042bf0a03fcca5b6ab372b232214fe8,0,0,0.0034566356550202594
logistic_regression,fb586f3d965dd5cab778f1f03cfd1f4a1dc4f2fe54,0,0,0.1742171016161343
logistic_regression,3c6a60b656df448a958a8451102a4da5eec9315c69,0,0,0.015612364455580239
logistic_regression,630b0b9bc0b7ef57b19d2b8deaf17d746be59e243a,0,0,0.0013087570607472026
logistic_regression,abce721fa0b6d031b1112eb7cd22d630e335331ab0,0,0,0.0007522292790559386
logistic_regression,04550e3786a437399038511e3f45986b4c25a9c962,0,0,0.11963429608632882
logistic_regression,b79ba86ebb26b1aa7ea5f1a820cf99f866fd72f8f5,0,0,0.001647923444036787
logistic_regression,ac51aee18f8da14ad7f2bac33cbb48bc4507e73ed4,0,0,0.013003272891516074
logistic_regression,e5960bc17b346bc713613de0dce91cc0f9a0251558,0,0,0.11017455803470488
logistic_regression,32ded613d517ae5d06bde0d73248364f1c09a2dcbb,0,0,0.10346082344182392
logistic_regression,c95852e30f629fa06293317e51addf10639f5eb2d1,0,0,0.040058383437973064
logistic_regression,691a8b4bcf937f791f142690bf4074e4411e039742,0,0,0.04302353948520362
logistic_regression,8f6003fd9c070a5429bc5dd09ea810100ee1b67d44,0,0,0.038702776310262796
logistic_regression,b142e9b025a483107d9c4ddabd18e4a40c1c273245,0,0,0.09670644109368247
logistic_regression,be28fc51a449e9636f6f1d8cbf821ade3a2292ad25,0,0,0.15149261503782321
logistic_regression,91bc64e2a6513ea1b4b79e5514a9b8c174c529a636,0,0,0.284486805095327
logistic_regression,a619faceeab568a7cdf84323ffd65400e227e02e39,0,1,0.635405445950815
logistic_regression,a584da5d007b62c518389d1f1d52eb6d39eb2defd8,0,0,0.042456765405405064
logistic_regression,f250a999a4bfc11a12bfe3b5e58e24f3cd54d21b61,0,0,0.15100747249959137
logistic_regression,b1377c698f512c1d1c97c30a53e1b8f2a80ac2e2fd,0,0,0.017653196407968575
logistic_regression,d46ae192ff6219b5c860576bfe0500b12705fe83a0,0,0,0.0002818162467769699
logistic_regression,fad417abaa3a3e07c6b54f409fed78a7902e56598d,0,0,0.03500241231719919
logistic_regression,e29c7a18a5de8e82cf1b9fff8c5dd565f59632b988,0,1,0.6916347877377417
logistic_regression,d2282ff9ce09fec2803bf5d14afc2e2a296ff10179,0,0,0.03375910446441136
logistic_regression,e55ce17cdc5b2f6b6a866b989ec094ed9f535c93e6,0,0,0.049081842451299755
logistic_regression,077f5034f9c94f5f8ee35979ca608b3a0aeb7fa30b,0,0,0.055251678654245996
logistic_regression,7fc7a07b971d35c104a4fbe85f7fd6fc71cca3fbef,0,0,0.204979679141403
logistic_regression,bc136c11efa9a7070e2e89d95d6d164ddd13e11bfb,0,0,0.0072997414620058
logistic_regression,4836eba0b586fa1e67ef21294848cc596dd8e7fed1,0,0,0.014126560540145189
logistic_regression,06f4bed0a1417b913f7b66b29ca5d33a5c05a938c9,0,0,0.17662814027069035
logistic_regression,38c3d1f32c673346ce608537ba02f8c78a0c1610a8,0,0,0.07586052055892765
logistic_regression,93f39c9a50199a3a1282882163d444734979e6ba2d,0,0,0.04093849402593928
logistic_regression,5209dad50d453e0001ddeefc4e184c0f5b16224bd2,0,0,0.15682813317567632
logistic_regression,4f5913bef4114b2139b3c14c8e02755cda6324e2f7,0,0,0.12548043038361922
logistic_regression,3100c5ac3359b3b8c5aa00e08a551d3246259f6a19,0,0,0.05090445051322259
logistic_regression,968c59bbda7f706d8005bd1b8f005beae07ba04940,0,0,0.03365568474352214
logistic_regression,48d75a487770bd420d2e5c6d4ec7b0dcf9ea3e90d3,0,0,0.16367108977522996
logistic_regression,76966f0c94446c221ffb716faae41035c42becf6f7,0,0,0.13570983792558572
logistic_regression,8175dd84f96cc4c98ac4acad419281931d6063f8f0,0,0,0.13184409267080066
logistic_regression,4e153a00563d9578449214a1d825cfa53e9bde8024,0,0,0.10460933058703031
logistic_regression,c57c4d9a0690bf47193f9e5a515d9e594622f631c1,0,0,0.017791397740209592
logistic_regression,0f4e3d31a27c94621dd721cf1007ea23aad253c7cb,0,0,0.10772800214082494
logistic_regression,6c4e375cbe99fb09d080c06b0d11011873072cec40,0,0,0.004020160286686666
logistic_regression,fd371ec9dcd5c46aabb9fb1fc679cf9bf3527eca09,0,0,0.022521414739939866
logistic_regression,ccafbd76454055d9409b1a0c849d25700bb7157364,0,0,0.04510938104481362
logistic_regression,3048143b0b2f0ebbd47f827fb0222ab54752d4f4d2,0,0,0.024336949076841197
logistic_regression,5d4ae59aec45cb1acad7432de2b25591267f56d7e8,0,0,0.0955363784255436
logistic_regression,48c3872518fba115c476d2f4d9043e0cd040f79497,0,0,0.34167221353998417
logistic_regression,14c0f207b8ba2302c58392fd2144c55d9d108a36bf,0,0,0.037541205419525055
logistic_regression,1e36065701b11d0abf680b77ec4b9d8681ec6880ae,0,0,0.14141056293434676
logistic_regression,72a358b1303ea57b6a6dd61fdfb3cd1d21b1054c51,0,0,0.042038770603130174
logistic_regression,18347940d08e2827170ffdcec5c81ec320e4016716,0,0,0.008588857559696883
logistic_regression,2513370c7a4eb503cb8ac7f8137d076de67b509c82,0,0,0.12028093989441473
logistic_regression,d2947cdb6c359ad8ea83ed26539693a4cbb73c7059,0,0,0.13212377224841412
logistic_regression,86b4b667c2f5382731e2b1967939f5c80949e4f155,0,0,0.017277073171759173
logistic_regression,784dbe138ee4cbade6c1fc95eeb28531d8d2ce3b2b,0,0,0.0007916472655329044
logistic_regression,6acb4b49b7242df4c109d01311096c8c37508ead14,0,0,0.01356080461837599
logistic_regression,dd31e31240f8804111cf134a1781307b728548cd72,0,0,0.0001836607790437257
logistic_regression,df52f4480b9acc334fbfb5564e60310c58abe68813,0,0,0.04762122286890824
logistic_regression,ac6e39cd5c17e6c720c8353eab734799eec1acbee3,0,0,0.021107492590800876
logistic_regression,99c154b0e6d94cb75f0d3d69e89e615e108bc221c2,0,0,0.03002164469388631
logistic_regression,4c902384c1313ba39c920d1703a78fbfc45f95f123,0,0,0.12238192223738431
logistic_regression,077922023e31c64301c77ead64eeffed9cfe3d4038,0,0,0.11912593491900317
logistic_regression,4880f527f26f2bcda9a247b65686c7fa14243784e9,0,0,0.13788298367656798
logistic_regression,c66863c9d9b7b3476634ea17824783948ce392d2cb,0,0,0.16947003218227763
logistic_regression,9bcaaee7b25e880de19d998a35d6c0d25709aea6ec,0,0,0.12512801146982114
logistic_regression,506dce09710ece03f06ec3f3df654282c1d52f2dd0,0,0,0.20731036716953244
logistic_regression,bfd1a210942174fbb51903d3e04634f5d5c8a92364,0,0,0.10358778920667186
logistic_regression,4798ad75afcf1510e6e3f087345a72a1545ea53c19,0,0,0.04536574500697695
logistic_regression,f948ff2dfcc92a7f2eccde59e84d23a3bcb7b00da3,0,0,0.01250709720412298
logistic_regression,299b03d0f5fd22ce3a86f18e706daab30181c4f78d,0,0,0.1413011375344295
logistic_regression,2d2e9fe9bdfd52f45cb3b8cb2b746581eae77f9ed7,0,0,0.13770829422953745
logistic_regression,1136850c257eb3c151fbffa668d1da3907909a8268,0,0,0.11773890104264145
logistic_regression,52638bc94b4892ae488c6010ced05b0b1ad008039c,0,0,0.03262330461883131
logistic_regression,2b09b6cb1c767564fd4fd25818fc9dc02cf15f075a,0,0,0.22385720434617415
logistic_regression,78518fca68943116113986e756f5e33664da8781fa,0,0,0.013115650935131328
logistic_regression,32b02b9ff0b52213930520b1be8eea5d8ab73ea1b8,0,1,0.5615877199116975
logistic_regression,4e259fbdf24b1c4633675d82ecdae1c4fa186fc713,0,0,0.10460970483258664
logistic_regression,015e3aee287198db45b83d4c055011a96387e553e3,0,0,0.0009125691391980751
logistic_regression,225bebd72f7a28e30d06e5992a18950511b98f821e,0,0,0.017938983654246857
logistic_regression,36b11718553aa7231ee186ba32712ef1357a5f37bd,0,0,0.10276300390242862
logistic_regression,f229614d4844887309186369b1107eb6612af3c510,0,0,0.09918918616469868
logistic_regression,53bf4829f1ee586b796da99c4f1d66b82251758335,0,0,0.0058234396174663
logistic_regression,ad30ce77fc9bc43e9d79d79667041d97dc22c9b358,0,0,0.2338595660083374
logistic_regression,d5b265b5b6af137b7434d8f3dfa3843f190dcd5452,0,0,0.09811674248880783
logistic_regression,c5a4ef7c10b248a76bd9b4c3e8e3bfc02e1aa8c4c3,0,0,0.053627970325601515
logistic_regression,4e8e8aa89aef0a5cd48cb1ae51a905e32dfea9eeaf,0,0,0.38839633339691915
logistic_regression,efcf3d57309a1fe81ce4442294639effd65c6c1520,0,0,0.0185233212206806
logistic_regression,db46220d67df0144997e016cface447bd83a356481,0,0,0.03715161653914735
logistic_regression,dbf172a71b9d57773eb0e80841a0b19ed47b5043e4,0,0,0.12232557055047852
logistic_regression,3d18d5d0069a3f9d2a2117bb6fbf4b7e8c9aa46f19,0,0,0.04495534677437929
logistic_regression,db443e578112da7ea62896dc23ba13ce68686727b6,0,0,0.07858262189280432
logistic_regression,9e1a10431c25381e3a65ac421a8e4e5d23d10bd4db,0,0,0.027997943541915767
logistic_regression,40d06f6a9ac378673d8870e888facbf3d0ece41cce,0,0,0.037708250892880386
logistic_regression,906fc5b66f9c4c5406a573a4b754255b2da4c24db9,0,0,0.021566876273410935
logistic_regression,b893ec63597efd069b3d7f43b0b072714cd4d58a25,0,0,0.07147831440804225
logistic_regression,eac907433e90fc3dac79a2c4f8bc3f39a8e219d18f,0,0,0.1316019647492947
logistic_regression,4241c0bc29edc78091836b536f106edf2d26ae85f6,0,0,0.22670417094547696
logistic_regression,7ad1964cf075bc00928c5d33d59bd4fa4d16bcaf11,0,0,0.018130283140683726
logistic_regression,0f7e3677727e9a10373b59d5c615fd0a5da66509d7,0,0,0.050590301517979885
logistic_regression,f64af8082c6650c5d3370a23855f88f53f7d795503,0,0,0.08109041197408867
logistic_regression,5bb145612660113984d1154ab95006571a3c3f0e59,0,0,0.1463785463367405
logistic_regression,342b172cdad43799b2afe65ede6a091542aacdfa7e,0,0,0.0030370020079798807
logistic_regression,bd513ab9415d2510cfeb271910a53bca6729fb89b4,0,0,0.0005687091534806819
logistic_regression,1b9613830adaa089d4765b572f7d2621393cca2789,0,0,0.013222302938583248
logistic_regression,20695a38e807937248ea33ce313e575ac6aaa10cd7,0,0,0.15588533015794023
logistic_regression,05437fe70291b22902263048a1db14b38ac3daef67,0,0,0.053086772742140326
logistic_regression,e5796c94910ebdb994e43624d5364a420e8faabc52,0,0,0.013794801789988353
logistic_regression,ed81cb7b6f8174bed112182398d97cc62dd72a7092,0,0,0.11548046004066513
logistic_regression,a9110c6c85b67790bb1ed8b14c39f7418c0fd3302b,0,0,0.2035768153310377
logistic_regression,e124d4d271daa2144c11611e44463bcb8236abcc51,0,0,0.06568244073185837
logistic_regression,8e0db84788217131a7e989da54f67ba6a01ba828fb,0,0,0.05625337198496426
logistic_regression,336d0327f73d3942c6608f62db94212ad21d5f397a,0,0,0.016461894223566684
logistic_regression,35a03923b5ae0efb01ab0a6c01c9416856c3e7024c,0,0,0.13280907138794265
logistic_regression,37bcb0eeeb20bea67354ceeb50e87e3458be2f4129,0,0,0.10985347371131607
logistic_regression,872c87832cb012dbdaebcea6b18adb6e0b23d90001,0,0,0.07380708466911262
logistic_regression,f3aa263d9a77bd5fd5575aa30fa342b4daba33e706,0,0,0.0032756479567734443
logistic_regression,4b609ef921b99fce31b69f931d6b1b90f236c57385,0,0,0.182847830648857
logistic_regression,f30f0b5140ec7a02a1e88873ba9f3d3e9a3b7200cf,0,0,0.0916865624296964
logistic_regression,28e4a87b3ec7ec7f045236d4371b1fe870ba78dbef,0,0,0.10749321319854185
logistic_regression,2f3dfb8b44088c194b591971751b5ea7c9a8f7471e,0,0,0.08766756437812931
logistic_regression,58dae49f9071b51508ec56aaf5c02e95dc6a9175de,0,0,0.09877487544047799
logistic_regression,82b1d31071b5f184bfa2c8de9a5c248314ee8dc7a3,0,0,0.14558562303906242
logistic_regression,13b165eaf0058c248b7a301c41fa32408e7690f31d,0,0,0.0768344235221609
logistic_regression,9dd5c12f18de819f0f57f4dfa17d5afa529cc638f5,0,0,0.24495503049187253
logistic_regression,4bc941d70d2ebfe604493323643d56acc24948f0ac,0,0,0.008863683709253096
logistic_regression,b50fffd8325021f7155351f5abc80c781abc726ca5,0,0,0.004359782655796232
logistic_regression,e4b1bc874799938dc46c4c987a2ffbfe35a12756c8,0,0,0.06919301590648612
logistic_regression,693c4a003425fc08144f1b25e31722fe4ac26dfc42,0,0,0.04260207621091138
logistic_regression,b1bdca92aae396b8e0f6cead96d919f795692d11d9,0,0,0.05057114265098346
logistic_regression,8a6eb7158b7ec4cc4b2bfeed77e3abe72c49fcf6a7,0,0,0.23188506913097576
logistic_regression,19b3a8dfe5b8a9c30de38359c8e5a741f3aa9605b3,0,0,0.1078918023233582
logistic_regression,d309a54fe263e3f934bf18c4f9edc22e1103a8b947,0,0,0.050836778454234406
logistic_regression,ab12ca52f71d9d845dc24d6adab6e1e37f35a071fa,0,0,0.134497675187847
logistic_regression,c461ac6c1b83ce3146c67f0e64b5828c7ae7cb5ab2,0,0,0.22317091091765817
logistic_regression,f597946ca1a828d1d5090f95e7c6c539678425c6aa,0,0,0.05357515283478582
logistic_regression,1efd042a764886a530498ba97ffd42ec104561218c,0,0,0.14445076197537066
logistic_regression,0fa993d02a45a58b05f751e870f08d3f36c29602ad,0,0,0.00866255043224544
logistic_regression,6bed16697fa0f8be7c7212a34a643393da7a940a0e,0,0,0.11303289036375792
logistic_regression,f8f5829344f197fd8010b3c543ea0c35b4496232e1,0,0,0.21180120810649683
logistic_regression,6243b174be34e5a250f4d663e9b378b7b5328bba2a,0,0,0.03250739330189753
logistic_regression,5e97921218039d4195c75456099e3ab865ef83a142,0,0,0.07745178066351416
logistic_regression,caa98c7c47c770b8526ce6dd400ed5ec33976543e8,0,0,0.22565466228878348
logistic_regression,2bf5ae24cf59a3c452b50b8d2b9661da644a74ff67,0,0,0.20207767275005353
logistic_regression,1ac2b57bfd41756b9509ed9d588e2e61e67696bdcc,0,0,0.051661517929019914
logistic_regression,92835ef681432a02861c757833ae39c10a11a8ed97,0,0,0.1444536536111364
logistic_regression,9a2768d70d07248bc1112877d47a8252b9688d1840,0,0,0.004546070081481343
logistic_regression,f18facde783715586e04211068aa9e09469ea7aabd,0,0,0.0036738422185692557
logistic_regression,790d527fcb490eaaa4017bcb02f22b12686cc47f7a,0,0,0.23505854758946193
logistic_regression,3817de65d900052917bbe25d30283b6f232f2ce4e9,0,0,0.03112708034758147
logistic_regression,f5ec51276b51f2bb7c6f2f215a0aa92d186ca8032e,0,0,0.05726045241039738
logistic_regression,7a3e1b86ef23b9a1f62c59e5b2caf50fb839992c68,0,0,0.24345383118642197
logistic_regression,4cfe89b0de94b7ecb1e9fd66301dcea784e5c5db9c,0,0,0.15219326678262549
logistic_regression,80dd7acc3e3f794b5df44d7dd2a26194454bd68461,0,0,0.17258128157263763
logistic_regression,f371939e8d1cb25e249792c2a2f377bb6f5f0116f0,0,0,0.04269434567167846
logistic_regression,6b4550f12b20d3e9756fea26049d9d9826e98aeb75,0,0,0.11307791388638402
logistic_regression,3906e2af05f87acbe57588a08c9627882dc369f792,0,0,0.03873188045782312
logistic_regression,8f8da4143b88f3a08216fb34da9a265ebbf7191fec,0,0,0.008107417009895573
logistic_regression,ac6867f86dda899df89a2e4c337b14194731b3d348,0,0,0.00039499806775750016
logistic_regression,af385114e8700d3e868790ccaa17d901a9407006ff,0,0,0.0062755784577507535
logistic_regression,8a6438c5e85e5df00116133aafc199001b6b14bed1,0,0,0.03747796364736332
logistic_regression,3de464d2fe3cbd45007c6372c9742e860360598b96,0,0,0.21879221068235993
logistic_regression,aa0a558d14a9db0dceb8e819c8b34070088d60be90,0,0,0.03091847857077537
logistic_regression,6d9ef4de7bddc976c15e0bc933db703582a20e85aa,0,0,0.14834544164535823
logistic_regression,078995ce6651121b5ae1cbe035e00f05fe6c9320eb,0,0,0.03480706419744645
logistic_regression,bc6e6339311e30255ba0a056e41f66f0c1dfac3d37,0,0,0.10292755747726354
logistic_regression,85afc50f3fa1d90083d3abc855f62a5a9695769ef7,0,0,0.051684504352056224
logistic_regression,ba2094f725a789c41590ab6ec36a0720f951cbe89f,0,0,0.03485626564824051
logistic_regression,e4c6544f1a150352baf585be1605386360b8fb17a1,0,0,0.04687792799890305
logistic_regression,fca644a8cce3f811dd361a9006d95871cec1a95e5b,0,0,0.12106943635933491
logistic_regression,f90d7a1f29f1631675794dc50e909c93947d483116,0,0,0.02209124040456517
logistic_regression,b712c67d5600bd65f86db64b2f60e6fd7f93a9ed1a,0,0,0.07363389039757609
logistic_regression,535cd2800f8d2299175e9e3e2102446c6daca3b96e,0,0,0.030906746561121582
logistic_regression,271870f6b4239e6db95573a53328444dae49e64499,0,0,0.05189038970816914
logistic_regression,fa85992e0de26a9f4e1ecc0bd6be9ce09bd57b2685,0,0,0.236246584038541
logistic_regression,8e15a2fd4f560f9e56a2963d1c11f859dd6ed2b39f,0,0,0.04581119459349291
logistic_regression,1657df6f03cc99c36fd941976106d28459e77dce8b,0,0,0.053398180677993276
logistic_regression,9fe3446ca9b54df5ccd1668cbafdeb5297b8e1c698,0,0,0.013232524141839752
logistic_regression,990852bcc7dc8f5cf801d550a17247c02a1437a5a4,0,0,0.2328286332653926
logistic_regression,ed613c82dad731305f8640d8eb35dfb299908b12e6,0,0,0.0012767584315583698
logistic_regression,24e98c82ad28a8b33c99c68e2c7de0bb21b48f4528,0,0,0.1701031148259215
logistic_regression,244f3773c01d740d3865269bdb13ee1922e7b97298,0,0,0.033209753001403206
logistic_regression,4d9a860d7f4153e448d90491bfb0dfcb08f2cd7d3f,0,0,0.2242553999545124
logistic_regression,0a8d97123b0d3c9379fe782462e6591b8d714aaffb,0,0,0.0117002637164917
logistic_regression,eca000236bc95f130c5f008df876a515b1b72b7b26,0,0,0.2328249401845773
logistic_regression,bca68e66f84bcb999e960ba1c0baa7da1238e59fa4,0,0,0.03562083442220975
logistic_regression,baec113ba2d973b37281065e13c0494f3ae1f9a5e3,0,0,0.01773320651275562
logistic_regression,3238c2e53a49422959e5707a3a6d734faca21cd59c,0,0,0.013617267088835105
logistic_regression,504060708e77f8157e53a811998527557c3b85420b,0,0,0.11609206907741357
logistic_regression,b1ddb6b957e80d8731bdc041104197b9f5801c7a9b,0,0,0.10386173297991717
logistic_regression,c4570a18ecbf2c2288704d7e4d976c522397d00f4a,0,0,0.12553065090954646
logistic_regression,4b31bd7b5a46e36a9aea81308336b57835d5210130,0,0,0.24521492399813555
logistic_regression,1f8b24cce8cfbf7c6d9e7723b2a41a38437b2e26f1,0,0,0.03452708280974403
logistic_regression,28d59de6d1927f0f3c449fb624c1d40a4b43fb42d4,0,0,0.13348078985902906
logistic_regression,8c4baaef28a713de72c8a9474a1fbbaa1adcb4ad82,0,0,0.0010288006530441718
logistic_regression,03e99e2acbf4e41d408a68c87bf23bcf8d77b4de96,0,0,0.008336544258840083
logistic_regression,a65ba554efe858854821a8eccc0db94c1547521a2d,0,0,0.0015685820727743126
logistic_regression,fc36b63c76c6d2d3f15217b1c87dd13234896c5f10,0,0,0.0009903536598297956
logistic_regression,b80843ed30377bc19ada489edee45d5b640df5d8d5,0,0,0.04843269203670522
logistic_regression,6212ab74b99535eca6fc90664ac918e99208ba24be,0,0,0.003342525075511668
logistic_regression,4909bc167c3c0b7e87492fb123f5f9eca3c99b4a9c,0,0,0.001624192478567481
logistic_regression,95eb829f22d8407d3a083ec8708348a8819cf78307,0,0,0.011465278422075986
logistic_regression,cb959193d471bd9319774e0f4e5238292e1fe86550,0,0,0.00517030495834396
logistic_regression,044ceef1741e4732b88113d843c00c26cf7c61cd51,0,0,0.1236253851907171
logistic_regression,e860fb5bc6b6487038246c5de0f42b950f3670386d,0,0,0.07940321316018761
logistic_regression,e71c2f7a1eeee42eb3ec5e92189d45aabace781c07,0,0,0.048312937834684586
logistic_regression,545172b51adc4a2cc070b4ac6b7829fa6058838991,0,0,0.056337757733239416
logistic_regression,534cdbce8ec9391b3091c5b2fd453facdb0dc61c95,0,0,0.0023320957581877775
logistic_regression,464d9ed17e8379ed3cb963f9ab1c06d5813a4d0a25,0,0,0.048671643054865335
logistic_regression,67e300a56de7cd6fc7d026f03bafdab6eb5c4a9621,0,0,0.09026796563906649
logistic_regression,ac8d88fc845ed3246bd0944f11951ffa632f35a518,0,0,0.046021425188268184
logistic_regression,7d3a968f6e7559f0c5eda48476aec610ae97bde233,0,0,0.13612167727183605
logistic_regression,aec29a8ad0a8f1e006bb8a0060b99c7505ac08f7c6,0,0,0.03377217671711658
logistic_regression,92d56c4f06a79fe2f13c15ecfd3641f4136d6cb135,0,0,0.05376174276494521
logistic_regression,90ff8203a9c784eaabf560c83436d16233e2246b15,0,0,0.003458249843339412
logistic_regression,85aa495b8e05cd9b4def8ed16d973469d7e8d099ea,0,0,0.12028287645161587
logistic_regression,c1179d4427607970a7c58bd5695bebed98c29d0893,0,0,0.03987410557731371
logistic_regression,de2a24bf47e3a6e1205d2353c16d7d0a77ca3c4910,0,0,0.006947644063447442
logistic_regression,23fc3bb889afe72cf15a4df52b42996500d71818fa,0,0,0.010472028592230412
logistic_regression,ce06fa90ad672b26d560801b2c59b0b878bbc09b8d,0,0,0.04742661544526127
logistic_regression,219ebbc9874a0ad8cb3fa8dc0097179cd79767a688,0,0,0.0007603259465912446
logistic_regression,01ec66430f9efa0304809444c6546236e5f20dc30e,0,0,0.035644530140800934
logistic_regression,ac11158fc67fd2ab7d132a83e3a13d732c71149875,0,0,0.0312860692232295
logistic_regression,2d6a7bdac931367ea46279ca390d0edaf42dc8d012,0,0,0.09710144879237374
logistic_regression,e6fbd8f1605bbca603b6a453082ef85818dec8f73f,0,0,0.021555506034252943
logistic_regression,0ba380c626c634c3004f69ef5f25299ed06d80fbde,0,0,0.1023986105170787
logistic_regression,ebbc0bf0e955b61be2d32bf9c7bf9d79abf05e0d29,0,0,0.008320213038130457
logistic_regression,116a17a3f22bcb3bae78831b45315b0df5149e234d,0,0,0.1630440029437634
logistic_regression,8d188f46e010572073875e3d8d442fa170eb668233,0,0,0.018840550715963907
logistic_regression,0a8e4d8ea2a61bf20735c50c89872a2f47637419b3,0,0,0.026326063652539446
logistic_regression,8f6b3713833da644e9033b6f2d7a5d730b08fdac25,0,0,0.07400029525077254
logistic_regression,d16781631f1c5bf2c1f274adb2cbbc97db7e334b68,0,0,0.058362036181000915
logistic_regression,9a10f7e4c7c0a7ae3434c7714ecbe73a1c102eccb5,0,0,0.12100250208351383
logistic_regression,49d02d8ae16eff187c733e264e7a99fef187e4d478,0,0,0.1461710159943406
logistic_regression,6839540367dd583abfc51705f0e590e7621ca217bf,0,0,0.25459230421415824
logistic_regression,cb3e6d0970b04d77e2a7e0cb5537b56ad05f89d261,0,0,0.1219052671492999
logistic_regression,e9f27541bef82a79a926358df7f833d23ed1224ea2,0,0,0.0005864555420966145
logistic_regression,eef4ec76d5a5cf7e78e4b80a007c1b932336d4f0b4,0,0,0.13562395431897709
logistic_regression,3742e79a90e6977ed84d2e4571833c7649df7a3124,0,0,0.02179758686904487
logistic_regression,e5df1de2ac11213021b681c8e62090f309e39ad0f9,0,0,0.24652376280572047
logistic_regression,af9dda4817b86db3d4c377c510e6d39dfee46025ea,0,0,0.0030910284230259164
logistic_regression,7c8eb32677dedbb2afdfbbe5678b948490cfc78df4,0,0,0.10245846320338128
logistic_regression,111859fa6ebcb39ecdfaf0f6a2de246cb942fad518,0,0,0.026425162257064365
logistic_regression,528b2baa8e76726f679fa6056f73edd6c86c84da66,0,0,0.16632812199673494
logistic_regression,87d7e242721c1819db3085d473b349829f30f6a099,0,0,0.25268549125105805
logistic_regression,d01aa467ec637a1b54e4c6046a191b1f9d36c02f7b,0,0,0.05645435598229603
logistic_regression,f55d0e5d6ece9734a78c64bc744d37f91371f62222,0,0,0.0046770205444226255
logistic_regression,74daa504d912fe2cfea62c258f6b41dc198f9674e9,0,0,0.09628326811857607
logistic_regression,d5bc4c6fdda24991c4169afa1be9f037a59dd4f2c3,0,0,0.09304317799354973
logistic_regression,f6638d1db52733595bea117e8cba0935618d99c921,0,0,0.01475276483773971
logistic_regression,81ad32cfcc1c269d621181436113d23286d3a7361f,0,0,0.08980188407753983
logistic_regression,00e8f62fb2079470f60693f3b1dcb5b99682b7dfa0,0,0,0.07577819673608469
logistic_regression,a0def41ca7d3d1f7ef89ec9d6f260914ade36c5eb5,0,0,0.00022975014842057433
logistic_regression,2ee007b2afb42236004cb6477a1caecb99de1735cb,0,0,0.031518336017962854
logistic_regression,268dbe50ab67a9dc28842d2de892ecbc1724920328,0,0,0.008550291602278175
logistic_regression,b5c9888d216403b9f05f5b78ff34e8771f71750a72,0,0,0.15704676395998543
logistic_regression,d35e34ca237770573fe5ee5e876ec98bfd4a144d49,0,0,0.11828456971629824
logistic_regression,a6467b31eee21732f04d0b5190d69be9e62087440a,0,0,0.07212067672587971
logistic_regression,41a55823715191ec7cb770435dc999d22db74dc377,0,0,0.009206076353469561
logistic_regression,d0d9f5f5cf412ae0473731245401d881626901a164,0,0,0.14148526565399255
logistic_regression,69687c74f47839624e2c3233a1f267a43ff958b671,0,0,0.03940488041929028
logistic_regression,cd8da6c1b75baeb2b344a21ea109d2bb4ee82acfa2,0,0,0.12173826501375476
logistic_regression,e00580f91c0a61365733fe38fa816022567c90db9a,0,0,0.1834269038090802
logistic_regression,b6b3ccba3f859d736d45a40012ae344bc45ac9633f,1,1,0.7962559775358063
logistic_regression,956c6c2d5368f12e79568c831059ba541c1d846b85,0,0,0.07720975290988
logistic_regression,4d572912432991f5377d887d502850bb91c7d1de09,0,0,0.19026858636690347
logistic_regression,9f6539b663aa841fd01842e9248fee0250c9836110,0,0,0.15852405844407486
logistic_regression,64690e65b444eafc84366abc20c888fbb0b048bd84,0,0,0.04253994432655294
logistic_regression,52dc65a7cddf93f05717b12b9c61299b4ed2a2f461,0,0,0.06513168891540032
logistic_regression,c5421b1ee4248142d20d3b0da53c9ab372638a1f1f,0,0,0.06964344697787336
logistic_regression,74fa9c32cb4d06ec33aad6dba8bf70763367fa8b5b,0,0,0.007445772011131375
logistic_regression,6d2645dc08f91507fb638a53eee9c8a0b5a602834d,0,0,0.1908410543256926
logistic_regression,8b3e4af2959b694fd2e76871febe2b9f4fb8de11b1,0,0,0.11186686503696945
logistic_regression,31ea41c67e08ec9869087cb40f5662af0de3a10d5d,0,0,0.07777671377263429
logistic_regression,ed0a797a32540ea83ce6b0e8346db17cbebd0068da,1,1,0.7709321933989157
logistic_regression,8105c791da9927dd1ddfec912259c596e9ec68bafd,0,0,0.2620845213563494
logistic_regression,828f5a9abb27f03b996d3c295dd04089e71d3c2e7f,0,0,0.15900002563318516
logistic_regression,d1510f6b97e882858149cbb08388673542db8816c9,0,0,0.16817001814244378
logistic_regression,0b13d7e4f71354fde0125136756a961859d5af393e,0,0,0.17551832503495488
logistic_regression,d973087ee695e21dd0c1ade7eb5dc8226623023002,0,0,0.12620771822439897
logistic_regression,69df8dcea85a7b577a8364c3efa8f0a0202afe445c,0,0,0.2071002454558822
logistic_regression,2a4876e46336fd66a980baa883ff68b5160c8837a5,0,0,0.16627651956782222
logistic_regression,066752edd15f56787428d9ec8502d27edcb0ca3534,0,0,0.013907299102370176
logistic_regression,929b00724368b1bf8dee989406e7140fa3e7f46c8c,0,0,0.2395591106237081
logistic_regression,2cdd5dfcebb191b131a147306ba45dac624429f45e,0,0,0.05467600537716102
logistic_regression,fce3e8939d2798cd7c0b4d5bae24261baeca5c0281,0,0,0.1842452002020059
logistic_regression,52ca0fedfef2967a509083103a6f8040d8237c317e,0,0,0.0057539966264028184
logistic_regression,f051e609053d74f17b8a45ee0fcaac17716efa4d30,0,0,0.18162262978221375
logistic_regression,3c48a479885e6839ddd60ec150968b7545196ea342,0,0,0.2795436029215958
logistic_regression,60f57894662d11a7e4f06c993519a15c395c933464,0,0,0.043663082464868413
logistic_regression,a0582696d52c0528b08e518bd41b249bc1b0f25499,0,0,0.19228263661751094
logistic_regression,a18455e12873d61f9e039a1a52bebac4808fa95c05,0,0,0.016364799145785175
logistic_regression,fe2e531b028d100ad8cf7674e6782fe71964a4ee34,0,0,0.0872892796522516
logistic_regression,6931f6353df23f5f4b296846fcee1d174473a38e99,0,0,0.2654093025279984
logistic_regression,e369359b6e5a055d589771465518cc72cad21132eb,0,0,0.0005295148198107218
logistic_regression,647e89419e3bbd343bd229d6f23984abbd0d78c6ed,0,0,0.011426530337867754
logistic_regression,1736a1346d733196f87f03cd21ffd0ce695a246a32,0,0,0.0577701289532975
logistic_regression,06e63e541342fdbf20b23458d9d858509a727d6ad6,0,0,0.05934271544497474
logistic_regression,abeb01442d15db2acc2e20a21c2f97c0e421749789,0,0,0.06215591430667571
logistic_regression,1036d2fee2343846c6770352ccf25be87e913ef922,0,0,0.003716887660790133
logistic_regression,23551b6317a7ba15067633e374a513ccb59226c5ad,0,0,0.018285075962089503
logistic_regression,f023951050af438bbe9dad1186fbf004d392a33027,0,0,0.20199152625234953
logistic_regression,d0459716a271f0a1a0a5cd9aebb91ed8999eaca41c,0,0,0.15670161694498422
logistic_regression,208e7815cef300d6e21eb3adc7a8766f2db658ac96,0,0,0.23922565706270846
logistic_regression,f5ad76e7d265ddc3a2c773010d71b2a933fb3ef013,0,0,0.0034209139599206905
logistic_regression,5efff05c7df1441ed43deeebd378d188760a361f2a,0,0,0.027912971411687776
logistic_regression,319d6d6b4b16a3ac5587e30fb9b2a5137ac578c8d3,0,0,0.25809852794982496
logistic_regression,177c1e92bc4cc323c0bf4b0ca8d21002348cdcea34,0,0,0.22602791380572435
logistic_regression,bc81b5be4f8531abbf798a8b7cc8a6d43d75d1b8c4,0,0,0.013317607740190515
logistic_regression,a306c2a8bfbbaeeed268730123d5b13890189f19cb,0,0,0.0017826705983343435
logistic_regression,a93a559de48796754d471c572c7fb9ce1f4eefea0b,0,0,0.01772591760676337
logistic_regression,984b39503177e8a3a03d021c4040215fa67f42ae03,0,0,0.02813540813254288
logistic_regression,a8542f83dfa3050af85ba64c8651b17e12ebf48639,0,0,0.09479542207840573
logistic_regression,afb71d0b9a40ca48e00c5a994ff50ac54ce84dc091,0,0,0.13684685825966272
logistic_regression,575faa46fc0f968de8862a91cb28f858b271e727da,0,0,0.003206059746042209
logistic_regression,435f501aa3d76f15404fdd3a5470c452a30604f9b0,0,0,0.12584692713936388
logistic_regression,5954cffc1348a39ef380e564afeee37e0b812c7535,0,0,0.1289330934762749
logistic_regression,20293ee539faf64409e911afbfde62746edde27779,0,0,0.006289685349915583
logistic_regression,716bf64b635f57f17183e53e361820481b1f76562f,0,0,0.13620688343215653
logistic_regression,b2c73a10cb97edacf34796315dc9b3bb1eaee39760,0,0,0.1150988893846612
logistic_regression,b84a0582f652fa8237b58e05e4725fbcd3a3aad68b,0,0,0.008119704458799223
logistic_regression,404413b20d207632a6c14017940a40fd21918dcf48,0,0,0.02283078278937489
logistic_regression,be4702b5b204c1a8d795d2ed60a17870a6db24c72a,0,0,0.19405262197119455
logistic_regression,e1bbcf375cdd2e44ffa92b531b60a17035c9ae872c,0,0,0.1500051342667553
logistic_regression,170c2a0b484c4250bf08b1426cdf9da6b5d4892991,0,0,0.2583384638759577
logistic_regression,b4d0c8d1e863e9d249fd74850f8498957d4643385b,0,0,0.0358796250576133
logistic_regression,faf68626704cc699fe9f2ebe811fbcf0ee9fa6087a,0,0,0.09636361877467928
logistic_regression,a866f9f1c0f06332a811f33269c20b57542ca4974e,0,0,0.0578265976411101
logistic_regression,949d56427298a89340be2c883a4832796a47c7cd4a,0,0,0.057784582388146176
logistic_regression,544f26291bb71d4559519aaeb98c398e7f9529a38e,0,0,0.05716796615287792
logistic_regression,b8a989b5cac0999ddbdf265217c9a0c1d7150f6c1f,0,0,0.11947147968018951
logistic_regression,bc2b2203854afffa2ae66ff1e613bdc6bd585371d9,0,0,0.128501574843194
logistic_regression,e4ce3c07184a1ba7338f73d882976aa43bca1f4168,0,0,0.20901878449146238
logistic_regression,1dfd8c420058ad8bda6bc48a8f06ee72cedddfce8e,0,0,0.011618549506786525
logistic_regression,eb099cc2b475d85f69a96ff109f1b39d3450ed07e0,0,0,0.12288733028995434
logistic_regression,218e71062669fd725a2c416159dd18acb53e927bac,0,0,0.09143890247895485
logistic_regression,d85953fd8004e0fe9ad0b212e234500b979bb0b41c,0,0,0.10079416126627261
logistic_regression,f2d14ca102fee4c2c9575a7246b6e8718e2fe3f72b,0,0,0.014167007767267918
logistic_regression,05d2e96d8b459aa1674624350b7b5db9cdfe8de948,0,0,0.05946374737150895
logistic_regression,4e6a36ed3d93384b592b7c091c8fd12d40e99ba73b,0,0,0.18465515965415705
logistic_regression,0261b0f4a998d56276f26fd897043111be4d92d603,0,0,0.0026140075854343974
logistic_regression,c22b01a2d9dfe4c2034594051b5fe84a295d784d56,0,0,0.04064233184885029
logistic_regression,ccf02f1ea128ee33137e2ad689b7fdba9bb5dce4f8,0,0,0.04327904210102396
logistic_regression,fd563450b13cdbfbdeb19ee765e59bebfaef4c0014,0,0,0.03971062039660512
logistic_regression,e2d9081f03f5a48085a00b81c7953aface2bf8be85,0,0,0.2201252581495706
logistic_regression,de52c16676c54e0858523a79418c8a8e480bb8b0b4,0,0,0.20520342873042316
logistic_regression,3acfaea4babb0dd5b9c9f46e75311555a9d14b9c9c,0,0,0.2021562279330986
logistic_regression,5fc21c43589f1c8d51d9f300010aa9eec085fa196a,0,0,0.003390961172008368
logistic_regression,208c6c718fee0649b94e4fb4c6621d71eecebd0921,0,0,0.11263368644434732
logistic_regression,8eadf0bd82b298e68b28caf34dbd980ef7d33fbd22,0,0,0.08472539443784718
logistic_regression,be9d4100516401590e6de06941c08aed792e6a5e56,0,0,0.0038451788281697605
logistic_regression,e9cd8793810877f53293041f4f0a51f9ad5b06bb4a,0,0,0.09249588410895714
logistic_regression,c10a5abf24c74242f6bf001d738b67b7a72ea392fd,0,0,0.004421777838932816
logistic_regression,e97bc0ccf69e4792e01c17b2eb956b5c78e3613c5f,0,0,0.0034992029252509356
logistic_regression,5a8d25fa634014bdd2755e4d0b00ede6a5d2acb620,0,0,0.009734685279028137
logistic_regression,c483c0bb7f97c4c28b29b2953ba2ba242988fa4c8c,0,0,0.012994627949847227
logistic_regression,8bd2fd19fd9372ac69a0e3e9e4d20c6f0be1e0d960,0,0,0.009599391191037145
logistic_regression,5d67a963ba1bd8625ba72eb3536cc1b35028bea26e,0,0,0.018604064624968917
logistic_regression,b391d042c95c7083414b3c1f645c0100a2fd1377cc,0,0,0.14203361851960386
logistic_regression,41ae2d5d98c16bbf007abdc56db2d52100205868b5,0,0,0.07193330255463545
logistic_regression,83e6b1c1776e0cbc2802aa57bc7c8887821e62d083,0,0,0.09379216786334132
logistic_regression,ad4c7b41034157facd04841663a8d64965cc953497,0,0,0.01986236458077469
logistic_regression,93a03da44eaf83df500d15b8b68712d62ac54e7b84,0,0,0.054223272549273484
logistic_regression,fcb317e7e4c0fa6026c0e5456d805b17d17f455481,0,0,0.005715261622866405
logistic_regression,48c3d483790e05cb8f51fedee749164482333e4e81,0,0,0.013495005852338931
logistic_regression,721897d0904c9074dade5b55ed2e8c52eb1fe81bca,0,0,0.0663456560329393
logistic_regression,6bdfaa67691cb43f81f3565ac6ed6738a70ea20c51,0,0,0.03280549671857781
logistic_regression,4b687f6d24e6251561b756ec9aeda4088fe76ab642,0,0,0.015230349819189679
logistic_regression,a46ccb32e27c3801936bc422a0dde70ff34425f138,0,0,0.09906849490278477
logistic_regression,e7d4575a41d4fb82d932c1f01dd86d800a31209af6,0,0,0.030683531416993703
logistic_regression,b1ade95fc22fd190e87f4f5e840cd2f6c7680adadb,0,0,0.012366462540831385
logistic_regression,77edb6d41dab67ce0e81cf4039f87884797b3fdd71,0,0,0.01366692989034397
logistic_regression,37a96f31dbb354b1131fc5ffd01b1bcfd80c2f468b,0,0,0.07697214916864938
logistic_regression,246cbd2fe8d3b06f44b07fbdac68898b963b9110b5,0,0,0.0165897549927854
logistic_regression,15d0a4b20289479d4f2bae4c724b766989c496233f,0,0,0.06268669788295411
logistic_regression,97070c22f21ddfaf4950bedfb438d6e13ccded065e,0,0,0.07867814597785597
logistic_regression,5ac9e3d777430eb375e6623268a5d1c17725f11d5c,0,0,0.07589216893025622
logistic_regression,7dee330c7096a3a003b6996ff6d75556872d8efada,0,0,0.011361003497074907
logistic_regression,57e78bb1a2fb93c92064c23ce05af043ce779d4209,0,0,0.0017398173387003807
logistic_regression,bc4c5d90cbe3aa3a38f89ffdb06f22d2b74b678628,0,0,0.010092453075884498
logistic_regression,bad86ab32fa481200b37f8e6da49541cd8d4a86adb,0,0,0.14763004228157486
logistic_regression,aaa6c65a53bc93d93b3ebd1b4b9e3c9bf0228c2940,0,0,0.07777837909128413
logistic_regression,32068e333a7086c3f71dabc9caa24abd15a32a67e9,0,0,0.037545989425791376
logistic_regression,3310cd92d0a899106441ab5707c7e79b660c2a44e4,0,0,0.16056525658531134
logistic_regression,5dea7458aeca87a78d5e775523c0873e63c3fa4112,0,0,0.001921157013342524
logistic_regression,c6b4672527c151679bd4bad83dcd30df7fa95ed0c7,0,0,0.03772334059940614
logistic_regression,e91b2a80ac0a56689846fb391f422595e1f0e1cc9b,0,0,0.10727120388403497
logistic_regression,ff7341c0ff99b5a0ba889d97ea27aa2db4f7783e8b,0,0,0.1183473263505458
logistic_regression,15e857e7d3d7553f0308f3e98aa37e432e2d17c053,0,0,0.039844106070120885
logistic_regression,eb0e310645e4e83a56cd65865e20c9999b302aeb78,0,0,0.06301414666357821
logistic_regression,389efc40e6d1906e5e2fa38109bd052be615c8d047,0,0,0.17842790078791865
logistic_regression,1e729ff09f3642b6c40b06a9c2f82ae55c6d3d885e,0,0,0.17722152200685196
logistic_regression,a5ecbe7327736508bb1060d0a22b6e60b45c117728,0,0,0.005140527933609201
logistic_regression,cddecc2704891d0d5cc5728579783b3c34e46ab3e4,0,0,0.08199046245912102
logistic_regression,091b8d18b31b695b99c06a6f7bebd80778d641fd69,0,0,0.05204287089700527
logistic_regression,03cf2aba810d9cc0ba128610f0d737fc08ff0856d7,0,0,0.005323316739696813
logistic_regression,f9c82ba8a6ebcac8f56727a55f6582309a20f1b5f6,0,0,0.10399960278852423
logistic_regression,89ac8e7763f17c77ecdcbba6cb3d796d46570eb2d9,0,0,0.11075524924953142
logistic_regression,cfc79a596994f64bfa8e67b752f653c568a23c1c89,0,0,0.006040381106037501
logistic_regression,8fdc8dee3f263db1e794652da3a00a5e9840dc847e,0,0,0.10057567656014893
logistic_regression,069df08f2a730440da56ded49d844ea01055e937f5,0,0,0.021936902534319517
logistic_regression,420400f94df39f31e601816ba98618df893d3b5d74,0,0,0.008495330839731372
logistic_regression,c5c4b0f8bf05faba9fcb0f37e49ff0976745bef4c6,0,0,0.11199762779786036
logistic_regression,706fb56662960431a277e87d1980b98748e936d4ac,0,0,0.0032160272199477616
logistic_regression,aaca2fac009dcaa888e59dbc3d84bdf72b668eaa8e,0,0,0.0971893306385295
logistic_regression,26848920eca405a08a445aaaa93e68d0af86a3dbef,0,0,0.018309405273617234
logistic_regression,04b0aeb238326a3816ff8fc8fe468f4d7748a692c6,0,0,0.013257397235750982
logistic_regression,58c1f057b7583e53dca88c5799cdfcc1834eccede0,0,0,0.007709036531695973
logistic_regression,f0f64add2cfccdd67ec5d161985795a48b329435e7,0,0,0.1606483778100604
logistic_regression,2775987dde2ea7ae8dc8abc79ee4ef9d913d5e575c,0,0,0.00623250986353283
logistic_regression,8247f83e5e9b1c9101af7499cd19a28134259ce016,0,0,0.0013432082421788718
logistic_regression,2c3d086e89d0d4ee0c615722a1aaa44ccd2ca32cfc,0,0,0.14996540626981986
logistic_regression,253bbbcaceef56b5265f6204c6aa3a81a5d3153d5f,0,0,0.001566203636302986
logistic_regression,0382d5bc3355c03dd5af13a6c22dc41b1efa8811a2,0,0,0.002793832779631691
logistic_regression,2efd47c516a6e4f589c4779430f3be50493b49c844,0,0,0.00545783639568198
logistic_regression,9806143616cb2b141b18247aa5da6a578ebe2f2993,0,0,0.02430321820423305
logistic_regression,f7e01f1df3f864232d30361515a4fd1b568a4e63f0,0,0,0.1570196061497347
logistic_regression,0a28b1a6d6dcb693b11ddc24fb7883a4f9c6ad0da0,0,0,0.07434448303030661
logistic_regression,4977c4fdd3a373a6eb2cf22a9cd60ce50985423f4e,0,0,0.025315921759256853
logistic_regression,e6e8139812e66c5d482242656aecef031fb01ea900,0,0,0.04101594531151697
logistic_regression,76ee78cee106585be31032a6fa7b8b6293a0becc34,0,0,0.10134093288086479
logistic_regression,5ff4ea5e462459623fdda473947f524b12d353a72b,0,0,0.08485696741050411
logistic_regression,2763048a8caa511598950a680b3a9b60786ed692d6,0,0,0.10368854196364269
logistic_regression,3e3d56471c244611b62870e5ef4aa47bbc97c46329,0,0,0.0009632395819144484
logistic_regression,7732aff0bb00262d748201e53973a1b2e739798b38,0,0,0.03575754311214544
logistic_regression,b4caa766bf24b989e1efe1c589e54e6146c56fd8a3,0,0,0.001434548636344905
logistic_regression,ee496cf46ae40fc50ee630e36cfc603fbf8af14502,0,0,0.11712159386373393
logistic_regression,f33084855c35956ee4c2be754173471517294c2e0f,0,0,0.011790264134331874
logistic_regression,cb0e81d774ce664fb0ec48931893b966cce3439190,0,0,0.03238955508360548
logistic_regression,3c1890fcc054919de3aaef1af16613997b7e98540a,0,0,0.03680192128701115
logistic_regression,715997f7509696d1d7e5b06f23f43abb36bf10a102,0,0,0.17131071204737644
logistic_regression,e3a4acd360b0bc7d26e04901d1da336b28194febc7,0,0,0.027468525166261665
logistic_regression,448253ff4923168feee9f34460793ca66ed3edac0b,0,0,0.002869320693775182
logistic_regression,ffa9e702c311be417e116d79a463223a357e6c567e,0,0,0.03350383619397501
logistic_regression,06144855736e8479ccef68ad49255486a516d2ed71,0,0,0.009387034456162702
logistic_regression,e222885e1f69c8df6eaa02d9fb60c5b70155c89c91,0,0,0.009091318814947617
logistic_regression,276517803f0352fad5ae05a80ddf7d8314e775171f,0,0,0.02866250186344146
logistic_regression,e4ada0d77a2afc82c2bd723fca6e5ef1b94eae2c03,0,0,0.03653148147774498
logistic_regression,80bb3075d7e7bb0e59108712f400ba1156cae61a2d,0,0,0.01354231892356114
logistic_regression,96967f3598f077c14b901fd35d4b4c157e2c4087ef,0,0,0.11156925270162912
logistic_regression,9c315444c08c528cf96018214a122633c394f5fb5b,0,0,0.0040019652618430955
logistic_regression,1b8b75f66c21d2f5db5d9eeb6da70e77d588bb85f1,0,0,0.09935854124231483
logistic_regression,607579048605ea49a765d0d5075b2b1ab9418929f9,0,0,0.008851865118358414
logistic_regression,6db63b152c202afae8506d35f5e12ee5f7076a765e,0,0,0.008613135903324097
logistic_regression,546bc14ab8eac241804bda144f1d3f31910c9e3032,0,0,0.014843506851800657
logistic_regression,421e3b4ba8abebfbd5a1023ee244f009f05b503d62,0,0,0.035579652701392656
logistic_regression,5fa29539da7e464e4ca7699456e90df597d580a7ab,0,0,0.18518575955723815
logistic_regression,0deb4f3d7345157ae8b5aac7e763e6475c12392d83,0,0,0.1309724984956081
logistic_regression,259c45aa85482ea573e7c8a6bfb900549d7d646a82,0,0,0.1440578990544847
logistic_regression,d07f029155a0d63509e329cd0845385b885ada7d15,0,0,0.07606784052962462
logistic_regression,d13e4aa4c35781aff8ad88874a4f83372fceef597e,0,0,0.015826927718221494
logistic_regression,63240a2f7fc6ef3963dd7858780a6e34ca882d984d,0,0,0.0843687614494425
logistic_regression,5d45cb374d4fd22c1e188c380f0a8a18cf69ebf558,0,0,0.03304836403697863
logistic_regression,8812cb9c0c1e5d3095d5e21be992e31dae536e0335,0,0,0.12030957672613575
logistic_regression,29bd56cecff5b4d7fa84450d60d24fadb034860acf,0,0,0.0036179688302985457
logistic_regression,cdb5f05fc940b555279cd1c83a7e225ba0c34becb6,0,0,0.07047506957803244
logistic_regression,0ef882c039c804a3c82801c7f47f61b81d9f0c4169,0,0,0.001092903537218086
logistic_regression,3b2fbcc127dd2cd06ea54471146fff11800659f89c,0,0,0.16778689391082377
logistic_regression,02036176c4d7334167aec5f2e978af3dd35f7f7e5a,0,0,0.13404454942500946
logistic_regression,b8ded25b2e0291e2371b4d6b5825de036310782639,0,0,0.0981844989867281
logistic_regression,3152c2aec9f049cb7ba1a564bd73bcfc833ae3f76a,0,0,0.0361060295163079
logistic_regression,512093f71ae0cae4145dce75eb4a04fc5c475d1d74,0,0,0.005417030929572661
logistic_regression,0f5be2e3ec488aef4c8092132b6c88c96a5cf93001,0,0,0.16008198619452538
logistic_regression,400673052edd484ddc8de8cc7b1d2eae3afbfac4d3,0,0,0.10942736685126034
logistic_regression,d7ac09602123982419aac9c1e8d129fc970a90423a,0,0,0.16942195844902688
logistic_regression,4ceefcfcb0abc3c168dfe275c45d5d66db438c0a62,0,0,0.06503966167555042
logistic_regression,f3c89cb614c1d9f790c73eac14491b25cf56c4bfc4,0,0,0.06026380908598421
logistic_regression,1f2ded4dfe64ad89ba7b65277c96199cb8c142010b,0,0,0.0035676801649730714
logistic_regression,560844702f8581f29fb84a8feeae05a758bc62fae0,0,0,0.16155034468516338
logistic_regression,19bd77d9b224fc83f711cbf58c5e89d11104a9a189,0,0,0.05704303858669124
logistic_regression,bc3a2dbda5d5adac02de7b8ff53c0c1240414b92bb,0,0,0.1154916272699204
logistic_regression,6fa66d51d198ec5c1b7ad473ebd725fffd56165d79,0,0,0.1068723382584014
logistic_regression,688dacd86ceaba944ea9c5cd7a3dde085ae0b89df1,0,0,0.03435385283843305
logistic_regression,b5506d730e97c32a54f0aa1107878c161ec02c417e,0,0,0.1610309701483755
logistic_regression,63ce8d952d481705230428f0f23e887a11f2a9b095,0,0,0.021332380473279376
logistic_regression,8698674e7ebc6c8e85f074553c3d13db8bad592ae9,0,0,0.0345407454172935
logistic_regression,34fd0cfddebd9b829fec310378360247581c8f80e9,0,0,0.038159814336720124
logistic_regression,ba42a7f37496614d6022a440b965fc04a05c345f61,0,0,0.10300043886679365
logistic_regression,ce67a34a8944b6087f652ba27ea8ba5c2cef0302dc,0,0,0.11034731609332066
logistic_regression,d6e46b1173003ba27d53d7072e7ebe79f01ff9406a,0,0,0.07780737337795844
logistic_regression,aad2259b1eeb40b22278ef8c5c7f837670aa2475f3,0,0,0.17777938137492394
logistic_regression,b7922661fe8f9d25228548830df9f52e756de570b3,0,0,0.002824213534773474
logistic_regression,89b3d153775ab799d8057b4df0267c4fe5fcff98be,0,0,0.18535496523660613
logistic_regression,836859f71469670d0140994265e1b1815c6cc88079,0,0,0.15532258041386743
logistic_regression,cfbc0b4a6a291a9bade64f358f886e9a13607b412e,0,0,0.11038006617718991
logistic_regression,b3b9e6ce1335580b15f9f389c6065090b585fa6bfe,0,0,0.06777397682412122
logistic_regression,04fae59be3a891edcb24ad7c9a1a3bd51225774a91,0,0,0.010696224276744083
logistic_regression,b30f99bb93bbb39ca95f83c12545553aff5e704d94,0,0,0.043672891438161415
logistic_regression,149a0deb038071707300cb744559b8d15397cae3db,0,0,0.02224774825159874
logistic_regression,8d59252f3f9a67216085e0fa858c47cf6be179eaa8,0,0,0.0017231368481393993
logistic_regression,fe05c4a5a3f136388197d3da8a32a7e47c078c962a,0,0,0.035858686756361044
logistic_regression,c1495ac973fc049cc56d18a9ff21386849e9547e44,0,0,0.030117313491531787
logistic_regression,805d52aa80610db043b7f25e413b876c27c6bcdc6f,0,0,0.05521816673465084
logistic_regression,f5d463f10a7cfa5c8a8f6b06daa3c1ce144ad11c1c,0,0,0.033543828095460214
logistic_regression,603803b9b0105d7098a7bf0491afffd538e5d61925,0,0,0.028557060536914345
logistic_regression,71ce2743d78590aec0a965514707b7ec7a4409e538,0,0,0.024266455636969497
logistic_regression,fd59ac7607726ba4b7e4ab195d9df7ba62166558aa,0,0,0.07565086323262338
logistic_regression,4617cf5245d1f3d88c349b4ccca29ff6d1d0bf891e,0,0,0.07229679144367145
logistic_regression,af807487b2e31c770d0a8f6de9652ce95c34ffddd3,0,0,0.0017746289372829976
logistic_regression,fae7c24d3f51b1055f067bdd80f2cfa03b152b18c3,0,0,0.06963586436092846
logistic_regression,39273eae09dcdbe6cca3647f13d0a3a069e06b14d1,0,0,0.07486358702319375
logistic_regression,249fce4cce5bbd44bdaa876408b254f71e959f105f,0,0,0.018660992741603318
logistic_regression,8f292874710259de4686e2cd1370bb11c6de595c1b,0,0,0.005658848813426318
logistic_regression,af71dcd4ec3cc5ea8ffa846dc0d5bb40a8330f2f77,1,1,0.7482107032914516
logistic_regression,d454cc283d70817c88c37a31bc8d1ade1ceeb1afde,0,0,0.007627301537787066
logistic_regression,39100b72c82a0f6662a943a19acaf370b717fece0b,0,0,0.10465453399130789
logistic_regression,5774baf9bb8c84afbba4889448f22b2c7f1afff2da,0,0,0.013560089545319133
logistic_regression,94b4f073837bb156cd9922481a8b025e245b76a34c,0,0,0.12204859769290939
logistic_regression,37146418025aa5b9abcbe39d9d5c8dc287dfca909a,0,0,0.0352321383543909
logistic_regression,e4d9235ef46302edc2d67924ba9aa1c223992b7943,0,0,0.029160838546269992
logistic_regression,28745a9c5f420218bb7835ab57dd460f1b8be7c8a4,0,0,0.006265723529665681
logistic_regression,4c7205fdbd2e95ff14fa56d3079a811a93581d162b,0,0,0.01421208886272211
logistic_regression,9c979d8eae9ec10b04393c70a22030710dd99b2e4a,0,0,0.013965988654174344
logistic_regression,4dba96cced93039080ef5dfba38c081fae0eb788b7,0,0,0.014391139476156506
logistic_regression,220dcb4934cb67aefce02b89568935eef018589f48,0,0,0.06013714363043384
logistic_regression,c1b2d4d93ac38e3c751bf4ab5a2c7de3dd856d1be9,0,0,0.14925048502192276
logistic_regression,fcf9a0b53b7eb9058f8d8ebdba0c34bd5d61db8aac,0,0,0.14325484455405563
logistic_regression,8e38be16b0acd6b9306a712db5207577640bb11faf,0,0,0.113501521983326
logistic_regression,13ff0761e9c799318a5345a4c1f939c27b06ca373c,0,0,0.24732425007132205
logistic_regression,b0ab92ff3749fa8a2c456d4af4711d4f71aef8785e,0,0,0.012934134745896943
logistic_regression,76c28d2b2890f0f17be84922bd6f2a613d4277e1e5,0,0,0.11213596618094666
logistic_regression,63503b0fa47d046784b5578f2e347b8e9852c5d12d,0,0,0.06365491027542435
logistic_regression,1c82c9e69e4602aa84cc9286b0d8d65adb9a78b73a,0,0,0.09675394922581793
logistic_regression,3b0c92b89cbe5772ad7a79182f71fcbb1c918a6e70,0,0,0.10286482779719715
logistic_regression,d93ad2c317c64c674a38d719d8a4094459d807d068,0,0,0.04395474334333057
logistic_regression,206772760133258978023d40612f64ff9589d14b4d,0,0,0.028254422303960622
logistic_regression,0d7fc05dcf03b54679e0dd3661bbd41b835a32b131,0,0,0.037570539158537794
logistic_regression,a6a1f5bc9544218fe9667d9faed3e8889b92698472,0,0,0.008591369534656473
logistic_regression,1fed9737d1dd71b0f2b5c610ceb3b2e94a42411d0d,0,0,0.20277460923147791
logistic_regression,e888733c857431e3b4d065de60e6d8cd7ed7206e47,0,0,0.11212403906743477
logistic_regression,c6352f7b2308b5ea5911ab675055d2b1bf2086326d,0,0,0.4083238438560344
logistic_regression,9d76cbd1824141519b2180aee71e65e317187ba3db,0,0,0.08965023887283073
logistic_regression,3a7e3d07e767cfac9ed6300bf3beab60fa52cd981f,0,0,0.022359937915511215
logistic_regression,b0d2d1eb4e1ca214af97e415de6e1af83e25164280,0,0,0.18663817632264296
logistic_regression,fb92b33081485d140c58f132f10983eb876dd717d5,0,0,0.13535804162411733
logistic_regression,9c13fdfe7c101ffac77158b99e0321e1146a948c2f,0,0,0.005657927353227089
logistic_regression,e4d9b3413cc6ecce8e32dcd39cfa9707455b6892fd,0,0,0.2106653191403718
logistic_regression,96b1d242759d3095a31726e21fd1ab9d78d71f8b13,0,0,0.1710721512295112
logistic_regression,81ed7293e9884fcabc9412c052d9d9f45a19ca9a33,0,0,0.014351727020332099
logistic_regression,ffa47a7718f60c2f7742358aae6bc920d62501fa4d,0,0,0.05017591888989306
logistic_regression,b34d04561e0de8cd50123167d3e271da99cf0f88c2,0,0,0.07660636430450857
logistic_regression,6cdf811e98b02cb52dafcb2bc10df6b7a0bf3cf0ed,0,0,0.008364348209185501
logistic_regression,a078368696a3eeb119f0b9e1d6b4f768c45aae8ad2,0,0,0.10859353683546492
logistic_regression,f59f1afbb74d2c4d96dd9da91149e2935c809714b5,0,0,0.0072906138373305335
logistic_regression,52b39b7b9f6a8bf88a6876dac9c2217bff14347af1,0,0,0.14179981386465804
logistic_regression,49351925e730b3b0add4b589bbd85e88c14eb74493,0,0,0.0032171596735418224
logistic_regression,3ce098278f1755895e469fad0074198f6e497a317c,0,0,0.10029222302619821
logistic_regression,f9fe0ce76f57b65b52de3a0191fea96559a9f8ed0a,0,0,0.004879828955396882
logistic_regression,1661b0ed57b56c5d9f2442db9b7c35a61d737fcbd5,0,0,0.031037777494850743
logistic_regression,198f8f6c2afb061535b8bd6ea64426aea29c15b047,0,0,0.003006057904784291
logistic_regression,41c5d03ec94dc7b5e63d0cebed611c58d7bbca4f1f,0,0,0.06206282233111257
logistic_regression,55645ff20fa03478f0a3aafa883babddc0577873e6,1,1,0.8738278645821271
logistic_regression,4498cddd7a89c78d6ed77799bf56d906013c131e65,0,0,0.07657528149452586
logistic_regression,c280306adfe6a866565737cda93144f1ef0d8e158b,0,0,0.06925507235442196
logistic_regression,ce3438d4a69ae98420a7a3c449366da079d00df09b,1,1,0.9627175761749596
logistic_regression,e835853f198b08b28d7914e1cebd480ac76a914699,0,0,0.07707837238706813
logistic_regression,7b36cc938fc58748cff918c1d98d3e72c7b6245916,0,0,0.06643176879848563
logistic_regression,ffd52847b060d9a855d734ac1073addff9cb8ce7ce,0,0,0.14888957029062014
logistic_regression,07d4a2f605c5689cc4836adc88bcdbff5986cbbc66,0,0,0.17156766592511613
logistic_regression,7ab932b1887b329729fde696a55012e1d645db9e14,0,0,0.014297927003188127
logistic_regression,3163895b76a917672edb3128cdaea1d5ab564c5488,0,0,0.006599240253099713
logistic_regression,80142a261f36cd4cb016a43a566a1654fab5373250,0,0,0.18453166064418916
logistic_regression,1cc4f3323e6a48dd269e5ba7efdfed9ba4fba9aecd,0,0,0.06403146574800027
logistic_regression,52ba09241a27902781ab6cc4a36cad281d2f7f376f,0,0,0.10429967027767982
logistic_regression,da8c3772bec612ee814ae78f7b2e2ca5bbb1952dc7,0,0,0.005818724438379517
logistic_regression,c6a4654a7a94582fc250c2798261852fec2c618a6f,0,0,0.13917448405760025
logistic_regression,2c67f1d81ee2345801f796330ed1d3f175ad15a953,0,0,0.12762644897754075
logistic_regression,43422361bdff41475e7c4e77bcddff6a0752e8f6f8,0,0,0.015296575363348391
logistic_regression,77fc88284fcf1744b71e397553979fc32b1c113523,0,0,0.10481076403977982
logistic_regression,6a5aa0ebc06ebce09c06b10ecc017299fa8d8e20c3,0,0,0.17144068643612517
logistic_regression,232edcad2b0081e3ce5c19e4dbacc82f8b8c69807a,0,0,0.07128179588498815
logistic_regression,0c828465197e50b06dbb463f8bc3ba37b5b084b15d,0,0,0.06576424328876687
logistic_regression,1213d7b62484d8e41341ffa9115f7b16b418544a43,0,0,0.12783788418955314
logistic_regression,d257b525ccd8a5e3d838e6c2476affa06b8d83dd0c,0,0,0.16179880750465267
logistic_regression,d347b35c5587a1cf87caf3c698d33db25604ffbf90,0,0,0.007215225363627333
logistic_regression,ceaacbe80bd9274f753547f8a870fa7a5cf6f58132,0,0,0.2145344861274106
logistic_regression,8b49845b7299249a02f85a04bb9f2672ca3b07b4fc,0,0,0.22799461180601954
logistic_regression,61c0ec379a183b131ee02b00f07524810564d0e49a,0,0,0.08556285982284109
logistic_regression,d5e4c665a98b92a7bec9d359199b9345b85faffa30,0,0,0.0049183977430236735
logistic_regression,2056038b76aee5df293ab657b745d6b2426d59c62d,0,0,0.050925901100172914
logistic_regression,7f2c588b2cabe93e7ea6b289bbbb0a306cef1bbbeb,0,0,0.08628004680540018
logistic_regression,a68d5e237639a4a0ff413d73b1bc0e953fd87a5d5f,0,0,0.1340872365573393
logistic_regression,6f1e4b42ad88f61521b1a2ae139a9ab0012eea3b63,0,0,0.06436663062701645
logistic_regression,7df8d5b62355debd2bee69df78c183d8cd0e2f328b,0,0,0.16676132825770626
logistic_regression,a6bdceac76819692187ce2f6914aa0de599ccb8993,0,0,0.15462507360059086
logistic_regression,388d0cbd43a7913673840b697dab01317b646257e6,0,0,0.033082459861844396
logistic_regression,b83eb16d38fbe09c4153875c9d200bab05544618f3,0,0,0.013860892497323073
logistic_regression,001071a62ab262c7afb0d2ef40b20eb6101fcff85b,0,0,0.10742941829786073
logistic_regression,13bc0fc2fee8da61a38e43932fad71c4f7a8e81c0b,0,0,0.06611876867358525
logistic_regression,5f1f8664df7ce70d756b8b061e2a0781bde856fc51,0,0,0.08113175526148442
logistic_regression,4f82f46cb48cda8b89664771ff356a53a813f9fb3a,0,0,0.017811340743086886
logistic_regression,1c72a1db8ac8a1e299ad19ee9ec48d7b24b502d8c7,0,0,0.002959383048777512
logistic_regression,58291a69a0dc76a3cc08968098407e6f7ac0fc2eae,0,0,0.0017494991900729518
logistic_regression,9e2424bda03280daf699b1547e2ba3c3132b39eedc,0,0,0.1445759258496756
logistic_regression,b67bbc61e919ef69c72d9a806f5b1d9846df761022,0,0,0.01512340379310671
logistic_regression,c0b73e9bc7c7fae4928571e9251f651bfce5445875,0,0,0.01170986857275602
logistic_regression,c8230721f1bf437eba921d4d75346e40228ffb0b8f,0,0,0.24719896560926666
logistic_regression,4e65478d53853eea19eceacf9468fa33dbd9881a3d,0,0,0.15331389082782396
logistic_regression,ba43d05e6de8bdfd83737557355810af8ac16a7cf2,0,0,0.09830264237472537
logistic_regression,db94dfc3a76155af249533ff70f448e92a1a9093a1,0,0,0.005012874542220784
logistic_regression,f7d5efd611f62c813490cded4b4e727fa67b1bbc55,0,0,0.0018507593721244521
logistic_regression,12c9745f2d05a447095a542a0a3b60187b7048e709,0,0,0.11399955138530742
logistic_regression,c5fa95ef33fa519dbbbe2b99566271cfa366a3710e,0,0,0.0027887046633491438
logistic_regression,305ddfd3d786bd625854bc45617a2a9c0ddc10e15a,0,0,0.051484004152084505
logistic_regression,e1d4bd63f7f8043f72e41de5d6938a65b118c3a66a,0,0,0.007917263085897385
logistic_regression,535dad1dd406005dfc8df8c93fa956d35170b04000,0,0,0.014460819217650045
logistic_regression,d8e93384026b67aa502f163919cd5619d9ca777d3e,0,0,0.027139729793289304
logistic_regression,00b145d5687fe1c23df6046a06bc0020d91e0f95de,0,0,0.039525327677414866
logistic_regression,df4d6200f8699a2e91e12609fabfe2c63f320ad05c,0,0,0.14678724717146
logistic_regression,8b87a3d1ae5dfc2ee2bf75e607f0d66b23de803595,0,0,0.1476897034547039
logistic_regression,1a8e981d7313bd57cbf7fa929492f7a613a3a88b17,0,0,0.0923601178812807
logistic_regression,25bfd85b581e1049cadc40b0e3e845f1212884c68e,0,0,0.04154424993865604
logistic_regression,88474d50258e20b16157fe0041e642fcaddad2c0de,0,0,0.14262106030338295
logistic_regression,7f50f605eacffaa45dd7079ee2b12768e2c0691508,0,0,0.11428908967573703
logistic_regression,4ad85b1617633786dabb4bd40c6d6c0dfcd9b2a559,0,0,0.0027131430501459303
logistic_regression,f0be2a3b9032ee247cf41ff5752867145d45aec1d1,0,0,0.04228697497546469
logistic_regression,dd8c9986b75f95b51a79527a47d73574f1de3790d7,0,0,0.005372667225389048
logistic_regression,6dc095d09a239138a002c0c8c697b938890d756fb7,0,0,0.06510425549748286
logistic_regression,bab67482979f44e9c9bca7eada0820048a1ec40adc,0,0,0.1075590795195629
logistic_regression,fb9cacf30e2bdbc548b2f9905781db3970375f3522,0,0,0.10411763480778415
logistic_regression,230b75e4e7843c907d13b95ad06ab12d1535799327,0,0,0.014281183325249842
logistic_regression,6c37971b7615cae82c563b9d0d54bb8c37eb175ed1,0,0,0.21670743509114052
logistic_regression,25b722975adb38f303909827432dfc34eb5a9e5bf2,0,0,0.1227726430736996
logistic_regression,01fc338ad1330b976b8a98dca7ebb1280895cf149a,0,0,0.027350729355824322
logistic_regression,05ebee9be05ca3aee9f9c0c5786c52c993d024ed5b,0,0,0.10298318296410364
logistic_regression,6ea07dcda03e76d0f80bef04a20134ee7b1e24fbb5,0,0,0.09837969211559582
logistic_regression,4a5a82b6ea0854ee1dcb3fec5a811a25b134c72dac,0,0,0.17580307561533842
logistic_regression,fae88815a3eb407bde526c129e773070e9028d973e,0,0,0.26960927577863436
logistic_regression,540584c5a70d175f7568d75149a9a14a341b7915a4,0,0,0.08979695994829545
logistic_regression,916f7d05e6bdc77f11ae163d02c653cba8afe6a12c,0,0,0.009333531648523968
logistic_regression,773391b46759d2978c41ffc39f94264566049c6a52,0,0,0.18569499957574107
logistic_regression,9a1226403b18be05bdc5dbc5bc3d55a5780557c1b7,0,0,0.02419246653736876
logistic_regression,768a1fb9b020ea2e11aa537449c88b9f68a033c94f,0,0,0.05995077213628258
logistic_regression,2e78e7dc9c6086c3d3c66a139babde2cf37ad5e9d2,0,0,0.04647685388839729
logistic_regression,5387f7adadb14ddbe6a857fbcd38d9e2d730190de7,0,0,0.18574564293963586
logistic_regression,ce253fc2f5c9d21a513bc1c4f559d189eda1eb6c02,0,0,0.1265331952344688
logistic_regression,26f9ff3b80e0bd45aa9cca5e9f0254c894fc555436,0,0,0.15049055713404055
logistic_regression,37dce57a640c69c1d09f3efe12310bf626394a97a5,0,0,0.2063153094026845
logistic_regression,f0f1feb1f7a1a7af627ff62398cfe3dcee811a49f5,0,0,0.012330005849898722
logistic_regression,827b7581331547f45d046957bb90794037717fa5ef,0,0,0.035674606898316176
logistic_regression,651578390910842eefe4187f86870d3caabafff796,0,0,0.1279250793416884
logistic_regression,25c59f10c4d31f491cee8a562db7b9e91d38027f95,0,0,0.0016890648343508893
logistic_regression,6371964641e484c85f243e0d5b66a45f714180f5ba,0,0,0.007902795588675883
logistic_regression,b6349557165d0baf074d45e2593725ec58f3738e69,0,0,0.005201773415583734
logistic_regression,c051f7a3fb3245cd9c59b589a459bc614d4b1a4c74,0,0,0.041232531765785424
logistic_regression,2e0dd0e5b65d2f382337d94debd50689ebba193f1d,0,0,0.18106958332904866
logistic_regression,aa54e8aded4c9a4799dc22315a53c0b621894a96d9,0,0,0.005193612474651146
logistic_regression,0c2b52124430306cf1d7a03b89873e7cdcf4bbe5b8,0,0,0.006016067317980212
logistic_regression,031318f94d3a743f915eaff0b176cfacc783855295,0,0,0.08262503659356689
logistic_regression,d3b51b72fb09175a704d4db81b73caed60e9f5a419,0,0,0.005677598258290108
logistic_regression,c8f54708d14eaa4a4f82d16bb7a2181de58d3bf8a2,0,0,0.04753606233996691
logistic_regression,f9ebf9c5e0221cb138e45200f482989ac0a079fab4,0,0,0.01613663015070947
logistic_regression,2ec6a1460ab5edd1689a3a6ff68387ab0b820270a4,0,0,0.014838364660655181
logistic_regression,a786c53358aa852a2e2a970518b4b2867c880b61bc,0,0,0.07442817515733227
logistic_regression,4bc9b9b32f03de9e305be220add2ddf1cbd39b5b7d,0,0,0.0234228027956159
logistic_regression,a808c48bff6a671caf6e133f30b352317b0606ff57,0,0,0.005535606070449964
logistic_regression,bd7b558e44d451e8241be5bb67e4d6c1ea2f1b3a6e,0,0,0.055821514670312676
logistic_regression,7947766b6eb325dd12fb76610c8cf0567fd171e7fb,0,0,0.06781928432210528
logistic_regression,191c24054c6cdd66f183de7d54d8ae0db4d6e79982,0,0,0.07601332046827738
logistic_regression,58a433d6ef3095656444c65bda62735356f730a69f,0,0,0.06607490169396651
logistic_regression,5cf034be902350ba26f7a75321138c3ea090dbd77f,0,0,0.0018717143572503756
logistic_regression,a83132c36ba2268cf0d178427db5430a1a1725fff5,0,0,0.09936632845006148
logistic_regression,9893c0805508d5b5d229803e38271969550c227cb7,0,0,0.05491164974510692
logistic_regression,c6f22a77b14306476924f214c7fdf09b41075851e8,0,0,0.005841966076548879
logistic_regression,1565803a9c9e45c1a28353c0a77eac1505b684b065,0,0,0.038439020231178754
logistic_regression,f90fd4e72d8af73da195a4fc2312758f588d1b0810,0,0,0.020524901762225496
logistic_regression,7afc5e40403f3666e641faff466b5093d70c88bc0e,1,1,0.9425930187547473
logistic_regression,9fd4a2d7282563a3212c4924142b11d6539aab28ca,1,0,0.13568263771883618
logistic_regression,6e4145e75861da7c731cf20504fab818a5ce0ce073,0,0,0.014099945388463465
logistic_regression,542f5e2b5afee61eb63cb4ada0f04e04cd31b598d4,0,0,0.07601766606611615
logistic_regression,419b98ac231dbfdf1fb679b8e4704b8532efa5429f,0,0,0.15706624866864907
logistic_regression,e46b39b00817beb953b52376a16d0dd4278006ac60,0,0,0.0569260642513226
logistic_regression,2552dac5f3f4c0eac374f0b1edccec1517bda0ba2d,0,0,0.14494758044603923
logistic_regression,417187e9e55aa21f14f2466adfed59a4dff4e3072c,0,0,0.012031438255163592
logistic_regression,163c41125096dbf7d2f07089e3cd671f6550ab9f60,0,0,0.13640336186062801
logistic_regression,a0ad223b0d618dff1de8d28bff9b03646bf6a97e76,0,0,0.04761265250524778
logistic_regression,dbcde5b3358d6cfa14bee6c196a5c77a7e1249d467,0,0,0.1726206221055315
logistic_regression,6deb330f4f7463fc9632dd96d0b3493f2a5d70e5da,0,0,0.19278401414197235
logistic_regression,92122877fd216c1c3aa6a7cb7eabfb941bc4e11ac4,0,0,0.007422410353576673
logistic_regression,3b3fdafe571f992fc09f7250c74575ca73d5cd95ac,0,0,0.06221743833280909
logistic_regression,84e21173bad7a5b100d216cc299dc746313ca5ea8a,0,0,0.19474737919993004
logistic_regression,160b71ed6906a4218d64ba80f9f194c05310a1f8b1,0,0,0.0570380115508239
logistic_regression,f173be89a80ad2a3e05110327eab3709e97386c403,0,0,0.20857679476701294
logistic_regression,e64849428cb6aea5991591550bb20c507e98aded8e,0,0,0.17888320477187514
logistic_regression,5e7e47dcb79a57c4cff668b1087ef5a1f1e8b40c94,0,0,0.2652270536384961
logistic_regression,4d87eaeddc1b11c63dd3b51c084d48e7883865566c,0,0,0.2651642014163144
logistic_regression,fbb8e6e6838092770fd63568667ac0366dea2b8e41,0,0,0.0139975709937864
logistic_regression,e284cdfb8e4c2fed2de3f88cf3775c57916f0298e9,0,0,0.15145016065940503
logistic_regression,f6a9cacbf86d39d48f4587937cc878d234eeb0ee1b,0,0,0.16579933194297802
logistic_regression,aca8f04bc486a3b54b146e606db9f42cf30356fbb9,0,0,0.07168680115776883
logistic_regression,d833335709fdad28a750daab30000ba965dbfc9ac4,0,0,0.04520998911688204
logistic_regression,e7dabd7d83359a7c1f19d5580c72ef3e1d765af027,0,0,0.052383101592353716
logistic_regression,0df69de1a9343746379693e0269469996667a73178,0,0,0.06362758427929278
logistic_regression,62dda68d9833d8f4392167ae0da67a44193b358f45,0,0,0.13988802557597774
logistic_regression,0f0d958d1ee701e4af316e6d3fd16340dcdfc22954,0,0,0.07020118680154674
logistic_regression,724e6684ee2495894f059a349773a2c261f2ca6fae,0,0,0.05162773948201795
logistic_regression,5649d1aa7327090ddeef6483ca95c5fca91f028c9e,0,0,0.11976210108507113
logistic_regression,31ac86bdbd3c0e578d170a478266f4a73bc99045d2,0,0,0.07122464544736457
logistic_regression,ea48e4369615a7c9c03f71dfab129a8bea7d05c949,0,0,0.08457467078222398
logistic_regression,7c30a424377742f97c3977bb08fe98769b1834919c,0,0,0.06610955655708975
logistic_regression,869c1c862a188dec430315d3a3b28e89d29524d2c8,0,0,0.04592381464633194
logistic_regression,9949581e6ca71910d681ad637f8dba7add5aee484b,0,0,0.17233948523323234
logistic_regression,dc2e729da90784a1345dfa2f20dc71baa090b6a744,0,0,0.06816260828617957
logistic_regression,a3fab0bef005774146b28c321c3204f0f404bb0d00,0,0,0.12588322283256012
logistic_regression,6efe1db534dbf09c774ced86452d1d3a4404ddaebe,0,0,0.2340401354334456
logistic_regression,b7220043c302aa981d64878eccb9a469022243f55f,0,0,0.03095252507230755
logistic_regression,ee519dde790c722048dc43402d2af354f85bb88a5f,0,0,0.05569307105245678
logistic_regression,ecac4608e76762225bb27ae6a7de112edcc8760092,0,0,0.027815252998628713
logistic_regression,c478095c905b14e0b054d05f0fb29dcbaa54f05fd6,0,0,0.00958095093235391
logistic_regression,cd5a718acfc05638686b036b14f07b1d6bf8e78658,0,0,0.04034552968158941
logistic_regression,f2e69e9b058a70ed355677a88dbbad0e219a573184,0,0,0.15495094077503613
logistic_regression,e395b2e1887b56c0f0e2c737a597566b6503e907aa,0,0,0.013484825259377444
logistic_regression,6fa5fdf8b1187fd951f601b2ce0b270fc86fb4840b,1,1,0.994360126303479
logistic_regression,f1d9616869869ce24eb704fea4c16855f6a5b4585a,1,1,0.9995137785935378
logistic_regression,94de3b579563f0fd5754bf7e0e178e63c37de79b31,1,1,0.9995458476782971
logistic_regression,9a6591057ae6d013205901e67667135b51a25350f3,0,0,0.2803425542511303
logistic_regression,e24d653f0d6e29a58c4577427437eaca06b4fe1bdd,0,0,0.18018541128495244
logistic_regression,6ffd737db406401a1ffc1b92951f642df5bbd1bc26,0,0,0.243976163088027
logistic_regression,f147740e5addff6da38e767637b4b5ba037d2d9c30,0,0,0.04885473902276982
logistic_regression,86dcea1befe47fbd313f98c008e2a872cafb5b57ed,0,0,0.1606670622277778
logistic_regression,06a22f7c1f02362d39ef0c38daaf8772554ae3c8ab,0,0,0.11972286450783076
logistic_regression,376ba1e9a04945c2f5e5ef8278a1456c65fe34b0f3,0,0,0.28645349417377836
logistic_regression,4ae66ff8e67f6e29dc1928b59d3c163a8a6e73cc8f,0,0,0.071101142035811
logistic_regression,5a40a233b48b3860d05688c3ab71217d0568e154b6,0,0,0.031872428959023896
logistic_regression,b60494416cbac4c83c4faac4fb243affe0b7cb37c6,0,0,0.04606777359138851
logistic_regression,b7a86992104e36258fb6df1287510968073245a1b3,1,1,0.9870976814531149
logistic_regression,30e0a8590af2c8a27863f69126294f2a6ca4e08b14,0,0,0.25173726998386103
logistic_regression,5557d36664e4e5a8244191a0b40ce6a48e31cabd21,0,0,0.014834806027374671
logistic_regression,bdde37465dc4b124845216428899ffc6a540710ee6,0,0,0.03522639944232164
logistic_regression,191cf3300020477fb862308150024c9252ee45e7cf,0,0,0.17761623636702184
logistic_regression,d59accae986fcc07f047f41f60dffb5f87527c839a,0,0,0.039242422461612365
logistic_regression,63b3cdc09488edc832d49d18f2611bdcfbdd72e4b7,0,0,0.24752898079204683
logistic_regression,94defe98200985ff536b7c1059fe9a2cc4f6c0e979,0,0,0.050854142782233165
logistic_regression,a23a6b699c8c0de935a1d138f4559c4e3cd40553ae,0,0,0.45646576583934767
logistic_regression,f2f3666993fff24b64d31200440bda900964063697,0,0,0.050381273467943036
logistic_regression,53b08204ccf1ab9f40a9a9be69a352f342e0282b35,0,0,0.03452565498619272
logistic_regression,e5e87c050e379312f95682440abbe7b01e1b33348f,0,0,0.33827564626044543
logistic_regression,8c932beb497844792ad254dd44e6797383d5d2b616,0,0,0.43352395325029625
logistic_regression,8095a55c4de2ec5766d8e4de2a60e22a75d4b22204,0,0,0.42704945366878816
logistic_regression,3badb28168195ad75c6f6eba5da1e6ac84f691942d,0,0,0.03513214218106205
logistic_regression,20ce6496dd6ab578a30c62c29de8a7c4b5dc9a48bc,0,0,0.12018793340417308
logistic_regression,66fb2615604d1637f92ada0691e9acf793cb16db94,0,0,0.3698954549405429
logistic_regression,e7c7793413f1a06e9d7d76d21ffc99ddf205809e4b,0,0,0.010692310730791306
logistic_regression,ee9d462a03498ef8d50a01d88a0e7a12bbe1a96281,0,0,0.1918454235393199
logistic_regression,b9fbbd73beab57cfa80e83bd1ab67873b473390917,0,0,0.2273337741753462
logistic_regression,5b37a4ee1b9d24463b98ce50d3a12e30c495a010f8,0,0,0.18079369466854617
logistic_regression,53e304c79f813ab2f04c4c53403c32c9e6a9a2b2bc,0,0,0.20149162294635325
logistic_regression,6ff4683f7077b07fabfdca97f87b10f5c48259670c,0,0,0.3282502895618886
logistic_regression,8a54abae33d6bccba40fd336cb0d73ceff1b7bdea9,0,0,0.213774842232829
logistic_regression,db1182fb11b01509e749375ed02fc698ea2144e14e,0,0,0.1612786912378699
logistic_regression,5c83834240d1bb5951551c0ea0c3c34cb7e88909ca,0,0,0.04599796607245512
logistic_regression,50fff0914880ac198818d34cd7b3fc18c84500fee7,0,0,0.149310180808157
logistic_regression,e179401f36c4b3a16db5a1128022daffbfd2179b06,0,0,0.12164712073221909
logistic_regression,7b1f64d19f1c09e3a81d96720b3bc0adbfdf4627be,0,0,0.019141704973727348
logistic_regression,3d140a9519d7c58c26352eac26ec8440e9462cd115,0,0,0.3296906770085775
logistic_regression,f683e774502fc1b567b453a99d909287d8d7ae3af3,0,0,0.008513791882024455
logistic_regression,e793255e6b00f2412330cb623594089feec8acf57b,0,0,0.26062656950058255
logistic_regression,483b2f59855db03668fd1de554473d6e710f1053d6,0,0,0.06896769397226965
logistic_regression,cc274e70cdf4702f8b441b2a4d565728c85443efb1,1,1,0.9944647213914514
logistic_regression,292b38ce22d53b83432e60769ae32c3a92bed5c619,1,1,0.9877084948645979
logistic_regression,349bea5c03df898fb09091e1ebb0dc85a082155871,1,1,0.9423718447834235
logistic_regression,256883d9adbcdfa264355eeda0a476ac39f06abb79,0,0,0.36479253521260946
logistic_regression,afc1220e05331bceb8879b454ea3219133c641df39,0,0,0.32238041530144407
logistic_regression,31715495e8b7b96c27db3e75d0190447af3df4d6ba,0,0,0.052355614581539825
logistic_regression,05a0be77dd6a8755b86e99d9c4fea102b69b42ded5,0,0,0.3757047338948426
logistic_regression,ec333ee576a7182e027c9da32a61bbf3820ddf5673,0,0,0.32992410615772866
logistic_regression,d09f6811afcea74c88712eef65880d7482e2da3ee6,0,0,0.4316149197043984
logistic_regression,3e1330d038f99382a7604cf375af21baca4f3066c3,0,0,0.005123623035208061
logistic_regression,6c58801855a3e6def58e367ad63fc98d9b7b29fd4f,0,1,0.5231176749239818
logistic_regression,e24e9303f308f4edf00524320858a739ee944c298e,0,0,0.21038200605656526
logistic_regression,8599b927a0449047a54f41b7f42b0fa426cbe1a8c2,0,0,0.309404316408612
logistic_regression,b02504509988eee4d2943ed895eab154dba8c9619c,0,0,0.31236228588888404
logistic_regression,919891d5bd5316c5fb01d3946fd23756c516925637,0,0,0.2625368583459947
logistic_regression,a184d4f77655d5ff4760470706dcb5a262b0daabfe,0,0,0.06744331677101303
logistic_regression,72f385833a0c79ea8f351f4019d3f27680065a8125,0,0,0.1465357232516994
logistic_regression,94cf6fd28dfa308a2aa37eb31389968c17fdbdd714,0,0,0.28919860557420457
logistic_regression,bb0cdd85128a2d9307aeddfdec5041c0c2b1532718,0,0,0.1704940431593807
logistic_regression,ea86ccff232677a2e32228f6e1e3cc3b3a8554d340,0,0,0.09703815813316859
logistic_regression,3ddd851ea319f5dd09b6db9d89d5bba9857155e6e4,0,0,0.26343107527770354
logistic_regression,8bca104e1d01a620cae7e84477c4c9c2624f33eacf,0,0,0.17461253513820285
logistic_regression,ee50b57f43bbf721c3b9873547f11a10bd0b239df1,0,0,0.15849386387036474
logistic_regression,4df3be8e6aaa59a7885ed58984a34fb4a49fea8b91,0,0,0.16977163496464553
logistic_regression,5059974a28cc5a7bc9af25e803f954a33074bd3ec6,0,0,0.2929129451291968
logistic_regression,5d239d30d646815cf07c00517f6557dc75ce0766d5,0,0,0.29393160970960586
logistic_regression,7ade8d7affcf0b45493e0902fb4b533f7d2bf104f5,0,0,0.2710615754344065
logistic_regression,abb52ac6c4370f7c0adbdcc63def9d737a4d7aee93,0,0,0.41990725555560643
logistic_regression,1fed03978b6b71325c98fe1a98c2f69493cee7b0db,0,0,0.0391877656867573
logistic_regression,1d9e9b4adaed247d99fbb2d40e5ccc86f189d80f6c,0,0,0.3585227483918348
logistic_regression,1cc2f5d6dd08f88c9707d2e29a584aa6eeedfbd54a,0,0,0.3379096132971902
logistic_regression,3f4e0b890896490a22359c34be402e1f099e553cbf,0,0,0.38773691376692226
logistic_regression,95e466261a247c67168a0c740c8a0f7382c73353ca,0,0,0.1934768851756676
logistic_regression,ad59801a7689f4ec19fc8223d72f42bc74c87b31f3,0,0,0.07562945698722008
logistic_regression,b0f75ec0f4a9c4019973686aa9bf966021fc709716,0,0,0.0014375487522025438
logistic_regression,3f5a01928d1bb6d3caff5ad0c705a2fab46fd59379,0,0,0.027407436210348666
logistic_regression,5e1d427b55c7024e6045a45f2c12bdf00663ef5ce6,0,0,0.05561379670022341
logistic_regression,7af4c698befce6871380359810e9b0b1cc0aa309d9,0,0,0.03724014779720524
logistic_regression,3790da4d22267d1dbc2ac1151428e328c65dccb278,0,0,0.037212198853440154
logistic_regression,507c6fdb997bcad05df86ec58b539c1b9e4ce44714,0,0,0.040868599858986276
logistic_regression,1790ff1df2b86b40bcd541573fc75ae2df8fc36ca4,0,0,0.08810518869492466
logistic_regression,84bd78e2360adba77fa3bd73523eb0fa4a8d7a8810,0,0,0.0705031626242704
logistic_regression,7b0380d9b7c20554acd1093dca706befe13b6238c0,0,0,0.3063913588487893
logistic_regression,522433c0922913bdefc75e1189bc0e4d5e60183939,0,0,0.013094091488076536
logistic_regression,bafda9ecab5ae57a087fc9784c7ec1fb1571244ef9,0,0,0.06924451538478439
logistic_regression,2eac33443d6088fb5bd3159e6448138f10492fa58e,0,0,0.1947140023379002
logistic_regression,c7b537184d4a8087d332bd64e14f039a5ae71836e2,1,1,0.7844138830399261
logistic_regression,5aff7e93bdcffacfa934c29929f8e9dd14251219fb,1,1,0.9744731562001141
logistic_regression,5e88c7c7eb6476674bf1611a06f53ded281607dff8,1,1,0.9862791419357986
logistic_regression,42bcecb448198b00fdfbae4c8914c8c66978dc8de3,1,1,0.6950200030587163
logistic_regression,8d4c1f9ca5d52573daff0e0739a1d1ff7cdc220e87,1,1,0.6857195562175216
logistic_regression,f7a1603093a83513cc3ac07bf0ecc54c94ea770daa,1,1,0.99953684116702
logistic_regression,62306a0fe50a68977b3b6d4b2c7b3ed2f74b6c719e,1,1,0.9995257633712592
logistic_regression,09ab21687ef5c566fa26dea4b396321139201aea82,1,1,0.9848480198303825
logistic_regression,d439562bfbc4d1ac216ea13a1981d5abb002fa9fc3,0,0,0.026289578477865554
logistic_regression,e40166c7ce22fd90fc990b3c014017d3b5dce948bd,0,0,0.05054652324473645
logistic_regression,1e7081c6526c3f9eb5b2b2ffd3816e73daf89b9843,0,0,0.0715022484596008
logistic_regression,01473d860473f872e63bafd7259aad0bbb52253f7f,0,0,0.0684393999456691
logistic_regression,d62875b10ee5267e7be08707f1923a844097ea2116,0,0,0.1590534016442952
logistic_regression,7a5f1920fbb7baf62d4b851999cc1c0eb0ae73c815,0,0,0.1842794119738296
logistic_regression,7bdf6c09005afdbf38e55ac14426a585c5d3ecdaba,0,0,0.03523473626680476
logistic_regression,254b9a9eb6bd68c36c9c57b0ccaedd849aa299a556,1,0,0.25768808574816504
logistic_regression,c473a26524dcb608dbeb9fb2c6d47048d840310934,0,0,0.027294590109995312
logistic_regression,d750a2e6cfc9901f505d03f1ef8e105ca8481a610d,0,0,0.04434093623733851
logistic_regression,cc412fb8094ee93fd203148ab47bf0e88538e09736,0,0,0.0757110391312302
logistic_regression,26f4584fcc37dbe6911577ce31601c64c12b7410e0,0,0,0.03052210298070567
logistic_regression,20915e90d4655ebec9ce9b14575f6b177637dc5284,0,0,0.0169264455517267
logistic_regression,a2143b6c42a6321772f26215f9cccd37e331a63bf3,0,0,0.2088394266915058
logistic_regression,fe3c85e990a0315f171a08621fbbcc6e202b4b89e2,0,0,0.19493225120459454
logistic_regression,3d534425e372d16df217b81bc621c5e8345a3651c3,0,0,0.047737253790056264
logistic_regression,2b6dbf270df4b99ee4db086b17223449b5944e76f4,0,0,0.015292610794344082
logistic_regression,45e95510542e57f415d7874e14790cce7f23dd2372,0,0,0.1913682844618255
logistic_regression,2b257334747f11d4a67cb586c4a6c3aedb19c6f052,0,0,0.25686309414457587
logistic_regression,41d9adf50f22580741656fa2d96690cf8812a6a815,0,0,0.2507830864709186
logistic_regression,f9645cc9d46ed8fa7175b750978b4812043a0dd53a,0,0,0.13384903378807222
logistic_regression,abf5db717aae4ea9351b0c3ae69f4e16b838104e3b,0,0,0.1515060996779886
logistic_regression,1271a7922f93fb54f112759ea4acf3981ba70eda14,0,0,0.19252044667827722
logistic_regression,55908d547558d08a40592d696f8467b370dcdb6a68,0,0,0.2018886156367194
logistic_regression,7f98e63a560d520f743bdce197725a0e13d5365f75,0,0,0.13832813363453697
logistic_regression,5f8bbd5db16b1c3c41328180b30d4fb7db354c3cd8,0,0,0.25756056899473156
logistic_regression,ad3a2026557ec16eaa1a92619075d1050cb1cc63b5,0,0,0.3439285298053799
logistic_regression,f1e27c27a29fb016f0674480c650d47284116b2b1a,0,0,0.02993546876035118
logistic_regression,959b7f48f00c1fdd646926f41f31ec4fd221d11123,0,0,0.18954268551780298
logistic_regression,b8c4c2d9fa983761ed19005d5edcf2f75f1a5d7232,0,0,0.08412337019059686
logistic_regression,2d313faa18360fa4540e1d22a290ea185616ca17f9,0,0,0.16015846358084784
logistic_regression,c1921ca590b72e7e7c5480b8e96613fee30a134af5,0,0,0.20662664292518781
logistic_regression,5ba0d941d028f2bcb0fc011d0aae1ad13a79d4dc23,0,0,0.20666476599497252
logistic_regression,06b342de91659d0e05b7232c6e1b3900302bbc54f8,0,0,0.06248526807276933
logistic_regression,f48b0e8f6f1a25df5e82784ab927fa9b1c33590696,0,0,0.22999123977012048
logistic_regression,d9830070de7f94b8418a7e9dcc3b4ecf7d137a47f8,0,0,0.29526865731749274
logistic_regression,f5860acadb9590e99bf9c4a20a7e13e7a9d2ec05f7,0,0,0.14265440577505753
logistic_regression,83182efd13c845780e437461fef6c98bf3d4d277db,0,0,0.019942176706711685
logistic_regression,a2b09f4f2aaaa9a8f27a846bbadc4bedf4f6d50d35,0,0,0.020609036886474006
logistic_regression,0d340d0b15a575474c69b364e6d951b75649da81c2,0,0,0.005871895950924519
logistic_regression,d91333a8dc1ed6a32f66c7dc4d6bfa4f2db2df4bc2,0,0,0.061123266702365314
logistic_regression,07e2a985ca49ebd4123d122e59476070be3383554a,0,0,0.09628607804020757
logistic_regression,7a58bfdb65893fe8c9fe5a4fd02922952bd9ae8802,0,0,0.3373134277806737
logistic_regression,2a4d65306ba3fe089a858e16b80ece357cd5775788,0,0,0.15324801559995757
logistic_regression,12582ef691e462deaceff114b3548002e594f51b6b,0,0,0.11849635917664288
logistic_regression,76a6cd7fccac4f63b0923a6e1db432f6b40182f48b,0,0,0.028150068622113434
logistic_regression,6bd45529e2ad0a340a56f587f8fed8074316576751,0,0,0.3142563110428423
logistic_regression,6299b9b63a364be3764aa809d1b103c742aa23008b,0,0,0.033646003801205984
logistic_regression,4899d5116f78221130b836b6f7df3fb353739499fe,0,0,0.03402736457157952
logistic_regression,e19176d2642e50e2365ee0e3216fcd88f4e6b3515a,0,0,0.022709315058316682
logistic_regression,41dcc3a34cf4f187b93342f4e2b9265080af39142b,0,0,0.00041867909109786144
logistic_regression,1b126c61a723815f758a32e6c9007365224abdba0d,0,0,0.042611311880845736
logistic_regression,202a11fac58ad36bbbe73fdc46024cf01e0429f542,0,0,0.18230785663998653
logistic_regression,d273c27cf051ebb820007e49d65378914f85a3d843,0,0,0.03724459838601617
logistic_regression,f80c603ca07192a40e4d7f23386593c9f563310524,0,0,0.02636871661192729
logistic_regression,386f0709bb79b9110b3bb2d49c2bae0f285957b681,0,0,0.1482869610628678
logistic_regression,3571c0395830c43cf5705274b2355c9ca042d07267,0,0,0.22980972004846012
logistic_regression,31c932278e34c21bc9c8814ec4b4213edd34c1fe3a,0,0,0.014385567206601037
logistic_regression,ecef705fdd6d97c1ae8e6d9b3eb6bfdae287e77041,0,0,0.22923249406377216
logistic_regression,9ffddf4de54064c0e9efcdadb29b141948b5185ecd,0,0,0.1520527044731868
logistic_regression,5bd59cad99c983804ee6edfe3311c9738ca95bd750,0,0,0.20982605881161065
logistic_regression,ccbf4e905cf576aa07a51d324290c0c839595fee4e,0,0,0.0020352566302196894
logistic_regression,f2ea2bfa56a533c3923960927f05345111a091df0a,0,0,0.17392731386342905
logistic_regression,624a75df251d05d8b99b1ba667fbfc258d4055e27b,0,0,0.19571710873103088
logistic_regression,5f1617e74b4592c05529382634755b5b0a9dc2aaf5,0,0,0.42417377103770754
logistic_regression,4b5399d550536d2e7672baaf0366c73523f2767671,0,0,0.16149952839750287
logistic_regression,dae2a5af505de79f4c885d255cdb5fa9dc96b42979,0,0,0.00025160066795321926
logistic_regression,266e91d6bc53411f2b2e7429d23506d89b9daa0c50,0,0,0.19820050155425217
logistic_regression,cb1edab5ecd88f620baec7c92490866f10ab75bfd7,0,0,0.050139605954072276
logistic_regression,ae44fbcac89dea0e8b2af2835dfa45846179c92eae,0,0,0.21022549267662308
logistic_regression,c3bfb10dfe2eae7f38ae7e9b9adec9f2cd4353155b,0,0,0.1889875014569914
logistic_regression,203c7be912060a34bf0e6ce3737da1c76e47ed0055,0,0,0.09998305031187683
logistic_regression,3be01e95c5c826a2f16af8953cf49b2abca50abc14,0,0,0.22825271995245489
logistic_regression,6d41d522b9d82dc225725a96bf62f2e5d0a88e9bc1,0,0,0.3309198038362697
logistic_regression,7089aa87a3bfc7eff9a7fd4468f207be13efa86695,0,0,0.03378417989372414
logistic_regression,3604ece311e999de2757d193fbac94cc136110fb9c,1,0,0.2665702594987422
logistic_regression,252d2efec199b619d30441d5cd6644b3d72b0bdc85,0,0,0.0015156263937381677
logistic_regression,f8898d6f7db2228d2ab60e73ebcc601e7d87c4b9c6,0,0,0.21513122900843185
logistic_regression,c5d24c42d426ca5bb2e73545963be19c3af790c131,0,0,0.02246113789798039
logistic_regression,806e0411c04ffa6c815569f9e3e47f27fb4d0156d8,0,0,0.2275344180385974
logistic_regression,ae04efd646d8deb843f21d0ed75fc87e2c0cec646c,0,0,0.22620387908212028
logistic_regression,668bab0ef71094a89c9fbf2d631009920eb62ed778,0,0,0.01686792874498483
logistic_regression,77122526043177a1dd8033d48b370e86fc4a26dedb,0,0,0.03129506734505342
logistic_regression,f8dffbd7f4ccd038a1066fa68da5975d1d952aff1d,0,0,0.10484913132836657
logistic_regression,85c7f60ee58068468de083694b4806e76d7f8ea9dc,0,0,0.31035958778232475
logistic_regression,d3eddd4aaad63081196c8fa4241782d12485ce1487,0,0,0.018685743987943763
logistic_regression,58d13e2ebbc70ca19ce06dab1b752c7788078969e3,0,0,0.012555163812349923
logistic_regression,c46e7cb04e55159adc83cfaac41eeed1b2c71b8d74,0,0,0.22804459614594863
logistic_regression,7cff12f996b7e018dce11b845ac4b3a3f6cb3a0011,0,0,0.3213519026660346
logistic_regression,f0c396c119f71a5691c7d1e2976b64ad63169e5493,0,0,0.012438231669521696
logistic_regression,acc2bc6c3c089edd626e3b510d51b6a235de5fec99,0,0,0.35629703464448864
logistic_regression,823fd329b87a433203ba35ac518f3b2743e53d4d19,0,0,0.005827554386158077
logistic_regression,893dd9b81bf8e5479ed682455b387b7e94e90492d1,0,0,0.32138567828693093
logistic_regression,f07092d735043e54607377d78151b94feeded2e634,0,0,0.4352222171273428
logistic_regression,145127875c526a3304b7a22ef96f6b67d195dcf310,0,0,0.29997289073396904
logistic_regression,9a13066014217aec084fe0eae39d15d5a43f0a0180,0,0,0.004494705720773292
logistic_regression,33e00776bbe02dbb969939bbbdfe7470e1ffab23c1,0,0,0.18788213604016418
logistic_regression,193af5d8fabfdd61a0f1803834c78afb513bd62df9,0,0,0.02603279845835473
logistic_regression,28256a64aadf19732d5aeb46907e65400257f791f6,0,0,0.15158129375495724
logistic_regression,71fafe520fc96e7e144b8ac944548813e9978caf55,0,0,0.17107550387980197
logistic_regression,41f13df1280216c630e3e25b22cddf41661851b3ce,0,0,0.1385512759205959
logistic_regression,791a48fae441d452c377ba17de58b75452c3bfd18c,0,0,0.2888513123528155
logistic_regression,b6af3c7991519d7f4f2d1f860259ae6931eb41a9ae,0,0,0.00928485709584179
logistic_regression,9a7ce9a820ac32316c5bb40445c775c0f4d5d53ddf,0,0,0.03861580452445253
logistic_regression,e653b4320185b69198d810044d25bde208d91d0862,0,0,0.08183017522560054
logistic_regression,e52182b69b8df4400d4f4b17ce3197572dabda2a5b,0,0,0.04671572655111774
logistic_regression,18b95766f0b05ec15310c426acc4a8a1d1e03e13c5,0,0,0.399574641955239
logistic_regression,d4a6501f58dfe3c69dab531ba5af2bc8c14cc93dbb,0,0,0.4226834991842083
logistic_regression,b0f6e878b13e6a6feb4e5ea0bca950980b5dd6fefd,0,0,0.17667627997165916
logistic_regression,d34b1f2cb722be842717c307f5217b891c45c119f5,0,0,0.010038038666414157
logistic_regression,9770738d3074872e2e95f5d9f4a905a3fcd84ad536,0,0,0.04025738857838484
logistic_regression,f90debd52da72e1a3135bf4e7e7a1a9e84859c076d,0,0,0.24910968966504918
logistic_regression,0cf6884e4c1fcdac972ddb24611f35c63d4512cf65,0,0,0.24947174920964796
logistic_regression,1e2f00f91013e6b54982e7b33635584575c1bc1ac7,0,0,0.021467994863971575
logistic_regression,df2a75fa9a2fe6af269d92f59328199377d0e92a4e,0,0,0.007317413793587333
logistic_regression,be2f019ca5bd8871ce37f2777aabedc86a31374fc9,0,0,0.004984419389484828
logistic_regression,afd13cb4a8bdb0398613f26d864f26f121785a0d39,0,0,0.4761266067065788
logistic_regression,f75d9493a6fd779ef6c5d6ce2aae30f866ce8ed4e7,0,0,0.422511107208681
logistic_regression,9bc10b4a771714514786dd966dcdd9dbfa5270c1f2,0,0,0.0019751088905989645
logistic_regression,f4e105bb0dae8d337ce0fb413cc2f2d735e9fcdee7,0,0,0.024067587077348462
logistic_regression,9962c3269b75413d902e1dd2e1974b757153430ffd,0,0,0.17666142091469697
logistic_regression,075c7a6bdf17c94ecb9e6bc22c95730b5163b39fc7,0,0,0.018351188536021995
logistic_regression,f7eb2fe4270f1c070f30aec9d8bb275ab25b24f475,0,0,0.129910898801474
logistic_regression,76d738508d3381e4c6cb0726a444c583d1e41bdbb8,0,0,0.29078847993083157
logistic_regression,1865b04c563a77eaa81b2f80bd85677d3b95303cf0,0,0,0.2545686496155847
logistic_regression,eff381885790f25ecae7c8611200cadbfcdd9d643e,0,0,0.033266655424530715
logistic_regression,2a07729416489196d95af826840d9844236defec93,0,0,0.2830078058960608
logistic_regression,3ef8321d21f5a9bb6961f7168af6868c3e62760a50,0,0,0.2895597987085972
logistic_regression,5992729ebf3bde0acc7cf370f908e3215d10fd12ba,0,0,0.43669738380239825
logistic_regression,6ad845528a22a6f5379fbea6d2d878facc595a0cba,0,0,0.09868319741847031
logistic_regression,4ac59f5b531a8dfc12fa717f384c0c8b10e26f1b63,0,0,0.05827445738064387
logistic_regression,cbe1877bd7a7c654438cea2647d3ee134b5a026622,0,0,0.2758654865807044
logistic_regression,e08b9288277337d17ad395d26f0715f172cd13c42d,0,0,0.010653602458382887
logistic_regression,94f2a4af5af57ca5e627fc412b8226c430885c5a4e,0,0,0.0029052616208497233
logistic_regression,cd4f5b6b5c38ce78b38577e25aa8ae4baa8da42ccd,0,0,0.007204165766229671
logistic_regression,86323c748027ebc488921e823db2a334eddd5b9a8d,0,0,0.0010945742491773902
logistic_regression,a1e1a1248825b1e321561008282785577596a7b708,0,0,0.00071758549385913
logistic_regression,9a30836bf1095ceaa3d79e2a58cf5da05ed0d09733,0,0,0.03851967005485285
logistic_regression,9a84655ea461c2d5239532ba8b2a35c6431b23436b,0,0,0.08233014637153686
logistic_regression,42c9e6bacb23fae16057bd0b694dea7d4348cddada,0,0,0.21902704053266064
logistic_regression,b63e6396a3c5a8070cc0ca923ab69b6bd72fd5a159,0,0,0.049439301967672225
logistic_regression,d4840c753f43edb788fbb04a9755001201b140c33b,0,0,0.025199987630950733
logistic_regression,74532ce3eb0c2dbea9551b715418411304144e862b,0,0,0.036233093303930944
logistic_regression,63625460e610525eb45d1b6beb8bac9e6040c0d8b2,0,0,0.07186989825173391
logistic_regression,3e748ab06b649dd60d96234bf41904d015d90226e3,0,0,0.3593044171650222
logistic_regression,bf65b375693581639ca25a4a4148272acd5196fd75,0,0,0.009543229835588283
logistic_regression,c02e2d2dd05a74b795fc8d78965324aca927506e3b,0,0,0.4113284135071989
logistic_regression,ba1b9795f94f5d58daf1cf465870b74002e8c64307,0,0,0.09539792393218256
logistic_regression,ded2b5ba7b696ff35498aa21f0973750bfbf834271,0,0,0.04448069983943978
logistic_regression,66d85d40674abd96d16eddb89b1a80aa38c7bfc2f8,0,0,0.16972707708791568
logistic_regression,cf71ec1ee2c69664c413e0c9f94f31e71f6ba0b67a,0,0,0.2788031884864601
logistic_regression,446cdb4d082b1e0f180b05c9463fc6a501a75406c0,0,0,0.18712573865542606
logistic_regression,836ec823637c3489f793a993ecc21a8e8b1f49a3a9,0,0,0.16708420594208792
logistic_regression,0cef91f1332a26b57d9510cf5e38f45b159df19e84,0,0,0.06837793300860018
logistic_regression,e175956c83b698b4fa842456f3e17e238dab345be0,0,0,0.3465892535064607
logistic_regression,fc6b38b6fe4a54069517f77f58444a91678bd6d667,0,0,0.03489876016536438
logistic_regression,f0aded5b2a3a88537d3c71393c1663da5151f6157d,0,0,0.2925588611957668
logistic_regression,d5f48dcdaf6dcd6fb23ed741717948afeac5c93686,0,0,0.3827892120718204
logistic_regression,df96d87d4d219ba80d33052e453c4540e384640b72,0,0,0.014605547133808162
logistic_regression,4057eeed12dda2d509b017eb1762797b07f967683a,1,1,0.9181297157495121
logistic_regression,328a85ba55a8256d19f6f3bc0eae689c076e137bbb,0,0,0.1806649068921229
logistic_regression,d1b8795be6dd2927b7af2feec4fb75e3198c802158,0,0,0.15841830626449033
logistic_regression,0b7179d23f8592c46b25f1d0ef18871952d1026115,0,0,0.38445765827085604
logistic_regression,0a602616104b3747a6de8e49590577b7ec282440bd,0,0,0.2980118509629548
logistic_regression,32be4554f894238fad17ec2d7f279f38cdbbb1f7c2,1,1,0.9878212007335363
logistic_regression,dae9da4964c65d8b6d403a58f5af7af45955cd29ba,0,0,0.17365829395807336
logistic_regression,6dcce5c5c5fb632193fadd6072d677b306e291b35e,0,0,0.08282631630381536
logistic_regression,6b773cc198447eb287adbb6bdc8f476e678ed960ee,0,0,0.12142582337404877
logistic_regression,8748bcfffac889c1f3c713eacf7d77c8b972906e62,0,0,0.291354726519605
logistic_regression,58de0b7d745f65940f38d8156862698847dce94955,0,0,0.3024594961425281
logistic_regression,daf9d0deca836a01de62265b4fe2574d7cb8c36ccc,0,0,0.01651017983163897
logistic_regression,4ee715876efba5c710d55eb5ecb9b1c893a44d3f63,0,0,0.30962992170424264
logistic_regression,c7d8404a229b017ea1a5c14592a56fbf15308a3750,0,0,0.3701476513634808
logistic_regression,edc702a5d4a193d38c80c37aac700e144b565e1d13,0,0,0.108037819242538
logistic_regression,d19a4473ecd7622f7be3a25f8e33375124b5946e9f,1,1,0.6742278930231113
logistic_regression,f649c7e68335837a001cf7bc22772bad4a8428934b,1,1,0.9870974459954523
logistic_regression,6eab914b40f22a9d20243290203ce79fef41f2fbf5,0,0,0.2875852722512389
logistic_regression,d7594a9c9746e2be45f78d4170d724ef89f94571c6,0,0,0.3058239536518558
logistic_regression,69dd25c2998063b7acf4133293e0f31b1ff1c37808,0,0,0.013403214524429352
logistic_regression,55e13e81ac92f39c35fe9557ed1380a55b78d6d3d6,0,0,0.19056616616597116
logistic_regression,2b61688a41e08a798811f51af028535a789b4281d9,0,0,0.3553168154507992
logistic_regression,9032d981454caa7ce2a0fc0ab963b07557655d8627,0,0,0.01867410432393781
logistic_regression,b9911250e69bb82bca70921bf7e10653978588d3e8,0,0,0.45810002200641514
logistic_regression,5e68ada59578ce0afd58f4b2ad29974be30cc2e33e,0,0,0.2252284768611614
logistic_regression,44b7f82e597146d14f62d636166795543266f356e2,0,0,0.2898312621493383
logistic_regression,9624f638cff55655e7b6c88ee6ff2f684d0c05f490,0,0,0.14510993391022262
logistic_regression,9432b23a300927c6cf784198745daefc13fcaa7c1a,0,0,0.2827312047315141
logistic_regression,97b7ebcfe06976ba44b9731ae45b6e70c401750d89,0,0,0.42175705577125294
logistic_regression,29620489b7e26f9ed4271784aabc243bfd458f910b,0,0,0.42526429603414306
logistic_regression,c6af6b9419ac4029860f9eb50a5656c4d8476ecc78,0,0,0.1483833372496041
logistic_regression,5da646a5c67fe548cc30aeb6aea84f5b40b1e0ed6b,0,0,0.4836922724314863
logistic_regression,7a27e9a722c4b31aef0f308a2730bc42efcf784817,0,0,0.08233669648265605
logistic_regression,f5c8d51ecdc45b2f94ff6fb57e8411939c07837142,0,0,0.08868879629390167
logistic_regression,07b546524e2b1bc6a3d38d953db96a45db510f353f,0,0,0.054185146131117204
logistic_regression,b31ef1860fc47077d4a9448e3c9c2405f79ce2411e,0,0,0.010400282372811489
logistic_regression,0283262ecf53275a3803d0ea5eb6b07e4d9fdeca6c,0,0,0.1693356890984999
logistic_regression,68221fe7750615b4bb41bef3514fff924af78056a9,0,0,0.1814830972967852
logistic_regression,c0c22d7567910549376ead37e7086ffc88b3b0db36,0,0,0.003985775107278518
logistic_regression,d87b8a3f06ebb83e10c98537e83dc5eadee7984ff8,0,0,0.26751551724503003
logistic_regression,7ded72fb0d5b2574737ba9bd51f985f65508ab4710,0,0,0.0016023650012768774
logistic_regression,7dca7478c546a2e9f0f034d568ddaa353f0056cd7c,0,0,0.02109841183099372
logistic_regression,67c408acdd8129ee75d48afd46ca916b86249002b5,0,0,0.023221386686714605
logistic_regression,71eddc30764b3e7b9f14711ebe9a76826a0dd15dcf,0,0,0.41961023702335
logistic_regression,b88cbc31ef50c254384dbbb7b47efb66090246af74,0,0,0.46338736920292206
logistic_regression,35b3c53188bbaa77d9a87f8b22f20cb08194e52309,0,0,0.3176755146834097
logistic_regression,6e6d324344226a79f9de1a9bdb6f5694a2b46d2b22,0,0,0.4725426677295912
logistic_regression,ec4c9cc81b24945540961342e5b55dcc7a38ca4197,0,0,0.3059302714087562
logistic_regression,9f9a054d9408ed86618abf89840af3fdf9bb54e3dd,0,0,0.3148859514833987
logistic_regression,193ab56f47762d8780103a14789b48f01008ae1394,0,0,0.17694902102607307
logistic_regression,125c40ab7da106f6e123831e8671d8fa73c95c50d7,0,0,0.3148853943146275
logistic_regression,da68fc4522bbc208093381956a13c240a4cfff1431,0,0,0.002152926764185341
logistic_regression,fa11df90224ea9415be5dc553814885d59c764ff7b,0,0,0.3050637047419387
logistic_regression,2340d21f8c929ac1719c7bd4f43ac2147c1c4e675c,0,0,0.20715729709792635
logistic_regression,650b961b843b5659a9d199ac14b5614e27c9ce13e1,0,0,0.2415523020588161
logistic_regression,ed0afb26db26aadc01204a8bf8c5598d4d8fddaf15,0,0,0.0005439138836516691
logistic_regression,fdcab28ab5817a1c97870c1b2174c4848fdef45eea,0,0,0.31132432717034153
logistic_regression,0a2d074499059d18fd00fef7718285390791bcef10,0,0,0.08672593726234767
logistic_regression,253f32917635777c5828652d92e07cbab458d41576,0,0,0.25300490647733825
logistic_regression,751680594bbf01362c36d28c7f35dda4d0745e69ae,0,0,0.11936900827370371
logistic_regression,c2a537c9d94131977491a490d1b347ca990712d840,0,0,0.300087494069149
logistic_regression,b6723d16b6743e7cf91b4bb35d4210809ce94eb057,0,0,0.019636906491620372
logistic_regression,6e0dd7028f87a2e61e0715492a129804649c3cd1aa,0,0,0.2726689417623021
logistic_regression,2569fdec7917db66811999fd955a1e6a22acf8899b,0,0,0.1750879435675313
logistic_regression,8a92ba9140a6283a9c1786cecde185dcc730accb47,0,0,0.21029415343920158
logistic_regression,5f2c8f6111c3322e305d0a3b52cc571b0e9881e674,0,0,0.18214319049961727
logistic_regression,96b725cca27c8e0aedfde739644151e227b55ee4ce,0,0,0.16927101579020765
logistic_regression,1c9f07fb47f28d869ea27c4ac500fe0444459b4a7f,0,0,0.05451512121422182
logistic_regression,c13d14a8554e40b1ba7a75eb3fd7ec1a00ed2c8f44,0,0,0.37675718584163753
logistic_regression,146b1960f90dd1d18a84d44e4385dd0e0a9b7cf971,0,0,0.03032313934139577
logistic_regression,e0c546a17e11cde23cec289ff97e7a429821dcecb9,0,0,0.06246165263902509
logistic_regression,ffb37c5cbf87f62fa48507140cc640fec6726d3f58,0,0,0.0063380109497169
logistic_regression,e12231c3cd576ec7918f3dd6302e618e765040e29f,0,0,0.3371451010537586
logistic_regression,0bff38feed06ff5b20d54a6354ed3de40b90b891d2,0,0,0.29980030090525306
logistic_regression,34a90c485bd67062d9e29caf1e413aeeffeec1c262,0,0,0.3942290836888982
logistic_regression,a0a18553e45604f27f2d6ace1c178148ae60be2855,0,0,0.27899964762370977
logistic_regression,ba3af857e3ea2606100e9bcca29dcc7dc914d6702e,0,0,0.015088864228105396
logistic_regression,534e5c2c983df81739d744fd16906451ae013858c7,0,0,0.26943088556239
logistic_regression,fb4320e76ed666682f9e66c9ea107220a72bd1a41d,0,0,0.32061985973854235
logistic_regression,174263a6c55a74e19953490efb31ab97782f26153f,0,0,0.1674574762656328
logistic_regression,d9ae931b7c6f241d6c26661f92e810ed4e0f0f74fc,0,0,0.3677634758501487
logistic_regression,5baea39b8a626bdbdde498afcd17dad18e8b9edbae,0,0,0.3760219603845282
logistic_regression,9c7d2d8f9335c7d69d8289751b079b5d3842b76f6a,0,0,0.2867458501857234
logistic_regression,35a28dcca6150fd29b8948dcaf80dcce7e2564c098,0,0,0.1741464627733233
logistic_regression,f6c47c0a129c186e6440b32b7594b5a1bf18db306c,0,0,0.3207201427322404
logistic_regression,949bb1d595276852258b188fe5a1dca0e87f9fa28b,0,0,0.4026481500916261
logistic_regression,27398e44ede566f34ded62fd95fea2db3497cef3e6,0,0,0.2677370010564736
logistic_regression,e1883649923f42aeaaec4f786a24a01ea12c2f073d,0,0,0.18405882354691067
logistic_regression,910086cb4aa436dd92bf2f35bf83bc0e32363ac388,0,0,0.4439357482199445
logistic_regression,3f2ecc40ec63f234920a921773ea62695ba3d39f1f,0,0,0.32163522959893914
logistic_regression,e9bd59193e82f8b5551c5f5af80902001c8a99a428,0,0,0.08435098674218214
logistic_regression,c5e0329be0e15339f836d5e7a47be4b126185d51af,0,0,0.3118648742392696
logistic_regression,437a495024349be1e359d9c797dbf262f93eda051a,0,0,0.1723958278098493
logistic_regression,32d6065f74d8f8a266086835bcd7f5b95f87c7ae0d,0,0,0.30475634180780753
logistic_regression,d0bc5dbb6370a499b1c197fef1e3cf0f172dedd1b7,0,0,0.2854686900157987
logistic_regression,f1ee5bbd24069a586176d00854f3a37f23b974625f,1,1,0.837847199054119
logistic_regression,f8507de7daa587de092846618caedec448f16d2548,1,1,0.9666899135199454
logistic_regression,f835be78886d5dad34c7d71b4797f5b324bba0ede4,1,1,0.9491151872759909
logistic_regression,2e3e2bebe1ce2e7b3dbcd6aaa41972e1e45508f38b,0,0,0.10697473218968764
logistic_regression,64872d135970229590969473d10dc35c227367071e,0,0,0.011210477123548179
logistic_regression,08eaf016dfd0263aa6d562ac37f611fa39b0dd31be,0,0,0.4409098864679378
logistic_regression,e2a21e0bbef36d17b0a1689be279148b2e2546e960,0,0,0.0107556522217415
logistic_regression,d43c223790b2f27e15589ef005e8d01c3684a7d47e,0,0,0.01728174988988938
logistic_regression,1d5053a9986a67fce5db43d4aaf049073c4695a265,0,0,0.15650800857678043
logistic_regression,389bef835bad9a1622dd3eb75d8ce1e5143ecdf769,0,0,0.0214390742800458
logistic_regression,ee333b1d6b8040ee60d16c014e680d4568659c6e43,0,0,0.003975878223141478
logistic_regression,724ba63264610f3480fbc79a16e9c3ab6eee6ee29b,0,0,0.227040934461041
logistic_regression,896af396205cabd7494ae7804666bbee1b6b4d82b7,0,0,0.26320558216773676
logistic_regression,8db6d9a690bcd88700a64f84bfa45c44ad5b75ac9a,0,0,0.25925778871385136
logistic_regression,8a00c070197d69c1159aad3a8ad04320a8b3cc8193,1,1,0.9691330342408523
logistic_regression,6725fc82d2b92aec72cfcb666f6b65db94c3dda875,0,0,0.0004749002687992951
logistic_regression,463fe1a28823e809d1ae93bc0c5093ab6084c43cec,0,0,0.03945931140898099
logistic_regression,34cfe1cee28b83a356a4a8d118110c4ceaf785e8c7,0,0,0.2481945559183219
logistic_regression,57ad75bee94735376b390a161460fd2dd5ea287c31,0,0,0.21644822379399414
logistic_regression,eb38f1a325666aaedd08414b7e7b33e98c3af78284,0,0,0.38928305670247565
logistic_regression,21df616a56c67554cbbdb37829b5312a28899e3743,0,0,0.3965932475720512
logistic_regression,395bd462510635b6d1ecc4690d2994d839d87fc8e0,0,0,0.28214878991513126
logistic_regression,f0e2a5811485a55043ea2a5266ff2c4a5dd4aa5b44,0,0,0.02089801876830834
logistic_regression,cdddf72db2e011ab75f26a2a650106e26469ade3bd,0,0,0.2911299650318046
logistic_regression,a55d90743b481b34a36a9f1bb43bc50b1f374517d8,0,0,0.3929321231412931
logistic_regression,20a06329aed5a939532b68cbd40676ba74d11f5c6d,0,0,0.2886805802279809
logistic_regression,b3b748205083dacfd739917bb4c2e1b36af9aa405f,0,0,0.04942090568124526
logistic_regression,f3ea96722f9bfe81fd74403c2925b47661eb693881,0,0,0.29437951555678765
logistic_regression,a2022da3b75fd7f1eebe0da921b072d20c2eb91416,0,0,0.07855109230479067
logistic_regression,c1378696dd8811d284be3833ad11a4bd37fb08e5a8,0,0,0.1956594157743829
logistic_regression,a70e74b1ad8cfcd7edeaf7b76db625c8b2faef2f2b,0,0,0.40297579533455263
logistic_regression,257faa79547953c2defc7c4948948015ba6bd7d56e,0,0,0.11708084974559457
logistic_regression,c44e23cb017288200eb01582a740f14b870c76e89b,0,0,0.22875043643053666
logistic_regression,875975b11216dce2ac0f2d088c8b43dfcfab4a87e4,0,0,0.14388876875200135
logistic_regression,f32b44291f6216a9a027bb477fd1b44800f7faddd7,0,0,0.11980268206703432
logistic_regression,7dfe75ea84014621e6ece4c95e119baee522625fc0,0,0,0.25493553695454974
logistic_regression,63045f4c10297ee4fe524ae54873eb7dc573de99ed,0,0,0.12374171616469312
logistic_regression,31fd685ce19d0ab24f5cc8b5e0e582b11816508d72,0,0,0.26780852947400746
logistic_regression,35366b4886384013e0eb9ae052776d8a0ad6eec527,0,0,0.03546817884527958
logistic_regression,289fc11ea3dc16274877131fbeba1d9b96af077061,0,0,0.2763480148137903
logistic_regression,e416ba4e7e136ac5d3f666a6f3009e44a728ad016d,0,0,0.010793518350100131
logistic_regression,4c9cff2f6f88cb72ca80687792469f261a5be42fc8,0,0,0.05579250422683407
logistic_regression,ff7ac46ddf2334f420ec78a96deed8686894ae5ca5,0,0,0.015513848556705411
logistic_regression,033fbfd4ff9af7d759b3cb09d1386316e653ee80f3,0,0,0.24175096762981263
logistic_regression,3df168a708b1f01fc4e5dc5eedfe998b2bfeb8704e,0,0,0.03006201493757658
logistic_regression,b44c5cdb08d454f663924e59b28a68c02227bce6ec,0,0,0.18335075834195222
logistic_regression,4148aa56bf3a856ffb7bdf37cd68b546fffbb42253,0,0,0.3584780330261276
logistic_regression,6597ad5c2b2bcc85948af92a6a60c77d86f459a0f5,0,0,0.38153436228699583
logistic_regression,6f2b4e6483459c8faf84cf0d09dd177cb4fe6c2da0,0,0,0.024422827891303477
logistic_regression,4cd7398bb7c39bcd369cc5afd2ad249ab78caa626d,0,0,0.0486102643226181
logistic_regression,11b325e1704d32ddff96cc60f8ae5bbc031ee91a18,0,0,0.1938327353323177
logistic_regression,f4222d54cb521e57f0432a8a07da54046de6454359,0,0,0.08559916743769348
logistic_regression,56039d55cb04f28eaab608aee4631a7dfded2f5bf6,0,0,0.11463458547568604
logistic_regression,f9c54aad33515ba777dcdc6bd3ee4087227808c51d,0,0,0.05772441366411764
logistic_regression,cc48323a0b10d049963a0c787f4c3d182c876c90c0,0,0,0.2956510914701484
logistic_regression,138877b46b2ef417b892cc64d8bd606430f55ab6fe,0,0,0.12809366632227037
logistic_regression,d05e8a330528299a9c98bbcc40a390bd75cf58b19a,0,0,0.0003267253614082853
logistic_regression,52e29779079ce63d977b713f8d48a08599cf8fe053,0,0,0.03802071914754123
logistic_regression,b357b96bc7ac8677fb09d4f35cfd64c22b352a5159,0,0,0.28522096622048965
logistic_regression,3aec1275d215b0b95bf4459d210b4782976d6c1a30,0,0,0.4149904921134208
logistic_regression,9935b816f7f798b00de7b182b65f5aa26c813954a5,0,0,0.04680031689338737
logistic_regression,01a2b5ad580b8303d99a303c9fb3e29d3563bff177,0,0,0.18756056484550696
logistic_regression,ac685215151e5dec91df90281c55e6213daadd1f0e,0,0,0.19468582752982933
logistic_regression,873815d4946b2957dd389723fc18a89092038fcfee,0,0,0.03601608211813719
logistic_regression,2a0a5836b49a4530d66655eb10cce7858c83740ed9,0,0,0.0070568640809738105
logistic_regression,ca67ad4f51cea5bb5a53c089223a3f96c49984f5f1,0,0,0.2554882577283666
logistic_regression,5262e2bd01421522db73615fd0f9dfccb6b2ca965a,0,0,0.07599098620494889
logistic_regression,1353f4fff558c916f98cac90002f25ce6a7726b626,0,0,0.0847847482264307
logistic_regression,a5916b8543cb605b9d6c4e913c411cf3d4eb0c04e3,0,0,0.3024653599585223
logistic_regression,27bd41b2d70134cea303e84bee66657dfd216a69fb,0,0,0.03402018752994265
logistic_regression,1b2982f3c22abc5da391a7ed8fa6b63927fcdc7fe4,0,0,0.039650067093013094
logistic_regression,25c306e91d36dc3933b8a32f29443c7ed6e205e1ea,0,0,0.15068855079365692
logistic_regression,d5198e10ad81429da69c178cdc11632a08c6fb7625,0,0,0.01662997889518743
logistic_regression,844ba1d45d0e3c1ecbab57b068d200faca61d1dde0,0,0,0.13703624974594172
logistic_regression,4775f3ac2d33b1de15aca394b13a0a2ed1ede25651,0,0,0.15924497445453115
logistic_regression,b15aa349d878bddb5bfa7746022cf78e017c42239f,0,0,0.0822618718000452
logistic_regression,75f2e296a6a7e61fee9dd1f5ea09f22477fde1d67f,0,0,0.004327294517499767
logistic_regression,b73a3f2edae048326827bb9a9b97afca9cbd702f2f,0,0,0.1562055219954418
logistic_regression,e2c7f6f9de2e815a74ac54797b4275337d6ec6d9be,0,0,0.024586029488221833
logistic_regression,003730584595346580402eab6f424012a07746a4e8,0,0,0.02568382814685206
logistic_regression,7b3bc292be0f03b16e70492b79fab559c33552033a,0,0,0.29337360230330906
logistic_regression,b030aa322259af7741fd6152bbacb058b16524f774,0,0,0.044484500295784636
logistic_regression,97180683556007a857dae01ecd6e7425af4ceae3dd,0,0,0.05658656777862735
logistic_regression,f6082bcaca26814b8f1661715fe36b2a230e628acf,0,0,0.006236560693386297
logistic_regression,7011ef7bca1bdc927d38df6948175c2d3eb2894814,0,0,0.16287396782748786
logistic_regression,0b192f14fd6069a4827a1195863a717041cd91b1ce,0,0,0.21527851404143103
logistic_regression,f528a50d322dc340fecebea0e7c35fd414de631474,0,0,0.055771432859334245
logistic_regression,885d9328f54fb46ab3cc0241110f35e2a1eeb32fd3,0,0,0.04029864011532938
logistic_regression,ce1b901c5a9106f42a8a4d5176b9acb04652de73da,0,0,0.12782552555753485
logistic_regression,14366519c8b6c2c74a14c95060caba265f948d295b,0,0,0.07302730476840559
logistic_regression,5eb518bd4677866e51f301243608a4062107bb66dc,0,0,0.019455694967949095
logistic_regression,ab4d487b8fd87b307c86dafef3fef1536b762eb57e,0,0,0.14006959757734896
logistic_regression,ff37062149d2e7bf4dc5bfb5fca5a1e3c6e39f5509,0,0,0.01980368285044793
logistic_regression,f2a01712f26b454a161ecdc3de6684b6138da0d001,0,0,0.2818251479575277
logistic_regression,267940598076a526130fcc1e9b6f868635ca48c3ce,0,0,0.012569638855926846
logistic_regression,ec7efb617bc96f97cd92e77a6bf818e6b08d7d895d,0,0,0.17450743172018435
logistic_regression,632478086927179c9024bc8719081b3c7a90990c96,0,0,0.011319311460361161
logistic_regression,8ef61767c6f8fc1b7536f1ccfb0e0ae6b0fe846dc1,0,0,0.08540669033662429
logistic_regression,8987892f5bc08c1f8ced6f7f25ab688f6e107b69ba,0,0,0.037127540125302325
logistic_regression,e3730ef3b9034e6797d4e85583484a67e82b00b398,0,0,0.21088597054372327
logistic_regression,aa8d37c77b96111a7cc518c71d0950f06d7ea3fb18,0,0,0.19722796862087982
logistic_regression,8e208a8ff47fb0f1c4d557ea322183a405869eb641,0,0,0.05144626475122758
logistic_regression,821a181915e85112b96cc60148bb9e53cd104eff63,0,0,0.020736487478847265
logistic_regression,caa41b0a6db8f0067d6892dfdc48b1e7b9fc62936e,0,0,0.061022213955868945
logistic_regression,9e64be94caeea509b8b4aea84fef2abd2665b7d583,0,0,0.21202502605991855
logistic_regression,0d5abec8d399b087b598a85d4762e8b0f2370781e5,0,0,0.19907451812681354
logistic_regression,5543689553ae489f97064a3dcaa7b03187b9350adc,0,0,0.08060357061662818
logistic_regression,0185132bcaaff054cd4fba3b8bc4e0dd1b972a5fb3,0,0,0.2569391261942696
logistic_regression,f5ee0fd29fefe5e797637e7ef42ab6a13740ca558f,0,0,0.1334440400700834
logistic_regression,1c02a7f4c5e4b0e816dd3ac22fb55f9225fb8927ab,0,0,0.024595576623731547
logistic_regression,083f666402601656620e4833e1864336c7b5f0dac2,0,0,0.07855377368937431
logistic_regression,e75cc6a4d2b5a29a54934e0ab5ef9b4b37bd9f40d7,0,0,0.27724735329124833
logistic_regression,90ffafcf053c0e52e8638bc078327a8c5d916d388a,0,0,0.008214943883751949
logistic_regression,b3a9a1cd3345545eb490b895c422da62f62423e92f,0,0,0.10219268518204404
logistic_regression,db3ef404058a68e7d6d238fb033584d9296fbaa1bc,0,0,0.18420409022014284
logistic_regression,a99053cd6567a134d8d9464657f79e95841f01b71f,0,0,0.301163649943492
logistic_regression,ac78671ee627a2287e07103df25e6dc12648cfb65c,1,1,0.9558665492877058
logistic_regression,78b6282c71d4567fa165d7a6d3576d2dd614badd59,0,0,0.06647637736872478
logistic_regression,0bea47de846f8b66511fb741752433ca42f3295c2f,0,0,0.1879184288243939
logistic_regression,73884bd381453f81935e23af46815b011c604507bf,0,0,0.11811467749844909
logistic_regression,ad2b5afe463bba872fccce253d75d99a097d000707,0,0,0.06300409056641244
logistic_regression,7c78d7c07bcde57ac1ec71053bc4004eca96f552b0,0,0,0.020260828821229277
logistic_regression,d4f4e936ca66c86e026992c1f409df6a039ad9b275,0,0,0.01576858689879226
logistic_regression,ca9a0009e798cb56005fce7d0c5b2409914e863fda,0,0,0.0070288577126822694
logistic_regression,04f9d34a113bceaf7f3855e6319a6ff28e2977952e,0,0,0.2379535741922519
logistic_regression,21f391418e1869f6b30900cd57878d6a8abdd0f73b,1,1,0.9897286126928877
logistic_regression,4eccdf65b3d95565a0a05267946d2f0c575c4f3e70,0,0,0.04267414534751788
logistic_regression,052907ab5055fc9addff9f5905a36e338eab7c1d14,0,0,0.04998346899209404
logistic_regression,d9b6f6a63a4cac0c27f504796ed0ab73a3ff419023,0,0,0.1845026864534918
logistic_regression,345047bde2f2f97ca55404da5f4b91b21348752391,0,0,0.2923765223680796
logistic_regression,a28826590c036adbd1c81216b99bacfdb507549b0f,0,0,0.2786692861844174
logistic_regression,b61a6e0345f0bf84342437a7ee2b153504baef28b1,0,0,0.11492283318799396
logistic_regression,efcead3f39ca8f2813b38602884f85f02a19bec2c1,1,0,0.03827451023812161
logistic_regression,ddb8a60f0423702e15019a56fd36b0c54196c069cf,0,0,0.0841326124154159
logistic_regression,985ea0a61dcd6b8ec6dcd296f35ac6c1db35238fa9,0,0,0.0884492533900736
logistic_regression,bdabaa053dccb4ce63ac99d74cb4830ec659f765ac,0,0,0.282745009608537
logistic_regression,a38276c114ff9fc55d462840973c1c6dbe28b38bc1,0,0,0.06083483206013822
logistic_regression,90f21f02ef1cad72f78dcb24ada0ce69c336b0c4cb,0,0,0.2135265586510523
logistic_regression,9acd152e1500afbdfc0976c4d8f527c51661fee69d,0,0,0.21794420096148712
logistic_regression,61d535be147da9f1c8ec62da6bebbffbce89f63597,0,0,0.24652478601009245
logistic_regression,a6f89f9d413f822df434fb24c5c270b5ef9c15c580,0,0,0.31057639507455564
logistic_regression,98225250ef0ad25ec39ce2f1bacea3a184fef2c0dc,0,0,0.20292030671191608
logistic_regression,9abe1cf81b935dcef02c08305781c65a00195c2816,0,0,0.08212753334660088
logistic_regression,8bf75b1eb04d252267f23daa06531ea22be371eec6,0,0,0.2808327565550307
logistic_regression,77b5769ed02aacd39dba37ffcad590f3cf39749703,0,0,0.007215508961509424
logistic_regression,e1db146a851e1824b5e5656999d2563385f4572460,0,0,0.015505146026352334
logistic_regression,2087d07d9d08654f10fc8957944ed02d873cc23d7a,0,0,0.28233080099349844
logistic_regression,fee3c13711a693a1d082ab8c3c72d2752482f02a5d,0,0,0.19647151934889226
logistic_regression,94ac3c4f954db56e4741894cdd7cec728e20a182f5,0,0,0.24551893828765206
logistic_regression,441bdb852f6ff9c5195e788d6db6294141eb4727b6,0,0,0.1765281403025771
logistic_regression,483d6820918ed9674a0a69fc3d393289f6a33b89af,0,0,0.17646608877145756
logistic_regression,ce5a50dbbee1b49501009303e30e27f4503a06ec40,0,0,0.017995682979092743
logistic_regression,160a9de88f39e705c5cc63cf4963a2e95752e59bcf,0,0,0.28140668418235354
logistic_regression,60a05aa4d4b63072c0b1c63af392a30e4249661019,0,0,0.01760957640539771
logistic_regression,7d94fe08c1391eb0c7b61e3cbc71edb50f8692dccf,0,0,0.1543441673021497
logistic_regression,5db206258e0d7258b7953c9c3f7db48d4eba9aa708,0,0,0.02459514247859392
logistic_regression,02f7cab34546fe6bcf3c3286abfcf3bf2af54b5f82,0,0,0.320113989747608
logistic_regression,fd9d654c1bf3d9cf5fcdf4222c3fa5f5a296b5a552,0,0,0.3081241764652086
logistic_regression,5a3327106b767cd0f7b0d256e61edd721ed3e277dc,0,0,0.08688962063386153
logistic_regression,cd255951f9a5b6a2dcae4fb1f66d6292ce8c2639ec,0,0,0.0215109707550946
logistic_regression,98bd0c53b598e1da7c1980ca6ef809d369769a6228,0,0,0.007072119950761346
logistic_regression,7a449be1ec2a1818d99849baa22fd5943085f522cb,1,1,0.8365314632477237
logistic_regression,01663b8977b86b092fa76a36364a07f765eb873311,0,0,0.42030467898791285
logistic_regression,2fa9643dc04bea98187f8fd0da87e4c454a4b27514,0,0,0.21250006338493563
logistic_regression,96416f3fe06ea79aed5149a7db75c1d614a5b8fbac,0,0,0.10753386894758218
logistic_regression,9b06cc849b966ec250b8a76e7c09ab9de6646d89f8,0,0,0.09109068429344924
logistic_regression,3f9548bc69556ca991d3273c895985ab6190277624,0,0,0.013639104753200989
logistic_regression,5046628cb1a74016560e737b6eee183c0832db90bd,0,0,0.019158298118729038
logistic_regression,81c73e0fdb7718c742c1af5d80aa6b094725c7ca4e,0,0,0.018694342799101177
logistic_regression,71b4d7caa3c522ea2ebd8d7f93ebbf277ae09f63e4,0,0,0.003849013422450176
logistic_regression,aea0ea0dfba7248214bfbd50885518c5eeea44fc20,0,0,0.32401251061108
logistic_regression,301c9aacd47f3d27023be1d42baac03defb2d969e4,0,0,0.4716409474714557
logistic_regression,b8cef643fc8defa206865e0ad3ab54fcda4e443399,0,0,0.4241914453285786
logistic_regression,462c7a280375369bae77f4ecb4f0608b47c6d7f8c7,0,0,0.42768385746335436
logistic_regression,69b347e32e943b56eb64e2b851d0f639cdeba36c19,0,0,0.03841864137481765
logistic_regression,191370445eae17ba9feb7c39d869e5fd9e49e82700,0,0,0.023672943721589894
logistic_regression,bf1fddf1790ff55eb2619b7124c1dbecd7e7979288,0,0,0.19729761173021623
logistic_regression,ea91c16d5066ae324da0b298a80ef6be91de24dc23,0,0,0.30857796262442094
logistic_regression,2eadc1b32ee6698fbf1c469e69a1028a283379e224,0,0,0.3763361130488632
logistic_regression,b9d126fb47071d25ba79d6820cad3e32aa6c5a2ca6,0,0,0.18768639982828228
logistic_regression,27760d6598541d1fa4426caa30c6c0f23166985cf7,0,0,0.2948463050699523
logistic_regression,c94b242708cce75e901f2368ebf953c158a866ae49,0,0,0.28692784951857775
logistic_regression,8c2cbe52215fded32a3793366dda3c5f6f84dbf4fe,0,0,0.3576891850156587
logistic_regression,6afc679693b0b482ff0ff9dc4c56396645ff3f09e5,0,0,0.14526058603662834
logistic_regression,de05bfa77922ab945d23b8c7d424e57486357acb45,0,0,0.3588934951824842
logistic_regression,86620795ad08d78b7eed1565b0d0f0fa036ffee55f,0,0,0.36820015994866806
logistic_regression,d4604dd9c3645998191604a33c27b6e3057cde6da1,0,0,0.07123811863522482
logistic_regression,1220fbefc56b9089816eace7ab042e1a64414a4988,0,0,0.44481738862320724
logistic_regression,a9a33aec979495084fd190625e1ed3000c6b1364eb,0,0,0.05261107658710838
logistic_regression,719686e7cab23f492a2ea73054879120836700d29f,0,1,0.5264656042132752
logistic_regression,6c99b848939e93c77d93d9c08e74b1361797320c61,0,1,0.5408289681695999
logistic_regression,8035f54373a5318faeb7b1d12d33a1711554d2065b,0,0,0.017922606104609353
logistic_regression,2f9894c7695de761afe2ad6d1fb28cc2d955b132ff,0,0,0.0344026318387659
logistic_regression,5d851d0f3463bebd07b1abc3c57f1a78d50186b467,0,0,0.46269611584153214
logistic_regression,e77f465ac2575ad8d5d98ec51ddc5b8bf6a068fe08,0,0,0.36161079886701863
logistic_regression,f810b85b84c5bb1c9f2b669c758ad5803c31c73a0c,0,0,0.4368699059147286
logistic_regression,954ef87345996844132966f05546cd93bfeee7eaf5,0,0,0.43454821418696304
logistic_regression,a47816915a9f5b07fecfd639dabfdc3580f7f502b1,0,0,0.21967997423549013
logistic_regression,fc88a3c94cd8ca3fe32843cba03d1616ebb5643a7b,0,0,0.3380052368938514
logistic_regression,c256186d11c230b3cc89d97e70327b587a127bd80b,0,0,0.10342832411618097
logistic_regression,50857eeb023cdbd439c50182a2abc307bfce91951e,0,0,0.4599686961652941
logistic_regression,c5ad50a244fd81374c9e9897bcd0218cf276e72236,0,0,0.33651439865397526
logistic_regression,49b87eccc7a3507c454eeb106d610a8395375d37d6,0,0,0.021026267179580296
logistic_regression,b9c6b23199b6e7e5a464e838e92a0ec515267ddea5,0,0,0.3544311244754649
logistic_regression,1344619832f0d699981d4688053a5fe4bb450b93e2,0,0,0.09271041598077677
logistic_regression,15705cbee36a21b5dcf36cab17140fa1159656e96f,0,0,0.3559621168046428
logistic_regression,12b7487bd67271064a6a47e642fd01f3232dc0adcb,0,0,0.35542682918371277
logistic_regression,8559bc4114b4e053ad36412e1e3f60b8d9a6c09dc4,0,0,0.44353716638902896
logistic_regression,87ed0e627739858f67a5678a85a011700e3c658766,0,0,0.06520256603351317
logistic_regression,af6606eabf600e5181e76c8a2ffdb7bf78830f5ee4,0,0,0.025360455906706537
logistic_regression,a806ce1d9cf004b4e015894a80921a74d64c7041c0,0,0,0.072028138018525
logistic_regression,1e6c1eca1dae3353c56811f7f955785c099885874f,0,0,0.0770380522563212
logistic_regression,4de1759e549a7f89e22d97b98a6fe91f8a1e67b5be,0,0,0.3617383161610011
logistic_regression,a57be627c436629d8ed90fd904d284c4aed5dbfaf7,0,0,0.20206586030419108
logistic_regression,db6d598431ef35fb264149534e06d2b08074ce9739,0,0,0.006156302668232803
logistic_regression,0ce2be2019224baa031b688f19ca40ea881dd66d04,0,0,0.269929774335237
logistic_regression,690f07242907bd38caa4e756b069f8b88f68a21f99,0,0,0.25414041312912217
logistic_regression,4d2133e2d0b9f46ae5d03bda52b10d756e748a5b86,0,0,0.44301941468630734
logistic_regression,f8fe3c0fb7a82a17e7720789780907b96cfc4eaea2,0,0,0.015500950726699627
logistic_regression,b59715eae246afdef24fd50615f1c0a6072a0943fe,0,0,0.4137028649669275
logistic_regression,8756017179d75e376d20bb525f6cedb5b746b1394b,0,0,0.33187177394673256
logistic_regression,4bceac6ac49cc880cd881c5eb8768745fa82519b83,0,0,0.10231617654609695
logistic_regression,c783d0ebb70d409e24d18422f752997bf58535dfc4,0,0,0.21659325536706012
logistic_regression,6f31bb9e9b992ef1dac7f5057f2de2e543cd37e33b,0,0,0.43170245899977544
logistic_regression,05e121ccacdc796287c765ecc5ee243fb7d197d3bf,0,0,0.02422485822574222
logistic_regression,32dd13d69d70794345ed3e0f6ab288b9c4830acb65,0,0,0.3474167205941786
logistic_regression,bc2ff48efbc47c6800809a6744c3957498d0cea273,0,0,0.31461051068795476
logistic_regression,ffae0185d1dfd3b9daf849baaa75826cf08ada1c9d,0,0,0.04898282240671088
logistic_regression,7ee7b531c1a6e6e36a0c271db5443da95da4a4cc9d,0,0,0.019296968399722253
logistic_regression,f8d155d49ec1b4c010fc9ee2025c3ab6001fa239dd,1,1,0.9684835082387409
logistic_regression,741d6e2a88bdfbd854bf5b019706191592b5640f93,0,0,0.3261282482126352
logistic_regression,755509d5fd56e622119e3684d1dd5ed6e5630ccca1,0,0,0.21750206408844724
logistic_regression,4b629e21ad5e873b0ae397d9a4b1d498d44176baec,0,0,0.3499347153880402
logistic_regression,481aaa50252ca50b32184f8fb68dfdd6dd43a2c390,0,1,0.5063366016954303
logistic_regression,c019a2793d618a7c1cd77297af43687d10829ac794,0,0,0.006945542832308738
logistic_regression,2407dd598085d027bd1ebf8cf2d33e3b13e7a64447,0,0,0.039082794268537835
logistic_regression,9187f14a14ed4305f3c42cb6e2bed1ca5d3aadb495,0,0,0.008593398256066604
logistic_regression,503fad3e590582005e907fc644fdc6350bb3e206c5,0,0,0.007338314357173466
logistic_regression,8e38640f31afffc7036443d67630e185021b51486d,0,0,0.09428716798656678
logistic_regression,88670b4946c619413c8fd12ee107f07a70b78752d5,0,0,0.11616084362634554
logistic_regression,1743e4550b08183a05e61de1b9ff7699f68545d536,0,0,0.023630359117734364
logistic_regression,7b61ab8cae1dc1346e4bb040b981e2ed0f037ea6ac,0,0,0.004079653504997329
logistic_regression,d399e5e3b44b02fc7904d78cd54ba15b81bb19c8f2,0,0,0.017577853083487364
logistic_regression,0ae53411c9c805aa5ff7fc0ed5b9cdb3d28de261f9,0,0,0.007013214152431781
logistic_regression,59126f63da181d6b972bf62034ae8a3735b804af52,0,1,0.506722322577218
logistic_regression,5771da06d211b4944aeb7a601657ef62e9c6587cff,0,0,0.0019362463785469641
logistic_regression,1b1d4837f8a76185df06a245b841802c946db67ca0,0,0,0.30582161549503256
logistic_regression,c5383d1b3693a2b8144f1644d3134ad1b3b2a7563f,0,1,0.5088893683940748
logistic_regression,6acd37cb026180b59f659066eca4a2171ebe60252e,0,0,0.0691407488342307
logistic_regression,a62ce4a6139ad8b23c0982a6846241fc1b4d13866f,0,0,0.19212275321610187
logistic_regression,a76ce737d18d2ea25a83131cd2d025a6702d4df545,0,0,0.026653239453754658
logistic_regression,803269bef5fb4650636c3a27e801e5e55d385c5fd0,0,0,0.29499957692466433
logistic_regression,c2c727b5ee7331645b6d2193643dbc3bb02064facd,0,0,0.35115329018098557
logistic_regression,0377395b314e3010c908f03bbc334262a707cf9f62,0,0,0.027178838666446565
logistic_regression,6691e9541b261b8ef8bd69e4f632597840e8b9d0a8,0,0,0.17469556489209245
logistic_regression,ebbc58aed2d5baf6a6b7fc5c3d4100292c1e3dbb9a,0,0,0.2886939112125829
logistic_regression,11fde8a6af8463a7f1b665af18b3932ce621b7de45,0,0,0.05834990089255817
logistic_regression,be9e7b928a329443f7bda3dd75079f4f255674b13e,0,0,0.013132861310515205
logistic_regression,1278292eea764ab6c6351543d05918f94d9bd5a285,0,0,0.3883430486221274
logistic_regression,865fa1139c650405e5e79111bb04a3aa43670f9854,0,0,0.011529455234576469
logistic_regression,be4008b66110b1561af2764d5b6176c017a58526a4,0,0,0.011980935338189828
logistic_regression,46e1ed39275264231b5a2a51cabc7e2a98d68f8ebd,0,0,0.010938046874919765
logistic_regression,5d23a5a28e99a4e6a669e3fd3615623a1baefadb2f,0,0,0.2749849156504533
logistic_regression,4db83f1af5683757f1b4bb988bdd2fa4a18fa9e65a,0,0,0.022407514696905006
logistic_regression,a6db4a4e55c72f569ba5aad56fb2c9eea10c02fe87,0,0,0.011253877465138331
logistic_regression,2a7b4dc140c79c754ccff68d06d0f9a7ab0d76d50c,1,1,0.9733084554726475
logistic_regression,86a072a2a23c49becc082a6b8162d41681249668e5,0,0,0.13779904236807564
logistic_regression,655af86ffdf5f63417a1a7aa20947158ab01dbf2ca,0,0,0.13356169095567588
logistic_regression,c081370949cd93e8676497e514121af605363f0363,0,0,0.33757865402347975
logistic_regression,8c4ae8db72a36a5dabeebc9e16312597ca54e9301c,0,0,0.09690705289623747
logistic_regression,c94f8199839b02cb7f91ab874011c144d76f478809,0,0,0.416806858257644
logistic_regression,c819d0993787020d5a4ed41aabb9dbbdbf048c4259,0,0,0.04608956832030946
logistic_regression,ec9b0fbc183a878b29651045c8801dbacbcf1c4d93,0,0,0.31997600228490186
logistic_regression,02485980423ac7f3aab5bf0c9b8c10a7c498cc467a,0,0,0.30077580424025396
logistic_regression,e2bc1a4519f141429d12a0cab9b3a239691206c40f,0,0,0.0027052263191518207
logistic_regression,184c0a03e892aa31d3f3df09b1491d6077009fa25a,0,0,0.2636311348049625
logistic_regression,1a7fd42d514d6cd4fa0373c901cc08d8509a6b3aca,0,0,0.0020489021663363557
logistic_regression,837a57956c90769d7d8165cb0cfba8c6168cec39c6,0,0,0.282132398744365
logistic_regression,80d7d8c63b587c22738fcd942ee9441f21b9094776,0,0,0.29468913759078863
logistic_regression,8660b08f8edb3f2e5f7c3e1495b2ec62be0a067c9a,0,0,0.3477188421731975
logistic_regression,9671370f526b2b8849d779d01f7ba9dfdcfd7842a3,0,0,0.021986841899042747
logistic_regression,f14477bf4e0abe1d8ce6f73659df99b84bd6599452,0,0,0.005579583161729192
logistic_regression,466deae4b8b9d2be3a3bfeab3a0a6476f2a0a4e5e0,0,0,0.1622324239977614
logistic_regression,ce7febe2fc0f2df8513d23cfd518076e6e3c83abd6,0,0,0.0858098903975232
logistic_regression,b5c45f0c76a3a7fabece366a8294d0516b7f3dd33c,0,0,0.06305244009191252
logistic_regression,8d15c556341c047532099bef249af39941ebbb490f,0,0,0.15505832091205873
logistic_regression,be0ade9a04e29969253b9e18459eded4bb628d3d21,0,0,0.03695836180300146
logistic_regression,e1c6239d18967d4c035ac07554805fd8aa4009a6c5,0,0,0.02953454837188291
logistic_regression,475ab782f6fb70d59fdf1c3957008982be8888f021,0,0,0.2209189474236993
logistic_regression,3c2526ad7ac5224e227d227a75928da8578518d779,0,0,0.03579253863280803
logistic_regression,a868b6bdaec5c33ffcfac76cf9bc4b4cd341c452c8,0,0,0.19986595381892192
logistic_regression,4177dd1e76bae374d89e1177eb5a2225da92d731b2,0,0,0.2141340055708382
logistic_regression,7f4d0f2888e02f0beb6c8a5b618f58a37d17fb11ef,0,0,0.27117012241926836
logistic_regression,ae51d249af29b020ff709623cd0be97cb0f9971583,0,0,0.010058954906426117
logistic_regression,87a7971f0fe6494c9a3aa6c2066fb617ed90c515a4,0,0,0.14065322010129314
logistic_regression,e608d778b1ac6ce552b3c26d018d4bfb7a777f20d3,1,1,0.9884902076513133
logistic_regression,7f13ad7636943a6dd7dbc842e9be76ca246a3a8ca6,0,0,0.12195314371558544
logistic_regression,335c8f5e73518bd15a19ce15fe75fd970575b3db8d,0,0,0.34873147082092054
logistic_regression,99be1355d3561612ac8a7539102c6c006ed84e1ba0,0,0,0.2911656449847316
logistic_regression,cbb87908e8e227d62842d9b73b1febe9e5d5b7fa7b,0,0,0.2734446425699803
logistic_regression,ac954d79e9c7327dd39c5fb4cc14383ecea8c3fa4e,0,0,0.008188971451166724
logistic_regression,94697cf1ad893750ce03c5185469ec636b6bf4f301,0,0,0.27890960605853105
logistic_regression,5c5b2d21cd7d6babb477d3513f999b0c249c709e67,0,0,0.09454652814163442
logistic_regression,99741394fd0bf04c286be36a1b6b5162b8af4b1137,0,0,0.1272216313131419
logistic_regression,1cd6cacf13aebdd119e6e13b577bd012097262debd,0,0,0.16908885503830104
logistic_regression,e014ef7c1d5ad1100ec007afa6eea15d6214dad6e8,0,0,0.05601196877615541
logistic_regression,445cab1c0dd69c80a2ebc0d5c4b2bbd11b848a4e29,0,0,0.301864944208726
logistic_regression,dc5303f83ab8618ed0f0c5b42f5ee25bb37157eddc,0,0,0.18209092305992525
logistic_regression,d7c2f63be3c2b52c2bbeac735c93981c3c01594747,0,0,0.14033975111905156
logistic_regression,64ef20c12023d0dff0405eb50f91ce491fa5346e77,0,1,0.5036707880671697
logistic_regression,f53fec0dd56d8a1212ab8e894d5b8b5fccd2bbc7fa,0,0,0.0377665910073486
logistic_regression,1fa3a83bd199987e7bf741fc5586f8a2fdf5400c81,0,0,0.08782197409552131
logistic_regression,ce704713c1e1c064e51e9226849d141b61d87a4ce2,0,0,0.27465701367586404
logistic_regression,246abde30ac1123184ac581a408e08a73bbff8f1d7,0,0,0.08014368733144402
logistic_regression,1e580dc5126344e2eb3de08caeaecf0629579647db,0,0,0.458482024952103
logistic_regression,d94071898e246859acdd009b6e417a8efafe265b38,1,1,0.7837541950382904
logistic_regression,991c72bf49ae0748b49d4a76cd86895f668586e25d,0,0,0.48123045181032587
logistic_regression,71e9a425e60d8b66da349b601448143645a6dbc370,0,0,0.024815141895550816
logistic_regression,d9f4daec9dd6b2623dec3db42032f84627eb39b0c8,0,0,0.23617754653060985
logistic_regression,51ef87f3e31dfca0bff3bf30a9c52b874b15599e98,0,0,0.4100720002583192
logistic_regression,4028f6628a71a93850aaa39487d0ee31547b60375b,0,0,0.40462924047120824
logistic_regression,e7355feac6fcddf42f35e4dd20d3bba2f8c313a79e,0,0,0.19286008003091792
logistic_regression,fa6a3a21d42473f7662f5ef931aa503e375026ea3b,0,0,0.0001801070933200914
logistic_regression,dec0ce53f93a92846f1d9ae3c4ed0e2d94e63064cf,0,0,0.3770970705155014
logistic_regression,9ce7f8577e45d0e3d9d34687ed5e384da7aaa99f9e,0,0,0.47201172834332655
logistic_regression,955b7d04a1e40116da1319909ecc9ba0330bc669b7,0,0,0.003844329390545823
logistic_regression,463ea588ebd82441899696c811217ae6e0320f1670,0,0,0.31020020160238077
logistic_regression,e7321da5b8a3df9edc50c7428099c28552b84b8913,0,0,0.4038767812429566
logistic_regression,6e0ca70e21a88f181387ab15994f171217da1c214a,0,0,0.004821333835520286
logistic_regression,5d15c5b1c2e18889434e5e8f4e8202050c347a16f5,0,0,0.3896201656334649
logistic_regression,6cfa198d04459b436af7e8f7d11d77264d1f0cf600,0,0,0.09533652297133206
logistic_regression,5c11c070013bf2e7d86da3d69ba78637dc652580bd,0,0,0.27711789250325974
logistic_regression,2897b0c637f8698261cac94676e208c60ba268b292,0,0,0.4212564577166418
logistic_regression,07cde238dcbe2c6c52293d5b7db02c2c5c047e4071,0,1,0.5167164232602802
logistic_regression,e1b11f965e16e3dc87e60e6ef4f6a5fb3131e61264,0,1,0.5911340944642048
logistic_regression,e5e9230d5fbfdd39095c6982f29a41b5f21d24c35a,0,0,0.17651148765917027
logistic_regression,c0413e3118c130ff191b7969f7eb5d5e162e68e6f0,0,0,0.005587973503207886
logistic_regression,eeb97089cbb43a11294e55e2e64672233c79701546,0,0,0.0020609743071178565
logistic_regression,ad4c86ecf3dc4e93fccbd237c031c73677caeb5742,0,0,0.07467557883756831
logistic_regression,39fd6561fdbdaaad27c75e3581006a12dfa0a8f9b4,0,0,0.027216826590761894
logistic_regression,fd8fcb40d68fd0a44551364afee22b1b4ca3e9bc97,0,0,0.0036730506513464327
logistic_regression,98c562cdb426149357004bc59ee442559a0a73faa5,0,0,0.01722557624776657
logistic_regression,9448bf28cd29641e392dc7ef5cb2790de154d6147f,0,0,0.31312915050651313
logistic_regression,d9e0e8da0dea3f92dedc4881bcae99a20f8bbe4dab,0,0,0.128073863164418
logistic_regression,685a8bc1d7e9bcdef364408c4c0d4dcc0688f8b4e2,0,0,0.05922518714986318
logistic_regression,fdff8063f671b3bb353d8ae8179c39085d54efd1b3,0,0,0.28485331487124965
logistic_regression,58dced33fe12c40b31759dee0326ae053079dc7a7a,0,0,0.17540263033309972
logistic_regression,76b25d5ad7a6a1525753d10479196414bc112ad520,0,0,0.32609242590499726
logistic_regression,23173ba4a102c93309841fed7f0af31a23690cb110,0,1,0.500707660763185
logistic_regression,a9f4a4f6ae237bc4af9a708600cccecbc8eb5da36e,0,0,0.4612257869559707
logistic_regression,8349a93bcaa7378b1d115781f9346978290fe5036d,0,0,0.2360828137573013
logistic_regression,df6a2ab595ea47696cf5f0d7ce78df7335d20ac542,0,0,0.3488948341258999
logistic_regression,a5219243fc171394b15fedb8f4d33cd183eae4622b,0,0,0.3682720703682778
logistic_regression,7a54b7be3175960c105e8acc2904a639ffa07343d6,0,0,0.3822637276238433
logistic_regression,c0b44695c4d6b3f2a99dbaac447e25f94a73245eff,0,0,0.03257136877220227
logistic_regression,b0e6d418aae61b9e3c7a4a2d22912869244899f089,0,0,0.11780921565212313
logistic_regression,c7cc0a6b370ff4425ee6b3d95a310a25d18e6cf3ed,0,0,0.12287458275038099
logistic_regression,b9e0302352832c0b70ae2b9d4adf0c589fab423c63,0,1,0.5456170036125655
logistic_regression,057e79a526fc50c95582e3191eb9fd253fd4159065,0,0,0.40069830760810327
logistic_regression,7145d7dd3cc6b7111a542e20fc8334f48ea895cfe1,0,0,0.33543194697720724
logistic_regression,84334397e132230a1973db0038978b1d4718b03865,0,0,0.3821679675522578
logistic_regression,c6213368646380a117be111c15636c56a8ad81f4e9,0,0,0.4034883902347974
logistic_regression,52d99d50e6b3c6070fab7b8779a2b145d52da64772,0,0,0.008597809565646503
logistic_regression,fad4ccbbb8d806846375a586a6bc5efe4a624df1df,0,0,0.22581255258152425
logistic_regression,9a7855e501cfb61c3ea23b2dfccc38ddb0aa6e72e7,0,1,0.5159904380254355
logistic_regression,4a6bf5c3b56b31ac1dfdac84a99e763df437495404,0,0,0.0053332267596808685
logistic_regression,4d8eae962fd4b5d12867bfd4724eaacd5775b0477f,0,0,0.04535078490207283
logistic_regression,7a9e3cd0474a118d3ebb5e454160b186b1138ff5a8,0,0,0.1632230704105633
logistic_regression,65175db39d76625afb72751b1a1c65c43e4827797e,0,1,0.5092856771439841
logistic_regression,d026507b74a27440273e82473100f058afaa16601c,0,1,0.5949667842937542
logistic_regression,525939421714f5c79cbcbf4c668ac406fe32977c9d,0,0,0.08688858022024729
logistic_regression,a9455e8b3c888d25dfb2de08843c56c954702af9ec,0,0,0.40741811075631446
logistic_regression,bb4f464446a5a1f779168fc4c9be6cebe78055fd89,0,0,0.026579182321722624
logistic_regression,45fe58e4a876ff835e4ac587aee0bb1fd33a3c73dc,0,0,0.4690514568480016
logistic_regression,651ca05cebaa529e0df2b623c7dd0959d2649a4853,0,0,0.11787482652128418
logistic_regression,f3374e807b55fa8e5b199b31e8ca94fa7ceb0da4b7,0,0,0.027166605821402158
logistic_regression,d006ebf83dcf8ce476369ceebeddeb9d36e740f2e4,0,0,0.001296208074107397
logistic_regression,f5778fe9c394d7320d4c943404ed30a418da958036,0,0,0.39590707750190374
logistic_regression,47b5a60507d30441077700276346224ec0f88c0256,0,0,0.4584402097372325
logistic_regression,d447dc630e14985ef681565a114d126a6ac143516e,0,0,0.27878264919014417
logistic_regression,b50dff79bf0555a5878b9d0c1baaea09b42b9c38d3,0,0,0.4527165407712311
logistic_regression,cf1b537cdca0256ca6b399820f64a404bb98f037db,0,0,0.12166451786541584
logistic_regression,35ead2873dfed0a57a1103729564b930c8986ba26b,0,0,0.0019013998154629062
logistic_regression,43861345665c64074d02d213c5db1c31d71a420719,0,0,0.043401892651946807
logistic_regression,6f4901bc86f1aea2576e8b739d5f891eb5ad9a341d,0,0,0.021545540405913183
logistic_regression,2145465d277fc20862c43693f2d5c5b508d1171436,0,0,0.22771615447158827
logistic_regression,24b4fb4e2bc3da036a4ef1c1211b8eac7bb5ef92cd,0,0,0.0037072955819255765
logistic_regression,a60890d20e33ec601a09184a9a3726033e84208c92,0,0,0.29518352064654074
logistic_regression,0dbe09039f7e229724a204514f474e9df8d3e56fd9,0,0,0.08906259534514457
logistic_regression,cde0c4b8f94dc5402944bc5a8bec44040db76e5824,0,0,0.15975955238508288
logistic_regression,5da77f47ee344da5b518671d2bf57442a68c0320d2,0,0,0.042227741805487655
logistic_regression,0a2a62492e85d9a9a5006e562fe72fd3013de995aa,0,0,0.07820498313055288
logistic_regression,8f3fd1e74e39ebdefb724ce0fbd6a8b5d0b3ed85c9,0,0,0.017307467839724505
logistic_regression,391432230381c9ecc1fe9ff26e1575dbd6095d68e9,0,0,0.08734129566722586
logistic_regression,b0c50785d2198217563492ba2fd03b5acc2602af89,0,0,0.2599807557263142
logistic_regression,64f6115993d9ddefadce2c5e283664f6771066e4df,0,0,0.08168157408173654
logistic_regression,70eb1c84659b963f0872ec941f49807d87e4cfe0bf,0,0,0.014309883550875657
logistic_regression,e72e3dbd93ee625cf526342fc0fed8f8cd7cca507c,0,0,0.1276726689873735
logistic_regression,82ed1b7fb96ea2d3daf1a0df03d0e4e77a28044fa8,0,0,0.0025845725893162987
logistic_regression,0e1a2e837f73fd5a45b721b2ae768ec95b8141af74,0,0,0.03653334501868064
logistic_regression,2efa77c8c3b9be4ee01878ce899d61da422cbb64dd,0,0,0.19212968447528922
logistic_regression,e88b7c6cec8861f87d19baeb9f72fb11c0b904192c,0,0,0.09746209099962175
logistic_regression,2e13ab7fe17f3f5f009ac02450a8b7ab64558f0649,0,0,0.0160313468168717
logistic_regression,3e14bb470d5139519c34600d5a3a7c2c346f21cfd4,0,0,0.027095542684963135
logistic_regression,682f013714568ad6389983488d6f8e321940f003e0,0,0,0.03081696510586713
logistic_regression,db1cd5725feae2fe9390cdc38ff5240cea0500f553,0,0,0.07567501815456598
logistic_regression,5b46658f73a23c68addc918503cf5c1e72b04a7a25,0,0,0.21982627267577454
logistic_regression,73d84689f7d820b0459910adacb88b04d3824dd011,0,0,0.20776175052921303
logistic_regression,c02fdf8c39662807b923a2848f0985f4bf9b94df8b,0,0,0.17222081486628377
logistic_regression,d8f437d21a5ef5456b413b3a6186919bc888f7b0d4,0,0,0.3323207587326649
logistic_regression,065f34ae2f7869b3812a88615b8571f703dea86956,0,0,0.34765008677328707
logistic_regression,e4560f37c63728617bd75a3c903b7484c2117289bf,0,0,0.01766055851008009
logistic_regression,aa4a277c9d3574c5e81922669ac29e430971bd538b,0,0,0.00748622329005613
logistic_regression,d28a96b006bc17acff88d4ab389c564c60e25741fc,0,0,0.2173329295164309
logistic_regression,fcf9700a003d1df0b230dc1f59faba6cf15e35f79b,0,0,0.31590117317730343
logistic_regression,73c5ac8c9e04c0dfd28c891dec56737722dd0220a5,0,0,0.17215955560778942
logistic_regression,d69eeb8041e79d0d2a808b3a58f1bc76bfa659a64c,1,1,0.7994442888930557
logistic_regression,eeec0aca608b39b19f69f1f1f944b31c67ad4c210f,1,1,0.9915750874928422
logistic_regression,de6a19fee79708f19928f891273cf111f344262b3c,0,0,0.2010718216046984
logistic_regression,dea2b2b6f912b3526115842599ebc0f26006528b6a,0,0,0.07228154893243856
logistic_regression,0c8c0cbd717f07e10508b2189bebc57f3d74b6ab5c,0,0,0.05760462114525171
logistic_regression,a73849165931b70d502d49b40acf63fe4625654847,0,0,0.03314866604492427
logistic_regression,18cd882f56bb0423f539471f1600a16f015aa72339,0,0,0.07290416717370979
logistic_regression,42b0f2e38c1abc06f5ba8b96cb281b1a442a64bf5f,0,0,0.1671799063893592
logistic_regression,e74e8f656f5187314795de5f09bb3ac625622fe4a8,0,0,0.20389850391996678
logistic_regression,8c0c6d4f058a55ff6a7fa8f5dbdc71ea9b441efea4,0,0,0.027522494459779282
logistic_regression,85c0b5a084058cd2145586a60f25543b80a2114f3b,0,0,0.0951983320835106
logistic_regression,b33b3fc8f87aba4aa13e9be74b678a80e4f6062781,0,0,0.024114550561707068
logistic_regression,aac64880b98775da799c08e6f1f4197e0263696096,0,0,0.06768074645077299
logistic_regression,b9422b229a1033cbb89cf43dcc65b31c0a69175393,0,0,0.07369034009520917
logistic_regression,53e9da0842a87dd9857427c2027b4708ef009465e1,0,0,0.20342041879009745
logistic_regression,3acf2bb7af759f685445fca44a7cad6240af023364,0,0,0.06537803504251068
logistic_regression,c5486a4f76407c23f7b88f96dcce01c9d676690b3c,0,0,0.3092591691458691
logistic_regression,6afc0da70da53a4b48addb986918250c5807c31e39,0,0,0.30938222395747167
logistic_regression,0686e5411eb44d0389cc51be443c6093f25679d685,0,0,0.09717484764304757
logistic_regression,2492be8c1439aaf5ee2e41ca5797c42fba9c52c109,0,0,0.26618384435649955
logistic_regression,38512217835ec7c84d85dfb94494954e7b57a29f79,0,0,0.0306914425124161
logistic_regression,14cd55c3dd20a9041c33f7ee6b3005cb59226fd074,0,0,0.13200235399666982
logistic_regression,af479e8edd9907689296ccd7535364c99d1730fcd5,0,0,0.09213478317199894
logistic_regression,72270da5aab0ac23202a04e52937f67bd681c1ca8c,0,0,0.26808677368686834
logistic_regression,60055074e588ec18da6e2458bffade57ed6ac93412,0,0,0.15960279150342285
logistic_regression,ee049a0c3b0dfa8e890542a76f40b43e351b878383,0,0,0.027019649022472336
logistic_regression,61bca8792df2dd3ee1fa4749906730ea04cfb4126b,0,0,0.034237022938685475
logistic_regression,89111834e58b06fcf738b6203f47c4c963535d2550,0,0,0.06546147902403725
logistic_regression,9200c56e1783e195964ae0f422f1b30324d1cde3f8,0,0,0.00930866847334137
logistic_regression,7f7ec21b70430317fb94e828f156d85e68230561c4,0,0,0.0552242728908774
logistic_regression,05553b4b91040635fbaad707287ecfb9a71f6bb9d5,0,0,0.0006438305247554738
logistic_regression,372e66e142ae14c82d574caefad946c284837cd70b,0,0,0.1211756955787317
logistic_regression,e754dd93e29a44f6e154f40d318b9672f8b7178c41,0,0,0.25637653880862316
logistic_regression,b3433b796332f5be1a710c10d7150584134b65cd8e,0,0,0.06834271745741079
logistic_regression,c38d10336dea1a986afc3b21737f9f1489b267ade1,0,0,0.029590159867480897
logistic_regression,bea48476f34a8dc43888e3100a25f2f34c34dcd1bc,0,0,0.14385590784661406
logistic_regression,3758fa415d2e61ef5b437d49032d71f1f723ea26f6,0,0,0.02452093033898534
logistic_regression,54b8c7ce603c529f351d79efd637b794d437873769,0,0,0.24353541734277073
logistic_regression,66d52906cc0942e594a02794a9563d1f529bee1810,0,0,0.21284310160516567
logistic_regression,4ce143ae8d92dfea277d9292c94a0a617bdb0b387f,0,0,0.03176522003854912
logistic_regression,cb3eccc4857d8c04e1120523066569c2efe628b878,0,0,0.02528784533748468
logistic_regression,4a01b4ae08a560031eb647733e0038a19ec69dc0cf,1,1,0.5639721739223775
logistic_regression,440bdfd16aab0d9fa4cbd557a5fb83962136523f8d,0,0,0.21988685783760348
logistic_regression,2703a0c9fc86b8b58cec12373154f0edf7930ebb7a,0,0,0.018417593377444506
logistic_regression,ecfe1ea1d863541c80db7cd3c9c9337285bfd7af47,0,0,0.020473853985612335
logistic_regression,be3ce93bac78aafc4a1b6e448951059dce7d91e18c,0,0,0.054610294885600104
logistic_regression,3edeee6dc0e016ad209ca7ff96a510a601957444b3,0,0,0.035640241816723484
logistic_regression,d7616803df164502b98731d06d1efefed4e98e4a0b,0,0,0.021154938581236765
logistic_regression,20241acab051a2e1fcb81c4ba2f6432d05a64a53cb,0,0,0.21473796453221553
logistic_regression,91b53852475640b5c9f7965a28a32142999bf4735e,0,0,0.05027572238005361
logistic_regression,c64036f5b5e96d5e05e9a44125da47336bd9822fe0,0,0,0.2023033973904853
logistic_regression,9ea860f82399ed6afce938eecce1b7eaf7107d84b5,0,0,0.1563084635893182
logistic_regression,76cb6589f3f349acd5b4ee5a98d4c10e0d4d63e494,0,0,0.15790523692024594
logistic_regression,cd0cf54e824700809ce715ccbda380663225950fee,0,0,0.07736329398127192
logistic_regression,c8a08183aaed59005f7029013851ed27cba53893d9,0,0,0.2645753859759125
logistic_regression,f1799786c31166dd943b1016d1e8f7ce705217d565,0,0,0.1852489297358224
logistic_regression,588c293f7a2d0e066b0a0409476b8b233d69b6d3ae,0,0,0.16388874823325988
logistic_regression,59e0791ed3728506ecd34d03fa5e218ee8d7c56b02,0,0,0.16868688701045756
logistic_regression,886ef5e1380ad556c2eb8434a388de4f0aefe69c1e,0,0,0.0603739624304154
logistic_regression,e7c60dd8d23101126e2907f1c7546450d6514a3afe,0,0,0.08838892408598975
logistic_regression,d0d6b90f60091cbe800e2570feaf338b5cdf257e95,1,1,0.9641643366413251
logistic_regression,65244d1d37a17122a2666d11ab4b4dbfb79bcfc8cc,0,0,0.06068850623002936
logistic_regression,efa8a03e7c790ca1e960a358d19281843db73428cd,0,0,0.013768679383217486
logistic_regression,004dc24fe6ef0661898f4094cab1422ee68c9ed7a1,0,0,0.05272004168462922
logistic_regression,26d49ee5721f66972b5c19f039d08a0e22d1b53575,0,0,0.010417581280479848
logistic_regression,8cdce8b6c5e532c046603500ba7629eb30e3b2f17f,0,0,0.07501917209853497
logistic_regression,393c0ea56af66df2c666abd99b69d740035dad8321,0,0,0.026611289634349576
logistic_regression,62a8ba3f636a714293b7c8eeb7d9f8be1d0b65265c,0,0,0.337879435293404
logistic_regression,79a24ac05d19be6b49745e8751630de32dba23dc9f,0,0,0.003420437167716328
logistic_regression,22a9a3be818bd91adaba404d3ad13f179f6d9a12f3,0,0,0.19603095951722518
logistic_regression,9b0810b0f7a129766632df05e8fe49d197828d4668,0,0,0.1769927591121221
logistic_regression,be46c3013454bd1f24432d3be3a0e22d198f0da5c1,0,0,0.014304599425120284
logistic_regression,1de4d062ec580e96b6c118a536c7c8d2e2ecc22af4,0,0,0.008746308378785617
logistic_regression,6427c89b53f9257bee56202b6223f9f33c54b54248,0,0,0.0038187986827466092
logistic_regression,e7d3d9bd1aa7b1657a3ed5cc30861d7c4102ea762a,0,0,0.006156342970897302
logistic_regression,4687e0bf39b976966db4069f8461b7349e92522a72,0,0,0.15300683405545076
logistic_regression,2731f1de61376f558b3725d1bde04c7561597c9791,0,0,0.09760287142130566
logistic_regression,46b0901a1254c9197ff252e144f0ecdf8129bc9e17,0,0,0.17998792721700474
logistic_regression,3b22aa271ab9e064e05853b7f64e321cbe562f3b42,0,0,0.17175632751665665
logistic_regression,8e21f98262b5bd40de72a2622af211d523239a079c,0,0,0.013553336115648778
logistic_regression,9e131719a21684ad3e9761f86987cb5fe1d8993fed,0,0,0.007508738766278098
logistic_regression,75303c41166ed4e100648dc81aca8b66f1ecd1e0b9,0,0,0.14538073986596928
logistic_regression,10eb5473f49a3ae87153340c52b25b0486128aa05f,0,0,0.20783127652052566
logistic_regression,9037577fc801b4af374163abd48b2b026930fde32b,0,0,0.05374277178453624
logistic_regression,2cccb46389bf8b57a37bca7303f1a6ef8f734a1077,0,0,0.22557127908900687
logistic_regression,fcc203c385b953060da037825d833998cc7b79061f,0,0,0.052590982481046766
logistic_regression,bc7dc6ccdff3ebbbf8e8caa6ecef6d5ef7e148057c,0,0,0.20543610147462366
logistic_regression,6895532056b3a1ff28b94d009c78591ee20a77fedd,0,0,0.2052984793775477
logistic_regression,e65d1956f2e1cf3bfc286776afc4a513caad747a3c,0,0,0.24083249326458275
logistic_regression,a6e3cf81ab56b69318ba958f96484fcbc4fc79d46c,0,0,0.18574083241445383
logistic_regression,b4058c1a428101bb8fa7ff1f85410e7dc9ac9cf794,0,0,0.07428741709972841
logistic_regression,33bc75256f45cd7993618e3f19914827d739453b5a,0,0,0.00672481236569465
logistic_regression,efee98f78a14a5a8c30fcfd19cdd154dd31be7521b,0,0,0.23020714175557705
logistic_regression,b139f7bcfd2b9d072216290f31186b7cd22531f935,0,0,0.007409808302284561
logistic_regression,8d6bcb6e5c4e82e2cc888625b88758c602e0ce5f85,0,0,0.003158817772978021
logistic_regression,47ece938d03ebf5f93b1145c6b6e8182cd3a73b9c8,0,0,0.1383553685711886
logistic_regression,d618602aecff934cf2e90983ae8b97cd2501a7e861,0,0,0.10697883240966813
logistic_regression,77c7ae54cbbc60be481b1c24be814c033916856ce4,0,0,0.008546215797072827
logistic_regression,1606c448cda89ec8c02b7a9b3d4bfdc6f7644d0da1,0,0,0.15812675694443723
logistic_regression,d8eef2bd8dbb2afabeb92e00810a493008ad68f2ae,0,0,0.20556755312057698
logistic_regression,117bc35f55064fc78ee082f354c0e7d5fa1108bcce,0,0,0.21136291596510198
logistic_regression,33ff3b499570c6b8ba3e1d9d30dc8ff35fae498352,0,0,0.000544354114766472
logistic_regression,b492677fb23ecbd0e3f1d53e043d42c445350e42b3,0,0,0.03620093446462576
logistic_regression,2373f6f3bc12f377007c799e01120310f7a0a19004,0,0,0.041564974056195435
logistic_regression,1ffd9673ab26e431549873a512b12f6a9721a05e84,0,0,0.05653772607136902
logistic_regression,284c41f74b0a6bcbd5ce4ee323d2af7ecc3ae169a6,0,0,0.02594519480756859
logistic_regression,ebc38d9ac0db48adf516f7c0338cd7166286b3f36a,0,0,0.23813865125430955
logistic_regression,171dadaa4ecdcfa471557665f2994b76eb492f432a,0,0,0.026513020481411385
logistic_regression,20652c1e9e8eb99db3be9db45bbd4a9c2ff5c7c153,0,0,0.1007160032090562
logistic_regression,b22b6bfd15f9a3ef588216a896bd8a425c8473a90b,0,0,0.07513271647732979
logistic_regression,d86e65c957cb87a48a0b108f46f070e12fca8a0333,0,0,0.006532923275946753
logistic_regression,dc413cb6f87c2b47c5678664c1a0f44f89cb5d819e,0,0,0.19716039833063426
logistic_regression,cb27f73a779efd9d014af7934db8c4b71e0e5d67ba,0,0,0.30608274764779553
logistic_regression,0041b60d9d520a79641d05af0cb1218e0333800538,0,0,0.0970885178844909
logistic_regression,f51cdd5a467ed76e5a5a4ce2341f8d3fc1782334a1,0,0,0.3217282489188978
logistic_regression,8311901780461034ded4db7e676b85169cfa8f34fe,0,0,0.012606192903150239
logistic_regression,e1af8b32cfbca7c4e3f592350a9f10bb3c04fe0fd8,0,0,0.002822074387453831
logistic_regression,cc6aa40f98b6a433a90813e9416a3d91f0bdb603e0,0,0,0.007381240114797607
logistic_regression,3bf2384d1709ba5c5ac812d3ba0eb0ad380cb9f614,0,0,0.17427319006386882
logistic_regression,39b4e772e2242b7b5addb008cbf5771b55c8e1b0a0,0,0,0.08039256166734435
logistic_regression,95f7db70c503e0f3922f45d640095fe3ce198da622,0,0,0.010056412037258556
logistic_regression,a7819d855de9404d8f519254f13902527fb97cd850,0,0,0.11341920063023485
logistic_regression,52e391e92536629780db60dc86f2afac93a8b994cf,0,0,0.05082321516015515
logistic_regression,78377554f2f4e8c8753592526de4317fb90f7a8003,0,0,0.06489748957551261
logistic_regression,6b92fdb7665751f2df5bf1e55fcf68d4c1ce83a70b,0,0,0.03761571005201157
logistic_regression,6d4e1880c59aeed2b62c571cf1d040694cedc37dff,0,0,0.2626786281615803
logistic_regression,2255a394ccdd4fdd5eab0cad82b8f78024ad9abd08,0,0,0.12156774256769032
logistic_regression,c7d85c4b3dd121b9313244acfb9931565f67752388,0,0,0.2511220785743715
logistic_regression,d02e19088fe9ef26a299450a1034c20063051ed2d0,0,0,0.0027024937569182224
logistic_regression,b1de114f51d9fd964e14ef0be268a4382ce1363acb,0,0,0.05298988550412098
logistic_regression,4b3dff3a5807c6ad9b3f5d89ad5ef69862beb3589d,0,0,0.012322737519518984
logistic_regression,164ea4fa2c475587fb59e8760f3d738d0a2bb788e9,0,0,0.0888574326999773
logistic_regression,0affef97d995bc2b8b450c8cf25134f594c337d4d3,0,0,0.26730634262786945
logistic_regression,db008f9c1616d7d9f98532a9de9d3fa96578b53bfa,0,0,0.11842310228248107
logistic_regression,8acf63de348fe77fdbb92e861ed401c82f8fabfdb4,0,0,0.38694619281693715
logistic_regression,dc0aa10bc96cce31f612cf6b3abc118f082392c0a8,0,0,0.25328007963293403
logistic_regression,fcc48a34e187280fd27d2ec0593dd1aec86dd070a9,0,0,0.12954831837420142
logistic_regression,66093c6816a640c722877eadcb2d3efa71993923f8,0,0,0.0029094839571557622
logistic_regression,5e61752c27f7e0eff2562da9a6cc9eeeb5c4a434a8,0,0,0.36276272354720945
logistic_regression,5cff5278ef74ad848b348b0c32c0f5e5b98ad30896,0,0,0.37635510522006144
logistic_regression,258057ac0ad303b2c0e6f0c06fe690ebb1dd643f1b,0,0,0.12542346877087013
logistic_regression,e4e828f89d54961b485bd1b7eadd2affe12453f790,0,0,0.2685149990416117
logistic_regression,09c455ff1d59acd1cb0dc8c83194195e49afb2d521,0,0,0.04773063468688607
logistic_regression,2437bac2941570d92ce3791a837e4afa9569345462,0,0,0.26019452746891497
logistic_regression,b01e2766be502f306dc94f10bfcecde031b33d6b37,1,1,0.9888669435649265
logistic_regression,c415e6537a7fd13714b19668cb142491d4d4cae523,0,0,0.009083992726504867
logistic_regression,7fcdaa6a4c1901fa4fc9476cd962f69bd2cc05e6cf,0,0,0.00795353480989632
logistic_regression,73591eb1b56261407e5ad200a958aac1bb8931a22f,0,0,0.008901984398574087
logistic_regression,0b9acc9cadbab1e5030cb9ddc3359b6ba74a180c72,0,0,0.1222540083127885
logistic_regression,ea2f24e45d1ba5be496a6d8141123a4956c54e82c2,0,0,0.11479744388995737
logistic_regression,a61322df77a9fab67202b710c2a0d3c279d681ca13,0,0,0.2539680794923909
logistic_regression,a4e7bedc823598d8d1a050e8a440e88ca2d8708c2a,0,0,0.15820241759107004
logistic_regression,2c03d787ea809c0dc7a5722c1e84d93eae2dcb2a71,0,0,0.0026246563955841743
logistic_regression,53191df80f1ebae71530a22aceef6e140b73cde18e,0,0,0.11654145968860202
logistic_regression,95531fd17efeea704875e16a80520d21d014f686a1,0,0,0.24350625518023475
logistic_regression,0768632d6df80911973f1b1b24573f939884bfdcb9,0,0,0.15734961405229378
logistic_regression,6eef7f6f30707b275085bfd5a81ea6515a582f0eb3,0,0,0.13637112575730187
logistic_regression,2c993fe552abbaad33e4dc62a3cd88b95e86d270bd,0,0,0.10893158507717314
logistic_regression,a8774721ff6921692329c1a6d4ac8fd6b7e045e2bc,0,0,0.22050486930550572
logistic_regression,d9f47e26ea885f6236114744b3cb808733b583da74,0,0,0.20194598853708218
logistic_regression,9c0efc6b455fa075610fe10e36687b4d2a9a8db0a1,0,0,0.14113308500526991
logistic_regression,a6a58a444f87a5294999dc38973ae27ad80b6f24b6,0,0,0.20382343052925542
logistic_regression,e982d7e0777e2f3e772bdd99b27ba22240e67c786d,0,0,0.16901559008922626
logistic_regression,6704de77621c6399aa7bb19eba537cb3b6128cd569,0,0,0.2539656598794477
logistic_regression,831bacfdda7bba254965a35770b3372e5ab7b5f4aa,0,0,0.3668570815298846
logistic_regression,c52d7f4f8884f53d62173c931f2ba06f9397605b62,0,0,0.23321796104114126
logistic_regression,effa2ef0b648c2cedf1b4d4afa46f8e5599733630f,0,0,0.007391304896061294
logistic_regression,436a7c1e0e71bd6caacd2a2e65b3732fc25d17437f,0,0,0.2965643370561501
logistic_regression,3142671429864207b43544b0f2edd0d7a6fcfa578f,0,0,0.1266121089233435
logistic_regression,bc790828e0cba46ec25043163aef92318fd1c5f3b9,0,0,0.12664137647039198
logistic_regression,89449e981d2a062981751af81952750332aa0e3aed,0,0,0.08166321222841509
logistic_regression,e0eb4623ae52ce8976e96e26dd80b09714fedd75a7,0,0,0.05150779825228772
logistic_regression,7a2a491fe16700c2e8a40c0549091db04621f12946,0,0,0.009421705257963616
logistic_regression,3aad9f8fab7b0821f782edf269b6b35af22c686f72,0,0,0.36707145398489144
logistic_regression,983122b923ca0a8b02f32c0d2b698e02430c08b9a8,0,0,0.2631641098845246
logistic_regression,023e5d7ced8c78887b9a46975a17d27c5e7cea2efc,0,0,0.36841417108721525
logistic_regression,c78af67e60f8d53c45c6bceb0609ea6dffb60399b2,0,0,0.002668455210632603
logistic_regression,39f15c68f765c2828b22789900334f7fca7b27a000,0,0,0.08172442519782128
logistic_regression,e4c33875b45a113abb8d6976d0683aaf60b159f862,0,0,0.25192830947952477
logistic_regression,87587829312c0dbd7e3486975359fc5bc55ff6b54c,0,0,0.2555839653194437
logistic_regression,c045fef0a519110eabc87d5eb02a790a0a78101c4b,0,0,0.09950286754903137
logistic_regression,6c61fd07524276093edbdbcfa5fc04b0167bdaf36b,0,0,0.003428459276484222
logistic_regression,872e25bd9ed1f33ed8067661f971a9503d6096fb31,0,0,0.2538070663907604
logistic_regression,ccf98bdd4428e2efca7d7ae47b348d927a5729dd29,0,0,0.37384974134609567
logistic_regression,31a625325831c9ed549cb6079bde2f7a51925a5940,0,0,0.0010158913091662027
logistic_regression,534ad3a3f63b7c110a8ca15497500ffc51a526d6a9,0,0,0.1240646166815377
logistic_regression,252b239fe8eed542092c94bcbf37963505b444ba38,0,0,0.335433462634393
logistic_regression,a21817c17a08ee451ea18ea4fed49ec2b96db5035d,0,0,0.13286488857745832
logistic_regression,66885faa11a708fdb6291710e3b2efc0afd7e83703,1,1,0.9741217083476594
logistic_regression,f193ca53731475727f5e1a66e909988d68e72fd5b0,0,0,0.16654400310193151
logistic_regression,4793b4b51d32a0f35d12faa413d6c1fc6c869e62eb,0,0,0.06974354668313883
logistic_regression,d7d1b2eee298bd73b05481231779215b19fada901a,0,0,0.16584410442694814
logistic_regression,a20356d83dcffb4622e4717193171a0ee1622456d0,0,0,0.16354334638343004
logistic_regression,3f824d5c6c774f01bf9306ff5ddeb6106508d23866,0,0,0.022264968531085096
logistic_regression,b2b6eee7b9014c0da7fa9d7374de69dfd9f5a984f6,0,0,0.11952584023361512
logistic_regression,80338ad57c7fd08b1eeaedd85cdeec7552b622fc11,0,0,0.005969262465665923
logistic_regression,b2ecfb3c0eeeee86c5af7bc7326622f5f846d9c874,0,0,0.22861250717939918
logistic_regression,41cc4240c16e186e9fdb8fa8ec56966dae47b46157,0,0,0.2895792886204545
logistic_regression,6b624dc74fad0d521ddba1eec586c41c9d8bc8e818,0,0,0.16223013543375833
logistic_regression,8833b31dc65c33d14d34f381d7af445f8871b6f870,0,0,0.17903578600402667
logistic_regression,b5c3447164ed6117bce3676af223f8526826feaa02,0,0,0.24708719769890972
logistic_regression,40f73a9e410438a6e23e502002e81cef79c209d39e,0,0,0.0732259759889509
logistic_regression,c091da9b40affe9cd6a5b77a0c28bffddaa103785a,0,0,0.04043414481329027
logistic_regression,56741611e9f5f04cf5a5d0d566709be386226447c3,0,0,0.06501165051490326
logistic_regression,8f4bffec5d77eab93d5ce64d3afe75e0b233539ecd,1,1,0.9949023945088407
logistic_regression,17c94938c6bc909c799a12c03794773d8be5e87698,0,0,0.17076982547033331
logistic_regression,d423cad86c46ac84ddb3c789c0bae6b8e4997311c0,0,0,0.018934642019595355
logistic_regression,7fb861bb6c87c4e57600d0172f0e249b784dbd8ebb,0,0,0.08107275868046654
logistic_regression,cbda0a93941990b08867c1793b76b2d40e9e837cca,0,0,0.18035982010483004
logistic_regression,0cd8ee0dc8f028a52590532773e47e63cedfd5ed11,0,0,0.1952619428596618
logistic_regression,1e2d3421236cff570a5a636da8e1763d475b5ae16d,0,0,0.050882166130977735
logistic_regression,a9c08e21ad91630ca24d40a87aaf8b7a18a2345aee,0,0,0.0044206408879012655
logistic_regression,7488e314bd3bdafa8d9e19eb9a133f8ebadf32c5d2,0,0,0.039984848027989586
logistic_regression,4675196e856d5a90da3a464b72d70e45f79327e879,0,0,0.05034586711349389
logistic_regression,35d497983f9b32973ad470a8066e57da8e7e30f307,0,0,0.04967048006304748
logistic_regression,a908234bc109ecb22158574a1fbbb4e578048a82c4,0,0,0.170187895674855
logistic_regression,e1ddb5a06ef04de020b9041decc58f104dfe02fba5,0,0,0.03687203959114042
logistic_regression,c4ed76258fd806b6c7cbec5d89a5b90bca0ecd6ce3,0,0,0.24370764128401898
logistic_regression,39c788233ab788806386818408f3c54faa6b282827,0,0,0.19753308050442547
logistic_regression,67f0f73c8cffcb966d7da087ee0cdaad43aa2d48fc,0,0,0.001244624048792298
logistic_regression,bd478a047206cc1366c474ba3343a94bc28ccba5ae,0,0,0.0486007877485391
logistic_regression,f1e39c9e633a554271829a8aaa766171cc4f2aa2d4,0,0,0.006879492584336618
logistic_regression,2e486d841628b9cd87765c8b87eecf0af85644e5b3,1,1,0.9480460673022291
logistic_regression,e4d46ea371fa730580386c7acd6ba1eec49d62ebd3,0,0,0.2842255268924472
logistic_regression,0070a83f7f9c7ffa32d966b3e41021c02fc03d1b74,0,0,0.25907181295395654
logistic_regression,ce34fe5a1066b38bd8907131be4784590733121eec,0,0,0.08709611966738509
logistic_regression,1ad45bce6fc83a4d63bf39ddae0fc347c8a19fbaca,0,0,0.007446505132940511
logistic_regression,367c3ac25038874c981328dd8ebcf1aeeb817b0ad6,0,0,0.07241975783382519
logistic_regression,4424b83dca9d4ba4f46462e019cde3f6bf8281d51c,0,0,0.08444303979959619
logistic_regression,958a08835d599ff5335b71675220d831951c8b8144,0,0,0.08308153238409478
logistic_regression,9410a081e87a9c562ccf314b4ce51c0fb72b3f450c,0,0,0.18486865717779272
logistic_regression,203e8ed35ea2a8b606c423889643f44b1b261dfcb5,0,0,0.3035526334069219
logistic_regression,9ae00f967fc602961cfb770622f0fb11ca55aea15d,0,0,0.05672447923607913
logistic_regression,f9c1b9903f17e9a9d5736e8cd13f2de02721e2c944,0,0,0.0250131269803544
logistic_regression,18c3e9fd7e12eb1a0c16d6db1f1a2a1e17c911b2b1,0,0,0.19718744251884146
logistic_regression,119c88690561fae35c12de4851a2276416ada27e09,0,0,0.19804017806116597
logistic_regression,51ccae3632dc4ba8960a252a2ac4a6d873133aaef8,0,0,0.011347749736455845
logistic_regression,0b123902d7d26094f51445bc5b87de77727d30b231,0,0,0.19252503942759147
logistic_regression,1628665f6c08719c18074c872d8281b45befbd45e9,0,0,0.0006567523647573649
logistic_regression,c7eb36698d0edce4e53a69d3b7b688eaab8b67124b,0,0,0.009818897690205643
logistic_regression,990cd5a72c82433a869edd03b22542177df40c48be,0,0,0.19351822505573615
logistic_regression,f791c46bc5c02c71925cf7f0a05d1167606b6491a5,0,0,0.22695525872574876
logistic_regression,cb338014d78b8ea7806cc3a89cf663ff151505a08c,0,0,0.0909172977679677
logistic_regression,b31ef047b348d873685ecd8e8e347f4bb430f42fa8,0,0,0.3246573866991069
logistic_regression,c55ee72e67fcb308e70ee92fcbe21b2ea0a4615626,0,0,0.1059336360448858
logistic_regression,b7d8c85ba0797c2783aaab6636d1245edbed53462d,0,0,0.005598055454487053
logistic_regression,5f8568b5aa7d4eac413f9ef9dfdc95a56a483c2b9e,1,1,0.9996103033733655
logistic_regression,3a00e1190511beac239d18c04838b325086aa2df5c,0,0,0.1355512532617863
logistic_regression,a859e43c35fc8da8fa6e99772c927bdf27d21253bc,0,0,0.2588155638665526
logistic_regression,18633b1b9b8738c1911fd60e234fc02b1a10faf842,0,0,0.15111350495764903
logistic_regression,804320c21018abbf63eb73c87c0878064980afb946,0,0,0.02720693631746289
logistic_regression,e96742fe149ce69d00d6fe52852a068d247a959d94,0,0,0.008253768448578547
logistic_regression,40b52f62bbe89f9fa213ebc046d33462d7c1b73a04,0,0,0.1907422909226907
logistic_regression,8ba7907580f8e1b41225a433d20681c06a23c95edb,0,0,0.2745776712230317
logistic_regression,c57448c8727a074da4ffc849bbc4997cb54ca25a1b,0,0,0.06906515234003442
logistic_regression,ca022a2fac338ae1ed2af2ec8ce51b6f9026589ff9,0,0,0.2694499420168012
logistic_regression,86bd47bb65a9a657780bea9b4b53d56280900232ab,0,0,0.13415288217132565
logistic_regression,06a11eb1a10349fd90637f2c9f68663ac62a81d713,0,0,0.17766105054519574
logistic_regression,cbf9b05c76235f7267f3c17c4007da1ec8921bc920,0,0,0.07920775182776703
logistic_regression,2f03b51db7a5a527bcb24a622a9cdb7aa0b587cc0c,0,0,0.1140356690111844
logistic_regression,5e62143d57d89a4f090b369d5df7d0f4e304541322,0,0,0.06570704402924431
logistic_regression,fc4b2f52fb49179d62918d34f179de37074cf08a23,0,0,0.05750562471720101
logistic_regression,ccd9fba5f864be2b3b04282b62c5aa4631cc3c0d86,0,0,0.20248597933503118
logistic_regression,d05d10d5877350c792e3ac30806f7cf72a389bb31b,0,0,0.13423363253150192
logistic_regression,0101937f43a9316568fec2f837be342104e93dd79a,0,0,0.21219779455090643
logistic_regression,12deb04b1c89727d3b29e93d3809914928843fd4f1,0,0,0.05773062820020319
logistic_regression,92d005fd6a9155df887eecd0db325c7916779146dc,0,0,0.1144070877361438
logistic_regression,8f6904631618d26c2bf27217fe7d425c6a7431ff4f,0,0,0.18288751371306855
logistic_regression,dbe0f8b1641146b04e6f374b5335b8c21bce20c27e,0,0,0.11431529857804426
logistic_regression,5d6c1450b80edb95766f111a6511be1e5e3bfbc51e,0,0,0.1350351825021795
logistic_regression,b05633670f5701d168cd02a26b94fe76cf23f78b06,0,0,0.18582463993664108
logistic_regression,cacc8731e8ca9aba9bbfa168b343fe74f5bc9e800a,0,0,0.31737148957999745
logistic_regression,7fcf1b482970b5b66161d31d424b71cfc18079399f,0,0,0.03455418603814209
logistic_regression,51b77b9e861e0c579488be798f02e633c3ee9ed6c3,0,0,0.0546312091514379
logistic_regression,b09ee216d93cbc714a0db4db6d8d76d68c0ebd77f2,0,0,0.012378123060183814
logistic_regression,3bbee6d2b0b32b8a88e4fda44352fa33f142eed43a,0,0,0.052932934473359
logistic_regression,68954d2f10ba0475964cd110db5f7dfb95126f73c0,0,0,0.009958270227316546
logistic_regression,1d804380f47601e6bf07d3888446dfec4432b8bde7,0,0,0.08573968777084871
logistic_regression,0aa4b68e78d68f1dbf5cdeedd51a297b50ed7bcdbe,0,0,0.23476241974558834
logistic_regression,5d7c9822263b44b962ca4718a06ef4a7a1d5828460,0,0,0.004579369255347351
logistic_regression,24a143cd524d1cf8093ea34cd8b98c34180c8cbc19,0,0,0.023150947924325007
logistic_regression,727585a818f29becbfedb84abb89323c5afa35ae40,0,0,0.0956087344439301
logistic_regression,14acf88fc1fcbe9fdbf3843125b2f3cb75bc688ab8,0,0,0.20297251873982833
logistic_regression,44d9619f18d08ebeca2edb68a358cb1a2658ad47b2,0,0,0.07052235119332322
logistic_regression,b956c0f5c1fc9a9a55354c9728b1f8f2350727edb1,1,1,0.9983427523528737
logistic_regression,f95e66e2f3fed361bd075164939fab36c7bc253c34,1,1,0.8879705243992119
logistic_regression,abb669e101f4dd91e8c61ef134ac14e3f8f7088e45,1,1,0.9687890012465082
logistic_regression,5c91c1e4b493f3b0f324ff186a8435c9c40f085ff1,1,1,0.9311484696114227
logistic_regression,452e8d6a08d27b63dcb7fa7002a090fd14bbf1ff4f,0,0,0.0282462218992249
logistic_regression,84d679458c07da46daae415ce741a2528892d9ac96,0,0,0.16494198326254994
logistic_regression,5441fcdeccae0704a836185b1eb1dd840e5187de9d,0,0,0.0011173321143398032
logistic_regression,61b4c206d0b675bc9d11d5afe5eade79bd54cf8bd8,0,0,0.0490023400029399
logistic_regression,6ed4528b05b69664b2cf868de30d4b41b3342a16c8,0,0,0.04654308439017432
logistic_regression,abb32f76f56d2a18fdd4b7f9d82c43d064b4b4d6b9,0,0,0.0010571982694820398
logistic_regression,e2d2928de62fbeeadbed682344c92309f54a99c986,0,0,0.0003306144053667744
logistic_regression,aa1a26c6d89b85a3a61a2a16e763cb56285466548d,0,0,0.17352322931452663
logistic_regression,02c6266444d32de8dda90ef97e882cb0574aa5996f,0,0,0.049974903846338875
logistic_regression,de6a494c603da25c27f055ee6c656fae3eb2301233,0,0,0.025776050251972684
logistic_regression,80630e37231bf6dec3c9525ad8fad54793f8fa6e75,0,0,0.12150673874506591
logistic_regression,979fcb7087c15d68c05cc05b4d4fedada59ea6465d,0,0,0.11151097144496509
logistic_regression,b4de0d8f1aa73ddf31d4450446f954724c8eba99b1,0,0,0.013053131280067716
logistic_regression,08ca4b40cc21ef8f91f507189f701305fcf758f30b,0,0,0.1196561570458574
logistic_regression,e0fe644a1f567d1c20b24e5bb13ed96afdb33d5e33,0,0,0.10866481282425461
logistic_regression,f396c3249a41d3094d9f316ac4f6a5ef08698b9b8d,0,0,0.0012657567809455461
logistic_regression,9d63e5c5c9aa5c4d2a7ad5e38430caaf905c35854f,0,0,0.2133884253887923
logistic_regression,e6dc176be7693bf9d26d8cb16241546959da151378,1,1,0.974061780783368
logistic_regression,d6291e89f6f4c5ec38af0b28b9276a4c355422a2f5,1,1,0.9721793967667248
logistic_regression,aa2f59b62433c99cbabfa5f106b46fe6b6d3e438c6,1,1,0.854681667865198
logistic_regression,0fd2b62bf5f8d1505d7bdf288ab779204748da9162,1,1,0.9995585416009327
logistic_regression,6f60d1587cd3f25225a1fd2b9079b0563ee3c805f2,1,1,0.9732173040809665
logistic_regression,41ddba51aa7f79e5db2823d55b221e9f7df5e36d6b,0,0,0.16894626450558337
logistic_regression,02d1d7386832dc8d85f4e50cfc94dfa2bc900e011f,0,0,0.01299168143945056
logistic_regression,c5dd8508a177a90d2da4d9adcee9eaba0b1bf466d4,0,0,0.14315957640359717
logistic_regression,d048b617cb832026f3a15b3dd62721ceab83a9b723,0,0,0.04477287440445036
logistic_regression,9428c40e5facb78d73228a31ac375dcda1e5776a11,0,0,0.03397476804707566
logistic_regression,ce4a4e6360b9fbc18acbd98e387ea9cccf4b2171b7,0,0,0.018836925126475078
logistic_regression,5947c0ab7505d75be1cf93a90b921d2518bd2b8a94,0,0,0.239071405517539
logistic_regression,1e9a044ca72dc422213d6d8f5d298d000a80383fc3,0,0,0.03334122374448279
logistic_regression,4619c604bc204b6e8d4fd3f11939f92689e19bc9fb,0,0,0.03809851272609861
logistic_regression,29c868dd29cf604b3e2dca66f94c49143fc49d9b73,0,0,0.25061508006634714
logistic_regression,cdc633a93aed45bdc61bd79a9ece161910a267cc2c,0,0,0.13074326199156414
logistic_regression,5a0a42a24ad07050269e52b1096e0f8bb84cca9a4f,0,0,0.2067479162481235
logistic_regression,bd4227a990b11b0b43b5946daad087fdc0b7ee679a,0,0,0.12116779391502935
logistic_regression,976236b7a559fc32f473a5f2ccf81f676adaff2fb2,0,0,0.04457438061569948
logistic_regression,4b832c5c92274d4684cb7592c297506bc677e350ec,0,0,0.00038591357198834936
logistic_regression,c58ea6cd2b9942effbb4a0fe87d85dd5db2f1d2dca,0,0,0.02838667309402638
logistic_regression,eb822aed4e252e76dd692958193853e9a870bd7ab7,0,0,0.257465249357019
logistic_regression,5ec8542c31b2bc662fd8c63b43076332686ac9144e,0,0,0.010940994115331164
logistic_regression,3114a5d7d04bae5ce41ab888de0587b0c16f323005,0,0,0.1467679405270752
logistic_regression,a48b7698f5f643dcd625f64bbcf63e75b432a39aa8,0,0,0.006269388981985995
logistic_regression,858548cc3fb8d3013d81d9f0c6e1de67fc35a73bea,0,0,0.04338044331171972
logistic_regression,e291af4eaea0624f1f4a88f2115f880bcb71a1ca1e,0,0,0.037351998835148205
logistic_regression,58d9652828e20eae19b91381d0c979ac31300c4d51,0,0,0.003861363299832457
logistic_regression,19e60a394a2c92dedff9ea45afe352e513fce8591f,0,0,0.0035646335097512657
logistic_regression,2737b914c7ec04e09bee7419a6a5ea7a81b17596ed,0,0,0.14767167623687336
logistic_regression,96102d7763b3d642fdbbc5710bf882ce79e830532b,0,0,0.1397976188627761
logistic_regression,480af3d96e5a005949eca16101946b659256d3acf0,0,0,0.26122473075207414
logistic_regression,c24b34c77892f4571900043cae10d84792d9aa1cb5,0,0,0.14378364873952845
logistic_regression,85ad35c6e2228d0bc0be0af2da53841ab7e3357a19,0,0,0.1957682186289522
logistic_regression,a93cd62955a7f44696e26898ea2cd51c7b2880d0af,0,0,0.00515085427803146
logistic_regression,bf284d1f99f1c22ea1815e1ac1a47a0930071f5a71,0,0,0.23726337273366552
logistic_regression,66dec68a9f6d57bb9af878469dcbe2c28b0164eb6e,0,0,0.14983432536162833
logistic_regression,88e11fc69f4ff7d85ed1e1c236acc61a1b6e8aad77,0,0,0.0005358177113524367
logistic_regression,25aa29c9d3bc867fb62e15b480f04ffc6854065c09,0,0,0.2433500895650123
logistic_regression,ffa275e8693a084cd205ba810519abdfd7098e9cf1,0,0,0.004528538338849942
logistic_regression,82a447685cba1fd3151fc0118f5b76dd52206d6669,0,0,0.0012874118641388666
logistic_regression,c039b2a17358b8abe8a6e11f25932c0289f2aee73c,0,0,0.006880157969615814
logistic_regression,2c8674e23fe300c63c3d37d925bf06d8872cb8e007,0,0,0.07910122423851064
logistic_regression,0e83a3639a183cc9873f6246a1be305bf12344837c,0,0,0.28045806578426513
logistic_regression,251b247e819742186f0eba210d431040476d7cd875,0,0,0.00032660410496243835
logistic_regression,d9189943568064cddca3611efbc627170556499b76,0,0,0.1343876363795608
logistic_regression,ee4038e3d5a950861d5020dbf6d9156068e53b5788,1,1,0.6561192531907233
logistic_regression,f33ed2d45ba6709daf42a7d1c0de39392af260ffb6,0,0,0.1956457822520267
logistic_regression,95b1411e0db54e923d55906b2422d5ce5a7f1ca6bb,0,0,0.0010995666118802801
logistic_regression,4cc85a14bf95eee942d4da8963b4dfe7444d14af50,0,0,0.12735852359441074
logistic_regression,bc6755d63803d8e9787b319be54abc900ca76169ef,0,0,0.1501642390200259
logistic_regression,901ac5e91bde99c24f23dabca9fb40f0bf81e8d073,0,0,0.16374294846497062
logistic_regression,d1871eea81bc8e7dd4aecd552c5e00cba3c44eaf01,0,0,0.0006570110205418941
logistic_regression,212f05b32b531671c7dba70dcbb485607728b3fc45,0,0,0.049355174925896084
logistic_regression,9dca6a97d8fdfc6a29c2391d02237324007b1606a4,0,0,0.20237817038778233
logistic_regression,b1f38a582f9599c17e5773f3443e9ce5db07187ac6,0,0,0.12120016065391513
logistic_regression,65e1fe2a3b0c406ccf0aad04831edc881f7a88e2cb,0,0,0.03147902849821723
logistic_regression,7030526b714d6dffe5b045707d3a39948d54dd4661,0,0,0.004925636899390666
logistic_regression,a48209fcbc03432e0f3fc2ea01ea27862be09e2460,0,0,0.03142027754985161
logistic_regression,2f585034a22d4be373ee667212a1505ea931c7176a,0,0,0.11763676929958619
logistic_regression,74fa9c0b589f9125e44fbdcab73c45926d67712daa,0,0,0.01743558236444429
logistic_regression,24a2fa7f867523f3e0f9da0850e3e67dcff3505759,0,0,0.14310405687135894
logistic_regression,44b7c91cf6431d071151eb0c7785d1da40bff82650,0,0,0.21701796920291425
logistic_regression,4d2b19cb6b8d7ce1141c9f5a2cbc3ade8d03b56ca7,0,0,0.005774298490809915
logistic_regression,109e0e06b3a8e0ba68f4378173e031f2b032367d19,0,0,0.009218795166956385
logistic_regression,f1c167f5613552366f6afc31649c9b9bb448da6861,0,0,0.012805760082156739
logistic_regression,bcbe344fe0aacaf438a114714c17d3d451162a686e,0,0,0.14163491129104266
logistic_regression,6bba249f1766828ccd5f4660568833ba3ecc3e49de,1,0,0.20991998191321268
logistic_regression,3578dfecdce8566ac73a5e14524053317f76f519db,0,0,0.020711618742742056
logistic_regression,a429b7846d76b71e2dfae04909f0ec0c59a6bb91ff,0,0,0.14477634722736749
logistic_regression,e6fa96a074a7b90d3908a2c0eecbd6991e67bccab0,0,0,0.23929326898678935
logistic_regression,429854c0a69680422033b9a3a99ce20791b152e9e6,0,0,0.20652528944446974
logistic_regression,0b0603edcdd172a9ff527cc6aa02961529ec8c7d0a,0,0,0.009990523214649036
logistic_regression,d876efefb80c8680204d42be73e38f9efff90307b1,0,0,0.018098040109902902
logistic_regression,62349e36d0baa4cd0c0d983b6724babede19e572d5,0,0,0.11899612708629946
logistic_regression,c1a23ecd3c0d127bcb545570445bb3e94f453e59ed,0,0,0.1317805032264385
logistic_regression,36d8b979a7a643f1ac2692e4eb46647a4f98248f13,0,0,0.04715429728754407
logistic_regression,99138217c6b3ef554574f32a87ffa0830dc635400f,0,0,0.05601127528205622
logistic_regression,f55caa6029fc67f2ee94334e1b364cbb991472971d,0,0,0.028377125121454135
logistic_regression,789d411f88995e203f564428921018f2b968f08b16,0,0,0.028574984863872114
logistic_regression,9b18e1306a41f104c918cb12a9f5437211cae78236,0,0,0.09507367818985822
logistic_regression,34c8e4dc602b466059527a0b322bd369eb87a9c9de,0,0,0.005966571059665614
logistic_regression,0123bc1506178747baa5625cfe18706f2e301e29f3,0,0,0.014937142449513226
logistic_regression,965d4eefcfdf23b1999411c93d6d2bb9229251851a,0,0,0.12043321834395528
logistic_regression,c154b438470661c172d09f155427cb0fc81f797458,0,0,0.09452126474736072
logistic_regression,d6212721113f603d433163a29d626145c0a6bee900,0,0,0.1911414447257254
logistic_regression,06889fd1b04a2b13a5943706af5d7e1fdcfdf8b4c0,0,0,0.19406545166757377
logistic_regression,7d5e6a2ecb22559e43e7ac1b2683106a315d8825cf,0,0,0.04047407449235175
logistic_regression,42fc6dec284f51ee0065b98853c11c5c39c4b1f429,0,0,0.22971153520642465
logistic_regression,2f7d855306002c16e242f61d8a4cd5942aee2a1c4a,0,0,0.015114715515585101
logistic_regression,8c334928263c59a61231f9858cc2f648a18b07ea6d,0,0,0.001310435478200086
logistic_regression,29766ceaa5090bad12bf72fae5aeab011ece5c1d7f,0,0,0.038231787353705395
logistic_regression,c751b962d66f049ef36e15efb54280ce2506a009d9,0,0,0.12644152485999977
logistic_regression,47ee4bc35b7a11fd605d393f18b6850fad5dee8b93,0,0,0.020739369960969055
logistic_regression,fcf775fc304652ab6d4329f3b9908f3dd74f2354c2,0,0,0.11780363769488594
logistic_regression,229d5784ad4b68e02efe573fd46ebcd5dd26e01f22,0,0,0.00979651486346556
logistic_regression,96905b8ebae647eb1154c773ad3ce205173f8db679,0,0,0.22915156259225403
logistic_regression,33f2507e8d104d475e945c4f7d30b69de6b59752f6,0,0,0.0036280578038569793
logistic_regression,b31d0916188391835b41918bf7ec3f6b992495d624,0,0,0.02908052925767471
logistic_regression,1fed11603890291f6e8adbda03614002309496b678,0,0,0.04447187555629493
logistic_regression,11b09ca3527662c06e8ecc236cac880f82275d99e2,0,0,0.043617052815096445
logistic_regression,05a96c337e31b5d156ca5810e85dbc52ec5b434f16,0,0,0.040793983696230815
logistic_regression,d4440cdad6e2669031012ea69a33ba83db5e648296,0,0,0.01724398327549688
logistic_regression,0b181190a26b331f074b21125f2ff97a58cbb899c2,0,0,0.0008829198423572662
logistic_regression,5dfa61d273731db28bb4feb8c6c2856f29aa7075fb,0,0,0.03101486245278384
logistic_regression,9b1f97acbf6c52e1d3cbddbe22f8eae9caea5064e6,0,0,0.12657768897923666
logistic_regression,6e8591a8b9b79da64c597c3198b439a20f552fde12,0,0,0.04161090086140609
logistic_regression,d975e8cf471f8c7477133b6f81d720bd6c409b064b,0,0,0.2370612567114798
logistic_regression,aa9616fc098a07ab25a4baa3bd87722255f7d17c4a,0,0,0.03160115756359852
logistic_regression,407d49c174e11b8f9a062232075895cbf698da25b6,0,0,0.03508596375418601
logistic_regression,cfb0f83f1feec97c269ffb7ddfc4832f7ba4db21e9,0,0,0.2353746850841336
logistic_regression,dc12c3aa50725557a9ec9fcd15dc230e0bad863f4b,0,0,0.013792204466523638
logistic_regression,ed78c7887ff7cfc70282872b537f37cc8e3b119883,0,0,0.015110881279792173
logistic_regression,7cf7c5f3317f19c4851582a1b45267108b80f8166b,0,0,0.13965028843740074
logistic_regression,eecb07deee329266b97f4b3c3c03209b32d428616f,0,0,0.1317637510387052
logistic_regression,97bb3ac1ca11ef21eeaba81d163a59f43549b21e79,0,0,0.002886662108853766
logistic_regression,504a0a581a5e714cce210f7118a12a1810e8adb3d6,0,0,0.005523103333319619
logistic_regression,2b85007a6e67c7e08d12a8280471183733e153bef9,0,0,0.004105139554872134
logistic_regression,c9717d42f96308cc2fed7d0ea1c657b5c6a95697e2,0,0,0.0019859964726248887
logistic_regression,01c429d9ed209a21d1682c5bc9452c6307c6ba16f9,0,0,0.04229210647381602
logistic_regression,8368ee9e773c2c0dd97c6fda9f097f27ad8e5120c9,0,0,0.2512940003838534
logistic_regression,ea33f4da36738af176b347681ae8d17894418c0466,0,0,0.0033697457904262513
logistic_regression,e0e1425894d3badf9faa3ab90ffae32dc6f9db88a1,0,0,0.07378745659034053
logistic_regression,ce4bf019981a81bf9ec390faa1ff4fc7e4afb96d2b,0,0,0.217567288570143
logistic_regression,a8199edd56dec11e04c0aacccae3e44e80e6c5357a,0,0,0.0032111239948584796
logistic_regression,ed84e95051c751555c112e50eb2311a4cf45beda3b,0,0,0.008164573568248746
logistic_regression,4752b18a257ef4808fa42aea7dbecb5a81769497a1,0,0,0.1867282336261447
logistic_regression,f7c8a859fc607bf08f5cc63cc8413e92e13394b768,0,0,0.12087917540439733
logistic_regression,058df96a607c6257411cff1d140ec2713df2ff1eb1,0,0,0.11793635737514467
logistic_regression,5c7e3a6de239f9447d1b1245daabac2ea86fdf1ffb,0,0,0.0029408122237136935
logistic_regression,3ce98eff5c64a8bd190a1f4f11beee2f24771041c7,0,0,0.004169452250567514
logistic_regression,82fbcdb4c791277bc076192c3386df7d2e6c150a41,0,0,0.012863440963900125
logistic_regression,64f52462757523c1a5a1d5e172ca3397a3c8498843,0,0,0.0023411112222734946
logistic_regression,2d53d963638fd456c05fc1e87ff803058d90881058,0,0,0.0007823350501508191
logistic_regression,35115bc8c41098f6e156faea396b3e7b16c0a00d63,0,0,0.001331275258828941
logistic_regression,fe95eafdb11c493b162bc12d199b8adada4b33aebe,0,0,0.004040849355454816
logistic_regression,325b4a96e7b352ae2715427ca4710c73be7f58c0a5,0,0,0.0041485028879477874
logistic_regression,095d8d59b75b5e8b6f6a76e4b1a6b32a49da92f978,0,0,0.03482993823776348
logistic_regression,c383d0459ed03dc44fe0b576bc8de2370b951e71cf,0,0,0.14244967001012532
logistic_regression,e2029fb2e8b0feaebfc49407fa16048d61054b6f3d,0,0,0.000467810905632704
logistic_regression,5fae63a3fefbf4409b5c4fa85ea973fe512ecdb152,0,0,0.05007139220209733
logistic_regression,278f9d924ef4b6a99c2e769a7e994169fcd65ff7c0,0,0,0.014213123518866605
logistic_regression,9123773c2e2e81b5d765c168670657cca64093b3c4,0,0,0.004935572937878996
logistic_regression,79f9f888c413de3f54373f35a8889cf904e15ec599,0,0,0.2603699665828499
logistic_regression,91536e7dd5b1fa17fc33ed44e5519074cd9792b7ef,0,0,0.1455533780384709
logistic_regression,4943e539e32972bc3d13ae38b30079598965f40ace,0,0,0.011515482878089548
logistic_regression,d490c58f2fc9715e521df11be82acdbc8d066dcb2f,0,0,0.0607250472198222
logistic_regression,5dbc5e80322633b3a833192e70092828922675be79,0,0,0.1897456921396882
logistic_regression,60b7db5bbc7e851dab8d2ac3593fc9187634e05704,0,0,0.1529138518806876
logistic_regression,d7768306b54ccc6344c651ccdd60cbadb43f6dde97,0,0,0.22878656281317336
logistic_regression,656621fa50ad4f62f67952bbdb29df91ea7cb6b4df,0,0,0.008225727914805515
logistic_regression,45fe0af4ca4b07e444cc303348db0eacde658e0fa8,0,0,0.06210270406203435
logistic_regression,b8d05a38a33ce5b79bf35c0208b1c757d5d3c39929,0,0,0.24187639030504082
logistic_regression,a3ed6719d5e8b226b98bb19a76aced3d6b917f18fb,0,0,0.18061847997484
logistic_regression,459de5233ec38dffe071452a691f0b2cb0e6429fe5,0,0,0.15892111206819381
logistic_regression,0f34a6ed43dbd9f0641c412445c8f6659142fbadd1,0,0,0.0265304266491089
logistic_regression,ffe0f8fabd46590206327bb1dc929e047e93a3beb5,0,0,0.19270204791318757
logistic_regression,a14f3f4785ddd84444126df56acc95c5235acf6e93,0,0,0.3175584272824986
logistic_regression,37785d0e90de899eccfcd11b309d6fb243d43b5ba9,0,0,0.05369859857385603
logistic_regression,c711bc0843f0b59fa03f6651c095c2acb41d961ae7,0,0,0.19316596705102715
logistic_regression,26575127a979f12e59a6ed18a876eea6008cda2623,0,0,0.0007766079536630983
logistic_regression,9c51398c7751477bbe514b05023f994383e4edabeb,0,0,0.19660989463676135
logistic_regression,a817d332437bbb1836462634faa9144ceb4af120c6,0,0,0.20136406498427553
logistic_regression,06f8b4fe687900ef0a5a69473e570bd5fb9282151d,0,0,0.28121133551380295
logistic_regression,af1aa2edc15885287c3afdaa9291f0ac255b93827d,0,0,0.19808163472816595
logistic_regression,b18799675d37ec41c9fe5d31936180a72bd0fe93c3,0,0,0.03345396910403279
logistic_regression,255d0b1137ce5d1a1a433f495521daed3f95b8fbf5,0,0,0.02153774409776716
logistic_regression,462421357485bc678d38f7bd0ea36580b045281256,0,0,0.006925025927405194
logistic_regression,ec271fe5ea1e18c030152edc370163a32d8b3c4e72,0,0,0.06557890253942437
logistic_regression,9d1e26d5f4f1c94e1c8c5b5a5cf9141aa57fc7fe1c,0,0,0.009787724079749566
logistic_regression,83a109e12467618fd19febc8216b239729f943c58d,0,0,0.06086221068175957
logistic_regression,765f5716b232517e8944719fcdf5d824ed2c25d948,0,0,0.10981142800039558
logistic_regression,6955cd9dfc0144988a494b5c65f84c7b561eb327e7,0,0,0.03650675432818301
logistic_regression,4b62d98981614b83d5cef6bd77c558f480d11f8c17,0,0,0.19782674302860298
logistic_regression,b30a5abdd9a7825d8f73989dc8006249972c801267,0,0,0.18021479129095944
logistic_regression,24627d44dd7c0d1fb1fefcd15a11e48c593c90b137,0,0,0.16166729563374704
logistic_regression,788a62c456770df72050fb27de36f82a357411772e,0,0,0.058291531556059865
logistic_regression,132e8c90b65ba77eba463afea247a9b0eeffe61c2c,0,0,0.008125878380137607
logistic_regression,1bda435e8e06f529872d722937d86b024b1102deea,0,0,0.1998985297280988
logistic_regression,0526497c2cdf0f038ceab53fc836372d39e93d4353,0,0,0.09295928927047564
logistic_regression,6d31229e7118c9a85192bcf1656b89f82db8dbba8a,0,0,0.012986089254736918
logistic_regression,c35658930c8a3b8ce3aad3db167df146e341bdfdc7,0,0,0.008943393340596436
logistic_regression,8b887eed8eb4641f6e7387331d66514a77866f7843,0,0,0.0007821028308626579
logistic_regression,f09e24b67e1abd1fc3468eae28381858cc8beaf4bb,0,0,0.0826638253083645
logistic_regression,bc32a3724068152a4a743233ae7088be9a2a1a14f7,0,0,0.0007074039249930208
logistic_regression,5dbcc9bd3731a61ac4334888d60ab0b82f164f1599,0,0,0.11619090710269492
logistic_regression,b54e41aaf8d66cc23c135e990a79cea322ba9d0a95,0,0,0.11895350751919678
logistic_regression,17bbc74a4f5bd1f55784f2c11ebc962fb04458401b,0,0,0.11875225495800575
logistic_regression,9b892d9c282425c6dfa90c8567d9643bd513c56492,0,0,0.0029891949784705486
logistic_regression,cf9f93ba425d6113acfe1fa75793dcd78ef4d9dd23,0,0,0.05822513017230748
logistic_regression,4753d499d623b8b477fa09d387df580297ede1e302,0,0,0.11886650494168949
logistic_regression,9166c5e3d36a9756528e5dce17391a953df3efa02d,0,0,0.09727221858527033
logistic_regression,396d2c56671ef5d17b2b66b2b396cd93c5867fbc07,0,0,0.006256461867148844
logistic_regression,61f7c94964271a295c76b22385bb247a276e542e55,0,0,0.0027516877347618014
logistic_regression,94bdfce459486dff5f0d61a05a8ec1f9505f5779fc,1,1,0.8767517941911851
logistic_regression,c3771314bf9dc5a291fb6c4daea8a583453b4fdd36,1,1,0.8266351497145765
logistic_regression,0baed5212e4406ce79f70da1665edce29ff0eade2a,1,0,0.1419153683874352
logistic_regression,d4d8f5469a19ae2549ebfa7850829c458029c82af3,1,0,0.10033871815847574
logistic_regression,01b416639c410a67492942a64f90e56f367c36e515,1,1,0.9882637290727475
logistic_regression,7db8283b676308a5cbb32b4981e1c63e19d2321f29,1,1,0.9570569456754974
logistic_regression,3e8fc1ddce7b7e5fce25537b3e2f140019f5e8cd1f,1,0,0.14844215990531517
logistic_regression,53b32f23f3515ba0b991a8b68212f7a9eda921c5e3,1,1,0.9529896586356209
logistic_regression,563c7807d16a25cb503d3b94148e993f8dea8d7b7f,0,0,0.015437381407904183
logistic_regression,94291cb8f3a1b4df0a12f29de94139ef599f60037b,0,0,0.1207553773866447
logistic_regression,1351eeac016fc91cd990eab96c081513ed1bf2738a,0,0,0.14633902238997168
logistic_regression,bd0ab0a13f8c55c4e1292e30d317318391ae602284,0,0,0.016087391292868118
logistic_regression,8a076e83f6457127bc78f78a6cb08005b57ecc19a3,0,0,0.006530136125347265
logistic_regression,49e152215f939aef7d3bd43b3df9ed21775bd0315a,0,0,0.009563125021503473
logistic_regression,fcab38b086fdd2d7f3848bf34615a98d46a545d795,0,0,0.004026117852773206
logistic_regression,e61faf40219998b128a965b179b9bd84d213ce2302,0,0,0.013914184408113973
logistic_regression,42b99bb60fb223f4d4688e6bfe503a4ed062ef1c01,0,0,0.002022847523096153
logistic_regression,4d772b4fe41292673323fddf3f8e3b817dd762aa68,0,0,0.0618811649698557
logistic_regression,5a465ef85ecfcb81339c16127d0fcbad9c49e92304,0,0,0.14473517902957658
logistic_regression,e92381df06d046abfc5c9fe81ab7a29f5ade7e4e4a,0,0,0.0189777245106524
logistic_regression,210260d85a3fc9bb71dc2ff7e26b839ffd72c41f6c,0,0,0.007386799195329657
logistic_regression,a1f36f94eeb94162bfb596067ac39e7992069ba216,0,0,0.04517503088722032
logistic_regression,9ec6db2390bb14479904d4b733ed73a97de11183bd,0,0,0.04995655103118101
logistic_regression,82f595ec2c9588d5bf6e3b195c640705f07f6f7fcc,0,0,0.01096122583866507
logistic_regression,09c0de998666bc4bd39c76d9cc63eabf1eea3cdfd8,0,0,0.013934249837063928
logistic_regression,ff583ff894841a7679adea970f179a31fcc13899f6,0,0,0.05371572200667615
logistic_regression,34b50d27c1a7314873db17009f2e4fbda81acd4598,0,0,0.12400598371970839
logistic_regression,a9017841214648b36a850d3d28a06c1f9a22742657,0,0,0.1310528915332505
logistic_regression,521f51bbba0bf8e34cf7a6d1ef00e5ea3c406815f6,0,0,0.00400734659716813
logistic_regression,758c1d8beb9b9cb346450604c1e5054e0b2da30707,0,0,0.008504497160522697
logistic_regression,ddd0d695f6c9ef5bff07fe8543fe734b20bd6b3bb1,0,0,0.24497390636014943
logistic_regression,b2b1753c663e195c14f737d54718af598c27ac6c0d,0,0,0.01990316161420764
logistic_regression,a7bc6d1c3f0490e98959daccd7691431b5dabbcd2b,0,0,0.015521007961139345
logistic_regression,9d51527b8960fa673efae9b1ff6ef7b2ec3cb14191,0,0,0.01871414919634488
logistic_regression,1e35184bea9531206bbe65ab103c1b2f3eee19b847,0,0,0.08829979676504568
logistic_regression,f499390d1a0a4d0e56c9c84542506d946657876933,0,0,0.19039850395138966
logistic_regression,c7d2ded7689fe1efd48be9126fcf1d653ada024b52,0,0,0.16080457735384912
logistic_regression,be8d74343b6d138b8aa832838ac05057f4171128fb,0,0,0.14217286468641663
logistic_regression,795b4006258a412770dfee498cae4767c0077c5f45,0,0,0.1647072957108911
logistic_regression,b7856ffeaffbaa4c871b0be50f1b52de32aae06032,0,0,0.09030322228871028
logistic_regression,694cf697ddea6d3d699cc79c4a9281745b10198890,0,0,0.08866229542803983
logistic_regression,f290c71efcd2808fc179e7b2ffc560a7e9d2abddd2,0,0,0.014004342686279047
logistic_regression,ba40d8d4e7d7107035371d737bd711a4c86b8754e7,0,0,0.00940707262523033
logistic_regression,58b5bf39a939e149393fd8190a636375d567dfc69c,0,0,0.06701527534638282
logistic_regression,b269e07ca1ecc8597ad582384562dc7bb51f13d667,0,0,0.08889211176938787
logistic_regression,360646eac9c9419d5c034cbaa8503b82f5a3be48a3,0,0,0.15295210169409185
logistic_regression,be72e26b94c4b87dc64c24ed97ea26f3562d491646,0,0,0.004742122888895659
logistic_regression,6db7e0b5510e8bf21d492853e68f58bbb008b5c28c,0,0,0.10827074536453549
logistic_regression,334ff774afa6cb4cd36d328d2de623a9ccd4f9804d,0,0,0.086467502716536
logistic_regression,3a02ae41bed2d764cf56bd2fbc99e6f1da9a2f6550,0,0,0.007597737473127262
logistic_regression,c2927d674c2ff4ea9fca1120d854da052cb7e87daf,0,0,0.044969582578941424
logistic_regression,c364ad33da875fc43fa5a766efb9fd949ced3139db,0,0,0.21289350955913003
logistic_regression,d6e54f748c0e0327bf354799eb39bb41ab683c2ddc,0,0,0.003172049238410692
logistic_regression,92c9fe364e2ce3e1f4a35d03d36ef04425a0eef570,0,0,0.0024955111954824256
logistic_regression,a224d779b40b3c8ef818cc57be2458bbe17ca95eb2,0,0,0.1169775183665197
logistic_regression,77f5deef2bf288d681bb0e61f2a06920a344b4f913,0,0,0.16806042386427705
logistic_regression,2ab7dfc747f328cb9b8ab1670a34616791b64352a3,0,0,0.04712927849137811
logistic_regression,231b80247ba542ad3bcbd8f6559e835583b76fde34,0,0,0.20986529831515394
logistic_regression,004c6d4f269d4d780c07b9e3c7e9de9ce97f948fc6,0,0,0.13379546551692217
logistic_regression,28b94fbd7ac3a58b4ef7d5a48d3ca9b43526242000,0,0,0.0038845558685348543
logistic_regression,93f54aae307e8c78f241fef36a84f133830a2d5380,0,0,0.04595234472907506
logistic_regression,894ecb8e9d67d2c922cb6a9c289d8ca74c08dd928b,0,0,0.01571079514882061
logistic_regression,bfba1cba1ba0837eb2bb0b6d4d8ebae3fff41fa6dc,0,0,0.013388359359393311
logistic_regression,883968512cbc4689b8a656c2d95c6ae90cb74993f5,0,0,0.014038843150162862
logistic_regression,4acaa2e356a25304b91590cc8ea65705dc4ab9a4bb,0,0,0.012191994196344324
logistic_regression,3617b12327bc543c4fce2d5f4c87133626d1d544f9,0,0,0.04508187429116225
logistic_regression,3ea7009f69b073a437872f0e3f72a490db810b7790,0,0,0.005025515629347241
logistic_regression,92a586378060ef801235b36522985a30bebbf21ea4,0,0,0.015519148905704896
logistic_regression,f837d6102bb34baf865f1c449eba9b6afde2675042,0,0,0.12141713156769085
logistic_regression,f84ed43b32c570beb8286ae96983333e826bc7e220,0,0,0.01762420986460728
logistic_regression,2a7517c6db5124ab213098c9191a60aa26c7a9d9be,0,0,0.003655341194779309
logistic_regression,336681b6789c11f49f6ee9270341e2e83034a5cf8a,0,0,0.05106242676484795
logistic_regression,d34c6c91272ac1dafdc05149127793b1bd06670489,0,0,0.008353438127453086
logistic_regression,54acb1afffe9aef16e4dce9fa0d39363e8a25c9e4a,0,0,0.0020335245277469842
logistic_regression,c86f07f2b8bf6a50777a859f26fb0af0583d8f9362,0,0,0.05042462579163938
logistic_regression,b7d14cf2a7cb3a8b7b271f34dfdd514268c0833303,0,0,0.006810322969900476
logistic_regression,d4b7de0d9a145896e05831e323ac3cfcb85bafaedf,0,0,0.002182039427718566
logistic_regression,bcebf220b300e3feb67858c476cb46da56799d40ab,0,0,0.004581849885322492
logistic_regression,92ecdf78a40751d233650e05e258dec9aef71bf221,0,0,0.009846970063822109
logistic_regression,47335911a205292a781b1227029c5b4e94aa3900f0,1,1,0.8773660095469611
logistic_regression,96b039997f0643b801df913024cb710251ffcc3734,1,1,0.9235040843958685
logistic_regression,ac8a2de16438d7cdefec538a422a34b432e0184731,1,0,0.03402164458763931
logistic_regression,9d81b802d0748dd65c716b99315ece92422cc65e08,1,1,0.9432981555269089
logistic_regression,570f516907f9558277b43b754a8ddab98ec8655535,0,0,0.18156444791946877
logistic_regression,2e3c1646d944e9d3e7a3c83b2e5d61c15d3a61af09,0,0,0.10991106741018758
logistic_regression,0583e602c5ffa06ce4922bee0a08a2cbea448d190b,0,0,0.13267845416355348
logistic_regression,708411ea3ea957c569a71d04062897e4f59125d276,0,0,0.048690851697194934
logistic_regression,bb08b334a027163fd924f12f34994af41cc515f723,0,0,0.017737322234955468
logistic_regression,e441f60367274f868ef0a8583251459029ceb2e512,0,0,0.03438852727499255
logistic_regression,91f56ee86db84f6ec2a26e810ecb9e6873e7d64b97,0,0,0.010258668897843857
logistic_regression,21b9c4967b06df0f40e9095019e1a418552c53c265,0,0,0.13203699139356584
logistic_regression,cd039e2673fb76dcf58e9142e3a3718f40a6bdf5ab,0,0,0.21953688620104073
logistic_regression,b8d34a0f729e6c16216e93e87632f6a9c28e713705,0,0,0.010220203674093958
logistic_regression,9777e9bb57415b0e587ba4153500084fd0921a0f74,0,0,0.051735759584359525
logistic_regression,02595bbdea457c27bd211a17de0f356a4975c93bd4,0,0,0.022563914402739946
logistic_regression,f2e5c681d74085ed635e4c077369e50bd73d2bdf2a,0,0,0.008150452434331441
logistic_regression,f34e3398f6311bae7a5b05574daeb5159f2916f0fe,0,0,0.05206623717504674
logistic_regression,51c008490dde85d9a91c2c30f27d37b2d18a541600,0,0,0.0011683144162706798
logistic_regression,56875b3caf3967cd093a0e75cdf7b40e710ca01437,0,0,0.22722713476165327
logistic_regression,8ecd464a52760598e06004b7911ee89d8b8b9496de,0,0,0.14417546985292118
logistic_regression,39a3e09bbf8c4cd87e224d2aac112b335feb03cf55,0,0,0.1482120866345076
logistic_regression,2ea5fb777271b314c96ebddc420163114f423ab126,0,0,0.17928077299159628
logistic_regression,2ec76bc7bf52ad48dc7aca15f60d0f1000012d4d8f,0,0,0.04569989581537579
logistic_regression,6852f49ded8a920c5c9d8c26d3a8763e2204f9d1f5,0,0,0.13713467699368767
logistic_regression,a377ff6146ab9659e6ccb44bb76cfa7d4e0327b423,0,0,0.021247831492477002
logistic_regression,90e97740e951cdfdaed4f4ae062cce5f5225142c35,0,0,0.0196784323002303
logistic_regression,66ebc1f1a213edac4207ef7ec964f62cddac9c0ad0,0,0,0.0975507490144219
logistic_regression,a194e2ea8634ffee2b8c2cda867e9770bcb4a7f810,0,0,0.19317550375829254
logistic_regression,750ca038dc933a380500f90be8866dde1c5b3e29b7,0,0,0.15490818341305662
logistic_regression,875bae2e20523168821cdaa6c3719d5817214b8cf3,0,0,0.13423574376840522
logistic_regression,3e6ba9a1fd41069328923a09cad98ef4c04fcd6e5e,0,0,0.1463830113123319
logistic_regression,5981ba62840fdded1517629ad47378c33938a09934,0,0,0.000632197553409516
logistic_regression,5999f9b1f6976a9a7b7ac33a9f5d711d9bd29e1ce4,0,0,0.21128113688939823
logistic_regression,16fa3a9fb67b4f366bfbd334ab52b4447eb81a1b37,0,0,0.013015626297869853
logistic_regression,a8c98affb5576949718e7a37ca7af116073b17d482,0,0,0.13624696058683308
logistic_regression,aa025ea8c28f0c2d17c0aa3911d677e6591ebea1ec,0,0,0.0006131448537999817
logistic_regression,a6cec88c48fff046f78d4718d5a90f7b956b9682ea,0,0,0.041090274325606926
logistic_regression,b63bd8dc084d79454f54863bef3e3c3e6f02d78397,0,0,0.016762790583581898
logistic_regression,8fd0e8e1ceb8c0ed97910d5145965ce0bf2c13aa5a,1,1,0.9956824911372
logistic_regression,d00e7cdee2a0b6b815bb9d3264a9e7bf4c81673491,1,1,0.9996082850971652
logistic_regression,52976dc114bb2d5cb25622fcab07e15013c93fc931,1,1,0.9744789681612223
logistic_regression,aa369e44e8f36ae4030e0e7263669a22b37e9bb95c,1,1,0.9982266980751617
logistic_regression,e924641d13ed95610f9e15ae621c0f64e2b86d7b61,1,1,0.8442121358609478
logistic_regression,ac21ac17bf77b0a5d7abf28d197a90ce553ab3848c,1,1,0.9225360839467245
logistic_regression,ca87e008fcc959d680c2e15ddc2b1ef54ed691f88c,1,1,0.6040296046924509
logistic_regression,ff837026d70686f7e91c4b815e96e42b41a1d645eb,0,0,0.02024029988534664
logistic_regression,8ab04a9d4d75016a87c2e15b9dec4d9c191e07ba4a,0,0,0.04641007505092085
logistic_regression,f6a214d73eaa852c9d77c3189038a700ca84f51297,0,0,0.12240196520403936
logistic_regression,9b2daca1249944555551ba958b71e058ec5938bbf7,0,0,0.2907885329491083
logistic_regression,567ba03f033d02c2b9d3539b07321ec3bbb08043c9,0,0,0.05901712175471202
logistic_regression,04f6065b2a8cf62e33e6e3f7054309fd5cb13dcdc1,0,0,0.1346251485807356
logistic_regression,6064157ec2a0665865e208af70dbced30cb01e9cce,0,0,0.24182526083167352
logistic_regression,eb3e3bb5863fb073fddff5a3c287debbc85556a7dc,0,0,0.09096458012571378
logistic_regression,be269a1bd22280d5e526e1e0420385c916964064b1,0,0,0.22326597428670336
logistic_regression,dcf4903e09dbca5bbcc3537d0595b153ec9c7c3cff,0,0,0.05024011074232973
logistic_regression,2a42d73448b907a1b0beec07a67b4262a30c908f9c,0,0,0.056935366844522294
logistic_regression,a42867891e5c7cfdd9e1c51d964e0bf72e0b013294,0,0,0.36516068712502797
logistic_regression,9249ce25a4e62a264a06c511432cbc49c37350d63f,0,0,0.1156182047233167
logistic_regression,1bba7f6a005c4f61a1a4c767acacac975dae95b2ea,0,0,0.014817468409674057
logistic_regression,03ccdef2451f4d90f9d303c019ed6812d8b5e37f89,0,0,0.05979011109835093
logistic_regression,9b8d722d879b72328f3317758166e832138d6e1889,0,0,0.0019371486336831744
logistic_regression,9b764859b2d9ec7dfc7b6d49baf1d14c0d5094ea62,0,0,0.20900612136249883
logistic_regression,f9db716c625abc45195b057e9956bcc80fe810327c,0,0,0.002823520473648439
logistic_regression,8449eabd82c6cdab2f5c5bace27e51dec9ad3f7135,0,0,0.020700807118321934
logistic_regression,c1affb798f45ed8771b5d1e65757e8d61e1340b73d,0,0,0.08980575430440321
logistic_regression,1377910278c38313274e1b4394fe69c9bc19f70cf3,1,1,0.99839023490322
logistic_regression,13635983225c43043f9a8b96f4b20c3be12e7aadb3,1,1,0.9995764487946602
logistic_regression,fe40e45038699c6613d238960e5daa0c236b554f66,1,0,0.04559320758764709
logistic_regression,ad202007d90dde90eb68b2ddf603d3409279f720d0,1,1,0.9736539218745489
logistic_regression,a3d09116f6c02076e7d8e3e159457427b2c5ff05f2,1,0,0.48427231464316167
logistic_regression,a511ba28f0b08435e0ecc86dcb7ac45a6e99ffe652,1,1,0.9996362610191991
logistic_regression,d08e91a879a520eeb722006c1067a07f59198543d7,1,1,0.9868650734454774
logistic_regression,1d6a76e817d63c966f06a7f28847ead11c80f3545f,1,1,0.9934159399272237
logistic_regression,863febb30cd3cd251ec50d63dc2129f6fd66ec23b2,1,1,0.999572263426469
logistic_regression,476cc8e8a34ac01be151055744cd8a217a1265483a,1,0,0.17222556558137597
logistic_regression,37fd1e86bfb4fb0f95c566bb0f150dbcd11d020408,1,1,0.7232517342629097
logistic_regression,75c87e52788d422ec11c48973c5dcc85d16b10e401,1,1,0.9763078636383113
logistic_regression,4cdb7968af636dd0785b5a3383ca3ec046e81c972b,1,1,0.9442483275062079
logistic_regression,c8db9a5f9f265323d44f90ca58b6488602806345f7,1,1,0.6215084073097358
logistic_regression,eba224436dbbad7a9a19bef78be4b331f06cb50e1b,1,1,0.96453504650282
logistic_regression,520d891c8fb804f674572a37191cca2f5702d46b8c,1,1,0.9007892236643285
logistic_regression,4f71caedc98e8902cabe78adbb14c60f759cf88843,0,0,0.05113575821678971
logistic_regression,07fb7856526118b817cdeebe4d76ab1875b6f4f7af,0,0,0.007330229444799881
logistic_regression,8c20412a6c6f72e48d4254ed9d1d58deb84cb7454c,0,0,0.03228763959831387
logistic_regression,6e00ed2ec6eefd6a5eeca3237205e4e20a4bbb75cf,0,0,0.05943123731040226
logistic_regression,01fc9a987e771ede42789b60ed98413422e296f348,0,0,0.1522148688089887
logistic_regression,8b653caeb8ed2f1b07acf16d4b240b2af2655178bb,0,0,0.06754557517654373
logistic_regression,63e219aed18ab84d16e77eb24531677214dbd687c5,0,0,0.12358822123190076
logistic_regression,87083b782b58914d1d515cc65aa3fb57d89935ef7e,0,1,0.7607675750649885
logistic_regression,9c2f51a7aa6af5a534d25168d70159ca215f53ed90,0,0,0.22328917199467546
logistic_regression,652b31c0e88f018eb8bef1529e7a1223540b529fe8,0,0,0.0060295442326911515
logistic_regression,324a26156ef6c754d9f90cbff72939d13df6c0e048,0,0,0.20287967300286935
logistic_regression,41ba82513c6c29f4814638088035a225a3e6f19fc9,0,0,0.0010835472206707085
logistic_regression,37194c1a4b892018d461067a9e2275129d4d135644,0,0,0.18832264451364283
logistic_regression,8def9148a2e805a12f24a1aaa3cef1ea0b18b1791e,0,0,0.11768845979400684
logistic_regression,ed66e768fda6d8dccbd27c02d33f15c2de6c41cb99,0,0,0.13624458792940933
logistic_regression,9e75bece2c77ce6fed1464ae7cf40f00841879fc1c,0,0,0.10538965532205065
logistic_regression,774f82a67ff3f7a768fe942ceedd731789942173a5,0,0,0.12422812582036803
logistic_regression,7b0b1fcaaac54b1b5205b6d511068758f725199920,0,0,0.13965371426270215
logistic_regression,8b3f99aa6c80da894ef029d5dfda1d1e6b9069b41e,0,0,0.15202939914371244
logistic_regression,e811184bc35469c34a6f8be4afe5d63cd123ac5ee8,0,0,0.011760468247171958
logistic_regression,06867d71abbca5ede32d666eec8cfb6bd6c3b4576c,0,0,0.0006532292504530981
logistic_regression,f619beef5eb522f7130749347767f068faf60035b8,0,0,0.13450027463441544
logistic_regression,f3a0de0db624eecc43ee8e7f6098fa300afe6c9b11,0,0,0.23632165053913426
logistic_regression,a1d72b0f0ca0a526e37539e0de0dbf007ee2dbd9c3,1,0,0.2793126211787855
logistic_regression,1346123d500b4d5c35f2c28ae0154d12e11fcc8c56,1,1,0.6807402879897562
logistic_regression,3ae8d19e36b891f8d66150bc5af3f330670b77229e,1,1,0.7772420574827518
logistic_regression,b9cdb1863c0e3834b88a6d1709cec47d5c48fcf6e7,1,1,0.6486535373115156
logistic_regression,39d602cb8f3fa4a82b843f1b3a99ff5fd905f6ed1f,1,1,0.5831635645327121
logistic_regression,1790e1397e6b0a2a15fa12d7835c4ea222be3e3448,1,1,0.5257828816844177
logistic_regression,29f42b27affb28c9c1f7ec87e9afcf8eb9a61f1984,1,1,0.7211606831507982
logistic_regression,a89188013e966fc15bbf320858d4acf3489080e47d,1,1,0.8878382391881597
logistic_regression,3d29222fe9eb83bf976eba87229d0cd21f685a734a,0,0,0.06467385480364454
logistic_regression,ef7fc098549d92dd2dd8f6fdfe96b0006220d7d38a,0,1,0.7364767243412773
logistic_regression,65a29e35edc28a536ffbbc6860375698fc883774df,0,1,0.7004235922672697
logistic_regression,fc7a423883a7c232d228d8dfc14d4509e2172a89c2,0,1,0.8237203340551726
logistic_regression,9fad3ac2ac7697108db3a4aed40acadaf42abf9196,0,1,0.7753848110276059
logistic_regression,f5964b2053693603b00e12b8e2c464e8e9a21fcd9b,0,0,0.04736878548694421
logistic_regression,b08a79c2672d98237e414ca8e8d3db90234fbcfa4d,0,0,0.04678509401151726
logistic_regression,4b281716db79447d24c084c15bd3ce636409b1a2d7,0,1,0.7217986640528415
logistic_regression,540cbfe6245bbc657d4242c14505f0bc7a704dc415,0,1,0.7312602684683419
logistic_regression,b272c664d3214b45fd971dfc478f35e076fd2d46e8,0,0,0.24012329560353313
logistic_regression,286d5f65feef6ca5ec1f51e7d6ebbd8269a53cc7d1,0,1,0.7113496889937783
logistic_regression,7c1e82e76c762f1e42101138f3480f6d1cdcc632b5,0,0,0.4031081940597878
logistic_regression,9b517741410831eee9792917ac50d9331258f00327,0,0,0.050432164084022214
logistic_regression,8577b800759abe4159bbaf378d9cf5192b68988085,0,1,0.8251583596257325
logistic_regression,d8f794ea7cf20ba4df531acb2346a72dc6e6053523,0,0,0.05115252159317212
logistic_regression,9b79cf6a6e5133886c4c765ff1845e497f9880ed0a,0,1,0.8218427667979614
logistic_regression,207b7bf6117875108452a3d6e3bc5236001514ee94,0,0,0.3831796522755494
logistic_regression,3df6ade78898fc6d68275dce87db21da412a09f0b9,0,1,0.7694801072410807
logistic_regression,30bc153213dfb71db834c1f9719ca6221b895d4ba9,0,0,0.03866849154715579
logistic_regression,fdb30c1a1e9f4b31798d82af436d10ecf40275ed39,0,1,0.7631496207335414
logistic_regression,0a4c44784823f3d25650671c16662ed5cb8456b43a,0,0,0.05142698210083412
logistic_regression,80219ea8c978687d5d3679444ffb8a2d64f79c5db9,1,1,0.9931528977329269
logistic_regression,6f90336a8f4a3d0cd04f4657e493a7e347ae1a4d01,1,1,0.5130112800294668
logistic_regression,467b0c5e5eccab0ec67126c98b10cf76f2273994df,1,1,0.7262619194918856
logistic_regression,0925fc89b785dd981b36723c7be9adb5e329144592,1,1,0.8124962584178832
logistic_regression,df1738acfd0085129d479c802117d38e3311da3b5f,1,1,0.9661302375185591
logistic_regression,1d51b1f4349d538eea571860b1c6f90aa3d2257ec0,1,1,0.8023719465092459
logistic_regression,d623e3db83e8728cb8616db846b8fcdf06ae616c9b,1,0,0.22957548177688103
logistic_regression,3787861d696a7308f8d6bc5029e4bd355169754e29,1,0,0.23036652050447767
logistic_regression,91e715f8ff959eda4d80e90ffb6dbe3bd3279f495f,1,0,0.02882591244331186
logistic_regression,664fcb9cd39a5d029df263ef543bb93f8694892c86,1,1,0.8936618971002241
logistic_regression,55308b046db9d4c99a7ed98e00a24625a864d7a2f6,1,1,0.5444435171433115
logistic_regression,3133a38cb9f0ec40469b3f139a84f29ce7e96c62d6,1,1,0.9951902466298401
logistic_regression,29f71e72f0da609596a2a1ec55068dfd701421e9c3,1,1,0.9996306282749907
logistic_regression,f08da97d9bcea539510de19879f6bc49a8dc3f3ca4,1,1,0.766375887258819
logistic_regression,3a4f9719dbdd8c5856cada59015fca9f3691df774c,1,1,0.9360988178825986
logistic_regression,5d9eb1e870512df7085131bf55211d1af76a56234b,1,1,0.9825117262869699
logistic_regression,a3dad67bd7e2e3f3c2f4c0ab1235efde98474f114f,1,1,0.9994115930437999
logistic_regression,25a99a1970e3a91648757a63849aad6cfe14b2de77,1,1,0.9136680343999422
logistic_regression,596917d329e28f6612c402da448988fb300ad61482,1,1,0.9363219654406143
logistic_regression,6a4c6195b9093254fccf885a878e4e18ea599d1aea,1,1,0.8918094391526205
logistic_regression,7feac5c83a4417c365b91e94f437c777fcb02a2a9d,1,0,0.3295801087622923
logistic_regression,9fd75f028bb279e7637413c1ab78f93a27d1365f04,1,1,0.8177965076490147
logistic_regression,2b84c01c9f9225c3075dc1795490e88c65fa3ff7f6,1,1,0.9752389606569107
logistic_regression,fc6a85161224e8f9e92802c41168cd9a5b0d225658,1,1,0.8905564046499302
logistic_regression,03722eb5f834d121b4ef1e2fca205c71d5644c9da8,1,1,0.9022071327594117
logistic_regression,6d4f6ded37925410968fefa0e62570d8c56edb0e70,1,1,0.9755391198152873
logistic_regression,098349f6f2559941f372cb513f311add26ffb602c4,1,1,0.9357263826939125
logistic_regression,9c6180062d2153258684b42d261fa56d84ef50db39,1,0,0.290312203400016
logistic_regression,19b4fb7baea9c071337230959a7301323616df8aa3,1,1,0.977366400074465
logistic_regression,217f7f7df8dfb69ac48bf1589cb6181621eb18fe34,1,0,0.363999216402232
logistic_regression,bb679a6efe0f2eef90a753b1a3a80465b1e4522760,1,1,0.9787425475083028
logistic_regression,face9cff6ea6619b0dfaae58ba5e938cd81ff53f7c,1,1,0.9959373076795329
logistic_regression,3ed699a437819d6cd0076ca873627d7bf5eae89f31,1,1,0.9056037349213959
logistic_regression,d33543d7ccf1dca405bff585925c5b2d827a3c9ab1,1,1,0.9794623586811013
logistic_regression,3c3f0d8c3e1dcb8a700c1104259688f739db31749b,1,1,0.9095834905084011
logistic_regression,7a37fd8c9b6e4ec483f74c5f27baaea1647382dcf7,1,1,0.8784901099637287
logistic_regression,eb8f999b43a37dea2effb85851f8369da4f4a03b1d,1,1,0.7515041960329796
logistic_regression,c0e19c701e3010eab7a676d71b19a281eaae1cccee,1,1,0.959125226857767
logistic_regression,5d151117a9fbe58b609a330b3e8cc689321098a50a,1,1,0.920412363222183
logistic_regression,1072dc9d6e5aa323026a02c278da88fe04fa404470,1,0,0.3102123039053063
logistic_regression,830c7e451e94f44075938fae65f9d77ac1f91a7a91,1,1,0.514646346015708
logistic_regression,47b6e102b421d2d155a2ed746d2b237456ed2a0ea6,1,1,0.939471161669525
logistic_regression,5856254975f940e929564f49f2714dfe356f2a542f,1,1,0.5693107025353538
logistic_regression,af50bc09aa645db7b6c98501cd108741c84a498ab8,1,1,0.8631012840879712
logistic_regression,dd1aafc77e9481dd14f44857a99623b658374c8a4d,1,1,0.6096122007177077
logistic_regression,425d8a075dd78ab48eebc4dfba6453f14a85bf8ffd,1,1,0.9676240760138918
logistic_regression,98a15ec14e8fc277a5b2e4457f90e5fa5a5f4474d0,1,1,0.8572958538556811
logistic_regression,d5ad5e68763930c8848897560a593d117121a29ee0,1,1,0.8852676697388634
logistic_regression,4cd70ddf2d159b4bc8e1b074e73c593b41daea6b86,1,1,0.9170632552856567
logistic_regression,4865077529b99e71ca538d3e9e0dcd0bc52ba409c4,1,1,0.7526768800413649
logistic_regression,cfab413af0043583e3ea8f96ac76765f12f44ee8e9,1,1,0.7778323941537576
logistic_regression,9b55001abefec877eac6e39d08449545c7d3a770ce,1,1,0.8710330714761599
logistic_regression,39749f5a6e458c6a2b9bb332435d1bc410260f3f0a,1,1,0.9152006284295985
logistic_regression,2fefa1c168d008dedd60de9d1b4af50760168598c9,1,1,0.8438585507706474
logistic_regression,62bd97cfc0f787402621a7e7b0270354fbeabb11a5,1,1,0.9890570704614359
logistic_regression,c66a59c779e7d0303d1d1c11b3747546d2e5743a08,1,1,0.9931192398185298
logistic_regression,c026eaa078eebfad8acbb57e13f0dd64445483c2c3,1,1,0.8390667567203736
logistic_regression,b58d1fda874deaf5dd02f7284ad0e31b9817acf7c3,1,1,0.8624126730935264
logistic_regression,8979d6f9aa402229527cf5594f578c0d4f70fbe508,1,1,0.9752075602156217
logistic_regression,927fac08076d6b95612a1f6fb74ab2be994b73348e,1,1,0.9994925009195795
logistic_regression,a37df0b1fec39ed9855ea08b8bed2082df48a9cde3,1,0,0.3621484474462705
logistic_regression,17e26e85d1ee45bfe76bdbe04c1483159a3d0ca06c,0,1,0.8328076308683424
logistic_regression,af98447e7fe68cfdc3e6367f49bf4d4fb9aecf9ebb,0,1,0.7836687877697733
logistic_regression,2c171315aa9b42cebabd22ac67171f0e0f6fb72b31,0,1,0.7780016403344331
logistic_regression,942fe2eda80bec08bb22986a53fe2a23e453f132cc,0,1,0.8524501771075151
logistic_regression,7be52a923d97c054fa8cb6a9b48a8082db43bec2a3,0,0,0.4412267806561745
logistic_regression,fc1109d691b04cad7843ed2a090b14e8ddca3cf0cc,0,1,0.8423040216592393
logistic_regression,d00db7bf5b50803fe5190529f2af485f650ba06d84,0,1,0.7660718883235911
logistic_regression,ce3ac2aa6bf7631fe955c4dcd3a4b46227384400e6,0,1,0.7273338506326293
logistic_regression,f14d789672b769b47efb2c881fd48da5edb43a9345,0,1,0.7224480897042019
logistic_regression,9c0e6c5d612f0e1016981997fe88589fb40ca8b58a,0,1,0.7380350292512398
logistic_regression,f9a8feea0800833fb268f3b20b637cc511031f0b62,0,0,0.4234279937748044
logistic_regression,732257017c676533cbb328be32f6011bd81e22e46d,0,1,0.7530797820188396
logistic_regression,454038f819ef610b819ebf6784ca08c7db0e9eaba0,0,1,0.7788775416210015
logistic_regression,bede060a4ce182d5555e29d3b96eb601c160556aee,0,1,0.827316883643066
logistic_regression,036659e991bae7c5acd3c7d849778126a376d12257,0,0,0.03224493722921425
logistic_regression,8dbcf166b8b76272f556a82d06b21de2847de97de4,0,1,0.6692386233940385
logistic_regression,67bfc854b849527bb79dd5576dbfdfc61cd96a9862,0,0,0.33734588437702334
logistic_regression,031877d31bb49ebd3acace8a52471ca1f2c2b7a704,0,0,0.044091669947781784
logistic_regression,30d344ce277bad6ec95aa53997712591992af82adb,0,1,0.5538118619367686
logistic_regression,01d679eb6f5a989daa1d0fb620451a3ed78a2700d8,0,1,0.7808982152492708
logistic_regression,1a0d89a624a810d6fe24c21edb9cb46c4a984480df,0,0,0.3446171691208202
logistic_regression,9ef177fee9cf5709890b10711f509dff34ca384e21,0,0,0.06044786706080216
logistic_regression,d6f9daee6e7249ef41556a77e4e9a269435cbee232,0,1,0.7852536923564694
logistic_regression,6d79b87906ad1a37bc30e19ebf0f4946a4a4bf8166,0,0,0.391094283078269
logistic_regression,9b7b8492abbbe84689d69ffec953e7bff631a90baf,0,1,0.5068306533321775
logistic_regression,a74857c1a4acee185aa7102947290a2507f7aa3a74,0,1,0.6987515124532587
logistic_regression,8bc770e74f2d96da1c7b33d31803d40558ac3d903d,0,1,0.7879800619472555
logistic_regression,da5f9942799af558857d3e6ab5938a85cea3b228a7,0,1,0.7722608931839856
logistic_regression,b2ae6e112d642769ac6c2aa7413a7e30a62dae2634,0,1,0.7725976124733845
logistic_regression,562c63abb0c2e8dad646efc1ee396bcb6f681a19e7,0,0,0.18100250675283394
logistic_regression,552eeacb56d3f2ebb38e3c6adc5bd67b498ecf794c,0,1,0.7861933337061647
logistic_regression,f358e2f508b662c035435d6e85ab45e8b188835bad,0,1,0.8385538404214845
logistic_regression,d45e4607641ca24a24fa199fadace473d4a9c8f6dd,0,0,0.0462717913964325
logistic_regression,4f0724d5d78e1300bf2079501d9aa18a8ffeaa287e,0,0,0.05327721742073045
logistic_regression,80c39b4f3b97b911337d208ee854e61c1c53ad3719,0,0,0.1680835422929826
logistic_regression,147e290fae8c3e76578e2449db95b2219d8281b9cf,0,0,0.2424574894348264
logistic_regression,964e5079df031e00e26569c15d03ec1f02f2c6f785,0,0,0.06892542453422655
logistic_regression,f5c8e51ab0ed265a97ca84c7937284281802df0983,0,0,0.1374628748516882
logistic_regression,d628899a056cb9dcdc85cbec1d9d727deedb9f63ba,0,0,0.25118612566343607
logistic_regression,4663aa003bbae064f28f87803a8bdd96e68b3e803b,0,0,0.004342367654579703
logistic_regression,e09012c3bd0a22ff0c5b77d6ef34ccf7e71ac4b8f6,0,0,0.2279592023844059
logistic_regression,ebd12c8eac1e9f9fc5242da1cca53a2dfd3fb02beb,0,0,0.005754049189855592
logistic_regression,24f5d06d7ff5bcdb1264d30da7b24797009fee6215,0,0,0.02253918580460172
logistic_regression,1ee64d678d7f328228fc372ef4a5caf79f94310fb3,0,0,0.22908065807874353
logistic_regression,85705543255387837482f475cf6e39f53ef1a3972d,0,0,0.36244516385395587
logistic_regression,ee6aeaf44f5656e9a250b71b775626f3e2ec1e631a,0,0,0.05640343227625824
logistic_regression,43ac7e9e707e206575c8801b0d1ad9b9ee73d22ab4,0,0,0.22880106424497945
logistic_regression,f476583996dda6210aef94c2882935f3e1b78d33a0,0,0,0.22875981227358483
logistic_regression,d6e54dd31c3a9344e59db4664d40f00324fd04b9e7,0,0,0.0543993399741634
logistic_regression,abf2e9384a48e89a61f5046c2ef8690b6fb4a2881b,0,0,0.15635234685865057
logistic_regression,4cb2eaa2d1229c150af9033d2471c29eb0f8035c47,0,0,0.020151541198965412
logistic_regression,4f2577c1c20152c69c1f221372ae192516ad5b3914,0,0,0.22600847487356185
logistic_regression,4685e8f10c659da857e5ccf0d1077b51566d176289,0,0,0.09326408442165898
logistic_regression,a94cb9e9bd2900cb9797798ba12b91c6bd4402e5be,0,0,0.25641708145517667
logistic_regression,f3956047ed43d9996f9fb35f863e0a8ed4929b7b4a,0,0,0.19092202320291585
logistic_regression,284c7b3c386d9743f3dc98e5d98920bbc1eebe7ad5,0,0,0.008042658107422196
logistic_regression,8b559c5309ce46f9f5326bd8d04bdd5d2ac03f21d7,0,0,0.16814853867711793
logistic_regression,94708922a637f08da9b17e6ed39202fd4e76519f9b,0,0,0.11990861777931897
logistic_regression,a16315154dc1552980b96c5454ae2d667f3c511420,0,0,0.25214900409110913
logistic_regression,cbe3153b0ea2b562e17035c9f0441ce7a60f27336e,0,0,0.2968159940283894
logistic_regression,214664260b113d68743601a59aa553e7c02e672716,0,0,0.16712992786072692
logistic_regression,7d95894bd2792944fd9c390dcb4e6fedfe6f3d2e0e,0,0,0.24987462545310773
logistic_regression,4b35cb92eae583d9294d2705efa8759f3c33137c75,0,0,0.1471576196489701
logistic_regression,c005f1a50d6f1625e513825adcffaa458051cc226b,0,0,0.05845177997811891
logistic_regression,1e95d116c91724ff3af7c844ff070962279fdc6c8e,0,0,0.16938080573270828
logistic_regression,5d7491294c9f6d325efdf93c32d8da220ae7496d1f,0,0,0.0443664434060878
logistic_regression,29471807e3cf927ab137885e602dae2fe0400457e5,0,0,0.16791468181683947
logistic_regression,6813ccf35cfe8f9bd0f1c65ae65e0420f23e1334ec,0,0,0.028366522521101337
logistic_regression,551f374fd013be33d921fd779df5f49b64e9aca47f,0,0,0.159387060089122
logistic_regression,12810db62b273b9cb7ee4c0c2bdbd9efa0e9e27373,0,0,0.14128751764407108
logistic_regression,2569cb85b417c6897a2d46138e6cbdf8eb7203ce42,0,0,0.15544361114647984
logistic_regression,317f22f3b5fe7cd51c87d380caf5cf8a72a2f2987d,0,0,0.1730849099299247
logistic_regression,a74f00726df6b2425b3ea55829f1c156c41076afc0,0,0,0.23609763260396435
logistic_regression,f1190bff278b4cb92d384b58aa022d0c4d865bccc5,0,0,0.1508065370904092
logistic_regression,f90c22023900dfbe4882c0c9e1289ed56105a5ace2,0,0,0.2708430025701309
logistic_regression,96e449d777b71314dd659da304f6625c11138555f2,0,0,0.09767675238560865
logistic_regression,470d267f96d57b5692c8a4a42f2b1aad4cd6dea884,0,0,0.1432997996727603
logistic_regression,f36fee1c8628b468807e76fd747907217af216507c,0,0,0.15646282773057818
logistic_regression,6ce3459fb2c438e81d296bc2c17f91f98472cfb4fd,0,0,0.05822940212600059
logistic_regression,06bb2bfe283926df86320ae3b22a93e45280982f1b,0,0,0.06201517351595528
logistic_regression,7ed7ea301488be1d39e2fe96af30c19197b3873fbf,0,0,0.04600878912467561
logistic_regression,7c29b9f637351bd729bae086e58494fb2a549c9748,0,0,0.14929967082368528
logistic_regression,a527d683ecf3204609182bf06ab11f2903665bf58f,0,0,0.005368121629269267
logistic_regression,7b5dacc301200b6450f56f05bc8721c8b14cd93e7f,0,0,0.29237276446548455
logistic_regression,9e1ef97e5b2fa1e3944cb8dfec6cf2feb821be4c28,0,0,0.17146999422497147
logistic_regression,96957a9eba49a6a82a4eeedc8dc3c19114e4fdcf7b,0,0,0.032329196033334257
logistic_regression,582bb1060ef6aaa8ba2f6f0ef7264a97ed4d282ac8,0,0,0.07937530919028189
logistic_regression,15f19198beff4e896aeeeb2a6bcc7b78d3b86b6095,0,0,0.28410481609964333
logistic_regression,5fa8037793850a6b7682c477e67942c9bc70191738,0,0,0.17517173510847808
logistic_regression,cc1838f73a1b6968c783461dbaed868d7e7cd86421,0,0,0.011167793618783122
logistic_regression,3283540297668fa41c97232816ebdebaa46e221fc2,0,0,0.00602651016926843
logistic_regression,269859ea188a4000f93876456c20ce696fa65610da,0,0,0.18248533872204015
logistic_regression,07866d61872de2522eccbfeb0a1cd1c3b11e58224f,0,0,0.02050387021859907
logistic_regression,a0a211fe3cd7c62343d24a2d25fcc7afa38497ba25,0,0,0.2472016604960299
logistic_regression,0cc956dd6fd7e189b39c8e70047bcafd653fa88931,0,0,0.41546938227317776
logistic_regression,d4871924b5f68b94fed7834ae4d0f519f5d5a9a250,0,0,0.24639845296230523
logistic_regression,991bab1f6d874a327e74f8496a5b1215d08fb3465a,0,0,0.2372250762568682
logistic_regression,d8f57542b47b173fa61cee2f2ac3d54f678ba7cd73,0,0,0.48444130779863254
logistic_regression,e88be3769faf38eca0a8374acfe1a706799edec54b,0,0,0.35430440094198284
logistic_regression,fbb19552d220e890b7a76ab2ba2dc53beed1a6842b,0,0,0.25274737664229435
logistic_regression,5d27491dfe022a9dfd37b42889e72b960722c6618e,0,0,0.2478751656628953
logistic_regression,f41e611c12102f7eacc1ea9572ae74619ed6b38c56,0,0,0.24802394782452278
logistic_regression,320743dd52454d55045d71247813419b8fb10acbb0,0,0,0.3603007687643904
logistic_regression,31d350bcac2f6140295bfead87fd910b5b89d9ac43,0,0,0.3634504099357624
logistic_regression,390c1a75aec3dc5fdfe6728769ec04eb776b3a4531,0,1,0.5678291116377373
logistic_regression,edb5422c1b141fe56d7c5e6ad1b42d0a7b4f81bf93,0,1,0.5146611261779585
logistic_regression,9e94fa849909c583a76ca6ad1f6a56252d51af3940,0,0,0.01686108915658163
logistic_regression,a8bbc7257a574af682254706889b20ddf13525bfce,0,0,0.0206460432604215
logistic_regression,564169c39f2d32ca1b0dfe4547931da91d8a3ddf21,0,1,0.5352809738234691
logistic_regression,9c615e339665c637deaba7b711a95041c8cf8bfe24,0,0,0.0016661592190802645
logistic_regression,d9fa91dac1aeebd30037c8024b43e1183901c0a321,0,0,0.3969117083203966
logistic_regression,60198a97ff85e0bbb074e9da67b62d0b8c1d9c8d50,0,0,0.36089869757065884
logistic_regression,90209b9dfde8ed0d026e6a8ff49137ab5e8305560a,0,0,0.18781155323408272
logistic_regression,ca0ad42960659192379c3cf5c0c9d12ae9b8d6ebb6,0,0,0.0021818409100773633
logistic_regression,c2e772d60b3f8fc5f7b60b39e65b90d452233edd31,0,0,0.37487103112792747
logistic_regression,f8e05659feed5014448a475d0bc620f66d6031dc39,0,0,0.3702962938745985
logistic_regression,16dea83a047cbe6ef59cb30d317d7b22b978dd5daf,0,0,0.368455562374159
logistic_regression,e50ce31b1da093a36ca6f6b77b125f2c1d0c0febab,0,1,0.5339176834014052
logistic_regression,45c666d338b64bce859dc4f519a0554520e5fd5e5d,0,0,0.3479057138036806
logistic_regression,122f00bba1d1210cdb395d53737b291086a9f44e95,0,0,0.17397643782359046
logistic_regression,be3f3ae47e73d6a32ad04f7aecc86b055c3584156d,0,0,0.2607112391626597
logistic_regression,8a31acd7008211b380e7508c9a2328f7742edce332,0,0,0.24544165189528933
logistic_regression,525276708bd42270c4bfa7ccd44ff9bd11436f5dd3,0,0,0.357895005235717
logistic_regression,5069b52a846fae352cddc541f2e12f56421e4126f4,0,0,0.01746064372472007
logistic_regression,b413cfb645d7049c8d242774ffc2a2dd037412e140,0,0,0.12750197023998133
logistic_regression,48b907425a4dd6321ca714b9914086c3f4d0c41a77,0,0,0.3411623059793908
logistic_regression,19bce086150274cd79dae07799beb81a2fcbce69d4,0,0,0.359077259881311
logistic_regression,d790e161bacb367300605053b98c67018d0908b461,0,1,0.611393906727771
logistic_regression,4a4661fa707a7aeca9c569da0c57e320e59a1f8a6b,0,0,0.41419709558669726
logistic_regression,5f0d9544eca5cb401f7d6c3d9deb0e222ea530f799,0,0,0.215712971089883
logistic_regression,14f850834bdc37eeb36766a0695cd11090a504fe78,0,0,0.24871406041742766
logistic_regression,1aa8a6781b42f13860f467820f0f6f4893018f51c3,0,0,0.4679743137828916
logistic_regression,2c184b9b48c6327dc72b7e506ca8708955677ec439,0,1,0.5169561786607402
logistic_regression,ed425b8edd90b527dcfdc3e36950e1c2be2b3112e7,0,0,0.05948809435772472
logistic_regression,c58739e3f373a5a718a4ed357b7e164035ed005996,0,1,0.6189710805252748
logistic_regression,c8d2d40298089e89c3fe0e56f563690de72cb67e65,0,1,0.6510085494773368
logistic_regression,4bd1e4914baa119c42ac4d6457ccaa6aa66d5f21b2,0,0,0.3643577999268266
logistic_regression,f0132c074505b3ca4048682a5ccd877e049d2ffba6,0,0,0.4095150669551406
logistic_regression,4780e48c9ea8d3e50b9ac8c0c2e56faf78ef408c1c,0,0,0.01685142946365608
logistic_regression,5dcbf2f8a752d24133bf21ab8f849c080ef966cb35,0,0,0.41369844773834563
logistic_regression,70b801fce9e3166bd6c47a9ca5986f355e54fcfb7e,0,0,0.015874379747069504
logistic_regression,6babe256fc29623c9cce0fe3984ac33f8017158c12,0,1,0.6475559457724693
logistic_regression,00cdb65bc0e95d50d5830063252747311b65f4f1b0,0,0,0.18991566735463286
logistic_regression,9a04809f2fc041afc9eb7b1532c0b90170d203faf3,0,1,0.6293883876692634
logistic_regression,f93d4dea7e5c725bc6d512ba3bced0ec1cab73b042,0,0,0.2638520564364761
logistic_regression,4adb2677b78f9b3692c20fdbe048ed703e4984653b,0,0,0.3836151489547138
logistic_regression,05da763adb6618a98cea7e3291982715fc88929316,0,0,0.2589989572899591
logistic_regression,79e610d3b41ac353f24aeb7e60a62a2f6cffde249d,0,0,0.39885697963984373
logistic_regression,657c17455a0b9cac4b8ed07b5bdeab1d42eef38a75,1,1,0.8637642144495299
logistic_regression,4ab8f18930d09cd65d109c0e3e52b271fa851474e9,1,1,0.8392359250718169
logistic_regression,abe212fc0c43aeffcba139e77af715c5e939ce6812,1,1,0.9999999012468015
logistic_regression,061f8a8814f0b084cc7961f1e350331c0c00467289,0,0,0.10415348245538213
logistic_regression,926cdf5bac6b5dc210183fc3bcc51f38c101f8d444,0,0,0.10594637739249196
logistic_regression,7db197dff9cd564e6f11efad4fe60fbdb11c2c8149,0,0,0.1384260461751028
logistic_regression,fef901d8621f818e80334e6cf5636851ccfa99d257,0,0,0.10415318880383691
logistic_regression,5d16eb8cf5cddc25425b5157227da7969595fda762,0,0,0.12571299633713884
logistic_regression,0ba3b645907d346553a4ff14b7f150b7ddfb3a0484,0,0,0.1794036031001214
logistic_regression,aed079297eff4bf95d903735ac3e442bc8f8648653,0,0,0.1794036031001214
logistic_regression,0ac8ab7cc068f381e2b822c9e62e57337d2629d692,0,0,0.1794036031001214
logistic_regression,43c5996fa7bd4437eb412009093c5df4017464f5f6,0,0,0.13152316788611185
logistic_regression,401a6d37abbc7ad3531677ea2680da1f96dbc8918b,0,0,0.07281388637737844
logistic_regression,f474865772ff6dba800a4f26aa21057882529bffb1,0,0,0.10914373503724158
logistic_regression,3c517e16614e0d9c3c28f4e4799b88f339a2da0ee8,0,0,0.1384243877556592
logistic_regression,25e7bc6e077e631fdfd380edaa5f0e8fca4a050822,0,0,0.05321926066774981
logistic_regression,39b6adbf763a7be618a502dba44c57f2dd88af3b7b,0,0,0.2494674063134979
logistic_regression,e7dec43a7643737fec283d5fc6148932fcb0e22302,0,0,0.07736164126565229
logistic_regression,5f58e8b2a8493a0a0dd3f49fd0aeb66cd5c5898772,0,0,0.23192719050892344
logistic_regression,2e8cf5b226fec7253fcc59fc3fcdd5193556990e9a,0,0,0.12846696116337974
logistic_regression,c2bd8dee9d35ae84dc70d93b2cc1c889ff8ce5834e,0,0,0.39008785971295623
logistic_regression,058c7f88e1d3724dc3a3fc86a5cce5c2006c16d4ae,0,1,0.5187645998283422
logistic_regression,36130dbc5ba4323244806c913b4fd7abb807e0eba9,0,0,0.2374741844664182
logistic_regression,6d930543df2ebddd1f718f5107311465c9d94c60a2,0,0,0.2861483768599271
logistic_regression,30b5693862fdb8adbecbc60bb922b7b58813942d3e,0,0,0.2394418933160473
logistic_regression,9b612ac6b9163cefe349ed525f508ff0526ee88a24,0,0,0.41078972590222257
logistic_regression,f39090d3375fcfe9eb26e73f5e87a500655a50f17a,0,0,0.34620752142673805
logistic_regression,ed74c032b707ba09b7475af0917f61308f12fb0646,0,0,0.10030412680760321
logistic_regression,b62316cf73022bfbb42806766674d6271ee071a225,0,0,0.49425499301636633
logistic_regression,b73249e9a8410b0797c346758c4d17dfc0a291dd09,1,1,0.9579005783754392
logistic_regression,14666f3155078e373db7fdb4f8f7938dcc07f00844,0,0,0.07997996252941778
logistic_regression,b37b944ea8df7c32ea8dc2c41b1190958b9819187d,0,0,0.0009471170152418315
logistic_regression,b4cdc43d303eb0acd2b22997b75912fffea4b9e7fd,0,0,0.019851332903576616
logistic_regression,591421f33746cca0dd9ac6441da9ee6ac4fa438100,0,0,0.08838343386225608
logistic_regression,8d59184a73ad2f1b7ad59c5e604a540514196a3ecd,0,0,0.24712461266905264
logistic_regression,ae2cfd8f3d8bab55106a408663b8f68d99b9332d05,0,1,0.8791112109921432
logistic_regression,8be9ba6e2492163cff8d8978b6615a06497fd415b7,1,1,0.8287769372046482
logistic_regression,f52a9f5948520dfde7cbc9dcede2e296234baf3f87,1,1,0.8335359632047852
logistic_regression,13eb29c7f4580aeace2fa1052f226c6ec7816ee874,1,1,0.9200207288061717
logistic_regression,73f7c526f91466bb9c82a56eff85b87309c78f62f9,1,1,0.7902059913533299
logistic_regression,8c9065a47815580c6ace59d014f279b891e83dd0f8,1,1,0.7867667744010115
logistic_regression,415db62b542b1d2e5f25d78e8f0350c313f9f55712,1,1,0.8990182748116007
logistic_regression,0a4d899122027e04e5bc2841c0d18dbbccd66e70bf,1,1,0.8168568700056883
logistic_regression,ac7826aa3af2221ac938b82c7baf1a2b0e5d0b7dac,1,1,0.9862952153265989
logistic_regression,74bfff180c7f3e095a3e6f7867260b25f9389d1945,1,1,0.7780008494525155
logistic_regression,87be5b14378b23823469ea64f5940c67ac1fb9e1a7,1,1,0.7257264637796071
logistic_regression,175e97d246ddf597726007860d5db91d19feb9cb36,1,1,0.7434718547212824
logistic_regression,01f3c5080f59fbab946d8fb7747ff97689828e5130,1,1,0.9534415248555068
logistic_regression,7346918f2299d73cb90760f6117b6ad9010197c76a,1,1,0.9491960875948461
logistic_regression,ddebf4c6672ba3debf38cc0a7c39ee36b35eab6846,1,1,0.8741586391614585
logistic_regression,de28ee718a3c6becf0b14d52a216a0919e8ac6064e,1,1,0.8870965821811352
logistic_regression,f7502761a8faa9cbe985bb08eaf0d3f16be3bc9bd4,1,1,0.8739745927238485
logistic_regression,c23729b08eda0d8c2b5d2c55907bd42360a5d6721a,1,1,0.7591083646464433
logistic_regression,266f3407fc935b15691d2f27fbd5aade55b2ae9974,1,1,0.7660528924172058
logistic_regression,bee37fe4e3c58c34b9a30c7e8d8579fda7e933fddc,1,1,0.9773596005003914
logistic_regression,2e0ca2ebc9a7662c97fdb43fa880db660e3b978b1a,1,1,0.9473679115434426
logistic_regression,a4fb9ef30937bc836d0a38a43dc07fcb0e63050288,1,1,0.9186639325742494
logistic_regression,ebd0be19f0a56990195b93deee4fa08272c99dd6cd,1,1,0.6080403733928672
logistic_regression,4cbd3516de4906bb22d372a90ac4ed6ac390efda77,1,1,0.9810846058163574
logistic_regression,d5be5f709f7ff0ea4509eb0f734a126c36b0073ab5,1,1,0.7549095859085014
logistic_regression,6fbd24be1870dc13e1866deb52546f56aa6fbafbf9,1,1,0.7487438847163423
logistic_regression,2cc6aade19e65f2560e1ac42c3c2b76782911a5254,1,1,0.6970313597658334
logistic_regression,ac63a28f0eaa68b823275288060c012e8b0a145548,1,1,0.9870992287139224
logistic_regression,2e4ae1620f05effebfe3778e56d6b6075e47d85d79,1,1,0.7870054740950051
logistic_regression,a01c5bc062c5e64cd68e369f4e070c0618bc90b254,1,1,0.9584150727380919
logistic_regression,2006cd51fa4bf18d9e0d6bc71e251e1ef1e65e5d19,1,1,0.9413795965038866
logistic_regression,2a86fa3b464e47db453197f5d1dc4a69a2bd2e4378,1,0,0.4013626114306913
logistic_regression,32b41674bab524791774688040dea23aea9fa7a038,1,1,0.775127534694233
logistic_regression,606d7e192b256a9833508a184fd0bcf851065d471b,1,1,0.8778546492922124
logistic_regression,c3b8dca88baf623566bd69286b26e44381f22f4687,1,1,0.6480667575762257
logistic_regression,2fe34a975f1d056f3e8af13057207f5115608778a0,1,1,0.8896208413661026
logistic_regression,22c57c0919e1dd24f9a72e5742190b7a6a99339bde,1,1,0.8242551456156092
logistic_regression,f7fa414c76765b7c7bb1e2bbb582821b5afa95dcd1,1,1,0.9958165093957203
logistic_regression,eef2238162417209779c631feafdf24fb839ef935d,1,1,0.7678381344941586
logistic_regression,56f4f468d528bdaad32b1c78bda55bb82458518e6c,1,1,0.8734939680784436
logistic_regression,cf92db944a7d20f0cc713761d25188069ed67c1f8a,1,0,0.21336255869734103
logistic_regression,e5a89d68930cbbf6cf69afba816304f2f150a45e7c,1,1,0.9619274466785904
logistic_regression,b7a2fa866199adb1b09a9c892c98f9d0670e552102,1,1,0.7723729286168644
logistic_regression,578afec37f48a7d3fc741cf8781baf02042ecc696d,1,1,0.9633519023719055
logistic_regression,acc4d78e4fad2dba1c1205881098169daf2bccebf8,1,1,0.889984554165297
logistic_regression,6bb5216243ddc6b77e253f3a5d0ddc7841127cdac6,1,1,0.8054589469447796
logistic_regression,39eabe2ced88449dcac9aa7bac2321b2d6b793c2e4,1,1,0.9323922015472752
logistic_regression,5695e9a7fbd77583952d7a5431b04e54f368e56d5b,1,1,0.8903710270645039
logistic_regression,6ceeaed278ac639de2335eaf03df9c9bc36cc278a9,1,0,0.12641650861778894
logistic_regression,f635637060954b5d389de15ef7c4e4bd1d8b602fe8,1,1,0.8918491764267968
logistic_regression,cdae97ec1f2f423a3b968285bb307617c621af4b61,1,0,0.06903947980415379
logistic_regression,9064f0d5d0deccd42e2c755126e477ca6af282ee37,1,1,0.7316203411080102
logistic_regression,d44352442859af22fe73d448d3556754d864e9bee1,1,1,0.9011482432486535
logistic_regression,5c2d23504f95a312766b4562e38e5f3ae41e7425e2,1,1,0.9898873543557213
logistic_regression,e638c9f57c0d6ddc6aad868a099855b12e5d4064a0,1,1,0.6110533411422218
logistic_regression,ca3469b2e7243ad6a68aad13e285441ded993e6c08,1,0,0.031213167383700568
logistic_regression,063386a3d3efe72bf330f0e4dce24698517e1ca0d5,1,1,0.7106040493363198
logistic_regression,33865e4e1b058a34c12a0f4fcff71d031e2d2ef4ef,1,1,0.7212370447709732
logistic_regression,3049071553aec88453c4ec3cab2e50c35b1001449c,1,1,0.9051468111542957
logistic_regression,c1ab6ea78bdb914d3e62d73188c01aeb8798e98240,1,1,0.9634700518585624
logistic_regression,de89d0a0a8f941ff883f09be87e5635c77e17d32b2,1,1,0.6281491209979556
logistic_regression,5d0b92d920b1181614270f64d027d47d14a770c075,1,1,0.6338770941453596
logistic_regression,0d80d12463918781176aeb88ffce421d3d728032a7,1,1,0.7378572435790498
logistic_regression,a27de647e6e0fec88805bdb3955b78d05c14cc6eb1,1,1,0.8606765142811794
logistic_regression,aeded4ac6f1860f8e166ad2729a66ca9dfb72985fd,1,1,0.7645855241946351
logistic_regression,4c17e5e488858451dcd9fd47a52e1d5ca07f3ca9ad,1,0,0.2685489591960537
logistic_regression,00aa5b91ef6652ff2972d1c1a75c25c6b6967655a8,1,1,0.7318271863951367
logistic_regression,a07204e6c4d3facbd2a7479d5a776bdf4651a66503,1,1,0.935566190288771
logistic_regression,cfa5a13cb79868d3707b81394dfda9b9811224b699,1,1,0.9837251810364838
logistic_regression,95bffa08dc2ba4a91c831458bceb27ab2e6ec090d0,1,1,0.7761844480661058
logistic_regression,03718ea7063839267a6b682fee82acacad9632b28d,1,1,0.8402541862559361
logistic_regression,aeac5b5b5ee14c02bfee61cab8f6673b857625aebd,1,1,0.8262911808849034
logistic_regression,5aaa9add7552518059d9281e60f5264fe1969c65ba,1,1,0.8938165523320996
logistic_regression,dae6a29c5214847c394d37f93936d93801145641d4,1,1,0.9386174772217452
logistic_regression,f9f9afcb29875f984d2b3161c4470179e433d520ef,1,1,0.562175723224312
logistic_regression,44ab6a31d9087db49b3ed7047418e6c97240fa673a,1,1,0.649551753883257
logistic_regression,0b6646654c5ae0c71cdd6db45da67b85901157fb03,1,0,0.248621541551355
logistic_regression,b0a33719669d4aaad2d1c96171244a60828e566ef8,1,1,0.8264989387648639
logistic_regression,526077779325cfeb49af08377df10580438c46c9de,1,1,0.8908324573540048
logistic_regression,937993810e97efa821faef461904a14209d6b8cf17,1,1,0.7394436233214642
logistic_regression,769c78146bcae8806f8daadc9c915354efc641b91a,1,1,0.7742191833415843
logistic_regression,5eca9cbbca8f18e5c910a1d86c464b0c38d6d69ab3,1,1,0.9839952013283986
logistic_regression,2058b67c2208d34474712f3f85d5a6db2b457cc87b,1,1,0.9964554021899703
logistic_regression,a42674f0a14c795074594332d18d844e3b8ac978c8,1,1,0.7186645999553452
logistic_regression,0599f4ac5ea5c56c1cc487794e61d69c05bdf1bf8e,1,1,0.9802496978933933
logistic_regression,530b3e063eeccab75eee57a1d45552f1c08274cc8f,1,1,0.9007579451624272
logistic_regression,b513699ff279c404db1b8b451d3c704b9a163d5e1f,1,1,0.9612578706789952
logistic_regression,a5fbbc677370a055b122393d43742a9865c33d3bf4,1,1,0.9310436013773066
logistic_regression,09e3b557a388816096d4afd0349c2a9ea4aeab06fc,1,1,0.9866728114545837
logistic_regression,1223c740943ea711f904af38f3b8e0028b8341cb3d,1,1,0.7523032742559116
logistic_regression,c657272ed2511227a3c76637f6c40ba7ba05511134,1,1,0.7421389116196917
logistic_regression,5117ae9eff9be5ee13346c4e3825c828cf3e1905b0,1,1,0.896587863164266
logistic_regression,74d297cb35d0c3cbf5a173f831d1148d9d8a9e111c,1,1,0.9879512242438517
logistic_regression,e830b4439e2ddf5b86024fbb0d3737056bb844d53f,1,1,0.9907338598122218
logistic_regression,386d421b4707c14279040d322acc441e145b32f83e,1,1,0.969925765828848
logistic_regression,0e2d02190f9887dc259dd3143212ce318927ada98c,1,1,0.8887101461543094
logistic_regression,b6c579d2e24e6de05bc87969645dc52494d2e1c50d,1,1,0.9609516657505499
logistic_regression,8807de5a4563e1f0d7e0e6d2a430c58826e3bbb1ec,1,1,0.5973066483223394
logistic_regression,4c0b507aebba59a2419b70772bb0e84b1c1f4a8bd8,1,1,0.9253099083642363
logistic_regression,ce3c52263c228287fb40e46ff189923f4ce1140ba3,1,1,0.7947475059884627
logistic_regression,13854f523ab2eb3523787df4d7e835a8bcb0d8d869,1,1,0.990593612831578
logistic_regression,b18f76598960a6ed62ec084588bc43eb1d8ed6f7f5,1,1,0.8929790508457646
logistic_regression,9a08bd29ae926aeb0a4433a3983acaec63addf7c5f,1,1,0.9616855610168666
logistic_regression,18acc7762642af8be498000b913510fb75a3295ed0,1,1,0.7742241953603893
logistic_regression,c00b0d001ad4b3e987eefe11ecc0df5e8d27e15db1,1,1,0.6712032911861724
logistic_regression,0e5cc16cd3683dd43002ad0dbe1f8d79fcf125562c,1,1,0.9532716890577191
logistic_regression,d109c6405ab752d3018ea5105dd1001909775e61e6,0,0,0.42802958841444416
logistic_regression,ecc2ecfddb1add3848ec6b4d2d3f8375af06882457,0,0,0.373654446873206
logistic_regression,635876ad91be95ed47d776def75d39688c95770a29,0,0,0.11048227065256985
logistic_regression,c70a64b4144951b55afa1f5f57b9640f524aa13b2d,0,0,0.1453391976838387
logistic_regression,7a39c29c13020d43677f18325af411f349c8b49e1e,0,0,0.015005730625794621
logistic_regression,a71ce11beb60f8f4f9139e3468823e4d115bdaa93b,0,0,0.007364057396482978
logistic_regression,5ea2087e4f7403821752540789bc5c69bd4c197443,0,0,0.05879785474421514
logistic_regression,7cfa19e37b8b9b04c0be652afed22b5716a6ae084f,0,0,0.00651101438032748
logistic_regression,51ea7f7be46ed46ba3cf589f16fd31995be7cdd69b,0,0,0.010876526208027515
logistic_regression,f70c1209fc1106f0e02e66ea40be9932920d884274,0,0,0.10593815168514328
logistic_regression,6813ab5e919375a2290e0215d5750d0b873c5c95a9,0,0,0.008254040188736402
logistic_regression,240d69ea62bfd930315fe52912803969b34607dbb1,0,0,0.026826616164368176
logistic_regression,6aa3a532723fc37e402486dc2dd782610e0ed1f68f,0,0,0.001038125938886952
logistic_regression,5dc939c19b9d56cd4c52be72bf613cb0926a9da597,0,0,0.03130329946150219
logistic_regression,a5a4914933187799e9cc15f8bf3bfc8d4cd786a064,0,0,0.0054500440944174455
logistic_regression,aa69c9c804f0d85a83936f2ea474c32ecdde829a73,0,0,0.14430689272586597
logistic_regression,c4aa85aff2f9f0e5eed0ab61a42271f359a60abcf7,0,0,0.019893840822080875
logistic_regression,20ecca24f7751c7f75de7a7fd7d39764a74d146cca,0,0,0.11971039779195598
logistic_regression,f4149bfc8aaa6460bd888baf8ad9fea055e1ea0dcd,0,0,0.015215990722683832
logistic_regression,e299d3e6c2a90595eece65cefcef92e47893c874a7,0,0,0.02143112624188106
logistic_regression,300cacfc76d0a8855074760e2dce19a1c3d5474f1d,0,0,0.08119524185813598
logistic_regression,e3199345ed834e2df5cd4753f27a6f930c97dec095,0,0,0.11883733065260785
logistic_regression,b93d16dd36a74534b752b8e34bd0aa8cc15b929340,0,0,0.007268536719671305
logistic_regression,6738047720a54ad1f26b555d0ac139229eea5503b5,0,0,0.07991620678410385
logistic_regression,0a332612fc979d70201e2c4f9ca520785c20916cf6,0,0,0.015257301799328327
logistic_regression,9f05d883a63830030531a3ef0bb6462eec11f16997,0,0,0.07303799834404877
logistic_regression,51a32645507ab3fa96cbe55d86ba07ee0314ce4b90,0,0,0.0843107857075045
logistic_regression,5a7b95338df2c6b27818465f11116c205e772f7727,0,0,0.015080687908442575
logistic_regression,07f5e174642e0aa4e8af13d295ac9949c2f924fc1a,0,0,0.04589460271205421
logistic_regression,b8e58f3634e5ff7ce538474fdd60d6f8897565cf17,0,0,0.013899609025200054
logistic_regression,4bdf64ffa4ef64c747b68ec65a4c67270772dd3730,0,0,0.04076697477862451
logistic_regression,c4dc9bba394783bf5d12c115494411c7481be9ba36,0,0,0.15162740472755973
logistic_regression,dd2cb0c8e86bcfa564a7b158af5791164cb33878d2,0,0,0.0054685429868277955
logistic_regression,750cf6c3c69d75ecbcd7cc6f736d2964c196bc8c84,0,0,0.07835994769818404
logistic_regression,94ad7dc75476809e93e41f67e8f9fa39543d346cb6,0,0,0.0008131529894376875
logistic_regression,194826891b24f93546bba105258b9d1ace7bd82c5a,0,0,0.00703355377475006
logistic_regression,da6fd52a6e98c8f3469f2c04d7517d9b08b676a3b7,0,0,0.07929309781309343
logistic_regression,b37bef5a20378e12bacf6eb9813aba6caa2b1a8eac,0,0,0.07920423794488216
logistic_regression,ecd44a5d0d582c1d0056f9dba5249d86df092580b2,0,0,0.01590092380449758
logistic_regression,204f6a90976d9610376207bde60f15edeccc18a302,0,0,0.057252634557548504
logistic_regression,4cb8b57a192e7b64234cbb799be6a5bbfce9b8fc5b,0,0,0.15989635221054585
logistic_regression,fb55f2262a29195402eefa823c96fa1cce75bd556f,0,0,0.07375514115385856
logistic_regression,f72371c3e86bf4411261c5ff983dc55edb62b0ffdb,0,0,0.09309724182216614
logistic_regression,acd330d1fc73c4bdc96c15f9689aadacefeba84b95,0,0,0.017690343405673756
logistic_regression,1464df7b2c55f926db8605347fad5144c5b8bab164,0,0,0.02690852670752428
logistic_regression,0accee1b14092bbd899f9fbeda276352402497b5f3,0,0,0.08277500577763561
logistic_regression,1b95641061b122ff8f4939783ec94a1502c9f87c46,0,0,0.09647551286764652
logistic_regression,5a855cdab15360eaaf8c023c5b816b5bf9c29b804e,0,0,0.1521518634437085
logistic_regression,920e6850ba7970997d108f4f9c872e205fa54074e0,0,0,0.08396307908259523
logistic_regression,52d7651ec35c440b0f6752f36112ace70da6f54b3b,0,0,0.06463685516762052
logistic_regression,30d8fad5720f541f9d7fc349180b9294ed33c4ecb3,0,0,0.07589036201863643
logistic_regression,f12f75eb8dc8b75fc95d3c2fb38930465d6d4da06b,0,0,0.045220608664964315
logistic_regression,58dbe55d79099c1b3f2e75ef0801c98c2a5d2bc073,0,0,0.1263123236397159
logistic_regression,4c1e23d51999bd34a4e4a4438b42bac642faa651b0,0,0,0.08806090922039733
logistic_regression,5e03e537495a4c585d7ef57c73c1cdef45b32346f5,0,0,0.0661330702614056
logistic_regression,09f4839038cc3944964210479e77ded0ef7d7fb84f,0,0,0.09465873667334032
logistic_regression,ba829b37eb3ee8c2ccf09a37b59419425b1b29b893,0,0,0.14148268375706993
logistic_regression,bdf32762efff80ccccfbf5d10c8dd2682889b2884c,0,0,0.09156241123483858
logistic_regression,1ad61425623ecd5b684f83ba060e60563e9d499015,0,0,0.0017249257619360093
logistic_regression,1c32941ee0342d2ea13e7e8e983781608a097e9542,0,0,0.026795164569126263
logistic_regression,a32325c2749c1ea5605f14f14fa00bf34ec8928e68,0,0,0.02406182484462066
logistic_regression,ae04d2f8922ec061aa269e9f6ead312502e342b3f8,0,0,0.14963662970152963
logistic_regression,b1d5b07ab91fbc47363f1efd8cd2ce5a6a70010b08,0,0,0.14527918637051732
logistic_regression,460a7c3e917ff9eb185f131e7fe224fb7732df0112,0,0,0.12295547418716415
logistic_regression,f58ea1b34c4f2bc0b2d42be71d11cf4f57765e9f44,0,0,0.09439528085441752
logistic_regression,c26ecb07db90bd3f6935a323fe3a0d18991a0c12cd,0,0,0.10915675289977742
logistic_regression,677ce8c5c391d65557081b1ea77426aedd3315fe76,0,0,0.13738378637002246
logistic_regression,350eee64dc15ef5f25b99debfb3c1ee36909edd761,0,0,0.08175480450242224
logistic_regression,5b13a7138b10a484db75efab7b23b5cac17f844264,0,0,0.0964207344211954
logistic_regression,320d21ab666f9e95c0d80dac86bfe53827fb5186b3,0,0,0.0164148853015662
logistic_regression,69d2de2ecb44bfce602a4a1e1ae9354d5becd98f9c,0,0,0.008952413064445334
logistic_regression,63103868684a1e4bc0828dd13dc4016df383befc9f,0,0,0.051736262990870044
logistic_regression,a9ede66761f103951652db882f80947e55a1641e8d,0,0,0.0028105706520982435
logistic_regression,7bf85f08b286f784fa1dbbcb74f0f7235170bc277f,0,0,0.09245643813103123
logistic_regression,dd280af3bea8359a9eb92df558ccc65e38d905da8f,0,0,0.01946232222929534
logistic_regression,8b2317f5cba3a5f94afb115852c7fa25f8f1c978e6,0,0,0.07674343643596174
logistic_regression,0c38716e3b1aca0120d5de33f7e86a864978e65f9c,0,0,0.08978684122546893
logistic_regression,7ca8a65a4436f433bdc810e11de208c72a465e8d88,0,0,0.01093629633068954
logistic_regression,7d0080a3420faf55b7a34f1622bc60cd22313b7f7c,0,0,0.10196041938567267
logistic_regression,540262e9340ebd0ea3b6828d6c84f3fed90d8480dd,0,0,0.09927873167477731
logistic_regression,d35db783b3cf33cb97cb77b860a7493a4273ea526a,0,0,0.0034109929111352374
logistic_regression,1e372421618d5d21e893a3c40af7ec5acf60c5ef38,0,0,0.13055621820078908
logistic_regression,3421f60110667f227dd9e60c7196372fd625818ba8,0,0,0.08772552020610226
logistic_regression,35342abeeabcc036c218da52cbc60b6a9a39af3614,0,0,0.001146208485864087
logistic_regression,940efa1a54006cf5683233038697344779b2881cfe,0,0,0.011836004745335768
logistic_regression,c5bce3af1cdc8d08ee38c4322911773201aa8a7c54,0,0,0.15740620748113202
logistic_regression,4452822bd586b5273232bea9200ef9d64ae4c3c5cf,0,0,0.008513036672770109
logistic_regression,c9b059e6cf4b1e01a6fd4fdf1534028979247311c6,0,0,0.0160988340679766
logistic_regression,1bbc76eeabaeb020c80831158e8fdb4cb43356e915,0,0,0.11432489335023473
logistic_regression,7b4e13932c4d1f24098850bdcd93769f6ffbe507f0,0,0,0.0014537344218870278
logistic_regression,b90e55a8c58f16dcc8fb3c236a243a5b9651ad1f64,0,0,0.0018127335231218967
logistic_regression,0e6ce693bea86f5ebf7e3cc67c720f93f86b33b2d2,0,0,0.02327587768053755
logistic_regression,5dfff35ce9453ee96cecbe45744887334eaa485be2,0,0,0.1317801401897146
logistic_regression,8055617272c6ee59b95fb7e49c2d9539cdaa8bf785,0,0,0.0730866972057181
logistic_regression,25c87bd239899ba931dbab59e782bea0bf7649b6c1,0,0,0.10200199637959241
logistic_regression,274df9d64fd871412ce630e0242f392a9c9a0df86f,0,0,0.003836765077980199
logistic_regression,ddb8b6e3c89f41fb8b947bdecdf3315563ad169c6d,0,0,0.017749457869021025
logistic_regression,7dab058e2d7779029fd35adf5b8feea91636bf5a35,0,0,0.0013210245232924008
logistic_regression,727c8f5dd06d6dc234d63104693a83bab83fe655d3,0,0,0.07830665907230983
logistic_regression,f365168604d2f76204ed00d3570a056129178daae6,0,0,0.1012059587174235
logistic_regression,8e91172d3a011a9f277ca6bc93d0b9c465791fd42f,0,0,0.09092504991719742
logistic_regression,735ce1d2e6c21b0a3aa39b248325298acf1cc2f1eb,0,0,0.022683561349298987
logistic_regression,0d9e44fd8452e57813d4f0abf057ddcde3b9562864,0,0,0.13959419916322194
logistic_regression,70a9acc6b3ec3b0fba196b9e729a0a0535b460bda4,0,0,0.1437918617778143
logistic_regression,9fbdaeb8fb73423f3e90c6e951b8fd45f4eb5cb7fa,0,0,0.027462367058631188
logistic_regression,41135a8bac2c94bc3815427ceed188717441cb60b9,0,0,0.07214086139584486
logistic_regression,7a798591541c6c39da2557259d862a2036c2647d8b,0,0,0.008273926103022954
logistic_regression,b5c90f4d8738c8f447ecdb530fab1eeaa86a1c8dff,0,0,0.06472620037608884
logistic_regression,f44b1e28e08eaf8f324d779c5dbc45291bd4be07e9,0,0,0.14538347332337895
logistic_regression,d5611f14a24a2f2e64f74959876b7586b227697f87,0,0,0.013955563768055379
logistic_regression,7ea85832847df97940fc96b32a9fa874b4b1481051,0,0,0.0021697650995759375
logistic_regression,af9ea3b9c237b3b52a0d2ffcfaaf0e3e2c6d3e9a10,0,0,0.0694592523475806
logistic_regression,8a6338ebe022149cff81f311c7df3415ee4cb1e48f,0,0,0.02255943000911347
logistic_regression,1bfe6565218a308f9e5e2460c69737cccecfe69868,0,0,0.06253379033030032
logistic_regression,954e8b5284495d6d4caba2ceb86aece7f226a859a9,0,0,0.07971414381017008
logistic_regression,6f6eab103b87b85f21ee5e48837a97e5790dce14d3,0,0,0.023959103363891423
logistic_regression,c72b0227609bc4f2c147f2b3d2a9be10bef755f985,0,0,0.07413887760109003
logistic_regression,aa5b4fec4698552a65077b30f33a3b8552cfe051b9,0,0,0.01047181664421834
logistic_regression,4290a7df75e6241ba91dc7fd16c1f505d33586f3f3,0,0,0.08340256750368516
logistic_regression,29ade5b9a6f963e7d4920c0e6451f0fa025bc222b4,0,0,0.08053630251415154
logistic_regression,2f7447789d2823aeafbc33e780364d1878df069142,0,0,0.09731987815578536
logistic_regression,32f324600e4f6d21aa93ee26f8df5e89a8f8cad73b,0,0,0.08822497893574542
logistic_regression,3b7e2ce21e8535d23540d29889fa8e99db9b44ec66,0,0,0.0909648220076421
logistic_regression,ad967ef730d3293f86dc714b6a96991fed325a8f4f,0,0,0.09464903458155356
logistic_regression,3fdea681d9eca607cf8b09354166ef450eed2c8534,0,0,0.02424954616473541
logistic_regression,7efce14f58796a617661e7d351ef70987e6a08aeb9,0,0,0.029055250518660133
logistic_regression,6632c56b78427e0b967fe681a3b7cdea18732c8c08,0,0,0.010291144706251807
logistic_regression,5a087a9cefba6c1007a308d22866298b5487e656d8,0,0,0.02428649980476731
logistic_regression,7e96d870d7c42a6199a64666a2740ca9f110d609f8,0,0,0.024448930087696805
logistic_regression,050b65ab0117454b3bc46ddcbf4253f06d0bd65a0d,0,0,0.09123819237251372
logistic_regression,e73d66ca5f7702b2963a6d0d04e37ab1cda2f77571,0,0,0.021184795936147537
logistic_regression,9d668dafdea3676cd5d746f8568e6a5aebea328235,0,0,0.16493855190024134
logistic_regression,8d49ebb5d46c2695706d117d814ad024f76789d11d,0,0,0.0028403118308897267
logistic_regression,9de5ea5ea71217925bbd426595afd703ba91e4bb62,0,0,0.01791514370063708
logistic_regression,c9f562cd49a205b42e85f2f7faa91f7619c2c8938f,0,0,0.14000298052316348
logistic_regression,9b2ad5e0ad7c4eddd659a961db6be7de974ca0f851,0,0,0.08828067055436058
logistic_regression,4e6067654b0396fd525c9c5f74df9c56f54975791d,0,0,0.13151278844655265
logistic_regression,749be11e3192f8e701b127d79af4fe211903de7376,0,0,0.10235989146355388
logistic_regression,52dfe96409562cd6f19969677d4db808aefaff13b8,0,0,0.1347244744682262
logistic_regression,4a64ebed1ee17e6e3911fdf6a74c83c3d1f9ab16eb,0,0,0.005344252108708271
logistic_regression,1003effb82b349303692436ffe6511582d53bc4d25,0,0,0.08409933293255661
logistic_regression,fb34363c1a57a571c0a1a3e4903e37315fdb9fdb31,0,0,0.003284491030601376
logistic_regression,58dcd82d2082edc8733c59509f3703911a92fc7279,0,0,0.007768747932745926
logistic_regression,2929ae607131aec2b373cd19c6a4c0927dd05c0bdb,0,0,0.12558366829516665
logistic_regression,f611f3e2440b3b97ed350cfb2742faaba767bf4fef,0,0,0.01062514487378913
logistic_regression,ee2e1135aebb5cff872d7a8e8882734ca4e7cddcab,0,0,0.07565314898016309
logistic_regression,1004247ae4a92ce6b5c747b5895a63bcf85c4adfc8,0,0,0.021088435581119655
logistic_regression,9f8095358b30cefea98715a5ddaa8672401fd4c2a4,0,0,0.0021644693839972533
logistic_regression,44cb206efc8b228f4546696497984b19a3cf655241,0,0,0.07039944757573854
logistic_regression,fbc1e99104812c6e43461375663a360d8044470f71,0,0,0.008347000843286349
logistic_regression,1e88ff82fb021c283f6975ba97ad455c95adb0278f,0,0,0.027866295189552727
logistic_regression,f13adedbbff62903bf64fa799dfefe63f67ea36771,0,0,0.03949948305301267
logistic_regression,83fde23705c4b2d463a61a3d95693f2a8a997fb5e8,0,0,0.16316694397388878
logistic_regression,5003f9beebd0e032255ba393d040129f4f453b2b10,0,0,0.03092662489024481
logistic_regression,418922813e8232b37eac70c3954c4931c4cdf340b2,0,0,0.03790763752191435
logistic_regression,c111bf9332ccba909d772b37441762d2c1e64d1744,0,0,0.04463487275996578
logistic_regression,a3279832a792c69182b3070c45035f849083fc5176,0,0,0.017701339169544326
logistic_regression,52403bb0014b689c993e74e113de4961397d284685,0,0,0.0020751512678870206
logistic_regression,b65df7af5f893924fc7cfcd6e9dab36666708a35a5,0,0,0.0030179252635752704
logistic_regression,e2bf8e0756dee997b39c0831e0cea40d18faf04e91,0,0,0.003664798008600694
logistic_regression,d992ac36cd690da6365449dbcf55765e0e7d8b720e,0,0,0.00329792996358096
logistic_regression,5dc46ae0dd0169ce1c9d6678f469f4ac05e29d62cc,0,0,0.0012527850704873598
logistic_regression,934d338b6fbbc34f2a7e4c611b2d0bbd1694594ef1,0,0,0.06818669557772673
logistic_regression,f6a78e8ae1664d5ee29e392066290defdaa3f43c9d,0,0,0.045033376331412994
logistic_regression,84b1124938ed21109a063b6f653a20383e99fcc8a3,0,0,0.08990353069038916
logistic_regression,62490647145e7851a127ad004d383575c8473d2aac,0,0,0.09168535114239201
logistic_regression,a33d1333f2c9ec925a26c6e06b9a1a51bb9a45d855,0,0,0.11032201250283896
logistic_regression,5069cdecd924a9543b417e408f27405c4f3366989f,0,0,0.041176265109244076
logistic_regression,748c97df5b9bfd90639b5798ebe92c4f3d6523c61d,0,0,0.017243892654267824
logistic_regression,33ab12f9975b72cd465911b51673806f92a56537b1,0,0,0.11773067522394533
logistic_regression,54cd1860d82f8017ecf25584f5ba7614509fba5a62,0,0,0.1378323626870919
logistic_regression,f18af33f4e3fe436ad1b7a6da19ce51c336452cc0b,0,0,0.10158642320087014
logistic_regression,1cc700da01505ee3b08eebd61155cdeecaf60d8c53,0,0,0.0006332354998910073
logistic_regression,33465d1ef215ac67226eb63ebaab5de7162b16baff,0,0,0.0027430653858771504
logistic_regression,82636ea4336933043ec9a179dda80ae692a7b6a133,0,0,0.07688550281007003
logistic_regression,181084a18ecb651ab6c18933df00a6ee785541b603,0,0,0.018945682582703807
logistic_regression,49183b674f909eebb89574c4d9e737e33055d4b4fa,0,0,0.06535080256156137
logistic_regression,2ed448cce1552288183b342b184436c57b665da5b5,0,0,0.06433661339309457
logistic_regression,bac0b0194b47eef30a227b62ebefb9d1af40ad6c16,0,0,0.06856460753187514
logistic_regression,64a29bece453f8f6306f5f1b08fffdf1021a3d3ac4,0,0,0.13510917082914684
logistic_regression,861171ce915eef94705f0e711b7335fc795caf996b,0,0,0.10688289749193938
logistic_regression,e5a88e11f1e9f012e6b4f62a032639143fa7f1777f,0,0,0.06905530604347736
logistic_regression,feb635fa8527fe301171c8da5f72045541732c1b5a,0,0,0.07744293535517977
logistic_regression,07e6abfb1919a39229733cda5eacb940493a262e98,0,0,0.15985372870233952
logistic_regression,fd9b470b48e01fcf8af37980667b26eb8e145d7141,0,0,0.09813967217079737
logistic_regression,9b3ac2e5429a7c05a2b955701fb03dab038d208331,0,0,0.1457554891173922
logistic_regression,359bfef5308aa47570125b0c2475b7e02f105f60c2,0,0,0.127060578909796
logistic_regression,486010609e32b4383586d61ab483fd21e03bc2747b,0,0,0.13315016528758458
logistic_regression,08e1d4cef34a40c9f26cd4bd962c11c6a817b63cfa,0,0,0.013745849160399785
logistic_regression,078d40a7a8aaabbe8f2da4a90d806725385276f279,0,0,0.15329834787079902
logistic_regression,cd181c6e3918bb765976a1a2d2d311188189b99905,0,0,0.068584703445989
logistic_regression,839cda14711463fd8d83e229ec823b3ef50c32656d,0,0,0.09673480221344272
logistic_regression,a7f6d8ab40ef2ce76641d5f62a5a13b495daff341f,0,0,0.010889828670757475
logistic_regression,8d8c6c04e8d6f252943aa938ecc57bbcdbbd53e0ea,0,0,0.012986764039097543
logistic_regression,9eb0d6a077f715bdedc9553cc83302d210f0e2b4d7,0,0,0.007012215047577682
logistic_regression,f79dea8d981a59750e552cc742bb7537d5aa05b4eb,0,0,0.0859209044652902
logistic_regression,971cedf9eae71671e31cbeeed35c4e258b2f4509cb,0,0,0.000581955869432088
logistic_regression,ce62b307ca51fa8b22b627e2e21fda1cfbd6e62906,0,0,0.02327820817290214
logistic_regression,26ec542b61751c1cd157d33549f50995b0f692a076,0,0,0.01277623432379491
logistic_regression,d46b8b364be2271549da5de71bbb2cd36de51879e0,0,0,0.09761367723620984
logistic_regression,09f0268e7e281e3301805becb455c742ea634b46d7,0,0,0.12893900979320255
logistic_regression,b4192103045a430fbddc543886efb64a70b4b83151,0,0,0.01007992492668213
logistic_regression,ffc3afe750d1dd086b4a521e84ec661b77493c22e1,0,0,0.09638227913483378
logistic_regression,cf28c56db2e0d8eb367fa7b489e0388cdf4a33feb7,0,0,0.060869913189469
logistic_regression,8c286a3e6ff709bd5a08fc420e662aa278ab06f1a4,0,0,0.006717040826385256
logistic_regression,0b3c5184b9e0aaab9bcb1a708a65f43cb61b098f8f,0,0,0.1041990580909127
logistic_regression,aebeadcb7ec2b087cbc187ca555cbccd156ea446cb,0,0,0.001277565239509802
logistic_regression,aaaecc026549098f261b0306689e83c272d0f34f05,0,0,0.001401133859333509
logistic_regression,4a110483a0ecfffa23ee7bfd7cc83544476d55ef1b,0,0,0.08356566787155445
logistic_regression,f3d0e53afab816145ae2a207096399f1c4c305f643,0,0,0.06593825019102952
logistic_regression,ed24aa1576c7cf6efc85042b7619bb10a4ffe8eda3,0,0,0.005803563942773128
logistic_regression,b08a60e4357becf184ce320f157fb53e7924fec96e,0,0,0.013611620931182821
logistic_regression,22186e2bf310bce9972a1dee0aa7720b6143ea5b0e,0,0,0.03558768666125075
logistic_regression,5a0654d2de7886a16a19b0259f2fd83bcdc8ca1ba2,0,0,0.011157572452078423
logistic_regression,b4e0d3e41da86b93f13ad490104f0d340678c9473b,0,0,0.017768901895996943
logistic_regression,7b35060152d30574adfaf8a8a991e6609242d15389,0,0,0.02504798089204258
logistic_regression,5d746ce47734988229636c7ffc7534e73008fa1958,0,0,0.059924731771589225
logistic_regression,e8f18ddf3d445d9252b581189ed9eaaef0555edcda,0,0,0.03969786820290998
logistic_regression,6c1113e76012421eb5ce7e09e69bdc7929f7d556f0,0,0,0.037697912121483046
logistic_regression,78c7c1b3b46c2ab66b3319e8e97116a60038253ed2,0,0,0.008180104681500542
logistic_regression,abc848fc7c4a3637f025a071512f928a31f0c728cb,0,0,0.015605417983765394
logistic_regression,2e3a9566d7de9067c2f9f85f26b67c048194357cc3,0,0,0.1329046393374526
logistic_regression,da8eb21258ef97b5d95cacfbb222c4a153f82c0174,0,0,0.10497296273045374
logistic_regression,805b03a16e7bdd9e852d40ef34fee77bf88357ddb5,0,0,0.00456215784377099
logistic_regression,0588837026ee4dcee28dbfd155b43e06743a284663,0,0,0.0018705861519955518
logistic_regression,fcfd6b69dfea8fc057bc6beb3adf4811a241dd8180,0,0,0.07291545799271555
logistic_regression,b63203ebe7bc7ed81db543d21e827b5b5d567ea0b4,0,0,0.16507517454999385
logistic_regression,f7df406004c3eac2b27625ac982f601f2ab0fcbb27,0,0,0.15668789796197388
logistic_regression,2c7036da7658e74fb5587879bc217460bc3038d6e8,0,0,0.01896394135769248
logistic_regression,25583c77a3c33fab314b9c7aab19973db0e59c6230,0,0,0.008611611397266145
logistic_regression,c38d3bdefde375cf80e9396153de5870c9577aff75,0,0,0.12885029316307106
logistic_regression,d02b68f7e1f33136acdfd13c81ba1e583395eef54c,0,0,0.025227751749497984
logistic_regression,80a7db5f9a831d35c217d46e624d5d5a0912b8c6b6,0,0,0.08609734161227624
logistic_regression,a52294e1299970e8716f946aa6aea0420714494693,0,0,0.0025606300412166693
logistic_regression,27a6951bf87063f2d3da3767931805f0336e2a76c7,0,0,0.14779064281225224
logistic_regression,f088b0173916556999979ed8bfb20e82fda8dc9985,0,0,0.08256220046320512
logistic_regression,8cc491c0a7d2fadf2935397a2f9fa2ca2838e0ba8f,0,0,0.06732209311826048
logistic_regression,9e1ca5975a3bbaae237d4e984dc631fdb1897d0b05,0,0,0.08511601790889971
logistic_regression,fe62f3e969990e56ea503d709f419ecec4415c1a59,0,0,0.0007430795305381978
logistic_regression,875ed5810584151e923d90a7e8d34bf0618efe48eb,0,0,0.08776861677647484
logistic_regression,373990f035e256c7660a4a70812196a7a2ce65da2a,0,0,0.008354025707067697
logistic_regression,b7842ab39dd9d473f0ece7f9588967589a041258e9,0,0,0.02241720900875887
logistic_regression,ee0ca02b1480743840c538c341c9ec6c9b0a6e593f,0,0,0.15442819242363756
logistic_regression,c68aea0b1e501a0b9c1f75ec61a39fd932ae2c3701,0,0,0.004273784000165723
logistic_regression,c53c8e92b1f374722420a28966534efd31d1fcb114,0,0,0.025784012044319127
logistic_regression,8dabfb2cb918ce815eb32dd1cce9cd1bb6ed9c7a08,0,0,0.081142552268018
logistic_regression,e45f4e7112fdbc867398d311ef5e9333514a09f6ad,0,0,0.09835697411437262
logistic_regression,56264782521a9f6159dc3006416a63ad63b7d55fdc,0,0,0.0807491869500671
logistic_regression,11b4cb91fe290b65b2344586a03d9dfa5b23af6a0b,0,0,0.024721536040875115
logistic_regression,aff17c7aefb6e9efbdae405a8d9185cb647f55b585,0,0,0.11720071998239905
logistic_regression,86fb6f114aad3560a789669516aa0b6ea799ab2690,0,0,0.0013708677310423896
logistic_regression,f60c77a2c7c26fad20668c81b1d4250ec9e75ac850,0,0,0.10663761534220652
logistic_regression,c59251c4a2460e26ad354e27f05b62d823b4fd4a94,0,0,0.1242250166710867
logistic_regression,3d58ae9cc2be937efbd29a697a731323298c2d1b01,0,0,0.012365369151434456
logistic_regression,35c319b8ed5f0ec73c83d5f2c3b0b6fbd7738072e1,0,0,0.019302380094482118
logistic_regression,99ed3f4c5ca7b0e73e94355dcaeafd1ed7a795801c,0,0,0.01857088824034935
logistic_regression,3078c8b2dc886ae19d8d044c4100112957f0a09fbe,0,0,0.0002312619514188498
logistic_regression,2becd681f1ae5b420ab65d8efab098fbcc88c08335,0,0,0.07395350283830107
logistic_regression,7fe7a9e06476816553604074134e69fce7bd4e2114,0,0,0.0022796476171180933
logistic_regression,1b2ccf9e19272834f30a4481a56818e97e4c811355,0,0,0.04513979117326493
logistic_regression,b0bb45a81aa43668ab029e850a08374a3145217c29,0,0,0.08228797366328429
logistic_regression,6db6043d05ae3cff2b4cd42bc58daa17b764629777,0,0,0.009351258283554199
logistic_regression,15b5a03bb1f5f2ef9bf221e38a915e6391a8fc8485,0,0,0.005299708649119074
logistic_regression,5ae8dfaa9a6b5574b2589a40653f56b5a3d1d6b50b,0,0,0.1367766748544802
logistic_regression,7a63ec3b14b533218ae0d7b318f5bf0fcef71c8c57,0,0,0.0017778274447764547
logistic_regression,be69f087c73ee41323f4a185e8facc39ea8619a501,0,0,0.012641117373080856
logistic_regression,3fd39f4422e3c5dcc9ff979f2dd0dcbcec8a301aff,0,0,0.1199091534315472
logistic_regression,e27adb53e7c491fa19ef8d6a862bb441604bca3510,0,0,0.015315988411680723
logistic_regression,af25fd1577614b57aafdcb25c7328afeb1f0626425,0,0,0.11562679033734184
logistic_regression,569285e88321447eb69a9b51eeab0dd4cb55f961cb,0,0,0.11321587426537973
logistic_regression,5fd8d66abbbef704a16a275d1c86f5676f1a05a237,0,0,0.011712655507629765
logistic_regression,f39d0bef1d452fd629aa2e7e52e398af6b8b800ae5,0,0,0.011292377823691135
logistic_regression,0dc3823dab061800e768437e830c950d71d6ae170d,0,0,0.007289068637586482
logistic_regression,52cb96803d645433b6d671ce0d9376788664b6e766,0,0,0.030698895969826123
logistic_regression,297f28f26632bf5fa37ee069760908e630b4f88083,0,0,0.01779444189287017
logistic_regression,bd181c113a2c99ce71ad869a183218f0b5605e1aff,0,0,0.013169237871692326
logistic_regression,380535d022dbf2e4e5e0507ab8eb81ffae1bba0678,0,0,0.0025555509983810364
logistic_regression,d4eebde1108665d11d097a2aa3e250728e7104d18b,0,0,0.0902500178715485
logistic_regression,101113eb6092a5baf0836d8ec9e1803e6a2bd79f52,0,0,0.00991524039057131
logistic_regression,5d28a7cb1651bed793878db95f7313c86e6853734c,0,0,0.0695763641685868
logistic_regression,0f6ec75720d3b83e202a09b571a4babb4c80457341,0,0,0.0013401547991587573
logistic_regression,a9eb56d2c0fad211118cb6454f074e49a4955d73cd,0,0,0.0027615077013557698
logistic_regression,1c85ad5a2a97ac29b2e81b2156bc6d78d31e1824ba,0,0,0.03785541215198549
logistic_regression,3f736b474f7c574ce8ddc36c556f75e1075a527347,0,0,0.0821901029623782
logistic_regression,af7684108140adc1ff3a5b90aa71cac6b6c2af3484,0,0,0.1365498998093564
logistic_regression,c79c86b137ffcc461d24f9d8fa4b57325332a65fd1,0,0,0.032698300390740405
logistic_regression,d27eb537276313a703c2901d0a7418f1fe4a58c408,0,0,0.11660993651234661
logistic_regression,99e4200419ab000b64bf85f31b699e3d70c0d83fe7,0,0,0.01927999009038334
logistic_regression,1bd192075627886e41c85419e7b536bbac291738ab,0,0,0.09057530217238796
logistic_regression,db0c0e5bcc561613c895f313614ebb82f2b37484d6,0,0,0.06477535079496516
logistic_regression,83d92216c6a1ae76253f21267aca9a8f507b61ce7a,0,0,0.1137855440723096
logistic_regression,de24d15940a026c25be16804caa9b2c75725728760,0,0,0.01873304422455784
logistic_regression,9a2611e67646d87c93c82f039dfb87e1ef0dbfc536,0,0,0.0025378511065173724
logistic_regression,9baeb0afb0b2214fc36e8ba820e609f94a913bae6e,0,0,0.012300560082328143
logistic_regression,12d22dc057a89c4dcff2052c7b65982bf68c4de68f,0,0,0.04215713619378311
logistic_regression,86c9da7b51f53110b2bd8aeffba4bbcff409bf45ed,0,0,0.06956028798571291
logistic_regression,ac3849c6b4414d48c5a073246393557fd5f960fe50,0,0,0.11058649555511753
logistic_regression,e35d6e4359eef525e72693022459c783b198c33a47,0,0,0.06604794277761328
logistic_regression,a4c07be9e1dcc6daf7f5335c25e7100705dca29e87,0,0,0.07551519940622232
logistic_regression,3a104bf5bf8c0fe0ea07309f675451a283e8a453fd,0,0,0.019693431636703593
logistic_regression,37f7a7be1600fc04c1448c950dcc1f06d92dd7bf8b,0,0,0.005408896982605977
logistic_regression,62ad295a9860bc1aaf04e52079dcce8f18093c4419,0,0,0.013357365471612434
logistic_regression,3cafc4a61b15f178d649f4e334366a9aec70b78bf6,0,0,0.019693559369330756
logistic_regression,4b0d92a5ee52f7bdbc0be53f25f3d48ecb29308f48,0,0,0.003560046885511092
logistic_regression,9d427e09db845e40e2697bb35a02daec3d0dcf7da4,0,0,0.019763500613158652
logistic_regression,952934013968b87320a8d22156a7ad7fd7dbda58dc,0,0,0.0027821445397924155
logistic_regression,706ffc130fb96c1ac4e2ddf56445926792bd375da5,0,0,0.08356969874433468
logistic_regression,781b0eb86efc7a8d9f36008c1362da5a187d38f2da,0,0,0.0028736995206510843
logistic_regression,5b04f1b2c97cec429116549510e3278b0b284260a7,0,0,0.060325892727756986
logistic_regression,b9b81acd7ed72763cb66073191d11f988f8e57193f,0,0,0.001330245460511881
logistic_regression,f2f4302fa3d9f4e9353d768b38d5cffd1efbbde714,0,0,0.00968245251486008
logistic_regression,dba4dc562cd11c1cd01dee8181337b63ea1495e548,0,0,0.05551276704315857
logistic_regression,e9047ee688ace374ca1fefd27b0b4b6f71003d2b83,0,0,0.0006201414843882168
logistic_regression,e16f8c499923978faa768352eb300269fcc34cee3f,0,0,0.02113217428250397
logistic_regression,1d2e398edd12097ab5427c640dbbda783d7a680f71,0,0,0.08636613199721485
logistic_regression,2a2fa4cb06cbea5871d09af8d5d70e194e6dace8b1,0,0,0.0006252615215316912
logistic_regression,b4ce66346c95657a5ef3bb75f2327354aa745f0c65,0,0,0.042832751393544054
logistic_regression,cef5349356430c90084d6880c5bd53b8c3891cc270,0,0,0.013239801568546952
logistic_regression,c4080f654fefe3420ec7a346c30cede6c751262c28,0,0,0.07757766365907946
logistic_regression,ddd0602457c47ce52a263885de03ca04d2ab259bd5,0,0,0.10559006264531615
logistic_regression,a32340098722d4d473da7f5c07366b8f0bf5ee75eb,0,0,0.008344807299617958
logistic_regression,3c6daab111e8f5be13a1193574670ebae392257a68,0,0,0.004678713012412686
logistic_regression,dec7d6aeb35a05b5e3c0b516b8fdd2e836a57a03c2,0,0,0.14896500383362868
logistic_regression,8bccf5847b30dab46a0bf81cd96f05714f187b1418,0,0,0.022647888337018956
logistic_regression,f102f2bf1b1bb0efbfa15a78bb826991bf9f95bf06,0,0,0.027845356346199748
logistic_regression,5741f39465499a849e1a03a21cb64f3ddba1edbd7e,0,0,0.09109327939522464
logistic_regression,70aeb9280023a0f6aa1340824beaf91ef504e64602,0,0,0.1260278200856846
logistic_regression,b1988953409d3458b48e62bf501e591d5616cac8fd,0,0,0.08043274151429133
logistic_regression,fc079ed1185d534867e654a23a00c0b0e3d6dc3c8b,0,0,0.1728042376011808
logistic_regression,cfda8ca67e6cafb7caf5a6c10aa2ca5115108f81be,0,0,0.05185078271905475
logistic_regression,3b26918b5dab6f6bb696552bc37666fb0606e570a5,0,0,0.003369516022243399
logistic_regression,24fc9a906284accc84b8213082e9a532885f24fee3,0,0,0.0034648756419414636
logistic_regression,35f81425209549f5edbafa42f7eb046adf0a5238cc,0,0,0.028896781995603204
logistic_regression,0727e5a10721a9a6d80a21fafa6bebf958d5a09980,0,0,0.14677823481805
logistic_regression,465e05e49c63288e3db9c1fe489f3773b107dbdc69,0,0,0.0057519957980916745
logistic_regression,e3c826d44b653263459b798bb2c15b051ee199d6e1,0,0,0.002153453401057816
logistic_regression,d2f8a0f71c27616664fb88ebb78d06f12a54bbabfc,0,0,0.09755096261598523
logistic_regression,121615cc4eaa8f5d915eca2168d10aa37509ec148a,0,0,0.10540446427499248
logistic_regression,e83c52c698c9e119c965ed7b7f6a295ab582833aa1,0,0,0.00795654258638787
logistic_regression,ebeeafa79ef799ed4043a7ec457ac785b65cf2ea72,0,0,0.00410665557419436
logistic_regression,ee63609afc27632dbe9140228604c1564c72de9e12,0,0,0.0662313456556624
logistic_regression,6a21ac56138c5bac46bf8c327bdac363b8e96b8dd0,0,0,0.1286745326288829
logistic_regression,5ceca60a38a67ac30191042cb1b1eef4f0bfbafbdc,0,0,0.027899006930976064
logistic_regression,716713357ca5df762a92e40eca0cba82e5fecc3174,0,0,0.028921780624310195
logistic_regression,e3debf9785c1ee9d05824af3aad742d6e4a274abbb,0,0,0.11707934640581638
logistic_regression,2190f383ca702f721ce8edbe8b75a97ec3da634ca2,0,0,0.1357314700176185
logistic_regression,16b9b17ac30e751204192a281a2373ad15ff247a5b,0,0,0.032820799738762445
logistic_regression,69019e7e2353f326f507e2836e779029519b8bf919,0,0,0.11772655301592043
logistic_regression,68926bf5bced94d165c1a877e4648de29720520434,0,0,0.04717776296182175
logistic_regression,c4b5bcf24c921c1a3bba1f7c2438e37240d6185b41,0,0,0.014303285615360917
logistic_regression,bded85cbf748f9e82c7053146825ef5ebbf9e219c2,0,0,0.013248435647605677
logistic_regression,908cad4b9e984cfdb0eccfdcb68f31048d154adf0a,0,0,0.033359341553073366
logistic_regression,cd4c233230a2d49d9e069ff96252d28573f6b4edc8,0,0,0.19073761556382138
logistic_regression,2c0ac0a9fc2fe0428ad72db5f2b7f28f1901826eca,0,0,0.15631703948834494
logistic_regression,c26efb5b4df921a9ca3e2266cf0dd83f971c3729c1,0,0,0.01373456341058456
logistic_regression,bc240acd8ba093b1f6d5cdc7136a9f495ecae98bbf,0,0,0.009882562648322771
logistic_regression,8f808fac4d4896ce38ef4cbe050bd8e33bd49b7d08,0,0,0.007710094820712466
logistic_regression,7350253705ab0a462fb70eb0611e07243ca8cc7a35,0,0,0.012016367512893497
logistic_regression,b0ea28ca4c664f77d97aade35406b4f85b558ceba5,0,0,0.040264099241736365
logistic_regression,506457725c74cb6a5588908be8842d8075f2845785,0,0,0.09445325327225626
logistic_regression,fb1c3ef5bfe25719dd65a55d4954015b5cc944e25a,0,0,0.10026518165383538
logistic_regression,f61ddd00e3ded6920e41c0e0f54820c336f754a122,0,0,0.09953762162851426
logistic_regression,755608e01f97678b97c282e77b0b728e950ad690ae,0,0,0.05837650948078487
logistic_regression,86fc99b11a2436c3d202bfe518614242c8f1da07fe,0,0,0.0009819579685547619
logistic_regression,1b0ede7572ed1df6cc3047062d1705a8283f5d5fad,0,0,0.09910304281370567
logistic_regression,51aff94f1bb23b7a6100edb13c36fed9c57d2764bc,0,0,0.11435266081907357
logistic_regression,e4734ddf6051a7804419d131df713722a3a1576044,0,0,0.042076203768143805
logistic_regression,4c68ec626b48cb59658a549eadf51712e554e00ffd,0,0,0.11610110040414993
logistic_regression,f863c127c9955f34db1fda060929e37c77601d8d16,0,0,0.10122408417513494
logistic_regression,31e944aa532a26e08ab097158dd677fc71d5f2a254,0,0,0.03192878991297107
logistic_regression,841e34fab864a384138d6d1f829659199873854dd7,0,0,0.10766500097781383
logistic_regression,1ea13d470dfa5ee46280077146c1b3d1a65601aa2e,0,0,0.1045009114813884
logistic_regression,f462d221bb6a051760b240d97ffe8bd2c81b62868e,0,0,0.0018938489659042887
logistic_regression,712e1ad14572001b365413f082e02eb160f0668710,0,0,0.025334246877324756
logistic_regression,462fcc1fb70d8b1db3ff8641e8b19a9978fcce4322,0,0,0.005176531803130189
logistic_regression,e780cb0593b9fa40ce69634b9f3e697e52fec5ba8f,0,0,0.08343737528314657
logistic_regression,ace07cddfc7b4e96525af49f921c40e35207fefee4,0,0,0.08219667441373749
logistic_regression,53d66f7b95edd1620e1223a101adfe69aa11f9561f,0,0,0.16118143194495368
logistic_regression,cc93538f4de37acc9ae9a3d1afd1d643ff56f509ce,0,0,0.09789950737439437
logistic_regression,16517e4906347688754c793809e593f76527f274f5,0,0,0.08190915374813244
logistic_regression,c9e307aa56b9502282a25d29015815f3207e1e042f,0,0,0.12160327782967315
logistic_regression,906cae997da7c8bfd41af663a29b5ff62b0e624134,0,0,0.09050732707008112
logistic_regression,3e70a0232309cd8825dacbde49bcc1d0d9cf11452a,0,0,0.08832982884991532
logistic_regression,dbf6543c7f00b98f1d62e345c88873243a7279c163,0,0,0.008050436997231895
logistic_regression,a40b67311ea5195c3be3053dc19f60b8bb477804a8,0,0,0.14787904299638094
logistic_regression,58c722e2a15458cefcedebe2355ae418678a297ebb,0,0,0.09832251302766803
logistic_regression,f3daa1333e476232c3645610ca54ddea649a0e8b34,0,0,0.003842023102761628
logistic_regression,5d57e93b830aa50c303955883916756fe0cb9d1f9b,0,0,0.10366658432202207
logistic_regression,179462b4517e3f8a6436b29731916d7571335c7b21,0,0,0.14592310496354427
logistic_regression,44f2beadc5075910aee3b6edef2235959db1a8e30f,0,0,0.026626999967837066
logistic_regression,c030d29def35109e2a42e09211c8d93509e2d1d49e,0,0,0.0822302178456286
logistic_regression,065fd141809a4d2705a5a0dd372dee30e8f2798a71,0,0,0.023512808089501843
logistic_regression,a0271869a1f100f980a3d7070938f033881e2d3572,0,0,0.08454835402374539
logistic_regression,914a3dba870b4251382a8a1fb87e1d17525246df92,0,0,0.09682046250454715
logistic_regression,0bcc93a590f96ba72ce6738bdf098ddf75a075b581,0,0,0.0002312405644901684
logistic_regression,b3a655690d07b92fb6b81c9fe54b8b71ac7cd2604e,0,0,0.014608284410125603
logistic_regression,8af38ea7049c3a5e8240bd64a590da3f574d23e1a9,0,0,0.012265427909861465
logistic_regression,ff04daab4b66a088a36226a3f2ae6295fd22bbf534,0,0,0.000809678076083469
logistic_regression,2a191fb7414e3f5d18b739c7386b4a7bcb3365c36e,0,0,0.0002687916114162697
logistic_regression,5b66f64938f272cc86c1fa68319d128dfdcb38e9e3,0,0,0.007550291853873832
logistic_regression,3450d2428725e35bbddfb1445daad461fe5820b300,0,0,0.014688923572555612
logistic_regression,6ec18e996ba874e7500a43e342e0c09d7c81330d03,0,0,0.05611110203453989
logistic_regression,5112af6d906583b70861afb8ab1c8c1d36c9aa66ed,0,0,0.001467171295787524
logistic_regression,3058278237a038a09d70c8f8fc87ad579de1e9a947,0,0,0.017926235632585948
logistic_regression,b0b8b8463b3ed892c815d5deebf972137c03d5c5cf,0,0,0.09253527722980953
logistic_regression,cf361e90c70c7fdd988a4a2e824946863063ae6e15,0,0,0.00063943907656446
logistic_regression,12b5e7c94ad55c1ab490312d108b0eaffdfa8d42b8,0,0,0.07517700105284655
logistic_regression,7402a3b007add30db6177eb4ce1d73bc5b0e089a85,0,0,0.13239948925865114
logistic_regression,cca6bdf711dab5057433e26e74be7821ab01caf5cf,0,0,0.018211059426831922
logistic_regression,f2446847c4ca6e1d045df52bac6df71881bec3e15c,0,0,0.08086430052377905
logistic_regression,ca9a43471118db5ad9a10edd5fe15b05a3690edee9,0,0,0.008408104947617163
logistic_regression,4dd64055c223f2a311662926953b48f9989d37d712,0,0,0.0761318940874307
logistic_regression,1e6e8da238cfd74d188fb194837c55408a82fb65dc,0,0,0.017793053381695973
logistic_regression,96ddff1e883051a5488b5c3cc1e81036d6c6908594,0,0,0.00817792180174768
logistic_regression,2866b326fe839218a7ff803891e15ba3dd8997d9d2,0,0,0.04891311292966153
logistic_regression,c82916a04e539646aec0e4323af7b6ab1029855259,0,0,0.0033799226804375544
logistic_regression,e6126d149d04d59d5b519c6b9c80c0c62d261aa4f0,0,0,0.0722478352721753
logistic_regression,3c8d8611c5b1ced1990438755c93183b0aad3dc036,0,0,0.00955246666084931
logistic_regression,550564693e287a8f24524f33f4e90d4ce03701a1fa,0,0,0.0643217776320201
logistic_regression,8172059c9c33e331bb9a0afae273cc674e2c93201e,0,0,0.060136367232417776
logistic_regression,64d5a6f1e16144feb204c665098ec70b58662f0e6a,0,0,0.09936143248207127
logistic_regression,58b928809c222a3255fa97ea1ba3361a0eea5036ff,0,0,0.0183848423960885
logistic_regression,5a09fe1f7b69a798f9464de592a9888ef4495e50cd,0,0,0.019250786913855254
logistic_regression,580aa82e20b77653dbc58d3d3ec5605f7e77de0e61,0,0,0.09903138864458647
logistic_regression,5e81ae65ff8bb18b1788c508f39f40b1a19b3394ea,0,0,0.021597823815041217
logistic_regression,5b3896a74be195aecee5afbca48a130780aa1fa386,0,0,0.06887792395252469
logistic_regression,79f6d73ac4edd9200e0fb380dd2079c2b98ecacddc,0,0,0.07590346023098204
logistic_regression,cb3c7f40cdce4e8fd8ccd594cb79ebc84237f84af1,0,0,0.12694145001042081
logistic_regression,b5313486523cb4e56ef0eb73d9111a94559a0e151d,0,0,0.11442718211182354
logistic_regression,d822a966fc0e42ea5d90aa15cfbd51265926d71ea2,0,0,0.06510003158150685
logistic_regression,3b21f44933ccb668446484bb82eec574a14e55c46e,0,0,0.019821335672462165
logistic_regression,8f6de4094c2883e8f788b801e617d3e6ecbd18c21d,0,0,0.016196566240876627
logistic_regression,2cfc88ef94116ff42b933f447aa428d32b5da25326,0,0,0.006408241332241155
logistic_regression,2f123807e65d4f06c9c5e57b615c8d3231851d6e48,0,0,0.0008915188845322892
logistic_regression,ce325da775d70300dec046a62377f50a0461ebefd4,0,0,0.017861103638400933
logistic_regression,321e5d07040cdc213405f7d20b57e2187f52ec26ab,0,0,0.006277430968340023
logistic_regression,18a01283b1ddcb386b7c455aedb9e72e8d5bb0fcc4,0,0,0.004648337043314017
logistic_regression,8278975e457fddd891cff5794592532fca6a13186c,0,0,0.006159285239558056
logistic_regression,e357969878ff3a1668f90702fb6347d23816559234,0,0,0.007393480962508904
logistic_regression,2d41e1e32ac67cc5265c0044e541e55edf5139066c,0,0,0.0007914666920961385
logistic_regression,d5e5497b03587d0814e391cb60b8d5594bb54e6367,0,0,0.012397237050668128
logistic_regression,2a5ae705d9af4a7f1bfa8b9daae432377ffc33204f,0,0,0.1263038891485408
logistic_regression,fc6e646e1f46e03a12b3edff2994cc7116fdbe0302,0,0,0.002096441596837217
logistic_regression,c9fb9691fa944e188af75b94d8ba8f757bffe4958e,0,0,0.07193203990312678
logistic_regression,2e673aa79a6dc59333fc0e05b10724f8e6fce878ac,0,0,0.020048325896420194
logistic_regression,32ba3feebc8606b0844083901f5beaed6f5404f76c,0,0,0.0892112145003958
logistic_regression,38f8fc237ac46c92975ccf92f6c1c83d10ccb70b23,0,0,0.025761643225356685
logistic_regression,b4bb889d1a10d9ae26e81a7ce2bcdb28e5bd81b423,0,0,0.0627498346230729
logistic_regression,d67e78b1f8ec3414ea3bd49cbd52f1883285245913,0,0,0.11674882418830919
logistic_regression,81795b4e5c6d29dd0a2d4f6771589cf3f553addd07,0,0,0.020737765053617994
logistic_regression,eb5cab73f08b472b60f6fb9caefa378fc11ce1b7c1,0,0,0.024464583865838472
logistic_regression,44ad2d85006f7e3daa013fda123dcc8c7fb6a05fa5,0,0,0.09048374956422786
logistic_regression,a3726abafd779015555f30f5027d5cbedda9fea263,0,0,0.14224260087492005
logistic_regression,2cdc0b6b16e321026d4e0f5f1265005e8f74a6e3d3,0,0,0.12762263707259197
logistic_regression,a3e4432af08ce4db317c03adc027f804678ea42b40,0,0,0.15852059770668958
logistic_regression,ee7517693076dbb0183a8e20f4076935e45de66593,0,0,0.0854858003556474
logistic_regression,5483ccf30cd7b9194c08e8488d6fa2cd3e7c6cb0ed,0,0,0.0027515320207121604
logistic_regression,58658ad21c107b3e243e278362844e46472e02e5a4,0,0,0.09428273735843935
logistic_regression,8f1c4f89208ed49b2b5d115a2f506189ed2e6e87f7,0,0,0.0249026205357545
logistic_regression,0ef70ce5c6da68439fe451b9c3355dd87db00b03f7,0,0,0.12151333057119712
logistic_regression,892c89d31a281f25eb123ecc4a418339db824a3f7a,0,0,0.09434994021449332
logistic_regression,fedc57871905042f77158d237aac5034d97a780126,0,0,0.04540901013922207
logistic_regression,f0b3c62622858aa62947950d457f963684daada071,0,0,0.011981489135248612
logistic_regression,82a0135331046dd6fd6fef12ce5609198bd09d3a3a,0,0,0.13752892046917814
logistic_regression,aaff4b816def6a33dc52c1f79699cab07d89834fdd,0,0,0.021556050797857294
logistic_regression,d7e972c631ca2b7f9a44eee9db179bf5f9d2f2ffb1,0,0,0.020306445388824562
logistic_regression,5cf121c3f3b2b4a7cedd6badb988d232626bb31fee,0,0,0.0017566156839739504
logistic_regression,84ed6bcf5c3e17ff1bf6cc59ca4d2225492c08c149,0,0,0.06218594993953799
logistic_regression,b15fc38d652006bf34f3d91af5a874c3a30432dc1a,0,0,0.011966000961399874
logistic_regression,3f805a0f9222c85f85ab3f68d260ebd4f3f212708e,0,0,0.05258890886360611
logistic_regression,4775bb777871d9c1d99c13cc3684c0573ae6a863c6,0,0,0.01957077998913361
logistic_regression,e003ab58a3c6cdd6037909b6e1a00cbdfc71e9ea9b,0,0,0.019493762406324788
logistic_regression,df784006c4d61aeea24d7b186e4d573c3294db53fe,0,0,0.05781514174994768
logistic_regression,8129282a78c771012d358ffc76477528971bd16338,0,0,0.015968073671361067
logistic_regression,4e5770433fb5a4e21df892c9a9a4597c68b78588cd,0,0,0.01969123741038443
logistic_regression,d913450a2cf436b462f04a6e55b8795b4483ebe07f,0,0,0.07559383756724451
logistic_regression,c22e8c2359d50e99b1435f2e7e1bf4631d5b4e049e,1,0,0.13802494113318997
logistic_regression,1edd2c1ca67cef74fb62da77c6a31e9418b45067a6,0,0,0.02588633692184192
logistic_regression,158418d4f869cfeff9d3e6cffd8e6a21182d8a9a52,0,0,0.06387402325252675
logistic_regression,58fc565c8fd00ebb4c1763f04e176e506d652f1995,0,0,0.1432694444690893
logistic_regression,9b262a6406d0ac7b84c0a03121d5f69d9dad702263,0,0,0.07804769815688874
logistic_regression,1183a478580cab661e629971c947443a33d051aa51,0,0,0.019052279446865765
logistic_regression,5b94051405040db139d03b81771f11d24b656cf7be,0,0,0.026830709697695822
logistic_regression,78456624722717d435e53bc46635121d1707462acb,0,0,0.08453405012869172
logistic_regression,97f36f2d02f302112eac8318dbc802deef7bf2423f,0,0,0.03260910744530633
logistic_regression,8dc9c03494bae53f351a438dc03ae0f094fcf43150,0,0,0.01469683007694128
logistic_regression,a9b1e6c6a25ed7f441a266f2a04d5424ca7ee04782,0,0,0.1089150381403985
logistic_regression,5e4144ce6b7e8201ced2507f2a240693d91c0aaf08,0,0,0.0004783366184037797
logistic_regression,930a9ed2101a6b17da582f2ad5dcb91f008722b4fb,0,0,0.06107328483485996
logistic_regression,91a7cc6d7891b60596b302a421d24bf9b5fa9a757c,0,0,0.066273365059573
logistic_regression,8aa4334b237e7f44f54561a73363ba859348463b51,0,0,0.05958678573779908
logistic_regression,7b66a149467d8d074f7660f6043ce4a907d6bb5e6f,0,0,0.03312194745093587
logistic_regression,73fe49f8a0d13d014c7d755a34c6696c85ddea02f8,0,0,0.0009915499111732137
logistic_regression,63d9c4d44a2c79a95c37a669c7e8f207a76fbf7061,0,0,0.06727103204597067
logistic_regression,e10818024fc4fc2e5bbfbc9fb920cf21dbf31b5204,0,0,0.015737771767668662
logistic_regression,2fad00685126b6a60daea8e16a8eb8ea511ccbf12a,0,0,0.07670391302607568
logistic_regression,f5b354dd8d93bcb8b249789032579882a39e953884,0,0,0.0010608429037594906
logistic_regression,41254f45abddf7797d953fde869943cd2a3f0ea02f,0,0,0.27486520320433316
logistic_regression,abb6d153efacdeff39883bf903acee55ca2421d7f8,0,0,0.06123750183019483
logistic_regression,bbd0b170c7da53ccb2bd19bd481280f076879d8ffc,0,0,0.04053066918998329
logistic_regression,53fe875cc222c4427283db6ae811b5de9eeb777eea,0,0,0.007955140016169161
logistic_regression,59d6ee314bb6a39a3c741ef12bd82e280982493ece,0,0,0.017237273622330337
logistic_regression,4753cd7c688ea3895056a0cff35bd9fcdd051a6903,0,0,0.01516003614290368
logistic_regression,2a7f9578050a29ab1943c09dbe7302af63a95f7d28,0,0,0.018023790664560974
logistic_regression,e4b2b62c996f1039516b30765775b61053e3ad085a,0,0,0.026717179910833035
logistic_regression,7bb54646145577bc324f753dbff1e6c0b6b1472196,0,0,0.12380183779643944
logistic_regression,fe83e6ae2fb64e6fa67b1cd532840e9aa447334eb1,0,0,0.01921335174779989
logistic_regression,9e94f03902e1380bbc1dd1d2f8ea8f5ba53745b494,0,0,0.003503824185701331
logistic_regression,48f9dd8c59ececd4151b71e601f6489c65ca76b8c1,0,0,0.007236774908618991
logistic_regression,85ba33cbe0327ca60745551280471010e19aa6fdf6,0,0,0.003777397206323408
logistic_regression,eba4cae2d47f042dbb4a95f341285bda10af2e7c3a,0,0,0.017555515531846696
logistic_regression,c5b940bc9e0318ed7d826a678f08676c8b7691e15b,0,0,0.018424470845471174
logistic_regression,070156fa6f4475fb02d4544d046893ea20119a34ce,0,0,0.00671093111241218
logistic_regression,3a81afa3b4e46b71b9628185590e22f184b5f0f931,0,0,0.025207784380788766
logistic_regression,9622164258df5533b2ff642fefe99b675d86e644d3,0,0,0.03520137659873363
logistic_regression,21a7158465e6325825c44fd44ae7e8b1415111e917,0,0,0.07647117077775681
logistic_regression,ed7ef21a0bd87656bf473b7db94b3c2077351024d7,0,0,0.025125688694791076
logistic_regression,f7e6768b6457b5594b232a2edd1c029bb9d2b9e22b,0,0,0.08397331810242087
logistic_regression,5b2699e85dbb71901fe07c28acaea8b5ba84b02ae3,0,0,0.008372585092021182
logistic_regression,51198b20ccf462a79920a002f96c66f10c220cf3d8,0,0,0.0019003979015668158
logistic_regression,f870ae1020a8af6a49c9ba109ad63f24be5992f388,0,0,0.04549051290888793
logistic_regression,4f34b1529c0795d6dc4ea9010ef93cefbba269abd2,0,0,0.06755470390278644
logistic_regression,4e6cafc131cc46605253e0b55950a7ee269a18ed8f,0,0,0.07333872135933091
logistic_regression,67f6b1c183859011156200b4618dc2cd0d99e80a30,0,0,0.018726511094837542
logistic_regression,82083f6c2e9f6637f63334db402f166f06e255772f,0,0,0.0376637495490159
logistic_regression,387c71747f0765cecd2b41bd693d0218e8d53f26a7,0,0,0.01742219687777476
logistic_regression,544f4a330f21d43df56d6f7072ea5a93d5e71f9614,0,0,0.006493035701025122
logistic_regression,ac405b8f1daec84e2e90d5b2669d5069bbd8d2e1bf,0,0,0.027498618522535205
logistic_regression,6f9b4fffef693ab8ce67e27bbe099df76e3668746b,0,0,0.045509743623210155
logistic_regression,7781a36cbc3a645a402c35aea8663f093d82b250e6,0,0,0.06801521243329499
logistic_regression,9888517e6350fd337c4f7586ddcb866674f55e2a4f,0,0,0.011684014246567202
logistic_regression,4c13b68e6ed8e716e4076cf4c40b1329e9531b4fa2,0,0,0.0535760710238009
logistic_regression,2d33b496bfd72f7ba54450642d312c261376fd6e97,0,0,0.00044261044952263767
logistic_regression,d2d0280f80550935abc499c5ecf77908f479582b70,0,0,0.05148343903886579
logistic_regression,d9d96e2d5677e3c6344b5949ced854df0990c06525,0,0,0.03716904762935816
logistic_regression,6ee479129341d4aca924d72cdb90512ff6aa4b4c56,0,0,0.043051231233686094
logistic_regression,ca9724d1900cbafa06d8dd24fe1ad30b44eb7c9dff,0,0,0.0006568095115525896
logistic_regression,7e1edf879e49273d05090bb4b47537e0a4ce206982,0,0,0.0862795542274437
logistic_regression,36cc70d6c4f234f437765e6b21e1bf0885ec190946,0,0,0.03603803452623306
logistic_regression,d1f775f7d21f5dc9a7e63d1861b87e6b860d6b1444,0,0,0.002972068629841904
logistic_regression,7a7e56f7fd620acdcd9b616472edbdb52f8feb3c48,0,0,0.08016195502526482
logistic_regression,6b609547274f15481fa2434356e01ade4b4eeaf54a,0,0,0.07246891892457587
logistic_regression,c606c8be2f319e65f658c1c8535d078ce7597da43d,0,0,0.014661246877082177
logistic_regression,4805e952f897476e3a854f74c049bdc481b4dba72d,0,0,0.05576625562280236
logistic_regression,fa110cf29f256b368c87d5c6539ff91043ca7d32d6,0,0,0.0018048577883963478
logistic_regression,f1f27b86956f7ea1be3f7c32b3031bde2cafa2b2d5,0,0,0.13563940103628672
logistic_regression,02b9e8a2867e90cfe3ec056ffc6bcbcecaa2b020c7,0,0,0.00462921144402986
logistic_regression,1ffabe322c541821da556e4e2d54aa1b8a46b700e0,0,0,0.08322535879991945
logistic_regression,1f86494e9cdd592c29347958ab027ce7f5dd5932e4,0,0,0.05107847612120944
logistic_regression,794351fe2ff14b2e8e1727df35e6053778b35adee2,0,0,0.013810608349373834
logistic_regression,d44b1f61f5e594d914c7873f18c7a2a2b98b3bbf48,0,0,0.030098569272439608
logistic_regression,c3265f17997989e699fbbc27dab29dc32f3055983b,0,0,0.003830677068188371
logistic_regression,0ad3f320cdeefdc8756555d206bb349443064674ad,0,0,0.05403517728694358
logistic_regression,ccd6f22fac5b10db302a023b2fd5991e08238ea7cf,0,0,0.006706338181833363
logistic_regression,7f21c788a94272800f78145de682d2bd870c402629,0,0,0.07889054319828853
logistic_regression,aa9c3aacc1ec6f48b3a1f43519ca40c9d81b89561e,0,0,0.03820480223172936
logistic_regression,2c9686cf00c722f38ed7759e834c9537ecc6957af9,0,0,0.018071507949236773
logistic_regression,dbca6652f2b1f0a24f85695bc6cb5d524b9869046f,0,0,0.04421825357625207
logistic_regression,13662d9000dcd27de228a8f077f411e04de28a1176,0,0,0.004513455953654997
logistic_regression,e7d6c0664d9ae101b97167a281e3f20a6aad4407e4,0,0,0.0037850823863090264
logistic_regression,702f98cfa7ce5dd345dd039f673bf8409e3ea88244,0,0,0.020718319778617343
logistic_regression,86a91ed7f71cb590e055cf082edd93ab6df653f4d9,0,0,0.05457019323157151
logistic_regression,ff6456cbd95483824c9dd907ad7b7661f31d42003b,0,0,0.003814559622282219
logistic_regression,c167fe1b0c0af5b1defc775152e2116b2908ab42d5,0,0,0.17446611713768678
logistic_regression,35d1f20b9f75c5d32eaae9a225d54fd45b27295634,0,0,0.17471699962823967
logistic_regression,49f79853019cfcc5c21a7e6d239e05d7b6f3b5a77a,0,0,0.01490258939092688
logistic_regression,7cda4ebc93ac08948248801b4e8f37a44f4773a3a1,0,0,0.04618479388069731
logistic_regression,6cbb30317f9ab716ee9b1e8dbe5010c1723ba05668,0,0,0.07741569628903323
logistic_regression,de4d4b0395e5791279865cc050e217d76c7e87bc7e,0,0,0.03395012329648442
logistic_regression,d2a3baee9af46abf6f35a4ba7f53b6aa8b143eba51,0,0,0.00036318232964984456
logistic_regression,2ec6e37d228984eb86b65686e946791f23e8dd77fb,0,0,0.07710483341633476
logistic_regression,19092d848533121bc874b35d3f51513addb469425d,0,0,0.08500694184063852
logistic_regression,93c4a901ec151dce86e0ef0f4a67e20ca144b716f1,0,0,0.07806310720790316
logistic_regression,408dbb90cb57299b68d4fba0375d0e8bd0e20e7aac,0,0,0.0294370767862336
logistic_regression,aa51415a01660ff2d2c44d8b306ff6e7cafb9e399b,0,0,0.06851926063926768
logistic_regression,49b616186bf2a6497d8abaa35ad5323e137d047944,0,0,0.06146964759158906
logistic_regression,13ac158c2cc2c2431333eeb5f2000ae93570f1ccf9,0,0,0.013589992659556469
logistic_regression,6c7a4cfc905d2dd7dddfa7fa6ceb67a527ab3b247c,0,0,0.09264372575484706
logistic_regression,1a43e7e12d5acba824a146a913ddb3ba47a973e41b,0,0,0.0536571846987657
logistic_regression,6c7320b96061cbf71178377edc7592540213d25cec,0,0,0.03309140830693128
logistic_regression,f95c33f47886f5efece368f9b9d520d3750d1f9ec8,0,0,0.055194814176601666
logistic_regression,0b2eead90156333e2c0f337b539478aec203318d71,0,0,0.027976111791568142
logistic_regression,a69ed4620df4730fa2208ee1fcfde53052c3d2b2aa,0,0,0.07958634725393239
logistic_regression,1568d2d151c98dda62088298ca34a1c836497b4354,0,0,0.013002013746551392
logistic_regression,a7bebca74c3806e0daded8f69f7fd5fce182a48698,0,0,0.13358743352674093
logistic_regression,77c03ce32b470bb206b832c6531a94bf3b2243428d,0,0,0.07554804761578039
logistic_regression,bdfb29b013366fd4d811bde06467fb484181b7710b,1,1,0.9525779693363428
logistic_regression,a54d093718ebd8cb0d86820252dcbf1e3ad40ffdfe,1,1,0.8804359446609685
logistic_regression,189678253978b9dfa960ed807b342b81d09d91206e,1,1,0.9160186546005022
logistic_regression,9b66f057184cc18d96967a048e143d46f4c54bafc6,1,1,0.9058482414753959
logistic_regression,dbe52cbbd21b64669a720ad204b682fccec8732a28,1,1,0.9401416917323153
logistic_regression,12bbf53e6ff12bec6dea61dae8e1e27c5e4cf745a5,1,0,0.45172590114728434
logistic_regression,024a2c12d4c70f0b59ae8f829d1ce1afbe11a23772,1,1,0.9390653844974004
logistic_regression,173ec2b98cd676f526fea1182d2980b9be5d18b15b,1,1,0.8014726727874071
logistic_regression,4d13ea00cb5e0abbef3218e1bfa0085b8cc25841df,1,1,0.9693787247552139
logistic_regression,4d23404a05dc1676f694a3c2ef822ae0cb9a16ba4c,1,1,0.841409364312274
logistic_regression,00743ec585f4839f024221d1762985d2559f046eb7,1,1,0.8346815726664752
logistic_regression,53d1f6882e03e1e6109dd974eb85b64354413ed390,1,1,0.788161867598097
logistic_regression,59d66f70971b1dae5533f941509198b70713335586,1,1,0.9605799552248105
logistic_regression,7c9c9f6b348844f881ac925eb680e16b31857c77de,1,0,0.4444379603394001
logistic_regression,eb5f18e5714382416f3b9ab1e0b34ada968d1876f1,1,0,0.11694160377684447
logistic_regression,c25bd4533dfcfd1c3fef436324ea4e47530e1ee528,1,0,0.4851908797571957
logistic_regression,0bdd101746d8f1692b36568c88b39937a974c61265,1,1,0.9705658493418473
logistic_regression,83b40575ac24dcd0d3aeab7686d5e8445a23d5be12,1,1,0.8814651823454629
logistic_regression,0b9d85a70a0b1e2b59bac9ab4ac5adef84ad6b945b,1,1,0.9088420483471042
logistic_regression,24b2f081d091f26586fb90f6e3cf268f957ecf2500,1,1,0.6626116752999377
logistic_regression,626cb924a6608e0580ae3afcf64f94c6ccf591e095,1,1,0.9817899429733125
logistic_regression,08b93866fd99fcfb5bb0e449ef74bd1185cf1ad981,1,1,0.9457041241377555
logistic_regression,b77fc990e0003364d4e73bee0c1c903311d372125a,1,1,0.8184144402607633
logistic_regression,7ebbda588966267549bc700cf4cf40c0f04c58e657,1,1,0.860864880799756
logistic_regression,540b25fba737b71ba393ec8203de3f796e37c9fd9b,1,1,0.6509487465535415
logistic_regression,0e02eb469624718fddfdf18c0d0a54a70f196e9416,1,1,0.8516746034689531
logistic_regression,cd27e3935894f07416dd2ab3fa3c86c2a0b883b16d,1,0,0.3463685908197892
logistic_regression,1baafa41d87783858a5039cc21a23594cefcfea7d9,1,0,0.35597906402001767
logistic_regression,7621cdb25045811a5068febc976cec75f92ba9a72d,1,0,0.34995247067945434
logistic_regression,0b1475a00719dbb3b71f7db4fae6ee3c0490ef9a25,1,0,0.3534965681545263
logistic_regression,af36f17dee734eb3f0e10012cbef0189346739536d,1,1,0.8690424929444918
logistic_regression,0cd1067b4d5d3773e40e31436f6951d02e2096c963,1,0,0.17880849638816707
logistic_regression,8c1eea23f011e3cfba4aab869111ab95fd49e42f3d,1,1,0.8752131351841087
logistic_regression,0d8fc09cbda0abeb58473cbce2b47de3e3238b1eee,1,1,0.8022365655938009
logistic_regression,8305c04a874c0cec64db4985e517dd5ed51c2b7482,1,1,0.824351565051133
logistic_regression,eb206d201cdc43b1839e2cc285998820a6f06f0b1e,1,1,0.8353814804883066
logistic_regression,8ac0971c943d367ce69c50230ef11ebf15ea99ac61,1,1,0.8167575983941868
logistic_regression,2129ea6de415fcc85261d809db0d4e8fdea6e42527,1,1,0.9839875367115848
logistic_regression,dc6940dcc10d9dffdbbc44c93f1068bdcf4c50c13a,1,1,0.819554261266452
logistic_regression,365d3261989d27f9e050799b75a777cc4f0da0ee4b,1,1,0.9309014435512852
logistic_regression,18f71d71444f060520a712a9c9abe2bff591ebc56b,1,1,0.8546403264930903
logistic_regression,2a8fc6361b7612173ca85bcc0d72cc374a1a3a1619,1,1,0.6188862615723569
logistic_regression,883e14cef97eebb5155d4de0f28eaf4ff5315ea7dc,1,1,0.935206516156336
logistic_regression,ac71df24dacef8e08a599e1de7735e9a816615861d,1,1,0.7595356294798192
logistic_regression,cc7afacb946346ee02a4d40603d877f8975516da42,1,1,0.7175341800680836
logistic_regression,4dcfcebc9b430b3b3d3a8b1b3d3b25d5ab8e2aa0db,1,1,0.7653768790758844
logistic_regression,b3641ec9d5c75da21bb1864baffcbd40b18e9fcabb,1,1,0.8473152466837817
logistic_regression,9d952afd340aa121e51acbe260ab8954f3b3515184,1,1,0.8482715235833708
logistic_regression,60aa3d7df14d28bcc4ce632e3ca00f02d16a289ec6,1,1,0.8275639781486313
logistic_regression,b07c7c16cb3d827654cfdcf5b8166dead16a37d0d6,1,1,0.9596715753752869
logistic_regression,c9f7b36933d08d9f8ed5ea1fc678a26d4829094d30,1,1,0.7884731199788243
logistic_regression,7a9d3965d6d27453ff074c9b05cd887ab379bd23c6,1,0,0.11823769069631013
logistic_regression,a0c3bbe9f6a91fbab421ac3e600dc378b7e020c8a9,1,1,0.9556729632849924
logistic_regression,cf35fc7d6812e6c0852312beb6ad3bba7fd5d79b27,1,1,0.9346405838798759
logistic_regression,71d83c9e3acb7256a43a2f072c2326454507e25c8f,1,1,0.835515385449153
logistic_regression,6114c0344c16515d0fe9e2f8854fe1eb1302436f1c,1,1,0.8497197340041083
logistic_regression,5be9cb57d52a1fe2fab6715069c133b1c79754fd10,1,1,0.8828844981616603
logistic_regression,3581553a3f4c8174a75e0393f64f0435efe8a7233e,1,1,0.8936526939994346
logistic_regression,c561dfd86fc9b8d903c9e17b5917b535395c3c92ba,1,0,0.3943032792015121
logistic_regression,353226be9cfa400006da0e3cba807f3e61b7470a9b,1,1,0.9346879231465555
logistic_regression,7c5f3b62346dde4fc42346b2a3af437128bb83999e,1,1,0.9626694101916282
logistic_regression,7b8a7537df43f49b18b40c6a29128fdc3fb078b66f,1,1,0.942258112673636
logistic_regression,989fd52d597da5888c0611c5a0c8b65b119ef52c08,1,1,0.6000983331692137
logistic_regression,0ab2edd578d16346361882735ce9983e21b4b5fe94,1,0,0.39603117133733673
logistic_regression,c9edf30a4492c26fd7ab00ef37605f9e63069f3a98,1,1,0.8466877355033677
logistic_regression,7a0433fbbbabd5134550fff92c3eaa3875900525b0,1,1,0.8017932762843951
logistic_regression,9b3534e4da747f3ccdec0240cf90374ff2483434f5,1,1,0.8986316056943581
logistic_regression,15e7c53d1fccfa19c0133a39e8b2cf242288c6652d,1,1,0.8490079996499351
logistic_regression,9aa616fa100d0114d7932238f7bf7d6309b339d0b4,1,1,0.7327546130992635
logistic_regression,5bebda8b5aae47c53dd5173837ad34512b9c874515,1,1,0.9369981966572689
logistic_regression,7739240c337e0775bf6d5f942bd876c7cd6a2192e6,1,1,0.8526122864768517
logistic_regression,c94a9f85804b54c134885ee98ce550361e8ef750d3,1,1,0.9379819493143244
logistic_regression,f98d61c89b6bbbfe8d94961ede6127771d26b65598,1,0,0.24824477421998986
logistic_regression,35ede8be4077132d730d1adf29482e5fc63fffdabe,1,1,0.946250577114234
logistic_regression,2ab3400727b813989d93a37d4509922d9272d2bb80,1,0,0.22943045105197288
logistic_regression,2fe00f1979ad3115d3b6fcb03b46cc63ce07c6ede2,1,1,0.9398125511743304
logistic_regression,fd6bcdd1ffd0be681cb29cc3c25afefc38d136b25f,1,0,0.49312556808910807
logistic_regression,be0f7710102adc8bbc68c3b0b599597b393528fc5c,1,1,0.896064273097052
logistic_regression,8005d766bf58246089487cecc27a2e6bb570a03132,1,1,0.5074143553427306
logistic_regression,35b6d708b66a6197414425f65bac21b9eedb2037e0,1,1,0.9296813299219708
logistic_regression,15e250538561801fdee2ce60dc3af2f0ca08299498,1,1,0.8417175151285288
logistic_regression,110f177cc5a417e945bfd8b6a1e32381b50ef1ade2,1,1,0.9064024128140695
logistic_regression,c3bccd289a3ff7bcc0b3261bfafdbed8e9c0eca9aa,1,1,0.9436576149076109
logistic_regression,ff72d3fd3076ff5e24e645ea581850d3cf59ed1613,1,1,0.7492828309674892
logistic_regression,698b1bf285ab1d2a050c53a7c95a33eb13a3f53af2,1,1,0.931630144848374
logistic_regression,0b77c670362a9ce8ba3ae1d8ef0b060ff98a30e68b,1,1,0.9493123668374719
logistic_regression,5b506fef3af448667c3dbb343e91e65e5cf11163dd,1,1,0.9966720510603578
logistic_regression,9f13c3d363d6155f2148e6e88f407663c2745855f1,1,1,0.9623642697226006
logistic_regression,5c206a265331f342f7436e3fb65f5ea42427b55729,1,1,0.9461556091230294
logistic_regression,60cc694bad50c951386721a4ff420d9c500ab77c95,1,1,0.8491254931495908
logistic_regression,2776fa2f247b0ebce5db3f457ec6bfb974a4641dc4,1,1,0.8247926909116893
logistic_regression,0f129b9642e2f396fd1d2e06e4c97ffd4774770f8c,1,1,0.8814700488487877
logistic_regression,21b31f5d01a3b1156b012f189eda1b58df9b5389ab,1,0,0.41584276894258104
logistic_regression,1fede314851b88320bfaf9d8e9c6e1dffeb3eb05a7,1,1,0.5895322916737873
logistic_regression,9319d17f919c4ad27c2169fc833e9ac31ce7c4303d,1,1,0.8393334108968862
logistic_regression,12afffdb59cd8474eb4b8b63920a081d7c8a543f9b,1,1,0.8585846383142749
logistic_regression,679badcd6079b3293e4853c1ffc87e33c72bb855cf,1,1,0.8448244960738709
logistic_regression,d19ea12773da9ec7e6173faa05c4f549355632450e,1,1,0.8814590296549929
logistic_regression,559812482e80eb31510ec32ee57c98d5e137cf298c,1,1,0.6169852371218723
logistic_regression,b901e4ee433e4c36c3b703451adc192e178a3086ea,1,1,0.8556609501847111
logistic_regression,de69bb14a2bfb5dd01e3c61f738ccd79f759763e3a,1,0,0.4784800186309536
logistic_regression,31a49b56d147a5945af81ab8c0b8229984405fa90f,1,1,0.7821285662799835
logistic_regression,ca5d060eb4247d84b0629754f6ab1490e2aa66c57a,1,1,0.7729351747259705
logistic_regression,f902eb75508129d2ae9dfb90a954e8e1f5134f10f7,1,1,0.8677803452347446
logistic_regression,44b215f2768915b41589515cda2b5a7cf829a338af,1,1,0.7125759107370194
logistic_regression,37d4531ad2c32f3e9e34e1f01596ba641642a00934,1,1,0.8679126883822824
logistic_regression,8e907fd6bb8a5f386594bca6d56ef73ce60fb53344,1,1,0.7936166190302552
logistic_regression,91b36541536ef2213603581702982fefcc191772e9,1,1,0.9888624785367655
logistic_regression,f4c2ab4c3a5d55856bf471c90f5ba0e1d3dfcdfc0e,1,1,0.9956670859903004
logistic_regression,5e0c5704a0ec36af0cb6ebfa8e1c1749fb79325eda,1,1,0.962678290943341
logistic_regression,d964f59953a12f8a7dead56ef3a8ee161fac2fe910,1,1,0.9865173814554121
logistic_regression,587a721c426b0c2e85379bf9be09f2833012472aec,1,1,0.9782588944361978
logistic_regression,ad69a4f03b31ed6ef037f1e809bae038ec4052665d,1,1,0.7544072604925087
logistic_regression,8c50773729a578bd1b8adfbf9b4415076293d045dc,1,1,0.6560666245119957
logistic_regression,82dac4e37113c3ad31e8f22fbbafa4c91f673a70d2,1,1,0.997025887502395
logistic_regression,2bba014fec26bd1787d18bbf46ef465da0c65262e1,1,1,0.7836286223153504
logistic_regression,f73375a442e2f426bb79409c1a64ec99859cf8ad50,1,1,0.7656946715726511
logistic_regression,28a67d6405346e5c2f309d40319e2ee419e93b34d7,1,1,0.8968110869044167
logistic_regression,ac04cceee9186ffa62dc644ae4122c4b2b9aaecf91,1,1,0.9330867630859494
logistic_regression,20f811053903a4a30f8a66edf9f14e9afc72fded28,1,1,0.9318904977399723
logistic_regression,d6d4752582a28005a75610e260a56f3b089242f791,1,1,0.8906447336266711
logistic_regression,ce2c95fabe58d2323499ca187300337a4a2304454f,1,1,0.8657841165598917
logistic_regression,b695159bf5eb57419afa6bfb90b92eb7653610888f,1,1,0.8447569317497982
logistic_regression,ff310f03e3533dd9c9dd5d072325e77bdfab9d7809,1,1,0.8609787077673567
logistic_regression,fed8e438808f1976090e0549db168a71023b85b377,1,1,0.8496454878427313
logistic_regression,132a0e51f308ee74f5e40624f13c94056002f8229f,1,1,0.8343472996481534
logistic_regression,f6dda824b10ac2fe4d072d37ee9bea129fd3be7554,1,1,0.9249404319184774
logistic_regression,8a458b39eb9202a20b94412e87c216afed736895f7,1,1,0.9158339610181201
logistic_regression,4c611e2d47556e471a9b1edd025ab432e24f5777e7,1,1,0.9839264959485813
logistic_regression,5c5666e951259a6ed112e2658561da69349bec5148,1,1,0.9675005114064903
logistic_regression,0b73742c894568be91111a16dc95aa2681f4933f4d,1,1,0.8824028415032013
logistic_regression,23945f5bcfb76d6b541f1b739eace3ee7873cda521,1,1,0.8891734173406062
logistic_regression,ac350b5650f7095bd3fe2aeb3d84d71c5ac0fa9d8f,1,1,0.95230858469765
logistic_regression,4c7a3f3fa259a263543ec1cc08b7ad72cfb7c58289,1,1,0.5623767255060999
logistic_regression,5bb3d76c0e60c63543e7ab326e4354966c7dac1d82,1,1,0.9480109507892849
logistic_regression,6f50dc1f6416a220114b752ec89a49adfac8549c57,1,1,0.9478775189950223
logistic_regression,28155bc5a7eab36c5a7f261bbcd09ffedba40ea32d,1,0,0.4000754962773257
logistic_regression,3e059b662a1d74ddfaec0a6fcc4c5b0879835a4bfe,1,1,0.5459170079760712
logistic_regression,52d895e944e29bb21eb733f9c38be4cc09d2322242,1,1,0.8377371994843698
logistic_regression,f566e12127291f73447c6a2fc0ab9821615c8dd91e,1,1,0.9466568545367668
logistic_regression,a68af5836c05bc8c75f30454e33ba2ee914949e4ff,1,1,0.7076709643503235
logistic_regression,4f77814baee6d877e20909a6d5527d904f33e2178e,1,1,0.9168619135938236
logistic_regression,a4c2263539ef8bba3b8cc5206d81ed8805ba8dc4e3,1,1,0.8489881620373964
logistic_regression,3acdec30251459176f639c4a1d1c5a56b27f11d3d7,1,1,0.8776572139991178
logistic_regression,13ed47915af7691820ecf1ab5e206224750d0f5c44,1,1,0.8386953912497586
logistic_regression,e8b9f7fd8e9d142a66f9098e692379b2d173beacc4,1,1,0.8914605615197047
logistic_regression,839b23e6ed429fcda10bc57cbc89a87b5c527bc690,1,1,0.8425954903014403
logistic_regression,5edf062c074398b80867148be9420fe5c796754ebc,1,1,0.8497646325938135
logistic_regression,2f992c896bcfec6244ff9cb741ba2d28fd4c0c9865,1,1,0.898792142632029
logistic_regression,aff841577173c924fd3a04534f9a712552fce2009f,1,1,0.9336558103737058
logistic_regression,032bb02abd55e227bc062982710e5f94108c0af611,1,1,0.8814552802522634
logistic_regression,5b27a1369406ebc0bc251c06c5f3595dc485a5e655,1,1,0.8283021084335488
logistic_regression,4e8d918e393c7123842f59d07be6a5143873a968cd,1,1,0.8440707196035465
logistic_regression,8b7da93ffc14cb0de7f65b01db890a5b9333e3363c,1,0,0.05540767709267768
logistic_regression,14186d8fdb69d7bd6affb8e3ebaf49a35bf7a5f88d,1,1,0.9114393077714478
logistic_regression,e987f50204d4089a7bb2fa51c985eceaa02c0f37ab,1,0,0.46461206120707593
logistic_regression,dd30effef946ac605d76cd3b5f2b0120177cc8a415,1,1,0.8768770214492977
logistic_regression,52529b4780672b1893ad1393421434f87118e2908c,1,1,0.8990012690142334
logistic_regression,eed0d107ff5f4d2c3d25ad32fc072a6c55bbb67e07,1,1,0.9020222968036233
logistic_regression,49ddb75639bc8067d8e66102c26139034c4b20e1ff,1,1,0.9664721396234996
logistic_regression,eadb553e5ea0594008f4c0f591da09ed41a1379381,1,1,0.9695158545623227
logistic_regression,151730a20d7d7e044d75ac9c9fdd2c21d03a96ff18,1,1,0.9394387612689948
logistic_regression,3b0bf5a1456deb4af8703349921fc0cc374dceb103,1,1,0.9101762858609953
logistic_regression,a51d7109a531b5bd7ffd4a44a7076df00425a2f26c,1,1,0.8920158523746675
logistic_regression,fa3abce08502e5aab2b53f596d6bb6936218d7bae1,1,1,0.8475567800054227
logistic_regression,188a6a98884ccf152ed299c86b0e4fe4f7572e97b4,1,1,0.8325051220492936
logistic_regression,da74ac4094c7c7868b483d0e2f65d796a5a2a02f58,1,1,0.932969287577572
logistic_regression,36df4a83db933ec03749a78fee5eb7294f9928c604,1,1,0.9353576896058865
logistic_regression,e4c9062f3502e4bd8c9dc2b041c344b434ec8c340b,1,1,0.8530660391233305
logistic_regression,fe135fcbe8e72d1523c4431fc5bd55b954be29067a,1,1,0.8516592619432277
logistic_regression,973a4fc46a97b75f5973dcafa4cc1ca5b58a3fdcd7,1,1,0.8448360326395581
logistic_regression,73a7bb297e5251080b7b72e9765a904154845c3f82,1,0,0.29476421716402923
logistic_regression,1477389f0e91b14416e69b0d4cf937ffe53b42f3cd,1,1,0.8405727772891591
logistic_regression,fdeea8c5ca96923290cf2780e2ec49e7ac266ed52d,1,1,0.933136046588355
logistic_regression,56010e73a728530ff81a91b2dfd3ae1b8f162c9a27,1,1,0.9495802918178463
logistic_regression,b9bbf02cc1dc3ba16f1e66ffedd9f4308f5ca8576f,1,0,0.20214522125037865
logistic_regression,e5ae58b0ca7e9173e9c8d9d80bef15f8b62573a06a,1,1,0.8476519794944141
logistic_regression,3ec1c855a0d0ebacf44b03bb45931953b84592a5d7,1,1,0.8596594514803396
logistic_regression,0447e65df675ee5f8de0313388920547aa3812946d,1,1,0.9100720762225856
logistic_regression,c84779bf8eaac1dfa4451879e88c4373985aeffee8,1,1,0.8298648377116029
logistic_regression,a7bd2949e5889323d6a9315d6bbaef23720942fcf7,1,1,0.777801316928781
logistic_regression,e3292620b17a809646028824fd9a632e613cca396c,1,1,0.8211917284233452
logistic_regression,f9c7371863b1e6fe353f88d94607a179a4d2a29e84,1,1,0.9254019825917165
logistic_regression,a5f27c4168dbec5bc8ed891f0a4d87e7bb9a8b2eac,1,1,0.7818102801167963
logistic_regression,8e1cffcf1610edacaa584278797078bc9e7729677a,1,1,0.9355780870199876
logistic_regression,da0971a96784559e7531121b32324986f188f41dd3,1,1,0.9379063820823095
logistic_regression,6c08e7607044c6a401411986240b26d17b91721507,1,1,0.9252920991825844
logistic_regression,f147063dbceec0295a8e46fb7ae479ea80898bdc1f,1,1,0.8405205067898057
logistic_regression,f7a86ce5664bd8c3466edb73cc9fc20b9519f1fdb3,1,1,0.8516811246037777
logistic_regression,5b1c0b05d3edc2846794463469589005a3e04eec56,1,1,0.9378057710387181
logistic_regression,121ebf4c0061baacb08280d384f7bdb2e20d0e5276,1,1,0.8793292512093629
logistic_regression,39918416dbacd119b688fb308494f9b1a3572739bc,1,1,0.8149375310589427
logistic_regression,85a9239c2a484b12d69ae76bf3b2920492930f74fc,1,1,0.8929191157253606
logistic_regression,e8d553a24c2dc4506d4357518c934a5c36d3f131dd,1,1,0.9054082876251693
logistic_regression,cff57f1096908d45772bde7a5cdaa601d3006c5a15,1,1,0.8809584406339015
logistic_regression,f72498202b20bb50fca41d46ca7731e2002db53182,1,1,0.8871131421404507
logistic_regression,8715fa6b5f1e0b45eb6843c7e542229e01f897a245,1,1,0.7901630784119359
logistic_regression,131572a7562cbfe376646732587fc8016e4473853c,1,1,0.8783151565699846
logistic_regression,ced7191deafb8439be9d18e295d181da83905d1cce,1,1,0.9256768544008023
logistic_regression,3b13e859a022f30857d2e86039c0a7e6e8b5380f63,1,1,0.8214928163855748
logistic_regression,b15b7346a89f3dd6c93c956e2c7c255ce651f6f6fd,1,1,0.9250992373303258
logistic_regression,a08ccd60475c84678c7b112c80a98be468a32eb220,1,0,0.03327959633809517
logistic_regression,20d35ede48805020569a853e9602892700cf7ecff6,1,1,0.860511035676247
logistic_regression,fccecee49a7c2e30ab0226e389c8a64e553919ef6c,1,1,0.8483188653704852
logistic_regression,d4889a4ec47d5d1b5565ab06e47781adf0c1e80aa4,1,1,0.9494840835796861
logistic_regression,46ac9d5fdfc6e2e8068f483a773163cd20a7bee650,1,1,0.860523741811443
logistic_regression,487401ee8ac50c29539cdfb80194f0ede661a94d6b,1,1,0.8358455532294512
logistic_regression,0422bdc3949be81cdda8361b0a4bd888338ec2ac55,1,1,0.912375267469005
logistic_regression,53c37fc5aeb19d516bd123a71a0cb128bf3161fb32,1,1,0.8081822614368194
logistic_regression,7f75a33fc27b9ad94a474eaace097366e530bf9d4b,1,1,0.8293215790501383
logistic_regression,26eff47f0453ab93e6d6863161136adb3b8bd86d7b,1,1,0.8847998487338368
logistic_regression,be16533c50cb9890689294046d6f42b0ec961f56e0,1,1,0.952806510340207
logistic_regression,429354517bdd65688c88d79db3533628fc89a9e86e,1,1,0.8723916911089995
logistic_regression,638c4beccb737e2ac338061b7d006037a13fd82eb8,1,1,0.9974017819615986
logistic_regression,1931bee9db9d1a88d45d36dbd50226d6fa5e8efbfb,1,1,0.9505719919073038
logistic_regression,4630b8a745a33fad8d4c66aa4a74e497c43ea0e1bb,1,1,0.9431242419549933
logistic_regression,ca7e9d64babb8f8155e57cb875706e62d6bcddef8c,1,1,0.9376188321460084
logistic_regression,878dddbe64109a08bee9b8749d204330a53dc58c73,1,1,0.8703188785361674
logistic_regression,37a19aa2bf9caee671cc4b6e22c1ec8ccd74d34677,1,1,0.7773320676112006
logistic_regression,d5f7353bcafcba05646f0399181374c753a5acfd1a,1,1,0.877305207468235
logistic_regression,133360dbe42ed5d758dd7dd1fb91bc44d868cfb086,1,1,0.9167113333140168
logistic_regression,af90b32349522a5b547280036ace0944ddabf6ff99,1,1,0.901299269086891
logistic_regression,6dbe88edd304e1b2196d1dd853db0d02bfa17ebd6f,1,1,0.8792468630726653
logistic_regression,a17f4dc19d2cbbbbb1e50f070f5bcf97785e088da3,1,1,0.8747027817200111
logistic_regression,f62a160bc6e82c771e111d50561c546eb55e832c06,1,1,0.8586265815854679
logistic_regression,14ecbfb1a6c018255c127dac2c374f7c5e31150736,1,1,0.9405280370848204
logistic_regression,d74beef2444eb015f84b997628e8760c121ec6c98f,1,1,0.9110396232678246
logistic_regression,c0f24d7d717abf6a0f2c883a78489a99098dc06a97,1,1,0.8313114944927776
logistic_regression,35a58027e1f18eb036dcb91dbe0b5e5986e9fae840,1,1,0.7452810898457939
logistic_regression,89ea949609f427b9a35df19ebccd5669d07abab768,1,1,0.8336686177566857
logistic_regression,15485ebb463a47187df383e7a936eab53f9170e2ef,1,0,0.0035822144891691186
logistic_regression,e6940c39abf93f4b595620639789d539f18f51c78a,1,0,0.3760446092401861
logistic_regression,a9e4d1bece592aa8d16c6d9cb43266e3b2f9d9b45e,1,1,0.9081181031474307
logistic_regression,c795445f1f1e4dae7c35c7ee4e8eb5ad9af66db0d4,1,1,0.9564300778150845
logistic_regression,0dc9d318e4d2226737eb0203099be4ce4870830395,1,1,0.9571877114902544
logistic_regression,409e92389cb8d16b3bda9b99c8d4282569862923e4,1,1,0.8608301817020009
logistic_regression,8eb8602790980956f2b6274a03f7fe083c14d890b7,1,1,0.8621385398264475
logistic_regression,e99914f479b480374c7995743fab81377989a1261d,1,1,0.8969456826120139
logistic_regression,abad60dfd8d1d6024ecca7715e3d64b8d54d5491f0,1,1,0.9613107691662852
logistic_regression,98cbaa6b6a71160c8505891c3ff1ebfe50016fb087,1,1,0.9578704462353507
logistic_regression,0ab2cff5ff8a8117701e4dd1af25cb8e8143afd9e5,1,1,0.9217529215024356
logistic_regression,9353755e31f7943234db67e160a9e3482486989c51,1,1,0.5061817214720951
logistic_regression,a5347d8843943239d3c7e1c0c756dc9494b2ac18d2,1,1,0.8660749228146332
logistic_regression,d18352145f9c7058a1902a1aa61508d4fdc88ea9bf,1,1,0.9416846758780074
logistic_regression,97dde32809677c5a9c363b5e765708717156f545a4,1,1,0.5117958023304582
logistic_regression,c11aef60b8a9d8f510b12e88e8141debf024993d5e,1,1,0.9763713463531504
logistic_regression,83544d68bdbb861db71785168925b56eddce011b64,1,0,0.037144680099610104
logistic_regression,47c2f45d29f8d7f620e002476d473f07aa1ffcb153,1,1,0.882748455398877
logistic_regression,b5e798c00e3c23de843b84d13dcda44f2b3454530a,1,1,0.9510277971524317
logistic_regression,b45c18bfb7d0985b661c4968058b9b9c09f7e99ce1,1,0,0.4563932877679828
logistic_regression,13ac0ce869546cec89f84ebe530da11131c66c7587,1,1,0.9244733159260528
logistic_regression,6b70839108f3a286f3fb02461cf132cdfe311600d7,1,1,0.9141558757347916
logistic_regression,876c322482339b153aba0843e13a34163649f6b8be,1,0,0.025775855429450156
logistic_regression,fd433b697bac7a7ba5ef89241be7aeaf2e2ce8aae7,1,1,0.939595530450449
logistic_regression,a9aede89d8ff046f840715567a17925140d984e72c,1,0,0.09168603570499678
logistic_regression,8b007ac241bb312c45f84468a5e1bbd7e94f5381a3,1,1,0.9309663429090704
logistic_regression,fedf8049caa61f29ab3385a9a6898e116df9661260,1,1,0.9329498095804118
logistic_regression,e2f44e2e9499bee8fbaa3495188685a92122c45f50,1,1,0.8488887834709816
logistic_regression,f1e7c3c8f6b5abe90295e93d9cf42db807c739638d,1,1,0.7576067673653653
logistic_regression,d955938e72c8692b6e0d9fd76fbf9ff8f873548dc0,1,1,0.8590112686714408
logistic_regression,e5649e2bee4dce26faaccf0238612e0ee13181c191,1,1,0.9212056324727542
logistic_regression,5c72e07103693e8ef4816d19f9a31d5448832a5f73,1,1,0.9509016427805209
logistic_regression,39c3884e4dd2194e0981e4f4a779335535fcb35283,1,0,0.4527491283627579
logistic_regression,13c8a25a3c1374e5dab49129375ac3468e561fdce7,1,1,0.6345683638406671
logistic_regression,c5be05d3c84da0c625c7675dbcb7ffcf075096c435,1,1,0.7846816003348349
logistic_regression,98d7174358a2acd197b6517b27b82589790ce44e0c,1,1,0.9514947413228542
logistic_regression,15efd3eab7d61155f6ff8cfe5f9848e4cc4c2aeef8,1,1,0.972767925880259
logistic_regression,65ff5a3dd9315a250d72051322ad7875896e0847ac,1,1,0.951210183491259
logistic_regression,893a77bba6896088cfcc8a3536c0dc41527a29fca4,1,1,0.7449115702562967
logistic_regression,d763725f7fee755543bb8d91d76b1b1172c287f60d,1,1,0.9748302023072468
logistic_regression,49ceb790c747b3d56968ce1fb4bed9314b83e5ada0,1,1,0.9632994741727016
logistic_regression,ea40d71e25dd50399d1f67ddb8b68cef2969840767,1,1,0.9211697273239163
logistic_regression,8dd2b3b280bf7d7050d132db65e2b8f23f10be61b1,1,1,0.904849873611789
logistic_regression,2ded00c5f760cd4764a268894616d9ef8006064155,1,1,0.7375142438329498
logistic_regression,57fa888838fa09916716d2fff05caec870db890cdf,1,1,0.8982121086680385
logistic_regression,61b8cf49faddbe472c1454432b07f7b46e67a0603e,1,1,0.8723411548600981
logistic_regression,092792da753bab6d4781598f03c0fc45be1fd01019,1,0,0.14241753123763337
logistic_regression,976fe19e752f4991861fe082f9c8c1e2ef4fc09bdb,1,1,0.8766855240321533
logistic_regression,3c0db0485b679754ae47f779c4fecb89182401ab49,1,1,0.9304355080867268
logistic_regression,bd69e3ea0d9e2cc6a422870b0c0be112b701482838,1,1,0.9703238236644481
logistic_regression,ccba6f40d6a1b80e339f424bcd05fbdbbf23a93f54,1,1,0.9018427249832215
logistic_regression,babc25b0dd34a581e95ff8481eb240fa8607b45518,1,1,0.9494195043692594
logistic_regression,1f2850236983414610c1ac3806673dff1eba8e1052,1,1,0.8283821600304687
logistic_regression,a21bc2c487f8e3a35707693d04e2330867561be51d,1,1,0.9163354294154749
logistic_regression,c9052d7504f634118dbe8bff06e43bb102e6ef9e0b,1,1,0.9442266272337589
logistic_regression,0ea6eba7a2df3f914229482cd5e54345e81b3660a4,1,1,0.9116239670303261
logistic_regression,5fb43067a819d3a3c264fdc208f8c96d1e5046a6a1,1,1,0.9040264422923572
logistic_regression,5b0fef447ae0898fb60f72d5ede9a8af7ac12cd122,1,1,0.8126350385774392
logistic_regression,b851f92b49c04bf7da85f675e66609c492b1cfa3ef,1,1,0.7430842985881176
logistic_regression,ca3955d3526a5cde5ffe9a5ace70657dbb145e5b1d,1,1,0.7388677383640865
logistic_regression,57e5f7b17a1fdcd7ff564f7724db2d3db6bfdb98f9,1,1,0.9179868083953834
logistic_regression,4e9560b2e1965ce23d688d112d65fc44627699e71d,1,1,0.7841323026942134
logistic_regression,62b8cbea1978c6ee75e33cf0f959f12db3c0d7a8fb,1,1,0.6678352929961295
logistic_regression,eae5d39c6a222e68117abecc4a1c49d906552d3001,1,1,0.8815529403548313
logistic_regression,2f17034d80ae5602a52c09f20eb3e7063fe969ea9d,1,1,0.852120366650418
logistic_regression,da0b0d7d1f0f086cb6757845ef2f7721baf81144d9,1,1,0.8905919115377807
logistic_regression,40965764b0aab1298b755d43891b9f85fd59819c25,1,1,0.8843011098334941
logistic_regression,718d4e990060668c4580fddc9849867d91b35e62bb,1,1,0.8714270994318449
logistic_regression,82b5cd9a1e430fef339789c029a9532937be191fca,1,1,0.9277504232434557
logistic_regression,035acb7e485a3aa98d39e5911bbaa6e68fc1a7f875,1,1,0.8084159554693965
logistic_regression,eefdd8c9f69ca954fedc5d44ff15b3fec569cf9824,1,1,0.787800733784248
logistic_regression,f57be9547531a627ce842977ffc29c8e87e3f80119,1,1,0.923907131033028
logistic_regression,b7cd1ad1b99480deee13a5241d9d520f744976d353,1,0,0.005944304144260001
logistic_regression,a79a0f73aa8363b084d2522681134c0b1bd855d3e5,1,0,0.37350445702553214
logistic_regression,401e18f06fa3243ef27a247190970d778813764e20,1,0,0.27624160319163904
logistic_regression,4d81f38532015910bce17fd446db42f853507abf40,1,0,0.2583562519941691
logistic_regression,4867fbdd1a1c2e1ae9bab203550df7254aabbd88ff,1,0,0.007104508116113358
logistic_regression,6838b60f051fca7db3472adeeb6b8b88325b9cf3f7,1,1,0.7043426270886409
logistic_regression,278ccc997f2df0a87a6712cdcd99acbeecc6796600,1,1,0.6972157056629917
logistic_regression,b5042cd51abcd9451b592b3cc61069242097d281b6,0,0,0.013255676746821455
logistic_regression,d985dcbdf1d8c8487fce8e6ff796afc2129e665cc8,0,0,0.07702851327824642
logistic_regression,18cce466e2f1add206833e98bb7e694445b37b3846,0,0,0.003305625933502917
logistic_regression,af96997910e9703d82574eb59f755df8534dc4c8e2,0,0,0.07057616435183313
logistic_regression,da5c15f504e483108d7fef866c25f7de3992bb3335,0,0,0.09039861550083969
logistic_regression,2dab14c4c61e5cf8e383ca8b9d488a91b329ddf315,0,0,0.10188030685344121
logistic_regression,1145a135c41728ede3d6869e00d7d78945df770ccc,0,0,0.1627280233460181
logistic_regression,83a59f6ed2780536aece5d761b1962eb21e4f3723d,0,0,0.13350074563385672
logistic_regression,c3f4f1c4315393c58c6149268ee336c4010b644c7a,0,0,0.11529354813806413
logistic_regression,814b6101ba036535fbc46a72aa18de9f608a71d339,0,0,0.04513088257452667
logistic_regression,010b1d094feeb7178124b0ff60441a69753ac23d32,0,0,0.060682939518877634
logistic_regression,9ac7f6d5aa376a59d723dfbec2ab8267140d85e2aa,0,0,0.021926030522521442
logistic_regression,c981fd720a69839dd1408ad78ceb3dd6e5f148c449,0,0,0.03665023888187091
logistic_regression,5aa96b59440946953ad5807ae3765fd0833c89d1aa,0,0,0.061677792780188985
logistic_regression,d6aa1b953d162c3a395294e2c3151837cba408bd73,0,0,0.013140651022138529
logistic_regression,d0f8c8efc9243c729e95a527c0f2985f302870e447,0,0,0.00030049010627076486
logistic_regression,89886ae313cdcc5e08370c492356146b4fb790dff3,0,0,0.008798997746038425
logistic_regression,976a384bf49f1946aef04fc792f2be777c23fbd05c,0,0,0.0028644108974024847
logistic_regression,403fad7756e6e3eaa71c47ec88da92967764aaa1ce,0,0,0.025264633801345825
logistic_regression,e0d6e86d07aa24b5cded23b0084c055f1f3d57b954,0,0,0.10156287491084008
logistic_regression,f2a481abb4b0e4c1e0b95939fa200b09823d27a914,0,0,0.0802925572492153
logistic_regression,e9723f91dd1566f4203fa7c638a3448c39c29e500d,0,0,0.025650520928247458
logistic_regression,ac2a9fe2b4994f53fa958ab816af1465e240d9d9e2,0,0,0.00020207568190983922
logistic_regression,7153f7076df8aae9cb120d4719e391f04495a46a0a,0,0,0.08011517148008031
logistic_regression,82887da3a3938ee64fb08fa4cf79472cadfe26a115,0,0,0.1342944077915846
logistic_regression,3d06ac2d1fcda0f2cf00a661b7ec4c573767f3e574,0,0,0.0782739807062622
logistic_regression,34b7989ec743d012fc11ce41bd544a572117dc9d76,0,0,0.08091709497619237
logistic_regression,7db5b9adeabc3a7fa146b583c866bff3f50afeee6d,0,0,9.151684928822506e-05
logistic_regression,2ca1dff5b5c2cde47ab0672caf851ed1df6e3327fd,0,0,0.006863195565987411
logistic_regression,c89b69f4842c124d40a477562a494233b69f54802a,0,0,0.07283285967549699
logistic_regression,4e287ac85b1b81ee443dc93c1994f8d6cae7fa5f8b,0,0,0.014804407885087547
logistic_regression,02090f419e033b4cfb1e8778fc27a79ab6bc952873,0,0,0.004127286076548823
logistic_regression,015d85b27e33268c5eae7210349d2c649947e1d65d,0,0,0.010225315040274227
logistic_regression,1bc47f110fc2b32652947f24e4653b2fb46688a209,0,0,0.029465548571176944
logistic_regression,93b9f5893af2ed5f1cd9cb69e697117087409cde47,0,0,0.018373317117223294
logistic_regression,6a7590e7c3833c2a0461f7800610179b00a6bbb703,0,0,0.003350766548943591
logistic_regression,deb2ece1c7a981c1837cacb4658efc95fe1995cdcd,0,0,0.09063863886717023
logistic_regression,b77d033c61ed2caf64184e081244e4c106a4790079,0,0,0.05429060971643347
logistic_regression,f54ca769e172308005e10611a184dc4f1caed6eca3,0,0,0.0012408848246976212
logistic_regression,41bb6aeb676d95899ab079b800b29009ff691446f5,0,0,0.0028150211851720613
logistic_regression,3fc6653a04983c8ac36e4d57105ecda4087fb90d71,0,0,0.0024434653719951275
logistic_regression,8d47536d26641a0e3aa254a8bc58951dc7e1d34bdc,0,0,0.0077649128476812886
logistic_regression,912bea8a896ea1ed913803a67f9693d98a066f421e,0,0,0.030875087505172167
logistic_regression,d6fa2cbe8487ec702b04e752639c165afc8c6450c6,0,0,0.005585181407916135
logistic_regression,4106121a9a372473ab503245e3a5336376a8a5e5af,0,0,0.018819150713593327
logistic_regression,d8f234e5190c275a877c2bb165e21dca3649befef5,0,0,0.0015536792469411228
logistic_regression,360e4547e57d1c09d6bac239a6679e93d34bb94b8e,0,0,0.005668130194542196
logistic_regression,a9e5ff745133a9050a48a9041c87af5ede95054da7,0,0,0.011588417540961966
logistic_regression,13fdcbf8cfe1d3ea7b73f57007b73df54a3303152c,0,0,0.002356101089700731
logistic_regression,d4569a8efecb55424a0f0a3f43673a199ab6b53d13,0,0,0.014132097791638466
logistic_regression,3a1225b9e88cbded79aec7aeeca7fc0d58b7f8f155,0,0,0.03817547780607386
logistic_regression,fb96487cf31286c24888061abe5b27e6f09bee98b7,0,0,0.022475611976972065
logistic_regression,9da7ebc78a21c25f54be5a82cefe97d797356ccd41,0,0,0.024038904287217104
logistic_regression,6bfb4d150145bb06c00a20b000f3952f227a5c931f,0,0,0.011480739720011604
logistic_regression,2d8f726bab7ed7023961b07815009143c59f649a59,0,0,0.011816021344817795
logistic_regression,15390624476b00f0416d46f8fb00035d6258efe8e3,0,0,0.05216820163867658
logistic_regression,fea5431944f57827f890633218e58efea877a315cd,0,0,0.012304098306110232
logistic_regression,0190c547663b0e852f1f7964e0471cab800aa03193,0,0,0.09230671369772285
logistic_regression,d5c425823548b7be2e5b1218d6a668a3e0dbf51cca,0,0,0.04074371423291444
logistic_regression,bc003bad7096a6164effb1bbef91699690a730b846,0,0,0.013166964601943786
logistic_regression,a335245102374d2afa0a0f84008c0e29e3561c885e,0,0,0.0008377267251536134
logistic_regression,95ff6bc6bc1fae696e5dc1f0038e71c23138f855eb,0,0,0.02263808688786889
logistic_regression,ce732af2a67ae805797d602a9ce1d3b8d4a57fe64a,0,0,0.005231448264254021
logistic_regression,cadc4117cba5e814f6212c216240017c7b3527497b,0,0,0.03585312830036898
logistic_regression,98a4f99044057fd92397ecb58983b668c6a778c44b,0,0,0.009536616355533831
logistic_regression,71e73500d118c5ed641aa95dc495097706ef8bb8ee,0,0,0.012318514439715733
logistic_regression,a3941b98768a709ebc778209a9644e27114bc4f610,0,0,0.008064302451169202
logistic_regression,86f44b1268bd0c6417b89fe83a1cf85c3efd6f2f9d,0,0,0.035590158443404823
logistic_regression,fbc55c85e390f3bb106cc63c97602c6f3ca6a79766,0,0,0.10785268609720006
logistic_regression,dc87b1de1c9aa0a9ae72a6fddf27d5002086982110,0,0,0.006326538515676592
logistic_regression,c828138709e22b56ea9f4a8238b044ffb73949bf62,0,0,0.00299918454828549
logistic_regression,d411397f1582cfafe1c338da3f79155c884e174ac5,0,0,0.003177405344344765
logistic_regression,025f2478c21b66fceef1bfb57c754df2cb7d998ee3,0,0,0.0030482439230627655
logistic_regression,721281f9f349a28dfa1c7d488eedf668726a587c11,0,0,0.0061259844033925235
logistic_regression,923e37e4d62ac4ba90f03ff1f33105c897038f47bd,0,0,0.01897873798026817
logistic_regression,51abcf932c605d1daf2a0e949b6ba46ad7478e47cc,0,0,0.004250647015235964
logistic_regression,b075b99979a0224184f2dd44e9232dcfb20f0efc3b,0,0,0.006540150385483721
logistic_regression,0de15028c35d6c21669c2392ea775d494ac7d73709,0,0,0.015676690934015854
logistic_regression,ad8833b122cae499723229d996221665504535282a,0,0,0.009629726394351189
logistic_regression,3ad1e34495563005a3929a685dc70ebada850ae47f,0,0,0.006001069418711109
logistic_regression,9283a9f253decd5e3260d7d78210c7283bf23a4831,0,0,0.35948891880170397
logistic_regression,bd1e60d554318f4d825a9dfaf802667c44102d721b,0,0,0.15214435896740336
logistic_regression,37b81510498cac8ae23126030d13291d20f14283c1,0,0,0.04611711496562405
logistic_regression,69d847d716229ef9f61ecbb04ac0b28c04dd4f5fcf,0,0,0.012006932551077579
logistic_regression,1c07a06c0271dd6f3cf886e5c6105228ae82e5fd12,0,0,0.007403658274714219
logistic_regression,394ebfb66ee4782da92169af25cea03fbff5216e37,0,0,0.00984122713928008
logistic_regression,05b6f5f80fc2bd3b5d54e4c40804f956cef78c505f,0,0,0.031148694029844715
logistic_regression,036d7fff875992e6ff0d0a69a9faf245b12e295f8f,0,0,0.007337324475936037
logistic_regression,3687e99a8d443854bff5fbb9913d8bc443f823e5f3,0,0,0.023878065941980445
logistic_regression,7ba29faca5c827224234f8adc40e594ec68c4997a1,0,0,0.0040793236030768655
logistic_regression,40f5ef7e9ad2473e21c44d43c9a4a038847bc2d1eb,0,0,0.14697208474935655
logistic_regression,47bbc79f97dac45cc2bbb8c38d455831bc967980a6,0,0,0.005660076281909378
logistic_regression,470388f25deac5debc117f2c1e079e78abea2560ba,0,0,0.03459005941826891
logistic_regression,e8cf9592a64575970e0bf5cceb7aab45f714b79610,0,0,0.03344601569660738
logistic_regression,1c821be48b966d1ab5cbd737cf77e97ba740671cc3,0,0,0.010293904120213077
logistic_regression,4171476521c18b810bf9068b66ed5dae25f0612b0b,0,0,0.0005557404652400818
logistic_regression,956a201ee8fd56f2e280ea72d840c4ced58dbd54a4,0,0,0.015794306733868703
logistic_regression,1f2948210d9f8a13f146c049ff3300ad1262675d5b,0,0,0.0682930480127843
logistic_regression,f0f176ad3d036b002a7ffc70809bfc13ee79179458,0,0,0.013703706166943793
logistic_regression,ab50d7f6898637872b2d64f34102d7f57f692c90f0,0,0,0.0051521188070014524
logistic_regression,ff326cb3389e1400a05757154ad9fd39fffdb07992,0,0,0.010432981719974649
logistic_regression,d348e1e6736f724c683135b019a6c4940317173ac6,0,0,0.0007490801371083241
logistic_regression,77c00c2afb10e5db35a5a03399501c30fa7cd60c3f,0,0,0.005486812764595819
logistic_regression,4ae86fbc3e11c47f8e105d2c3bb2e15f38b7669d35,0,0,0.00594211163431002
logistic_regression,1102a34b6100b2c2f967a8f40e7cb4452523b0dce4,0,0,0.07208715087486804
logistic_regression,eeffcc82f7c845dd9787a2b61a30ccc8ec6be30433,0,0,0.1525413346865861
logistic_regression,ae780c5317c06b94f050a864ab10082f449ea4855c,0,0,0.004087260817404933
logistic_regression,8fd3ad421c66300c28eec59205f512b5256ca519c0,0,0,0.008863404215988921
logistic_regression,076178771171ac8b06e953c02591281e8847aca915,0,0,0.013176699117622086
logistic_regression,60eb20b48eb3ffea68aacce749a7d165769f5b5e95,0,0,0.02294375637671638
logistic_regression,f8a33775c675565c63e1eb3dd0f867d28030bf8f05,0,0,0.009512779259506134
logistic_regression,cdcc7fdb89402315d4ad8b8636f7de8a984f1dcd71,0,0,0.022619379602202033
logistic_regression,6ce151d39743095ca6edd1c3fc6e2673d34e9f3938,0,0,0.003603609240988075
logistic_regression,fe2e28e78f2373845da6fb5c05380909d116211ecd,0,0,0.09776231573762131
logistic_regression,3453d6295830a34402219aebfd82e7a507ec015bf9,0,0,0.016477931640383418
logistic_regression,15ae8ae852a1e96f25251aa53387e0f32e98859242,0,0,0.018135647933861725
logistic_regression,69d5c21d2b98b8a23e6d7056b9aea5435ec6c52e77,0,0,0.03618108752552002
logistic_regression,35ccc950210e273634fc20116f7cb6ef8028109f55,0,0,0.006560535451955803
logistic_regression,048fb42d50ed6e0e532346d8f617f297bdb376ba1b,0,0,0.006755053896645474
logistic_regression,0b725994363a937972321c6ff1dcd500edbb9806f1,0,0,0.11103824568802051
logistic_regression,99378cd78ac55c5869e1264b81ef8c5e6cb2f5d376,0,0,0.1605928051791832
logistic_regression,23c654455755fd66ded2cc5a4642a41ed636d410c6,0,0,0.0049233996085508
logistic_regression,268d23dfcdcbc840a13c6bd9178895169f59dfb5ab,0,0,0.007699244207553241
logistic_regression,5dd0163c3b227fee97a0248251fb70085a8cb6d8d2,0,0,0.020849475138565336
logistic_regression,8b43952f91c426e26a4ee3a12c1b9e9573f52b30d2,0,0,0.007805200799227651
logistic_regression,7969d579a942bd97d0096e87879aa4fe8e11ecfe78,0,0,0.024484700835865222
logistic_regression,06a1d6e2bfb00b45034ca5381ef9c8b633a8a07786,0,0,0.0017436475715491627
logistic_regression,75cfbc47a4be640360461fc9095e02cde476fc4fa0,0,0,0.0010827004803449472
logistic_regression,89466905194f4f55dcf52018bc0d0dd8136befcfa5,0,0,0.02726361607156709
logistic_regression,df5f9cfa82e7b637052ca6b0095cf8a8f9a2dae904,0,0,0.004627664470813733
logistic_regression,e9d1f5a051ee6e32919c1d334041a79829c8d38045,0,0,0.01364388437377507
logistic_regression,3491f80508b45f844caee619d4fad48f01933d82bc,0,0,0.00598890190725056
logistic_regression,ae9749ee2c743257389210e6a1c4c9ba5df9b9e8a3,0,0,0.009289482551882064
logistic_regression,97321721abce46a038507e699ef3d8f1d4bf4393c6,0,0,0.0029380635652972355
logistic_regression,d1f98d71b6387f6408858303c88fa73a51ec354263,0,0,0.005282759447251896
logistic_regression,6c1889ce80f920fa7e8b5f370dddb6a8d12631394a,0,0,0.009235531388212204
logistic_regression,f5aa4fa22c89942b44284b1346e06ab117a6233456,0,0,0.014622208985810691
logistic_regression,cfd1de2e14e9b294c7eb526eee81be8d3218705c90,0,0,0.008179301249440257
logistic_regression,941a18a0bd186d22b914f6661f472a3d25b09b1244,0,0,0.0028900017072872853
logistic_regression,54a1ac936a6190fb7bfde8c56afb39485c9a6dd8ef,0,0,0.006186513538491072
logistic_regression,eebe7dca728482e348bb767b907bb591f0b27d761e,0,0,0.006052637562720352
logistic_regression,2db2d1d73ed71c2814871b07cd89092f24b35a7d65,0,0,0.00278439282304907
logistic_regression,cd935d9abf7f8eb99c0f08eec29835c8dc97844cb2,0,0,0.0004921020213185901
logistic_regression,9adbee2519b262b56536c1193bee161f5634c90ec4,0,0,0.08606157675121583
logistic_regression,77464b3c25224c02ed267ed271cfbea35ab2017d9d,0,0,0.009320102814363783
logistic_regression,03bf06283a835eec6bc6ea2159851e307014c04e44,0,0,0.006029774936046997
logistic_regression,4b19f7d52d2eb4955badbb9f59e6c0c638eef8e563,0,0,0.0008821307778730947
logistic_regression,a3f6e3af879abbe093cdc937c6669eae7b72e5fec5,0,0,0.004069251781053452
logistic_regression,579e2cab22524b1bf19f48e232781a2f4600e9ed34,0,0,0.005023238067077431
logistic_regression,431df4092daa166f3eda15b843329bf756fcd624d7,0,0,0.0071402327783674675
logistic_regression,912bfb17f46672b716ecf23565330bae25e19a3344,0,0,0.006890778514148449
logistic_regression,f3a8c0804a802a594e9c081be6943ae1c645e36081,0,0,0.00524443688115192
logistic_regression,1c93818d58a57f671181f7770dca5efa664282e780,0,0,0.0005624058494607584
logistic_regression,63682f9e3535cd70713dea6c171ebd0f49cc530e8f,0,0,0.009194002737836679
logistic_regression,b4248f667aa1c0eb83d2e2ac841e44c9ea187195de,0,0,0.019234368988434954
logistic_regression,f83f6586c016a7f89a7dcf37b2d8e09a8b89909b87,0,0,0.005955103874111544
logistic_regression,bd8fb18c5583fad4a2bcad4bb73b9ace3876c96808,0,0,0.0028833735813468624
logistic_regression,1cf2bf2cb3c80f2f44411ada4e074368769dbdfa0b,0,0,0.07375293112815805
logistic_regression,1ebfdbf998434d9def77efbb64e51ae3e9c86f19f5,0,0,0.04686673027922789
logistic_regression,f71be76f7553933929e828507c385bb251e5c6ebe3,0,0,0.005960064482140514
logistic_regression,93efe90cab4981302b576a53a731c92d92da577a45,0,0,0.007264135059234621
logistic_regression,1bc038d5893ef5c4202d128f9efcdc120f8668328e,0,0,0.03416052303033704
logistic_regression,bdc1674e74404e1d2efde39161cecc218a40b55372,0,0,0.019791224481044367
logistic_regression,c0e31965e36dc3e76f34b1e946448e21510e4bcfa5,0,0,0.014219885454985681
logistic_regression,bdebd8107e4145289fe101ed467aae1cf34fcc7718,0,0,0.00637523235635187
logistic_regression,926cf8a8b85d91d1f9abb0e2f7ec43b4f902f453ef,0,0,0.034626547007728666
logistic_regression,e9f6b42b1606b7c0433db3136358d7633a510c1986,0,0,0.005795676956401163
logistic_regression,5195e4300453e32122866453033baaceeb81a5b113,0,0,0.02197053663453402
logistic_regression,fbcfd93b427b399e2861509fe19c81a5718ffa2e71,0,0,0.012286768552438135
logistic_regression,cb1d1aaee2393e195a0b3d8467c03497cc809c5367,0,0,0.021281882471395605
logistic_regression,3349aaae8f12eea6314cc2e6503ef42ca7ce039a58,0,0,0.004937075722827573
logistic_regression,5fecad93fc56916465e8ede302cbc297727a13767c,0,0,0.008003057633666981
logistic_regression,4c5db865b281eb68a99eab5f9b4e971d93175b75a5,0,0,0.14189969878014863
logistic_regression,c109c90b8e8534b827e23d277921a8844d0b5b84d7,0,0,0.007759826238627734
logistic_regression,fd6070660d05e95caa9b1782a5d82d9672b25e1379,0,0,0.01623019413067972
logistic_regression,f25c187d7d3ce35c5252d4d234e26a3885a36ca66b,0,0,0.03221580824275366
logistic_regression,47334520a1dddb7b109b21ae46c79045c11c5fca12,0,0,0.009467692450457555
logistic_regression,355df656a6996c323aa63ca181c5b68ad83d64f3ce,0,0,0.007310356157660079
logistic_regression,b9e71368b9290e48f3d9af4918604de663a9c0989f,0,0,0.049516683094822336
logistic_regression,cae190ce05feef9221ee1f08b13301ff52b9df47e9,0,0,0.006334266226612527
logistic_regression,f622498554dba6a99f3a29bf436395438411b0d12a,0,0,0.0039823409813285185
logistic_regression,d32362e2c6b9b83819f96d4d9e302ce2a42a6e1eaf,0,0,0.011565417344528381
logistic_regression,1abb9e758297c8c0a68652b5b6427431199aff43ba,0,0,0.0029971883734416158
logistic_regression,bed58cf97f1ec762c24f1c9c2457a4f0341be8d160,0,0,0.0044165316251086485
logistic_regression,016dbaa9aaf0c92f5818c385cab265a56273fee355,0,0,0.004055760201898825
logistic_regression,c188edc742bdf4196600aef3f6cbcf38aac20404e3,0,0,0.050579146744529034
logistic_regression,41e9571ff82bfe0b06cb06ddd15e169600a6a2326c,0,0,0.03548870191448113
logistic_regression,07dbb5c8286586feec2f168c00733aa3dda4f61c7a,0,0,0.010012320071389694
logistic_regression,97cdc458e5e9ca03aebf8b4eba8acfe8e42249690e,0,0,0.025245079605345454
logistic_regression,1cb7f94e0a05c65e19d42c74028d8669c9818ac6b9,0,0,0.009268544074885508
logistic_regression,55964d326adc42ddccb759c887d6e11ac0ee25d75e,0,0,0.0037288077806691103
logistic_regression,3b01e71e0f4cd8f4571338dc1b1e6a88feb5f36525,0,0,0.01652278021634032
logistic_regression,e53606b9aaf6951366363a18614cfa8d28815a7db1,0,0,0.00280787171662133
logistic_regression,718a7551b9318ecd772d0374c6fa71ecde2f88fb9c,0,0,0.004268594385219575
logistic_regression,1ec73c81f76f94d66a8c7db3c773874fbdacaab3cf,0,0,0.01054350672236346
logistic_regression,7f499670b1d7d169ad20963ceda582a2ff659b72bf,0,0,0.08189346034432063
logistic_regression,e0d3be6e6a9ee49b4635b3669e561faaca2a8e6bb0,0,0,0.0020620093860422603
logistic_regression,870394f654fc146f2fcd536035d3ac3338a63aec45,0,0,0.0041148025145328814
logistic_regression,3714c6f03c772fba9a542996c2476b6ce670ff3825,0,0,0.013291239664563276
logistic_regression,f425caa116d9b8767a8dcdfc8155ea4e6a9a1b1b1e,0,0,0.028763311102072836
logistic_regression,2eed464c9162b6062b81dd712aa976868d62a3fa97,0,0,0.0016250257985153983
logistic_regression,009efd24411d2b4d68de367ee0cf95aca9e85737c1,0,0,0.010605023053156377
logistic_regression,c67040f51cd2f7a35c435c651ae2a3042ee0e510c1,0,0,0.014180484364100868
logistic_regression,b5e5acd903a794e47cef07d8b922fed3f58ba7b9a3,0,0,0.006227089284373678
logistic_regression,f895ef7c07d7c19fee1e7297f1aca4f5a5e9bf83d9,0,0,0.02118106328522607
logistic_regression,4fdcd5e5c06c054365dc8ca53b1014c2be461d2040,0,0,0.009152094065723537
logistic_regression,8b8c1552b0613334e9fd81b6f36a4bf28a36102ca5,0,0,0.006633877859465446
logistic_regression,a91498cae1ff5455cae1a2154fb9ca4d58740a36fe,0,0,0.005697040763789341
logistic_regression,4f6717af1758aaa6d970da0c5e9d58468a760ca9bc,0,0,0.125431815292149
logistic_regression,deaa336dd2c14e7f5b422b0a1c227e9815c0be77f2,0,0,0.08181455392977258
logistic_regression,798df402f077d2a72645fed1b4c4afac5303a1b562,0,0,0.08668933651183536
logistic_regression,f60206b89aaa1e2d57cf4975b6e5b9e8ded4280f10,0,0,0.05190788105894309
logistic_regression,c0d28db444568c76890b4bd14723857518273db8f8,0,0,0.11891288586532851
logistic_regression,ae9ea1f076cfc12f9072ed658037d2da25661a1c22,0,0,0.09408395979248407
logistic_regression,9fef60d3bdedcba0ea2810ee15f93faed588c65191,0,0,0.020010348577686025
logistic_regression,8c0fe962bcca39116bc8e75bd3d33f1dff21ad5e4c,0,0,0.0027638462439378833
logistic_regression,628a9e4638d365f4117cbf735bfc0bfa73662348b5,0,0,0.023449702535364787
logistic_regression,5b14c1f182edc8e0f8f0f8e54cfe184c9efa419ef3,0,0,0.0012454225239668258
logistic_regression,0921c12c5a39814baf2de8eade94e7f92169974ea4,0,0,0.0017936475031452262
logistic_regression,7b8d924ecd4cf37214d24a3bfc6a39368626b932d5,0,0,0.005292481674275973
logistic_regression,1d20c4e64141ba7a2b0c5da704d0464c9f9b02701c,0,0,0.0006074506408781814
logistic_regression,abb37ec3cc3d4e09c22a09939e96e86782facba8de,0,0,0.01042668512755624
logistic_regression,e5bb7c3e489cd2d181c093d5654cc39fe103e70349,0,0,0.08679730597149589
logistic_regression,9508938aeae3e20b22ebcee1ace4dfcf9d3db81001,0,0,0.005703829849256221
logistic_regression,018132db79483ed135e421cb7ddd4435287f8e40de,0,0,0.002893417048434957
logistic_regression,56d16ccac9a7e8b35b15aba027c4eb64cec0555064,0,0,0.08188077478767068
logistic_regression,a956e961e0868cfa2e604294a85682668364f76976,0,0,0.098602538742642
logistic_regression,5926b6796915675f6e9b2bde16efdfe1705e94f024,0,0,0.00838935399912819
logistic_regression,1c7d416fd914ca6f99b387a66e8b8310929d34810f,0,0,0.00030302584878674174
logistic_regression,b9bdf7cd5eec5012db2697357028b58debac421f6d,0,0,0.02114119046905262
logistic_regression,c6a6b50e2d5adb70de4d507a6951726e85afe3e233,0,0,0.004752382653970541
logistic_regression,cd58a9488269f247f13188a41b015e349a2c97dd1a,0,0,0.0030324271313359893
logistic_regression,78bf2db8b9309cfe926a2f02bb2de135c704cf71a6,0,0,0.0010476400942487905
logistic_regression,a774864d5ebafe62d008790b519b5059f7401bfa25,0,0,0.009024873667347007
logistic_regression,b5d8e96cf6cce8dac5b6489d70e9b206d7639cc88f,0,0,0.0036244470726717864
logistic_regression,ac1bc3e614757c8deee39ca5911c7967ce6617653d,0,0,0.024561105417636783
logistic_regression,01e053ac66acc8ae95e2684bdb507d454510ca61e1,0,0,0.007531229025655931
logistic_regression,63b5bb519f050b32d4d7de836869eae1aae25ad6e2,0,0,0.006239543767996873
logistic_regression,f15e161a0ac39c6c44e3604f7ba035e22b47ec9985,0,0,0.010780989871020875
logistic_regression,2890de87d4cbbe9e3cd2f54c15d0ba36d6ff73d981,0,0,0.014557588059461118
logistic_regression,6137cc8dc1e45e19c30628df304cda025feebc6c52,0,0,0.005342239994676837
logistic_regression,01b2d532090766ddc3b62d115218a36d49926a9921,0,0,0.005732253927626661
logistic_regression,0afa27dd39cb823facfff73adcc492f0e2c549f844,0,0,0.004131717591575857
logistic_regression,ee99712080e8dedeac50566e8cde7154af0f80b0f7,0,0,0.01174403370290396
logistic_regression,4a6163c3a55dfec69945d5ac3a412cbc656d31a543,0,0,0.05590311617481415
logistic_regression,82b675182faa713a01a951be9efe5a22500fecc55b,0,0,0.13381862355360732
logistic_regression,b5baf95774eb699fa6698bc3ed6734369bf1175b45,0,0,0.006380015185878139
logistic_regression,6721e82ee74d97f10e9d910ba4e0f838b91d7e2f48,0,0,0.004565834985443049
logistic_regression,a11c7f14aa8f68a88169c9cf2dd3a0303e85fd000b,0,0,0.003021766291027066
logistic_regression,8a2d9bb1fcef334230bb6862c08771110123fc15d4,0,0,0.008434486594057856
logistic_regression,635ced7b1b82dc2c8c3ea2070fd1f87dff74b9634d,0,0,0.06335609586221004
logistic_regression,2a6121b61281307995a85480585b14120bfe7c5e4a,0,0,0.22351355178059776
logistic_regression,a097e5a73e04891f3c467bf8a0faffdd8beb76a0ea,0,0,0.10826897849705955
logistic_regression,70654408a00afdb5c557321a787b0340c92fe68134,0,0,0.027797093855376737
logistic_regression,6f347277c32a7d6f5acbb2a8cde3bedcc68a2d958e,0,0,0.025699370061164895
logistic_regression,f19f039e208a2ed044e1cf85e4dfcc1fe22ee3b6ba,0,0,0.07118741283512263
logistic_regression,1a0c40ca03aa91df78385bd8db9f849a450aa76baa,0,0,0.007617877319481275
logistic_regression,db03b61a089e317ec32eb8c071b38898dd9a238abc,0,0,0.0764712454747858
logistic_regression,7a93df33ea2c29ba417660f2cfa1d47c9f33f5a1f1,0,0,0.02790217756691507
logistic_regression,bb35f7a698e3a73f2f2217897598e66ef29f9ffa05,0,0,0.07802120391522982
logistic_regression,c84d8d4794856f02014e151a742bfd520e47ecb929,0,0,0.028636488776393982
logistic_regression,39d3ef5fb19a624b01c1b807ba6e15389948b4340a,0,0,0.0005968045982582524
logistic_regression,af072bf3b9239d3143eff27d2c204e6e99ac403cec,0,0,0.09432054195584556
logistic_regression,f75f5f0b78f7974156ad07b23b93c4e0d706220300,0,0,0.03524229675026356
logistic_regression,09090a8003fe4649a8f0ae6c18b52c20ce930c5b33,0,0,0.024941371714797742
logistic_regression,58127aa620fa4ee2fd9e9eee0f1478bac58140fd37,0,0,0.029979481509139424
logistic_regression,3c8db46f3d63b35cadf4e0c9964a157b718ab460bd,0,0,0.0014213482018208962
logistic_regression,fb580c54119c7c7ff80a85d702481d3d659e2c243a,0,0,0.09620446307446107
logistic_regression,4b2485362b232d5fc2712ed0ac13c858287fadb979,0,0,0.0007868111292655364
logistic_regression,d949d4e3f3bf57e2bf03b8fc7cc5df3cb3176ffa6e,0,0,0.0027766524043988856
logistic_regression,addd84c6845314769a50caa86efdece038b3eac77d,0,0,0.019477112474681143
logistic_regression,52c1d1563c76bcaa0ae7596f6e1e01f241355f40a1,0,0,0.0822752709336745
logistic_regression,4e9a98cdc956a2e672da61d54b265448f031a8c5ba,0,0,0.09720180651126208
logistic_regression,e2000d0b5f8b85bda4e3072b3a35e79f83e3f3f67b,0,0,0.04140787486834496
logistic_regression,4ae6b2c9deb9c5a6544085265d06754b03e278f0bc,0,0,0.0007182803282074123
logistic_regression,e19baa29a3f85d641b23b8371ec22ed08e1e583214,0,0,0.019892882159761916
logistic_regression,0e1b785b02ae1bdc0e3f316cd98a90dee463c3790f,0,0,0.020762202440997735
logistic_regression,836486bc8648eae091336f67d41e33558704646470,0,0,0.02588315853219364
logistic_regression,3f40cfec7ba966b06a9e0743cf930b2a82994cbe69,0,0,0.008070902656388648
logistic_regression,6fe9fae7abd31e9ec3594f1d9c0f5077cdd9c2434e,0,0,0.029531656063318406
logistic_regression,f1f384216990dbc957ba785698e41c85ccbd61df8f,0,0,0.029269733886328343
logistic_regression,d3360d54d81ff7ebd7c6d9d55254ebc6c55523bdd8,0,0,0.0007071182155095192
logistic_regression,020f0ce341e0f6337e84ff9a6713369ce38af38dff,0,0,0.07739154404446687
logistic_regression,a2e94213a3c833f4f6d1ec77a761431d27ecd4b9f2,0,0,0.034526172181066433
logistic_regression,db8a04d83007f99194f69cb428bf056236d328e429,0,0,0.0972949457243007
logistic_regression,dec9c5ecb6a87b10ff6ebd022e78a254d46e914d28,0,0,0.08034845481299085
logistic_regression,df236cdb4881cf981246f7225cf57799738f54fc52,0,0,0.1455688397239717
logistic_regression,c931ddca942ae2e318a235f72d1fcb61d57d863021,0,0,0.03203059005789721
logistic_regression,313c5d970e6171a4e4140f11e2d09752b0fc64ea6e,0,0,0.0014247867670595727
logistic_regression,21e6326687c73c92aaa2f0b1f74d6a50505405f8d3,0,0,0.013405150553082733
logistic_regression,7a69cac9847d68fcc144b3fb4182bce0561475a83f,0,0,0.0071979342288088135
logistic_regression,b9cdf41935cee1bc2230cde83200e0ff1a63e9eee2,0,0,0.1293851889479988
logistic_regression,8d271422bdde4aa37a74ebe656c82ec35ab4d0049f,0,0,0.006356534918326326
logistic_regression,dd49363cbcdd252432db04a5b65fa2074e0c4bcd80,0,0,0.03745120610249501
logistic_regression,881c8f538d58ba2c973c6c08c85a9efe28b8c84780,0,0,0.11650625033294489
logistic_regression,5b815e71e57a5a929ba734949d393027580eecc2b4,0,0,0.005453790846089653
logistic_regression,089aa9734fa55fd226396dbc7ee3599dbe6032de6f,0,0,0.023759854745684258
logistic_regression,5863e82a64d484c7713f4910c59c8f89d0d5b78810,0,0,0.001680624032376569
logistic_regression,d4b5e68c97cac7ca7c6b91cd858c5b5b0a1125a41a,0,0,0.11403316297573862
logistic_regression,bed03c6d9f50aff19c42ec483fd91a2877562ba8db,0,0,0.08617810303206408
logistic_regression,eaeaebc197cdaef6c4d8edc8eaabfa7ea335d1fd72,0,0,0.07316391438171484
logistic_regression,493a565efcf70a2600ffb12af364b5655368df7eec,0,0,0.10861186127973609
logistic_regression,ad26376652535775a3369d7622bb7799fc6a799a39,0,0,0.11742769846245969
logistic_regression,868bf3b8c69cda993a4d6b5249e5eb6e2133a12799,0,0,0.0011617209289960797
logistic_regression,8b3485cc79aaecf70fa5f80ab8f200373893f4c869,0,0,0.07230537586806794
logistic_regression,72444324e07f41f30eccec776dd40b2ddf62bada5f,0,0,0.020110508744515955
logistic_regression,f2cc093e0c8404cc93ae7b34c848b01bd8a8b6a90f,0,0,0.17500694684127155
logistic_regression,37a53bbe9b350ed8e5e225f8be2691bd9b90d0bb36,0,0,0.11406161456764206
logistic_regression,c458d1b7dee2b56012d89cdf2a251eb575e32c8922,0,0,0.0036196660487181676
logistic_regression,fd90f959b4638116b7742cb5ecdab96c2ad3b7435d,0,0,0.043474667693266585
logistic_regression,9e0e1424dfd927c1681814350f3a03aedd2b2b8788,0,0,0.15101599106203684
logistic_regression,0d38ddefa04b8da9fc8b838756565d2eba4840d67c,0,0,0.03347701123362826
logistic_regression,2cb71b5e983695bb9b5c7bd3c4cd4c6a7265385dc6,0,0,0.02148900569092162
logistic_regression,4974f43789476b5a9435252b5b7edd8d79944f560c,0,0,0.01248441166595939
logistic_regression,e38c41c9e23fa4fd55573a9d273183c8993c1b7000,0,0,0.002092968211784274
logistic_regression,b6f1f6edcd6ce62ea9ece7d7e9063ff06db37eda05,0,0,0.0066781767387413355
logistic_regression,387ebadf11c10816c07c4c1ab83e163b507db9dda9,0,0,0.012265113279660558
logistic_regression,6b6997bc54ea23101b9c0491415c2fff57443fd326,0,0,0.008224055092421243
logistic_regression,5c8591514d0f6747b2277898bbe0f13237a5f5ef3e,0,0,0.0016944843499769615
logistic_regression,6101f7c7071d3d29c38d4cc78809acd3ee64978539,0,0,0.02924902191436635
logistic_regression,4a24bb92a771083e0c56ce85ddb13077f16af44aaa,0,0,0.051513876407923605
logistic_regression,0db6b293a0c9c7fafb62d944317ce85eb7a4363f45,0,0,0.009159851223977816
logistic_regression,53fd56e2a166254c0e8880b0ae373859c096f23f8f,0,0,0.09072636915011587
logistic_regression,cc7cd7a7d0872465cfb2379d9ce2b27a861acc7caf,0,0,0.004059160036582756
logistic_regression,1a57003e78feb56586c537f06b739659ba93bca745,0,0,0.02163176662640957
logistic_regression,a9d2f8ab2ac80700cf27af7bc08452e92fd2e2ccdf,0,0,0.0021324767859716375
logistic_regression,e9241bf9ac2657416945a1f33d38948c3cc96c8a4c,0,0,0.007714279729644811
logistic_regression,4d2fe979c6d711fc7519a6c082659e169d887feb00,0,0,0.012879392694427557
logistic_regression,a7383a5250f0d38dd95dad5d97b4e9143cefdc4599,0,0,0.015167452739894626
logistic_regression,6f944ba11dd813b6af2a5f04bd5e3c41fbba47d251,0,0,0.039351076939263714
logistic_regression,2cf68aace34856b6f019ba08b78b859c0fef95cebd,0,0,0.0037673528816354095
logistic_regression,75433ed7f0b615e8cffaf58fc43377be21a43b8838,0,0,0.04197372019743251
logistic_regression,63882c5b6141e56e9eb4e4ef62fb997bdc2c8f70a1,0,0,0.047731129134995505
logistic_regression,e75eb3cb1d2c7f5318f25d8d59b111258b9747a465,0,0,0.047125418458712626
logistic_regression,d6a80991b4c08e0b2a0f2476b610950ba175441a5b,0,0,0.02349439485114498
logistic_regression,727fd49c4adcf3e5e2f0ede000b7539a7d2d9f69d0,0,0,0.03695223799867147
logistic_regression,c6249b972e93add9d1e06f86afa299cfd2f14be0be,0,0,0.05276199960493304
logistic_regression,f5ef88891df2a436a4f0cb601d37a8ffb52653736c,0,0,0.00051125135184937
logistic_regression,27ee4ea4c5baa85853cda533ea73a6817ac9eb65d9,0,0,0.11546411718200557
logistic_regression,d5c2e2061d4943f3805060dc37b3b36f98f0c30e03,0,0,0.05115889658836558
logistic_regression,492f090ec3e2d1bdd552abb36c0255e32f57b5fb7e,0,0,0.04662088616157212
logistic_regression,706b3489ea27d1551bc5bcdfd028b47aaa9ce4d34e,0,0,0.048022352604246234
logistic_regression,5a63828b9429a5754762bcba7f0233852952bed68a,0,0,0.003350352568864654
logistic_regression,1acb08c1f4b7efa4c0f0068adbe0de013b304fb894,0,0,0.015449630028844325
logistic_regression,18c82926669e523a92a07352a9ca11fea2bd691833,0,0,0.011196019930312738
logistic_regression,f5910b07a8865df7214dbf8e3a916a5664023c4df3,0,0,0.015540845381609361
logistic_regression,eb64c475aef3d4415c3aefe2e739de6b1d80eccc4b,0,0,0.015682663336606298
logistic_regression,d8788bc0d4b8c1e517f6807bfbe875c8c4a27f4b20,0,0,0.009397450418984526
logistic_regression,29466f464be83b90df5211905180f8c0d208b72a0d,0,0,0.16051696475788654
logistic_regression,58d3f5b185a0d4edf5e3e8f64834fc59b57d15dffc,0,0,0.06729372390441947
logistic_regression,e214cae4318bdee3cafba9e73cd8081a62f9a541eb,0,0,0.08458716248537526
logistic_regression,ac5f77d4783958dee6e7a20aea64d841db72ec1a2f,0,0,0.15397377712624466
logistic_regression,7c22a98a0afc6342f6d173bd4b4b490f10567f9a00,0,0,0.05120554603713558
logistic_regression,9f6df8402a3b33fccb5aa363fac84bb4e577818742,0,0,0.012386031898748952
logistic_regression,7cad4f06ac82aa86dd5a7864a258c0ead2f0122571,0,0,0.03339389428239227
logistic_regression,140c7f3446a54c55184cc4f394459b67858295cee8,0,0,0.14152988023750485
logistic_regression,5588aa61e9b3cc4d42e0541a69d952ed9c3d7f0df3,0,0,0.08251023194178532
logistic_regression,c6b28baeb3aec7900bff78a4f92f4405d084fb5763,0,0,8.733314881220105e-06
logistic_regression,cff1f7f22b8fee081b1c4ff4030dd4122558be6d9b,0,0,0.06536585392746702
logistic_regression,9c8f814a3ef8e2bf014c3d814e23a27240cad9044b,0,0,0.05846436196171153
logistic_regression,8e5a0ddec45a5eb644a66ad9d364860c0fc47f71bc,0,0,0.3641237518251569
logistic_regression,f625362a7d20fe9b70c2ce9702215ae3debc24194c,0,0,0.07236302578768215
logistic_regression,0fc71cba07ef566066d45748fe85ca13357e0c7ec5,0,0,0.0014759560940645357
logistic_regression,87c9e2f4fa9d35df2cb434695051047d04ea59bc6c,0,0,0.02444245563126958
logistic_regression,ed0e91d6aa62ae8d926983e67351c54158f665699f,0,0,0.1235497487170431
logistic_regression,d4e6fadaa7ef857d1e8d0b4b3cbe813587337e1c16,0,0,0.006795238175523476
logistic_regression,48ed438eb14bf04c25808bd2f0f02df158bc9e441b,0,0,0.0025806451075251783
logistic_regression,f9b796110282f78ff9bffb52649493325247b80210,0,0,0.00900869596492993
logistic_regression,d6fd42cdc9229cb198ad48d8387b0a94f3ee96b919,0,0,0.0022956989044091093
logistic_regression,83fa056f5e41206abd2643175972b920a40aec71b8,0,0,0.008926135832128323
logistic_regression,a1b3e0df7b369c626a93c1444033ccb21e8dc0e7b6,0,0,0.008778544749464288
logistic_regression,4da4d0282d8884814be3bb77c04ad6614ad6bc0eb4,0,0,0.01646464080145684
logistic_regression,f356b59fdf450f2e317df2010d1487aaada84a8927,0,0,0.12144256307142257
logistic_regression,1e56659f02a8df02d88d43c39d13f77767193cc684,0,0,0.03614498252107064
logistic_regression,31d8840d15300279001b9c92511e406aeffcf1b03d,0,0,0.002546706788107529
logistic_regression,371a4b928af820f5e9da6706b7e674d472d7b9a13a,0,0,0.01103539070607359
logistic_regression,647c4c801ba7150fd3ae5686bc24bf85bc37c0f788,0,0,0.03721050799387807
logistic_regression,6324d49b0e80fd94813ef320fa77753e3ab2fefb39,0,0,0.018054826606070242
logistic_regression,7a59c3044efae15d914b4f6b86acd0db72ded4571c,0,0,0.06791206840218302
logistic_regression,0397ba6c87fbb1beda4603e022d1ca04d0e015758e,0,0,0.017499662266477655
logistic_regression,53b9853c9846464c402090d495ab9940cf560aa27a,0,0,0.0038161341360384822
logistic_regression,f7b592bda7f30e686e44f234eab309c2d0ff985ba2,0,0,0.006352776146105572
logistic_regression,e5b0164313f5250bec817cff99259356a04d6fa7de,0,0,0.017234037650910066
logistic_regression,68c70282fae348f3d454a6f185879b0e0a14240f6d,0,0,0.005212905095995745
logistic_regression,f3db495c776d42a29a85c658629dfdae182055b967,0,0,0.005750155869761605
logistic_regression,ca499d59127106b91cdb76c661f5df77a465ac73b2,0,0,0.029206340022664416
logistic_regression,ac4e4587b6f71617c9a5c4d772f15f5c9abe698271,0,0,0.03400243161333143
logistic_regression,3e90b531a42d4f24b2f16560792bf2cd5747bd957a,0,0,0.04347592770128634
logistic_regression,be4c90f8b91aa34dc2ead27adae87e3fe87c7416ac,0,0,0.0012719457936442454
logistic_regression,a030f423d12dcb38cabdb389c752d1da4323da7ba1,0,0,0.0004244487823813114
logistic_regression,3fa22d82db0dadd68ac2865a3975cb5a97e30ad5c5,0,0,0.00041867202274516364
logistic_regression,6ef961e4c4958cc9001c81a892183ccfffc012e9e7,0,0,0.11941714334727771
logistic_regression,e971647167bae1da44ba8665abe5d0c2ec23f3bdaf,0,0,0.07396552545329872
logistic_regression,124bcf2fca887155501348e84b7fdebc56dc779afe,0,0,1.9890289116029126e-05
logistic_regression,54f201e69819a7ab7003686e0dcff3161d0ee639b8,0,0,0.007174312302263389
logistic_regression,a8a5595020edd9cdc1e7a0efea26cf80f6c4bad396,0,0,0.09136976266096589
logistic_regression,b0d7a81213a5ad5c7ddeb1977689ef621da29ac2df,0,0,0.020472335410631246
logistic_regression,b59120a23351a4fbf9f90173329d5543e9899e97e1,0,0,0.0014428166954841696
logistic_regression,0f84d1d25f91d3bee5ea1b02031e034f690769b29b,0,0,0.0032490672906553843
logistic_regression,a01c2f9148eb5ae979444cc670ea6fb2c03f630cd6,0,0,0.0001934679119276318
logistic_regression,149a2122791047543f5b5bb352f4e1885ef719d95c,0,0,0.0021289591865050043
logistic_regression,48e0560414749b8754d6973f133364ae18dcbd770d,0,0,0.010689547496062147
logistic_regression,a059a2d135a2ea64dbe59ddbc0403a465231d87999,0,0,0.002888289310342136
logistic_regression,24e9c9ebee7cb3e88f73209cc7740feefafbfd111d,0,0,6.173440819458839e-05
logistic_regression,1203873772ad0bc8aecc14ca28eaaa26e7caa79042,0,0,0.009260476547926088
logistic_regression,b0fcb00eb6ee8ce54873d3e54d148fd15fb2d65d2a,0,0,0.0018390676913426526
logistic_regression,eedc1e42004f6f37edb219be4148d6ed3b584931c4,0,0,0.025703124660003678
logistic_regression,a6cb7f6e13aa1846d193fbb6f18582835e47637c02,0,0,0.00047796472151929385
logistic_regression,ac95fc503e80ec38b047e9e548f6e47e00e0d3dc61,0,0,0.04233967936816593
logistic_regression,da4cdcda9c64b836fb73738fec1d2d8b266094fd33,0,0,0.002655207982632489
logistic_regression,456c89105da15de68d0ac7e7f83db5b6d36e05ae9e,0,0,0.0027829401520525154
logistic_regression,281b2da9930f0e070406d226bf8de0824dc01c5257,0,0,0.04280766626736288
logistic_regression,9b319408a4da2317135e93db8dc35bfedd5737db52,0,0,0.00544071847403009
logistic_regression,1e91ba390129333d843664bc8f483bd2f0ca688940,0,0,0.09487721450285433
logistic_regression,ef1c932d9c2db1d689c20d9494c5a178e2171d67e4,0,0,0.022174379850465435
logistic_regression,d3d4a511f7de8ae3ce06e53ad01615d85bbafc6785,0,0,0.05703417721252135
logistic_regression,d0bf4a280a52dfeef5be1093f8a28aafda929bff11,0,0,0.10615471540129998
logistic_regression,cf349cbea036cebc373d13e068845462d80c68b5a9,0,0,0.006241994068937758
logistic_regression,82a9637bc31724ca45f88c42debcd8ba8fff8615cb,0,0,5.397003487878949e-05
logistic_regression,60100fee64c15362c64b442fb5e76103a61dcbfa2f,0,0,0.00038972821062271056
logistic_regression,5a60851d7baa7846a08880ae165944eef0a4e0b8e7,0,0,0.09506275398713421
logistic_regression,45ad5658a0c6e043b3de64fab34d0d7c4076d86a82,0,0,0.08056683062334653
logistic_regression,16bb7fac67d2e2d583cbbb10bc98f68826b8d4ea2c,0,0,0.0028380515339157075
logistic_regression,ac06a0f8755f3b174fce9e6559bd97637764ef0855,0,0,0.06625098503229683
logistic_regression,bd375516ff23dccba910cc908287ae157658005774,0,0,0.17611869973210398
logistic_regression,1542cc688a1f02185a9257970c6ad0e74f9139a650,0,0,0.002071256268464213
logistic_regression,7eb441b7ef1d255ced09094fcf89467fa7c7ccd273,0,0,0.027125984445159533
logistic_regression,09d14c60f11c6da81f8ac8e076a9a35884b3fa052f,0,0,0.08740862197967787
logistic_regression,e0dd85a6fa5109ea2bbc6427ebb5ee62f3be00147d,0,0,0.003737642445482087
logistic_regression,e952b9fdb78d3e0ba5ec2f4601836a631630253a7a,0,0,0.002677996407004475
logistic_regression,01859cc5172cbc148c64e9d376bb6ba016b6715e90,0,0,0.0973508861272605
logistic_regression,e14f0494daf8ab391097e4a01fef437e6a662067ff,0,0,0.00797793865457358
logistic_regression,a588516be4e14411c9fc978025580c62a6b4c0c75b,0,0,0.00797793865457358
logistic_regression,6d464b6835eb4306734703ae193eff908156aaf938,0,0,0.006652507442194669
logistic_regression,9676f9b843d54e0a27e560104cdd963f3dc08fe58d,0,0,0.016484812746353356
logistic_regression,e76f773a7e2908d7014dcbb725880eeeed3344acd3,0,0,0.015447532385374543
logistic_regression,88e5ad666609ceb6a9ec37ec53d48b6d569141ac19,0,0,0.02452235862415042
logistic_regression,6bdde891a001dc37091aee8d435f2a2f369668de4f,0,0,0.024082708314581737
logistic_regression,7842c5c796349d98284b9f443fdf4700a6716dde79,0,0,0.013930470731532894
logistic_regression,b7aaabab6f26fa3bae93d31b9b28686223b2dbc9d8,0,0,0.0019056318456280768
logistic_regression,1fd85eaa36b7624483b6e9b494454b5b5fa938bafa,0,0,0.0014546884317805952
logistic_regression,e587ff789e2fdd720a050f9022756ec5004d5d08f3,0,0,0.012204444732313028
logistic_regression,b0307b739c2b9139d2d292439283ab8d9bddab0a22,0,0,0.0014096247065312313
logistic_regression,7eaaedfefa93e4a1b9982362c916ca7b99cc6bd984,0,0,0.0020997053601918706
logistic_regression,2ba5d2c7f53cc4611ee28c5848a60188d9305b43c3,0,0,8.006883805806112e-05
logistic_regression,df64f0b95cc0f7e05f3774c2657ed83a4948a75131,0,0,0.001813256517131459
logistic_regression,027c0680009cbb96d1ed575b7c5c319a37d9b30961,0,0,0.04994908693445034
logistic_regression,8b8c2c08d774e88d5180a6b2ffb56bb66891c1e5d7,0,0,0.06851653006307695
logistic_regression,855068d1aa83e51deaedf26511e94e45532c4f4bf0,0,0,0.011974159342644638
logistic_regression,c26264ac30847bda894909be6e1e2e5184dc47c077,0,0,0.0006841771353716556
logistic_regression,08f73c0176126f0a2522dee4b816850dfd20d7d71e,0,0,0.03245125791318563
logistic_regression,a94b9c60e135e8eab4ab6ccd13c66ed7fac15f4542,0,0,0.014506151159397731
logistic_regression,e330269f357377cb522c4243f43140520e4d03ed25,0,0,0.003007883904341799
logistic_regression,d10751ec78d3005cd14f4e0e7c8265a4d141b68418,0,0,0.017536283675685906
logistic_regression,cde51db8f5c2bc435b49c2eeca643953bf5a27e2de,0,0,0.03884704037742645
logistic_regression,5669c1b2f9512fd8e473e2db7fc2a78a1011a34d95,0,0,0.02806078532060479
logistic_regression,5198fb8f4f674f9fd431c61d80ab3a5c2656f51e30,0,0,0.09435306525429199
logistic_regression,2064572d0211688e9c057749fee5354461ec43c995,0,0,0.0003933708156196833
logistic_regression,d3513c7a9a9f68a8122483fc8ce91286daef24b51f,0,0,0.0750974711810211
logistic_regression,5f3b0063b5d59bb6cad10494088e78becc84dd051c,0,0,0.012438976164796127
logistic_regression,c082b82332fe0ecb307efeacff252829ac505c04f3,0,0,0.00044828127070131735
logistic_regression,9fd7793e9ebf118a7c5f98c1d43f719550f4c4b3e8,0,0,0.14349583437684005
logistic_regression,1159c47808e4f6ec4c3b965caa732018af2150b9b9,0,0,0.07737923949977332
logistic_regression,0bf464914f9be89a5584246218a5750160e76a8ffe,0,0,0.147464577325545
logistic_regression,e553704943a5f8a41d9783e6155caddc792b5dc110,0,0,0.009838854457836195
logistic_regression,e4fee3aa4e031b718f83275b065faa9e65bfc39772,0,0,0.05928157466460503
logistic_regression,1b2cf30f99484953f68609270f01db94fcf32c96f5,0,0,0.038378386747202675
logistic_regression,3688b40bc770d987a1de895d0d6a48265330aa44ac,0,0,0.012069492715495855
logistic_regression,94f8208743889fb51f2dab082eb0f992767ee1affb,0,0,0.004409790929637291
logistic_regression,c0750d7b4b5cf668200bf6e35798dc7f64fd855749,0,0,0.0004468558164485368
logistic_regression,b2ba42e7fbcc9c206338b71bbd0f8b729b9b5ed7f5,0,0,0.0164173467132568
logistic_regression,283a874cbd538c86c9f8fce58d836ff7bef6461086,0,0,0.0011761388573741937
logistic_regression,becc9f08d9853471310dbae749f526186ef498969b,0,0,0.045632842429519344
logistic_regression,e94b26cb3d92c752e3e93f13b466281c431c1b1c7e,0,0,0.06482969506656523
logistic_regression,d4145a9d06203aef70b0216de07a5515cd3aca8674,0,0,0.09601592167362905
logistic_regression,ea659736e9cfcaaa784ba2c3671d476e26fd86adc4,0,0,0.024514025927818338
logistic_regression,93981530431aa1edf9aa652a5a4133319e7911dd3c,0,0,0.02746402473419373
logistic_regression,ef0e900bd3888fd6d1c0f9412ab6593ab254a65dfd,0,0,0.07078338018454645
logistic_regression,61cafb6ebc44e9ddaaef7560cee9690a16634b6cf8,0,0,0.0018656804273488863
logistic_regression,7306e897d4e17a909fa34fa307274ca5e64db6289a,0,0,0.04257555768165225
logistic_regression,b3ddda8cf8cde33cdacefc4d496d9c35fee309e277,0,0,0.04780798995449322
logistic_regression,892c43525f3d57dc6dc87396b1a69608077a410c0a,0,0,0.05311302238236566
logistic_regression,bc32a68a3698be99f7726f518b163640cc5dd61137,0,0,0.033755585411981696
logistic_regression,2a9bde96d055abbe02c07ae1fac885e522d8389365,0,0,0.04626427049672523
logistic_regression,8950d31ab0388d06d14698e27a88a2776acd13088c,0,0,0.058388306069691795
logistic_regression,1592351c21f6d3f05331700044e6adf5445d49882f,0,0,0.01612841872961873
logistic_regression,8780916956c9d30fe6b417fb92b5c392572e8de05b,0,0,0.0009597117326100448
logistic_regression,57d8792d09295aa314c6601b88c716ace48b531e42,0,0,0.019624713820100583
logistic_regression,8f395b041454b665a0232aba4a46796219dcf0d448,0,0,0.058356549240196
logistic_regression,ef6123e359350ddce671fb609dad13041a98a468a4,0,0,0.06252751580206244
logistic_regression,4e7a9a817facb802c653117285a7cc2870fa189c08,0,0,0.012769146217649656
logistic_regression,a929117c903cbca99a9b8e1a884799edc24554ddb2,0,0,0.0019262009688795086
logistic_regression,af72d05ac8964209f0a38ece394fa9ffe9d66f809d,0,0,0.05985657639716756
logistic_regression,8fd7d1b6468568b67a5dcaff906d610f57cebf7af9,0,0,0.0012210575715602124
logistic_regression,0277d432c8f301c166c0882ca2c4710463f2469b38,0,0,0.07020545445946919
logistic_regression,09cd4907a1a2f54f1a2f618c81293b1e4857a2a1a9,0,0,0.056114789090326016
logistic_regression,5fbd77f6a07a0a27658ba1c4f7756f8afbd5e9c8d2,0,0,0.0016739008325248042
logistic_regression,10c28dc83e22740fe45bf1fdd39b9190b161170052,0,0,0.006026615052380062
logistic_regression,29453cc12f35d0552360fc60f229d2fdb35670757c,0,0,0.0037920599929739157
logistic_regression,78ddacde9cc0405175f70b31f7d6598ce5d6ca9313,0,0,0.001575907676167499
logistic_regression,97b84655a80b28b6f608c3f457cc315d155e1d35a0,0,0,0.00383635780186506
logistic_regression,c80d4934a44ead11dada8346d6d0965a436e022c17,0,0,0.09118690312920628
logistic_regression,4cf6b00cd245a6148b36a47ac9f5745a25c48e3944,0,0,0.0004827148430877739
logistic_regression,4ef64d2a8d43fa2c885c10d9ee87b31835887940cf,0,0,0.002649122511605403
logistic_regression,f862089f62b0f5c046b895e5ea1288e50bd2abd043,0,0,0.07049524799773785
logistic_regression,736f964bec540b29a9559e22f7312e19ef71217d7a,0,0,0.0013734753921635623
logistic_regression,cd2ecdf52024f8ff4dd37acedc3be5fd84671639d6,0,0,0.009919628516686022
logistic_regression,bf89664143e3340361b743448a5f13e991918b5478,0,0,0.06483627252394028
logistic_regression,ee848cbf96811710eed26287c33ee13f1ad5740401,0,0,0.004575031949057839
logistic_regression,cac8d8163c0d46b221476f78620f01d22819194a4c,0,0,0.005531562763525519
logistic_regression,79aeef297309dfdf54c359174278e15c682d7299a9,0,0,0.0038755237698876637
logistic_regression,2a02ad5da244682505b1e122ec0d7961d4935c7ebb,0,0,0.07255404640678983
logistic_regression,80829247e61ba59b3600ef073f6e25845ebdcd1aeb,0,0,0.008488630623974081
logistic_regression,3c1b0f42237df5e706e937da5325459b07d76349bf,0,0,0.00861154121087737
logistic_regression,ca82b59e9bbc1cbed71742adc5d1c429f95db7a8fb,0,0,0.05897393791238209
logistic_regression,89e82f07c458ffd87f0a3a5988671c01ee63166ff1,0,0,0.05594873471105075
logistic_regression,9f5f712e10bba1e923d144894baa6fb82aea1f8d70,0,0,0.07743633353736541
logistic_regression,abc5cf2d431d011b8d74a3ced25355d86509c9b0cb,0,0,0.0050631842793080655
logistic_regression,6d7424d770fe75a9e05d9f524474660c807d0fac48,0,0,0.11337616038395097
logistic_regression,b09ac992332399d0836d5acb1c04a2ee287c5149ec,0,0,0.047259677107308794
logistic_regression,3ad619b1b471501845123a451f5e0d6d4914f2c560,0,0,0.006102268779021824
logistic_regression,88a0b806b73a777d221ec40904a973c079db0c844e,0,0,0.015511914601677133
logistic_regression,0913aa54dc559ea5626699476a8853c1bc7706c893,0,0,0.05994186019582465
logistic_regression,d6bbd69e42145823a8857854bff84c6464e5f23e0a,0,0,0.0481754247600041
logistic_regression,cd81b5648539cd4fed4ba11c8099fecf4493fcbb0a,0,0,0.003271709701191379
logistic_regression,a8f07734ba57890729c375b6713fab35d3f77ea396,0,0,0.004306732114373358
logistic_regression,4ba9d39bcddaf7bc11f67b32c12eac4ee67d132ea3,0,0,0.04964231924212014
logistic_regression,111065d22bee9d7fe2ed3fe2428bef12d87d91d72c,0,0,0.0028860928599363836
logistic_regression,4edefb4a437797ceabba74a75befe49f57105ec44a,0,0,0.001722457523480918
logistic_regression,289dfb90c13f5e6350e0c01fc839b10e796286390e,0,0,0.08300447583963537
logistic_regression,b7db8ef5a7e0849c83ce9e91eaed3cb4ab412aa67c,0,0,0.003005059619916319
logistic_regression,d559b0163857c0cb981aae04ee8fae7e3e1adb792c,0,0,0.0012870653050011216
logistic_regression,6fd405ede96daf3cb4efd509ba1eda28945b6c0e8a,0,0,0.006051226139906828
logistic_regression,e357f81d1a8c2c1191ef7ea31c2962d0a52f87e6ea,0,0,0.006156280226707052
logistic_regression,d859dfd209b431f5e0431dd2e584d7b919b507cf25,0,0,0.005726977816670946
logistic_regression,26dbd8a4fc601a9df2c8ac09ece8d1662a44685534,0,0,0.05372495911107114
logistic_regression,818025f0e5702a1313fd42710c8da45142abc401c8,0,0,0.04843918750262608
logistic_regression,3edb010d2db2297f23f9674639de2700220482e467,0,0,0.0024964906097840298
logistic_regression,0dcfb26239eb25d3bf0216b44d93dd7c9b60a3d5c4,0,0,0.001865734340319632
logistic_regression,8cc2fb1156712eeb3a6b51843138c38deb46bcef66,0,0,0.00046381217850309834
logistic_regression,83ac905229bfe608d31d79abd27bb06a76ae9d71c9,0,0,0.0030568981069353483
logistic_regression,ba9adfb1af8f50444a76fc19ebb2a57b99c78a1c76,0,0,0.04000512594962928
logistic_regression,0c3df23a7949cf0da8c663d300f980625efbafbfec,0,0,0.0032747151386232614
logistic_regression,2670642731aa37826fbb7e63e3673e4089d9287761,0,0,0.00039313482604932254
logistic_regression,a05137664d50b5eb8078a5f70dc84ca8c1f826de21,0,0,0.04897231080640689
logistic_regression,d2e9e54f21322a05997de3c53a4371452491f22bc1,0,0,0.003212451180667379
logistic_regression,feb4c2e43dd0c9619333618b55ae4075083040839a,0,0,0.0018159437545885106
logistic_regression,54272d0997f4a88d6e7be8b97dc6cc86ca21c814a4,0,0,0.0003942165096203374
logistic_regression,41f9070fb02db2e1b7e4edba7cd483006c8ad8b3ee,0,0,0.09241270645295985
logistic_regression,6e62955c2bb60214871488cafa14d36640cb44459a,0,0,0.0016788470726089796
logistic_regression,24ecf3ee6935d500d5d959947ba4c81cd9f2b8f3d8,0,0,0.0008885218828988834
logistic_regression,37d625fbb8849d194eb657283e75faee13af3ef5be,0,0,0.055896007190215015
logistic_regression,90fff9a42b8ae2fac986ee025ac296128c477ccff3,0,0,0.014450913239842874
logistic_regression,1083d7e0b9e74840cf4dd72d359ff23264c895d5c5,0,0,0.001625577179852436
logistic_regression,fe272d1a97d7227f4a0970c0ecbd3826fefbe63ba7,0,0,0.02532307261383119
logistic_regression,8a35e88e4566ac24ed4d8281c302bce066b75e68fa,0,0,0.0023698522433272906
logistic_regression,a2563fb0859e1534fa7c5cd659b0fa664b168492c4,0,0,0.0004632978830705623
logistic_regression,c921ecb3148083cfe237e563437f4e151cdc8eceb5,0,0,0.004269352526883629
logistic_regression,f4e2264fdbedd2dac405b1778dd0645d9a62fc25ae,0,0,0.05380421014578746
logistic_regression,485f2fe1f6d9780371de833a09dc468a516c7dd12d,0,0,0.030566774949557535
logistic_regression,acddac6f2bc6317d6ea90fd53dc30ee5e6093d658f,0,0,0.12827631047229837
logistic_regression,74b0b5f71f8f9086a4a8c96d045a1f2055d455c35d,0,0,0.0478571587211441
logistic_regression,413f0edffc33c1d2d2015ef1e5b648325040daf46a,0,0,0.0033256937646550877
logistic_regression,d86d115256c9bfc0b1ef6703ddc916de09b3157cb3,0,0,0.008791684181278885
logistic_regression,949c1d04e3c81a3cf4c2eeb351c80cd4d174d58f2c,0,0,0.1285531247139627
logistic_regression,543513b5b53b133359f33c9a0904b18130a8db6a52,0,0,0.01952428517874693
logistic_regression,d8f2101467957726c59e795756d59f63f46dcf1199,0,0,0.003847674479834154
logistic_regression,cd8a83b282904f20a33680399aa25d65c166ee5e93,0,0,0.020060645788876036
logistic_regression,d39441098b6a799597c0b567ffd8bf12650e71ea2c,0,0,0.01062755592804756
logistic_regression,8ea394af9b5e2899be39a73ce614ad27c199af4d16,0,0,0.0010740347006120748
logistic_regression,d33bc0fc36e090e7c8af1b65f088b2fbea7750cc0b,0,0,0.00299819250331768
logistic_regression,096724441e20cf22eda1506840fb8ad65eac72128d,0,0,0.00010323807413473187
logistic_regression,ded65a8031a0413d60d7e4934b2aafe8ecb2df7f8c,0,0,0.0725396722810588
logistic_regression,2fe0abc1c9d8cedfdb8d0a9d5ecfc7f88dbe50f2f8,0,0,0.05851528536493588
logistic_regression,6a6c9fe714cd31980d8863d8a84a2f20d4354ed373,0,0,0.00036218243085156575
logistic_regression,641aa44f9b5a3e0329581480cfbc367a29d265213c,0,0,0.007867912034671777
logistic_regression,cfea966cf32ec56a234bdb15481728d729b9e05ea7,0,0,0.06952788421910022
logistic_regression,e69f91e5a21d0ac5d9e682664c21d9c8f85f04a4dd,0,0,0.08941584114370263
logistic_regression,31b690e31ed3bc64cdac2b88c4930c8a2cb6c25067,0,0,0.0700967813350045
logistic_regression,e065d94f1756e3accfd137afb69f85844e9a6f99ab,0,0,0.28883847465363405
logistic_regression,8ff87a4275077e3202fae650dbba5be7be4757b26b,0,0,0.0072439520683385
logistic_regression,f17a24b082392b4219b825331209e9352c36934231,0,0,0.11595243637789547
logistic_regression,3ee9d1e6e52679ac57cee8aa9debc3ffb422637f57,0,0,0.19722464249852642
logistic_regression,adb6f3e854eaa3b6513e856d6e12de03a1a6845327,0,0,0.0036417262293034092
logistic_regression,27d0b2706acf617905d7c1973be22da8c9d963896f,0,0,0.0702975909526939
logistic_regression,7c03163850c4f94e2097950e958a5a6677f114db4c,0,0,0.016496060437248355
logistic_regression,3e1205895c0f6feb69aa2d71433e4f6e091af2b2fb,0,0,0.009555016793102777
logistic_regression,bbd7b859cebe2b0f6121765ec821133d665c5d8acd,0,0,0.08803575990233571
logistic_regression,a4ad6f6870a2bfad619505fd2c2f1eb552b5275549,0,0,0.0232119259725499
logistic_regression,aa6b5f6ed77a6a713b3783db1db83851a182a275f9,0,0,0.00384675473936394
logistic_regression,e8010ca152c169446650b9a936dffdd3b8ac75e62c,0,0,0.057741237760138404
logistic_regression,5f610342cb8166808e0b25353eaecd78bc733039d0,0,0,0.057007144943716816
logistic_regression,0f9ae8fe932834115ae129a94a9f638d66bfcc6e7c,0,0,0.09953026247408318
logistic_regression,9f262909bedc885ce65754ed231c88c29d03b95421,0,0,0.11066391337005055
logistic_regression,c8c6839e0bc2462591694571bd8b5d2516a182098c,0,0,0.07684943687675981
logistic_regression,c9ae82667ec2cb5ca5bbda00276222538e8418e1a5,0,0,0.009363484877556167
logistic_regression,9f3919a985b6d89fb4fd2e9667a12eecbccb591c60,0,0,0.0866660950778846
logistic_regression,87ccdbf15ebb27324dc3090659dc52767e0e66f6a6,0,0,0.01093143579498442
logistic_regression,2a88711481c9a938a015cbd2f898b543cf96469158,0,0,0.010703521146405319
logistic_regression,9ee50ecd84a44b02d732ccc395031cc53104e2628d,0,0,0.03075074509245778
logistic_regression,1e56fd338bc5787150122e095242b4ac0aba864491,0,0,0.05837634982980344
logistic_regression,41663d5f248b87929bc6441696bc296972a94ca61f,0,0,0.005026740728179806
logistic_regression,3621954de00716048f602c6e17a52f754c3de4b46b,0,0,0.09896425797343406
logistic_regression,a5d0e9d4f485d0b4a5bebcbb2eb5ce5bd453fe9a98,0,0,0.05872032717264517
logistic_regression,ba51ac304454adb67b3ec6197c79005b99abb3a7b5,0,0,0.061999955533801165
logistic_regression,aaed29713796df082b2949e3507f743354b4dd1e10,0,0,0.0782546168491136
logistic_regression,74fb882e024f50728b82e3b1faff9232faeb9184a4,0,0,0.07638324624029802
logistic_regression,ad5ff281c71a6d3e2dbc41ccdf901afcce943d8a74,0,0,0.08247152438995138
logistic_regression,4d13bd7cb8d510654c48b1b9cd84d30c76fcbadc78,0,0,0.0034308968506185323
logistic_regression,8bd9db15821f86a3bd09b5950e4321d17412d4d22e,0,0,0.02065819199653484
logistic_regression,d0a1d81fa42395cbdd8b1180ae0dc0e0edd9d2bc14,0,0,0.0018889254426201353
logistic_regression,fda83df4a59e8a1899fc8bd8b2fe1d5895726f1b4c,0,0,0.09079138439715513
logistic_regression,a38f9fcdb612ffd82a814bfa8d689690a684b14e8d,0,0,0.0037788565733344287
logistic_regression,199d7a833ec50d540c89d672e6c1f23bdc3eef06a3,0,0,0.050315713879555794
logistic_regression,98b11a4110bddbf39b0fbbb6f68c08007867ba8057,0,0,0.24227608653211805
logistic_regression,1760ea6fb4621159ed09e241dcb69175ce27be6dde,0,0,0.07174892018544671
logistic_regression,d027ec325b147cb5f13bcb425b8ec9e335d9d8177e,0,0,0.0028503316268482606
logistic_regression,108cbd5fa7d60ede7bd3db5885dcbbe1deb05ff079,0,0,0.022738899888292172
logistic_regression,85057b578e1e8eb4cc3a76d357c5d2ce13e8c72744,0,0,0.004963774101955852
logistic_regression,1330525ec3124ae70d2e7b583108d4cc4ef1c57f70,0,0,0.008177432395350582
logistic_regression,dedb6c69fd47042031cf41558218b8c8bd23428e53,0,0,0.09870915373737303
logistic_regression,fad53ce3bd710cb9ce91fdf996a08ed494d8c6f2ca,0,0,0.007292906451089025
logistic_regression,5541ff03c295984db996324f663be93df452494e60,0,0,0.011431651295914756
logistic_regression,be431f86ba7ab0ec5130c1c586d80cb6a1952983e3,0,0,0.15185899528341495
logistic_regression,944bc2ce0d34b0a3f43023dbb354596b253b52dc3c,0,0,0.1815471808614195
logistic_regression,f9186f3ea443b87819c14f872580ded4004d25d438,0,0,0.1055313441557809
logistic_regression,cce0b84dfd2512a0ee8b1655a58ba0575dbf102a45,0,0,0.005988461381975013
logistic_regression,dd5a17d66c80f5f3686fc4f38e3672843b220fd385,0,0,0.084518318209069
logistic_regression,d596410c8e0673c5e5f7468070d8971bae2455bfa4,0,0,0.1207286522480928
logistic_regression,80b6996dc9dde9e6c2caf7ac3863162bf02a4c7bc8,0,0,0.013589874440088589
logistic_regression,4ecf36e3840ce019b52cbcd9cd7eabf129ff40f115,0,0,0.04521122180545963
logistic_regression,cfc30221f14693640a616c135564ef790363003b42,0,0,0.0015790973083194277
logistic_regression,b403ade447ce620711fc369009ea76959cbf010932,0,0,0.05050149821085389
logistic_regression,067fe03a258b772e59b67669c0925cb879098929e5,0,0,0.00040255461043801986
logistic_regression,8b000a89c2e08456f693059e17daa133742fa958d6,0,0,0.16195292390078797
logistic_regression,9eb795b72cc12ab9f423a8945b9967bd910789378c,0,0,0.011876371445267991
logistic_regression,28003c4ac646cb7f6fb0371dad7a2bcdee2c7bcb64,0,0,0.0011479622348684784
logistic_regression,944f28e47e76c7bb14dba5d2b411f4b56695ef8c9a,0,0,0.12397582910942725
logistic_regression,09e4af1ecc000fd9cadb35c833469b265b877972b0,0,0,0.0008961738438398401
logistic_regression,b91b762f5da843feb82602c04cf1fa2c0b9076d834,0,0,0.10251676737483947
logistic_regression,612a9e5d3d3d85b195403569aa64b56df78d1c4ad0,0,0,0.015140379224603467
logistic_regression,395affe79ed24801b57d6e3e87d7b9e51ac38080e0,0,0,0.07573141211258363
logistic_regression,ac45ce202bb74a96505535db670db578839fadf83c,0,0,0.03763245339488753
logistic_regression,43515dc79a83fdf0a15548368d41d839dedda9baab,0,0,0.09132732266599207
logistic_regression,4ffd5a5ef048fb189dd1086361ab0a9dfd9fe3c266,0,0,0.0011787717638814072
logistic_regression,a533e764dd57d1ac202fcc70b3296b37621f8e94dc,0,0,0.0296864972100627
logistic_regression,5516e62c9d73e89383ac3053a56c2a4503bf5b11ae,0,0,0.020748006489140044
logistic_regression,353726b927c9be4d8f39b754171c79ac6dd40a0555,0,0,0.06858427216030359
logistic_regression,cb0a00e84d812917e72bc2d2655a88c5d3faa4ad5c,0,0,0.025798939698008384
logistic_regression,dc342ad5831786a9338a9cb40017f224d82d225975,0,0,0.07413066076158738
logistic_regression,76a8ca90b4331fb412378fac9af0e9cd5d21c83fa9,0,0,0.049244253241742766
logistic_regression,e6b7cf3aa882019a915870ce56a0564a3cc6341751,0,0,0.042927401088443104
logistic_regression,06650cfdaec6327eea11c7f8b27f2b5ba0d81944bc,0,0,0.00893830569184223
logistic_regression,aaead2d5336804dbb07f8268743a4dd0b9b9da8d51,0,0,0.06417325688461878
logistic_regression,923547e9b713aaeb358bb58e713b113e5bd43f953f,0,0,0.0007314378966738224
logistic_regression,eabc69b2ca80ca93278e5fdc1417e6ae2ee06c9944,0,0,0.003263289128802145
logistic_regression,d4ed7770d9743c86df059480944884978e5c35d059,0,0,0.00023276210153788839
logistic_regression,e15dfd4f3134c2ecd4eba83c193517ecc4f5902ff5,0,0,0.002823665684923442
logistic_regression,aae439ecc1f83907aeb384ab5ea60eff12e7182b7d,0,0,0.09865093134901137
logistic_regression,da23b210f5270b599ae93f5b8ddfe3ba3cf9b7b61c,0,0,0.008074358028535539
logistic_regression,cc64c0581ed7830a22d1b61126018e722cabe8b791,0,0,0.05965747335732424
logistic_regression,1a99b351bf3c8effc39230e31ab209a7e5bfaac6a2,0,0,0.002049592466885307
logistic_regression,0c4e0a09c2c4c0d89cfb69f0c82e6d96b3c1bbb7c1,0,0,0.06588039187844824
logistic_regression,a4297b8f86e13fcda1222d2d42ca7fb01da55ec083,0,0,0.007581189149977847
logistic_regression,7f85a934e7a347179c0329b3834a3825725fa26876,0,0,4.3617442073552724e-05
logistic_regression,ce6a796a0c6fc9f35a2c8edf14279e3221113ad410,0,0,0.0013355363953004682
logistic_regression,25aa272c58e86958a2593fdb802bd509ac19b92d87,0,0,3.484437725663633e-05
logistic_regression,cc45ca340b81cd958e79eb1d1fa8eca3634ce16230,0,0,0.007360090150428349
logistic_regression,18788ec9289d4841b713bdbdee32c9d3d42ccecf76,0,0,0.0012728632899708
logistic_regression,f4f4080dc48234a523610748aff3f46802aa18a856,0,0,0.11794361035792801
logistic_regression,32f2064b958477ac69d9a6584ff0a8a1bbee5f0637,0,0,7.39088681247995e-05
logistic_regression,07731d597e0d6ef62b6bdbe790e44c67502d9395c1,0,0,0.005300622464128053
logistic_regression,4010999be04c289dbbb8ca3a86648e31cc27eb5bd8,0,0,0.061291979757602526
logistic_regression,a15f283cee2c600d6bf99033b87e7f68714a5d94fd,0,0,0.006510408997785683
logistic_regression,bbb8a6532a7a0c7d19609f3c14ba8b3412fb1894fd,0,0,0.18117724530567347
logistic_regression,fc8e8a4f086351133dcbd11a08c126d512dbd5bdf5,0,0,0.07072673245262971
logistic_regression,9e8fd3a7dfb3856c8eddec46cf98af964e82e54fde,0,0,0.17840256521509806
logistic_regression,9146f8b4849ed4c30559797c50b5ea6ab3364f4882,0,0,4.966228638820503e-05
logistic_regression,b6a229e0ab559aefb6bfb8d0ef4147a6e1caa97d3c,0,0,0.014218345198811499
logistic_regression,0584d270e76706a4bd16448541476e37c74063a813,0,0,0.046957721990601435
logistic_regression,18b825f79f95f3a499b8bc8253b2595617dee5dace,0,0,0.05220679662352114
logistic_regression,5d47b5d06e1b284875bd6b0a9c7fcb48e2d3f6fd0a,0,0,0.014181570673699647
logistic_regression,c73bef79764b4cc8d0c2a984d36d1a18327be4e746,0,0,0.017758000362515954
logistic_regression,fce36818bc3796924fa83b318a1c2e9a3cb782e991,0,0,0.10931578654079203
logistic_regression,cbb40b88ea31588e87864c74bc6025971fed503588,0,0,0.06009705292624819
logistic_regression,265cab942c26ba413ae484a26c8a272688ba5f6ccc,0,0,0.14756823192831964
logistic_regression,59ad6919bfab05ae2148fafa80aa55c79212112629,0,0,0.07368005470648396
logistic_regression,9d1d957e646592a14627f92050e2829c48a93e2487,0,0,0.02385224333914192
logistic_regression,1e7137b2c9afd3c5a68c7ce33e981ce83614ea796f,0,0,0.09798422039474543
logistic_regression,c55568560715727585be73f31486b84aff5fce12a2,0,0,0.05408709329338125
logistic_regression,5919de890768270b2dd310947e5e14c2e4f2ca6b6a,0,0,0.09637274274045952
logistic_regression,ef30035deae52af65beba61733dd92f19c0516210b,0,0,0.003684522186722569
logistic_regression,fbb69c5f763854ae585766b5404ff55d040ae6eb67,0,0,0.018997189734993036
logistic_regression,3ab2e0b3479daaf0cd957459af84e29b3f1cd619bf,0,0,0.003139944856829482
logistic_regression,b75cc92dfe1536b786f5cbf24ece503bc655e6f1e0,0,0,0.0735369191491929
logistic_regression,203e649ef2fce0eed244baa703c4ccf80213a25d05,0,0,0.015244861101347084
logistic_regression,45e22cda3c12c57455f289d264717f578ff06e7fc7,0,0,0.015015220226218165
logistic_regression,436ade017d32e956a5bfa92438dfea21e98ee85b04,0,0,0.13408444860193702
logistic_regression,d5b3b1b2f01770ad844a409f7ebbd99fbc4fba0757,0,0,0.07137736692868611
logistic_regression,ce1c8945093fb10e03ef72df94033ae8b9e4cee0bf,0,0,0.018885433265065137
logistic_regression,7eaaff5ee8e635275d32ba8528e913f43f845d1344,0,0,0.0025298210084684254
logistic_regression,63e368a4aeab1f5a6865e57861b3175f3011c65c52,0,0,0.018813041815536252
logistic_regression,c8539178d79b023b14ebb17b88365aea9366f7c87c,0,0,0.17811704154263208
logistic_regression,c89332776510e3a2caa4e832633a6b6c02fbffbf5a,0,0,0.0011517109444564475
logistic_regression,c740f3bf866e4b847b32d389ac74d8dd08a8c584d6,0,0,0.01733503055201094
logistic_regression,9eddb17b0cc26207e8a940bf5b90f59c7051f1211c,0,0,0.0037544965432126792
logistic_regression,09c9785a58a6fd3f3f4a8fa2d847c529fe52824b1d,0,0,0.1842523043029972
logistic_regression,0c5455bbfb16fa44610d0db3fad78b722bd7c50490,0,0,0.20390292042616842
logistic_regression,3dd50244c377120b522be3c452f1ec7c4d15681f16,0,0,0.06596839163427867
logistic_regression,dc1897f8135b1622e17d77357b0419f56f91687ca3,0,0,0.018247685373335713
logistic_regression,00b7ff7ea3c5ad53cc55d4bbe6cdb18d35ef858a86,0,0,0.006672359440380516
logistic_regression,76aa3bc93dbc33b1a4150cab6cb904e6774cda3113,0,0,0.05728123772642311
logistic_regression,58f3d2adc68413798daa3487d51116264aec8be7a5,0,0,0.0056176844116024634
logistic_regression,25745941f7115e1e4b4cba26647b6e191d33fd425e,0,0,0.00104927407736403
logistic_regression,bc00b424244b51b478b307ba6cca6c8f7f2332828b,0,0,0.12359596987292093
logistic_regression,368c957fab0e06367541436db981d6123e735a1373,0,0,0.06231514162726578
logistic_regression,f86c9540d9cbbaa6c9f5e287ca215d2de4151a81ae,0,0,0.062261763701188716
logistic_regression,0db82e5f519038378ebb95e1eee85645f91bee1fb5,0,0,0.07284658971994827
logistic_regression,f6db26eb330a7c1e8507940c8988314ed4cb406da7,0,0,0.0830459092716651
logistic_regression,6f2978e47b1bf29442f2f2ceeee1cdfacd13b8d83b,0,0,0.02283921248164867
logistic_regression,03d6ff8e94cf55780766f81db189ebc30699fb23bc,0,0,0.0037097975387439604
logistic_regression,9c6fc0bc56e63965a9718b18a04c4b4eebc4cddace,0,0,0.0022804819610266268
logistic_regression,9c7a86aa8e07f29fbd28f97caddee5b0668933f515,0,0,0.001242075839032707
logistic_regression,553d005b323cfa49f18c6d2e636184c120ac149b1a,0,0,0.05002292781585659
logistic_regression,b22ebb83987ecabf30ae27685b4127f52fc0e4565d,0,0,0.061492121305882635
logistic_regression,415aab246ac5c433ecd377b2f4e597ec1bc09cc279,0,0,0.0612276485348313
logistic_regression,49dc9d1fd3a54b3cdd2e4cb01b07ea1caed06e8b56,0,0,0.05565215424277811
logistic_regression,067541e59159eca02ba15cd335ba227bd501da5770,0,0,0.014807974641416206
logistic_regression,9736edcc2289075f19c4d6de8219faa08c13b3299f,0,0,0.09646124739125385
logistic_regression,9942334639a71639712b2af81d6d6627cc7192070c,0,0,0.016613000506170827
logistic_regression,dd7c56aa9b7df4f8b3592adb93984a0e9aebf1609b,0,0,0.007625573624712294
logistic_regression,1f21648c3779fe7abda3f9bcdfc8e4f99055a2938b,0,0,0.07325184270247966
logistic_regression,51a111c61d3993cf01dc0068b58923c99f02bb55cf,0,0,0.05931618756152967
logistic_regression,dde62d917c95292cdeb04a4cd57020d52cacd5aa1b,0,0,0.05793452078726347
logistic_regression,4ee061ee7f4c8ce760cca1fa2c0a12f2d243494409,0,0,0.0009922481814901571
logistic_regression,f5bb698b969a90a1637e50690e69c290f778cc8d59,0,0,0.007191175571048564
logistic_regression,d71e4850d60d6716961d2260e1db630284d88dd624,0,0,0.009623128867130027
logistic_regression,b38af6fd20dcd0a259954f5a77ab3404a5112f4bac,0,0,0.09165234155509042
logistic_regression,02162f422b0df30d33b43e0e8b995092f663f2af0b,0,0,0.05199293661132627
logistic_regression,1023b144f517af95df267f26844c884e1249968f81,0,0,0.0072636027049254774
logistic_regression,2d7e7475d722f9573cdd9fa9e8bb5d82ebcf9b0876,0,0,0.010105657782381108
logistic_regression,dc3d10ee1de9a1f35d6f0f9dc2337aa2d53d690483,0,0,0.0019732612828249323
logistic_regression,decc0493b082b145cca6ed25bb37576333f1e7c19a,0,0,0.019701508789839863
logistic_regression,9924c02d8a6a5c0d71383e1e0b8ab7b023154105cb,0,0,0.001874738629421595
logistic_regression,4fa3c84555800fe4dd0e5b1af8de6e806eb2019410,0,0,0.0002565785350406806
logistic_regression,a0dcebac5007f7483d6779861395e9a81b5d549250,0,0,0.013257730129379525
logistic_regression,34f3f3fe788ce3d06ebdfe4ade74d4730eb54d9d37,0,0,0.01623007403777336
logistic_regression,4ffe9e69c3ae542c94a6c09878ea9f4f81eaa821c5,0,0,0.06837154935762188
logistic_regression,0ca174e5a6426cd4a886e2b71f3c23f65d6af429d0,0,0,0.013639020476244362
logistic_regression,d2dbb227d0c369bc17d4aa615bc2da8c92704c5010,0,0,0.011414020677669426
logistic_regression,8ba679fbb50e41b51411febd5dedab018ad3923dea,0,0,0.012971080393321684
logistic_regression,c44077dc47e5506031f03ede06199c2e7cfa7c1889,0,0,0.01616250710347533
logistic_regression,e4a4f7d20bd613235548f0f9518c511f74d5c85c23,0,0,0.06683709633984641
logistic_regression,22af0d5a7266eacbfd75cc3b76591cd5e9a257a0ff,0,0,0.007332625877662033
logistic_regression,4d575aa0eedd4ebc977942603e99d065bd43418d7f,0,0,0.0017975917018928493
logistic_regression,6f4f413e8761c2d257679d194c57344849b37570fb,0,0,0.019076476514250526
logistic_regression,957fbb4575bbf140f7ea346bcc48cec573d6867152,0,0,0.008631134137351608
logistic_regression,642b55b1fff87d39ba77d7848af0025178b486fc52,0,0,0.020035552439657246
logistic_regression,8563d6bce7a6c7b3b75441097d391620da629abc3a,0,0,0.1296476422687068
logistic_regression,dbdeffb508b4e7d0e6a271487d022fefea0cbf2974,0,0,0.05694335241289958
logistic_regression,061954f6890ae2544fc31aa7bdf70d6d172543cee1,0,0,0.1144627324883137
logistic_regression,3dfa01a78e6276fa71032612fc2a7bfb3151e9a3c1,0,0,0.06805211182338394
logistic_regression,449f04ddcc7d0b205dcc8b3e87572312c30ae4b531,0,0,0.0021624142484808627
logistic_regression,7c0a58b99dc1ecb4fa609866f27c90b7d2e01fba41,0,0,0.003716560119548368
logistic_regression,b9806b555265a802140fc3645dbc2a62d2087c588d,0,0,0.03484217753634718
logistic_regression,0e4157b664cb415e92387903dec64cd21f34c5477f,0,0,0.04137083126453687
logistic_regression,ad4c3023cd0a2bc3fce60d9ada19e0b15ffdd1b263,0,0,0.010564477344536865
logistic_regression,c2c40de0b3296c10ca5cbaed9a35cc9eb9df25b0d5,0,0,0.0530100563227105
logistic_regression,08e3606e4f75a1d2aa6243eb4e086f613ab30fea22,0,0,0.0006336700713587786
logistic_regression,c50fcf0067324b1e15fef1c3c8b49a5d237968da00,0,0,0.0009372153514929298
logistic_regression,9706b8acecf61e0304286da7b8eea58136c59e058f,0,0,0.03858684872784651
logistic_regression,167ae4a5ae385ceb2539eaeb34e71b7db537679719,0,0,0.008987310136768753
logistic_regression,1230a69c5f9cabcff0529f0f80c219d267c08d88bf,0,0,0.013959470263304793
logistic_regression,7abca30d01eda5b1bc189eb7c86e0f6a28646842ba,0,0,0.06601571684801541
logistic_regression,5c3bf55349294d57ace890713d1dad6f416e5126ab,0,0,0.07664252725544365
logistic_regression,fc46e5629732e709be0208cf7b5794de72d12d4557,0,0,0.05320882011764947
logistic_regression,4402641b0eb117c69f828f389322a8bfeee0db82d2,0,0,0.014623315031665633
logistic_regression,ce06dc5c11e691adc33ca98c75b22dc4dd6b65077c,0,0,0.012340002302624227
logistic_regression,93324bb5e44185c44c6cd5f13b39122a23ff2d65df,0,0,0.014472268695772167
logistic_regression,9513451e87b0e2b51a69ef1cd284d5bd564f126707,0,0,0.0644457049152842
logistic_regression,0558fedabd23fe5273738305a8a06bf66207c5b9e5,0,0,0.0058627155738287745
logistic_regression,2f252fb92a139985920e112d0a1ceb1f4bdc225429,0,0,0.0016432027762960507
logistic_regression,3f0adc1a5974085e401361232b9d1134fb7747ef12,0,0,0.11731915073515278
logistic_regression,8a11681f661ab684d5c21af054b12a74e8b70db09a,0,0,0.0029772717475287955
logistic_regression,7eaf8c9b8acb37943059ef00ec40ff7ac81158e55a,0,0,0.01373613129789733
logistic_regression,babd04cce3711c5508ca51720d5b18ceb9fc53c1a5,0,0,0.0007611112728444949
logistic_regression,312062eb2dee813ad2bd2251bbc33563592891583b,0,0,0.022439422780465946
logistic_regression,a5b97db379fb053f527dbabfad5fbe8aa022290c21,0,0,0.10157701454985842
logistic_regression,ba4aa556e53d399325ea8019fbc1e11527d0173ae3,0,0,0.03685705518903772
logistic_regression,99f6f7a39adaf466a874b1da50dddabf2f5cafd8e3,0,0,0.11089495463202194
logistic_regression,f526ad337f4b54cc3dee8910824c725b5bed78d368,0,0,0.0008447428570759327
logistic_regression,d091f9a4985b5c4bd29390fad70af0e87f6c86df8e,0,0,0.13599463756756436
logistic_regression,322db7e67f077d82906cc929a145c9268d74fed3d6,0,0,0.0020135119508826235
logistic_regression,5586fadbeda9460c888c26db6ae68a12cb85a9682b,0,0,0.08526062589631608
logistic_regression,80e1e3fffa0a49d5f6c26e218654e0c6875dfa8cfa,0,0,0.004247797421625511
logistic_regression,6488779b7e2b2010b864b38ed47848baf235b3229b,0,0,0.16260119790692493
logistic_regression,43edcb40363f2ae797fa5972347b828832a067a856,0,0,0.15450700258007383
logistic_regression,cae1850c2bfed6e7bb59200f2707d15cf72ac9b594,0,0,0.022088971496807636
logistic_regression,cef38c73d29b98a803c66a0be558152bf04c58c092,0,0,0.12300576892957425
logistic_regression,b9292ba7c15dd5ab1251645d19965c53fae47a80b4,0,0,0.02198539611627901
logistic_regression,1af64100d57a391f36f4774733c85a505d1779d8a5,0,0,0.03718665710174557
logistic_regression,150c193dd5fdfd655066eacf2a900ee6c95aac2dd0,0,0,0.021850774310527857
logistic_regression,de50623d3e9e0034115b3bceaa82d5d3f3fea70751,0,0,0.11885438430563272
logistic_regression,8a8088445e45defc5a2a8ee7fe5cce3f42febacd9f,0,0,0.008828308280947997
logistic_regression,7d84bda326860d4d0a46b4bd079ca154b93def4f76,0,0,0.003703630404846833
logistic_regression,b17f3139dec66be41f4e7d61cc06827510ea335d01,0,0,0.0003682917692316944
logistic_regression,185c3418727365f98c9f79342f30466b5dc7c1a370,0,0,0.02425386639736631
logistic_regression,34d1fe33a8b50df38e5467d85a814bfea61183c3eb,0,0,0.010311480588473846
logistic_regression,6f0982a146ed30ca078adc0da087dade7b57b61bdf,0,0,0.025930627470928655
logistic_regression,1ddebff6ea652b919739ac891e1232a98e7bc263df,0,0,0.06762332184354825
logistic_regression,2fca3a5344d3d0c7bac6085058b38fd215df2a806b,0,0,0.06594091260580903
logistic_regression,cb3c77bc1b121e527110e092670746975b040fd44a,0,0,0.07296373234379908
logistic_regression,b9f81752df2563e64d296e1e951661389819ff10fd,0,0,0.002791459885567526
logistic_regression,c675717644501e87a0603a2d4407c1bfa9e1b7d3c7,0,0,0.022268849825681357
logistic_regression,e8959a0cb022991724dd6d71685bac100d4e3a9030,0,0,0.12595494148084094
logistic_regression,5afd2f6709f867a17e36b180a658080f697151deef,0,0,0.013443116043871507
logistic_regression,99245c3d3a2d39a5cf5a193dd9cfc71968d6ee1d18,0,0,0.04750295482484987
logistic_regression,e9e5bcd3020c9042973ab4e656adaa334fa6278d38,0,0,0.013830861009590046
logistic_regression,61babae6b533a095e38924387267cf26cfb020c03a,0,0,0.0201334959142293
logistic_regression,545d641b0c7ea6fd539277cf7f7b10cf4cf85afae2,0,0,0.0074781353953436965
logistic_regression,09a05f99122d29e69e1cf1e13bfdd74383055002e0,0,0,0.00782990831676271
logistic_regression,026e3c08a64b064c9cc45b9a836dad5cf251bd794c,0,0,0.015547810533550973
logistic_regression,27af8bea677bb79b4ab1dc6ece176dd53800ff5a03,0,0,0.030434985953999332
logistic_regression,9c3ec72cffcca2b445eab92cba943180274214ae49,0,0,0.013404389304468136
logistic_regression,7f23851e823f37ec99fcc14e99782db09ea23addc5,0,0,0.07088604816010294
logistic_regression,7b7d98e0c827fa47db68faa1e5c110a8db6db8405d,0,0,0.01213468536696774
logistic_regression,fb7c799e6dad98fa094f2761502e3b82cdc7b9cf63,0,0,0.06816045181121816
logistic_regression,5d9b0627b0783d4b6b3ff0a8d821333e9de7b94789,0,0,0.014382953838423385
logistic_regression,171ce2013548906cfb4a10204c8c36c2e0571d9bc7,0,0,0.013283772184456602
logistic_regression,aaeb9caa988c619705d49b5be31a9684c9905a1b1f,0,0,0.008367268712154045
logistic_regression,fa7143e5583607cbd88a9eec42618c2b03492e93eb,0,0,0.014815188156775724
logistic_regression,f71bf29d9fe2111ec6a16f541e7d9e3ff4603f7f19,0,0,0.002348203015325587
logistic_regression,7f0f7dbc619a595eb6de3c6252ff70182fa2f5ff18,0,0,0.026319626717800023
logistic_regression,57dc4df1da67718ad37b2df4415b38f441f7877ebf,0,0,0.016375470854483872
logistic_regression,22799c6a60e80d2169acfcafbdfe87647d774de151,0,0,0.014459775387032721
logistic_regression,0b4a6358417cd83475131aba7967f35bf4fc2596f8,0,0,0.0012326048940066385
logistic_regression,e9a599541361211907c41d485ea0cf74fc554d89f4,0,0,0.08570625335611665
logistic_regression,0e741806ab98bce83058f1f5e5082bd65b8760b599,0,0,0.09812135774171633
logistic_regression,da18434e0fffac994dd864a7aae864ad4f78420bbb,0,0,0.16060680171766897
logistic_regression,5815a6ed297886d2c03a8d44d70552b026bf044467,0,0,0.0005476098895912123
logistic_regression,e2591de33ec32c749dd73b79f666adb1728b00999a,0,0,0.001953136988663344
logistic_regression,390a3c6396d6729a51dba84641d9532809cf635590,0,0,0.007334190608169077
logistic_regression,b382a497317ff5de068f9038df87e81cefc0c40067,0,0,0.055235901081988656
logistic_regression,f3710a747ff369f4612d7c83742b4509f366848dcc,0,0,0.027890707910788574
logistic_regression,33f691ad7742b55aae2b310246ab86df7a4d03d443,0,0,0.05198228544253402
logistic_regression,f0b74a7c3caa998284b7ee85dfe31287ce2d097e1c,0,0,0.013911516983768628
logistic_regression,96487a380ed48ed149004bfc826f82420d3069f52d,0,0,0.15381193391656994
logistic_regression,6b65ce8a81335b6e4232e7da27443f511ad761a31f,0,0,0.04054858106087016
logistic_regression,81a1f6ff5674986158cd167c4840ac49e24d4b1c1a,0,0,0.0180064957749984
logistic_regression,877c44d6937f2860d539f1316d7900c04ce5873c85,0,0,0.019533531249905593
logistic_regression,cbbb62de83f2938c69536d0d525b787096d07718f8,0,0,0.0027090687177659654
logistic_regression,fce12ed8384105c609f0c2f18a51e39460eef029be,0,0,0.01819239461458849
logistic_regression,af14fc9390250cde4108978e87e4a12a54e9e47fa4,0,0,0.04729277669567989
logistic_regression,75366177cc2691e6abf2a0004e7ec61f189cc01a20,0,0,0.05649304190868843
logistic_regression,0be9b3934c9ff109740cb2ade32214663ba2656d42,0,0,0.016117029358092182
logistic_regression,38007f5f6ee3336330b26b7157bf49bbebe24861a8,0,0,0.02486111422849547
logistic_regression,50d81a122d23cf114d5d73af8121f63796ed8625ca,0,0,0.017106782128504236
logistic_regression,6ddecd03efb55848679567b415bc26be1930813148,0,0,0.0044118163120181976
logistic_regression,f3b3a8080537ce826b20c58c660d7ed6d169b89264,0,0,0.11348324293676865
logistic_regression,cd8d1416e97e0ad456bd06d462ca3e429b4cb2ad55,0,0,0.013338029184920492
logistic_regression,080431b31953b3ea5212e28d4fc5106af181d5ba13,0,0,0.07846952483089883
logistic_regression,aab4e38340477880222c217cafe52f91bd3f954fd5,0,0,0.023685743801078823
logistic_regression,005be593c2e1fa3e1f257a07846858e0e6859f11ae,0,0,0.04788150750948096
logistic_regression,c59382e0253ba199a284806c3f3ad12f2363cdbc34,0,0,0.10570128144412527
logistic_regression,e23392ec30d760db4e742b609b32c6d8c3e79bab10,0,0,0.02003921474106669
logistic_regression,84572c5c3ff1c2aaadbd9b6a2888195d481982bfca,0,0,0.055301135827420404
logistic_regression,383ae1315c7e51aa67323e716f33d2b8e29f172310,0,0,0.007986296910850524
logistic_regression,7ec3829395058f6a249bc52c50267a3c2dc49a47b2,0,0,0.008813718260920046
logistic_regression,3db8a4961aee26b806d089b3d481d5b0fc46020745,0,0,0.09068378169020289
logistic_regression,579eeb2e3913596a658433f181043abf483a0f6d91,0,0,0.07637720041181335
logistic_regression,979ea097ca9738db9bc98ec9ec2da0e1a51d8ed933,0,0,0.009254897399403668
logistic_regression,82cc571a813297490f8159272659c60525029ec9fb,0,0,0.015416639313603679
logistic_regression,f0b964b864eaa68859955d74cd38ff813b24c3ba58,0,0,0.005873977488131283
logistic_regression,54aec42d8c93567a0ce315f4f05f2c0768a24475a2,0,0,0.0024598773980909947
logistic_regression,6f5d3a8be878741cf0e7f92f8c003b72937d2a050a,0,0,0.04283184030047052
logistic_regression,858104ac53c21cb9aefcade3e2ba1965dbacb3950e,0,0,0.0002442766117152363
logistic_regression,133339ec209aa51358b77c4ef0065b475ac1d7cbf6,0,0,0.009206098445293048
logistic_regression,f2d42c4e33461aba9a1a3181c06b333a6495013a89,0,0,0.00034538733010185016
logistic_regression,2691a28e625ef44bfd6d6802c37ad854dbe9ed98b9,0,0,0.0264654919193769
logistic_regression,c10aa1aa4b501357643824eb590515125a988742dc,0,0,0.019686363230111515
logistic_regression,f6a4e0668e862b98e46edf4d8dbc68097b6c9d90da,0,0,0.07999058296444807
logistic_regression,2fd6e17025f5c4f562c1c3fc410d798961aeba11e5,0,0,0.011912154444147224
logistic_regression,ddc766ac43a13911191b1419fc157de3aa3ea411b7,0,0,0.01591948912374459
logistic_regression,c551b7fe67f4b0eb44132a5086f3f34a3aee3d715a,0,0,0.05566385898082563
logistic_regression,14634c6fe77b4b73ceb6bd1eca2f003912ff70243c,0,0,0.0975701645647746
logistic_regression,b217f1cb7f90b77547a0bcfd8edcaf402047c815bc,0,0,0.08047335256061046
logistic_regression,5175c998c63b109557642eccbe5eb78d2b97410503,0,0,0.10055192055311829
logistic_regression,dff0f082d37cf7846e99f02f4fef6ed7e11185da3f,0,0,0.07136233726821338
logistic_regression,f0f96b84d7e998ca4be20d80a7eb2094a948451afe,0,0,0.02595142246805919
logistic_regression,eb5e1b812dfd09f58de4372bd0a70ea5e43f118302,0,0,0.07086988325003495
logistic_regression,c09fde17339ae27dffabde99d088d09df501372115,0,0,0.12579620851254736
logistic_regression,8e90f5bacfc8e24ccd80a778ae03f77f6756b40da9,0,0,0.05222484633166784
logistic_regression,52d2cc123ed3f5d62f1477cc410c124eefcfbdffe5,0,0,0.025645787700073676
logistic_regression,666175d5df8a668b21ad3e4ec20cc84478b00ceb10,0,0,0.004492585730054468
logistic_regression,aa143e8659c4a171793ae0ed56a8d2ab9fab126bcb,0,0,0.013256044178292492
logistic_regression,b7086ef00455efb72cd86f55bffc5cefda804ac287,0,0,0.07232448105022629
logistic_regression,5509da3e7ec63006cc6a2d37846e172c51fc2a8a96,0,0,0.0018084823674714642
logistic_regression,1b37757639174ac91bb0f15ee89f05aec06f902fe8,0,0,0.07266335904613096
logistic_regression,a4eef58c9648d64dd78eedb04ecd37346a88299801,0,0,0.004628557659335581
logistic_regression,d148dd1034797a7a7b0c20dd9f72e7eb5de3a4ebb5,0,0,0.0031486315963834533
logistic_regression,42db7fe7e1f3082a3e9e6f5beffb31a4ad689fb586,0,0,0.07451272744899101
logistic_regression,cb499638f4ed6f4121edd629552d6f9d7086435e04,0,0,0.09988987228812325
logistic_regression,257d46d2fe8e9358da8eed0b58d5e11db161bbb881,0,0,0.08787335299024696
logistic_regression,81365995278d46f67179b8799864998fc274d8aada,0,0,0.0060486913174659694
logistic_regression,a601110736f77d91ed0e9749f1b0f0be8030ed2c73,0,0,0.10159363622944437
logistic_regression,05e3f0d4b082d61f84605e2cacc133883566847e02,0,0,0.09434872602318409
logistic_regression,59f8e844d00b11718da07b61b8c47c860ac38bb923,0,0,0.0024573649669008767
logistic_regression,063a4536cad48967b0c08ca117752343bbedb7243e,0,0,0.0015287797581377837
logistic_regression,04a588128cfc18b925a2199f200afda89b04ba781a,0,0,0.04273444420848147
logistic_regression,afeb09bdecd10cfe459ab0e15582bae18c6f5a0923,0,0,0.12732573048339105
logistic_regression,b17d87531fda1f1624af6b239df0e6809a269577f4,0,0,0.08535704385752169
logistic_regression,782d7674acadf76f6f264fcd624f142997fd4f9172,0,0,0.0027452696259570803
logistic_regression,d8f81521d5ef3f15169507c404f2e2a45191acb26c,0,0,0.13664451272352732
logistic_regression,6a03c753c281d2a9a40c2d61dbad7d71a3761b4965,0,0,0.10649365156254555
logistic_regression,80b2a807822177837768a06ab6435cea69d62f25c9,0,0,0.10665853108166039
logistic_regression,bf883dc54fa29cc6f991e255597fefa7d0902bd484,0,0,0.07776901023011816
logistic_regression,cb559ee71cff4185f23457f744a4a744e836a22ac9,0,0,6.0213244951691886e-05
logistic_regression,eeaa2b64f8d16ec04996275c947d340b9d6df4a635,0,0,0.08034631266089526
logistic_regression,f7ab3640fd9fdf5b5a59c4efa6d9a0740d0a6f8b80,0,0,0.11208892594037227
logistic_regression,2f584a2a7fb8bee2fe68570b500b69637c8309903e,0,0,0.07192564676064658
logistic_regression,e97f76ab2e45f169659f188ec587116ad9a1077c6c,0,0,0.10077056228108854
logistic_regression,dd932a40e64fc4c8d0333443a9b588e7e7a150afea,0,0,0.062373861517634493
logistic_regression,74e2ed3bf05519cf001c9ba66feb212cb7fb404138,0,0,0.0016948606377602247
logistic_regression,5fc765ee548ee9cbe72b6fe8e89ac16752674b1fd6,0,0,0.10172793973835235
logistic_regression,3f006cf4754b7d573cb7b35cdf73e9e2b09b3ccd40,0,0,0.0005639222501036738
logistic_regression,ec4a138b136e0abfaf87fff4f281fde028be3cf582,0,0,0.10858731463762596
logistic_regression,b9c30c676a955161817484a2bb177975b2ec0f7439,0,0,0.17250146351952464
logistic_regression,ee030c8eb0176233aa0bdaad566c32bd05260c3610,0,0,0.014054013965583844
logistic_regression,bf3333db547b20510635fdf3a192e37e5cdfd0ec2c,0,0,0.09991317091114671
logistic_regression,a3aca421e2e90ca7f997a5e6cb35c91ac66ad68aed,0,0,0.029190829400475033
logistic_regression,60e6c91785aeb96817b6df767432e863efa4e98dc0,0,0,0.006939304856784502
logistic_regression,cf79f956367a103733c2d42b63926a79e7bc65b219,0,0,0.02726501640847492
logistic_regression,ed9551141c094d1ac6001531ab7555eb2c7b8812a7,0,0,0.006831915870828128
logistic_regression,6d724df9de8150f5fe16ff09370a8c11768aa6535a,0,0,0.12492819662758452
logistic_regression,145a7227ceaf0596b2834c6f575cb6b959e8750d16,0,0,0.011394538383589753
logistic_regression,9ee226f51f5f5a2511031f4fa9a4cd3d2f5c3ad2b8,0,0,0.08992335296245037
logistic_regression,82ee01492904dcaebc5a7d4fb5500564a4b843d9c9,0,0,0.017270768687523898
logistic_regression,54346bb2e13b07db5017c519e85a5bbd300aff253f,0,0,0.006562938834150226
logistic_regression,8e295058b60db0a87ffa77f53c17647362b340f516,0,0,0.14884338850994555
logistic_regression,a1fc8646092e5f05eb8c0637b426f425a58a8cfb32,0,0,0.02448356851423349
logistic_regression,0747b552563d8154d14075de0b85a9b7098626ff3f,0,0,0.054260192867410836
logistic_regression,28bec9114ca31e5610024f849bedc6df0883b72f89,0,0,0.0017520930335902202
logistic_regression,d71eb479450cc5b40a8e8538d91355a54013808f5e,0,0,0.0030487144401175974
logistic_regression,49fdad049814823eb32d7c707e9792935fb8ee4519,0,0,0.07442540339798455
logistic_regression,e576e3bc17ca7a702321ab7fa3e37dad488a53ac7e,0,0,0.044352533374232804
logistic_regression,b9efbc0ccf6d4579d4f80d59225f9e325b7e026ab4,0,0,0.07582184434755848
logistic_regression,1eb7eba48697e6fc10a46c5f523019ded5cb5d2bb3,0,0,0.015742905916913262
logistic_regression,4d07fcf625b8c1d47ee0e244b4a2f313906bddfc1f,0,0,0.005220047127815196
logistic_regression,9b2cc45a3b787b36cf5b62e811e2e3dc1a43f8fd3d,0,0,0.004151887052670352
logistic_regression,c6710a42f7db966e7f8d134b9644c4ac71f10843c8,0,0,0.34464883329823526
logistic_regression,28f92b9d9086f77d20256717ee79359c570a3543b4,0,0,0.005571462820067471
logistic_regression,10e00896a9c0f941a824b94f58009ff12a34c71e6d,0,0,0.07267347838729377
logistic_regression,618e89682aa84e9447da57f7a70f9f6b761f7bdd5c,0,0,0.023929937331715313
logistic_regression,1b007e38a4660f5ae09befbe5cb614965f170fc8e5,0,0,0.11450266441674575
logistic_regression,e35dd18f47fce170ca44f25acb5cce5af2a8249e4b,0,0,0.06887337011253718
logistic_regression,6f5b7c18bfd81cc901fbbe2d2f6ba290d1594363b1,0,0,0.08661014480916107
logistic_regression,b6b5b84742186d1f48964b69c6c0e95793a237119f,0,0,0.17046000813630668
logistic_regression,18dc0c36f92cfae8c405778cfdd22af6341fdbb8c2,0,0,0.3347142946805956
logistic_regression,a81061535dfbf2f23a98f68a77bad3b8dc380cca37,0,0,0.04028808560773492
logistic_regression,247fda2e13ed50c431079ce188eb1fefa4da177bf9,0,0,0.009425933637849786
logistic_regression,3b08521e9e8b3fa7d975f89f3242195c9ddddd9b21,0,0,0.0038106803887486104
logistic_regression,7a3e53c21c9c556296f9239362d21c67792f24d23d,0,0,0.05400561605891673
logistic_regression,0ab68ca30518dd7d9134d4a9a27a007afb2c60277f,0,0,0.02065230479328181
logistic_regression,b8ad07e433216d97d14446b6967888a0af168abf0b,0,0,0.0644400391121615
logistic_regression,053b6269293a78941a2567b5da45d0f3499c747109,0,0,0.09940656875586032
logistic_regression,8f12c5c5d8c22a1210f89967f2ca0646df1b5bd598,0,0,0.07232461747925824
logistic_regression,272d1e91eef6dbad49e5e8a62d4296bd4a6da35e12,0,0,0.13766173098320325
logistic_regression,da7cb0b25d502f46878fe973f059e764ce92d13b43,0,0,0.0056431023260971255
logistic_regression,d7c974f34fb46dbb1ed940c027972e8c4f50129887,0,0,0.07874979861874436
logistic_regression,679fab81a6378f511befc1183f82688dccfa8b5e2c,0,0,0.11623574563232711
logistic_regression,a75ce51e5c83f45ed1a97ec1cb147b30c065f914c5,0,0,0.007126002975639122
logistic_regression,ad896314c6a6dbfd05d223227c8cce65df83439e92,0,0,0.020711460523783722
logistic_regression,7cd846b1ade34a134506f26169fe048969149e5e7d,0,0,0.02003931597120493
logistic_regression,ade68dfc6a638e2c67d1d67530409a66919731688a,0,0,0.1546845838012266
logistic_regression,245d78f0f46eaca7d0885bd519bd169c208eb06eda,0,0,0.06721726752492231
logistic_regression,d38348aabc613f5e2af8af71db6c92d4fa4c58f4aa,0,0,0.0038938641837325707
logistic_regression,aba40d2cda3fedfcee3c528969a7cc318124efbe8d,0,0,0.07575273218217243
logistic_regression,2c4fc1710f74d9439cf04eb8f1dba6f98bf54c48de,0,0,0.12302628740505918
logistic_regression,da8c5304e79a168e5a81afadc8f685d2fae0c60768,0,0,0.21612735997809587
logistic_regression,0bd016403dd6655d04edd715655197071b6d50fe47,0,0,0.021085364034551798
logistic_regression,7c7ee6093e2029c44e9c35c804aeb7710b542956ec,0,0,0.13128733292754172
logistic_regression,b588ecd81c777baa6d957edbcc963fc98c22465a45,0,0,0.28866434845764466
logistic_regression,a75fccad9087bedb5547a333aee8817c961430a8d3,0,0,0.0017372730502863915
logistic_regression,c8edcbf2afe4b2aabe0aa2e483a0d7e08802cd04c9,0,0,0.08049960850904035
logistic_regression,c1c000e439e90a206ca184e36aa6e962c2bbc9e0da,0,0,0.0007073728854883863
logistic_regression,537f411155a40ea29581706d6ce0e1dde3b686fb42,0,0,0.009715546695327898
logistic_regression,c2d4a817b50d99a91075d5c42e2f29de2fee9cd719,0,0,0.002251460672109195
logistic_regression,9bb91b8be7a9a72bc08b41496abdeb46c254b436d8,0,0,0.08851630978000556
logistic_regression,df3bf326adcf951db8f83701db206346272fac0ee2,0,0,0.0005079042406359055
logistic_regression,b904939b2558ac64a965c88623b9416e976d7c0497,0,0,0.1026499469149951
logistic_regression,ea9989e8bb73695c4b16c6e0e336cf5630033a4215,0,0,0.0016241626459113346
logistic_regression,9d12e6c0d670998e39e145c616953d9b13ca313ca7,0,0,0.09319506825798474
logistic_regression,2b02b8d130e43af0e26c532174e961d068208661eb,0,0,0.10030681256283008
logistic_regression,7683194830c7607e2e357de84256b6caea7600b308,0,0,0.08598250666393094
logistic_regression,b96cda909804cd54f3b874122110efc166579a2c11,0,0,0.0012527949908914362
logistic_regression,0556bd2f7976236d27d3706e8ac37ce5c58f2c7fdb,0,0,0.013322542715802577
logistic_regression,6706786da182ec74af8885d9a793b6c121c9b6128d,0,0,0.00018235585619715865
logistic_regression,a41794c6eff41d731333e8d1bb1646f6f36db71add,0,0,0.124827595735799
logistic_regression,7d4d9d08ad0e59244ffdbd8966cbf534a643b7b4e1,0,0,0.043055153187645814
logistic_regression,c119540b1da9554f13a7e4eb36b7e560173454c0ad,0,0,0.03804271692089044
logistic_regression,8b3c2ee7b028f5c3cd7a8dec254424123161f39a2c,0,0,0.14218158391871405
logistic_regression,46478471c87cca30c9b76fc84d48e379f77246e4cb,0,0,0.038466344298515254
logistic_regression,5fd65cc52d556677f2e266ffcc5c5e20079853f46e,0,0,0.0007261956172475198
logistic_regression,bf04dd3eaec2c810a4f16f7e5c5eb1891af955091c,0,0,0.09713264690133973
logistic_regression,7eb6be37f1badf21679b971fb58608b5035da80b2b,0,0,0.004057171734301883
logistic_regression,a695f6e6fb4c3bda3e3386d11900d3f004f52994f5,0,0,0.0021680799938101534
logistic_regression,fbbc32cb1e53fa41be0cd7cdb1280abf0eda961d8d,0,0,0.2337275891770129
logistic_regression,78391e39656b86b01ac4dddfee055b010841403cd7,0,0,0.002984177798796376
logistic_regression,a9c045b3af2a365468b5e73f1bb813239c3123c390,0,0,0.04080580766221415
logistic_regression,1294c749b92e0a3426e66fe8de93d18bcd7a04ae3d,0,0,0.005253017177780595
logistic_regression,23f658bf56c15471bc262cc571a3d02044580303ce,0,0,0.006895200033708876
logistic_regression,1669153808ef9ae3bbdb84da0064d9317856525956,0,0,0.06628273384833118
logistic_regression,ba97c0f1c7970d3dad2d4bdb47e790e3d77f7cd51d,0,0,0.09349861542012253
logistic_regression,6335e5784ce9e2dc433caaf66ef95243a1b9e4c1f8,0,0,0.08730482563182697
logistic_regression,9470057c2db1823a9906fe29e3b1708ec08da3af4c,0,0,0.23640087872507534
logistic_regression,9285f0bc7480cc593ced5afe8befe88a5c97dbf198,0,0,0.09965590119486871
logistic_regression,0ed22904d63e6e5fedbca21ed8e1b3a451362ebabb,0,0,0.1448427033672256
logistic_regression,0993f25223402091be82faa490bbe0a4181015d855,0,0,0.056409608065085735
logistic_regression,1e9ff256ac90b996490510e5e97702edbb7ddc8e8b,0,0,0.010765869078556381
logistic_regression,7f92a6a6025fed404c57647ff3aaf597ccdc795763,0,0,0.002525468311114802
logistic_regression,14c00ea7e96d3ddf8e4a9e150403b07316a4cda05b,0,0,0.01198001465682865
logistic_regression,190d2f563de4d6164760b53a3402016f25e718929d,0,0,0.0556588282931031
logistic_regression,aee02fd325cd60f230087defe652b65371830bcd0a,0,0,0.28152019835070924
logistic_regression,a7da9317e12c3b322fb65641f5bf2828b25e066865,0,0,0.16650334231117386
logistic_regression,ef38320ff0860a4771083ae9f9dacb72dc33cdd384,0,0,0.04691232207721817
logistic_regression,7fc58a9104bca52d4aa34e14c571042f520439c682,0,0,0.02729158872143514
logistic_regression,a23740a74cdd5c48d26e316b45345408fec8a20b1a,0,0,0.05083144083759938
logistic_regression,639e086c500d35def9b3cb585553ad0ab0be5dca10,0,0,0.0186218957831007
logistic_regression,ba30848fb440515a137a99afc409e1e4c22efb08e2,0,0,0.20102797438539116
logistic_regression,cc65e250df45a50f49e2ab48db4a36130172337fae,0,0,0.045826859352076456
logistic_regression,b64b68374bceae452df0627359a984e506a4e4f0c3,0,0,0.007018064323025443
logistic_regression,b70d0f149c8040a88fc20446f4ca793cef8f5be5d2,0,0,0.0007738190329448319
logistic_regression,cb50df1c4c788cadcf8e63c6d03eb6d0884f6a70c2,0,0,0.07887983561073163
logistic_regression,08c530f479bfee5659f34152e8e1afb4658c134663,0,0,0.12025528100169319
logistic_regression,a154e6be4f6bb4b5fabaed14b1b1bb6b56762633b4,0,0,0.03300553626801608
logistic_regression,7f2fd251d755c15ba6fbb9c3c8d572716136baf37f,0,0,0.0028685450843217736
logistic_regression,b507bbc400f1838debc369c24f56260999c17f17f9,0,0,0.05880110727824522
logistic_regression,19f9b63a50eb42b9bf1c7b813c9d90c80a14da1ec3,0,0,0.1228334548293319
logistic_regression,2248dabe0e4a7c10cc282bfc0a4b78e8f3aea9899a,0,0,0.045667981168087186
logistic_regression,d32b4104d9a35156f68050ccedb62f2692fe81432e,0,0,0.005433634145499344
logistic_regression,b4697ea3aea31895b0856fd78fe99182dbb9ebcebc,0,0,0.06624171752005686
logistic_regression,7b5cef0ed8c5c1cfa30bde7d2d8269e24e5c242a4c,0,0,0.04169520825971708
logistic_regression,909707b572a79431be92447e8f14a6189573afeeab,0,0,0.029383144128638666
logistic_regression,7fee6579ab45f1dd215018e82166dcad18d4832dfd,0,0,0.011274338153732143
logistic_regression,f793dd4fb21e8b078e031cf4dd592c03dd56f6bb5b,0,1,0.5111810509124259
logistic_regression,3f4b6d07ba9d56221f1e01b5ac888ec1d8f8a3b5c8,0,0,0.1417792840123953
logistic_regression,1fbddbd62b04dcd6a7adf626dfcb3153d15fcdfa08,0,0,0.2769820192768389
logistic_regression,109e0d496e02ae09ea4108af7e7a981bdfd467f71b,0,0,0.0018334579720030268
logistic_regression,e7a3a7b1bcc97d5f87e0584668252d523998407a44,0,0,0.025049162439877252
logistic_regression,9fc5c5f11ea9b1c62a7e58dda2b2e3fd69984e0feb,0,0,0.17862035298435397
logistic_regression,e3ffdc58cfe9aa4c9cae1c15bb5956c5eed055db64,0,0,0.06598181964367254
logistic_regression,698ec233016053f62382d0b5bddfd956cc40f99e73,0,0,0.03485042223509583
logistic_regression,5f8e3b29513b2774c6435e51fe164890bf03d88742,0,0,0.009367691095470244
logistic_regression,e882ae0d93b0c702bde364206cbf7d0ca3b7c1e027,0,0,0.14858425817823426
logistic_regression,a86e23ba8b5cc863c76d10dd4c5eaa27f126f2489e,0,0,0.002730907889724785
logistic_regression,f78e0f768de469454c4691ef6e3c6267aebc5d1786,0,0,0.020142940293625088
logistic_regression,e571a424ada6762ab461ee05ea7fd2e4e934c4d971,0,0,0.1640295795806842
logistic_regression,c543bedb5205775fdd33f05ad072d2e8d76c692494,0,0,0.47139239761602725
logistic_regression,61f84573e24bee6958f54e722ef11ea7a100d4fb0f,0,0,0.41886157849488853
logistic_regression,45d23c62eb41ad4926eba898ec37145830c40e9db1,0,0,0.2743710503336508
logistic_regression,ee89712db291cf51ca3f061e718ec412afc8420390,0,0,0.36988766117242855
logistic_regression,38e0909994fae870dc18de72677bffbc7f6e02f4ac,0,0,0.1134997940736989
logistic_regression,2c2dd7dd31680139d2135a0b72fbbe837908cbcc19,0,0,0.0032480306421165312
logistic_regression,ee915c91971d2164f0ba8819e908a930545caddbcc,0,0,0.21780879334438497
logistic_regression,526d375ec234f0a1bb9120829e94dffbd2781377d7,0,0,0.20290157185352006
logistic_regression,1156aaa50717cf6ac876aa8467444d9ede01be211f,0,0,0.18625527201502037
logistic_regression,5e16ed168204807c846eabd7231d9611432e5d5735,0,0,0.011914078779910905
logistic_regression,4f58148492cfe886cc617442ad97fbfff8e09fba16,0,0,0.25974101397282345
logistic_regression,709478758d2d8dabb88b961eb97e53ee262e417c94,0,0,0.006263592671789351
logistic_regression,14b5ab7bf9c51b3dda0da59caf83ff0e1039f75bd9,0,0,0.11093238232838563
logistic_regression,f017b3038c73fbc8615e0d835f2f5b0ba17783f57f,0,0,0.006950596081956644
logistic_regression,dffacf44f1f6ab564af0e4131581b5e287fbbd5660,0,0,0.020413619799593125
logistic_regression,05aa4919092166d61e157a29eec60abf1c84c89558,0,0,0.03578539520669513
logistic_regression,09d717bdd86647eaac2e2c3348662c8476da220a20,0,0,0.003243520845292056
logistic_regression,d9b3446350719e073e5583d53057dde1b7a1264a2e,0,0,0.19154202801261438
logistic_regression,4c257c4f1456c2df2871d4711c5633c3732e847143,0,0,0.1433123472195842
logistic_regression,b221d5717fa474302350ac46d41f5857b89468e39b,0,0,0.012864129599077796
logistic_regression,14820b3c40839660d3276c148dadc6b155ee92f68d,0,0,0.13092009857499454
logistic_regression,a2efb2406be72e983dd30c7253fd8ee2126a288ed5,0,0,0.08958007981777491
logistic_regression,5755357acc4f740f2935c76de1ca869cf8f89eb8c8,0,0,0.2882954114612535
logistic_regression,a74806f835bfb9e25fb5244886756de77e2bafa288,0,0,0.0035543370853815984
logistic_regression,61f8b6a1c7d52037dd9f136db56c57b018e6378daa,0,0,0.14755262674393768
logistic_regression,db0f17c01043bd05d0b5427384493fa91ffecb3fd4,1,1,0.8992532768016726
logistic_regression,186ca1cdfe1ab77bb83ba45cc893c87ada8c07ca9d,0,0,0.12831453479161786
logistic_regression,0ee8593aa178d70f981af2cf03106bde93e552f841,0,0,0.4569388567644918
logistic_regression,e5e0970d096f7e14737cadc71d342def38d8f4bf94,1,1,0.9405710949899619
logistic_regression,f147e0fd6d9ea0b00e3fa33b151279cc2d8a3ef7a6,0,0,0.007225884845353035
logistic_regression,7686c0d04e32ec54b036141486f057eede1038b853,0,0,0.08648324182719996
logistic_regression,325c422c73cda76b8dbdc68b3a28ac731fafb4ab47,0,0,0.008758838687991025
logistic_regression,f3dee1de3591de9ee497f77d17afaa49a8e829befa,0,0,0.005999721250866935
logistic_regression,b5d841bdd93fb045da17a59e1313fc6bad5052b0d5,0,0,0.002965272662974909
logistic_regression,e0c0427cf34517afe7fed7b79b14ba7ce097597cfa,0,0,0.022959423680402328
logistic_regression,047819a74970fdd0e48f7c09d244b611a4365cd95b,0,0,0.010527045015530355
logistic_regression,1a6acdd667c4870d8fd722892140477ad63c753b35,0,0,0.022645193899252392
logistic_regression,53c48eed2267996650d0adcf813644ef3597f74961,0,0,0.01739329315465387
logistic_regression,b459380f312d268a63c18ba5fa132494ab13331532,0,0,0.005789679106681135
logistic_regression,f7c10ab67ad5016fe675b724db0686e95569310cf5,0,0,0.08612228169713737
logistic_regression,ee76e29f398fd20017247b42b9467112c8cb791838,0,0,0.062359864340384576
logistic_regression,0bd122056850b9ae2d17f43baebbdcd5fbadba92f6,0,0,0.011026415377932192
logistic_regression,22529dd9bc448fffe38a47a4c8cf7609ea1d965350,0,0,0.08242549022480099
logistic_regression,c8125529661bb942a051c6ae14cba6fc4d26af2b49,0,0,0.16671476564893345
logistic_regression,7a12f592e9e8498fa644a22c93eb51520ab4f2e4d5,0,0,0.09479865403086886
logistic_regression,70a0bf494b9421bc68c2ac67d4884329af4ed22f94,0,0,0.024092672368499785
logistic_regression,80f5b9d94cceadd9d2935b08d7d74d3d697417dc60,0,0,0.009660086547764122
logistic_regression,0e50551813c69deb7c86e293352b5a8ea6d702a27b,0,0,0.07073899958666006
logistic_regression,95ef0e774b7f62237c691c9f4c0124eb9cb11cc13a,0,0,0.0777776088322985
logistic_regression,2fe89834d405f72758e85615edbfa2f5494dc6a2c0,0,0,0.08372853942800022
logistic_regression,459f0d63935d8edd2323c00811082ad0fce4680297,0,0,0.09941575839176317
logistic_regression,b7f2ff769a9037929cc6135a5873e6269a5bdae463,0,0,0.09719532607006523
logistic_regression,39b047b2b605b2b2d764fa6c372541edcc2a4c7fd3,0,0,0.0011039321005081241
logistic_regression,5859236eb65e154c7fa047d63edc1b9c5e6e84687e,0,0,0.0423393422636045
logistic_regression,ff947359d16152bcdc00bd872028deb8c98a6391c8,0,0,0.025145199918514397
logistic_regression,15838f4690446b3b84efa616ae1d97b7b14403009a,0,0,0.12289036642145577
logistic_regression,06e4de5bd73cb9dc44c8182a0f3bcd29659c8ad69b,0,0,0.0036615730265053817
logistic_regression,aa850560103b3a419d5108280e79edd611dade1a56,0,0,0.013826083326484424
logistic_regression,935f55ffce931ce717704240f0ddfa649cfb070d40,0,0,0.08121928834625303
logistic_regression,bab9dc5a0234970fb28a1026864902269e658cf2c7,0,0,0.06846158642672322
logistic_regression,4d22b7f2b3bf5e76d9a1f1c3a5689a03c0a9098449,0,0,0.01868176617047028
logistic_regression,a60b9ba30a557dc2e128897260ddc3a2ebea8720f4,0,0,0.11151414472557121
logistic_regression,bb76669ada13aab6f4379b8a05d4d15f1b1b9080d7,0,0,0.008334364478644123
logistic_regression,c4b5e2475cdf5688b11e0be74eaf01b5ae6a7ae11e,0,0,0.08484664454224042
logistic_regression,23c97d92e63d1cdb324db1b56a6eac62372c38a252,0,0,0.022727770323879178
logistic_regression,f29735f88aa42959b5465a87264370fcbb762371d9,0,0,0.0022339440340194906
logistic_regression,f642c7464fd5fcb76feecf877c8d2cb4e3195ac925,0,0,0.020208703580751317
logistic_regression,62d957a1a0bbd2a45340a73ed6f678989da029bb46,0,0,0.0009477043707001244
logistic_regression,380b7cb625bf420c93dd51e28e75564e7d6c93d534,0,0,0.17720410871629086
logistic_regression,0e930e01ae48d962282f7656a3131dccf32e0d4704,0,0,0.001937208205120816
logistic_regression,88aed60681affbf2b2d8a840e7666e50cbfd8e6000,0,0,0.13891101906493494
logistic_regression,18c2ecb225f8dcabc7084f204e872a67fd5bab994f,0,0,0.009666042376887438
logistic_regression,7bae5579f33109d8987f137c343e2ec8a2f34d80a4,0,0,0.0025854299319708622
logistic_regression,a6b8b78bcb7fdaf7c715f8a1f302a27f1906a96f03,0,0,0.011633865653739044
logistic_regression,12b5a1afe5d2bfa8a302c64d91883579aaec2b7e47,0,0,0.08701836572845638
logistic_regression,fd5a10c4c8870b5cf6c3872cc5b4f0fc4c5839ebb5,0,0,0.020450283360655474
logistic_regression,4d693cf37214e8f7cd4b8d0483718cfe40f891fa6b,0,0,0.15214575490740925
logistic_regression,a8144e24d22dfaaffb95eaa85eacf6ebd210e834d3,0,0,0.022825727658479143
logistic_regression,68a94f52855b9ab06b36ce1bcbc729347fd0df5273,0,0,0.09367807350902929
logistic_regression,d09c956c068b6dfc8f19be5e0dcc81fb189c912018,0,0,0.016668522995435683
logistic_regression,e13bec65dc315e1a64f24b100df5f411e91b26b290,0,0,0.07271583979244532
logistic_regression,070f87bf236e481d6d1c804bffd34b23ad62cf790f,0,0,0.09943733988169148
logistic_regression,6494ba6855e262340567493f3d928016332cb76dcb,0,0,0.01807828593619753
logistic_regression,736389c47c3991db277aae5be769c25afcb06d137b,0,0,0.01144785559866252
logistic_regression,b92628caef4ec5ff3e9d07bc0fc5b073ba34a97494,0,0,0.00921649261995158
logistic_regression,a7bfc55e0b1e682d2ec0abdb8f5b412d21ed031c88,0,0,0.02457561529513298
logistic_regression,3f93e9fe64f570ae0afde7beb36f6946fc6dd0a0f6,0,0,0.030819086386385804
logistic_regression,c6cf6134475b87abd268e32308bcfea9022b867c4d,1,1,0.6908128111585488
logistic_regression,d149897a262c57dac03423bf3f118f8750be3d144d,1,0,0.08560803700933305
logistic_regression,0f8cc9a25cd0864df1301a3fca69abd0298c3a612a,1,1,0.7152872530732848
logistic_regression,e645d663b91d7cb0c6922dad1c0b2a928c0e8dd274,1,1,0.8102262350398819
logistic_regression,7b0d61b6e252e86fcbfe9fe3ab46e6291c086448d5,1,1,0.8017925930751877
logistic_regression,9b22d120257f42c7235386f71bf3e97263c89f154a,1,1,0.9315494998230435
logistic_regression,97bb837e5d85141302d1fe14304f0335810cf8e043,0,0,0.0025149226192095558
logistic_regression,dad743a3c168773e6f4e4b7a3e4d34fbd3b21cff87,0,0,0.06075336361526875
logistic_regression,a4e0bf33609f2de079c015ebbb2b58c2bd64e0e8c6,0,0,0.049718217081392964
logistic_regression,80ece9f872b07378612ec884cb59fbbd90bb054ad3,0,0,0.03558016008296061
logistic_regression,07b0107c01494d5a90db3e548fa7dfe934e39e6cc2,0,0,0.03800964355147154
logistic_regression,afe72342b20aeeca5fc8ba28c6181ea73f29f95970,0,0,0.005653287275079573
logistic_regression,a5e4ed6ae0dec3e3af19209d8bfdc6444f794dae25,0,0,0.028904891052226406
logistic_regression,8f78df52c91127713bd35c9d9096b48c2d9191b2a6,0,0,0.052127598772852606
logistic_regression,25c4698b0ecc2906ac7ea2c42eb5eed6087b53a746,0,0,0.03181271804444454
logistic_regression,e7f69fdbf2e7b972c89a33ce0024d799549012bba9,0,0,0.0031538254911113906
logistic_regression,90fdf62f036ed45f024184a6ef2fd2d4fb9fe4c2a5,0,0,0.14792861446426056
logistic_regression,0721b103f9884ff2c4d8002d10ec331c8e85c40e98,0,0,0.01663064405380661
logistic_regression,790b5fb654d0eed667da39617eec3401918805a0e5,0,0,0.0713220075005851
logistic_regression,dc68047e5b417bb397d8c4633b52e4952b2be1adae,0,0,0.004078431438547644
logistic_regression,93f6f22293793061081ff814555409a638bdb47485,0,0,0.0010995342071619528
logistic_regression,570e29f9d1a803d36608ea1dc06c660044a6b05ccc,0,0,0.08343708552933948
logistic_regression,5662a9f1f2282ea26fe73a9e327e98eaf69bbf054a,0,0,0.035633829822722
logistic_regression,f7f845bd11446f4043c4dd546cdbf72842230fb456,0,0,0.028602026273242185
logistic_regression,bf74b7b9b225a752ec44ac13cc4b7ae4a10938406d,0,0,0.007554956487279551
logistic_regression,77ad6ed1a4ac7b2fc58edb8a829d3f3030db81bb75,0,0,0.18454987917643906
logistic_regression,56c0f5bb7b3f30487ca755e1033ca3e587e1251e1d,0,0,0.16637680466879898
logistic_regression,153302aa43eb532fb6d72e047241dc61633f68c809,0,0,0.0024326282472158793
logistic_regression,9efc4ef464131bc3d6e36521804e1c1d8b68902282,0,0,0.02097643572131492
logistic_regression,32e6853ef2474d5b629e3ce4715de93338fa219a03,0,0,0.1839709267975687
logistic_regression,d529c663bbebea384763e3352785a65b395306c3a9,0,0,0.013865359816009159
logistic_regression,2cc8349e70c258ad65a88e8b7f9aaa4f260d3845b8,0,0,0.03367948640219283
logistic_regression,4667d8db341a2fc3b0be262e24fc4485f267cbc3e9,0,0,0.01887870214928448
logistic_regression,361208771cd35be35bb292602384a6ddcb25180a23,0,0,0.005419343224007522
logistic_regression,19dce9cce1bd281788ab0288b1815c6527f9934e7f,0,0,0.014074948992704195
logistic_regression,a460e7c1e94cc4ec37f82ac4b3bb6305bfdb49ca76,0,0,0.12918449113177208
logistic_regression,250f2864bb9073e57e29f4017babd7f8f689d7f663,0,0,0.1008671586997371
logistic_regression,99a8ebe30fd87452df482f9d8c2068a463b7c1a91f,0,0,0.05955614723215782
logistic_regression,e3a19f7baa107a965489df00dfd98954182132cf7d,0,0,0.09758885598427462
logistic_regression,9420f4355b4ace28362f8322ce33a96f375d68c473,0,0,0.0016931374984886856
logistic_regression,007366c1148001a0c39cad63779075e5ef5f7e73c1,0,0,0.005753827946654447
logistic_regression,080f7a47829295f1a1e622bd8da050227451263bfd,0,0,0.057864263255908564
logistic_regression,1e593eff8b75adc65550d0c0ceb651d20432a4b0bd,0,0,0.00480362672431195
logistic_regression,01d9f72c192edf6c0ebfb2f72b3fb3dbe1a7a9d89d,0,0,0.027601699398414118
logistic_regression,70cf6c302b5c7d3e3502683b83cd2bbcc9c6516d2c,0,0,0.001592266125074337
logistic_regression,55099c0bbc32786fe81bbcbf915d9cb11361ff8e81,0,0,0.018239225121835036
logistic_regression,25a55ac37c7fc6bec17b5d031c578d0f5f9179be7a,0,0,0.019205943788177426
logistic_regression,84a9a2202a66efc59e11caa7f75a46c931af5b5fde,0,0,0.02008983063181728
logistic_regression,b8139c5bd19b980b23ac9582ea39ecdfdabb93f48e,0,0,0.0024186644051954025
logistic_regression,f0cabd0394791002e1c0f59ef6cf1e3f07854dd8b5,0,0,0.041170513428527566
logistic_regression,0ad8f94a48f6c5ca01b9fa6bdfb40c21c368a3701e,0,0,0.05354408467664285
logistic_regression,f99fdbbae42a17be24b2e74a7c55e45c53756842b2,0,0,0.03099044840380322
logistic_regression,8963365ce090071698e95243359bac42c49ebb5a4a,0,0,0.011359434356724188
logistic_regression,6332375a7a0fec65b2d0e73febdf19b8943919d0df,0,0,0.003217134174064074
logistic_regression,b81f2b53c0a53c13cb3350bd773ccfa887c0320a31,0,0,0.0036086860181880464
logistic_regression,3b82321f27630804224af2e35d72dce18cf59d4c99,0,0,0.0277490737435356
logistic_regression,79a4c31b660a8466b3e4aa1ae32d30aab5d8160ee9,0,0,0.018338545677435893
logistic_regression,2c0bcf94428b672e940aaf3d8da804bd12075da914,0,0,0.017981610020191278
logistic_regression,2f08d98657f92176b0a37843e6a2911fb782b38c9b,0,0,0.07803420426300804
logistic_regression,8c6d2ec80464bbfe89d1acb8caa274fab72c048b31,0,0,0.0020679141905646688
logistic_regression,b5ddfe926fa92e79dcf9cf51e8d22570517c527ca1,0,0,0.12070011889531937
logistic_regression,358e93fa0c0718be2782595db02e23cf12b2eadc58,0,0,0.0005201731640882077
logistic_regression,0aa1cd1f5837fdeab10f33327fb28fc26f91108285,0,0,0.007546567650236316
logistic_regression,a4acd9dbe245460118a9f923833727145d479aa08b,0,0,0.0021256586194028848
logistic_regression,e65923e636602bff38181790985341fe3a6ca991d3,0,0,0.09254402727103953
logistic_regression,23a08862de095761562c8e9d3c716ad9c64f24722c,0,0,0.023239030418129185
logistic_regression,09f84d6907110ce95b821e3c25f400c12325cb2a95,0,0,0.0781131832292599
logistic_regression,7f2e5498df911df2369bce96ba923885658c026792,0,0,0.029543620253198066
logistic_regression,5c691d7d40d9bdb2848b92f1f015868650b3e990c0,0,0,0.11251369452102045
logistic_regression,7ebf032264f1cab40366e9c3b47b891314a0a7247f,0,0,0.00012940467274138371
logistic_regression,6ccf491872ece9a7192edfba4eb087672eec6e224d,0,0,0.012466034794958397
logistic_regression,e3355634df69e91db85394cee50df3204c478122e7,0,0,0.054472906052599954
logistic_regression,85eab8869042183cb7d3930dfaf38b541f33e1740b,0,0,0.06396756208643657
logistic_regression,ae85fe82b6033a40fcd965cf1ca161c6af32394b42,0,0,0.02874703107600796
logistic_regression,023c0ec96fee6f39934724b73b271407c44a89516b,0,0,0.1165295075002813
logistic_regression,fbdc7ce88d706a0be070471e6399c4584b4d8f6eda,0,0,0.0886560181678324
logistic_regression,2640b4adfd11d9821f0c56ea6cac357663b85a0c18,0,0,0.08546051888062142
logistic_regression,d8f39b38e36a61aaa4870eb316ba6603633526508c,0,0,0.025351560089209985
logistic_regression,356b6bead4582df3fde7c78aa256ff3a2f2720ee26,0,0,0.1298044724508902
logistic_regression,faaa64edcaaf802cf852774c4013d128d0794df4f2,0,0,0.039303251737474905
logistic_regression,3c935ea7c867e9e4e8b98f4c39f369138657166526,0,0,0.08454527003222599
logistic_regression,db0e383c7cb30d2b2d10857bf67c319c37fae0eca0,0,0,0.14802061385423332
logistic_regression,2bd7d28d8095d9ce90098393f3703764e1fdb24bc0,0,0,0.09833233077921674
logistic_regression,2d210b7d3e3309235ec10d3804d952339afb5089ca,1,1,0.5200288051451537
logistic_regression,2b03f5d136acfbcb1d027accbd11928a98aa8e8ea2,1,0,0.37177860287752873
logistic_regression,cfb1386aa2826259ea6d21153d145736375665e755,1,1,0.9017536881572865
logistic_regression,ce20f42d45f002a7eb4c32410f94f76371af426c2a,1,1,0.9850622476480483
logistic_regression,8e25b18a08cbba43739620d6f2d3898ae30493e5ba,1,1,0.884240896323638
logistic_regression,be4ad939592f440a16f218737a5b65b095afef5f56,1,1,0.9987944074741185
logistic_regression,25f4a509bb84f9e82e13921a7bc6b4f75074a0d6b7,1,1,0.7542189896060845
logistic_regression,876d4dfbe075cf2bb12a49767070148cb10ecdd504,1,0,0.04986764641954481
logistic_regression,1902562302b716df6ee4d0963f05eca537c67157fd,1,1,0.853531810898495
logistic_regression,802cf483dc219d8a1d7afba824aab80881d58bfa33,1,1,0.8386708527278001
logistic_regression,d65c80e3acec21d7add1b8e497246225f066887340,1,1,0.812759091285889
logistic_regression,9ca4deb742a540706918e96ecbd08c6f8d12b56c52,1,0,0.39052878062511204
logistic_regression,dc83bf2980914a26f9893b9b8c00ea2511d373a8b7,1,0,0.3821680084079572
logistic_regression,0d7b262d520cbf3766f079bf1cf1b66f08ecdd3a7a,1,1,0.5179083130744536
logistic_regression,2054fee92a4a62a7ffa424ead6812839d7d579d48d,1,1,0.9310369946118813
logistic_regression,84f0ab7d7b96bbb87d0d9cf542aded641633233861,1,1,0.9122158582714537
logistic_regression,33ee628ff7f2fb45ec349190ff76923a7a7756d182,1,0,0.43196705054278417
logistic_regression,c151c072eaf9e7e0f71b7398fa8a8f7aafad26c078,0,0,0.06056368060049039
logistic_regression,0458d0b64a018a3043cf36bca72680ff8636f60331,1,0,0.04845089359257815
logistic_regression,c79151bb71edba88a0d64ea7495d30bf85b1bd7524,1,1,0.9821801148246904
logistic_regression,1d59e32ebbb71bb6b668dac3090c1114a62f0368cf,0,0,0.0030828303264889773
logistic_regression,c7dee8ab0865cff5b8a4d5fa00b72f544e0a1f08e9,1,1,0.8971561184840007
logistic_regression,d1a4e3da0882251dd60e0ec1bc607519a295de327f,0,0,0.021168124871673997
logistic_regression,b9f91ec0aa1f6b6d29ad7001a480f6ee4599286db6,0,0,0.041776438473506754
logistic_regression,e204e50e481d63af835ace15fc5430af79cf33f9da,1,1,0.8926732079439889
logistic_regression,bb3071c540aaff88fb207e9549d3828ccb775f59ea,1,0,0.12121462940089368
logistic_regression,619873730ef5fc7bed916511b416da2d6d2bc54cca,1,0,0.1089608508582329
logistic_regression,123a831227cf47c1134b5ced7d9e10a7e240ed17cf,0,0,0.004777428387923213
logistic_regression,a0ad9421626f98d0f4f4af0d9d9e01614a72827c93,0,0,0.015418870956243677
logistic_regression,ade2a9483361e9e01340f77feed38b17292a8eaa31,0,0,0.016531263286020892
logistic_regression,97754875821d8cb660788ecbdc8658ba7ddf1c2e5d,0,0,0.02000556548713344
logistic_regression,6655528631e36e03088a0b61d49550762989eeb891,0,0,0.001488088750023117
logistic_regression,897dbfef1f7651935749a3a9e43c4712957a526324,0,0,0.07142691858246346
logistic_regression,ca011d2b003e1c89d48d25315a8dfa3a081bfd0d31,0,0,0.13848253230275542
logistic_regression,b92deca5caf77cc2abad7ef761045c1f42a107d37e,0,0,0.05892655338887964
logistic_regression,4551a7053101c5a0268d42c15af464a8ad81a69c73,0,0,0.06764512862353436
logistic_regression,11d38eb70e5c2a3bea550548410e2aa034101f3576,0,0,0.27071757949628883
logistic_regression,204674179b2e4b81e1246439ad4d0dcfb20d935984,0,0,0.07137245081235734
logistic_regression,c9ddf7cdb8f567301e0f15684eeef039e0c978775f,0,0,0.002470111988402979
logistic_regression,37ca6b3c57513826b94b4f196dd25b25fe07339020,0,0,0.0256815861494132
logistic_regression,9fc4c19704170ff420305ad00ddb8a13c8921723a4,0,0,0.09356013065369136
logistic_regression,8d5a46c235dfaf2fa6473044cce7ee46bdb1a133f2,1,0,0.09597548726513834
logistic_regression,15fa5262c4016060bf08fea5ed519b96f21d6f2ba4,0,0,0.10926623049077579
logistic_regression,9436b5cea014b6ab0a1d7253072dd440a0646949a6,0,0,7.799035225622536e-05
logistic_regression,9a6c1d654439ca10b7c359f51e75b7b65b74e5e94c,1,1,0.974562590697312
logistic_regression,e35739a71c77a593a1d7c3e0b4d9bc7217a8719a29,0,0,0.004692674391864115
logistic_regression,d605c4f1af706afd4ca1cb4b293b274074b0d78136,0,0,0.13579793065228102
logistic_regression,d3d053ec3bdec7a801837d15b45fe266e20ec9e0c9,0,0,0.4179435582881568
logistic_regression,613c16c3c8cec5ebdf4a53d2118c36b41dfd42c373,0,0,0.08404997506982614
logistic_regression,692bf7ade7a9b3c84d788d1d276f3c1d101f283ad5,0,0,0.16929484945615472
logistic_regression,fc3bda18ebe68beb2823cc7f47cc7e7f36973b13b4,0,0,0.0053681494144324545
logistic_regression,19e4d92d7b9041758e92fdb1568aecb8f7a1dc2719,0,0,0.10318056021274363
logistic_regression,ebc88c73b5dae871753913dc321a52e38df2fb6e63,1,0,0.058241244587731035
logistic_regression,7c9bbc7129659f68d9e6bd9d5949947474db062049,1,0,0.15223573061220053
logistic_regression,0d8dd5c04fb45a006d944e4fb3c7601b025c8b2c75,1,0,0.05509010663888931
logistic_regression,172326435c2ec918721bb0bbfe622074f0e72af3bb,1,0,0.2698704780657744
logistic_regression,70ec12ef0db0d624f3758edebe3e9ae30465011387,1,0,0.1758621677319045
logistic_regression,30122d21c51211319bd47b93989e07b0da3d13e4fc,0,0,0.2131623675928406
logistic_regression,63ec85d15c221aaa2b4656a10239c283e4f46d0163,1,1,0.9505198594231921
logistic_regression,7a6901d2e6b62b9446e33473303a54c3202d433d92,1,1,0.7426600948544174
logistic_regression,d834b44421007c89e040bd8046a7c60e75bbc5f471,1,1,0.7368822812150612
logistic_regression,566f7ab978582f7f9b62c17f8d6b35df103d919080,1,0,0.17773752924951225
logistic_regression,0d1f0bf28d027186b37c9c624f4f58e259d9216be0,0,0,0.3987197968024448
logistic_regression,0a920b92def3760c1ed0967d3d418f16fe27122d29,1,1,0.5336381551268841
logistic_regression,34b19f418f8411199290fbd35cae1b9cb2f9048cd3,1,1,0.7745096725066904
logistic_regression,d83181aa67f6ea5071046c00ae7b0977920e958137,1,1,0.8093675503061372
logistic_regression,ccc7dd7e3907c20430813f6b5a52a3ee87469ce8e0,1,0,0.002714130374640699
logistic_regression,7b565cfc71fdafdc385c2611163c4e8b686ee80029,1,1,0.9548605850449803
logistic_regression,3c99cbb5796cd9eecb37f62758d573805b4269c44f,1,1,0.9330775940355851
logistic_regression,c656d0f675d022a4338f39204a7ca714455a3bc719,1,1,0.9611276716695532
logistic_regression,dc0596ebb72dabfdf5084ab1651284f8292445792e,0,0,0.15804191510231266
logistic_regression,293e6a7c4f27a7cc7163fc650740555544cc773c5e,0,0,0.003639342773943035
logistic_regression,4835ac0258f19118c6e5ed8f5801d55a7094eee2d8,0,0,0.0008767600829445627
logistic_regression,89f1630bfe77a2bddc5399a569ef4c839015734aad,0,0,0.09285228651875889
logistic_regression,172f8add745a9f2e8f2d6462b4fae02a3398a35b68,0,0,0.021003089429794754
logistic_regression,969402e9c2b2f74d640c49346d8875f3ca644978e6,0,0,0.09955106526394762
logistic_regression,b3584650d2ea2bcaa67da7dee5c1e2d1fa62615bd3,0,0,0.07000613886557543
logistic_regression,59b115ecac141b6f4866e581e0f677dcff8c005670,0,0,0.000966238132830641
logistic_regression,154d7724d6af0f9ffc5ccdc85dc190a6fffaa45ec3,1,1,0.9175470373465017
logistic_regression,245ce0360dfbb5ca16534ad2fda3c4ca424163253b,1,0,0.3920205832496246
logistic_regression,9cee98ac4c23200e2544167713fb74b0fc0d02e3e8,1,1,0.7624495021877893
logistic_regression,47c7275d7c2490b3cdde3c4d0a62e48f7c336dc23a,1,1,0.684250347164242
logistic_regression,cc4c6b7a39ff032521addc2c3b98abb9587897ff40,1,0,0.18781799681099884
logistic_regression,3e7beb3ad6a222d10e5ae4e2556da47b81e313d2e6,1,0,0.004637533166150361
logistic_regression,166587eb16aa2e40f8b8a00c456cb696be3c79336c,1,1,0.5524341428780811
logistic_regression,8c0e8310a86af701845a838b31aae6cd54d22a0f63,1,0,0.01318582750244533
logistic_regression,03c715659246a9ac79f2eaf4aa0398eb8b00117d20,1,1,0.6259678378265675
logistic_regression,d09f3cf8a3e89d1453fba537fdfc4c4be36ca2ef96,0,0,0.010381985169227144
logistic_regression,a71d23566430f78a040f6a3aea02f0bdb2766ca34f,0,0,0.03291724914230624
logistic_regression,4494748fbb9c3b933635aa53f078af9dacce1c57cb,1,0,0.11476168492406381
logistic_regression,136b1df5893dd5f3ec34add29b112f747809183d68,0,0,0.005587807567890744
logistic_regression,4262756d0b22e6bee0c64268863595565ab51cce0a,0,0,0.11616087016681283
logistic_regression,5ced8b90d0aa92f2b2bbec024f8d7d2346c88e0931,0,0,0.015206736117699165
logistic_regression,083b2eb2ad977e408ade3c1fe64cfb02b10527c38c,0,0,0.09293906765299624
logistic_regression,35c2ce08f55ce33e586669bc9dc03c21f5fe2ac239,0,0,0.06335883549584002
logistic_regression,c540938b5a773b5bc26908b681da6bd5176defc33d,0,0,0.0579800157024768
logistic_regression,431133f57a7b4eeedfa45e50fcb4c4df9c0f54005b,0,0,0.0004067092738646467
logistic_regression,77f2d3e3febf0766a5d260d0efd55585e888e96344,0,0,0.08948207203395628
logistic_regression,e7e2f92200f595985ad5adf4ac4a7580c525ede8cc,1,0,0.1417847985594653
logistic_regression,e335638d85da5147757a0761ccc63a580e7412cc9c,0,0,0.09114478684163628
logistic_regression,f2235867d35ed047eb734037dc4f38cb7bf0632861,0,0,0.09027352236265067
logistic_regression,60b7093c3ecd99b9f85225e261631eeaa55dd0caf9,0,0,0.0042404858817214185
logistic_regression,b188cfd4f85fd44732763723d6c9e61b57c639fc8c,1,0,0.09966704354015732
