topic_col,top_percentage,account_relations_configuration,indicators_configuration,model,indicators_runtime_seconds,n_graph_authors,n_all_authors,graph_authors_auc,graph_authors_f1,graph_authors_auc_pr,graph_authors_recall,graph_authors_precision,all_authors_auc,all_authors_f1,all_authors_auc_pr,all_authors_recall,all_authors_precision
BERTopic_topic_10,1.0,interactions,"All (Unweighted Clustering, No Square Clustering)",logistic_regression,6.311275541782379,5181,5675,0.8792836830852897,0.6786729857819905,0.7371785668734583,0.5628930817610063,0.8544152744630071,0.8650743224870842,0.630085146641438,0.6983662952578237,0.5045454545454545,0.8387909319899244
BERTopic_topic_10,1.0,interactions,"All (Unweighted Clustering, No Square Clustering)",random_forest,6.311275541782379,5181,5675,0.9215657886543372,0.8161434977578476,0.8473377047279445,0.7154088050314465,0.9498956158663884,0.9170338983050844,0.8042142230026339,0.8317138310972656,0.693939393939394,0.9561586638830898
BERTopic_topic_10,1.0,interactions,"All (Unweighted Clustering, No Square Clustering)",xgboost,6.311275541782379,5181,5675,0.9207426088520804,0.8262748487467588,0.8505439105771244,0.7515723270440252,0.9174664107485604,0.9154604368712044,0.8103448275862069,0.8339729225839416,0.7121212121212122,0.94
BERTopic_topic_10,1.0,interactions,"All but Betweenness and Harmonic (Unweighted Clustering, No Square Clustering)",logistic_regression,6.311275541782379,5181,5675,0.8758003473303304,0.6685878962536023,0.7296038707575945,0.5471698113207547,0.8592592592592593,0.8650936584186834,0.6427221172022685,0.7023390603575366,0.5151515151515151,0.8542713567839196
BERTopic_topic_10,1.0,interactions,"All but Betweenness and Harmonic (Unweighted Clustering, No Square Clustering)",random_forest,6.311275541782379,5181,5675,0.9236613598466764,0.8160714285714286,0.8469539978782503,0.7185534591194969,0.944214876033058,0.9173177437384816,0.8052631578947368,0.8328573816607193,0.6954545454545454,0.95625
BERTopic_topic_10,1.0,interactions,"All but Betweenness and Harmonic (Unweighted Clustering, No Square Clustering)",xgboost,6.311275541782379,5181,5675,0.9231220291840504,0.8269230769230769,0.8555608377893885,0.7437106918238994,0.9311023622047244,0.9130367986948248,0.8089887640449438,0.8300199935899104,0.7090909090909091,0.9416498993963782
BERTopic_topic_10,1.0,interactions,Core Number Only,logistic_regression,6.311275541782379,5181,5675,0.8197504341629132,0.4750542299349241,0.553476688393588,0.3443396226415094,0.7657342657342657,0.8113065349406327,0.4630021141649049,0.5386624662120476,0.3318181818181818,0.7657342657342657
BERTopic_topic_10,1.0,interactions,Core Number Only,random_forest,6.311275541782379,5181,5675,0.8190173734354567,0.4606986899563319,0.5494784319934073,0.3317610062893081,0.7535714285714286,0.8088708118070032,0.4507936507936508,0.5319548245638894,0.3227272727272727,0.7473684210526316
BERTopic_topic_10,1.0,interactions,Core Number Only,xgboost,6.311275541782379,5181,5675,0.8189111678463443,0.4606986899563319,0.5498328849470067,0.3317610062893081,0.7535714285714286,0.8088285144566301,0.4403866809881847,0.5316161127098364,0.3106060606060606,0.7564575645756457
BERTopic_topic_10,1.0,similarity,"All (Unweighted Clustering, No Square Clustering)",logistic_regression,99.71012849593536,5181,5675,0.9272886093640812,0.8568872987477638,0.8745054371420454,0.7531446540880503,0.9937759336099584,0.9209270672829994,0.8375768217734855,0.8538708213809043,0.7227272727272728,0.9958246346555324
BERTopic_topic_10,1.0,similarity,"All (Unweighted Clustering, No Square Clustering)",random_forest,99.71012849593536,5181,5675,0.9923627111138786,0.9391447368421052,0.980618165742988,0.8977987421383647,0.9844827586206896,0.9863589534427022,0.9224555735056544,0.9604088319812124,0.8651515151515151,0.9878892733564014
BERTopic_topic_10,1.0,similarity,"All (Unweighted Clustering, No Square Clustering)",xgboost,99.71012849593536,5181,5675,0.9929229715424372,0.9527687296416938,0.9827048297615272,0.9198113207547168,0.9881756756756755,0.9877864890177952,0.9222133119486768,0.9603160309960502,0.8712121212121212,0.979557069846678
BERTopic_topic_10,1.0,similarity,"All but Betweenness and Harmonic (Unweighted Clustering, No Square Clustering)",logistic_regression,99.71012849593536,5181,5675,0.9271440037085472,0.8553459119496856,0.8769854567883769,0.7484276729559748,0.9979035639412998,0.9192110033535756,0.836555360281195,0.8547524708339417,0.7212121212121212,0.99581589958159
BERTopic_topic_10,1.0,similarity,"All but Betweenness and Harmonic (Unweighted Clustering, No Square Clustering)",random_forest,99.71012849593536,5181,5675,0.9938001190056112,0.939344262295082,0.9812943571583692,0.9009433962264152,0.9811643835616438,0.9870988549503006,0.9222042139384116,0.9609350242927208,0.8621212121212121,0.9912891986062716
BERTopic_topic_10,1.0,similarity,"All but Betweenness and Harmonic (Unweighted Clustering, No Square Clustering)",xgboost,99.71012849593536,5181,5675,0.9916419314887464,0.952922077922078,0.9819790208000526,0.9229559748427671,0.9848993288590604,0.98722333000997,0.9209896249002394,0.960141159679768,0.8742424242424243,0.9730185497470488
BERTopic_topic_10,1.0,similarity,Core Number Only,logistic_regression,99.71012849593536,5181,5675,0.9192823684884212,0.848868778280543,0.8659432243347766,0.7374213836477987,1.0,0.8926713797999938,0.8245770258236865,0.838146471960185,0.7015151515151515,1.0
BERTopic_topic_10,1.0,similarity,Core Number Only,random_forest,99.71012849593536,5181,5675,0.9438698272342956,0.8647686832740213,0.8938350262936201,0.7641509433962265,0.9959016393442623,0.9303232726064232,0.8459530026109661,0.8541011281302324,0.7363636363636363,0.9938650306748468
BERTopic_topic_10,1.0,similarity,Core Number Only,xgboost,99.71012849593536,5181,5675,0.9467385889532348,0.8647686832740213,0.8943532739894454,0.7641509433962265,0.9959016393442623,0.932562464122783,0.8459530026109661,0.8549626049420488,0.7363636363636363,0.9938650306748468
BERTopic_topic_10,1.0,similarity+interactions,"All (Unweighted Clustering, No Square Clustering)",logistic_regression,97.03134918399157,5181,5675,0.9509174502355896,0.8207885304659498,0.8805526875694618,0.720125786163522,0.9541666666666668,0.9367701441131152,0.8147497805092186,0.8584145947542712,0.703030303030303,0.9686847599164928
BERTopic_topic_10,1.0,similarity+interactions,"All (Unweighted Clustering, No Square Clustering)",random_forest,97.03134918399157,5181,5675,0.994816509952882,0.9322314049586776,0.9801873571562936,0.8867924528301887,0.9825783972125436,0.9883561436901416,0.9070146818923328,0.96140986552977,0.8424242424242424,0.9823321554770318
BERTopic_topic_10,1.0,similarity+interactions,"All (Unweighted Clustering, No Square Clustering)",xgboost,97.03134918399157,5181,5675,0.9932332855927102,0.9401294498381876,0.9801330714977806,0.9135220125786164,0.9683333333333334,0.9878469138040424,0.9274900398406376,0.9583146465507836,0.8818181818181818,0.9781512605042016
BERTopic_topic_10,1.0,similarity+interactions,"All but Betweenness and Harmonic (Unweighted Clustering, No Square Clustering)",logistic_regression,97.03134918399157,5181,5675,0.9469463298531112,0.8293118856121537,0.88153020428835,0.7295597484276729,0.9606625258799172,0.9361093990755008,0.8154657293497364,0.8581982993132408,0.703030303030303,0.9707112970711296
BERTopic_topic_10,1.0,similarity+interactions,"All but Betweenness and Harmonic (Unweighted Clustering, No Square Clustering)",random_forest,97.03134918399157,5181,5675,0.9926330683382802,0.9299258037922506,0.9796186079258484,0.8867924528301887,0.977469670710572,0.9888014743647844,0.9090909090909092,0.96204616569809,0.8484848484848485,0.9790209790209792
BERTopic_topic_10,1.0,similarity+interactions,"All but Betweenness and Harmonic (Unweighted Clustering, No Square Clustering)",xgboost,97.03134918399157,5181,5675,0.99310493942476,0.941747572815534,0.9792784465082602,0.9150943396226416,0.97,0.9875293815523128,0.92442322991249,0.9574327887982684,0.8803030303030303,0.9731993299832497
BERTopic_topic_10,1.0,similarity+interactions,Core Number Only,logistic_regression,97.03134918399157,5181,5675,0.9179112093599296,0.8444846292947559,0.8629592686421691,0.7342767295597484,0.9936170212765958,0.8917307169400888,0.822380106571936,0.8353735590575123,0.7015151515151515,0.9935622317596566
BERTopic_topic_10,1.0,similarity+interactions,Core Number Only,random_forest,97.03134918399157,5181,5675,0.9413575634292988,0.8606921029281278,0.8808476376333496,0.7625786163522013,0.9877800407331976,0.9222873802833922,0.8427454387489139,0.841229982117473,0.7348484848484849,0.9877800407331976
BERTopic_topic_10,1.0,similarity+interactions,Core Number Only,xgboost,97.03134918399157,5181,5675,0.9430018473545468,0.8606921029281278,0.8832831184189583,0.7625786163522013,0.9877800407331976,0.9247939514788966,0.8447528187337381,0.8425553961381531,0.7378787878787879,0.9878296146044624
BERTopic_topic_10,1.0,similarity+text_similarity,"All (Unweighted Clustering, No Square Clustering)",logistic_regression,247.74151294492185,5181,5675,0.9728027205236248,0.9384359400998336,0.951082285713298,0.8867924528301887,0.9964664310954064,0.9574511314541224,0.9200652528548124,0.9238212184001348,0.8545454545454545,0.9964664310954064
BERTopic_topic_10,1.0,similarity+text_similarity,"All (Unweighted Clustering, No Square Clustering)",random_forest,247.74151294492185,5181,5675,0.9972312168323751,0.9760383386581468,0.9923323175816614,0.960691823899371,0.9918831168831168,0.9941567721079186,0.9591836734693876,0.9767198286017518,0.9257575757575758,0.995114006514658
BERTopic_topic_10,1.0,similarity+text_similarity,"All (Unweighted Clustering, No Square Clustering)",xgboost,247.74151294492185,5181,5675,0.996280728701801,0.97444089456869,0.9921256415155498,0.959119496855346,0.9902597402597404,0.9917639505725248,0.9546165884194052,0.9729959650990276,0.9242424242424242,0.9870550161812298
BERTopic_topic_10,1.0,similarity+text_similarity,"All but Betweenness and Harmonic (Unweighted Clustering, No Square Clustering)",logistic_regression,247.74151294492185,5181,5675,0.9837450097210978,0.94641384995878,0.96310170592759,0.9025157232704404,0.9948006932409011,0.962276352759902,0.9218241042345277,0.9290510544985812,0.8575757575757575,0.9964788732394366
BERTopic_topic_10,1.0,similarity+text_similarity,"All but Betweenness and Harmonic (Unweighted Clustering, No Square Clustering)",random_forest,247.74151294492185,5181,5675,0.997433422587542,0.9792332268370608,0.9928795078670652,0.9638364779874212,0.99512987012987,0.9946114686244296,0.959937156323645,0.9779033497437192,0.9257575757575758,0.99673735725938
BERTopic_topic_10,1.0,similarity+text_similarity,"All but Betweenness and Harmonic (Unweighted Clustering, No Square Clustering)",xgboost,247.74151294492185,5181,5675,0.9963308909507302,0.9720670391061452,0.9918384819503824,0.9575471698113208,0.987034035656402,0.9919657693585908,0.9569303054032888,0.9731518920177308,0.9257575757575758,0.9902755267423016
BERTopic_topic_10,1.0,similarity+text_similarity,Core Number Only,logistic_regression,247.74151294492185,5181,5675,0.9740991551985388,0.9478908188585607,0.956199548938244,0.9009433962264152,1.0,0.9420103326384482,0.9242053789731052,0.9252871630722098,0.8590909090909091,1.0
BERTopic_topic_10,1.0,similarity+text_similarity,Core Number Only,random_forest,247.74151294492185,5181,5675,0.962991676526143,0.9517579721995094,0.9424883275794914,0.9150943396226416,0.9914821124361158,0.955737333454183,0.9357945425361156,0.9262952823600004,0.8833333333333333,0.9948805460750854
BERTopic_topic_10,1.0,similarity+text_similarity,Core Number Only,xgboost,247.74151294492185,5181,5675,0.9706248140537326,0.9526143790849672,0.9483475579003248,0.9166666666666666,0.9914965986394558,0.961102148101151,0.9373996789727128,0.9300006276225182,0.8848484848484849,0.9965870307167236
BERTopic_topic_10,1.0,similarity+text_similarity+interactions,"All (Unweighted Clustering, No Square Clustering)",logistic_regression,263.1392628699541,5181,5675,0.9670451321861746,0.9418604651162792,0.9461946250574051,0.8915094339622641,0.9982394366197184,0.9606714704371734,0.9225753871230644,0.9274926607098132,0.8575757575757575,0.9982363315696648
BERTopic_topic_10,1.0,similarity+text_similarity+interactions,"All (Unweighted Clustering, No Square Clustering)",random_forest,263.1392628699541,5181,5675,0.9980040614124306,0.9792,0.992939000470164,0.9622641509433962,0.996742671009772,0.9940140185504094,0.959937156323645,0.9765610245618924,0.9257575757575758,0.99673735725938
BERTopic_topic_10,1.0,similarity+text_similarity+interactions,"All (Unweighted Clustering, No Square Clustering)",xgboost,263.1392628699541,5181,5675,0.995879084763822,0.9760765550239234,0.9916320769226687,0.9622641509433962,0.9902912621359224,0.991280703344512,0.956043956043956,0.9733121080400992,0.9227272727272728,0.99185667752443
BERTopic_topic_10,1.0,similarity+text_similarity+interactions,"All but Betweenness and Harmonic (Unweighted Clustering, No Square Clustering)",logistic_regression,263.1392628699541,5181,5675,0.9781638541212612,0.9455445544554456,0.9573799457590914,0.9009433962264152,0.9947916666666666,0.9615279917822293,0.9243287225386492,0.9278288772295896,0.8606060606060606,0.9982425307557118
BERTopic_topic_10,1.0,similarity+text_similarity+interactions,"All but Betweenness and Harmonic (Unweighted Clustering, No Square Clustering)",random_forest,263.1392628699541,5181,5675,0.9973483197376342,0.9808306709265175,0.9926366458500396,0.9654088050314464,0.9967532467532468,0.992631801565002,0.9583660644147682,0.9751104751191702,0.9242424242424242,0.99510603588907
BERTopic_topic_10,1.0,similarity+text_similarity+interactions,"All but Betweenness and Harmonic (Unweighted Clustering, No Square Clustering)",xgboost,263.1392628699541,5181,5675,0.9957919062346484,0.9760765550239234,0.9917232277799016,0.9622641509433962,0.9902912621359224,0.9911261669536844,0.9552941176470588,0.9736162987287436,0.9227272727272728,0.9902439024390244
BERTopic_topic_10,1.0,similarity+text_similarity+interactions,Core Number Only,logistic_regression,263.1392628699541,5181,5675,0.9738179006579905,0.946236559139785,0.9560439529236684,0.89937106918239,0.9982547993019196,0.9417712015468744,0.9233278955954324,0.9251480121844076,0.8575757575757575,1.0
BERTopic_topic_10,1.0,similarity+text_similarity+interactions,Core Number Only,random_forest,263.1392628699541,5181,5675,0.9667038559201828,0.9509803921568628,0.9429203735297208,0.9150943396226416,0.9897959183673468,0.959508142239947,0.9341894060995184,0.9271886894513236,0.8818181818181818,0.9931740614334472
BERTopic_topic_10,1.0,similarity+text_similarity+interactions,Core Number Only,xgboost,263.1392628699541,5181,5675,0.9733233700728564,0.9509803921568628,0.9469218963414968,0.9150943396226416,0.9897959183673468,0.9632806127073326,0.9357945425361156,0.9286692588717826,0.8833333333333333,0.9948805460750854
BERTopic_topic_10,1.0,text_similarity,"All (Unweighted Clustering, No Square Clustering)",logistic_regression,243.03905958402905,5181,5675,0.980675080086625,0.939217318900916,0.9530140753093372,0.8867924528301887,0.9982300884955752,0.9705527357321972,0.9191836734693878,0.9286235135381042,0.853030303030303,0.9964601769911504
BERTopic_topic_10,1.0,text_similarity,"All (Unweighted Clustering, No Square Clustering)",random_forest,243.03905958402905,5181,5675,0.9943583037549036,0.976781425140112,0.988991337050242,0.959119496855346,0.99510603588907,0.9909405117979396,0.95748031496063,0.9737410469834922,0.9212121212121211,0.99672131147541
BERTopic_topic_10,1.0,text_similarity,"All (Unweighted Clustering, No Square Clustering)",xgboost,243.03905958402905,5181,5675,0.9943110820516012,0.9743589743589745,0.9880595519116492,0.9559748427672956,0.9934640522875816,0.9902404906492644,0.9561128526645768,0.9719523467454626,0.9242424242424242,0.9902597402597404
BERTopic_topic_10,1.0,text_similarity,"All but Betweenness and Harmonic (Unweighted Clustering, No Square Clustering)",logistic_regression,243.03905958402905,5181,5675,0.9834966201022618,0.9428334714167356,0.9603353921638628,0.8946540880503144,0.9964973730297724,0.9739912081936009,0.9234527687296415,0.9342083574234954,0.8590909090909091,0.9982394366197184
BERTopic_topic_10,1.0,text_similarity,"All but Betweenness and Harmonic (Unweighted Clustering, No Square Clustering)",random_forest,243.03905958402905,5181,5675,0.9940128761303804,0.9792332268370608,0.9890578464449988,0.9638364779874212,0.99512987012987,0.9893862352336928,0.959119496855346,0.9721584030305962,0.9242424242424242,0.9967320261437908
BERTopic_topic_10,1.0,text_similarity,"All but Betweenness and Harmonic (Unweighted Clustering, No Square Clustering)",xgboost,243.03905958402905,5181,5675,0.9944824985643216,0.9735788630904724,0.9881275507723662,0.9559748427672956,0.9918433931484504,0.9903581679204808,0.9567949725058916,0.9715038093120832,0.9227272727272728,0.9934747145187602
BERTopic_topic_10,1.0,text_similarity,Core Number Only,logistic_regression,243.03905958402905,5181,5675,0.97353889476998,0.9461474730737366,0.9552036619422696,0.8977987421383647,1.0,0.9419266443094956,0.9215686274509804,0.9244937902284276,0.8545454545454545,1.0
BERTopic_topic_10,1.0,text_similarity,Core Number Only,random_forest,243.03905958402905,5181,5675,0.956830022624904,0.954248366013072,0.9390974639689956,0.9182389937106918,0.9931972789115646,0.9515474787757938,0.9366479550922212,0.92145822001364,0.8848484848484849,0.9948892674616696
BERTopic_topic_10,1.0,text_similarity,Core Number Only,xgboost,243.03905958402905,5181,5675,0.965220091191509,0.954248366013072,0.9474416125794946,0.9182389937106918,0.9931972789115646,0.9552324843650868,0.9366479550922212,0.9251423437447472,0.8848484848484849,0.9948892674616696
BERTopic_topic_10,1.0,text_similarity+interactions,"All (Unweighted Clustering, No Square Clustering)",logistic_regression,259.6228356212377,5181,5675,0.9648480256830716,0.9384359400998336,0.9461573719240602,0.8867924528301887,0.9964664310954064,0.95578673071694,0.9172809172809172,0.9238601841437885,0.8484848484848485,0.998217468805704
BERTopic_topic_10,1.0,text_similarity+interactions,"All (Unweighted Clustering, No Square Clustering)",random_forest,259.6228356212377,5181,5675,0.9946463042530668,0.9751801441152922,0.9898310368401352,0.9575471698113208,0.9934747145187602,0.9910628719900902,0.956726986624705,0.9737268832617416,0.9212121212121211,0.995090016366612
BERTopic_topic_10,1.0,text_similarity+interactions,"All (Unweighted Clustering, No Square Clustering)",xgboost,259.6228356212377,5181,5675,0.9939220651624908,0.9752198241406874,0.9880249094334992,0.959119496855346,0.991869918699187,0.9900623885918004,0.9568627450980391,0.9704106923861398,0.9242424242424242,0.991869918699187
BERTopic_topic_10,1.0,text_similarity+interactions,"All but Betweenness and Harmonic (Unweighted Clustering, No Square Clustering)",logistic_regression,259.6228356212377,5181,5675,0.977442209629768,0.943801652892562,0.9576466752985556,0.8977987421383647,0.9947735191637632,0.9553652678328652,0.9199346405228758,0.9243788906571,0.853030303030303,0.99822695035461
BERTopic_topic_10,1.0,text_similarity+interactions,"All but Betweenness and Harmonic (Unweighted Clustering, No Square Clustering)",random_forest,259.6228356212377,5181,5675,0.9948374397188148,0.977635782747604,0.9900060057412052,0.9622641509433962,0.9935064935064936,0.9915385661198224,0.9575471698113208,0.9734814892558724,0.9227272727272728,0.9950980392156864
BERTopic_topic_10,1.0,text_similarity+interactions,"All but Betweenness and Harmonic (Unweighted Clustering, No Square Clustering)",xgboost,259.6228356212377,5181,5675,0.9940346707626736,0.9751801441152922,0.9874426493690072,0.9575471698113208,0.9934747145187602,0.9895527055198042,0.9544025157232704,0.9701676800497931,0.9196969696969696,0.9918300653594772
BERTopic_topic_10,1.0,text_similarity+interactions,Core Number Only,logistic_regression,259.6228356212377,5181,5675,0.9733031322000124,0.945364238410596,0.95513053675723,0.8977987421383647,0.9982517482517482,0.9416965769358592,0.9208163265306124,0.9244005353983517,0.8545454545454545,0.9982300884955752
BERTopic_topic_10,1.0,text_similarity+interactions,Core Number Only,random_forest,259.6228356212377,5181,5675,0.9658168489804954,0.9517579721995094,0.9445535375816434,0.9150943396226416,0.9914821124361158,0.9556682981358954,0.9341894060995184,0.9220991798144804,0.8818181818181818,0.9931740614334472
BERTopic_topic_10,1.0,text_similarity+interactions,Core Number Only,xgboost,259.6228356212377,5181,5675,0.9686894161114225,0.9509001636661212,0.9470213734198162,0.9135220125786164,0.9914675767918087,0.958792108522916,0.9333333333333332,0.9211823630602212,0.8803030303030303,0.9931623931623932
BERTopic_topic_10,5.0,interactions,"All (Unweighted Clustering, No Square Clustering)",logistic_regression,6.805430994834751,5638,5675,0.8584435004455512,0.5868498527968596,0.6693587059346017,0.4544072948328267,0.8282548476454293,0.8583549351944167,0.5870841487279843,0.6698431330101107,0.4545454545454545,0.8287292817679558
BERTopic_topic_10,5.0,interactions,"All (Unweighted Clustering, No Square Clustering)",random_forest,6.805430994834751,5638,5675,0.9139753543047572,0.7890556045895851,0.8293979619307073,0.6793313069908815,0.9410526315789474,0.9086697483307652,0.7968197879858657,0.8285446343461732,0.6833333333333333,0.9555084745762712
BERTopic_topic_10,5.0,interactions,"All (Unweighted Clustering, No Square Clustering)",xgboost,6.805430994834751,5638,5675,0.911377729764041,0.7986289631533847,0.8340585853519803,0.7082066869300911,0.9155206286836935,0.910516027674552,0.8102564102564103,0.8339765565409173,0.7181818181818181,0.9294117647058824
BERTopic_topic_10,5.0,interactions,"All but Betweenness and Harmonic (Unweighted Clustering, No Square Clustering)",logistic_regression,6.805430994834751,5638,5675,0.8568395161191881,0.603515625,0.6723645435338461,0.4696048632218845,0.8442622950819673,0.8565150004531858,0.599609375,0.6705381316944325,0.4651515151515151,0.8434065934065934
BERTopic_topic_10,5.0,interactions,"All but Betweenness and Harmonic (Unweighted Clustering, No Square Clustering)",random_forest,6.805430994834751,5638,5675,0.914390846059008,0.7925860547219771,0.8298200319385087,0.682370820668693,0.9452631578947368,0.9164420375237924,0.8027923211169284,0.829624158920047,0.696969696969697,0.9465020576131687
BERTopic_topic_10,5.0,interactions,"All but Betweenness and Harmonic (Unweighted Clustering, No Square Clustering)",xgboost,6.805430994834751,5638,5675,0.9096281783669634,0.8079242032730405,0.8325995208321678,0.7127659574468085,0.9324055666003976,0.912806731321188,0.8132427843803056,0.8380581500364522,0.7257575757575757,0.9247104247104247
BERTopic_topic_10,5.0,interactions,Core Number Only,logistic_regression,6.805430994834751,5638,5675,0.8180735098448506,0.4634920634920635,0.5405215059066839,0.3328267477203647,0.7630662020905923,0.8141838121997642,0.4625131995776135,0.5393965068789891,0.3318181818181818,0.7630662020905923
BERTopic_topic_10,5.0,interactions,Core Number Only,random_forest,6.805430994834751,5638,5675,0.8101756570354366,0.4324917672886937,0.5284926673801934,0.2993920972644377,0.7786561264822134,0.8124904075651832,0.4523043944265809,0.5214312101916956,0.3196969696969697,0.7728937728937729
BERTopic_topic_10,5.0,interactions,Core Number Only,xgboost,6.805430994834751,5638,5675,0.8101344588078758,0.4166666666666667,0.5298256909436548,0.2811550151975684,0.8043478260869565,0.8124453910994291,0.4306326304106548,0.522025613049609,0.2939393939393939,0.8049792531120332
BERTopic_topic_10,5.0,similarity,"All (Unweighted Clustering, No Square Clustering)",logistic_regression,97.16228984715416,5638,5675,0.9238458392841884,0.8173758865248227,0.8399799156730907,0.7006079027355623,0.9808510638297872,0.9209341671953836,0.8116710875331565,0.8378672896668918,0.6954545454545454,0.9745222929936306
BERTopic_topic_10,5.0,similarity,"All (Unweighted Clustering, No Square Clustering)",random_forest,97.16228984715416,5638,5675,0.9900449823610552,0.9185303514376996,0.9713367851721132,0.8738601823708206,0.968013468013468,0.992948427444938,0.9178743961352656,0.9759738766940448,0.8636363636363636,0.979381443298969
BERTopic_topic_10,5.0,similarity,"All (Unweighted Clustering, No Square Clustering)",xgboost,97.16228984715416,5638,5675,0.991385603203086,0.9364705882352942,0.97777519218279,0.9072948328267476,0.9675850891410048,0.9916746729508444,0.934065934065934,0.975203324642328,0.9015151515151516,0.969055374592834
BERTopic_topic_10,5.0,similarity,"All but Betweenness and Harmonic (Unweighted Clustering, No Square Clustering)",logistic_regression,97.16228984715416,5638,5675,0.924176035448786,0.8181011535048802,0.8426601749559234,0.7006079027355623,0.9829424307036247,0.9222574700142,0.8162544169611308,0.840175259554958,0.7,0.9788135593220338
BERTopic_topic_10,5.0,similarity,"All but Betweenness and Harmonic (Unweighted Clustering, No Square Clustering)",random_forest,97.16228984715416,5638,5675,0.9893479693851394,0.9186602870813396,0.9730586754959928,0.8753799392097265,0.9664429530201344,0.9920712106105924,0.9204819277108434,0.9738931130286496,0.8681818181818182,0.9794871794871794
BERTopic_topic_10,5.0,similarity,"All but Betweenness and Harmonic (Unweighted Clustering, No Square Clustering)",xgboost,97.16228984715416,5638,5675,0.9906626506024095,0.9350039154267816,0.9766654349429088,0.9072948328267476,0.9644588045234248,0.9899836853077132,0.9320695102685624,0.9737924318338408,0.8939393939393939,0.9735973597359736
BERTopic_topic_10,5.0,similarity,Core Number Only,logistic_regression,97.16228984715416,5638,5675,0.8954788759902833,0.8260481712756468,0.8375653457617815,0.7036474164133738,1.0,0.8932152028762198,0.8235294117647058,0.8351751275681168,0.7,1.0
BERTopic_topic_10,5.0,similarity,Core Number Only,random_forest,97.16228984715416,5638,5675,0.9351843544390328,0.8461538461538461,0.877960342019014,0.7355623100303952,0.9958847736625516,0.935185201969848,0.8456843940714909,0.8730245458170213,0.7348484848484849,0.995893223819302
BERTopic_topic_10,5.0,similarity,Core Number Only,xgboost,97.16228984715416,5638,5675,0.9381190415156064,0.8461538461538461,0.8785767911145936,0.7355623100303952,0.9958847736625516,0.9381784948185744,0.845414847161572,0.8734801811974212,0.7333333333333333,0.9979381443298968
BERTopic_topic_10,5.0,similarity+interactions,"All (Unweighted Clustering, No Square Clustering)",logistic_regression,108.9011668972671,5638,5675,0.921762429657841,0.8174532502226179,0.8534481925546884,0.6975683890577508,0.9870967741935484,0.9226855796247622,0.8201948627103631,0.8508122036896685,0.7015151515151515,0.9872068230277186
BERTopic_topic_10,5.0,similarity+interactions,"All (Unweighted Clustering, No Square Clustering)",random_forest,108.9011668972671,5638,5675,0.9914640324214792,0.919047619047619,0.975566164837974,0.8799392097264438,0.9617940199335548,0.9919160699719024,0.9222133119486768,0.975396933843211,0.8712121212121212,0.979557069846678
BERTopic_topic_10,5.0,similarity+interactions,"All (Unweighted Clustering, No Square Clustering)",xgboost,108.9011668972671,5638,5675,0.9934717593779372,0.9381362568519968,0.9781946300489088,0.9103343465045592,0.9676898222940228,0.9928432883168676,0.9338582677165356,0.9772846304880352,0.8984848484848484,0.9721311475409836
BERTopic_topic_10,5.0,similarity+interactions,"All but Betweenness and Harmonic (Unweighted Clustering, No Square Clustering)",logistic_regression,108.9011668972671,5638,5675,0.9202582365937916,0.8195555555555556,0.8545947036010079,0.7006079027355623,0.987152034261242,0.920933562947521,0.8181011535048802,0.8540703346116738,0.6984848484848485,0.987152034261242
BERTopic_topic_10,5.0,similarity+interactions,"All but Betweenness and Harmonic (Unweighted Clustering, No Square Clustering)",random_forest,108.9011668972671,5638,5675,0.9915159116710002,0.9256329113924052,0.9754811157064192,0.8890577507598785,0.9653465346534652,0.9913199794555726,0.9204819277108434,0.9749603972000812,0.8681818181818182,0.9794871794871794
BERTopic_topic_10,5.0,similarity+interactions,"All but Betweenness and Harmonic (Unweighted Clustering, No Square Clustering)",xgboost,108.9011668972671,5638,5675,0.9924808657120884,0.934375,0.9767631729866834,0.9088145896656536,0.9614147909967846,0.9919976434333364,0.9307086614173228,0.9752076384112188,0.8954545454545455,0.9688524590163936
BERTopic_topic_10,5.0,similarity+interactions,Core Number Only,logistic_regression,108.9011668972671,5638,5675,0.894526281417463,0.8193202146690519,0.8353378440066267,0.6960486322188449,0.9956521739130436,0.8922653252364119,0.8181818181818182,0.8327419083063303,0.6954545454545454,0.9935064935064936
BERTopic_topic_10,5.0,similarity+interactions,Core Number Only,random_forest,108.9011668972671,5638,5675,0.9341931556011278,0.8432055749128919,0.8719618180503219,0.7355623100303952,0.9877551020408164,0.9322885887791172,0.8407310704960835,0.8655541169550062,0.7318181818181818,0.9877300613496932
BERTopic_topic_10,5.0,similarity+interactions,Core Number Only,xgboost,108.9011668972671,5638,5675,0.936312575530084,0.8442123585726719,0.8739406655623696,0.7370820668693009,0.9877800407331976,0.9357441312426358,0.8417391304347827,0.8669587357786678,0.7333333333333333,0.9877551020408164
BERTopic_topic_10,5.0,similarity+text_similarity,"All (Unweighted Clustering, No Square Clustering)",logistic_regression,259.8236100189388,5638,5675,0.9730169919800784,0.932258064516129,0.9490775749101598,0.878419452887538,0.993127147766323,0.971598839844104,0.918918918918919,0.9454129645843452,0.8757575757575757,0.9665551839464884
BERTopic_topic_10,5.0,similarity+text_similarity,"All (Unweighted Clustering, No Square Clustering)",random_forest,259.8236100189388,5638,5675,0.9959216806435468,0.9674418604651164,0.9884433902753808,0.9483282674772036,0.9873417721518988,0.9930946554276564,0.9728892331525948,0.984265623811222,0.9515151515151516,0.9952456418383518
BERTopic_topic_10,5.0,similarity+text_similarity,"All (Unweighted Clustering, No Square Clustering)",xgboost,259.8236100189388,5638,5675,0.9953214072093848,0.9667953667953668,0.9890197464218304,0.9513677811550152,0.9827315541601256,0.9958476086890844,0.9658914728682172,0.9881017450238556,0.943939393939394,0.9888888888888888
BERTopic_topic_10,5.0,similarity+text_similarity,"All but Betweenness and Harmonic (Unweighted Clustering, No Square Clustering)",logistic_regression,259.8236100189388,5638,5675,0.9779894654606268,0.9373996789727128,0.9574800471412264,0.8875379939209727,0.9931972789115646,0.9768594217347956,0.938449240607514,0.955958908777384,0.8893939393939394,0.9932318104906938
BERTopic_topic_10,5.0,similarity+text_similarity,"All but Betweenness and Harmonic (Unweighted Clustering, No Square Clustering)",random_forest,259.8236100189388,5638,5675,0.9958621720926256,0.9690880989180836,0.9881654508468206,0.952887537993921,0.9858490566037736,0.9948223511284328,0.9705882352941176,0.9859547789773342,0.95,0.9920886075949368
BERTopic_topic_10,5.0,similarity+text_similarity,"All but Betweenness and Harmonic (Unweighted Clustering, No Square Clustering)",xgboost,259.8236100189388,5638,5675,0.995699515386775,0.9691358024691358,0.9896433849583472,0.9544072948328268,0.9843260188087776,0.9954809812985286,0.9659442724458204,0.9878330522835272,0.9454545454545454,0.9873417721518988
BERTopic_topic_10,5.0,similarity+text_similarity,Core Number Only,logistic_regression,259.8236100189388,5638,5675,0.9616914466376144,0.934412955465587,0.9393755553380334,0.8768996960486323,1.0,0.9587499622345086,0.931174089068826,0.937077793824795,0.8712121212121212,1.0
BERTopic_topic_10,5.0,similarity+text_similarity,Core Number Only,random_forest,259.8236100189388,5638,5675,0.946698038354024,0.9400479616306956,0.9259614384123788,0.8936170212765957,0.9915682967959528,0.9469639566150037,0.9363057324840764,0.923025804150037,0.8909090909090909,0.9865771812080536
BERTopic_topic_10,5.0,similarity+text_similarity,Core Number Only,xgboost,259.8236100189388,5638,5675,0.9547869288704972,0.9416466826538769,0.9306095736377084,0.8951367781155015,0.9932546374367622,0.9553536360615124,0.9378980891719744,0.9300966683413406,0.8924242424242425,0.988255033557047
BERTopic_topic_10,5.0,similarity+text_similarity+interactions,"All (Unweighted Clustering, No Square Clustering)",logistic_regression,280.62496554479003,5638,5675,0.9679016979773196,0.8970358814352574,0.9428894090924088,0.8738601823708206,0.9214743589743588,0.9668316263331218,0.9,0.9394424509751332,0.8727272727272727,0.9290322580645162
BERTopic_topic_10,5.0,similarity+text_similarity+interactions,"All (Unweighted Clustering, No Square Clustering)",random_forest,280.62496554479003,5638,5675,0.996344191355086,0.9689922480620154,0.988119975132376,0.9498480243161094,0.9889240506329114,0.9959297863983806,0.969743987587277,0.9865716501769708,0.946969696969697,0.9936406995230525
BERTopic_topic_10,5.0,similarity+text_similarity+interactions,"All (Unweighted Clustering, No Square Clustering)",xgboost,280.62496554479003,5638,5675,0.9948601396467328,0.9658914728682172,0.987395438943674,0.946808510638298,0.985759493670886,0.9950832351430556,0.9666924864446166,0.9861041790803752,0.9454545454545454,0.9889064976228208
BERTopic_topic_10,5.0,similarity+text_similarity+interactions,"All but Betweenness and Harmonic (Unweighted Clustering, No Square Clustering)",logistic_regression,280.62496554479003,5638,5675,0.9743966748452776,0.942215088282504,0.954132776255356,0.89209726443769,0.9982993197278912,0.9749651046859422,0.9399519615692554,0.9541991324085204,0.8893939393939394,0.99660441426146
BERTopic_topic_10,5.0,similarity+text_similarity+interactions,"All but Betweenness and Harmonic (Unweighted Clustering, No Square Clustering)",random_forest,280.62496554479003,5638,5675,0.9944164194773012,0.968895800933126,0.9870491837657952,0.946808510638298,0.9920382165605096,0.9938907519864648,0.9682907965970612,0.9847959127923236,0.9484848484848484,0.9889415481832544
BERTopic_topic_10,5.0,similarity+text_similarity+interactions,"All but Betweenness and Harmonic (Unweighted Clustering, No Square Clustering)",xgboost,280.62496554479003,5638,5675,0.9950290523797316,0.9674418604651164,0.9876497584804246,0.9483282674772036,0.9873417721518988,0.9952633010060729,0.9674418604651164,0.986577984953564,0.9454545454545454,0.9904761904761904
BERTopic_topic_10,5.0,similarity+text_similarity+interactions,Core Number Only,logistic_regression,280.62496554479003,5638,5675,0.961438001245102,0.9319286871961102,0.9392385972357692,0.8738601823708206,0.9982638888888888,0.9584797123780175,0.93042071197411,0.936922265749862,0.8712121212121212,0.9982638888888888
BERTopic_topic_10,5.0,similarity+text_similarity+interactions,Core Number Only,random_forest,280.62496554479003,5638,5675,0.9531411359724612,0.939297124600639,0.9297943504854436,0.8936170212765957,0.98989898989899,0.9506130094564792,0.935560859188544,0.9237807302298988,0.8909090909090909,0.984924623115578
BERTopic_topic_10,5.0,similarity+text_similarity+interactions,Core Number Only,xgboost,280.62496554479003,5638,5675,0.9577988244772404,0.9408945686900958,0.9307929755531432,0.8951367781155015,0.9915824915824916,0.9570032327260644,0.9337589784517158,0.9281618454223988,0.8863636363636364,0.9865092748735244
BERTopic_topic_10,5.0,text_similarity,"All (Unweighted Clustering, No Square Clustering)",logistic_regression,264.49217011081055,5638,5675,0.947930628288229,0.918032786885246,0.9239471326736952,0.851063829787234,0.99644128113879,0.9454397413819148,0.9172809172809172,0.9206561370166542,0.8484848484848485,0.998217468805704
BERTopic_topic_10,5.0,text_similarity,"All (Unweighted Clustering, No Square Clustering)",random_forest,264.49217011081055,5638,5675,0.9908851210312376,0.9657853810264384,0.9824351575169568,0.9437689969604864,0.9888535031847132,0.9914657542523944,0.9705882352941176,0.982513586381025,0.95,0.9920886075949368
BERTopic_topic_10,5.0,text_similarity,"All (Unweighted Clustering, No Square Clustering)",xgboost,264.49217011081055,5638,5675,0.9943857496856726,0.9674922600619196,0.9866076224514227,0.9498480243161094,0.9858044164037856,0.9934481404272032,0.9699306090979184,0.983990570893281,0.953030303030303,0.9874411302982732
BERTopic_topic_10,5.0,text_similarity,"All but Betweenness and Harmonic (Unweighted Clustering, No Square Clustering)",logistic_regression,264.49217011081055,5638,5675,0.973470477655302,0.9353796445880452,0.9472575196670264,0.8799392097264438,0.9982758620689656,0.9669524759056164,0.9277010560519904,0.942357793235694,0.8651515151515151,1.0
BERTopic_topic_10,5.0,text_similarity,"All but Betweenness and Harmonic (Unweighted Clustering, No Square Clustering)",random_forest,264.49217011081055,5638,5675,0.9951212143406452,0.9642857142857144,0.9850247611209906,0.9437689969604864,0.9857142857142858,0.9925079307531948,0.9699306090979184,0.9839037584190254,0.953030303030303,0.9874411302982732
BERTopic_topic_10,5.0,text_similarity,"All but Betweenness and Harmonic (Unweighted Clustering, No Square Clustering)",xgboost,264.49217011081055,5638,5675,0.9943656083299764,0.9682907965970612,0.9860276186725848,0.9513677811550152,0.9858267716535432,0.9936614399226564,0.970679012345679,0.98453495321082,0.953030303030303,0.9889937106918238
BERTopic_topic_10,5.0,text_similarity,Core Number Only,logistic_regression,264.49217011081055,5638,5675,0.961431440045898,0.9318181818181818,0.9384354939048308,0.8723404255319149,1.0,0.9585313755702588,0.931174089068826,0.9360848550851134,0.8712121212121212,1.0
BERTopic_topic_10,5.0,text_similarity,Core Number Only,random_forest,264.49217011081055,5638,5675,0.948465747488434,0.9408,0.9273765854322856,0.8936170212765957,0.9932432432432432,0.947794797425904,0.9418326693227091,0.9222060195209342,0.8954545454545455,0.9932773109243698
BERTopic_topic_10,5.0,text_similarity,Core Number Only,xgboost,264.49217011081055,5638,5675,0.954376167283114,0.9408,0.9325617782128308,0.8936170212765957,0.9932432432432432,0.9536035831898244,0.9394904458598726,0.9277902958726976,0.8939393939393939,0.9899328859060402
BERTopic_topic_10,5.0,text_similarity+interactions,"All (Unweighted Clustering, No Square Clustering)",logistic_regression,256.1138519886881,5638,5675,0.95448419819094,0.9227013832384052,0.929578619139373,0.8617021276595744,0.9929947460595446,0.9502583159612074,0.9163934426229507,0.924655704373172,0.8469696969696969,0.9982142857142856
BERTopic_topic_10,5.0,text_similarity+interactions,"All (Unweighted Clustering, No Square Clustering)",random_forest,256.1138519886881,5638,5675,0.9960896778603776,0.9601250977326036,0.987193612790713,0.933130699088146,0.9887278582930756,0.993335448200852,0.9656786271450858,0.9837780414190832,0.937878787878788,0.995176848874598
BERTopic_topic_10,5.0,text_similarity+interactions,"All (Unweighted Clustering, No Square Clustering)",xgboost,256.1138519886881,5638,5675,0.9945175840138673,0.9642857142857144,0.9865856333493804,0.9437689969604864,0.9857142857142858,0.9946814103145112,0.9674418604651164,0.9865464801723506,0.9454545454545454,0.9904761904761904
BERTopic_topic_10,5.0,text_similarity+interactions,"All but Betweenness and Harmonic (Unweighted Clustering, No Square Clustering)",logistic_regression,256.1138519886881,5638,5675,0.9685312679288582,0.9305331179321488,0.9432517309424135,0.8753799392097265,0.993103448275862,0.9652536330402732,0.9289176090468496,0.9410141500630096,0.8712121212121212,0.9948096885813148
BERTopic_topic_10,5.0,text_similarity+interactions,"All but Betweenness and Harmonic (Unweighted Clustering, No Square Clustering)",random_forest,256.1138519886881,5638,5675,0.993810042602019,0.9627329192546584,0.9851269116278438,0.9422492401215804,0.984126984126984,0.9951176772712168,0.9657320872274144,0.9855278324863084,0.9393939393939394,0.9935897435897436
BERTopic_topic_10,5.0,text_similarity+interactions,"All but Betweenness and Harmonic (Unweighted Clustering, No Square Clustering)",xgboost,256.1138519886881,5638,5675,0.99445319271005,0.9681923972071372,0.9861098333957804,0.9483282674772036,0.9889064976228208,0.9943273210671018,0.967391304347826,0.985809269308038,0.943939393939394,0.9920382165605096
BERTopic_topic_10,5.0,text_similarity+interactions,Core Number Only,logistic_regression,256.1138519886881,5638,5675,0.9610177793239828,0.9310624493106244,0.9380772887819424,0.8723404255319149,0.9982608695652174,0.9581596120728724,0.9295546558704454,0.9357598556562228,0.8696969696969697,0.9982608695652174
BERTopic_topic_10,5.0,text_similarity+interactions,Core Number Only,random_forest,256.1138519886881,5638,5675,0.9529290413935376,0.9383506805444356,0.9312512172720676,0.8905775075987842,0.9915397631133672,0.9513000392761112,0.9393939393939394,0.9258313407934672,0.8924242424242425,0.9915824915824916
BERTopic_topic_10,5.0,text_similarity+interactions,Core Number Only,xgboost,256.1138519886881,5638,5675,0.9559958679703616,0.9383506805444356,0.931757777997814,0.8905775075987842,0.9915397631133672,0.9554912535121906,0.9362041467304624,0.9290834209714384,0.8893939393939394,0.9882154882154882
BERTopic_topic_10,10.0,interactions,"All (Unweighted Clustering, No Square Clustering)",logistic_regression,6.516947433818132,5669,5675,0.8588025769402016,0.573134328358209,0.6670390653298883,0.4370257966616085,0.8323699421965318,0.857891779207831,0.5851272015655578,0.6685573921730198,0.453030303030303,0.8259668508287292
BERTopic_topic_10,10.0,interactions,"All (Unweighted Clustering, No Square Clustering)",random_forest,6.516947433818132,5669,5675,0.913965695316499,0.7978910369068541,0.8286586149756637,0.6889226100151745,0.9478079331941544,0.9152980452581648,0.8021108179419525,0.8353804598982982,0.6909090909090909,0.9559748427672956
BERTopic_topic_10,10.0,interactions,"All (Unweighted Clustering, No Square Clustering)",xgboost,6.516947433818132,5669,5675,0.9112933465390918,0.8089117395029991,0.8353304200200332,0.716236722306525,0.9291338582677166,0.9192939363727,0.823731728288908,0.8405833065401362,0.7257575757575757,0.952286282306163
BERTopic_topic_10,10.0,interactions,"All but Betweenness and Harmonic (Unweighted Clustering, No Square Clustering)",logistic_regression,6.516947433818132,5669,5675,0.8573014820132118,0.6037000973709834,0.6724379838425708,0.4704097116843702,0.842391304347826,0.8566397776367866,0.5994180407371484,0.670657302076232,0.4681818181818182,0.8328840970350404
BERTopic_topic_10,10.0,interactions,"All but Betweenness and Harmonic (Unweighted Clustering, No Square Clustering)",random_forest,6.516947433818132,5669,5675,0.9197195896522584,0.797190517998244,0.8340592962659111,0.6889226100151745,0.9458333333333332,0.9204901960784312,0.8014121800529568,0.8365147261870685,0.6878787878787879,0.959830866807611
BERTopic_topic_10,10.0,interactions,"All but Betweenness and Harmonic (Unweighted Clustering, No Square Clustering)",xgboost,6.516947433818132,5669,5675,0.9099146168967072,0.8096054888507719,0.8337222158023136,0.716236722306525,0.930966469428008,0.915368138010212,0.8143712574850299,0.8350468006162706,0.7212121212121212,0.9351669941060904
BERTopic_topic_10,10.0,interactions,Core Number Only,logistic_regression,6.516947433818132,5669,5675,0.8138303060040768,0.4630021141649049,0.5398234734865496,0.3323216995447648,0.7630662020905923,0.8172959908154325,0.4625131995776135,0.5403616554421055,0.3318181818181818,0.7630662020905923
BERTopic_topic_10,10.0,interactions,Core Number Only,random_forest,6.516947433818132,5669,5675,0.8125100330446845,0.4323725055432372,0.5297634248474422,0.2959028831562974,0.8024691358024691,0.8141955950330826,0.4334433443344334,0.5350288449464861,0.2984848484848484,0.7911646586345381
BERTopic_topic_10,10.0,interactions,Core Number Only,xgboost,6.516947433818132,5669,5675,0.8120087594159178,0.4323725055432372,0.5315233897111505,0.2959028831562974,0.8024691358024691,0.8136573612495845,0.4334433443344334,0.5358855324592408,0.2984848484848484,0.7911646586345381
BERTopic_topic_10,10.0,similarity,"All (Unweighted Clustering, No Square Clustering)",logistic_regression,103.89754234533756,5669,5675,0.9296626776795424,0.8331862312444837,0.8672349411895998,0.716236722306525,0.9957805907172996,0.9275999274902564,0.8309859154929577,0.8654740484298898,0.7151515151515152,0.9915966386554622
BERTopic_topic_10,10.0,similarity,"All (Unweighted Clustering, No Square Clustering)",random_forest,103.89754234533756,5669,5675,0.994140701904234,0.9367088607594936,0.9806348037208124,0.8983308042488619,0.9785123966942147,0.9936467869119912,0.9383886255924172,0.9807021496279716,0.9,0.9801980198019802
BERTopic_topic_10,10.0,similarity,"All (Unweighted Clustering, No Square Clustering)",xgboost,103.89754234533756,5669,5675,0.99266535214851,0.9449685534591196,0.980798580051496,0.9119878603945372,0.9804241435562806,0.992916402308227,0.946219797349961,0.980051381633173,0.9196969696969696,0.9743178170144462
BERTopic_topic_10,10.0,similarity,"All but Betweenness and Harmonic (Unweighted Clustering, No Square Clustering)",logistic_regression,103.89754234533756,5669,5675,0.9269003722448882,0.8306878306878307,0.868194375540849,0.7147192716236722,0.991578947368421,0.9254826429801504,0.8306878306878307,0.8669690157675144,0.7136363636363636,0.9936708860759492
BERTopic_topic_10,10.0,similarity,"All but Betweenness and Harmonic (Unweighted Clustering, No Square Clustering)",random_forest,103.89754234533756,5669,5675,0.992368525468032,0.9399684044233808,0.9785554806778252,0.9028831562974204,0.9802306425041186,0.9937989063113688,0.9353312302839116,0.9811853132504712,0.8984848484848484,0.975328947368421
BERTopic_topic_10,10.0,similarity,"All but Betweenness and Harmonic (Unweighted Clustering, No Square Clustering)",xgboost,103.89754234533756,5669,5675,0.9921095593335332,0.9490196078431372,0.9811276650713096,0.9180576631259484,0.9821428571428572,0.992924257530439,0.9484375,0.9807478678737104,0.9196969696969696,0.979032258064516
BERTopic_topic_10,10.0,similarity,Core Number Only,logistic_regression,103.89754234533756,5669,5675,0.8952960543253402,0.8253119429590018,0.8372101282412576,0.7025796661608498,1.0,0.8944212816097163,0.8235294117647058,0.8360261845930023,0.7,1.0
BERTopic_topic_10,10.0,similarity,Core Number Only,random_forest,103.89754234533756,5669,5675,0.9345330583143272,0.8423817863397548,0.87377963181821,0.7298937784522003,0.9958592132505176,0.9352220610894588,0.8446771378708552,0.8739897452199952,0.7333333333333333,0.9958847736625516
BERTopic_topic_10,10.0,similarity,Core Number Only,xgboost,103.89754234533756,5669,5675,0.9396696743084392,0.8423817863397548,0.8751885409308077,0.7298937784522003,0.9958592132505176,0.9376352759902112,0.8446771378708552,0.8744723015084228,0.7333333333333333,0.9958847736625516
BERTopic_topic_10,10.0,similarity+interactions,"All (Unweighted Clustering, No Square Clustering)",logistic_regression,107.01806566119194,5669,5675,0.9150800069057636,0.8247787610619469,0.8631072721598495,0.7071320182094082,0.989384288747346,0.9145107102933624,0.8261253309796999,0.8610417003967568,0.7090909090909091,0.9894291754756872
BERTopic_topic_10,10.0,similarity+interactions,"All (Unweighted Clustering, No Square Clustering)",random_forest,107.01806566119194,5669,5675,0.9936221638665008,0.9233226837060704,0.977473949980102,0.8770864946889226,0.9747048903878583,0.993753285597752,0.920255183413078,0.9779156086494032,0.8742424242424243,0.9713804713804712
BERTopic_topic_10,10.0,similarity+interactions,"All (Unweighted Clustering, No Square Clustering)",xgboost,107.01806566119194,5669,5675,0.9924033571703332,0.9386792452830188,0.9790735544908828,0.905918057663126,0.9738988580750408,0.9933768391794314,0.9293563579277864,0.9786448259238026,0.896969696969697,0.9641693811074918
BERTopic_topic_10,10.0,similarity+interactions,"All but Betweenness and Harmonic (Unweighted Clustering, No Square Clustering)",logistic_regression,107.01806566119194,5669,5675,0.9128310904745895,0.8237378210806023,0.8621805018286298,0.7056145675265554,0.9893617021276596,0.9118124414634884,0.8237378210806023,0.8586449715510809,0.7045454545454546,0.9914712153518124
BERTopic_topic_10,10.0,similarity+interactions,"All but Betweenness and Harmonic (Unweighted Clustering, No Square Clustering)",random_forest,107.01806566119194,5669,5675,0.9932249310180852,0.9245432883240668,0.9774123390706672,0.8831562974203339,0.97,0.9917116831324212,0.9263657957244656,0.9764092222995816,0.8863636363636364,0.9701492537313432
BERTopic_topic_10,10.0,similarity+interactions,"All but Betweenness and Harmonic (Unweighted Clustering, No Square Clustering)",xgboost,107.01806566119194,5669,5675,0.9923673139305608,0.9418238993710693,0.9784371863167536,0.9089529590288316,0.9771615008156608,0.9936825885978426,0.9271730618637432,0.9793084072462752,0.896969696969697,0.959481361426256
BERTopic_topic_10,10.0,similarity+interactions,Core Number Only,logistic_regression,107.01806566119194,5669,5675,0.8943880069905714,0.8199643493761141,0.8347148193605312,0.6980273141122914,0.9935205183585312,0.8933031209402097,0.8202846975088968,0.8334636017881557,0.6984848484848485,0.9935344827586208
BERTopic_topic_10,10.0,similarity+interactions,Core Number Only,random_forest,107.01806566119194,5669,5675,0.931398205107236,0.8374125874125874,0.8672173854032507,0.7268588770864947,0.9876288659793816,0.9312634822804317,0.8414634146341463,0.8667395282270789,0.7318181818181818,0.9897540983606558
BERTopic_topic_10,10.0,similarity+interactions,Core Number Only,xgboost,107.01806566119194,5669,5675,0.9338221887030188,0.8394415357766143,0.868738293389028,0.7298937784522003,0.9876796714579056,0.9338402972899484,0.8414634146341463,0.8690492119147752,0.7318181818181818,0.9897540983606558
BERTopic_topic_10,10.0,similarity+text_similarity,"All (Unweighted Clustering, No Square Clustering)",logistic_regression,257.3791036196053,5669,5675,0.972114344906545,0.9330181245074862,0.9509793507319446,0.8983308042488619,0.9704918032786886,0.9719683374120064,0.9293563579277864,0.9504490611574296,0.896969696969697,0.9641693811074918
BERTopic_topic_10,10.0,similarity+text_similarity,"All (Unweighted Clustering, No Square Clustering)",random_forest,257.3791036196053,5669,5675,0.997695807171696,0.9705426356589149,0.990615061388236,0.9499241274658572,0.9920760697305864,0.9950438079700292,0.9697908597986056,0.9870338495545844,0.9484848484848484,0.9920760697305864
BERTopic_topic_10,10.0,similarity+text_similarity,"All (Unweighted Clustering, No Square Clustering)",xgboost,257.3791036196053,5669,5675,0.9948079561665742,0.9691358024691358,0.9873001992870154,0.952959028831563,0.9858712715855572,0.9959231396718934,0.964506172839506,0.9898462848716584,0.946969696969697,0.9827044025157232
BERTopic_topic_10,10.0,similarity+text_similarity,"All but Betweenness and Harmonic (Unweighted Clustering, No Square Clustering)",logistic_regression,257.3791036196053,5669,5675,0.978714801050403,0.9464428457234212,0.9598639415115956,0.8983308042488619,1.0,0.9758581830266776,0.9440894568690096,0.9566157348354316,0.8954545454545455,0.9983108108108107
BERTopic_topic_10,10.0,similarity+text_similarity,"All but Betweenness and Harmonic (Unweighted Clustering, No Square Clustering)",random_forest,257.3791036196053,5669,5675,0.9943660478739031,0.9713400464756003,0.9866148155019054,0.9514415781487102,0.9920886075949368,0.9959373394966616,0.9697908597986056,0.9880800982422182,0.9484848484848484,0.9920760697305864
BERTopic_topic_10,10.0,similarity+text_similarity,"All but Betweenness and Harmonic (Unweighted Clustering, No Square Clustering)",xgboost,257.3791036196053,5669,5675,0.9953534509130452,0.9683885890516576,0.9878675791873625,0.952959028831563,0.9843260188087776,0.996087948276383,0.9660493827160492,0.9898360894575714,0.9484848484848484,0.9842767295597484
BERTopic_topic_10,10.0,similarity+text_similarity,Core Number Only,logistic_regression,257.3791036196053,5669,5675,0.9618523196399312,0.9345189975747776,0.93990362077024,0.8770864946889226,1.0,0.9603040877367895,0.935483870967742,0.9385425727917696,0.8787878787878788,1.0
BERTopic_topic_10,10.0,similarity+text_similarity,Core Number Only,random_forest,257.3791036196053,5669,5675,0.947176814807411,0.9400479616306956,0.9245757008915996,0.8922610015174507,0.9932432432432432,0.946918638025318,0.939102564102564,0.9220033670300092,0.8878787878787879,0.9965986394557824
BERTopic_topic_10,10.0,similarity+text_similarity,Core Number Only,xgboost,257.3791036196053,5669,5675,0.956596367204892,0.9416466826538769,0.9302808079796716,0.8937784522003035,0.9949324324324323,0.9576663947551284,0.9390048154093098,0.9309057203555824,0.8863636363636364,0.9982935153583616
BERTopic_topic_10,10.0,similarity+text_similarity+interactions,"All (Unweighted Clustering, No Square Clustering)",logistic_regression,263.8485720809549,5669,5675,0.9699605341668712,0.935560859188544,0.9468882117955056,0.8922610015174507,0.9832775919732442,0.9718033777455511,0.929936305732484,0.947094229793958,0.8848484848484849,0.9798657718120806
BERTopic_topic_10,10.0,similarity+text_similarity+interactions,"All (Unweighted Clustering, No Square Clustering)",random_forest,263.8485720809549,5669,5675,0.9946710524323128,0.9682416731216112,0.9880598714383492,0.9484066767830044,0.9889240506329114,0.995114353907973,0.968944099378882,0.9874099418910424,0.9454545454545454,0.9936305732484076
BERTopic_topic_10,10.0,similarity+text_similarity+interactions,"All (Unweighted Clustering, No Square Clustering)",xgboost,263.8485720809549,5669,5675,0.9949006387831318,0.9683885890516576,0.98716364158132,0.952959028831563,0.9843260188087776,0.9958291791292788,0.9629629629629628,0.990108415455328,0.9454545454545454,0.981132075471698
BERTopic_topic_10,10.0,similarity+text_similarity+interactions,"All but Betweenness and Harmonic (Unweighted Clustering, No Square Clustering)",logistic_regression,263.8485720809549,5669,5675,0.9768799275500591,0.9414595028067362,0.9568193579673184,0.8907435508345979,0.9982993197278912,0.9739451342940876,0.9390048154093098,0.952721783490354,0.8863636363636364,0.9982935153583616
BERTopic_topic_10,10.0,similarity+text_similarity+interactions,"All but Betweenness and Harmonic (Unweighted Clustering, No Square Clustering)",random_forest,263.8485720809549,5669,5675,0.9951782323062524,0.972093023255814,0.9870853537601773,0.9514415781487102,0.993660855784469,0.9956734342427264,0.9682416731216112,0.9869158542017156,0.946969696969697,0.9904912836767036
BERTopic_topic_10,10.0,similarity+text_similarity+interactions,"All but Betweenness and Harmonic (Unweighted Clustering, No Square Clustering)",xgboost,263.8485720809549,5669,5675,0.994608658252539,0.96988416988417,0.9872630201527746,0.952959028831563,0.9874213836477987,0.9959219311761685,0.9621036349574632,0.9897065693446788,0.9424242424242424,0.9826224328593997
BERTopic_topic_10,10.0,similarity+text_similarity+interactions,Core Number Only,logistic_regression,263.8485720809549,5669,5675,0.9615674568919824,0.9320388349514565,0.939722988090926,0.874051593323217,0.9982668977469672,0.960040031420889,0.9330104923325262,0.938371687287166,0.8757575757575757,0.998272884283247
BERTopic_topic_10,10.0,similarity+text_similarity+interactions,Core Number Only,random_forest,263.8485720809549,5669,5675,0.9566119657498358,0.938449240607514,0.9307165954866844,0.8907435508345979,0.991554054054054,0.9517702951750808,0.9383506805444356,0.9244146587616202,0.8878787878787879,0.99490662139219
BERTopic_topic_10,10.0,similarity+text_similarity+interactions,Core Number Only,xgboost,263.8485720809549,5669,5675,0.9623189130085806,0.9408945686900958,0.934564940380772,0.8937784522003035,0.9932546374367622,0.959753920058008,0.9382518043303928,0.9299567780836372,0.8863636363636364,0.9965928449744464
BERTopic_topic_10,10.0,text_similarity,"All (Unweighted Clustering, No Square Clustering)",logistic_regression,269.4104284532368,5669,5675,0.9663498496179114,0.9115755627009646,0.936445327151376,0.8603945371775418,0.9692307692307692,0.9643554185927068,0.9032258064516128,0.9325693690547144,0.8484848484848485,0.9655172413793104
BERTopic_topic_10,10.0,text_similarity,"All (Unweighted Clustering, No Square Clustering)",random_forest,269.4104284532368,5669,5675,0.9911715264463484,0.9728049728049728,0.9823502045540802,0.9499241274658572,0.9968152866242038,0.9917971842049608,0.9704510108864696,0.9824777269897764,0.9454545454545454,0.9968051118210862
BERTopic_topic_10,10.0,text_similarity,"All (Unweighted Clustering, No Square Clustering)",xgboost,269.4104284532368,5669,5675,0.9931042315975032,0.9705426356589149,0.9851274261509458,0.9499241274658572,0.9920760697305864,0.9939276111060756,0.970496894409938,0.984341331091392,0.946969696969697,0.9952229299363056
BERTopic_topic_10,10.0,text_similarity,"All but Betweenness and Harmonic (Unweighted Clustering, No Square Clustering)",logistic_regression,269.4104284532368,5669,5675,0.9743826459372604,0.9265536723163842,0.947166891532263,0.8710166919575114,0.9896551724137932,0.9712042659899092,0.9248181083265966,0.9453341249386537,0.8666666666666667,0.9913344887348352
BERTopic_topic_10,10.0,text_similarity,"All but Betweenness and Harmonic (Unweighted Clustering, No Square Clustering)",random_forest,269.4104284532368,5669,5675,0.9930425946286486,0.974398758727696,0.9837533170264876,0.952959028831563,0.9968253968253968,0.9918325327049154,0.9720496894409938,0.982291313061954,0.9484848484848484,0.9968152866242038
BERTopic_topic_10,10.0,text_similarity,"All but Betweenness and Harmonic (Unweighted Clustering, No Square Clustering)",xgboost,269.4104284532368,5669,5675,0.9934277121023508,0.9698375870069604,0.9849698883860624,0.9514415781487102,0.9889589905362776,0.994515544276262,0.970496894409938,0.9849581260192928,0.946969696969697,0.9952229299363056
BERTopic_topic_10,10.0,text_similarity,Core Number Only,logistic_regression,269.4104284532368,5669,5675,0.9615918390835932,0.9319286871961102,0.9388842314365452,0.8725341426403642,1.0,0.959912535121907,0.9320388349514565,0.9375435772995456,0.8727272727272727,1.0
BERTopic_topic_10,10.0,text_similarity,Core Number Only,random_forest,269.4104284532368,5669,5675,0.9524008129416432,0.9425837320574164,0.9301685475575556,0.8968133535660091,0.9932773109243698,0.9475712257167892,0.9354581673306772,0.9245240286752732,0.8893939393939394,0.9865546218487397
BERTopic_topic_10,10.0,text_similarity,Core Number Only,xgboost,269.4104284532368,5669,5675,0.958478642108802,0.9417398244213888,0.9351003793578094,0.8952959028831563,0.9932659932659932,0.9549516601710022,0.9361022364217252,0.9289238457707836,0.8878787878787879,0.9898648648648648
BERTopic_topic_10,10.0,text_similarity+interactions,"All (Unweighted Clustering, No Square Clustering)",logistic_regression,244.8411115501076,5669,5675,0.9749735733389064,0.9285714285714286,0.9428872710917686,0.8679817905918058,0.9982547993019196,0.9723529411764706,0.926076360682372,0.9413815180603246,0.8636363636363636,0.9982486865148862
BERTopic_topic_10,10.0,text_similarity+interactions,"All (Unweighted Clustering, No Square Clustering)",random_forest,244.8411115501076,5669,5675,0.9927130564364444,0.970404984423676,0.9838450856666668,0.9453717754172988,0.9968,0.9921012719417504,0.968847352024922,0.9832699687546388,0.9424242424242424,0.9967948717948718
BERTopic_topic_10,10.0,text_similarity+interactions,"All (Unweighted Clustering, No Square Clustering)",xgboost,244.8411115501076,5669,5675,0.9933780390660258,0.9705882352941176,0.9846112007299148,0.9514415781487102,0.990521327014218,0.9948058853741804,0.9653045489591364,0.985402766330154,0.9484848484848484,0.9827315541601256
BERTopic_topic_10,10.0,text_similarity+interactions,"All but Betweenness and Harmonic (Unweighted Clustering, No Square Clustering)",logistic_regression,244.8411115501076,5669,5675,0.9786745174294808,0.9296685529506872,0.9514681353992864,0.8725341426403642,0.9948096885813148,0.9749901809722348,0.9280517380759904,0.9470646591597888,0.8696969696969697,0.9948006932409011
BERTopic_topic_10,10.0,text_similarity+interactions,"All but Betweenness and Harmonic (Unweighted Clustering, No Square Clustering)",random_forest,244.8411115501076,5669,5675,0.9931566305931384,0.9696498054474708,0.984656411234174,0.9453717754172988,0.9952076677316294,0.9914545756669386,0.9712509712509712,0.9827242058548956,0.946969696969697,0.9968102073365231
BERTopic_topic_10,10.0,text_similarity+interactions,"All but Betweenness and Harmonic (Unweighted Clustering, No Square Clustering)",xgboost,244.8411115501076,5669,5675,0.9930827268073869,0.9689922480620154,0.9844034577565408,0.9484066767830044,0.9904912836767036,0.9944593492250524,0.9660493827160492,0.9846015769668504,0.9484848484848484,0.9842767295597484
BERTopic_topic_10,10.0,text_similarity+interactions,Core Number Only,logistic_regression,244.8411115501076,5669,5675,0.9612444307136864,0.931174089068826,0.9385597558217912,0.8725341426403642,0.9982638888888888,0.9595965134898334,0.931285367825384,0.9372188650804564,0.8727272727272727,0.9982668977469672
BERTopic_topic_10,10.0,text_similarity+interactions,Core Number Only,random_forest,244.8411115501076,5669,5675,0.9545355419661437,0.940143655227454,0.931933748369452,0.8937784522003035,0.9915824915824916,0.9545937943744524,0.9353551476456504,0.9294132214755784,0.8878787878787879,0.988195615514334
BERTopic_topic_10,10.0,text_similarity+interactions,Core Number Only,xgboost,244.8411115501076,5669,5675,0.9601133090420072,0.938449240607514,0.935607077475438,0.8907435508345979,0.991554054054054,0.9577846762742076,0.9345047923322684,0.9284754592103228,0.8863636363636364,0.9881756756756755
BERTopic_topic_10,20.0,interactions,"All (Unweighted Clustering, No Square Clustering)",logistic_regression,6.76226678583771,5673,5675,0.8588813234930056,0.575098814229249,0.66694301806367,0.4415781487101669,0.8243626062322946,0.8592419710565273,0.5789990186457311,0.6695235317862687,0.4469696969696969,0.8217270194986073
BERTopic_topic_10,20.0,interactions,"All (Unweighted Clustering, No Square Clustering)",random_forest,6.76226678583771,5673,5675,0.921816485918336,0.8132635253054101,0.8358630399205045,0.7071320182094082,0.9568788501026694,0.9231775884467808,0.8021015761821366,0.8391814209735584,0.693939393939394,0.950207468879668
BERTopic_topic_10,20.0,interactions,"All (Unweighted Clustering, No Square Clustering)",xgboost,6.76226678583771,5673,5675,0.9168237886875776,0.8085106382978723,0.8371014134897556,0.7207890743550834,0.9205426356589148,0.9167823801323304,0.8078565328778822,0.8394386091904329,0.7166666666666667,0.9256360078277888
BERTopic_topic_10,20.0,interactions,"All but Betweenness and Harmonic (Unweighted Clustering, No Square Clustering)",logistic_regression,6.76226678583771,5673,5675,0.8574343885678521,0.6071774975751697,0.6715610104923299,0.4749620637329286,0.8413978494623656,0.8571600350463761,0.6003898635477583,0.6685134322736501,0.4666666666666667,0.8415300546448088
BERTopic_topic_10,20.0,interactions,"All but Betweenness and Harmonic (Unweighted Clustering, No Square Clustering)",random_forest,6.76226678583771,5673,5675,0.9174439036555004,0.8098591549295775,0.8373916897884948,0.6980273141122914,0.9643605870020964,0.9184712529079428,0.7943760984182777,0.834560143857486,0.6848484848484848,0.9456066945606696
BERTopic_topic_10,20.0,interactions,"All but Betweenness and Harmonic (Unweighted Clustering, No Square Clustering)",xgboost,6.76226678583771,5673,5675,0.9126942285424784,0.8136752136752137,0.8342812684401799,0.7223065250379362,0.9315068493150684,0.9167171213631832,0.8098891730605285,0.8353221721991165,0.7196969696969697,0.925925925925926
BERTopic_topic_10,20.0,interactions,Core Number Only,logistic_regression,6.76226678583771,5673,5675,0.8169401850841922,0.4630021141649049,0.5398236366501771,0.3323216995447648,0.7630662020905923,0.8156637662769267,0.4625131995776135,0.5396287989430457,0.3318181818181818,0.7630662020905923
BERTopic_topic_10,20.0,interactions,Core Number Only,random_forest,6.76226678583771,5673,5675,0.8152396355455104,0.4268156424581005,0.5361331749173781,0.2898330804248862,0.809322033898305,0.8130247137375751,0.434399117971334,0.5258199991467947,0.2984848484848484,0.7975708502024291
BERTopic_topic_10,20.0,interactions,Core Number Only,xgboost,6.76226678583771,5673,5675,0.8150795375376865,0.4268156424581005,0.5335868790886933,0.2898330804248862,0.809322033898305,0.812730747152482,0.434399117971334,0.5242471208224198,0.2984848484848484,0.7975708502024291
BERTopic_topic_10,20.0,similarity,"All (Unweighted Clustering, No Square Clustering)",logistic_regression,105.89015172002836,5673,5675,0.9093594082244978,0.8269742679680568,0.8477174820308314,0.7071320182094082,0.9957264957264956,0.9112761714855434,0.8272807794508414,0.8439907536682038,0.7075757575757575,0.9957356076759062
BERTopic_topic_10,20.0,similarity,"All (Unweighted Clustering, No Square Clustering)",random_forest,105.89015172002836,5673,5675,0.994587083329046,0.9375494071146244,0.9819017679720514,0.8998482549317147,0.9785478547854786,0.9938019275506812,0.9345941686367218,0.9811753316278118,0.8984848484848484,0.973727422003284
BERTopic_topic_10,20.0,similarity,"All (Unweighted Clustering, No Square Clustering)",xgboost,105.89015172002836,5673,5675,0.9949280103721716,0.94375,0.9838004366553132,0.9165402124430956,0.9726247987117552,0.9942427263663556,0.9414519906323184,0.9823166982172666,0.9136363636363636,0.9710144927536232
BERTopic_topic_10,20.0,similarity,"All but Betweenness and Harmonic (Unweighted Clustering, No Square Clustering)",logistic_regression,105.89015172002836,5673,5675,0.9081212967878104,0.827708703374778,0.8460798903945489,0.7071320182094082,0.9978586723768736,0.9083416417414424,0.8272807794508414,0.8453816788206047,0.7075757575757575,0.9957356076759062
BERTopic_topic_10,20.0,similarity,"All but Betweenness and Harmonic (Unweighted Clustering, No Square Clustering)",random_forest,105.89015172002836,5673,5675,0.9947514183351864,0.9408050513022888,0.9824611277325426,0.9044006069802732,0.9802631578947368,0.9954494093477144,0.9372056514913658,0.9824705419041272,0.9045454545454544,0.972312703583062
BERTopic_topic_10,20.0,similarity,"All but Betweenness and Harmonic (Unweighted Clustering, No Square Clustering)",xgboost,105.89015172002836,5673,5675,0.994901377811324,0.9429241594996092,0.9843168106751056,0.9150227617602428,0.9725806451612904,0.9942862322124536,0.9429241594996092,0.9824096966421716,0.9136363636363636,0.974151857835218
BERTopic_topic_10,20.0,similarity,Core Number Only,logistic_regression,105.89015172002836,5673,5675,0.8956156449346987,0.8263579697239537,0.8368159658052441,0.7040971168437026,1.0,0.8944265687785128,0.8235294117647058,0.8360861703516662,0.7,1.0
BERTopic_topic_10,20.0,similarity,Core Number Only,random_forest,105.89015172002836,5673,5675,0.9295220726427308,0.845414847161572,0.8700249902396385,0.7344461305007587,0.9958847736625516,0.9342019396356386,0.8439407149084568,0.8739286903029652,0.7333333333333333,0.9938398357289528
BERTopic_topic_10,20.0,similarity,Core Number Only,xgboost,105.89015172002836,5673,5675,0.9353075425228176,0.845414847161572,0.8721380641432727,0.7344461305007587,0.9958847736625516,0.9375876914710414,0.8439407149084568,0.8749397347944174,0.7333333333333333,0.9938398357289528
BERTopic_topic_10,20.0,similarity+interactions,"All (Unweighted Clustering, No Square Clustering)",logistic_regression,103.16425717063248,5673,5675,0.905748577730458,0.8150134048257373,0.8308589139104774,0.6919575113808801,0.991304347826087,0.9084065983866584,0.8156723063223509,0.8316889273343325,0.693939393939394,0.9892008639308856
BERTopic_topic_10,20.0,similarity+interactions,"All (Unweighted Clustering, No Square Clustering)",random_forest,103.16425717063248,5673,5675,0.9922720177130742,0.9326999208234362,0.9773970960284288,0.8937784522003035,0.9751655629139072,0.9936611377987252,0.9305993690851736,0.9778182629326628,0.8939393939393939,0.9703947368421052
BERTopic_topic_10,20.0,similarity+interactions,"All (Unweighted Clustering, No Square Clustering)",xgboost,103.16425717063248,5673,5675,0.9937389270588636,0.9421875,0.980296413568562,0.9150227617602428,0.9710144927536232,0.9944605577207772,0.9323899371069182,0.9803558045401888,0.8984848484848484,0.9689542483660132
BERTopic_topic_10,20.0,similarity+interactions,"All but Betweenness and Harmonic (Unweighted Clustering, No Square Clustering)",logistic_regression,103.16425717063248,5673,5675,0.9062981769406816,0.8231111111111111,0.8365526974637322,0.7025796661608498,0.9935622317596566,0.9061479198767334,0.8163992869875223,0.8343285347819761,0.693939393939394,0.9913419913419912
BERTopic_topic_10,20.0,similarity+interactions,"All but Betweenness and Harmonic (Unweighted Clustering, No Square Clustering)",random_forest,103.16425717063248,5673,5675,0.992079839575138,0.936069455406472,0.9778631492840314,0.8998482549317147,0.975328947368421,0.9930958639233816,0.9307086614173228,0.9775064712505068,0.8954545454545455,0.9688524590163936
BERTopic_topic_10,20.0,similarity+interactions,"All but Betweenness and Harmonic (Unweighted Clustering, No Square Clustering)",xgboost,103.16425717063248,5673,5675,0.993757085623078,0.9399844115354636,0.9804750273169712,0.9150227617602428,0.966346153846154,0.9943246019517206,0.9386792452830188,0.979765242519336,0.9045454545454544,0.9754901960784312
BERTopic_topic_10,20.0,similarity+interactions,Core Number Only,logistic_regression,103.16425717063248,5673,5675,0.894495866808142,0.8210151380231523,0.8344607696157678,0.6995447647951442,0.9935344827586208,0.8933564458140729,0.8210151380231523,0.8334848807369332,0.6984848484848485,0.9956803455723542
BERTopic_topic_10,20.0,similarity+interactions,Core Number Only,random_forest,103.16425717063248,5673,5675,0.9270773246139944,0.8411867364746946,0.8648624717599778,0.7314112291350531,0.9897330595482546,0.932263361430859,0.8397212543554007,0.8673342481490939,0.7303030303030303,0.9877049180327868
BERTopic_topic_10,20.0,similarity+interactions,Core Number Only,xgboost,103.16425717063248,5673,5675,0.9316865734970912,0.8421970357454228,0.8671638124448976,0.7329286798179059,0.9897540983606558,0.9337123478050696,0.8407310704960835,0.8693153496217155,0.7318181818181818,0.9877300613496932
BERTopic_topic_10,20.0,similarity+text_similarity,"All (Unweighted Clustering, No Square Clustering)",logistic_regression,285.32362938672304,5673,5675,0.954426240820089,0.9301948051948052,0.93013932619071,0.8694992412746586,1.0,0.953731230550772,0.9252032520325204,0.92761381536169,0.8621212121212121,0.9982456140350876
BERTopic_topic_10,20.0,similarity+text_similarity,"All (Unweighted Clustering, No Square Clustering)",random_forest,285.32362938672304,5673,5675,0.9952500222442412,0.9672897196261684,0.9887102764224024,0.9423368740515932,0.9936,0.9960529019003596,0.9681429681429682,0.9889610396218218,0.943939393939394,0.9936204146730464
BERTopic_topic_10,20.0,similarity+text_similarity,"All (Unweighted Clustering, No Square Clustering)",xgboost,285.32362938672304,5673,5675,0.9958592420736354,0.9714285714285714,0.9900367127789546,0.9544764795144158,0.9889937106918238,0.9958974591377384,0.9683397683397684,0.9888343491388292,0.95,0.9874015748031496
BERTopic_topic_10,20.0,similarity+text_similarity,"All but Betweenness and Harmonic (Unweighted Clustering, No Square Clustering)",logistic_regression,285.32362938672304,5673,5675,0.9660338003514288,0.9396621078037009,0.9423558925311704,0.8861911987860395,1.0,0.9613160518444666,0.9371980676328504,0.9377237724683134,0.8818181818181818,1.0
BERTopic_topic_10,20.0,similarity+text_similarity,"All but Betweenness and Harmonic (Unweighted Clustering, No Square Clustering)",random_forest,285.32362938672304,5673,5675,0.9950396855420908,0.9696969696969696,0.9874587570089036,0.9468892261001516,0.9936305732484076,0.9958202664733072,0.9705882352941176,0.9881584444830128,0.95,0.9920886075949368
BERTopic_topic_10,20.0,similarity+text_similarity,"All but Betweenness and Harmonic (Unweighted Clustering, No Square Clustering)",xgboost,285.32362938672304,5673,5675,0.995765422825194,0.9690880989180836,0.9894750035683174,0.9514415781487102,0.9874015748031496,0.9956587812320614,0.9675925925925926,0.9881406459437408,0.95,0.9858490566037736
BERTopic_topic_10,20.0,similarity+text_similarity,Core Number Only,logistic_regression,285.32362938672304,5673,5675,0.9613883856612716,0.9362389023405971,0.9395162752288148,0.8801213960546282,1.0,0.96014653010665,0.935483870967742,0.9383637625461416,0.8787878787878788,1.0
BERTopic_topic_10,20.0,similarity+text_similarity,Core Number Only,random_forest,285.32362938672304,5673,5675,0.94783074765467,0.9392,0.924549004288437,0.8907435508345979,0.9932318104906938,0.9456323453880782,0.9376,0.9213574099035976,0.8878787878787879,0.9932203389830508
BERTopic_topic_10,20.0,similarity+text_similarity,Core Number Only,xgboost,285.32362938672304,5673,5675,0.9546825792182496,0.9399519615692554,0.930680234728892,0.8907435508345979,0.994915254237288,0.9582366536753376,0.9382518043303928,0.9326564983051072,0.8863636363636364,0.9965928449744464
BERTopic_topic_10,20.0,similarity+text_similarity+interactions,"All (Unweighted Clustering, No Square Clustering)",logistic_regression,264.85409853234887,5673,5675,0.9565162915611704,0.9201954397394136,0.9269522613308424,0.8573596358118362,0.9929701230228472,0.9550669204507688,0.9286871961102108,0.9311576473488624,0.8681818181818182,0.9982578397212544
BERTopic_topic_10,20.0,similarity+text_similarity+interactions,"All (Unweighted Clustering, No Square Clustering)",random_forest,264.85409853234887,5673,5675,0.9956622216519088,0.968895800933126,0.9877782657859736,0.9453717754172988,0.9936204146730464,0.9951022689507236,0.9673405909797824,0.9877635615737832,0.9424242424242424,0.9936102236421726
BERTopic_topic_10,20.0,similarity+text_similarity+interactions,"All (Unweighted Clustering, No Square Clustering)",xgboost,264.85409853234887,5673,5675,0.9955749092223112,0.970724191063174,0.9894804391717082,0.9559939301972686,0.9859154929577464,0.9955687483005528,0.9669485011529592,0.987792513856185,0.953030303030303,0.9812792511700468
BERTopic_topic_10,20.0,similarity+text_similarity+interactions,"All but Betweenness and Harmonic (Unweighted Clustering, No Square Clustering)",logistic_regression,264.85409853234887,5673,5675,0.9695238763934428,0.9389067524115756,0.9468908743559644,0.8861911987860395,0.9982905982905984,0.9636019215082028,0.9364440868865648,0.9419000221688888,0.8818181818181818,0.9982847341337908
BERTopic_topic_10,20.0,similarity+text_similarity+interactions,"All but Betweenness and Harmonic (Unweighted Clustering, No Square Clustering)",random_forest,264.85409853234887,5673,5675,0.9967567291099336,0.9712509712509712,0.989492746250614,0.9484066767830044,0.9952229299363056,0.9967276957007766,0.9682416731216112,0.9889886348099598,0.946969696969697,0.9904912836767036
BERTopic_topic_10,20.0,similarity+text_similarity+interactions,"All but Betweenness and Harmonic (Unweighted Clustering, No Square Clustering)",xgboost,264.85409853234887,5673,5675,0.995693999139284,0.9691833590138677,0.9891432614150936,0.9544764795144158,0.9843505477308294,0.9955101362578932,0.967741935483871,0.988096274913743,0.9545454545454546,0.9813084112149532
BERTopic_topic_10,20.0,similarity+text_similarity+interactions,Core Number Only,logistic_regression,264.85409853234887,5673,5675,0.9611285668716364,0.9329021827000809,0.9393252324767594,0.8755690440060698,0.9982698961937716,0.959842895555757,0.934730056406124,0.9381602947135892,0.8787878787878788,0.9982788296041308
BERTopic_topic_10,20.0,similarity+text_similarity+interactions,Core Number Only,random_forest,264.85409853234887,5673,5675,0.952765186158574,0.939297124600639,0.9267580702701456,0.8922610015174507,0.9915682967959528,0.9506356687513218,0.9368505195843324,0.9235412419867164,0.8878787878787879,0.9915397631133672
BERTopic_topic_10,20.0,similarity+text_similarity+interactions,Core Number Only,xgboost,264.85409853234887,5673,5675,0.9570266985369644,0.9400479616306956,0.934255291139054,0.8922610015174507,0.9932432432432432,0.9600463760234448,0.9375,0.9305885468846556,0.8863636363636364,0.9948979591836736
BERTopic_topic_10,20.0,text_similarity,"All (Unweighted Clustering, No Square Clustering)",logistic_regression,248.3228822168894,5673,5675,0.9734788116793462,0.9350237717908082,0.9521452300663564,0.8952959028831563,0.978441127694859,0.975358167920481,0.9310071371927042,0.9528432966596702,0.8893939393939394,0.9767054908485856
BERTopic_topic_10,20.0,text_similarity,"All (Unweighted Clustering, No Square Clustering)",random_forest,248.3228822168894,5673,5675,0.990527282334804,0.9736024844720496,0.9821297153453344,0.9514415781487102,0.9968203497615262,0.991558506299284,0.9728471683475562,0.983388923208094,0.95,0.9968203497615262
BERTopic_topic_10,20.0,text_similarity,"All (Unweighted Clustering, No Square Clustering)",xgboost,248.3228822168894,5673,5675,0.99393201312501,0.970679012345679,0.9848492298706856,0.9544764795144158,0.9874411302982732,0.99439771594308,0.9706336939721792,0.9857984375212744,0.9515151515151516,0.9905362776025236
BERTopic_topic_10,20.0,text_similarity,"All but Betweenness and Harmonic (Unweighted Clustering, No Square Clustering)",logistic_regression,248.3228822168894,5673,5675,0.9814016958888404,0.9439102564102564,0.9596457332055004,0.8937784522003035,1.0,0.9791193087404452,0.9406099518459068,0.9571427589003416,0.8878787878787879,1.0
BERTopic_topic_10,20.0,text_similarity,"All but Betweenness and Harmonic (Unweighted Clustering, No Square Clustering)",random_forest,248.3228822168894,5673,5675,0.9930952059574616,0.9751937984496124,0.9843418288395568,0.9544764795144158,0.9968304278922344,0.9938120487023778,0.972972972972973,0.9851744177022064,0.9545454545454546,0.9921259842519684
BERTopic_topic_10,20.0,text_similarity,"All but Betweenness and Harmonic (Unweighted Clustering, No Square Clustering)",xgboost,248.3228822168894,5673,5675,0.9950956744484184,0.970679012345679,0.9868166655622568,0.9544764795144158,0.9874411302982732,0.9944623704643644,0.9690402476780186,0.9852091881443636,0.9484848484848484,0.990506329113924
BERTopic_topic_10,20.0,text_similarity,Core Number Only,logistic_regression,248.3228822168894,5673,5675,0.9611875822053334,0.9327935222672064,0.938697024336929,0.874051593323217,1.0,0.9598143448442552,0.9320388349514565,0.9373756066433936,0.8727272727272727,1.0
BERTopic_topic_10,20.0,text_similarity,Core Number Only,random_forest,248.3228822168894,5673,5675,0.943755209238109,0.9386454183266932,0.9243485052053274,0.8937784522003035,0.988255033557047,0.9471056527387536,0.9385474860335196,0.9235597394029568,0.8909090909090909,0.9915682967959528
BERTopic_topic_10,20.0,text_similarity,Core Number Only,xgboost,248.3228822168894,5673,5675,0.9515081595508296,0.9386454183266932,0.9290577548440572,0.8937784522003035,0.988255033557047,0.9543448442551136,0.9400479616306956,0.9286372903217496,0.8909090909090909,0.9949238578680204
BERTopic_topic_10,20.0,text_similarity+interactions,"All (Unweighted Clustering, No Square Clustering)",logistic_regression,269.9475048799068,5673,5675,0.9752147704182462,0.9270664505672608,0.9472464003381988,0.8679817905918058,0.9947826086956522,0.975835825855766,0.9245585874799358,0.9467039476939676,0.8727272727272727,0.9829351535836176
BERTopic_topic_10,20.0,text_similarity+interactions,"All (Unweighted Clustering, No Square Clustering)",random_forest,269.9475048799068,5673,5675,0.9913861824221466,0.9720496894409938,0.9828857573664546,0.9499241274658572,0.9952305246422892,0.9912772289193026,0.9720496894409938,0.9825402061276056,0.9484848484848484,0.9968152866242038
BERTopic_topic_10,20.0,text_similarity+interactions,"All (Unweighted Clustering, No Square Clustering)",xgboost,269.9475048799068,5673,5675,0.9939870941031274,0.9705882352941176,0.984127599190127,0.9514415781487102,0.990521327014218,0.9935115864527628,0.9675425038639875,0.9837035966517164,0.9484848484848484,0.9873817034700316
BERTopic_topic_10,20.0,text_similarity+interactions,"All but Betweenness and Harmonic (Unweighted Clustering, No Square Clustering)",logistic_regression,269.9475048799068,5673,5675,0.9793839767618802,0.9321486268174476,0.9540708062972464,0.8755690440060698,0.996545768566494,0.9778667029215384,0.932367149758454,0.9521197659597498,0.8772727272727273,0.9948453608247424
BERTopic_topic_10,20.0,text_similarity+interactions,"All but Betweenness and Harmonic (Unweighted Clustering, No Square Clustering)",random_forest,269.9475048799068,5673,5675,0.9921966596715842,0.9728471683475562,0.9831380079981848,0.9514415781487102,0.9952380952380953,0.9916334330342306,0.9721362229102168,0.9830384598444414,0.9515151515151516,0.9936708860759492
BERTopic_topic_10,20.0,text_similarity+interactions,"All but Betweenness and Harmonic (Unweighted Clustering, No Square Clustering)",xgboost,269.9475048799068,5673,5675,0.9931239570174678,0.9705882352941176,0.9830008740781618,0.9514415781487102,0.990521327014218,0.9932478322607934,0.965996908809892,0.9832247862911272,0.946969696969697,0.9858044164037856
BERTopic_topic_10,20.0,text_similarity+interactions,Core Number Only,logistic_regression,269.9475048799068,5673,5675,0.9607926334336694,0.9320388349514565,0.9382294167160168,0.874051593323217,0.9982668977469672,0.959460255596846,0.931285367825384,0.9370794293063218,0.8727272727272727,0.9982668977469672
BERTopic_topic_10,20.0,text_similarity+interactions,Core Number Only,random_forest,269.9475048799068,5673,5675,0.9456722996550476,0.9362041467304624,0.923976611288456,0.8907435508345979,0.9865546218487397,0.9536153660231428,0.936951316839585,0.9276656965519172,0.8893939393939394,0.9898819561551432
BERTopic_topic_10,20.0,text_similarity+interactions,Core Number Only,xgboost,269.9475048799068,5673,5675,0.9545333763489544,0.9370517928286852,0.931163227551413,0.8922610015174507,0.9865771812080536,0.9570018731683738,0.938449240607514,0.9274099379943068,0.8893939393939394,0.9932318104906938
BERTopic_topic_10,50.0,interactions,"All (Unweighted Clustering, No Square Clustering)",logistic_regression,6.098940397147089,5673,5675,0.8588813234930056,0.575098814229249,0.66694301806367,0.4415781487101669,0.8243626062322946,0.8592419710565273,0.5789990186457311,0.6695235317862687,0.4469696969696969,0.8217270194986073
BERTopic_topic_10,50.0,interactions,"All (Unweighted Clustering, No Square Clustering)",random_forest,6.098940397147089,5673,5675,0.921816485918336,0.8132635253054101,0.8358630399205045,0.7071320182094082,0.9568788501026694,0.9231775884467808,0.8021015761821366,0.8391814209735584,0.693939393939394,0.950207468879668
BERTopic_topic_10,50.0,interactions,"All (Unweighted Clustering, No Square Clustering)",xgboost,6.098940397147089,5673,5675,0.9168237886875776,0.8085106382978723,0.8371014134897556,0.7207890743550834,0.9205426356589148,0.9167823801323304,0.8078565328778822,0.8394386091904329,0.7166666666666667,0.9256360078277888
BERTopic_topic_10,50.0,interactions,"All but Betweenness and Harmonic (Unweighted Clustering, No Square Clustering)",logistic_regression,6.098940397147089,5673,5675,0.8574343885678521,0.6071774975751697,0.6715610104923299,0.4749620637329286,0.8413978494623656,0.8571600350463761,0.6003898635477583,0.6685134322736501,0.4666666666666667,0.8415300546448088
BERTopic_topic_10,50.0,interactions,"All but Betweenness and Harmonic (Unweighted Clustering, No Square Clustering)",random_forest,6.098940397147089,5673,5675,0.9174439036555004,0.8098591549295775,0.8373916897884948,0.6980273141122914,0.9643605870020964,0.9184712529079428,0.7943760984182777,0.834560143857486,0.6848484848484848,0.9456066945606696
BERTopic_topic_10,50.0,interactions,"All but Betweenness and Harmonic (Unweighted Clustering, No Square Clustering)",xgboost,6.098940397147089,5673,5675,0.9126942285424784,0.8136752136752137,0.8342812684401799,0.7223065250379362,0.9315068493150684,0.9167171213631832,0.8098891730605285,0.8353221721991165,0.7196969696969697,0.925925925925926
BERTopic_topic_10,50.0,interactions,Core Number Only,logistic_regression,6.098940397147089,5673,5675,0.8169401850841922,0.4630021141649049,0.5398236366501771,0.3323216995447648,0.7630662020905923,0.8156637662769267,0.4625131995776135,0.5396287989430457,0.3318181818181818,0.7630662020905923
BERTopic_topic_10,50.0,interactions,Core Number Only,random_forest,6.098940397147089,5673,5675,0.8152396355455104,0.4268156424581005,0.5361331749173781,0.2898330804248862,0.809322033898305,0.8130247137375751,0.434399117971334,0.5258199991467947,0.2984848484848484,0.7975708502024291
BERTopic_topic_10,50.0,interactions,Core Number Only,xgboost,6.098940397147089,5673,5675,0.8150795375376865,0.4268156424581005,0.5335868790886933,0.2898330804248862,0.809322033898305,0.812730747152482,0.434399117971334,0.5242471208224198,0.2984848484848484,0.7975708502024291
BERTopic_topic_10,50.0,similarity,"All (Unweighted Clustering, No Square Clustering)",logistic_regression,104.82450206484646,5673,5675,0.9093594082244978,0.8269742679680568,0.8477174820308314,0.7071320182094082,0.9957264957264956,0.9112761714855434,0.8272807794508414,0.8439907536682038,0.7075757575757575,0.9957356076759062
BERTopic_topic_10,50.0,similarity,"All (Unweighted Clustering, No Square Clustering)",random_forest,104.82450206484646,5673,5675,0.994587083329046,0.9375494071146244,0.9819017679720514,0.8998482549317147,0.9785478547854786,0.9938019275506812,0.9345941686367218,0.9811753316278118,0.8984848484848484,0.973727422003284
BERTopic_topic_10,50.0,similarity,"All (Unweighted Clustering, No Square Clustering)",xgboost,104.82450206484646,5673,5675,0.9949280103721716,0.94375,0.9838004366553132,0.9165402124430956,0.9726247987117552,0.9942427263663556,0.9414519906323184,0.9823166982172666,0.9136363636363636,0.9710144927536232
BERTopic_topic_10,50.0,similarity,"All but Betweenness and Harmonic (Unweighted Clustering, No Square Clustering)",logistic_regression,104.82450206484646,5673,5675,0.9081212967878104,0.827708703374778,0.8460798903945489,0.7071320182094082,0.9978586723768736,0.9083416417414424,0.8272807794508414,0.8453816788206047,0.7075757575757575,0.9957356076759062
BERTopic_topic_10,50.0,similarity,"All but Betweenness and Harmonic (Unweighted Clustering, No Square Clustering)",random_forest,104.82450206484646,5673,5675,0.9947514183351864,0.9408050513022888,0.9824611277325426,0.9044006069802732,0.9802631578947368,0.9954494093477144,0.9372056514913658,0.9824705419041272,0.9045454545454544,0.972312703583062
BERTopic_topic_10,50.0,similarity,"All but Betweenness and Harmonic (Unweighted Clustering, No Square Clustering)",xgboost,104.82450206484646,5673,5675,0.994901377811324,0.9429241594996092,0.9843168106751056,0.9150227617602428,0.9725806451612904,0.9942862322124536,0.9429241594996092,0.9824096966421716,0.9136363636363636,0.974151857835218
BERTopic_topic_10,50.0,similarity,Core Number Only,logistic_regression,104.82450206484646,5673,5675,0.8956156449346987,0.8263579697239537,0.8368159658052441,0.7040971168437026,1.0,0.8944265687785128,0.8235294117647058,0.8360861703516662,0.7,1.0
BERTopic_topic_10,50.0,similarity,Core Number Only,random_forest,104.82450206484646,5673,5675,0.9295220726427308,0.845414847161572,0.8700249902396385,0.7344461305007587,0.9958847736625516,0.9342019396356386,0.8439407149084568,0.8739286903029652,0.7333333333333333,0.9938398357289528
BERTopic_topic_10,50.0,similarity,Core Number Only,xgboost,104.82450206484646,5673,5675,0.9353075425228176,0.845414847161572,0.8721380641432727,0.7344461305007587,0.9958847736625516,0.9375876914710414,0.8439407149084568,0.8749397347944174,0.7333333333333333,0.9938398357289528
BERTopic_topic_10,50.0,similarity+interactions,"All (Unweighted Clustering, No Square Clustering)",logistic_regression,112.30125059746206,5673,5675,0.905748577730458,0.8150134048257373,0.8308589139104774,0.6919575113808801,0.991304347826087,0.9084065983866584,0.8156723063223509,0.8316889273343325,0.693939393939394,0.9892008639308856
BERTopic_topic_10,50.0,similarity+interactions,"All (Unweighted Clustering, No Square Clustering)",random_forest,112.30125059746206,5673,5675,0.9922720177130742,0.9326999208234362,0.9773970960284288,0.8937784522003035,0.9751655629139072,0.9936611377987252,0.9305993690851736,0.9778182629326628,0.8939393939393939,0.9703947368421052
BERTopic_topic_10,50.0,similarity+interactions,"All (Unweighted Clustering, No Square Clustering)",xgboost,112.30125059746206,5673,5675,0.9937389270588636,0.9421875,0.980296413568562,0.9150227617602428,0.9710144927536232,0.9944605577207772,0.9323899371069182,0.9803558045401888,0.8984848484848484,0.9689542483660132
BERTopic_topic_10,50.0,similarity+interactions,"All but Betweenness and Harmonic (Unweighted Clustering, No Square Clustering)",logistic_regression,112.30125059746206,5673,5675,0.9062981769406816,0.8231111111111111,0.8365526974637322,0.7025796661608498,0.9935622317596566,0.9061479198767334,0.8163992869875223,0.8343285347819761,0.693939393939394,0.9913419913419912
BERTopic_topic_10,50.0,similarity+interactions,"All but Betweenness and Harmonic (Unweighted Clustering, No Square Clustering)",random_forest,112.30125059746206,5673,5675,0.992079839575138,0.936069455406472,0.9778631492840314,0.8998482549317147,0.975328947368421,0.9930958639233816,0.9307086614173228,0.9775064712505068,0.8954545454545455,0.9688524590163936
BERTopic_topic_10,50.0,similarity+interactions,"All but Betweenness and Harmonic (Unweighted Clustering, No Square Clustering)",xgboost,112.30125059746206,5673,5675,0.993757085623078,0.9399844115354636,0.9804750273169712,0.9150227617602428,0.966346153846154,0.9943246019517206,0.9386792452830188,0.979765242519336,0.9045454545454544,0.9754901960784312
BERTopic_topic_10,50.0,similarity+interactions,Core Number Only,logistic_regression,112.30125059746206,5673,5675,0.894495866808142,0.8210151380231523,0.8344607696157678,0.6995447647951442,0.9935344827586208,0.8933564458140729,0.8210151380231523,0.8334848807369332,0.6984848484848485,0.9956803455723542
BERTopic_topic_10,50.0,similarity+interactions,Core Number Only,random_forest,112.30125059746206,5673,5675,0.9270773246139944,0.8411867364746946,0.8648624717599778,0.7314112291350531,0.9897330595482546,0.932263361430859,0.8397212543554007,0.8673342481490939,0.7303030303030303,0.9877049180327868
BERTopic_topic_10,50.0,similarity+interactions,Core Number Only,xgboost,112.30125059746206,5673,5675,0.9316865734970912,0.8421970357454228,0.8671638124448976,0.7329286798179059,0.9897540983606558,0.9337123478050696,0.8407310704960835,0.8693153496217155,0.7318181818181818,0.9877300613496932
BERTopic_topic_10,50.0,similarity+text_similarity,"All (Unweighted Clustering, No Square Clustering)",logistic_regression,294.1038414482028,5673,5675,0.954426240820089,0.9301948051948052,0.93013932619071,0.8694992412746586,1.0,0.953731230550772,0.9252032520325204,0.92761381536169,0.8621212121212121,0.9982456140350876
BERTopic_topic_10,50.0,similarity+text_similarity,"All (Unweighted Clustering, No Square Clustering)",random_forest,294.1038414482028,5673,5675,0.9952500222442412,0.9672897196261684,0.9887102764224024,0.9423368740515932,0.9936,0.9960529019003596,0.9681429681429682,0.9889610396218218,0.943939393939394,0.9936204146730464
BERTopic_topic_10,50.0,similarity+text_similarity,"All (Unweighted Clustering, No Square Clustering)",xgboost,294.1038414482028,5673,5675,0.9958592420736354,0.9714285714285714,0.9900367127789546,0.9544764795144158,0.9889937106918238,0.9958974591377384,0.9683397683397684,0.9888343491388292,0.95,0.9874015748031496
BERTopic_topic_10,50.0,similarity+text_similarity,"All but Betweenness and Harmonic (Unweighted Clustering, No Square Clustering)",logistic_regression,294.1038414482028,5673,5675,0.9660338003514288,0.9396621078037009,0.9423558925311704,0.8861911987860395,1.0,0.9613160518444666,0.9371980676328504,0.9377237724683134,0.8818181818181818,1.0
BERTopic_topic_10,50.0,similarity+text_similarity,"All but Betweenness and Harmonic (Unweighted Clustering, No Square Clustering)",random_forest,294.1038414482028,5673,5675,0.9950396855420908,0.9696969696969696,0.9874587570089036,0.9468892261001516,0.9936305732484076,0.9958202664733072,0.9705882352941176,0.9881584444830128,0.95,0.9920886075949368
BERTopic_topic_10,50.0,similarity+text_similarity,"All but Betweenness and Harmonic (Unweighted Clustering, No Square Clustering)",xgboost,294.1038414482028,5673,5675,0.995765422825194,0.9690880989180836,0.9894750035683174,0.9514415781487102,0.9874015748031496,0.9956587812320614,0.9675925925925926,0.9881406459437408,0.95,0.9858490566037736
BERTopic_topic_10,50.0,similarity+text_similarity,Core Number Only,logistic_regression,294.1038414482028,5673,5675,0.9613883856612716,0.9362389023405971,0.9395162752288148,0.8801213960546282,1.0,0.96014653010665,0.935483870967742,0.9383637625461416,0.8787878787878788,1.0
BERTopic_topic_10,50.0,similarity+text_similarity,Core Number Only,random_forest,294.1038414482028,5673,5675,0.94783074765467,0.9392,0.924549004288437,0.8907435508345979,0.9932318104906938,0.9456323453880782,0.9376,0.9213574099035976,0.8878787878787879,0.9932203389830508
BERTopic_topic_10,50.0,similarity+text_similarity,Core Number Only,xgboost,294.1038414482028,5673,5675,0.9546825792182496,0.9399519615692554,0.930680234728892,0.8907435508345979,0.994915254237288,0.9582366536753376,0.9382518043303928,0.9326564983051072,0.8863636363636364,0.9965928449744464
BERTopic_topic_10,50.0,similarity+text_similarity+interactions,"All (Unweighted Clustering, No Square Clustering)",logistic_regression,272.4986938983202,5673,5675,0.9565162915611704,0.9201954397394136,0.9269522613308424,0.8573596358118362,0.9929701230228472,0.9550669204507688,0.9286871961102108,0.9311576473488624,0.8681818181818182,0.9982578397212544
BERTopic_topic_10,50.0,similarity+text_similarity+interactions,"All (Unweighted Clustering, No Square Clustering)",random_forest,272.4986938983202,5673,5675,0.9956622216519088,0.968895800933126,0.9877782657859736,0.9453717754172988,0.9936204146730464,0.9951022689507236,0.9673405909797824,0.9877635615737832,0.9424242424242424,0.9936102236421726
BERTopic_topic_10,50.0,similarity+text_similarity+interactions,"All (Unweighted Clustering, No Square Clustering)",xgboost,272.4986938983202,5673,5675,0.9955749092223112,0.970724191063174,0.9894804391717082,0.9559939301972686,0.9859154929577464,0.9955687483005528,0.9669485011529592,0.987792513856185,0.953030303030303,0.9812792511700468
BERTopic_topic_10,50.0,similarity+text_similarity+interactions,"All but Betweenness and Harmonic (Unweighted Clustering, No Square Clustering)",logistic_regression,272.4986938983202,5673,5675,0.9695238763934428,0.9389067524115756,0.9468908743559644,0.8861911987860395,0.9982905982905984,0.9636019215082028,0.9364440868865648,0.9419000221688888,0.8818181818181818,0.9982847341337908
BERTopic_topic_10,50.0,similarity+text_similarity+interactions,"All but Betweenness and Harmonic (Unweighted Clustering, No Square Clustering)",random_forest,272.4986938983202,5673,5675,0.9967567291099336,0.9712509712509712,0.989492746250614,0.9484066767830044,0.9952229299363056,0.9967276957007766,0.9682416731216112,0.9889886348099598,0.946969696969697,0.9904912836767036
BERTopic_topic_10,50.0,similarity+text_similarity+interactions,"All but Betweenness and Harmonic (Unweighted Clustering, No Square Clustering)",xgboost,272.4986938983202,5673,5675,0.995693999139284,0.9691833590138677,0.9891432614150936,0.9544764795144158,0.9843505477308294,0.9955101362578932,0.967741935483871,0.988096274913743,0.9545454545454546,0.9813084112149532
BERTopic_topic_10,50.0,similarity+text_similarity+interactions,Core Number Only,logistic_regression,272.4986938983202,5673,5675,0.9611285668716364,0.9329021827000809,0.9393252324767594,0.8755690440060698,0.9982698961937716,0.959842895555757,0.934730056406124,0.9381602947135892,0.8787878787878788,0.9982788296041308
BERTopic_topic_10,50.0,similarity+text_similarity+interactions,Core Number Only,random_forest,272.4986938983202,5673,5675,0.952765186158574,0.939297124600639,0.9267580702701456,0.8922610015174507,0.9915682967959528,0.9506356687513218,0.9368505195843324,0.9235412419867164,0.8878787878787879,0.9915397631133672
BERTopic_topic_10,50.0,similarity+text_similarity+interactions,Core Number Only,xgboost,272.4986938983202,5673,5675,0.9570266985369644,0.9400479616306956,0.934255291139054,0.8922610015174507,0.9932432432432432,0.9600463760234448,0.9375,0.9305885468846556,0.8863636363636364,0.9948979591836736
BERTopic_topic_10,50.0,text_similarity,"All (Unweighted Clustering, No Square Clustering)",logistic_regression,259.2163827861659,5673,5675,0.9734788116793462,0.9350237717908082,0.9521452300663564,0.8952959028831563,0.978441127694859,0.975358167920481,0.9310071371927042,0.9528432966596702,0.8893939393939394,0.9767054908485856
BERTopic_topic_10,50.0,text_similarity,"All (Unweighted Clustering, No Square Clustering)",random_forest,259.2163827861659,5673,5675,0.990527282334804,0.9736024844720496,0.9821297153453344,0.9514415781487102,0.9968203497615262,0.991558506299284,0.9728471683475562,0.983388923208094,0.95,0.9968203497615262
BERTopic_topic_10,50.0,text_similarity,"All (Unweighted Clustering, No Square Clustering)",xgboost,259.2163827861659,5673,5675,0.99393201312501,0.970679012345679,0.9848492298706856,0.9544764795144158,0.9874411302982732,0.99439771594308,0.9706336939721792,0.9857984375212744,0.9515151515151516,0.9905362776025236
BERTopic_topic_10,50.0,text_similarity,"All but Betweenness and Harmonic (Unweighted Clustering, No Square Clustering)",logistic_regression,259.2163827861659,5673,5675,0.9814016958888404,0.9439102564102564,0.9596457332055004,0.8937784522003035,1.0,0.9791193087404452,0.9406099518459068,0.9571427589003416,0.8878787878787879,1.0
BERTopic_topic_10,50.0,text_similarity,"All but Betweenness and Harmonic (Unweighted Clustering, No Square Clustering)",random_forest,259.2163827861659,5673,5675,0.9930952059574616,0.9751937984496124,0.9843418288395568,0.9544764795144158,0.9968304278922344,0.9938120487023778,0.972972972972973,0.9851744177022064,0.9545454545454546,0.9921259842519684
BERTopic_topic_10,50.0,text_similarity,"All but Betweenness and Harmonic (Unweighted Clustering, No Square Clustering)",xgboost,259.2163827861659,5673,5675,0.9950956744484184,0.970679012345679,0.9868166655622568,0.9544764795144158,0.9874411302982732,0.9944623704643644,0.9690402476780186,0.9852091881443636,0.9484848484848484,0.990506329113924
BERTopic_topic_10,50.0,text_similarity,Core Number Only,logistic_regression,259.2163827861659,5673,5675,0.9611875822053334,0.9327935222672064,0.938697024336929,0.874051593323217,1.0,0.9598143448442552,0.9320388349514565,0.9373756066433936,0.8727272727272727,1.0
BERTopic_topic_10,50.0,text_similarity,Core Number Only,random_forest,259.2163827861659,5673,5675,0.943755209238109,0.9386454183266932,0.9243485052053274,0.8937784522003035,0.988255033557047,0.9471056527387536,0.9385474860335196,0.9235597394029568,0.8909090909090909,0.9915682967959528
BERTopic_topic_10,50.0,text_similarity,Core Number Only,xgboost,259.2163827861659,5673,5675,0.9515081595508296,0.9386454183266932,0.9290577548440572,0.8937784522003035,0.988255033557047,0.9543448442551136,0.9400479616306956,0.9286372903217496,0.8909090909090909,0.9949238578680204
BERTopic_topic_10,50.0,text_similarity+interactions,"All (Unweighted Clustering, No Square Clustering)",logistic_regression,245.3672830183059,5673,5675,0.9752147704182462,0.9270664505672608,0.9472464003381988,0.8679817905918058,0.9947826086956522,0.975835825855766,0.9245585874799358,0.9467039476939676,0.8727272727272727,0.9829351535836176
BERTopic_topic_10,50.0,text_similarity+interactions,"All (Unweighted Clustering, No Square Clustering)",random_forest,245.3672830183059,5673,5675,0.9913861824221466,0.9720496894409938,0.9828857573664546,0.9499241274658572,0.9952305246422892,0.9912772289193026,0.9720496894409938,0.9825402061276056,0.9484848484848484,0.9968152866242038
BERTopic_topic_10,50.0,text_similarity+interactions,"All (Unweighted Clustering, No Square Clustering)",xgboost,245.3672830183059,5673,5675,0.9939870941031274,0.9705882352941176,0.984127599190127,0.9514415781487102,0.990521327014218,0.9935115864527628,0.9675425038639875,0.9837035966517164,0.9484848484848484,0.9873817034700316
BERTopic_topic_10,50.0,text_similarity+interactions,"All but Betweenness and Harmonic (Unweighted Clustering, No Square Clustering)",logistic_regression,245.3672830183059,5673,5675,0.9793839767618802,0.9321486268174476,0.9540708062972464,0.8755690440060698,0.996545768566494,0.9778667029215384,0.932367149758454,0.9521197659597498,0.8772727272727273,0.9948453608247424
BERTopic_topic_10,50.0,text_similarity+interactions,"All but Betweenness and Harmonic (Unweighted Clustering, No Square Clustering)",random_forest,245.3672830183059,5673,5675,0.9921966596715842,0.9728471683475562,0.9831380079981848,0.9514415781487102,0.9952380952380953,0.9916334330342306,0.9721362229102168,0.9830384598444414,0.9515151515151516,0.9936708860759492
BERTopic_topic_10,50.0,text_similarity+interactions,"All but Betweenness and Harmonic (Unweighted Clustering, No Square Clustering)",xgboost,245.3672830183059,5673,5675,0.9931239570174678,0.9705882352941176,0.9830008740781618,0.9514415781487102,0.990521327014218,0.9932478322607934,0.965996908809892,0.9832247862911272,0.946969696969697,0.9858044164037856
BERTopic_topic_10,50.0,text_similarity+interactions,Core Number Only,logistic_regression,245.3672830183059,5673,5675,0.9607926334336694,0.9320388349514565,0.9382294167160168,0.874051593323217,0.9982668977469672,0.959460255596846,0.931285367825384,0.9370794293063218,0.8727272727272727,0.9982668977469672
BERTopic_topic_10,50.0,text_similarity+interactions,Core Number Only,random_forest,245.3672830183059,5673,5675,0.9456722996550476,0.9362041467304624,0.923976611288456,0.8907435508345979,0.9865546218487397,0.9536153660231428,0.936951316839585,0.9276656965519172,0.8893939393939394,0.9898819561551432
BERTopic_topic_10,50.0,text_similarity+interactions,Core Number Only,xgboost,245.3672830183059,5673,5675,0.9545333763489544,0.9370517928286852,0.931163227551413,0.8922610015174507,0.9865771812080536,0.9570018731683738,0.938449240607514,0.9274099379943068,0.8893939393939394,0.9932318104906938
BERTopic_topic_10,100.0,interactions,"All (Unweighted Clustering, No Square Clustering)",logistic_regression,6.231664380058646,5675,5675,0.8571264992900087,0.5674603174603174,0.6699649308176586,0.4333333333333333,0.8218390804597702,0.8571264992900087,0.5674603174603174,0.6699649308176586,0.4333333333333333,0.8218390804597702
BERTopic_topic_10,100.0,interactions,"All (Unweighted Clustering, No Square Clustering)",random_forest,6.231664380058646,5675,5675,0.9192049608749512,0.7954144620811288,0.8365853574445876,0.6833333333333333,0.9514767932489452,0.9192049608749512,0.7954144620811288,0.8365853574445876,0.6833333333333333,0.9514767932489452
BERTopic_topic_10,100.0,interactions,"All (Unweighted Clustering, No Square Clustering)",xgboost,6.231664380058646,5675,5675,0.918151001540832,0.8212147134302823,0.837954233253995,0.7272727272727273,0.9430255402750491,0.918151001540832,0.8212147134302823,0.837954233253995,0.7272727272727273,0.9430255402750491
BERTopic_topic_10,100.0,interactions,"All but Betweenness and Harmonic (Unweighted Clustering, No Square Clustering)",logistic_regression,6.231664380058646,5675,5675,0.854417051874679,0.6060019361084221,0.6707527058673314,0.4742424242424242,0.839142091152815,0.854417051874679,0.6060019361084221,0.6707527058673314,0.4742424242424242,0.839142091152815
BERTopic_topic_10,100.0,interactions,"All but Betweenness and Harmonic (Unweighted Clustering, No Square Clustering)",random_forest,6.231664380058646,5675,5675,0.9160184597721984,0.8056042031523643,0.8367329917053279,0.696969696969697,0.9543568464730292,0.9160184597721984,0.8056042031523643,0.8367329917053279,0.696969696969697,0.9543568464730292
BERTopic_topic_10,100.0,interactions,"All but Betweenness and Harmonic (Unweighted Clustering, No Square Clustering)",xgboost,6.231664380058646,5675,5675,0.9133964772349618,0.8211243611584327,0.8338853790436194,0.7303030303030303,0.9377431906614786,0.9133964772349618,0.8211243611584327,0.8338853790436194,0.7303030303030303,0.9377431906614786
BERTopic_topic_10,100.0,interactions,Core Number Only,logistic_regression,6.231664380058646,5675,5675,0.8166654581709417,0.4625131995776135,0.5387924105383478,0.3318181818181818,0.7630662020905923,0.8166654581709417,0.4625131995776135,0.5387924105383478,0.3318181818181818,0.7630662020905923
BERTopic_topic_10,100.0,interactions,Core Number Only,random_forest,6.231664380058646,5675,5675,0.8135127949484879,0.4390779363336992,0.5298222901405075,0.303030303030303,0.796812749003984,0.8135127949484879,0.4390779363336992,0.5298222901405075,0.303030303030303,0.796812749003984
BERTopic_topic_10,100.0,interactions,Core Number Only,xgboost,6.231664380058646,5675,5675,0.8130454092268649,0.4390779363336992,0.5287228574318688,0.303030303030303,0.796812749003984,0.8130454092268649,0.4390779363336992,0.5287228574318688,0.303030303030303,0.796812749003984
BERTopic_topic_10,100.0,similarity,"All (Unweighted Clustering, No Square Clustering)",logistic_regression,95.53255522111432,5675,5675,0.9442001268920512,0.8454861111111112,0.8768204911828534,0.7378787878787879,0.9898373983739838,0.9442001268920512,0.8454861111111112,0.8768204911828534,0.7378787878787879,0.9898373983739838
BERTopic_topic_10,100.0,similarity,"All (Unweighted Clustering, No Square Clustering)",random_forest,95.53255522111432,5675,5675,0.9938344058732892,0.9334389857369256,0.979381968985274,0.8924242424242425,0.978405315614618,0.9938344058732892,0.9334389857369256,0.979381968985274,0.8924242424242425,0.978405315614618
BERTopic_topic_10,100.0,similarity,"All (Unweighted Clustering, No Square Clustering)",xgboost,95.53255522111432,5675,5675,0.992710958034986,0.9405320813771518,0.9798012148675068,0.9106060606060606,0.9724919093851132,0.992710958034986,0.9405320813771518,0.9798012148675068,0.9106060606060606,0.9724919093851132
BERTopic_topic_10,100.0,similarity,"All but Betweenness and Harmonic (Unweighted Clustering, No Square Clustering)",logistic_regression,95.53255522111432,5675,5675,0.9411816066950662,0.8454861111111112,0.8776919237374146,0.7378787878787879,0.9898373983739838,0.9411816066950662,0.8454861111111112,0.8776919237374146,0.7378787878787879,0.9898373983739838
BERTopic_topic_10,100.0,similarity,"All but Betweenness and Harmonic (Unweighted Clustering, No Square Clustering)",random_forest,95.53255522111432,5675,5675,0.9928857367292064,0.9326999208234362,0.9796028265665552,0.8924242424242425,0.976782752902156,0.9928857367292064,0.9326999208234362,0.9796028265665552,0.8924242424242425,0.976782752902156
BERTopic_topic_10,100.0,similarity,"All but Betweenness and Harmonic (Unweighted Clustering, No Square Clustering)",xgboost,95.53255522111432,5675,5675,0.9926296866974832,0.9404388714733544,0.9798242984354648,0.9090909090909092,0.974025974025974,0.9926296866974832,0.9404388714733544,0.9798242984354648,0.9090909090909092,0.974025974025974
BERTopic_topic_10,100.0,similarity,Core Number Only,logistic_regression,95.53255522111432,5675,5675,0.8945540650774948,0.8235294117647058,0.8359414583394995,0.7,1.0,0.8945540650774948,0.8235294117647058,0.8359414583394995,0.7,1.0
BERTopic_topic_10,100.0,similarity,Core Number Only,random_forest,95.53255522111432,5675,5675,0.9341063174114022,0.8446771378708552,0.8741580676903155,0.7333333333333333,0.9958847736625516,0.9341063174114022,0.8446771378708552,0.8741580676903155,0.7333333333333333,0.9958847736625516
BERTopic_topic_10,100.0,similarity,Core Number Only,xgboost,95.53255522111432,5675,5675,0.9369793649354964,0.8446771378708552,0.8749240590884041,0.7333333333333333,0.9958847736625516,0.9369793649354964,0.8446771378708552,0.8749240590884041,0.7333333333333333,0.9958847736625516
BERTopic_topic_10,100.0,similarity+interactions,"All (Unweighted Clustering, No Square Clustering)",logistic_regression,99.02152158506216,5675,5675,0.9240931750203936,0.8226950354609929,0.861662441429438,0.703030303030303,0.9914529914529916,0.9240931750203936,0.8226950354609929,0.861662441429438,0.703030303030303,0.9914529914529916
BERTopic_topic_10,100.0,similarity+interactions,"All (Unweighted Clustering, No Square Clustering)",random_forest,99.02152158506216,5675,5675,0.9954022780144416,0.9304897314375988,0.9797136231103132,0.8924242424242425,0.971947194719472,0.9954022780144416,0.9304897314375988,0.9797136231103132,0.8924242424242425,0.971947194719472
BERTopic_topic_10,100.0,similarity+interactions,"All (Unweighted Clustering, No Square Clustering)",xgboost,99.02152158506216,5675,5675,0.9929976736457294,0.940809968847352,0.979204475371828,0.9151515151515152,0.967948717948718,0.9929976736457294,0.940809968847352,0.979204475371828,0.9151515151515152,0.967948717948718
BERTopic_topic_10,100.0,similarity+interactions,"All but Betweenness and Harmonic (Unweighted Clustering, No Square Clustering)",logistic_regression,99.02152158506216,5675,5675,0.9221187951297622,0.8219663418954827,0.8618715267788294,0.703030303030303,0.9893390191897654,0.9221187951297622,0.8219663418954827,0.8618715267788294,0.703030303030303,0.9893390191897654
BERTopic_topic_10,100.0,similarity+interactions,"All but Betweenness and Harmonic (Unweighted Clustering, No Square Clustering)",random_forest,99.02152158506216,5675,5675,0.993190579775824,0.9312252964426876,0.977831542975417,0.8924242424242425,0.9735537190082644,0.993190579775824,0.9312252964426876,0.977831542975417,0.8924242424242425,0.9735537190082644
BERTopic_topic_10,100.0,similarity+interactions,"All but Betweenness and Harmonic (Unweighted Clustering, No Square Clustering)",xgboost,99.02152158506216,5675,5675,0.993802833922475,0.9359375,0.9795592512286264,0.9075757575757576,0.9661290322580646,0.993802833922475,0.9359375,0.9795592512286264,0.9075757575757576,0.9661290322580646
BERTopic_topic_10,100.0,similarity+interactions,Core Number Only,logistic_regression,99.02152158506216,5675,5675,0.8932355962415783,0.8202846975088968,0.8333078667445504,0.6984848484848485,0.9935344827586208,0.8932355962415783,0.8202846975088968,0.8333078667445504,0.6984848484848485,0.9935344827586208
BERTopic_topic_10,100.0,similarity+interactions,Core Number Only,random_forest,99.02152158506216,5675,5675,0.9325739448321704,0.8424717145343777,0.8689242477058536,0.7333333333333333,0.9897750511247444,0.9325739448321704,0.8424717145343777,0.8689242477058536,0.7333333333333333,0.9897750511247444
BERTopic_topic_10,100.0,similarity+interactions,Core Number Only,xgboost,99.02152158506216,5675,5675,0.93405571165292,0.8414634146341463,0.8703881407769258,0.7318181818181818,0.9897540983606558,0.93405571165292,0.8414634146341463,0.8703881407769258,0.7318181818181818,0.9897540983606558
BERTopic_topic_10,100.0,similarity+text_similarity,"All (Unweighted Clustering, No Square Clustering)",logistic_regression,281.848231703043,5675,5675,0.9512955074171424,0.9303079416531604,0.9294719448835548,0.8696969696969697,1.0,0.9512955074171424,0.9303079416531604,0.9294719448835548,0.8696969696969697,1.0
BERTopic_topic_10,100.0,similarity+text_similarity,"All (Unweighted Clustering, No Square Clustering)",random_forest,281.848231703043,5675,5675,0.9959178525030968,0.9680933852140078,0.9887146235771692,0.9424242424242424,0.9952,0.9959178525030968,0.9680933852140078,0.9887146235771692,0.9424242424242424,0.9952
BERTopic_topic_10,100.0,similarity+text_similarity,"All (Unweighted Clustering, No Square Clustering)",xgboost,281.848231703043,5675,5675,0.995992930300009,0.9682907965970612,0.9891328504624594,0.9484848484848484,0.9889415481832544,0.995992930300009,0.9682907965970612,0.9891328504624594,0.9484848484848484,0.9889415481832544
BERTopic_topic_10,100.0,similarity+text_similarity,"All but Betweenness and Harmonic (Unweighted Clustering, No Square Clustering)",logistic_regression,281.848231703043,5675,5675,0.9616317713526088,0.936341659951652,0.9388543669917824,0.8803030303030303,1.0,0.9616317713526088,0.936341659951652,0.9388543669917824,0.8803030303030303,1.0
BERTopic_topic_10,100.0,similarity+text_similarity,"All but Betweenness and Harmonic (Unweighted Clustering, No Square Clustering)",random_forest,281.848231703043,5675,5675,0.9975869361612132,0.967391304347826,0.9901887505653728,0.943939393939394,0.9920382165605096,0.9975869361612132,0.967391304347826,0.9901887505653728,0.943939393939394,0.9920382165605096
BERTopic_topic_10,100.0,similarity+text_similarity,"All but Betweenness and Harmonic (Unweighted Clustering, No Square Clustering)",xgboost,281.848231703043,5675,5675,0.9956599897277862,0.9666924864446166,0.9882663521562222,0.9454545454545454,0.9889064976228208,0.9956599897277862,0.9666924864446166,0.9882663521562222,0.9454545454545454,0.9889064976228208
BERTopic_topic_10,100.0,similarity+text_similarity,Core Number Only,logistic_regression,281.848231703043,5675,5675,0.9604620985528264,0.935483870967742,0.9385572681158284,0.8787878787878788,1.0,0.9604620985528264,0.935483870967742,0.9385572681158284,0.8787878787878788,1.0
BERTopic_topic_10,100.0,similarity+text_similarity,Core Number Only,random_forest,281.848231703043,5675,5675,0.9439522342064716,0.939102564102564,0.9189947108845864,0.8878787878787879,0.9965986394557824,0.9439522342064716,0.939102564102564,0.9189947108845864,0.8878787878787879,0.9965986394557824
BERTopic_topic_10,100.0,similarity+text_similarity,Core Number Only,xgboost,281.848231703043,5675,5675,0.955223269585184,0.9382518043303928,0.9297363921147652,0.8863636363636364,0.9965928449744464,0.955223269585184,0.9382518043303928,0.9297363921147652,0.8863636363636364,0.9965928449744464
BERTopic_topic_10,100.0,similarity+text_similarity+interactions,"All (Unweighted Clustering, No Square Clustering)",logistic_regression,266.7229781933129,5675,5675,0.9523097374543036,0.9227013832384052,0.9272592750263812,0.8590909090909091,0.9964850615114236,0.9523097374543036,0.9227013832384052,0.9272592750263812,0.8590909090909091,0.9964850615114236
BERTopic_topic_10,100.0,similarity+text_similarity+interactions,"All (Unweighted Clustering, No Square Clustering)",random_forest,266.7229781933129,5675,5675,0.9958510831142936,0.967391304347826,0.9886948680850968,0.943939393939394,0.9920382165605096,0.9958510831142936,0.967391304347826,0.9886948680850968,0.943939393939394,0.9920382165605096
BERTopic_topic_10,100.0,similarity+text_similarity+interactions,"All (Unweighted Clustering, No Square Clustering)",xgboost,266.7229781933129,5675,5675,0.9954663282878636,0.965197215777262,0.988089403462907,0.9454545454545454,0.985781990521327,0.9954663282878636,0.965197215777262,0.988089403462907,0.9454545454545454,0.985781990521327
BERTopic_topic_10,100.0,similarity+text_similarity+interactions,"All but Betweenness and Harmonic (Unweighted Clustering, No Square Clustering)",logistic_regression,266.7229781933129,5675,5675,0.9651161666515604,0.9305331179321488,0.9409376702522716,0.8727272727272727,0.9965397923875432,0.9651161666515604,0.9305331179321488,0.9409376702522716,0.8727272727272727,0.9965397923875432
BERTopic_topic_10,100.0,similarity+text_similarity+interactions,"All but Betweenness and Harmonic (Unweighted Clustering, No Square Clustering)",random_forest,266.7229781933129,5675,5675,0.9976795371461374,0.9666408068269976,0.9900351206750904,0.943939393939394,0.9904610492845788,0.9976795371461374,0.9666408068269976,0.9900351206750904,0.943939393939394,0.9904610492845788
BERTopic_topic_10,100.0,similarity+text_similarity+interactions,"All but Betweenness and Harmonic (Unweighted Clustering, No Square Clustering)",xgboost,266.7229781933129,5675,5675,0.9952173781685246,0.9652509652509652,0.9877065872636046,0.946969696969697,0.984251968503937,0.9952173781685246,0.9652509652509652,0.9877065872636046,0.946969696969697,0.984251968503937
BERTopic_topic_10,100.0,similarity+text_similarity+interactions,Core Number Only,logistic_regression,266.7229781933129,5675,5675,0.9601992507326508,0.9330104923325262,0.9383816790216608,0.8757575757575757,0.998272884283247,0.9601992507326508,0.9330104923325262,0.9383816790216608,0.8757575757575757,0.998272884283247
BERTopic_topic_10,100.0,similarity+text_similarity+interactions,Core Number Only,random_forest,266.7229781933129,5675,5675,0.9488957370313302,0.9376,0.9213238510774556,0.8878787878787879,0.9932203389830508,0.9488957370313302,0.9376,0.9213238510774556,0.8878787878787879,0.9932203389830508
BERTopic_topic_10,100.0,similarity+text_similarity+interactions,Core Number Only,xgboost,266.7229781933129,5675,5675,0.9576774222786186,0.9375,0.9283631753578824,0.8863636363636364,0.9948979591836736,0.9576774222786186,0.9375,0.9283631753578824,0.8863636363636364,0.9948979591836736
BERTopic_topic_10,100.0,text_similarity,"All (Unweighted Clustering, No Square Clustering)",logistic_regression,219.9839364727959,5675,5675,0.9420142602495544,0.9150641025641024,0.920918583689087,0.8651515151515151,0.9710884353741496,0.9420142602495544,0.9150641025641024,0.920918583689087,0.8651515151515151,0.9710884353741496
BERTopic_topic_10,100.0,text_similarity,"All (Unweighted Clustering, No Square Clustering)",random_forest,219.9839364727959,5675,5675,0.9922322426659416,0.9682416731216112,0.9837675400629572,0.946969696969697,0.9904912836767036,0.9922322426659416,0.9682416731216112,0.9837675400629572,0.946969696969697,0.9904912836767036
BERTopic_topic_10,100.0,text_similarity,"All (Unweighted Clustering, No Square Clustering)",xgboost,219.9839364727959,5675,5675,0.9941116045801988,0.9682907965970612,0.9848647197031296,0.9484848484848484,0.9889415481832544,0.9941116045801988,0.9682907965970612,0.9848647197031296,0.9484848484848484,0.9889415481832544
BERTopic_topic_10,100.0,text_similarity,"All but Betweenness and Harmonic (Unweighted Clustering, No Square Clustering)",logistic_regression,219.9839364727959,5675,5675,0.9619994561769238,0.9288025889967636,0.9383636858753406,0.8696969696969697,0.9965277777777778,0.9619994561769238,0.9288025889967636,0.9383636858753406,0.8696969696969697,0.9965277777777778
BERTopic_topic_10,100.0,text_similarity,"All but Betweenness and Harmonic (Unweighted Clustering, No Square Clustering)",random_forest,219.9839364727959,5675,5675,0.9919199975830084,0.9714726291441788,0.983629005083832,0.9545454545454546,0.989010989010989,0.9919199975830084,0.9714726291441788,0.983629005083832,0.9545454545454546,0.989010989010989
BERTopic_topic_10,100.0,text_similarity,"All but Betweenness and Harmonic (Unweighted Clustering, No Square Clustering)",xgboost,219.9839364727959,5675,5675,0.9946937973956916,0.9706336939721792,0.9851408692575432,0.9515151515151516,0.9905362776025236,0.9946937973956916,0.9706336939721792,0.9851408692575432,0.9515151515151516,0.9905362776025236
BERTopic_topic_10,100.0,text_similarity,Core Number Only,logistic_regression,219.9839364727959,5675,5675,0.9601188857669416,0.9320388349514565,0.9376329164248168,0.8727272727272727,1.0,0.9601188857669416,0.9320388349514565,0.9376329164248168,0.8727272727272727,1.0
BERTopic_topic_10,100.0,text_similarity,Core Number Only,random_forest,219.9839364727959,5675,5675,0.944420677361854,0.9354581673306772,0.9224427708038366,0.8893939393939394,0.9865546218487397,0.944420677361854,0.9354581673306772,0.9224427708038366,0.8893939393939394,0.9865546218487397
BERTopic_topic_10,100.0,text_similarity,Core Number Only,xgboost,219.9839364727959,5675,5675,0.9521391884951208,0.936951316839585,0.9275834863656256,0.8893939393939394,0.9898819561551432,0.9521391884951208,0.936951316839585,0.9275834863656256,0.8893939393939394,0.9898819561551432
BERTopic_topic_10,100.0,text_similarity+interactions,"All (Unweighted Clustering, No Square Clustering)",logistic_regression,238.57020965218544,5675,5675,0.9629668570047434,0.9208163265306124,0.9312013090711264,0.8545454545454545,0.9982300884955752,0.9629668570047434,0.9208163265306124,0.9312013090711264,0.8545454545454545,0.9982300884955752
BERTopic_topic_10,100.0,text_similarity+interactions,"All (Unweighted Clustering, No Square Clustering)",random_forest,238.57020965218544,5675,5675,0.9926922263512492,0.9674418604651164,0.9834905140326964,0.9454545454545454,0.9904761904761904,0.9926922263512492,0.9674418604651164,0.9834905140326964,0.9454545454545454,0.9904761904761904
BERTopic_topic_10,100.0,text_similarity+interactions,"All (Unweighted Clustering, No Square Clustering)",xgboost,238.57020965218544,5675,5675,0.99400676757606,0.9675925925925926,0.9835964205490784,0.95,0.9858490566037736,0.99400676757606,0.9675925925925926,0.9835964205490784,0.95,0.9858490566037736
BERTopic_topic_10,100.0,text_similarity+interactions,"All but Betweenness and Harmonic (Unweighted Clustering, No Square Clustering)",logistic_regression,238.57020965218544,5675,5675,0.9707447354904984,0.9246963562753036,0.9426810969662494,0.8651515151515151,0.9930434782608696,0.9707447354904984,0.9246963562753036,0.9426810969662494,0.8651515151515151,0.9930434782608696
BERTopic_topic_10,100.0,text_similarity+interactions,"All but Betweenness and Harmonic (Unweighted Clustering, No Square Clustering)",random_forest,238.57020965218544,5675,5675,0.992320764977794,0.9683397683397684,0.9834045551067389,0.95,0.9874015748031496,0.992320764977794,0.9683397683397684,0.9834045551067389,0.95,0.9874015748031496
BERTopic_topic_10,100.0,text_similarity+interactions,"All but Betweenness and Harmonic (Unweighted Clustering, No Square Clustering)",xgboost,238.57020965218544,5675,5675,0.9935961811535092,0.9668465690053972,0.9836801668898384,0.95,0.9843014128728416,0.9935961811535092,0.9668465690053972,0.9836801668898384,0.95,0.9843014128728416
BERTopic_topic_10,100.0,text_similarity+interactions,Core Number Only,logistic_regression,238.57020965218544,5675,5675,0.9598067917459742,0.931285367825384,0.9373053167350092,0.8727272727272727,0.9982668977469672,0.9598067917459742,0.931285367825384,0.9373053167350092,0.8727272727272727,0.9982668977469672
BERTopic_topic_10,100.0,text_similarity+interactions,Core Number Only,random_forest,238.57020965218544,5675,5675,0.9487736789631108,0.9353551476456504,0.9251194875285124,0.8878787878787879,0.988195615514334,0.9487736789631108,0.9353551476456504,0.9251194875285124,0.8878787878787879,0.988195615514334
BERTopic_topic_10,100.0,text_similarity+interactions,Core Number Only,xgboost,238.57020965218544,5675,5675,0.9559930813619748,0.9353551476456504,0.9262851755545444,0.8878787878787879,0.988195615514334,0.9559930813619748,0.9353551476456504,0.9262851755545444,0.8878787878787879,0.988195615514334
BERTopic_topic_128,1.0,interactions,"All (Unweighted Clustering, No Square Clustering)",logistic_regression,5.52817964553833,3639,5675,0.9065187321580976,0.7310924369747899,0.8002989700137564,0.6327272727272727,0.8656716417910447,0.8412310039578236,0.6322827125119389,0.6564853664294495,0.5015151515151515,0.8552971576227391
BERTopic_topic_128,1.0,interactions,"All (Unweighted Clustering, No Square Clustering)",random_forest,5.52817964553833,3639,5675,0.945879513817358,0.8301119023397762,0.8891917657185539,0.7418181818181818,0.9422632794457276,0.8787404453306747,0.7506899724011039,0.7720075065995581,0.6181818181818182,0.955503512880562
BERTopic_topic_128,1.0,interactions,"All (Unweighted Clustering, No Square Clustering)",xgboost,5.52817964553833,3639,5675,0.9430295182318492,0.8464566929133859,0.889470115110697,0.7818181818181819,0.9227467811158798,0.8843712800990966,0.7775800711743772,0.7756232709703288,0.6621212121212121,0.9418103448275862
BERTopic_topic_128,1.0,interactions,"All but Betweenness and Harmonic (Unweighted Clustering, No Square Clustering)",logistic_regression,5.52817964553833,3639,5675,0.9063627534653758,0.7329842931937173,0.7984795604102546,0.6363636363636364,0.8641975308641975,0.842609595456056,0.6248812915479582,0.6565035266237743,0.4984848484848485,0.8371501272264631
BERTopic_topic_128,1.0,interactions,"All but Betweenness and Harmonic (Unweighted Clustering, No Square Clustering)",random_forest,5.52817964553833,3639,5675,0.9470275758556754,0.8333333333333334,0.8891249290552029,0.7454545454545455,0.9447004608294932,0.8797389649234114,0.7552703941338221,0.7729289824031108,0.6242424242424243,0.9559164733178654
BERTopic_topic_128,1.0,interactions,"All but Betweenness and Harmonic (Unweighted Clustering, No Square Clustering)",xgboost,5.52817964553833,3639,5675,0.941370846699432,0.8364348677766895,0.8860438144926426,0.7763636363636364,0.9065817409766456,0.8842093416719539,0.7645478961504029,0.7724049478508188,0.646969696969697,0.9343544857768052
BERTopic_topic_128,1.0,interactions,Core Number Only,logistic_regression,5.52817964553833,3639,5675,0.8353980399658613,0.5530973451327433,0.606487022612781,0.4545454545454545,0.7062146892655368,0.790845644883531,0.4930966469428008,0.5280511534944254,0.3787878787878788,0.7062146892655368
BERTopic_topic_128,1.0,interactions,Core Number Only,random_forest,5.52817964553833,3639,5675,0.8338117660908207,0.5012594458438288,0.5920321221390517,0.3618181818181818,0.8155737704918032,0.7905670866189312,0.4432432432432432,0.522441254570437,0.3106060606060606,0.7735849056603774
BERTopic_topic_128,1.0,interactions,Core Number Only,xgboost,5.52817964553833,3639,5675,0.8336628505841843,0.5012594458438288,0.5912675917291382,0.3618181818181818,0.8155737704918032,0.7898166107737394,0.4432432432432432,0.5224624477333948,0.3106060606060606,0.7735849056603774
BERTopic_topic_128,1.0,similarity,"All (Unweighted Clustering, No Square Clustering)",logistic_regression,76.86331607587636,3639,5675,0.9618240678065864,0.896,0.9278811952453192,0.8145454545454546,0.9955555555555556,0.90880162542675,0.8079350766456267,0.8124078279209835,0.6787878787878788,0.9977728285077953
BERTopic_topic_128,1.0,similarity,"All (Unweighted Clustering, No Square Clustering)",random_forest,76.86331607587636,3639,5675,0.9932593660790489,0.9477682811016144,0.9821946798066592,0.9072727272727272,0.9920477137176938,0.9492389498172148,0.8593615185504746,0.8689521373774759,0.7545454545454545,0.997995991983968
BERTopic_topic_128,1.0,similarity,"All (Unweighted Clustering, No Square Clustering)",xgboost,76.86331607587636,3639,5675,0.9929303393272316,0.9653233364573572,0.9852529089223768,0.9363636363636364,0.9961315280464216,0.9501064986857608,0.8678601875532822,0.8681441523316662,0.7712121212121212,0.9922027290448344
BERTopic_topic_128,1.0,similarity,"All but Betweenness and Harmonic (Unweighted Clustering, No Square Clustering)",logistic_regression,76.86331607587636,3639,5675,0.9588269225109628,0.898,0.9305582407749774,0.8163636363636364,0.9977777777777778,0.9051447173630623,0.8100810081008101,0.8117710841630207,0.6818181818181818,0.9977827050997784
BERTopic_topic_128,1.0,similarity,"All but Betweenness and Harmonic (Unweighted Clustering, No Square Clustering)",random_forest,76.86331607587636,3639,5675,0.9896062273757322,0.9480642115203022,0.9795473198717194,0.9127272727272728,0.986247544204322,0.9481650503036344,0.8576358930112166,0.8675260904584761,0.753030303030303,0.995991983967936
BERTopic_topic_128,1.0,similarity,"All but Betweenness and Harmonic (Unweighted Clustering, No Square Clustering)",xgboost,76.86331607587636,3639,5675,0.9929491744901264,0.9576669802445908,0.9855864737095368,0.9254545454545454,0.9922027290448344,0.9507050061935406,0.8663829787234043,0.8695138076405854,0.7712121212121212,0.9883495145631068
BERTopic_topic_128,1.0,similarity,Core Number Only,logistic_regression,76.86331607587636,3639,5675,0.951102445628182,0.8888888888888888,0.9193732226640372,0.8,1.0,0.8350173721260461,0.7912087912087912,0.7860822061838865,0.6545454545454545,1.0
BERTopic_topic_128,1.0,similarity,Core Number Only,random_forest,76.86331607587636,3639,5675,0.9535136407781276,0.9072978303747534,0.9279783661405404,0.8363636363636363,0.9913793103448276,0.8969035318287562,0.8177777777777778,0.802135205534555,0.696969696969697,0.989247311827957
BERTopic_topic_128,1.0,similarity,Core Number Only,xgboost,76.86331607587636,3639,5675,0.955739132993908,0.9072978303747534,0.928681718216724,0.8363636363636363,0.9913793103448276,0.8994386537357624,0.8177777777777778,0.8008822099720114,0.696969696969697,0.989247311827957
BERTopic_topic_128,1.0,similarity+interactions,"All (Unweighted Clustering, No Square Clustering)",logistic_regression,64.24079466238618,3639,5675,0.9820718679184202,0.8997078870496592,0.9496470149151326,0.84,0.9685534591194968,0.9216869089700596,0.8219663418954827,0.8240030865951748,0.703030303030303,0.9893390191897654
BERTopic_topic_128,1.0,similarity+interactions,"All (Unweighted Clustering, No Square Clustering)",random_forest,64.24079466238618,3639,5675,0.9950610671296976,0.9568480300187616,0.9850428348148011,0.9272727272727272,0.9883720930232558,0.9528402670775552,0.8697872340425532,0.8747443502193408,0.7742424242424243,0.9922330097087378
BERTopic_topic_128,1.0,similarity+interactions,"All (Unweighted Clustering, No Square Clustering)",xgboost,64.24079466238618,3639,5675,0.9926260337267137,0.9588785046728971,0.9834818902666856,0.9327272727272728,0.9865384615384616,0.947413365962718,0.8709677419354839,0.8641092894854924,0.7772727272727272,0.9903474903474904
BERTopic_topic_128,1.0,similarity+interactions,"All but Betweenness and Harmonic (Unweighted Clustering, No Square Clustering)",logistic_regression,64.24079466238618,3639,5675,0.9798710968539392,0.9085545722713864,0.9530044901724124,0.84,0.9892933618843684,0.9247211396114686,0.8265486725663717,0.8292054111947602,0.7075757575757575,0.9936170212765958
BERTopic_topic_128,1.0,similarity+interactions,"All but Betweenness and Harmonic (Unweighted Clustering, No Square Clustering)",random_forest,64.24079466238618,3639,5675,0.9907719473792636,0.9598506069094304,0.9817741033476312,0.9345454545454546,0.9865642994241842,0.9510959545605608,0.868824531516184,0.8720495694563988,0.7727272727272727,0.9922178988326849
BERTopic_topic_128,1.0,similarity+interactions,"All but Betweenness and Harmonic (Unweighted Clustering, No Square Clustering)",xgboost,64.24079466238618,3639,5675,0.992002707554666,0.9599254426840632,0.9839792635704192,0.9363636363636364,0.9847036328871892,0.9483374120064052,0.8709677419354839,0.8653483228256753,0.7772727272727272,0.9903474903474904
BERTopic_topic_128,1.0,similarity+interactions,Core Number Only,logistic_regression,64.24079466238618,3639,5675,0.9491103328526443,0.8850806451612904,0.9148652187517792,0.7981818181818182,0.993212669683258,0.8363622768059459,0.7864344637946837,0.7830550981173536,0.65,0.9953596287703016
BERTopic_topic_128,1.0,similarity+interactions,Core Number Only,random_forest,64.24079466238618,3639,5675,0.9476921039465556,0.892,0.9141985729202078,0.8109090909090909,0.9911111111111112,0.8915997462158978,0.7992766726943942,0.7918791733329897,0.6696969696969697,0.9910313901345292
BERTopic_topic_128,1.0,similarity+interactions,Core Number Only,xgboost,64.24079466238618,3639,5675,0.9494702610435856,0.8953140578265204,0.912004180260526,0.8163636363636364,0.9911699779249448,0.8928028037100818,0.8036036036036036,0.792573537922556,0.6757575757575758,0.9911111111111112
BERTopic_topic_128,1.0,similarity+text_similarity,"All (Unweighted Clustering, No Square Clustering)",logistic_regression,258.9123362544924,3639,5675,0.9924753524235556,0.9632352941176472,0.986471063530195,0.9527272727272728,0.9739776951672864,0.9554661772258982,0.8864592094196804,0.8800249726037702,0.7984848484848485,0.996219281663516
BERTopic_topic_128,1.0,similarity+text_similarity,"All (Unweighted Clustering, No Square Clustering)",random_forest,258.9123362544924,3639,5675,0.9988066158509668,0.9852941176470588,0.9975344278277212,0.9745454545454544,0.9962825278810408,0.9603722166832837,0.8922305764411027,0.8872781908139341,0.8090909090909091,0.994413407821229
BERTopic_topic_128,1.0,similarity+text_similarity,"All (Unweighted Clustering, No Square Clustering)",xgboost,258.9123362544924,3639,5675,0.9988834279996468,0.9844179651695693,0.9967580290227258,0.9763636363636364,0.9926062846580408,0.9567752802199462,0.8898163606010017,0.8802930659143047,0.8075757575757576,0.9907063197026024
BERTopic_topic_128,1.0,similarity+text_similarity,"All but Betweenness and Harmonic (Unweighted Clustering, No Square Clustering)",logistic_regression,258.9123362544924,3639,5675,0.990560051796698,0.9777365491651204,0.9860621892481252,0.958181818181818,0.9981060606060606,0.9481321187951298,0.8853288364249579,0.870821991290895,0.7954545454545454,0.9980988593155894
BERTopic_topic_128,1.0,similarity+text_similarity,"All but Betweenness and Harmonic (Unweighted Clustering, No Square Clustering)",random_forest,258.9123362544924,3639,5675,0.9987280379057653,0.98348623853211,0.9970811239131518,0.9745454545454544,0.9925925925925926,0.9600155593824587,0.8914858096828047,0.8867980415592049,0.8090909090909091,0.9925650557620818
BERTopic_topic_128,1.0,similarity+text_similarity,"All but Betweenness and Harmonic (Unweighted Clustering, No Square Clustering)",xgboost,258.9123362544924,3639,5675,0.9987521704582242,0.9844179651695693,0.9966717237618568,0.9763636363636364,0.9926062846580408,0.9581263784404362,0.8931552587646077,0.8828414276484932,0.8106060606060606,0.9944237918215614
BERTopic_topic_128,1.0,similarity+text_similarity,Core Number Only,logistic_regression,258.9123362544924,3639,5675,0.9892230495305924,0.97196261682243,0.9820239316213708,0.9454545454545454,1.0,0.8579322638146167,0.8746803069053708,0.8395239054470406,0.7772727272727272,1.0
BERTopic_topic_128,1.0,similarity+text_similarity,Core Number Only,random_forest,258.9123362544924,3639,5675,0.987219753377086,0.9786839666357738,0.978909788065565,0.96,0.998109640831758,0.9432413365962716,0.889261744966443,0.8656991003157387,0.803030303030303,0.9962406015037594
BERTopic_topic_128,1.0,similarity+text_similarity,Core Number Only,xgboost,258.9123362544924,3639,5675,0.9899017039936432,0.9805735430157262,0.981954595472085,0.9636363636363636,0.9981167608286252,0.945364965708934,0.8883291351805206,0.8659690166222422,0.8015151515151515,0.9962335216572504
BERTopic_topic_128,1.0,similarity+text_similarity+interactions,"All (Unweighted Clustering, No Square Clustering)",logistic_regression,258.63968990184367,3639,5675,0.992204596956944,0.9535941765241128,0.9845080489289436,0.9527272727272728,0.9544626593806922,0.9518364603160216,0.8757297748123436,0.8712361726393973,0.7954545454545454,0.974025974025974
BERTopic_topic_128,1.0,similarity+text_similarity+interactions,"All (Unweighted Clustering, No Square Clustering)",random_forest,258.63968990184367,3639,5675,0.9996029900821096,0.9862511457378552,0.9979681318350884,0.9781818181818182,0.9944547134935304,0.9605226744010392,0.8939014202172096,0.8877836301673576,0.8106060606060606,0.9962756052141528
BERTopic_topic_128,1.0,similarity+text_similarity+interactions,"All (Unweighted Clustering, No Square Clustering)",xgboost,258.63968990184367,3639,5675,0.9985738250095648,0.9844748858447488,0.996259791738734,0.98,0.9889908256880734,0.958297078461585,0.8927680798004988,0.8837247086757777,0.8136363636363636,0.988950276243094
BERTopic_topic_128,1.0,similarity+text_similarity+interactions,"All but Betweenness and Harmonic (Unweighted Clustering, No Square Clustering)",logistic_regression,258.63968990184367,3639,5675,0.9922958297772154,0.9786839666357738,0.98708078578402,0.96,0.998109640831758,0.9490560137768512,0.8855218855218855,0.8711940404757451,0.796969696969697,0.9962121212121212
BERTopic_topic_128,1.0,similarity+text_similarity+interactions,"All but Betweenness and Harmonic (Unweighted Clustering, No Square Clustering)",random_forest,258.63968990184367,3639,5675,0.99785161423232,0.9853479853479854,0.9960168945929628,0.9781818181818182,0.992619926199262,0.9601652617903864,0.8914858096828047,0.8865858462595314,0.8090909090909091,0.9925650557620818
BERTopic_topic_128,1.0,similarity+text_similarity+interactions,"All but Betweenness and Harmonic (Unweighted Clustering, No Square Clustering)",xgboost,258.63968990184367,3639,5675,0.9986591718414316,0.9872029250457038,0.9966972724970454,0.9818181818181818,0.9926470588235294,0.9583822774101936,0.890924229808493,0.8838440741184155,0.8106060606060606,0.988909426987061
BERTopic_topic_128,1.0,similarity+text_similarity+interactions,Core Number Only,logistic_regression,258.63968990184367,3639,5675,0.9891680155390092,0.97196261682243,0.9819858653790526,0.9454545454545454,1.0,0.85788906009245,0.8746803069053708,0.8394911654368354,0.7772727272727272,1.0
BERTopic_topic_128,1.0,similarity+text_similarity+interactions,Core Number Only,random_forest,258.63968990184367,3639,5675,0.9873922128373408,0.9814814814814816,0.9786708695258098,0.9636363636363636,1.0,0.943584398320191,0.8900083963056256,0.8658552648941085,0.803030303030303,0.9981167608286252
BERTopic_topic_128,1.0,similarity+text_similarity+interactions,Core Number Only,xgboost,258.63968990184367,3639,5675,0.9904155507813648,0.9805375347544022,0.9818931218812756,0.9618181818181818,1.0,0.9459566754282608,0.8890756302521008,0.8676612707516898,0.8015151515151515,0.9981132075471698
BERTopic_topic_128,1.0,text_similarity,"All (Unweighted Clustering, No Square Clustering)",logistic_regression,230.081766506657,3639,5675,0.9899255422466816,0.9749768303985172,0.9857833004241616,0.9563636363636364,0.994328922495274,0.9533788029849845,0.8845829823083403,0.8785128843558331,0.7954545454545454,0.9962049335863378
BERTopic_topic_128,1.0,text_similarity,"All (Unweighted Clustering, No Square Clustering)",random_forest,230.081766506657,3639,5675,0.9978148268047912,0.9881061299176578,0.9960721473521524,0.9818181818181818,0.994475138121547,0.9596924378380012,0.8922305764411027,0.8860323277499446,0.8090909090909091,0.994413407821229
BERTopic_topic_128,1.0,text_similarity,"All (Unweighted Clustering, No Square Clustering)",xgboost,230.081766506657,3639,5675,0.9987192089231584,0.9835466179159048,0.99645840313281,0.9781818181818182,0.9889705882352942,0.9578938940753496,0.8925895087427144,0.8826672312166708,0.8121212121212121,0.9907578558225508
BERTopic_topic_128,1.0,text_similarity,"All but Betweenness and Harmonic (Unweighted Clustering, No Square Clustering)",logistic_regression,230.081766506657,3639,5675,0.989788987315695,0.9758364312267658,0.9855655268565284,0.9545454545454546,0.9980988593155894,0.9481055318891808,0.8825021132713441,0.8707084479930227,0.7909090909090909,0.9980879541108988
BERTopic_topic_128,1.0,text_similarity,"All but Betweenness and Harmonic (Unweighted Clustering, No Square Clustering)",random_forest,230.081766506657,3639,5675,0.9978860472644868,0.9872029250457038,0.9962769549799,0.9818181818181818,0.9926470588235294,0.9597366989939272,0.8916666666666667,0.8859743854455037,0.8106060606060606,0.9907407407407408
BERTopic_topic_128,1.0,text_similarity,"All but Betweenness and Harmonic (Unweighted Clustering, No Square Clustering)",xgboost,230.081766506657,3639,5675,0.9982948291591864,0.9862763037511436,0.9958937706681902,0.98,0.992633517495396,0.9579082449620834,0.8942547876769359,0.882714302913279,0.8136363636363636,0.9926062846580408
BERTopic_topic_128,1.0,text_similarity,Core Number Only,logistic_regression,230.081766506657,3639,5675,0.9888254510138614,0.97196261682243,0.9816675184133026,0.9454545454545454,1.0,0.8579019003595275,0.8746803069053708,0.8394026757722238,0.7772727272727272,1.0
BERTopic_topic_128,1.0,text_similarity,Core Number Only,random_forest,230.081766506657,3639,5675,0.9858550869654786,0.9797421731123388,0.9774430569936444,0.9672727272727272,0.9925373134328358,0.9458985165714976,0.8903765690376569,0.8694994722462961,0.806060606060606,0.994392523364486
BERTopic_topic_128,1.0,text_similarity,Core Number Only,xgboost,230.081766506657,3639,5675,0.9887100856411312,0.9806094182825484,0.9816935862666856,0.9654545454545456,0.9962476547842402,0.945062539653766,0.8901927912824812,0.869223204717946,0.8045454545454546,0.9962476547842402
BERTopic_topic_128,1.0,text_similarity+interactions,"All (Unweighted Clustering, No Square Clustering)",logistic_regression,287.1139164250344,3639,5675,0.9901904117248888,0.9786839666357738,0.9849026029169704,0.96,0.998109640831758,0.950676002296142,0.8883291351805206,0.8739886751480231,0.8015151515151515,0.9962335216572504
BERTopic_topic_128,1.0,text_similarity+interactions,"All (Unweighted Clustering, No Square Clustering)",random_forest,287.1139164250344,3639,5675,0.999466729450543,0.9880843263061412,0.9974386112820444,0.98,0.9963031423290204,0.9607373334541828,0.8922305764411027,0.8873671770348245,0.8090909090909091,0.994413407821229
BERTopic_topic_128,1.0,text_similarity+interactions,"All (Unweighted Clustering, No Square Clustering)",xgboost,287.1139164250344,3639,5675,0.9983519232467112,0.9862763037511436,0.9959862458099,0.98,0.992633517495396,0.9577892081331764,0.8925895087427144,0.8825487767700454,0.8121212121212121,0.9907578558225508
BERTopic_topic_128,1.0,text_similarity+interactions,"All but Betweenness and Harmonic (Unweighted Clustering, No Square Clustering)",logistic_regression,287.1139164250344,3639,5675,0.989929662438565,0.975925925925926,0.9843992003775416,0.958181818181818,0.9943396226415094,0.9470169793649356,0.8853288364249579,0.8697504593374769,0.7954545454545454,0.9980988593155894
BERTopic_topic_128,1.0,text_similarity+interactions,"All but Betweenness and Harmonic (Unweighted Clustering, No Square Clustering)",random_forest,287.1139164250344,3639,5675,0.9978586774184056,0.9890310786106032,0.996191374530802,0.9836363636363636,0.9944852941176472,0.9602515181727544,0.8931552587646077,0.8871690711697666,0.8106060606060606,0.9944237918215614
BERTopic_topic_128,1.0,text_similarity+interactions,"All but Betweenness and Harmonic (Unweighted Clustering, No Square Clustering)",xgboost,287.1139164250344,3639,5675,0.9979228346920156,0.989010989010989,0.9955590053220392,0.9818181818181818,0.996309963099631,0.9580179159491224,0.891846921797005,0.8827343353314993,0.8121212121212121,0.988929889298893
BERTopic_topic_128,1.0,text_similarity+interactions,Core Number Only,logistic_regression,287.1139164250344,3639,5675,0.9887742429147416,0.97196261682243,0.9816474025474748,0.9454545454545454,1.0,0.8578719900903351,0.8746803069053708,0.8393791050680504,0.7772727272727272,1.0
BERTopic_topic_128,1.0,text_similarity+interactions,Core Number Only,random_forest,287.1139164250344,3639,5675,0.9859213043350304,0.9797421731123388,0.9773014829041814,0.9672727272727272,0.9925373134328358,0.9459935345478716,0.8896321070234113,0.8695605556718312,0.806060606060606,0.9925373134328358
BERTopic_topic_128,1.0,text_similarity+interactions,Core Number Only,xgboost,287.1139164250344,3639,5675,0.989118867535831,0.9796672828096118,0.981569415993572,0.9636363636363636,0.9962406015037594,0.9448669144082904,0.8866498740554156,0.8690545724263541,0.8,0.9943502824858758
BERTopic_topic_128,5.0,interactions,"All (Unweighted Clustering, No Square Clustering)",logistic_regression,6.709470311179757,5156,5675,0.8798171603159956,0.6234021632251721,0.6860365286130841,0.5047770700636943,0.8149100257069408,0.863439076709266,0.5935114503816794,0.6544197705607071,0.4712121212121212,0.8015463917525774
BERTopic_topic_128,5.0,interactions,"All (Unweighted Clustering, No Square Clustering)",random_forest,6.709470311179757,5156,5675,0.9274533476064007,0.813126709206928,0.8536541926290603,0.7101910828025477,0.9509594882729212,0.908173207649778,0.7801418439716312,0.8160922640601495,0.6666666666666666,0.9401709401709402
BERTopic_topic_128,5.0,interactions,"All (Unweighted Clustering, No Square Clustering)",xgboost,6.709470311179757,5156,5675,0.9304360272107312,0.8219663418954827,0.8580687520662155,0.7388535031847133,0.9261477045908184,0.9155010725399558,0.7958477508650519,0.8248981285331636,0.696969696969697,0.9274193548387096
BERTopic_topic_128,5.0,interactions,"All but Betweenness and Harmonic (Unweighted Clustering, No Square Clustering)",logistic_regression,6.709470311179757,5156,5675,0.8801153755260966,0.6153846153846154,0.6890994162071002,0.4968152866242038,0.8082901554404145,0.8642394030031118,0.5893719806763285,0.653555244382459,0.4621212121212121,0.8133333333333334
BERTopic_topic_128,5.0,interactions,"All but Betweenness and Harmonic (Unweighted Clustering, No Square Clustering)",random_forest,6.709470311179757,5156,5675,0.9300330146744388,0.8185117967332124,0.8553516206928345,0.7181528662420382,0.9514767932489452,0.9102210036556998,0.7887323943661971,0.8183782760485584,0.6787878787878788,0.9411764705882352
BERTopic_topic_128,5.0,interactions,"All but Betweenness and Harmonic (Unweighted Clustering, No Square Clustering)",xgboost,6.709470311179757,5156,5675,0.9298325634129324,0.8153434433541481,0.8561824410421736,0.7277070063694268,0.9269776876267748,0.9128006888425632,0.7975986277873071,0.8225379016492733,0.7045454545454546,0.9189723320158104
BERTopic_topic_128,5.0,interactions,Core Number Only,logistic_regression,6.709470311179757,5156,5675,0.8212639401543967,0.4792122538293216,0.5575977770385073,0.3487261146496815,0.7657342657342657,0.8122215172663827,0.4630021141649049,0.5384341011422786,0.3318181818181818,0.7657342657342657
BERTopic_topic_128,5.0,interactions,Core Number Only,random_forest,6.709470311179757,5156,5675,0.8187277041930184,0.4644444444444444,0.5483268820956165,0.3328025477707006,0.7683823529411765,0.8099075500770416,0.4473118279569892,0.5292336267644295,0.3151515151515151,0.7703703703703704
BERTopic_topic_128,5.0,interactions,Core Number Only,xgboost,6.709470311179757,5156,5675,0.8186633487880084,0.4644444444444444,0.5500934384588029,0.3328025477707006,0.7683823529411765,0.809908154324904,0.4317180616740088,0.5292408677655974,0.296969696969697,0.7903225806451613
BERTopic_topic_128,5.0,similarity,"All (Unweighted Clustering, No Square Clustering)",logistic_regression,96.94552119635046,5156,5675,0.9509393779118184,0.8370837083708371,0.8811536428906315,0.7404458598726115,0.9627329192546584,0.9412737544940936,0.8108581436077058,0.8530267200430767,0.7015151515151515,0.9605809128630706
BERTopic_topic_128,5.0,similarity,"All (Unweighted Clustering, No Square Clustering)",random_forest,96.94552119635046,5156,5675,0.9928595392293668,0.9343308395677472,0.9810436575493388,0.8949044585987261,0.977391304347826,0.987114112208828,0.913821138211382,0.9584015589993288,0.8515151515151516,0.9859649122807016
BERTopic_topic_128,5.0,similarity,"All (Unweighted Clustering, No Square Clustering)",xgboost,96.94552119635046,5156,5675,0.9937353705745988,0.9497942386831276,0.9837152752883248,0.9187898089171974,0.9829642248722316,0.9878685156651258,0.9292604501607716,0.9608824390657656,0.8757575757575757,0.9897260273972602
BERTopic_topic_128,5.0,similarity,"All but Betweenness and Harmonic (Unweighted Clustering, No Square Clustering)",logistic_regression,96.94552119635046,5156,5675,0.9499976086516172,0.8383017163504969,0.8866290063884082,0.7388535031847133,0.9686847599164928,0.937181485845494,0.8087336244541484,0.8540314021238224,0.7015151515151515,0.954639175257732
BERTopic_topic_128,5.0,similarity,"All but Betweenness and Harmonic (Unweighted Clustering, No Square Clustering)",random_forest,96.94552119635046,5156,5675,0.9920058630235646,0.9393183707398172,0.9804313027648416,0.8996815286624203,0.982608695652174,0.9848243149339858,0.9141004862236628,0.9555066973440624,0.8545454545454545,0.9825783972125436
BERTopic_topic_128,5.0,similarity,"All but Betweenness and Harmonic (Unweighted Clustering, No Square Clustering)",xgboost,96.94552119635046,5156,5675,0.9931220600481644,0.9482333607230896,0.9831378551859936,0.9187898089171974,0.9796264855687606,0.9869829904226712,0.92776886035313,0.9582209982535558,0.8757575757575757,0.9863481228668942
BERTopic_topic_128,5.0,similarity,Core Number Only,logistic_regression,96.94552119635046,5156,5675,0.9265894730030833,0.8529680365296803,0.8712165806679902,0.7436305732484076,1.0,0.8891742952959304,0.8245770258236865,0.8343350940443645,0.7015151515151515,1.0
BERTopic_topic_128,5.0,similarity,Core Number Only,random_forest,96.94552119635046,5156,5675,0.9423510963628998,0.862780269058296,0.8947193936520068,0.7659235668789809,0.9876796714579056,0.9358599957702648,0.8423817863397548,0.8624609576285327,0.7287878787878788,0.9979253112033196
BERTopic_topic_128,5.0,similarity,Core Number Only,xgboost,96.94552119635046,5156,5675,0.9461007657941528,0.862780269058296,0.8955473487241176,0.7659235668789809,0.9876796714579056,0.9384519169763436,0.8423817863397548,0.8631062836219575,0.7287878787878788,0.9979253112033196
BERTopic_topic_128,5.0,similarity+interactions,"All (Unweighted Clustering, No Square Clustering)",logistic_regression,92.49071245081724,5156,5675,0.934950400621188,0.8469945355191257,0.8734093685013646,0.7404458598726115,0.9893617021276596,0.9230203329405722,0.8230088495575221,0.8400170927530158,0.7045454545454546,0.9893617021276596
BERTopic_topic_128,5.0,similarity+interactions,"All (Unweighted Clustering, No Square Clustering)",random_forest,92.49071245081724,5156,5675,0.993050319596678,0.92743953294412,0.9802561549904616,0.8853503184713376,0.9737302977232924,0.988777908698148,0.904645476772616,0.9579136961026896,0.8409090909090909,0.9788359788359788
BERTopic_topic_128,5.0,similarity+interactions,"All (Unweighted Clustering, No Square Clustering)",xgboost,92.49071245081724,5156,5675,0.992146178906619,0.9472817133443164,0.9817771682828144,0.9156050955414012,0.9812286689419796,0.9854330946554276,0.9248,0.9550539992316778,0.8757575757575757,0.9796610169491524
BERTopic_topic_128,5.0,similarity+interactions,"All but Betweenness and Harmonic (Unweighted Clustering, No Square Clustering)",logistic_regression,92.49071245081724,5156,5675,0.9337072511309672,0.8467153284671532,0.8784543565763981,0.7388535031847133,0.9914529914529916,0.9210988247379076,0.8234250221827861,0.8442077556272826,0.703030303030303,0.9935760171306208
BERTopic_topic_128,5.0,similarity+interactions,"All but Betweenness and Harmonic (Unweighted Clustering, No Square Clustering)",random_forest,92.49071245081724,5156,5675,0.9936664434741508,0.9326683291770572,0.9806697597339789,0.893312101910828,0.9756521739130436,0.9867360041088854,0.9048006509357202,0.9574339144532,0.8424242424242424,0.9771528998242532
BERTopic_topic_128,5.0,similarity+interactions,"All but Betweenness and Harmonic (Unweighted Clustering, No Square Clustering)",xgboost,92.49071245081724,5156,5675,0.992419073957372,0.9451269451269452,0.9820754461867824,0.9187898089171974,0.9730185497470488,0.9857512311550196,0.9193934557063048,0.9553628881323538,0.8727272727272727,0.9713322091062394
BERTopic_topic_128,5.0,similarity+interactions,Core Number Only,logistic_regression,92.49071245081724,5156,5675,0.9254643084220476,0.8474885844748858,0.8690100088680917,0.7388535031847133,0.9935760171306208,0.8884567509592435,0.8202846975088968,0.8323503770570284,0.6984848484848485,0.9935344827586208
BERTopic_topic_128,5.0,similarity+interactions,Core Number Only,random_forest,92.49071245081724,5156,5675,0.9345691915554456,0.8571428571428571,0.8803391724372833,0.7547770700636943,0.99163179916318,0.9285656666364543,0.8381452318460193,0.8498707560565443,0.7257575757575757,0.9917184265010353
BERTopic_topic_128,5.0,similarity+interactions,Core Number Only,xgboost,92.49071245081724,5156,5675,0.9374862849136862,0.8612612612612612,0.8782340047938623,0.7611464968152867,0.991701244813278,0.9323150246231005,0.8391608391608392,0.8513645917778604,0.7272727272727273,0.9917355371900828
BERTopic_topic_128,5.0,similarity+text_similarity,"All (Unweighted Clustering, No Square Clustering)",logistic_regression,378.90213036350906,5156,5675,0.9769481049267404,0.9357021996615904,0.9609233622435044,0.8805732484076433,0.9981949458483754,0.9693567781503974,0.9056291390728476,0.9356302786857444,0.8287878787878787,0.998175182481752
BERTopic_topic_128,5.0,similarity+text_similarity,"All (Unweighted Clustering, No Square Clustering)",random_forest,378.90213036350906,5156,5675,0.9984725262204316,0.9765182186234818,0.9949741166625048,0.9601910828025476,0.9934102141680397,0.9933294057222272,0.9533596837944665,0.9735083615124296,0.9136363636363636,0.996694214876033
BERTopic_topic_128,5.0,similarity+text_similarity,"All (Unweighted Clustering, No Square Clustering)",xgboost,378.90213036350906,5156,5675,0.995904815894308,0.9774557165861514,0.99167971506635,0.96656050955414,0.988599348534202,0.9911671047463668,0.9559748427672956,0.9712435425958078,0.9212121212121211,0.9934640522875816
BERTopic_topic_128,5.0,similarity+text_similarity,"All but Betweenness and Harmonic (Unweighted Clustering, No Square Clustering)",logistic_regression,378.90213036350906,5156,5675,0.9796640436857148,0.956089478044739,0.9702617055694772,0.9187898089171974,0.996545768566494,0.9724846672104898,0.9298952457695407,0.947455656669618,0.8742424242424243,0.9931153184165232
BERTopic_topic_128,5.0,similarity+text_similarity,"All but Betweenness and Harmonic (Unweighted Clustering, No Square Clustering)",random_forest,378.90213036350906,5156,5675,0.9969209631225946,0.9773095623987034,0.9934028068529908,0.9601910828025476,0.995049504950495,0.993570953805251,0.9509493670886076,0.9744594500867227,0.9106060606060606,0.9950331125827816
BERTopic_topic_128,5.0,similarity+text_similarity,"All but Betweenness and Harmonic (Unweighted Clustering, No Square Clustering)",xgboost,378.90213036350906,5156,5675,0.9959937881209066,0.9782433521353748,0.99201849605448,0.96656050955414,0.9902120717781404,0.9911142330584004,0.955153422501967,0.9712646967455266,0.9196969696969696,0.9934533551554828
BERTopic_topic_128,5.0,similarity+text_similarity,Core Number Only,logistic_regression,378.90213036350906,5156,5675,0.9816569512277464,0.9542048293089092,0.9680489822382286,0.9124203821656052,1.0,0.937657935285054,0.9277010560519904,0.9266133755240892,0.8651515151515151,1.0
BERTopic_topic_128,5.0,similarity+text_similarity,Core Number Only,random_forest,378.90213036350906,5156,5675,0.9770896516508744,0.9707317073170731,0.9646736465445774,0.9506369426751592,0.9916943521594684,0.9731230550771928,0.9453681710213776,0.9475963074030448,0.9045454545454544,0.9900497512437813
BERTopic_topic_128,5.0,similarity+text_similarity,Core Number Only,xgboost,378.90213036350906,5156,5675,0.9779217002205668,0.969894222945484,0.9670536709249162,0.9490445859872612,0.9916805324459236,0.972027100516632,0.9443561208267092,0.9468282173180343,0.9,0.9933110367892976
BERTopic_topic_128,5.0,similarity+text_similarity+interactions,"All (Unweighted Clustering, No Square Clustering)",logistic_regression,375.6695708185434,5156,5675,0.984233629110306,0.8765625,0.9579064446561452,0.893312101910828,0.8604294478527608,0.977752500075531,0.9102462271644162,0.9406836053532326,0.8681818181818182,0.9565943238731218
BERTopic_topic_128,5.0,similarity+text_similarity+interactions,"All (Unweighted Clustering, No Square Clustering)",random_forest,375.6695708185434,5156,5675,0.9958395813170984,0.9806138933764136,0.9915178153194536,0.96656050955414,0.9950819672131148,0.9920419045892624,0.95260663507109,0.9729911209749816,0.9136363636363636,0.995049504950495
BERTopic_topic_128,5.0,similarity+text_similarity+interactions,"All (Unweighted Clustering, No Square Clustering)",xgboost,375.6695708185434,5156,5675,0.9956048423398078,0.9791332263242376,0.9914529653884344,0.9713375796178344,0.9870550161812298,0.9912139339557088,0.9561128526645768,0.9724701833004163,0.9242424242424242,0.9902597402597404
BERTopic_topic_128,5.0,similarity+text_similarity+interactions,"All but Betweenness and Harmonic (Unweighted Clustering, No Square Clustering)",logistic_regression,375.6695708185434,5156,5675,0.9843989134838288,0.9603305785123968,0.973372274665985,0.9251592356687898,0.9982817869415808,0.9762192211245052,0.9356913183279744,0.9476345355944537,0.8818181818181818,0.9965753424657534
BERTopic_topic_128,5.0,similarity+text_similarity+interactions,"All but Betweenness and Harmonic (Unweighted Clustering, No Square Clustering)",random_forest,375.6695708185434,5156,5675,0.9975409553577456,0.9814665592264304,0.993555409106172,0.9697452229299364,0.9934747145187602,0.991316353968398,0.9558359621451104,0.972361244994434,0.9181818181818182,0.9967105263157896
BERTopic_topic_128,5.0,similarity+text_similarity+interactions,"All but Betweenness and Harmonic (Unweighted Clustering, No Square Clustering)",xgboost,375.6695708185434,5156,5675,0.9954293595687695,0.9782433521353748,0.9909543278100748,0.96656050955414,0.9902120717781404,0.9914568415964228,0.9537254901960784,0.971913767684578,0.9212121212121211,0.9886178861788618
BERTopic_topic_128,5.0,similarity+text_similarity+interactions,Core Number Only,logistic_regression,375.6695708185434,5156,5675,0.9816166851410052,0.9542048293089092,0.9680271516814476,0.9124203821656052,1.0,0.9376118613855404,0.9277010560519904,0.926579139990145,0.8651515151515151,1.0
BERTopic_topic_128,5.0,similarity+text_similarity+interactions,Core Number Only,random_forest,375.6695708185434,5156,5675,0.9755162850824872,0.970684039087948,0.9641297002285332,0.9490445859872612,0.9933333333333332,0.971336143085894,0.9452815226011102,0.9468048813001966,0.9030303030303032,0.9916805324459236
BERTopic_topic_128,5.0,similarity+text_similarity+interactions,Core Number Only,xgboost,375.6695708185434,5156,5675,0.9762097761135242,0.970684039087948,0.9667705541916468,0.9490445859872612,0.9933333333333332,0.970387020755914,0.9444444444444444,0.9463961837345016,0.9015151515151516,0.9916666666666668
BERTopic_topic_128,5.0,text_similarity,"All (Unweighted Clustering, No Square Clustering)",logistic_regression,343.511387238279,5156,5675,0.976277120704013,0.8664596273291926,0.9442911264678788,0.8885350318471338,0.8454545454545455,0.96898607208677,0.8613026819923372,0.9182875612909764,0.8515151515151516,0.8713178294573644
BERTopic_topic_128,5.0,text_similarity,"All (Unweighted Clustering, No Square Clustering)",random_forest,343.511387238279,5156,5675,0.9948448858904818,0.9781729991915926,0.9899597622343526,0.963375796178344,0.993431855500821,0.991293392549624,0.953579858379229,0.9703221678984196,0.9181818181818182,0.9918166939443536
BERTopic_topic_128,5.0,text_similarity,"All (Unweighted Clustering, No Square Clustering)",xgboost,343.511387238279,5156,5675,0.9944081131417254,0.979822437449556,0.9905432524922172,0.96656050955414,0.9934533551554828,0.9900577056708664,0.9508716323296356,0.9686107780363008,0.9090909090909092,0.9966777408637874
BERTopic_topic_128,5.0,text_similarity,"All but Betweenness and Harmonic (Unweighted Clustering, No Square Clustering)",logistic_regression,343.511387238279,5156,5675,0.9795592463595236,0.956882255389718,0.9702640101698784,0.9187898089171974,0.9982698961937716,0.9729662527568808,0.932475884244373,0.9474597090670634,0.8787878787878788,0.9931506849315068
BERTopic_topic_128,5.0,text_similarity,"All but Betweenness and Harmonic (Unweighted Clustering, No Square Clustering)",random_forest,343.511387238279,5156,5675,0.9933988234565956,0.9806138933764136,0.9887033945384408,0.96656050955414,0.9950819672131148,0.9897826218314753,0.9559748427672956,0.969057961283809,0.9212121212121211,0.9934640522875816
BERTopic_topic_128,5.0,text_similarity,"All but Betweenness and Harmonic (Unweighted Clustering, No Square Clustering)",xgboost,343.511387238279,5156,5675,0.9946781948414396,0.9789983844911146,0.9902721930419212,0.964968152866242,0.9934426229508196,0.990303181364996,0.9501187648456056,0.9697051793881672,0.9090909090909092,0.9950248756218906
BERTopic_topic_128,5.0,text_similarity,Core Number Only,logistic_regression,343.511387238279,5156,5675,0.9807252045306204,0.9542048293089092,0.9675258108826988,0.9124203821656052,1.0,0.9370319344995316,0.9277010560519904,0.9262041078608484,0.8651515151515151,1.0
BERTopic_topic_128,5.0,text_similarity,Core Number Only,random_forest,343.511387238279,5156,5675,0.9743661520109834,0.9698451507742462,0.9616428031787656,0.947452229299363,0.993322203672788,0.9708427747061844,0.9444444444444444,0.9461440624237424,0.9015151515151516,0.9916666666666668
BERTopic_topic_128,5.0,text_similarity,Core Number Only,xgboost,343.511387238279,5156,5675,0.9777230073034592,0.96742671009772,0.9659945144544104,0.945859872611465,0.99,0.9721704583220034,0.9442675159235668,0.9450582786643212,0.8984848484848484,0.9949664429530202
BERTopic_topic_128,5.0,text_similarity+interactions,"All (Unweighted Clustering, No Square Clustering)",logistic_regression,405.923575470224,5156,5675,0.979020137966735,0.8773584905660378,0.953633947620766,0.8885350318471338,0.8664596273291926,0.9712145382035712,0.8664092664092664,0.9260862415910402,0.85,0.8834645669291339
BERTopic_topic_128,5.0,text_similarity+interactions,"All (Unweighted Clustering, No Square Clustering)",random_forest,405.923575470224,5156,5675,0.9937710649659022,0.9765182186234818,0.9877928252696988,0.9601910828025476,0.9934102141680397,0.9908654340010272,0.9557661927330172,0.969159118845348,0.9166666666666666,0.9983498349834984
BERTopic_topic_128,5.0,text_similarity+interactions,"All (Unweighted Clustering, No Square Clustering)",xgboost,405.923575470224,5156,5675,0.994896229546938,0.9782783588093322,0.9907006833552215,0.9681528662420382,0.9886178861788618,0.9909542584368108,0.95260663507109,0.9687170828434336,0.9136363636363636,0.995049504950495
BERTopic_topic_128,5.0,text_similarity+interactions,"All but Betweenness and Harmonic (Unweighted Clustering, No Square Clustering)",logistic_regression,405.923575470224,5156,5675,0.979901771848484,0.9560165975103736,0.9700035729789463,0.9171974522292994,0.9982668977469672,0.9729003897398714,0.932258064516129,0.9460252973258644,0.8757575757575757,0.996551724137931
BERTopic_topic_128,5.0,text_similarity+interactions,"All but Betweenness and Harmonic (Unweighted Clustering, No Square Clustering)",random_forest,405.923575470224,5156,5675,0.9955105950800118,0.979757085020243,0.9896224357723404,0.963375796178344,0.9967051070840196,0.9906436750354994,0.9550827423167848,0.9683102419923756,0.9181818181818182,0.9950738916256158
BERTopic_topic_128,5.0,text_similarity+interactions,"All but Betweenness and Harmonic (Unweighted Clustering, No Square Clustering)",xgboost,405.923575470224,5156,5675,0.9945544073957372,0.9758064516129032,0.9901116275105852,0.963375796178344,0.988562091503268,0.9913612193721866,0.9549407114624506,0.9694742854580004,0.9151515151515152,0.9983471074380166
BERTopic_topic_128,5.0,text_similarity+interactions,Core Number Only,logistic_regression,405.923575470224,5156,5675,0.980665948324368,0.9542048293089092,0.9675010659174664,0.9124203821656052,1.0,0.9369968881235082,0.9277010560519904,0.9261826376820008,0.8651515151515151,1.0
BERTopic_topic_128,5.0,text_similarity+interactions,Core Number Only,random_forest,405.923575470224,5156,5675,0.9731360142693164,0.9714285714285714,0.9613522327104128,0.947452229299363,0.9966499162479062,0.9698483337865192,0.9451945988880064,0.9457324899180396,0.9015151515151516,0.993322203672788
BERTopic_topic_128,5.0,text_similarity+interactions,Core Number Only,xgboost,405.923575470224,5156,5675,0.977238231752605,0.9658536585365852,0.965523907882148,0.945859872611465,0.9867109634551496,0.9721659264630352,0.9427662957074722,0.9450738898684052,0.8984848484848484,0.991638795986622
BERTopic_topic_128,10.0,interactions,"All (Unweighted Clustering, No Square Clustering)",logistic_regression,6.376908620819449,5402,5675,0.875013309130193,0.6285714285714286,0.6914889562524639,0.5092592592592593,0.8208955223880597,0.8670237771533884,0.6045627376425855,0.6700064806989524,0.4818181818181818,0.8112244897959183
BERTopic_topic_128,10.0,interactions,"All (Unweighted Clustering, No Square Clustering)",random_forest,6.376908620819449,5402,5675,0.9234914912458384,0.8007149240393209,0.8452086712850534,0.691358024691358,0.951167728237792,0.913465965739146,0.7866549604916594,0.8256357271206041,0.6787878787878788,0.9352818371607516
BERTopic_topic_128,10.0,interactions,"All (Unweighted Clustering, No Square Clustering)",xgboost,6.376908620819449,5402,5675,0.9227547821977076,0.8,0.8396063924406614,0.7129629629629629,0.9112426035502958,0.9230677663977764,0.8041415012942191,0.8298282272917872,0.706060606060606,0.933867735470942
BERTopic_topic_128,10.0,interactions,"All but Betweenness and Harmonic (Unweighted Clustering, No Square Clustering)",logistic_regression,6.376908620819449,5402,5675,0.8733061697232221,0.6270373921380633,0.6873289681825518,0.5046296296296297,0.8278481012658228,0.8610658932294027,0.5822050290135397,0.6515687749743335,0.456060606060606,0.8048128342245989
BERTopic_topic_128,10.0,interactions,"All but Betweenness and Harmonic (Unweighted Clustering, No Square Clustering)",random_forest,6.376908620819449,5402,5675,0.9224876257550496,0.8063660477453581,0.8435628242589016,0.7037037037037037,0.9440993788819876,0.9144774766609264,0.7869718309859155,0.8265395952261271,0.6772727272727272,0.9390756302521008
BERTopic_topic_128,10.0,interactions,"All but Betweenness and Harmonic (Unweighted Clustering, No Square Clustering)",xgboost,6.376908620819449,5402,5675,0.9245547609030992,0.8117953165654813,0.8449500023819768,0.7222222222222222,0.9267326732673268,0.9227405661802472,0.7948051948051948,0.8297618451437082,0.6954545454545454,0.9272727272727272
BERTopic_topic_128,10.0,interactions,Core Number Only,logistic_regression,6.376908620819449,5402,5675,0.8189875517433013,0.4689507494646681,0.5470700768000881,0.3379629629629629,0.7657342657342657,0.8121822411553219,0.4630021141649049,0.5375902863627516,0.3318181818181818,0.7657342657342657
BERTopic_topic_128,10.0,interactions,Core Number Only,random_forest,6.376908620819449,5402,5675,0.8170966814170783,0.4422222222222222,0.5457833536187764,0.3070987654320987,0.7896825396825397,0.8085667240702137,0.424507658643326,0.5206230121786883,0.2939393939393939,0.7637795275590551
BERTopic_topic_128,10.0,interactions,Core Number Only,xgboost,6.376908620819449,5402,5675,0.8170716862213496,0.4422222222222222,0.5456883898060764,0.3070987654320987,0.7896825396825397,0.8085150608779721,0.424507658643326,0.5205307824909038,0.2939393939393939,0.7637795275590551
BERTopic_topic_128,10.0,similarity,"All (Unweighted Clustering, No Square Clustering)",logistic_regression,95.34997132234275,5402,5675,0.9559045793795478,0.8426666666666667,0.8845818613550525,0.7314814814814815,0.9937106918238994,0.9443312486782076,0.8385964912280702,0.8666831460367745,0.7242424242424242,0.9958333333333332
BERTopic_topic_128,10.0,similarity,"All (Unweighted Clustering, No Square Clustering)",random_forest,95.34997132234275,5402,5675,0.9938338150589237,0.9352750809061487,0.9809885021119302,0.8919753086419753,0.9829931972789115,0.9895572373787728,0.9271417133706964,0.9682633569425194,0.8772727272727273,0.9830220713073003
BERTopic_topic_128,10.0,similarity,"All (Unweighted Clustering, No Square Clustering)",xgboost,95.34997132234275,5402,5675,0.9935330611778516,0.9496402877697842,0.9813070258238576,0.9166666666666666,0.9850746268656716,0.9910655911054717,0.9382911392405064,0.9691706352604852,0.8984848484848484,0.9817880794701986
BERTopic_topic_128,10.0,similarity,"All but Betweenness and Harmonic (Unweighted Clustering, No Square Clustering)",logistic_regression,95.34997132234275,5402,5675,0.9508600944234096,0.839396628216504,0.8838252487475774,0.7299382716049383,0.9874739039665972,0.9411314541224812,0.836555360281195,0.8687527831175305,0.7212121212121212,0.99581589958159
BERTopic_topic_128,10.0,similarity,"All but Betweenness and Harmonic (Unweighted Clustering, No Square Clustering)",random_forest,95.34997132234275,5402,5675,0.9938276474132244,0.9360323886639677,0.9804682421261774,0.8919753086419753,0.9846678023850084,0.9876058189069156,0.9204819277108434,0.9664522377147076,0.8681818181818182,0.9794871794871794
BERTopic_topic_128,10.0,similarity,"All but Betweenness and Harmonic (Unweighted Clustering, No Square Clustering)",xgboost,95.34997132234275,5402,5675,0.9929484332881472,0.9450199203187252,0.981109447247068,0.9151234567901234,0.9769357495881384,0.9909921749901808,0.9396825396825396,0.9710837572382264,0.896969696969697,0.9866666666666668
BERTopic_topic_128,10.0,similarity,Core Number Only,logistic_regression,95.34997132234275,5402,5675,0.9080395910915824,0.8355795148247979,0.8514717115600373,0.7175925925925926,1.0,0.8954296202302184,0.8266666666666667,0.837888273136437,0.7045454545454546,1.0
BERTopic_topic_128,10.0,similarity,Core Number Only,random_forest,95.34997132234275,5402,5675,0.9415357502713764,0.8573943661971831,0.8901805680492705,0.7515432098765432,0.9979508196721312,0.9280195776307444,0.8476936466492603,0.8587779602120754,0.7378787878787879,0.9959100204498976
BERTopic_topic_128,10.0,similarity,Core Number Only,xgboost,95.34997132234275,5402,5675,0.944654631317617,0.8573943661971831,0.8906814293824253,0.7515432098765432,0.9979508196721312,0.929848031662588,0.8476936466492603,0.8593534250602006,0.7378787878787879,0.9959100204498976
BERTopic_topic_128,10.0,similarity+interactions,"All (Unweighted Clustering, No Square Clustering)",logistic_regression,112.00379511341453,5402,5675,0.94346995642396,0.8386524822695035,0.8867648622906005,0.7299382716049383,0.9854166666666668,0.9337699024139704,0.832014072119613,0.8704821300739277,0.7166666666666667,0.9916142557651992
BERTopic_topic_128,10.0,similarity+interactions,"All (Unweighted Clustering, No Square Clustering)",random_forest,112.00379511341453,5402,5675,0.993573637794294,0.9225753871230644,0.9788182752644506,0.8734567901234568,0.9775474956822108,0.9891099428985772,0.918744971842317,0.9676523943105988,0.8651515151515151,0.9794168096054888
BERTopic_topic_128,10.0,similarity+interactions,"All (Unweighted Clustering, No Square Clustering)",xgboost,112.00379511341453,5402,5675,0.9909306393056918,0.936608557844691,0.9783269449550416,0.9120370370370372,0.9625407166123778,0.9911622707634672,0.9308975377283558,0.9699861741047684,0.8878787878787879,0.9782971619365608
BERTopic_topic_128,10.0,similarity+interactions,"All but Betweenness and Harmonic (Unweighted Clustering, No Square Clustering)",logistic_regression,112.00379511341453,5402,5675,0.940189742750744,0.8439716312056738,0.8859712145147679,0.7345679012345679,0.9916666666666668,0.9320973443306444,0.832014072119613,0.8715190586220037,0.7166666666666667,0.9916142557651992
BERTopic_topic_128,10.0,similarity+interactions,"All but Betweenness and Harmonic (Unweighted Clustering, No Square Clustering)",random_forest,112.00379511341453,5402,5675,0.993179557695404,0.926076360682372,0.9776797281219268,0.8796296296296297,0.9777015437392796,0.9907995709840176,0.9168684422921712,0.9674331525644648,0.8606060606060606,0.9810017271157168
BERTopic_topic_128,10.0,similarity+interactions,"All but Betweenness and Harmonic (Unweighted Clustering, No Square Clustering)",xgboost,112.00379511341453,5402,5675,0.990731326965726,0.9395866454689984,0.9780205163580132,0.9120370370370372,0.9688524590163936,0.9902586180851386,0.9318541996830428,0.9701174988495902,0.8909090909090909,0.9767441860465116
BERTopic_topic_128,10.0,similarity+interactions,Core Number Only,logistic_regression,112.00379511341453,5402,5675,0.9068338163573756,0.8322869955156951,0.8486572246157955,0.7160493827160493,0.9935760171306208,0.8946561829662527,0.8234250221827861,0.8351723291127966,0.703030303030303,0.9935760171306208
BERTopic_topic_128,10.0,similarity+interactions,Core Number Only,random_forest,112.00379511341453,5402,5675,0.936796401470886,0.8444830582102519,0.8813738344755419,0.75,0.9662027833001988,0.9248276382972296,0.8387650085763293,0.8559521268251737,0.740909090909091,0.966403162055336
BERTopic_topic_128,10.0,similarity+interactions,Core Number Only,xgboost,112.00379511341453,5402,5675,0.9379021954221788,0.8484320557491289,0.8825679014075358,0.7515432098765432,0.974,0.9265517085108312,0.8377682403433476,0.8570669587974724,0.7393939393939394,0.9663366336633664
BERTopic_topic_128,10.0,similarity+text_similarity,"All (Unweighted Clustering, No Square Clustering)",logistic_regression,399.0233182888478,5402,5675,0.9730386237450463,0.8660105980317941,0.9420819129303454,0.8827160493827161,0.849925705794948,0.969785492008822,0.881407804131599,0.9362772800728808,0.8727272727272727,0.8902627511591963
BERTopic_topic_128,10.0,similarity+text_similarity,"All (Unweighted Clustering, No Square Clustering)",random_forest,399.0233182888478,5402,5675,0.9926322602928268,0.9803921568627452,0.9852482283496284,0.964506172839506,0.9968102073365231,0.990249403305236,0.968847352024922,0.9760582095480348,0.9424242424242424,0.9967948717948718
BERTopic_topic_128,10.0,similarity+text_similarity,"All (Unweighted Clustering, No Square Clustering)",xgboost,399.0233182888478,5402,5675,0.9939482411172916,0.9772549019607844,0.9882281894420806,0.9614197530864198,0.9936204146730464,0.9922085259373395,0.9667440061871616,0.9792981225409654,0.946969696969697,0.9873617693522908
BERTopic_topic_128,10.0,similarity+text_similarity,"All but Betweenness and Harmonic (Unweighted Clustering, No Square Clustering)",logistic_regression,399.0233182888478,5402,5675,0.9750843344396144,0.9499192245557352,0.9639393206639406,0.9074074074074074,0.9966101694915256,0.9719357080274328,0.939297124600639,0.9536171574789588,0.8909090909090909,0.9932432432432432
BERTopic_topic_128,10.0,similarity+text_similarity,"All but Betweenness and Harmonic (Unweighted Clustering, No Square Clustering)",random_forest,399.0233182888478,5402,5675,0.9939398011810716,0.9787902592301648,0.987400234753576,0.9614197530864198,0.9968,0.991765461192181,0.9696498054474708,0.979012450332082,0.943939393939394,0.9968
BERTopic_topic_128,10.0,similarity+text_similarity,"All but Betweenness and Harmonic (Unweighted Clustering, No Square Clustering)",xgboost,399.0233182888478,5402,5675,0.993699587611732,0.978021978021978,0.9879702209102398,0.9614197530864198,0.9952076677316294,0.9920828423819452,0.9658914728682172,0.9791068646610248,0.943939393939394,0.9888888888888888
BERTopic_topic_128,10.0,similarity+text_similarity,Core Number Only,logistic_regression,399.0233182888478,5402,5675,0.9768723024665388,0.9497568881685576,0.961381086396938,0.904320987654321,1.0,0.9607997220459832,0.9397590361445785,0.9461025013573026,0.8863636363636364,1.0
BERTopic_topic_128,10.0,similarity+text_similarity,Core Number Only,random_forest,399.0233182888478,5402,5675,0.976163834743452,0.96513470681458,0.9601212284654942,0.9398148148148148,0.99185667752443,0.9708701169219616,0.9568627450980391,0.9497070419150584,0.9242424242424242,0.991869918699187
BERTopic_topic_128,10.0,similarity+text_similarity,Core Number Only,xgboost,399.0233182888478,5402,5675,0.9799684606075716,0.9674861221252974,0.9642507319928691,0.941358024691358,0.99510603588907,0.9746626786307744,0.957613814756672,0.9540095515258196,0.9242424242424242,0.993485342019544
BERTopic_topic_128,10.0,similarity+text_similarity+interactions,"All (Unweighted Clustering, No Square Clustering)",logistic_regression,416.8584946654737,5402,5675,0.9709669440159554,0.8951798010711554,0.9484744563709342,0.9027777777777778,0.8877086494688923,0.968112631801565,0.9057187017001546,0.941420780794755,0.8878787878787879,0.9242902208201892
BERTopic_topic_128,10.0,similarity+text_similarity+interactions,"All (Unweighted Clustering, No Square Clustering)",random_forest,416.8584946654737,5402,5675,0.9931524525156205,0.9812206572769951,0.9873662777804584,0.9675925925925926,0.9952380952380953,0.9918390283694372,0.970496894409938,0.979442782149878,0.946969696969697,0.9952229299363056
BERTopic_topic_128,10.0,similarity+text_similarity+interactions,"All (Unweighted Clustering, No Square Clustering)",xgboost,416.8584946654737,5402,5675,0.9937275043238444,0.9796238244514106,0.9884460488190274,0.964506172839506,0.9952229299363056,0.9928254630049248,0.9698375870069604,0.9805482723593892,0.95,0.990521327014218
BERTopic_topic_128,10.0,similarity+text_similarity+interactions,"All but Betweenness and Harmonic (Unweighted Clustering, No Square Clustering)",logistic_regression,416.8584946654737,5402,5675,0.9745295709396116,0.957429718875502,0.9661264429509886,0.9197530864197532,0.998324958123953,0.9717372126046104,0.9449321628092576,0.9559650283884702,0.896969696969697,0.9983136593591906
BERTopic_topic_128,10.0,similarity+text_similarity+interactions,"All but Betweenness and Harmonic (Unweighted Clustering, No Square Clustering)",random_forest,416.8584946654737,5402,5675,0.9939828123945008,0.9796238244514106,0.98765170468606,0.964506172839506,0.9952229299363056,0.9925892020906976,0.9713400464756003,0.979813649239578,0.95,0.993660855784469
BERTopic_topic_128,10.0,similarity+text_similarity+interactions,"All but Betweenness and Harmonic (Unweighted Clustering, No Square Clustering)",xgboost,416.8584946654737,5402,5675,0.9933084290292254,0.979591836734694,0.987946946618676,0.9629629629629628,0.9968051118210862,0.9924653312788906,0.9683397683397684,0.9806405692451284,0.95,0.9874015748031496
BERTopic_topic_128,10.0,similarity+text_similarity+interactions,Core Number Only,logistic_regression,416.8584946654737,5402,5675,0.9768197151716294,0.9497568881685576,0.9613534499176974,0.904320987654321,1.0,0.9607565183238164,0.9397590361445785,0.9460705056705432,0.8863636363636364,1.0
BERTopic_topic_128,10.0,similarity+text_similarity+interactions,Core Number Only,random_forest,416.8584946654737,5402,5675,0.9740806312552912,0.96513470681458,0.9593506891224792,0.9398148148148148,0.99185667752443,0.9692315477808996,0.9567949725058916,0.9497464999075276,0.9227272727272728,0.9934747145187602
BERTopic_topic_128,10.0,similarity+text_similarity+interactions,Core Number Only,xgboost,416.8584946654737,5402,5675,0.9774327466928436,0.9674344718030182,0.9635676011243504,0.9398148148148148,0.9967266775777414,0.9714089549533218,0.9583660644147682,0.9535923134736166,0.9242424242424242,0.99510603588907
BERTopic_topic_128,10.0,text_similarity,"All (Unweighted Clustering, No Square Clustering)",logistic_regression,361.8358875066042,5402,5675,0.9675539636537392,0.8327024981074943,0.9265871868847794,0.8487654320987654,0.8172362555720654,0.9614287440708178,0.8250377073906485,0.9057633577650396,0.8287878787878787,0.8213213213213213
BERTopic_topic_128,10.0,text_similarity,"All (Unweighted Clustering, No Square Clustering)",random_forest,361.8358875066042,5402,5675,0.994931331380462,0.9748822605965464,0.9875107579980904,0.9583333333333334,0.9920127795527156,0.9911003353575636,0.9680933852140078,0.9784700791959048,0.9424242424242424,0.9952
BERTopic_topic_128,10.0,text_similarity,"All (Unweighted Clustering, No Square Clustering)",xgboost,361.8358875066042,5402,5675,0.993850532624898,0.9788566953797964,0.9874129137152896,0.964506172839506,0.9936406995230525,0.991712438442249,0.9682907965970612,0.9794603626463584,0.9484848484848484,0.9889415481832544
BERTopic_topic_128,10.0,text_similarity,"All but Betweenness and Harmonic (Unweighted Clustering, No Square Clustering)",logistic_regression,361.8358875066042,5402,5675,0.9738154224902228,0.9533011272141708,0.9645421040683912,0.9135802469135802,0.9966329966329966,0.9685356053052964,0.9376,0.9514966837814898,0.8878787878787879,0.9932203389830508
BERTopic_topic_128,10.0,text_similarity,"All but Betweenness and Harmonic (Unweighted Clustering, No Square Clustering)",random_forest,361.8358875066042,5402,5675,0.993112362818575,0.976452119309262,0.986772957569108,0.9598765432098766,0.9936102236421726,0.9900531738118976,0.968895800933126,0.977215057814722,0.943939393939394,0.9952076677316294
BERTopic_topic_128,10.0,text_similarity,"All but Betweenness and Harmonic (Unweighted Clustering, No Square Clustering)",xgboost,361.8358875066042,5402,5675,0.9948214499031356,0.980422866092404,0.9880283951390064,0.9660493827160492,0.9952305246422892,0.9911902172271064,0.9690402476780186,0.9792035376436964,0.9484848484848484,0.990506329113924
BERTopic_topic_128,10.0,text_similarity,Core Number Only,logistic_regression,361.8358875066042,5402,5675,0.9758872645257796,0.9497568881685576,0.9609659044728516,0.904320987654321,1.0,0.9600495483247228,0.9397590361445785,0.9456264052276818,0.8863636363636364,1.0
BERTopic_topic_128,10.0,text_similarity,Core Number Only,random_forest,361.8358875066042,5402,5675,0.9758119543256624,0.9674861221252974,0.9608000387327156,0.941358024691358,0.99510603588907,0.9726920752892836,0.9584313725490196,0.9517349233489778,0.9257575757575758,0.9934959349593496
BERTopic_topic_128,10.0,text_similarity,Core Number Only,xgboost,361.8358875066042,5402,5675,0.9761195250782968,0.9674344718030182,0.9612855933066607,0.9398148148148148,0.9967266775777414,0.9722603401915466,0.9575471698113208,0.9525026768825005,0.9227272727272728,0.9950980392156864
BERTopic_topic_128,10.0,text_similarity+interactions,"All (Unweighted Clustering, No Square Clustering)",logistic_regression,413.1113845258951,5402,5675,0.9710062221806718,0.871875,0.942230333859089,0.8611111111111112,0.8829113924050633,0.9652503096770296,0.8651162790697674,0.9203483896528032,0.8454545454545455,0.8857142857142857
BERTopic_topic_128,10.0,text_similarity+interactions,"All (Unweighted Clustering, No Square Clustering)",random_forest,413.1113845258951,5402,5675,0.9936405080581914,0.9764150943396226,0.9868795569571543,0.9583333333333334,0.9951923076923076,0.992457324994713,0.9696498054474708,0.9794822084287558,0.943939393939394,0.9968
BERTopic_topic_128,10.0,text_similarity+interactions,"All (Unweighted Clustering, No Square Clustering)",xgboost,413.1113845258951,5402,5675,0.9943728348317468,0.976452119309262,0.9883720401065256,0.9598765432098766,0.9936102236421726,0.99146832230581,0.9682416731216112,0.979283507673144,0.946969696969697,0.9904912836767036
BERTopic_topic_128,10.0,text_similarity+interactions,"All but Betweenness and Harmonic (Unweighted Clustering, No Square Clustering)",logistic_regression,413.1113845258951,5402,5675,0.9735774812114036,0.9533011272141708,0.9636739333632414,0.9135802469135802,0.9966329966329966,0.9685769962838756,0.935897435897436,0.9508664156471348,0.8848484848484849,0.9931972789115646
BERTopic_topic_128,10.0,text_similarity+interactions,"All but Betweenness and Harmonic (Unweighted Clustering, No Square Clustering)",random_forest,413.1113845258951,5402,5675,0.9930230942624014,0.976452119309262,0.9864481075106276,0.9598765432098766,0.9936102236421726,0.9924197105652738,0.968895800933126,0.9797518684669548,0.943939393939394,0.9952076677316294
BERTopic_topic_128,10.0,text_similarity+interactions,"All but Betweenness and Harmonic (Unweighted Clustering, No Square Clustering)",xgboost,413.1113845258951,5402,5675,0.9949954424344412,0.9772905246671888,0.9892173820880832,0.9629629629629628,0.9920508744038156,0.991643252061996,0.9666924864446166,0.9787096598349756,0.9454545454545454,0.9889064976228208
BERTopic_topic_128,10.0,text_similarity+interactions,Core Number Only,logistic_regression,413.1113845258951,5402,5675,0.9758285095851706,0.9497568881685576,0.9609408529924468,0.904320987654321,1.0,0.9599992446901718,0.9397590361445785,0.9456062694640988,0.8863636363636364,1.0
BERTopic_topic_128,10.0,text_similarity+interactions,Core Number Only,random_forest,413.1113845258951,5402,5675,0.9737527721944352,0.9683042789223456,0.95983209158312,0.9429012345679012,0.995114006514658,0.9714917369104809,0.9592476489028212,0.9519957858066976,0.9272727272727272,0.9935064935064936
BERTopic_topic_128,10.0,text_similarity+interactions,Core Number Only,xgboost,413.1113845258951,5402,5675,0.9745548907482718,0.9682539682539684,0.9604503055720592,0.941358024691358,0.9967320261437908,0.9719873712196746,0.9583660644147682,0.9528599542883928,0.9242424242424242,0.99510603588907
BERTopic_topic_128,20.0,interactions,"All (Unweighted Clustering, No Square Clustering)",logistic_regression,6.290571965277195,5495,5675,0.8625294371037496,0.5815061963775023,0.659829655392966,0.4670750382848392,0.7702020202020202,0.8559645306504728,0.5941893158388004,0.6633753605210756,0.4803030303030303,0.7788697788697788
BERTopic_topic_128,20.0,interactions,"All (Unweighted Clustering, No Square Clustering)",random_forest,6.290571965277195,5495,5675,0.9166649271655049,0.8017937219730942,0.8366693104063968,0.6845329249617151,0.9675324675324676,0.9168823831535696,0.8017777777777778,0.8309275284380687,0.6833333333333333,0.9698924731182796
BERTopic_topic_128,20.0,interactions,"All (Unweighted Clustering, No Square Clustering)",xgboost,6.290571965277195,5495,5675,0.9221974896784324,0.8010291595197255,0.8366761172119511,0.7151607963246555,0.9103313840155944,0.9189984591679508,0.7965217391304348,0.8286440136476447,0.693939393939394,0.9346938775510204
BERTopic_topic_128,20.0,interactions,"All but Betweenness and Harmonic (Unweighted Clustering, No Square Clustering)",logistic_regression,6.290571965277195,5495,5675,0.8641769028403208,0.6022727272727273,0.6716047705912397,0.4869831546707504,0.7890818858560794,0.8568101755340041,0.6065727699530516,0.6619637252203159,0.4893939393939394,0.7975308641975308
BERTopic_topic_128,20.0,interactions,"All but Betweenness and Harmonic (Unweighted Clustering, No Square Clustering)",random_forest,6.290571965277195,5495,5675,0.9128514662097156,0.7928251121076233,0.8303237765656034,0.6768759571209801,0.9567099567099568,0.9148975799873108,0.7897071872227152,0.8283188037801905,0.6742424242424242,0.9528907922912204
BERTopic_topic_128,20.0,interactions,"All but Betweenness and Harmonic (Unweighted Clustering, No Square Clustering)",xgboost,6.290571965277195,5495,5675,0.920830558038298,0.7920621225194133,0.8333376780164174,0.7029096477794793,0.9071146245059288,0.920324178978217,0.8006872852233677,0.8305370803038833,0.706060606060606,0.9246031746031746
BERTopic_topic_128,20.0,interactions,Core Number Only,logistic_regression,6.290571965277195,5495,5675,0.8161835913804238,0.4664536741214057,0.5461767831580652,0.335375191424196,0.7657342657342657,0.809810417233149,0.4630021141649049,0.5405210087765608,0.3318181818181818,0.7657342657342657
BERTopic_topic_128,20.0,interactions,Core Number Only,random_forest,6.290571965277195,5495,5675,0.814747395966761,0.4378437843784378,0.5410902557824058,0.3047473200612557,0.77734375,0.8085584156621046,0.4295154185022026,0.5295592556230002,0.2954545454545454,0.7862903225806451
BERTopic_topic_128,20.0,interactions,Core Number Only,xgboost,6.290571965277195,5495,5675,0.813139148074562,0.4378437843784378,0.5384717845830664,0.3047473200612557,0.77734375,0.8085007099912385,0.4170403587443946,0.5294315257623432,0.2818181818181818,0.8017241379310345
BERTopic_topic_128,20.0,similarity,"All (Unweighted Clustering, No Square Clustering)",logistic_regression,107.46083381399512,5495,5675,0.9276377004933224,0.8192341941228851,0.8459813168196492,0.7044410413476263,0.9787234042553192,0.9243711290371308,0.8141592920353983,0.8389214082576564,0.696969696969697,0.9787234042553192
BERTopic_topic_128,20.0,similarity,"All (Unweighted Clustering, No Square Clustering)",random_forest,107.46083381399512,5495,5675,0.9925660045808972,0.9244372990353698,0.9765226824991232,0.8805513016845329,0.9729272419627748,0.9878135291096408,0.9174757281553398,0.968526974151632,0.8590909090909091,0.984375
BERTopic_topic_128,20.0,similarity,"All (Unweighted Clustering, No Square Clustering)",xgboost,107.46083381399512,5495,5675,0.9917895545169152,0.9404289118347896,0.9792546723308688,0.906584992343032,0.976897689768977,0.9919580651983444,0.9382911392405064,0.9746217504361612,0.8984848484848484,0.9817880794701986
BERTopic_topic_128,20.0,similarity,"All but Betweenness and Harmonic (Unweighted Clustering, No Square Clustering)",logistic_regression,107.46083381399512,5495,5675,0.925426003834493,0.8202846975088968,0.8479165278282181,0.7059724349157733,0.978768577494692,0.922395540650775,0.8162544169611308,0.8409118076395687,0.7,0.9788135593220338
BERTopic_topic_128,20.0,similarity,"All but Betweenness and Harmonic (Unweighted Clustering, No Square Clustering)",random_forest,107.46083381399512,5495,5675,0.992035614863057,0.9267900241351568,0.9763976505220082,0.8820826952526799,0.976271186440678,0.9876358802380736,0.9165991902834008,0.9679007983323008,0.8575757575757575,0.9843478260869564
BERTopic_topic_128,20.0,similarity,"All but Betweenness and Harmonic (Unweighted Clustering, No Square Clustering)",xgboost,107.46083381399512,5495,5675,0.991572591281114,0.9424743892829,0.980441048602286,0.9157733537519144,0.9707792207792209,0.992159279736548,0.9359683794466404,0.975108624773862,0.896969696969697,0.9785123966942147
BERTopic_topic_128,20.0,similarity,Core Number Only,logistic_regression,107.46083381399512,5495,5675,0.9020097880149004,0.8307967770814683,0.8450258809250077,0.7105666156202144,1.0,0.8950897308075774,0.8266666666666667,0.8370664426402166,0.7045454545454546,1.0
BERTopic_topic_128,20.0,similarity,Core Number Only,random_forest,107.46083381399512,5495,5675,0.9390100846789164,0.8526315789473684,0.8847598948632869,0.7442572741194488,0.997946611909651,0.9364353907973052,0.8466898954703833,0.8676668546915355,0.7363636363636363,0.9959016393442623
BERTopic_topic_128,20.0,similarity,Core Number Only,xgboost,107.46083381399512,5495,5675,0.9423405968576386,0.8526315789473684,0.8854281216667637,0.7442572741194488,0.997946611909651,0.9391505785673282,0.8466898954703833,0.8680861883388962,0.7363636363636363,0.9959016393442623
BERTopic_topic_128,20.0,similarity+interactions,"All (Unweighted Clustering, No Square Clustering)",logistic_regression,114.2474262304604,5495,5675,0.941643215028278,0.8166811468288445,0.8790483876314048,0.7197549770290965,0.9437751004016064,0.9314205867246744,0.8263888888888888,0.8647256009019029,0.7212121212121212,0.967479674796748
BERTopic_topic_128,20.0,similarity+interactions,"All (Unweighted Clustering, No Square Clustering)",random_forest,114.2474262304604,5495,5675,0.9937779624811738,0.935560859188544,0.980009489392889,0.900459418070444,0.9735099337748344,0.9909530499410858,0.9181380417335474,0.9729243364220366,0.8666666666666667,0.9761092150170648
BERTopic_topic_128,20.0,similarity+interactions,"All (Unweighted Clustering, No Square Clustering)",xgboost,114.2474262304604,5495,5675,0.9942318141479008,0.9488591660110148,0.983082818903053,0.9234303215926492,0.9757281553398058,0.9917613825191094,0.937844217151849,0.9758028801520644,0.9030303030303032,0.9754500818330606
BERTopic_topic_128,20.0,similarity+interactions,"All but Betweenness and Harmonic (Unweighted Clustering, No Square Clustering)",logistic_regression,114.2474262304604,5495,5675,0.9381287901358266,0.8230165649520488,0.8777503493445934,0.7228177641653905,0.9554655870445344,0.9297845856370284,0.8260869565217391,0.8642971251913876,0.7196969696969697,0.9693877551020408
BERTopic_topic_128,20.0,similarity+interactions,"All but Betweenness and Harmonic (Unweighted Clustering, No Square Clustering)",random_forest,114.2474262304604,5495,5675,0.9939357826774782,0.9397781299524564,0.980111413032252,0.9081163859111792,0.973727422003284,0.9918725641258044,0.929936305732484,0.9731069214498602,0.8848484848484849,0.9798657718120806
BERTopic_topic_128,20.0,similarity+interactions,"All but Betweenness and Harmonic (Unweighted Clustering, No Square Clustering)",xgboost,114.2474262304604,5495,5675,0.9943036081049368,0.9514866979655712,0.9832268051296156,0.9310872894333844,0.9728,0.991504275053627,0.9379418695993716,0.9759251438235256,0.9045454545454544,0.9738988580750408
BERTopic_topic_128,20.0,similarity+interactions,Core Number Only,logistic_regression,114.2474262304604,5495,5675,0.9008305643637567,0.8275245755138516,0.8424425810954629,0.7090352220520674,0.9935622317596566,0.8941020876763649,0.8213333333333334,0.8346480161630528,0.7,0.9935483870967742
BERTopic_topic_128,20.0,similarity+interactions,Core Number Only,random_forest,114.2474262304604,5495,5675,0.9353190213503212,0.8404533565823888,0.8762280732846084,0.7381316998468607,0.9757085020242916,0.929650140487628,0.8315972222222222,0.8615804432946839,0.7257575757575757,0.9735772357723578
BERTopic_topic_128,20.0,similarity+interactions,Core Number Only,xgboost,114.2474262304604,5495,5675,0.93734490765779,0.8414634146341463,0.8768398891543021,0.7396630934150077,0.9757575757575756,0.9316896280854404,0.8346320346320346,0.8625280415937027,0.7303030303030303,0.9737373737373738
BERTopic_topic_128,20.0,similarity+text_similarity,"All (Unweighted Clustering, No Square Clustering)",logistic_regression,399.6309072766453,5495,5675,0.9724719197071564,0.931372549019608,0.9529221960269714,0.8728943338437979,0.9982486865148862,0.9666406840085804,0.9208163265306124,0.93973332101377,0.8545454545454545,0.9982300884955752
BERTopic_topic_128,20.0,similarity+text_similarity,"All (Unweighted Clustering, No Square Clustering)",random_forest,399.6309072766453,5495,5675,0.9941046724266294,0.9719188767550702,0.9884196296242896,0.9540581929555896,0.9904610492845788,0.9907968518686364,0.9696969696969696,0.9804878876373576,0.9454545454545454,0.9952153110047848
BERTopic_topic_128,20.0,similarity+text_similarity,"All (Unweighted Clustering, No Square Clustering)",xgboost,399.6309072766453,5495,5675,0.994430749826208,0.9751552795031057,0.9881981794742772,0.9617151607963248,0.988976377952756,0.9935227650382188,0.9728471683475562,0.9835281755208446,0.95,0.9968203497615262
BERTopic_topic_128,20.0,similarity+text_similarity,"All but Betweenness and Harmonic (Unweighted Clustering, No Square Clustering)",logistic_regression,399.6309072766453,5495,5675,0.9734599563669852,0.9494787489975942,0.9622643184360398,0.906584992343032,0.9966329966329966,0.9699359497265778,0.9424920127795527,0.9544029962093664,0.8939393939393939,0.9966216216216216
BERTopic_topic_128,20.0,similarity+text_similarity,"All but Betweenness and Harmonic (Unweighted Clustering, No Square Clustering)",random_forest,399.6309072766453,5495,5675,0.9938859696896668,0.97423887587822,0.9872029967981512,0.9555895865237366,0.9936305732484076,0.99180307562162,0.9712955779674166,0.9816564820114158,0.9484848484848484,0.9952305246422892
BERTopic_topic_128,20.0,similarity+text_similarity,"All but Betweenness and Harmonic (Unweighted Clustering, No Square Clustering)",xgboost,399.6309072766453,5495,5675,0.9942639158511568,0.9774669774669774,0.9878142924551988,0.9632465543644716,0.9921135646687698,0.994099670684915,0.9720496894409938,0.9842568097356644,0.9484848484848484,0.9968152866242038
BERTopic_topic_128,20.0,similarity+text_similarity,Core Number Only,logistic_regression,399.6309072766453,5495,5675,0.976746506607258,0.9476228847703464,0.9608884423813836,0.900459418070444,1.0,0.9672728783346928,0.9414595028067362,0.9516726262979516,0.8893939393939394,1.0
BERTopic_topic_128,20.0,similarity+text_similarity,Core Number Only,random_forest,399.6309072766453,5495,5675,0.9742982377904412,0.9685534591194968,0.9598809405602764,0.9433384379785604,0.9951534733441034,0.9736387806278136,0.9632525410476936,0.9543446155366044,0.9333333333333332,0.9951534733441034
BERTopic_topic_128,20.0,similarity+text_similarity,Core Number Only,xgboost,399.6309072766453,5495,5675,0.977833694833302,0.968503937007874,0.9622935355506578,0.9418070444104136,0.9967585089141004,0.9751040816943108,0.9631949882537196,0.956211181328358,0.9318181818181818,0.9967585089141004
BERTopic_topic_128,20.0,similarity+text_similarity+interactions,"All (Unweighted Clustering, No Square Clustering)",logistic_regression,400.0404757298529,5495,5675,0.97536360318373,0.8421839940164547,0.9328350579094224,0.8621745788667687,0.8230994152046783,0.970935979938971,0.8394324122479462,0.9215435282199432,0.8515151515151516,0.8276877761413843
BERTopic_topic_128,20.0,similarity+text_similarity+interactions,"All (Unweighted Clustering, No Square Clustering)",random_forest,400.0404757298529,5495,5675,0.9952913284918272,0.9742790335151988,0.9889357109056476,0.9571209800918836,0.992063492063492,0.9927982718511134,0.9696969696969696,0.9819434036392148,0.9454545454545454,0.9952153110047848
BERTopic_topic_128,20.0,similarity+text_similarity+interactions,"All (Unweighted Clustering, No Square Clustering)",xgboost,400.0404757298529,5495,5675,0.9943937458924051,0.9789555728760716,0.9874415530274196,0.9617151607963248,0.9968253968253968,0.9937711109096952,0.9720062208398134,0.9831263687240456,0.946969696969697,0.9984025559105432
BERTopic_topic_128,20.0,similarity+text_similarity+interactions,"All but Betweenness and Harmonic (Unweighted Clustering, No Square Clustering)",logistic_regression,400.0404757298529,5495,5675,0.9770294127507332,0.9493975903614458,0.9623802890711904,0.9050535987748852,0.9983108108108107,0.9749820236260914,0.9398556535685646,0.9555363278008506,0.8878787878787879,0.9982964224872232
BERTopic_topic_128,20.0,similarity+text_similarity+interactions,"All but Betweenness and Harmonic (Unweighted Clustering, No Square Clustering)",random_forest,400.0404757298529,5495,5675,0.9939126947529686,0.9750390015600624,0.987603845288746,0.9571209800918836,0.9936406995230525,0.9926101997039184,0.9712955779674166,0.9832018075939384,0.9484848484848484,0.9952305246422892
BERTopic_topic_128,20.0,similarity+text_similarity+interactions,"All but Betweenness and Harmonic (Unweighted Clustering, No Square Clustering)",xgboost,400.0404757298529,5495,5675,0.9947652084586566,0.9789227166276346,0.9876499038595932,0.9601837672281776,0.998407643312102,0.9934815251216048,0.974398758727696,0.9837938512369196,0.9515151515151516,0.9984101748807632
BERTopic_topic_128,20.0,similarity+text_similarity+interactions,Core Number Only,logistic_regression,400.0404757298529,5495,5675,0.9766949541182848,0.9476228847703464,0.960854652110214,0.900459418070444,1.0,0.9672239342578326,0.9414595028067362,0.9516484185503272,0.8893939393939394,1.0
BERTopic_topic_128,20.0,similarity+text_similarity+interactions,Core Number Only,random_forest,400.0404757298529,5495,5675,0.9720508022895632,0.9700787401574804,0.9587852649181526,0.9433384379785604,0.9983792544570502,0.9716619837457324,0.9647611589663272,0.9535835732424064,0.9333333333333332,0.9983792544570502
BERTopic_topic_128,20.0,similarity+text_similarity+interactions,Core Number Only,xgboost,400.0404757298529,5495,5675,0.9752533820646676,0.970843183609141,0.9621637302078088,0.9433384379785604,1.0,0.9735328861899152,0.9655172413793104,0.9569540777628196,0.9333333333333332,1.0
BERTopic_topic_128,20.0,text_similarity,"All (Unweighted Clustering, No Square Clustering)",logistic_regression,388.6898167412728,5495,5675,0.9697399540645184,0.8223350253807107,0.9165157832558044,0.8683001531393568,0.78099173553719,0.9714894709809964,0.8450074515648286,0.9250229871048132,0.8590909090909091,0.8313782991202346
BERTopic_topic_128,20.0,text_similarity,"All (Unweighted Clustering, No Square Clustering)",random_forest,388.6898167412728,5495,5675,0.9961817949501331,0.97339593114241,0.987469858725626,0.9525267993874426,0.9952,0.989417807184507,0.9696969696969696,0.9774055146736008,0.9454545454545454,0.9952153110047848
BERTopic_topic_128,20.0,text_similarity,"All (Unweighted Clustering, No Square Clustering)",xgboost,388.6898167412728,5495,5675,0.9941653968308186,0.975,0.9867334030203097,0.9555895865237366,0.9952153110047848,0.9938224719780056,0.968895800933126,0.9826216078345152,0.943939393939394,0.9952076677316294
BERTopic_topic_128,20.0,text_similarity,"All but Betweenness and Harmonic (Unweighted Clustering, No Square Clustering)",logistic_regression,388.6898167412728,5495,5675,0.9733122569047128,0.9471153846153846,0.9614911346057876,0.9050535987748852,0.9932773109243698,0.9699163116710474,0.9376,0.9535309358368178,0.8878787878787879,0.9932203389830508
BERTopic_topic_128,20.0,text_similarity,"All but Betweenness and Harmonic (Unweighted Clustering, No Square Clustering)",random_forest,388.6898167412728,5495,5675,0.9933617472941269,0.97423887587822,0.9849718728678052,0.9555895865237366,0.9936305732484076,0.9910385510136256,0.9712509712509712,0.9786942841153328,0.946969696969697,0.9968102073365231
BERTopic_topic_128,20.0,text_similarity,"All but Betweenness and Harmonic (Unweighted Clustering, No Square Clustering)",xgboost,388.6898167412728,5495,5675,0.99402939946727,0.97423887587822,0.986460734993372,0.9555895865237366,0.9936305732484076,0.9927731955648208,0.9712062256809338,0.9815753131507126,0.9454545454545454,0.9984
BERTopic_topic_128,20.0,text_similarity,Core Number Only,logistic_regression,388.6898167412728,5495,5675,0.9757594187662446,0.9476228847703464,0.9604478554112102,0.900459418070444,1.0,0.9663175624641228,0.9414595028067362,0.9512560919595052,0.8893939393939394,1.0
BERTopic_topic_128,20.0,text_similarity,Core Number Only,random_forest,388.6898167412728,5495,5675,0.9757077081408024,0.969315499606609,0.9597509400302262,0.9433384379785604,0.9967637540453076,0.9726283271397927,0.9625,0.9531696474589046,0.9333333333333332,0.9935483870967742
BERTopic_topic_128,20.0,text_similarity,Core Number Only,xgboost,388.6898167412728,5495,5675,0.9764922231647156,0.968503937007874,0.9626545990957606,0.9418070444104136,0.9967585089141004,0.9715606211668026,0.9632525410476936,0.9545455801182564,0.9333333333333332,0.9951534733441034
BERTopic_topic_128,20.0,text_similarity+interactions,"All (Unweighted Clustering, No Square Clustering)",logistic_regression,436.2153938636184,5495,5675,0.9676553991269602,0.8216939078751857,0.8904298362982487,0.8468606431852986,0.797979797979798,0.9632898274872354,0.815418828762046,0.8747518080908175,0.8333333333333334,0.7982583454281568
BERTopic_topic_128,20.0,text_similarity+interactions,"All (Unweighted Clustering, No Square Clustering)",random_forest,436.2153938636184,5495,5675,0.995677497749718,0.975,0.9875730543558568,0.9555895865237366,0.9952153110047848,0.9906341581316656,0.9720496894409938,0.9777209409429032,0.9484848484848484,0.9968152866242038
BERTopic_topic_128,20.0,text_similarity+interactions,"All (Unweighted Clustering, No Square Clustering)",xgboost,436.2153938636184,5495,5675,0.9936245701060082,0.9726348709929632,0.9861967893416628,0.9525267993874426,0.9936102236421726,0.9932464727031028,0.9696969696969696,0.9823223807803324,0.9454545454545454,0.9952153110047848
BERTopic_topic_128,20.0,text_similarity+interactions,"All but Betweenness and Harmonic (Unweighted Clustering, No Square Clustering)",logistic_regression,436.2153938636184,5495,5675,0.9737063329860656,0.952,0.9635324531486544,0.9111791730474732,0.9966499162479062,0.9676355781141424,0.9433359936153232,0.9541953421005576,0.8954545454545455,0.9966273187183812
BERTopic_topic_128,20.0,text_similarity+interactions,"All but Betweenness and Harmonic (Unweighted Clustering, No Square Clustering)",random_forest,436.2153938636184,5495,5675,0.993681024825528,0.975800156128025,0.9866082927841676,0.9571209800918836,0.9952229299363056,0.989377473639687,0.9720496894409938,0.9769092947297332,0.9484848484848484,0.9968152866242038
BERTopic_topic_128,20.0,text_similarity+interactions,"All but Betweenness and Harmonic (Unweighted Clustering, No Square Clustering)",xgboost,436.2153938636184,5495,5675,0.9941356671746008,0.975800156128025,0.9866985456839772,0.9571209800918836,0.9952229299363056,0.992883470799722,0.9720062208398134,0.9822091523526668,0.946969696969697,0.9984025559105432
BERTopic_topic_128,20.0,text_similarity+interactions,Core Number Only,logistic_regression,436.2153938636184,5495,5675,0.975701066409094,0.9476228847703464,0.960418377914175,0.900459418070444,1.0,0.9662613674129128,0.9414595028067362,0.9512336170884262,0.8893939393939394,1.0
BERTopic_topic_128,20.0,text_similarity+interactions,Core Number Only,random_forest,436.2153938636184,5495,5675,0.9737420718281145,0.969315499606609,0.9601964668484012,0.9433384379785604,0.9967637540453076,0.9703827910208768,0.9625,0.9520068245703792,0.9333333333333332,0.9935483870967742
BERTopic_topic_128,20.0,text_similarity+interactions,Core Number Only,xgboost,436.2153938636184,5495,5675,0.9751047337835796,0.968503937007874,0.9613180391358964,0.9418070444104136,0.9967585089141004,0.970099700897308,0.9624413145539906,0.953003512205926,0.9318181818181818,0.9951456310679612
BERTopic_topic_128,50.0,interactions,"All (Unweighted Clustering, No Square Clustering)",logistic_regression,6.275875875726342,5611,5675,0.8647051278982926,0.5901328273244781,0.6657972453533417,0.4726443768996961,0.7853535353535354,0.8638854648176681,0.583969465648855,0.6590597138602421,0.4636363636363636,0.788659793814433
BERTopic_topic_128,50.0,interactions,"All (Unweighted Clustering, No Square Clustering)",random_forest,6.275875875726342,5611,5675,0.914754467066412,0.7946902654867256,0.8305443692153525,0.682370820668693,0.951271186440678,0.9177789359195144,0.7937062937062938,0.8341362473949328,0.6878787878787879,0.9380165289256198
BERTopic_topic_128,50.0,interactions,"All (Unweighted Clustering, No Square Clustering)",xgboost,6.275875875726342,5611,5675,0.920419112913668,0.8085470085470086,0.8331183579639726,0.7188449848024316,0.923828125,0.9207877881506996,0.7993109388458226,0.8311592703447204,0.703030303030303,0.9261477045908184
BERTopic_topic_128,50.0,interactions,"All but Betweenness and Harmonic (Unweighted Clustering, No Square Clustering)",logistic_regression,6.275875875726342,5611,5675,0.8621976671901284,0.5842911877394636,0.6558480988148655,0.4635258358662614,0.7901554404145078,0.8605545484757847,0.5772200772200772,0.6461699704622561,0.453030303030303,0.7952127659574468
BERTopic_topic_128,50.0,interactions,"All but Betweenness and Harmonic (Unweighted Clustering, No Square Clustering)",random_forest,6.275875875726342,5611,5675,0.920649086212832,0.8021015761821366,0.8359231364095716,0.6960486322188449,0.9462809917355371,0.918601015136409,0.7985989492119089,0.8354940165540704,0.6909090909090909,0.946058091286307
BERTopic_topic_128,50.0,interactions,"All but Betweenness and Harmonic (Unweighted Clustering, No Square Clustering)",xgboost,6.275875875726342,5611,5675,0.9216792868158256,0.8034334763948497,0.8338869144940996,0.7112462006079028,0.9230769230769232,0.921666515604701,0.8034042553191489,0.8373059985523842,0.7151515151515152,0.916504854368932
BERTopic_topic_128,50.0,interactions,Core Number Only,logistic_regression,6.275875875726342,5611,5675,0.815715292135128,0.4639830508474576,0.540353805400091,0.3328267477203647,0.7657342657342657,0.8165986887821385,0.4630021141649049,0.5406393771784284,0.3318181818181818,0.7657342657342657
BERTopic_topic_128,50.0,interactions,Core Number Only,random_forest,6.275875875726342,5611,5675,0.8107988649536647,0.4565916398713826,0.5345168046719806,0.32370820668693,0.7745454545454545,0.8144551194900148,0.4527896995708154,0.5279515993867409,0.3196969696969697,0.7757352941176471
BERTopic_topic_128,50.0,interactions,Core Number Only,xgboost,6.275875875726342,5611,5675,0.810784443679401,0.4639830508474576,0.534449725019607,0.3328267477203647,0.7657342657342657,0.8144082902806732,0.4398249452954048,0.5281050769052342,0.3045454545454545,0.7913385826771654
BERTopic_topic_128,50.0,similarity,"All (Unweighted Clustering, No Square Clustering)",logistic_regression,103.83280866593122,5611,5675,0.9423882366586336,0.831858407079646,0.8704904211257808,0.7142857142857143,0.9957627118644068,0.9385351521193994,0.8314210061782877,0.8646714168781422,0.7136363636363636,0.9957716701902748
BERTopic_topic_128,50.0,similarity,"All (Unweighted Clustering, No Square Clustering)",random_forest,103.83280866593122,5611,5675,0.9936836352902696,0.9258964143426296,0.97890897631902,0.8829787234042553,0.9731993299832497,0.9938677905676908,0.932486100079428,0.9788925551166726,0.8893939393939394,0.979966611018364
BERTopic_topic_128,50.0,similarity,"All (Unweighted Clustering, No Square Clustering)",xgboost,103.83280866593122,5611,5675,0.9941471104982582,0.9516380655226208,0.9839714598798804,0.9270516717325228,0.9775641025641024,0.992323181969244,0.94679186228482,0.9791570492750216,0.9166666666666666,0.9789644012944984
BERTopic_topic_128,50.0,similarity,"All but Betweenness and Harmonic (Unweighted Clustering, No Square Clustering)",logistic_regression,103.83280866593122,5611,5675,0.9408144767501444,0.8245770258236865,0.8711291140437415,0.7036474164133738,0.9956989247311828,0.936313030605154,0.8255093002657219,0.8652865851614642,0.706060606060606,0.9936034115138592
BERTopic_topic_128,50.0,similarity,"All but Betweenness and Harmonic (Unweighted Clustering, No Square Clustering)",random_forest,103.83280866593122,5611,5675,0.9907848057454358,0.9295328582739508,0.9782491075934284,0.89209726443769,0.9702479338842976,0.9921503670805764,0.9335443037974684,0.9772459537321104,0.8939393939393939,0.97682119205298
BERTopic_topic_128,50.0,similarity,"All but Betweenness and Harmonic (Unweighted Clustering, No Square Clustering)",xgboost,103.83280866593122,5611,5675,0.9933091424128448,0.9533437013996888,0.9840161142794196,0.93161094224924,0.9761146496815286,0.9923458412640864,0.946051602814699,0.9794334888870816,0.9166666666666666,0.9773828756058158
BERTopic_topic_128,50.0,similarity,Core Number Only,logistic_regression,103.83280866593122,5611,5675,0.8970930086276039,0.825,0.8398328099319969,0.7021276595744681,1.0,0.8952271971962897,0.8235294117647058,0.8373087497005591,0.7,1.0
BERTopic_topic_128,50.0,similarity,Core Number Only,random_forest,103.83280866593122,5611,5675,0.9404013225842678,0.8461538461538461,0.8808590248200551,0.7355623100303952,0.9958847736625516,0.9386032810658932,0.8486956521739131,0.8716854215503529,0.7393939393939394,0.9959183673469388
BERTopic_topic_128,50.0,similarity,Core Number Only,xgboost,103.83280866593122,5611,5675,0.9438136415435796,0.8491717523975588,0.883736574996734,0.7401215805471124,0.9959100204498976,0.9409785794132752,0.8484320557491289,0.8719000587947278,0.7378787878787879,0.9979508196721312
BERTopic_topic_128,50.0,similarity+interactions,"All (Unweighted Clustering, No Square Clustering)",logistic_regression,83.68773023970425,5611,5675,0.9293102887507312,0.8249780123131046,0.864380989605943,0.7127659574468085,0.9791231732776616,0.9259677029517508,0.8271604938271605,0.857283756503007,0.7106060606060606,0.989451476793249
BERTopic_topic_128,50.0,similarity+interactions,"All (Unweighted Clustering, No Square Clustering)",random_forest,83.68773023970425,5611,5675,0.9937838171210592,0.928343949044586,0.9789445897756772,0.8860182370820668,0.9749163879598662,0.9917965799570984,0.923809523809524,0.9759097655054924,0.8818181818181818,0.97
BERTopic_topic_128,50.0,similarity+interactions,"All (Unweighted Clustering, No Square Clustering)",xgboost,83.68773023970425,5611,5675,0.99399353926913,0.9503105590062112,0.9815505488945254,0.9300911854103344,0.9714285714285714,0.9927648871567116,0.9414519906323184,0.9770479790977896,0.9136363636363636,0.9710144927536232
BERTopic_topic_128,50.0,similarity+interactions,"All but Betweenness and Harmonic (Unweighted Clustering, No Square Clustering)",logistic_regression,83.68773023970425,5611,5675,0.9265441656126864,0.8275862068965517,0.8626435230405499,0.7112462006079028,0.9894291754756872,0.9223467476358804,0.8268551236749117,0.8590924971177222,0.7090909090909091,0.9915254237288136
BERTopic_topic_128,50.0,similarity+interactions,"All but Betweenness and Harmonic (Unweighted Clustering, No Square Clustering)",random_forest,83.68773023970425,5611,5675,0.9910716970525985,0.929421094369548,0.9759714462194768,0.8905775075987842,0.9718076285240465,0.9903598296021028,0.9285714285714286,0.9736019669605924,0.8863636363636364,0.975
BERTopic_topic_128,50.0,similarity+interactions,"All but Betweenness and Harmonic (Unweighted Clustering, No Square Clustering)",xgboost,83.68773023970425,5611,5675,0.993995533700677,0.9470404984423676,0.981182638528108,0.9240121580547112,0.9712460063897764,0.993234991993716,0.9448329448329448,0.9774176925923173,0.9212121212121211,0.9696969696969696
BERTopic_topic_128,50.0,similarity+interactions,Core Number Only,logistic_regression,83.68773023970425,5611,5675,0.8961413579440047,0.82174688057041,0.8373083188656689,0.7006079027355623,0.9935344827586208,0.8943072298256745,0.8192341941228851,0.8346513983432619,0.696969696969697,0.9935205183585312
BERTopic_topic_128,50.0,similarity+interactions,Core Number Only,random_forest,83.68773023970425,5611,5675,0.9368136470666208,0.8375325803649001,0.8714209406566271,0.7325227963525835,0.977687626774848,0.932199613281368,0.8363636363636363,0.8660384965084599,0.7318181818181818,0.9757575757575756
BERTopic_topic_128,50.0,similarity+interactions,Core Number Only,xgboost,83.68773023970425,5611,5675,0.9408647977922564,0.8411867364746946,0.8761336545351787,0.7325227963525835,0.9877049180327868,0.934590017825312,0.8373702422145328,0.8675152956473237,0.7333333333333333,0.9758064516129032
BERTopic_topic_128,50.0,similarity+text_similarity,"All (Unweighted Clustering, No Square Clustering)",logistic_regression,422.2661183681339,5611,5675,0.9742951525494664,0.8961832061068702,0.9470068699564528,0.89209726443769,0.9003067484662577,0.9730727514426418,0.9019908116385912,0.944632841241088,0.8924242424242425,0.9117647058823528
BERTopic_topic_128,50.0,similarity+text_similarity,"All (Unweighted Clustering, No Square Clustering)",random_forest,422.2661183681339,5611,5675,0.992749627654972,0.9751552795031057,0.9854691434977272,0.9544072948328268,0.9968253968253968,0.9934301640532948,0.9736434108527132,0.9838388795031678,0.9515151515151516,0.9968253968253968
BERTopic_topic_128,50.0,similarity+text_similarity,"All (Unweighted Clustering, No Square Clustering)",xgboost,422.2661183681339,5611,5675,0.9933652933317868,0.9705426356589149,0.9857301000989476,0.9513677811550152,0.990506329113924,0.9923839088794224,0.9722650231124808,0.9844760490418528,0.956060606060606,0.9890282131661442
BERTopic_topic_128,50.0,similarity+text_similarity,"All but Betweenness and Harmonic (Unweighted Clustering, No Square Clustering)",logistic_regression,422.2661183681339,5611,5675,0.9754080453527596,0.9424920127795527,0.9602919290399908,0.8966565349544073,0.9932659932659932,0.9747181183721562,0.9408945686900958,0.9584139069132064,0.8924242424242425,0.9949324324324323
BERTopic_topic_128,50.0,similarity+text_similarity,"All but Betweenness and Harmonic (Unweighted Clustering, No Square Clustering)",random_forest,422.2661183681339,5611,5675,0.9933254047008444,0.9760247486465584,0.9849831670445212,0.958966565349544,0.9937007874015747,0.9924966011057736,0.9720496894409938,0.984116537458278,0.9484848484848484,0.9968152866242038
BERTopic_topic_128,50.0,similarity+text_similarity,"All but Betweenness and Harmonic (Unweighted Clustering, No Square Clustering)",xgboost,422.2661183681339,5611,5675,0.9928160575672722,0.97138437741686,0.9855159849951732,0.9544072948328268,0.988976377952756,0.9927787848575486,0.9745566692367,0.984712958468116,0.9575757575757576,0.9921507064364208
BERTopic_topic_128,50.0,similarity+text_similarity,Core Number Only,logistic_regression,422.2661183681339,5611,5675,0.9757253133865632,0.9455128205128204,0.958472896777224,0.8966565349544073,1.0,0.9725777213813104,0.9431545236188952,0.955898931542372,0.8924242424242425,1.0
BERTopic_topic_128,50.0,similarity+text_similarity,Core Number Only,random_forest,422.2661183681339,5611,5675,0.9742100056641856,0.9648162627052383,0.9577922852439966,0.9376899696048632,0.9935587761674718,0.9748187256412582,0.9641185647425896,0.9589244566354684,0.9363636363636364,0.9935691318327974
BERTopic_topic_128,50.0,similarity+text_similarity,Core Number Only,xgboost,422.2661183681339,5611,5675,0.9746018347542889,0.9647611589663272,0.9613886494195304,0.9361702127659576,0.9951534733441034,0.9755758482129367,0.9633099141295862,0.9596897595121426,0.9348484848484848,0.9935587761674718
BERTopic_topic_128,50.0,similarity+text_similarity+interactions,"All (Unweighted Clustering, No Square Clustering)",logistic_regression,429.1932014003396,5611,5675,0.9750671509760134,0.926070038910506,0.954315377611416,0.9042553191489362,0.94896331738437,0.9742966554880812,0.929182879377432,0.9535635770577672,0.9045454545454544,0.9552
BERTopic_topic_128,50.0,similarity+text_similarity+interactions,"All (Unweighted Clustering, No Square Clustering)",random_forest,429.1932014003396,5611,5675,0.994218142944898,0.9736434108527132,0.986506392281156,0.9544072948328268,0.9936708860759492,0.99284630955618,0.9729311678267596,0.9833604598950216,0.953030303030303,0.9936808846761452
BERTopic_topic_128,50.0,similarity+text_similarity+interactions,"All (Unweighted Clustering, No Square Clustering)",xgboost,429.1932014003396,5611,5675,0.9936604692007608,0.9736842105263158,0.9871012689542752,0.9559270516717324,0.9921135646687698,0.993261881023596,0.972972972972973,0.9850003485865456,0.9545454545454546,0.9921259842519684
BERTopic_topic_128,50.0,similarity+text_similarity+interactions,"All but Betweenness and Harmonic (Unweighted Clustering, No Square Clustering)",logistic_regression,429.1932014003396,5611,5675,0.9765194039779396,0.9548693586698336,0.9637505208213772,0.9164133738601824,0.996694214876033,0.9762178615668148,0.9550118389897396,0.962024825392106,0.9166666666666666,0.9967051070840196
BERTopic_topic_128,50.0,similarity+text_similarity+interactions,"All but Betweenness and Harmonic (Unweighted Clustering, No Square Clustering)",random_forest,429.1932014003396,5611,5675,0.9929656399333062,0.9775367931835788,0.985351728347728,0.958966565349544,0.9968404423380728,0.9935528263693768,0.9736842105263158,0.9839098893004624,0.953030303030303,0.995253164556962
BERTopic_topic_128,50.0,similarity+text_similarity+interactions,"All but Betweenness and Harmonic (Unweighted Clustering, No Square Clustering)",xgboost,429.1932014003396,5611,5675,0.9934493662923886,0.9744384198295896,0.9867954856139992,0.9559270516717324,0.9936808846761452,0.992900842925768,0.9730146491904396,0.9851323724770636,0.956060606060606,0.9905808477237048
BERTopic_topic_128,50.0,similarity+text_similarity+interactions,Core Number Only,logistic_regression,429.1932014003396,5611,5675,0.97569232855713,0.9455128205128204,0.9584492642782704,0.8966565349544073,1.0,0.9725313453578658,0.9431545236188952,0.9558711099583624,0.8924242424242425,1.0
BERTopic_topic_128,50.0,similarity+text_similarity+interactions,Core Number Only,random_forest,429.1932014003396,5611,5675,0.9745057952044048,0.9648162627052383,0.9594506630595256,0.9376899696048632,0.9935587761674718,0.973220641106982,0.965625,0.95749885242499,0.9363636363636364,0.9967741935483873
BERTopic_topic_128,50.0,similarity+text_similarity+interactions,Core Number Only,xgboost,429.1932014003396,5611,5675,0.975583862164529,0.9655712050078248,0.9628052577855718,0.9376899696048632,0.9951612903225806,0.9747203843016404,0.9663799843627834,0.9600283937302464,0.9363636363636364,0.9983844911147012
BERTopic_topic_128,50.0,text_similarity,"All (Unweighted Clustering, No Square Clustering)",logistic_regression,391.1299746986479,5611,5675,0.9643659518010328,0.8525096525096525,0.9236935793442086,0.8389057750759878,0.8665620094191523,0.9629331701864104,0.8505392912172574,0.9185913930285818,0.8363636363636363,0.8652037617554859
BERTopic_topic_128,50.0,text_similarity,"All (Unweighted Clustering, No Square Clustering)",random_forest,391.1299746986479,5611,5675,0.9938094378955497,0.979182729375482,0.9870794242731192,0.9650455927051672,0.9937402190923318,0.993478352820327,0.9784283513097072,0.985787639999422,0.9621212121212122,0.9952978056426331
BERTopic_topic_128,50.0,text_similarity,"All (Unweighted Clustering, No Square Clustering)",xgboost,391.1299746986479,5611,5675,0.9921870445408728,0.9792467332820908,0.9857586583711868,0.9680851063829788,0.9906687402799378,0.9919437143116108,0.9785276073619632,0.9837818315936202,0.9666666666666668,0.9906832298136646
BERTopic_topic_128,50.0,text_similarity,"All but Betweenness and Harmonic (Unweighted Clustering, No Square Clustering)",logistic_regression,391.1299746986479,5611,5675,0.975560235821586,0.9498806682577564,0.9634562538273952,0.9072948328267476,0.996661101836394,0.9718470346536148,0.9475357710651828,0.9603011966413606,0.9030303030303032,0.9966555183946488
BERTopic_topic_128,50.0,text_similarity,"All but Betweenness and Harmonic (Unweighted Clustering, No Square Clustering)",random_forest,391.1299746986479,5611,5675,0.9925461956371656,0.9799691833590138,0.985835217366045,0.9665653495440728,0.99375,0.9920731744161454,0.976851851851852,0.9843522279758832,0.9590909090909092,0.9952830188679244
BERTopic_topic_128,50.0,text_similarity,"All but Betweenness and Harmonic (Unweighted Clustering, No Square Clustering)",xgboost,391.1299746986479,5611,5675,0.9920922323334788,0.9784283513097072,0.9861375597153148,0.9650455927051672,0.9921875,0.991130698812653,0.9769938650306748,0.9835402002216694,0.9651515151515152,0.9891304347826086
BERTopic_topic_128,50.0,text_similarity,Core Number Only,logistic_regression,391.1299746986479,5611,5675,0.9749206369662058,0.9455128205128204,0.9581034322918204,0.8966565349544073,1.0,0.9716539774615548,0.9431545236188952,0.955475538147568,0.8924242424242425,1.0
BERTopic_topic_128,50.0,text_similarity,Core Number Only,random_forest,391.1299746986479,5611,5675,0.9729200687066326,0.9640062597809076,0.9551972616173464,0.9361702127659576,0.9935483870967742,0.9748771866219524,0.9616888193901486,0.9575069470480942,0.9318181818181818,0.9935379644588044
BERTopic_topic_128,50.0,text_similarity,Core Number Only,xgboost,391.1299746986479,5611,5675,0.9733809358118288,0.9647611589663272,0.96022400816535,0.9361702127659576,0.9951534733441034,0.9760103024260552,0.9632525410476936,0.960673056049075,0.9333333333333332,0.9951534733441034
BERTopic_topic_128,50.0,text_similarity+interactions,"All (Unweighted Clustering, No Square Clustering)",logistic_regression,421.0823608674109,5611,5675,0.9647930669877396,0.8496530454895914,0.9236890608731988,0.837386018237082,0.8622848200312989,0.9634476872413062,0.8518518518518519,0.9192442308130148,0.8363636363636363,0.8679245283018868
BERTopic_topic_128,50.0,text_similarity+interactions,"All (Unweighted Clustering, No Square Clustering)",random_forest,421.0823608674109,5611,5675,0.9947478946473752,0.9760247486465584,0.9885434813361584,0.958966565349544,0.9937007874015747,0.9924620079156468,0.976061776061776,0.98413908148151,0.9575757575757576,0.9952755905511812
BERTopic_topic_128,50.0,text_similarity+interactions,"All (Unweighted Clustering, No Square Clustering)",xgboost,421.0823608674109,5611,5675,0.9921290526081948,0.9791183294663574,0.9848711375621456,0.9620060790273556,0.9968503937007874,0.9921887368198437,0.9784615384615384,0.9833532729283372,0.9636363636363636,0.99375
BERTopic_topic_128,50.0,text_similarity+interactions,"All but Betweenness and Harmonic (Unweighted Clustering, No Square Clustering)",logistic_regression,421.0823608674109,5611,5675,0.9731991357054182,0.9407051282051282,0.9597499874744,0.89209726443769,0.994915254237288,0.970979032599172,0.9417398244213888,0.9570386296480344,0.8939393939393939,0.9949409780775716
BERTopic_topic_128,50.0,text_similarity+interactions,"All but Betweenness and Harmonic (Unweighted Clustering, No Square Clustering)",random_forest,421.0823608674109,5611,5675,0.994085129702486,0.976780185758514,0.9876839757186228,0.958966565349544,0.995268138801262,0.9927472129067344,0.9753086419753086,0.9847484332145624,0.9575757575757576,0.9937106918238994
BERTopic_topic_128,50.0,text_similarity+interactions,"All but Betweenness and Harmonic (Unweighted Clustering, No Square Clustering)",xgboost,421.0823608674109,5611,5675,0.9921195407038932,0.9760247486465584,0.9852627980710774,0.958966565349544,0.9937007874015747,0.9921760476147315,0.976958525345622,0.9834611128034012,0.9636363636363636,0.9906542056074766
BERTopic_topic_128,50.0,text_similarity+interactions,Core Number Only,logistic_regression,421.0823608674109,5611,5675,0.9748666338966222,0.9455128205128204,0.9580733614372848,0.8966565349544073,1.0,0.9715918909936856,0.9431545236188952,0.955440416307728,0.8924242424242425,1.0
BERTopic_topic_128,50.0,text_similarity+interactions,Core Number Only,random_forest,421.0823608674109,5611,5675,0.9727557582307124,0.9640062597809076,0.9568163667327249,0.9361702127659576,0.9935483870967742,0.9727653403426084,0.9625,0.9557132147412128,0.9333333333333332,0.9935483870967742
BERTopic_topic_128,50.0,text_similarity+interactions,Core Number Only,xgboost,421.0823608674109,5611,5675,0.9733717307431498,0.9647611589663272,0.9592055016161012,0.9361702127659576,0.9951534733441034,0.9742371370736276,0.9632525410476936,0.9580692156864388,0.9333333333333332,0.9951534733441034
BERTopic_topic_128,100.0,interactions,"All (Unweighted Clustering, No Square Clustering)",logistic_regression,6.160301169380546,5675,5675,0.862795250611801,0.571150097465887,0.6600666684393286,0.4439393939393939,0.8005464480874317,0.862795250611801,0.571150097465887,0.6600666684393286,0.4439393939393939,0.8005464480874317
BERTopic_topic_128,100.0,interactions,"All (Unweighted Clustering, No Square Clustering)",random_forest,6.160301169380546,5675,5675,0.9215273875343666,0.8,0.8340558916538563,0.6909090909090909,0.95,0.9215273875343666,0.8,0.8340558916538563,0.6909090909090909,0.95
BERTopic_topic_128,100.0,interactions,"All (Unweighted Clustering, No Square Clustering)",xgboost,6.160301169380546,5675,5675,0.9154394392579835,0.7962328767123288,0.8257547548254881,0.7045454545454546,0.9153543307086616,0.9154394392579835,0.7962328767123288,0.8257547548254881,0.7045454545454546,0.9153543307086616
BERTopic_topic_128,100.0,interactions,"All but Betweenness and Harmonic (Unweighted Clustering, No Square Clustering)",logistic_regression,6.160301169380546,5675,5675,0.8612302486479954,0.5830903790087464,0.6562806382253838,0.4545454545454545,0.8130081300813008,0.8612302486479954,0.5830903790087464,0.6562806382253838,0.4545454545454545,0.8130081300813008
BERTopic_topic_128,100.0,interactions,"All but Betweenness and Harmonic (Unweighted Clustering, No Square Clustering)",random_forest,6.160301169380546,5675,5675,0.9197244629747124,0.7982456140350878,0.8337890464167423,0.6893939393939394,0.9479166666666666,0.9197244629747124,0.7982456140350878,0.8337890464167423,0.6893939393939394,0.9479166666666666
BERTopic_topic_128,100.0,interactions,"All but Betweenness and Harmonic (Unweighted Clustering, No Square Clustering)",xgboost,6.160301169380546,5675,5675,0.9215184748783952,0.801358234295416,0.8299120713776171,0.7151515151515152,0.9111969111969112,0.9215184748783952,0.801358234295416,0.8299120713776171,0.7151515151515152,0.9111969111969112
BERTopic_topic_128,100.0,interactions,Core Number Only,logistic_regression,6.160301169380546,5675,5675,0.8166654581709417,0.4625131995776135,0.5387924105383478,0.3318181818181818,0.7630662020905923,0.8166654581709417,0.4625131995776135,0.5387924105383478,0.3318181818181818,0.7630662020905923
BERTopic_topic_128,100.0,interactions,Core Number Only,random_forest,6.160301169380546,5675,5675,0.8135127949484879,0.4390779363336992,0.5298222901405075,0.303030303030303,0.796812749003984,0.8135127949484879,0.4390779363336992,0.5298222901405075,0.303030303030303,0.796812749003984
BERTopic_topic_128,100.0,interactions,Core Number Only,xgboost,6.160301169380546,5675,5675,0.8130454092268649,0.4390779363336992,0.5287228574318688,0.303030303030303,0.796812749003984,0.8130454092268649,0.4390779363336992,0.5287228574318688,0.303030303030303,0.796812749003984
BERTopic_topic_128,100.0,similarity,"All (Unweighted Clustering, No Square Clustering)",logistic_regression,94.47125880979002,5675,5675,0.9453001601256836,0.8342059336823735,0.8772378091946572,0.7242424242424242,0.9835390946502056,0.9453001601256836,0.8342059336823735,0.8772378091946572,0.7242424242424242,0.9835390946502056
BERTopic_topic_128,100.0,similarity,"All (Unweighted Clustering, No Square Clustering)",random_forest,94.47125880979002,5675,5675,0.9922568657663374,0.9286846275752774,0.9785247621369952,0.8878787878787879,0.973421926910299,0.9922568657663374,0.9286846275752774,0.9785247621369952,0.8878787878787879,0.973421926910299
BERTopic_topic_128,100.0,similarity,"All (Unweighted Clustering, No Square Clustering)",xgboost,94.47125880979002,5675,5675,0.9927185111332668,0.946875,0.9803232870053444,0.9181818181818182,0.9774193548387096,0.9927185111332668,0.946875,0.9803232870053444,0.9181818181818182,0.9774193548387096
BERTopic_topic_128,100.0,similarity,"All but Betweenness and Harmonic (Unweighted Clustering, No Square Clustering)",logistic_regression,94.47125880979002,5675,5675,0.9428133780476752,0.8333333333333334,0.8764764715664194,0.7272727272727273,0.975609756097561,0.9428133780476752,0.8333333333333334,0.8764764715664194,0.7272727272727273,0.975609756097561
BERTopic_topic_128,100.0,similarity,"All but Betweenness and Harmonic (Unweighted Clustering, No Square Clustering)",random_forest,94.47125880979002,5675,5675,0.9951986464847882,0.9361702127659576,0.9793679759372156,0.9,0.9753694581280788,0.9951986464847882,0.9361702127659576,0.9793679759372156,0.9,0.9753694581280788
BERTopic_topic_128,100.0,similarity,"All but Betweenness and Harmonic (Unweighted Clustering, No Square Clustering)",xgboost,94.47125880979002,5675,5675,0.9933650563461132,0.95,0.9811367043108972,0.9212121212121211,0.9806451612903224,0.9933650563461132,0.95,0.9811367043108972,0.9212121212121211,0.9806451612903224
BERTopic_topic_128,100.0,similarity,Core Number Only,logistic_regression,94.47125880979002,5675,5675,0.8945540650774948,0.8235294117647058,0.8359414583394995,0.7,1.0,0.8945540650774948,0.8235294117647058,0.8359414583394995,0.7,1.0
BERTopic_topic_128,100.0,similarity,Core Number Only,random_forest,94.47125880979002,5675,5675,0.9341063174114022,0.8446771378708552,0.8741580676903155,0.7333333333333333,0.9958847736625516,0.9341063174114022,0.8446771378708552,0.8741580676903155,0.7333333333333333,0.9958847736625516
BERTopic_topic_128,100.0,similarity,Core Number Only,xgboost,94.47125880979002,5675,5675,0.9369793649354964,0.8446771378708552,0.8749240590884041,0.7333333333333333,0.9958847736625516,0.9369793649354964,0.8446771378708552,0.8749240590884041,0.7333333333333333,0.9958847736625516
BERTopic_topic_128,100.0,similarity+interactions,"All (Unweighted Clustering, No Square Clustering)",logistic_regression,79.36350670270622,5675,5675,0.9262016979364932,0.8209219858156028,0.8626931743482866,0.7015151515151515,0.9893162393162394,0.9262016979364932,0.8209219858156028,0.8626931743482866,0.7015151515151515,0.9893162393162394
BERTopic_topic_128,100.0,similarity+interactions,"All (Unweighted Clustering, No Square Clustering)",random_forest,79.36350670270622,5675,5675,0.9921938729266746,0.9240407204385278,0.9774503728947624,0.8939393939393939,0.9562398703403564,0.9921938729266746,0.9240407204385278,0.9774503728947624,0.8939393939393939,0.9562398703403564
BERTopic_topic_128,100.0,similarity+interactions,"All (Unweighted Clustering, No Square Clustering)",xgboost,79.36350670270622,5675,5675,0.9921626030997917,0.941543257989088,0.9795634378545576,0.9151515151515152,0.9695024077046548,0.9921626030997917,0.941543257989088,0.9795634378545576,0.9151515151515152,0.9695024077046548
BERTopic_topic_128,100.0,similarity+interactions,"All but Betweenness and Harmonic (Unweighted Clustering, No Square Clustering)",logistic_regression,79.36350670270622,5675,5675,0.92299042267138,0.8188277087033747,0.8620326057713331,0.6984848484848485,0.9892703862660944,0.92299042267138,0.8188277087033747,0.8620326057713331,0.6984848484848485,0.9892703862660944
BERTopic_topic_128,100.0,similarity+interactions,"All but Betweenness and Harmonic (Unweighted Clustering, No Square Clustering)",random_forest,79.36350670270622,5675,5675,0.9905690504244842,0.9317647058823528,0.975551524656346,0.9,0.9658536585365852,0.9905690504244842,0.9317647058823528,0.975551524656346,0.9,0.9658536585365852
BERTopic_topic_128,100.0,similarity+interactions,"All but Betweenness and Harmonic (Unweighted Clustering, No Square Clustering)",xgboost,79.36350670270622,5675,5675,0.9922695549714492,0.9399844115354636,0.9790839083864884,0.9136363636363636,0.9678972712680578,0.9922695549714492,0.9399844115354636,0.9790839083864884,0.9136363636363636,0.9678972712680578
BERTopic_topic_128,100.0,similarity+interactions,Core Number Only,logistic_regression,79.36350670270622,5675,5675,0.8932355962415783,0.8202846975088968,0.8333078667445504,0.6984848484848485,0.9935344827586208,0.8932355962415783,0.8202846975088968,0.8333078667445504,0.6984848484848485,0.9935344827586208
BERTopic_topic_128,100.0,similarity+interactions,Core Number Only,random_forest,79.36350670270622,5675,5675,0.9325739448321704,0.8424717145343777,0.8689242477058536,0.7333333333333333,0.9897750511247444,0.9325739448321704,0.8424717145343777,0.8689242477058536,0.7333333333333333,0.9897750511247444
BERTopic_topic_128,100.0,similarity+interactions,Core Number Only,xgboost,79.36350670270622,5675,5675,0.93405571165292,0.8414634146341463,0.8703881407769258,0.7318181818181818,0.9897540983606558,0.93405571165292,0.8414634146341463,0.8703881407769258,0.7318181818181818,0.9897540983606558
BERTopic_topic_128,100.0,similarity+text_similarity,"All (Unweighted Clustering, No Square Clustering)",logistic_regression,438.0300355814397,5675,5675,0.9694051179793952,0.9235772357723576,0.949434896745056,0.8606060606060606,0.9964912280701754,0.9694051179793952,0.9235772357723576,0.949434896745056,0.8606060606060606,0.9964912280701754
BERTopic_topic_128,100.0,similarity+text_similarity,"All (Unweighted Clustering, No Square Clustering)",random_forest,438.0300355814397,5675,5675,0.994479138342548,0.97138437741686,0.9874828938708412,0.9515151515151516,0.9921011058451816,0.994479138342548,0.97138437741686,0.9874828938708412,0.9515151515151516,0.9921011058451816
BERTopic_topic_128,100.0,similarity+text_similarity,"All (Unweighted Clustering, No Square Clustering)",xgboost,438.0300355814397,5675,5675,0.992683162633312,0.973724884080371,0.986379193545072,0.9545454545454546,0.9936908517350158,0.992683162633312,0.973724884080371,0.986379193545072,0.9545454545454546,0.9936908517350158
BERTopic_topic_128,100.0,similarity+text_similarity,"All but Betweenness and Harmonic (Unweighted Clustering, No Square Clustering)",logistic_regression,438.0300355814397,5675,5675,0.9714411311519984,0.9424,0.9584585798275788,0.8924242424242425,0.9983050847457628,0.9714411311519984,0.9424,0.9584585798275788,0.8924242424242425,0.9983050847457628
BERTopic_topic_128,100.0,similarity+text_similarity,"All but Betweenness and Harmonic (Unweighted Clustering, No Square Clustering)",random_forest,438.0300355814397,5675,5675,0.9923946342789812,0.9713400464756003,0.9856807064794088,0.95,0.993660855784469,0.9923946342789812,0.9713400464756003,0.9856807064794088,0.95,0.993660855784469
BERTopic_topic_128,100.0,similarity+text_similarity,"All but Betweenness and Harmonic (Unweighted Clustering, No Square Clustering)",xgboost,438.0300355814397,5675,5675,0.9917598718994532,0.9752704791344669,0.9859423807698416,0.956060606060606,0.995268138801262,0.9917598718994532,0.9752704791344669,0.9859423807698416,0.956060606060606,0.995268138801262
BERTopic_topic_128,100.0,similarity+text_similarity,Core Number Only,logistic_regression,438.0300355814397,5675,5675,0.9738566119822352,0.944,0.9567704276581008,0.8939393939393939,1.0,0.9738566119822352,0.944,0.9567704276581008,0.8939393939393939,1.0
BERTopic_topic_128,100.0,similarity+text_similarity,Core Number Only,random_forest,438.0300355814397,5675,5675,0.974370373727303,0.967238689547582,0.9589074293825384,0.9393939393939394,0.9967845659163987,0.974370373727303,0.967238689547582,0.9589074293825384,0.9393939393939394,0.9967845659163987
BERTopic_topic_128,100.0,similarity+text_similarity,Core Number Only,xgboost,438.0300355814397,5675,5675,0.9749080032629384,0.965625,0.9591550244612858,0.9363636363636364,0.9967741935483873,0.9749080032629384,0.965625,0.9591550244612858,0.9363636363636364,0.9967741935483873
BERTopic_topic_128,100.0,similarity+text_similarity+interactions,"All (Unweighted Clustering, No Square Clustering)",logistic_regression,452.2774732615799,5675,5675,0.9603356596876038,0.925686591276252,0.9330466289117456,0.8681818181818182,0.991349480968858,0.9603356596876038,0.925686591276252,0.9330466289117456,0.8681818181818182,0.991349480968858
BERTopic_topic_128,100.0,similarity+text_similarity+interactions,"All (Unweighted Clustering, No Square Clustering)",random_forest,452.2774732615799,5675,5675,0.993521405480528,0.972972972972973,0.9862306223441062,0.9545454545454546,0.9921259842519684,0.993521405480528,0.972972972972973,0.9862306223441062,0.9545454545454546,0.9921259842519684
BERTopic_topic_128,100.0,similarity+text_similarity+interactions,"All (Unweighted Clustering, No Square Clustering)",xgboost,452.2774732615799,5675,5675,0.9929393637270008,0.9737654320987654,0.9867404883545126,0.956060606060606,0.9921383647798742,0.9929393637270008,0.9737654320987654,0.9867404883545126,0.956060606060606,0.9921383647798742
BERTopic_topic_128,100.0,similarity+text_similarity+interactions,"All but Betweenness and Harmonic (Unweighted Clustering, No Square Clustering)",logistic_regression,452.2774732615799,5675,5675,0.9712420314813136,0.9483717235901508,0.9598958422528908,0.9045454545454544,0.996661101836394,0.9712420314813136,0.9483717235901508,0.9598958422528908,0.9045454545454544,0.996661101836394
BERTopic_topic_128,100.0,similarity+text_similarity+interactions,"All but Betweenness and Harmonic (Unweighted Clustering, No Square Clustering)",random_forest,452.2774732615799,5675,5675,0.9924775672981055,0.9753086419753086,0.985880118463802,0.9575757575757576,0.9937106918238994,0.9924775672981055,0.9753086419753086,0.985880118463802,0.9575757575757576,0.9937106918238994
BERTopic_topic_128,100.0,similarity+text_similarity+interactions,"All but Betweenness and Harmonic (Unweighted Clustering, No Square Clustering)",xgboost,452.2774732615799,5675,5675,0.99239916613795,0.9737654320987654,0.9867999820185498,0.956060606060606,0.9921383647798742,0.99239916613795,0.9737654320987654,0.9867999820185498,0.956060606060606,0.9921383647798742
BERTopic_topic_128,100.0,similarity+text_similarity+interactions,Core Number Only,logistic_regression,452.2774732615799,5675,5675,0.9738253421553522,0.944,0.9567425150482608,0.8939393939393939,1.0,0.9738253421553522,0.944,0.9567425150482608,0.8939393939393939,1.0
BERTopic_topic_128,100.0,similarity+text_similarity+interactions,Core Number Only,random_forest,452.2774732615799,5675,5675,0.9722758995740052,0.96875,0.9577201775069644,0.9393939393939394,1.0,0.9722758995740052,0.96875,0.9577201775069644,0.9393939393939394,1.0
BERTopic_topic_128,100.0,similarity+text_similarity+interactions,Core Number Only,xgboost,452.2774732615799,5675,5675,0.973861445965135,0.9671875,0.9596581249411696,0.937878787878788,0.9983870967741936,0.973861445965135,0.9671875,0.9596581249411696,0.937878787878788,0.9983870967741936
BERTopic_topic_128,100.0,text_similarity,"All (Unweighted Clustering, No Square Clustering)",logistic_regression,387.9685540013015,5675,5675,0.9571328438925648,0.7606837606837606,0.8759897642757212,0.8090909090909091,0.717741935483871,0.9571328438925648,0.7606837606837606,0.8759897642757212,0.8090909090909091,0.717741935483871
BERTopic_topic_128,100.0,text_similarity,"All (Unweighted Clustering, No Square Clustering)",random_forest,387.9685540013015,5675,5675,0.9920464364482312,0.972972972972973,0.9847681172913588,0.9545454545454546,0.9921259842519684,0.9920464364482312,0.972972972972973,0.9847681172913588,0.9545454545454546,0.9921259842519684
BERTopic_topic_128,100.0,text_similarity,"All (Unweighted Clustering, No Square Clustering)",xgboost,387.9685540013015,5675,5675,0.993067162149914,0.9737654320987654,0.9856445166250928,0.956060606060606,0.9921383647798742,0.993067162149914,0.9737654320987654,0.9856445166250928,0.956060606060606,0.9921383647798742
BERTopic_topic_128,100.0,text_similarity,"All but Betweenness and Harmonic (Unweighted Clustering, No Square Clustering)",logistic_regression,387.9685540013015,5675,5675,0.9720867699930512,0.9466984884645984,0.9603880420817692,0.9015151515151516,0.9966499162479062,0.9720867699930512,0.9466984884645984,0.9603880420817692,0.9015151515151516,0.9966499162479062
BERTopic_topic_128,100.0,text_similarity,"All but Betweenness and Harmonic (Unweighted Clustering, No Square Clustering)",random_forest,387.9685540013015,5675,5675,0.9916622858696638,0.9729311678267596,0.9849884203933952,0.953030303030303,0.9936808846761452,0.9916622858696638,0.9729311678267596,0.9849884203933952,0.953030303030303,0.9936808846761452
BERTopic_topic_128,100.0,text_similarity,"All but Betweenness and Harmonic (Unweighted Clustering, No Square Clustering)",xgboost,387.9685540013015,5675,5675,0.9921704583220036,0.9776407093292212,0.985184676264442,0.9606060606060606,0.9952904238618524,0.9921704583220036,0.9776407093292212,0.985184676264442,0.9606060606060606,0.9952904238618524
BERTopic_topic_128,100.0,text_similarity,Core Number Only,logistic_regression,387.9685540013015,5675,5675,0.9728957068189372,0.944,0.956370558709938,0.8939393939393939,1.0,0.9728957068189372,0.944,0.956370558709938,0.8939393939393939,1.0
BERTopic_topic_128,100.0,text_similarity,Core Number Only,random_forest,387.9685540013015,5675,5675,0.9751972869270976,0.9648711943793912,0.9563112764018026,0.9363636363636364,0.9951690821256038,0.9751972869270976,0.9648711943793912,0.9563112764018026,0.9363636363636364,0.9951690821256038
BERTopic_topic_128,100.0,text_similarity,Core Number Only,xgboost,387.9685540013015,5675,5675,0.9755750929031088,0.9640062597809076,0.958761681775252,0.9333333333333332,0.9967637540453076,0.9755750929031088,0.9640062597809076,0.958761681775252,0.9333333333333332,0.9967637540453076
BERTopic_topic_128,100.0,text_similarity+interactions,"All (Unweighted Clustering, No Square Clustering)",logistic_regression,435.2376342825592,5675,5675,0.9675029457083296,0.88,0.9379081136983656,0.8666666666666667,0.89375,0.9675029457083296,0.88,0.9379081136983656,0.8666666666666667,0.89375
BERTopic_topic_128,100.0,text_similarity+interactions,"All (Unweighted Clustering, No Square Clustering)",random_forest,435.2376342825592,5675,5675,0.991891748995438,0.973724884080371,0.9843639673709382,0.9545454545454546,0.9936908517350158,0.991891748995438,0.973724884080371,0.9843639673709382,0.9545454545454546,0.9936908517350158
BERTopic_topic_128,100.0,text_similarity+interactions,"All (Unweighted Clustering, No Square Clustering)",xgboost,435.2376342825592,5675,5675,0.9918577600531738,0.9776407093292212,0.9848320577461086,0.9606060606060606,0.9952904238618524,0.9918577600531738,0.9776407093292212,0.9848320577461086,0.9606060606060606,0.9952904238618524
BERTopic_topic_128,100.0,text_similarity+interactions,"All but Betweenness and Harmonic (Unweighted Clustering, No Square Clustering)",logistic_regression,435.2376342825592,5675,5675,0.9702988005679928,0.9433359936153232,0.9578599023111596,0.8954545454545455,0.9966273187183812,0.9702988005679928,0.9433359936153232,0.9578599023111596,0.8954545454545455,0.9966273187183812
BERTopic_topic_128,100.0,text_similarity+interactions,"All but Betweenness and Harmonic (Unweighted Clustering, No Square Clustering)",random_forest,435.2376342825592,5675,5675,0.992026194144838,0.9760986892829608,0.9844011424823056,0.9590909090909092,0.9937205651491364,0.992026194144838,0.9760986892829608,0.9844011424823056,0.9590909090909092,0.9937205651491364
BERTopic_topic_128,100.0,text_similarity+interactions,"All but Betweenness and Harmonic (Unweighted Clustering, No Square Clustering)",xgboost,435.2376342825592,5675,5675,0.9922127556723768,0.9760986892829608,0.984906739798178,0.9590909090909092,0.9937205651491364,0.9922127556723768,0.9760986892829608,0.984906739798178,0.9590909090909092,0.9937205651491364
BERTopic_topic_128,100.0,text_similarity+interactions,Core Number Only,logistic_regression,435.2376342825592,5675,5675,0.9728464606181456,0.944,0.9563299652718444,0.8939393939393939,1.0,0.9728464606181456,0.944,0.9563299652718444,0.8939393939393939,1.0
BERTopic_topic_128,100.0,text_similarity+interactions,Core Number Only,random_forest,435.2376342825592,5675,5675,0.9731671651711532,0.965625,0.9569719069249571,0.9363636363636364,0.9967741935483873,0.9731671651711532,0.965625,0.9569719069249571,0.9363636363636364,0.9967741935483873
BERTopic_topic_128,100.0,text_similarity+interactions,Core Number Only,xgboost,435.2376342825592,5675,5675,0.9730568899362518,0.9647611589663272,0.9568155050819784,0.9333333333333332,0.9983792544570502,0.9730568899362518,0.9647611589663272,0.9568155050819784,0.9333333333333332,0.9983792544570502
BERTopic_topic_256,1.0,interactions,"All (Unweighted Clustering, No Square Clustering)",logistic_regression,4.876441985368729,2547,5675,0.9317022238253968,0.7388535031847133,0.8217773941381523,0.6651376146788991,0.830945558739255,0.7950800628417777,0.5401015228426396,0.5759513500165576,0.403030303030303,0.8184615384615385
BERTopic_topic_256,1.0,interactions,"All (Unweighted Clustering, No Square Clustering)",random_forest,4.876441985368729,2547,5675,0.9458064789503648,0.8314321926489227,0.8956209960386997,0.7522935779816514,0.9291784702549576,0.8168119882775915,0.6502463054187192,0.6575253962134537,0.5,0.9295774647887324
BERTopic_topic_256,1.0,interactions,"All (Unweighted Clustering, No Square Clustering)",xgboost,4.876441985368729,2547,5675,0.953943737260918,0.8627935723114957,0.91398996046711,0.8004587155963303,0.935656836461126,0.8316282969273996,0.6692381870781099,0.6623021749893483,0.5257575757575758,0.920424403183024
BERTopic_topic_256,1.0,interactions,"All but Betweenness and Harmonic (Unweighted Clustering, No Square Clustering)",logistic_regression,4.876441985368729,2547,5675,0.931739164446608,0.7363057324840764,0.8221501242739773,0.6628440366972477,0.828080229226361,0.7975475089881869,0.5423387096774194,0.5783516202300897,0.4075757575757576,0.8102409638554217
BERTopic_topic_256,1.0,interactions,"All but Betweenness and Harmonic (Unweighted Clustering, No Square Clustering)",random_forest,4.876441985368729,2547,5675,0.940184442348728,0.8381430363864492,0.8927179109780976,0.7660550458715596,0.925207756232687,0.8167264872050516,0.6560951437066402,0.6573769371548207,0.5015151515151515,0.9484240687679084
BERTopic_topic_256,1.0,interactions,"All but Betweenness and Harmonic (Unweighted Clustering, No Square Clustering)",xgboost,4.876441985368729,2547,5675,0.9540230509476356,0.8564417177914111,0.911737033676914,0.8004587155963303,0.920844327176781,0.827044472642678,0.6692307692307692,0.657888208209761,0.5272727272727272,0.9157894736842104
BERTopic_topic_256,1.0,interactions,Core Number Only,logistic_regression,4.876441985368729,2547,5675,0.8468838413030912,0.5997248968363136,0.6591153923151158,0.5,0.7491408934707904,0.7343749055862715,0.4584647739221871,0.4806833158245884,0.3303030303030303,0.7491408934707904
BERTopic_topic_256,1.0,interactions,Core Number Only,random_forest,4.876441985368729,2547,5675,0.8442241165759088,0.5997248968363136,0.6519350371154663,0.5,0.7491408934707904,0.7333914921900964,0.4584647739221871,0.4751996780951662,0.3303030303030303,0.7491408934707904
BERTopic_topic_256,1.0,interactions,Core Number Only,xgboost,4.876441985368729,2547,5675,0.8438340670754763,0.5997248968363136,0.6488411760083258,0.5,0.7491408934707904,0.7333931538717182,0.4584647739221871,0.47316972905845,0.3303030303030303,0.7491408934707904
BERTopic_topic_256,1.0,similarity,"All (Unweighted Clustering, No Square Clustering)",logistic_regression,38.9041343331337,2547,5675,0.9864406190378924,0.9382422802850356,0.972267735670682,0.9059633027522936,0.9729064039408868,0.8642610048641953,0.7469426152398871,0.7132639512469199,0.6015151515151516,0.9851116625310172
BERTopic_topic_256,1.0,similarity,"All (Unweighted Clustering, No Square Clustering)",random_forest,38.9041343331337,2547,5675,0.9950282269805606,0.96113074204947,0.9884997373721256,0.9357798165137616,0.9878934624697336,0.8806856702619414,0.7657992565055762,0.7323018252006896,0.6242424242424243,0.9903846153846154
BERTopic_topic_256,1.0,similarity,"All (Unweighted Clustering, No Square Clustering)",xgboost,38.9041343331337,2547,5675,0.9952759464404451,0.9696969696969696,0.9885316524123614,0.9541284403669724,0.985781990521327,0.8782106710172514,0.7689463955637708,0.7268148099861816,0.6303030303030303,0.985781990521327
BERTopic_topic_256,1.0,similarity,"All but Betweenness and Harmonic (Unweighted Clustering, No Square Clustering)",logistic_regression,38.9041343331337,2547,5675,0.9863569593957384,0.9442467378410438,0.973789803440477,0.9128440366972476,0.977886977886978,0.8675644279283361,0.7481203007518797,0.7177199251934772,0.603030303030303,0.9851485148514852
BERTopic_topic_256,1.0,similarity,"All but Betweenness and Harmonic (Unweighted Clustering, No Square Clustering)",random_forest,38.9041343331337,2547,5675,0.9959892263764728,0.964622641509434,0.9887318637613184,0.9380733944954128,0.9927184466019418,0.880676002296142,0.766076421248835,0.7333172015199447,0.6227272727272727,0.9951573849878934
BERTopic_topic_256,1.0,similarity,"All but Betweenness and Harmonic (Unweighted Clustering, No Square Clustering)",xgboost,38.9041343331337,2547,5675,0.996456959830334,0.968494749124854,0.9908421782127677,0.9518348623853212,0.985748218527316,0.8790137164264782,0.7715078630897317,0.7270293371724136,0.6318181818181818,0.990498812351544
BERTopic_topic_256,1.0,similarity,Core Number Only,logistic_regression,38.9041343331337,2547,5675,0.9658902255116276,0.9274292742927428,0.9552635639662312,0.8646788990825688,1.0,0.7422432701894316,0.7084148727984344,0.6746361362924951,0.5484848484848485,1.0
BERTopic_topic_256,1.0,similarity,Core Number Only,random_forest,38.9041343331337,2547,5675,0.9672021608090432,0.9572446555819476,0.958082654561175,0.9243119266055044,0.9926108374384236,0.8589347110184599,0.7560975609756098,0.7033480557169268,0.6106060606060606,0.9926108374384236
BERTopic_topic_256,1.0,similarity,Core Number Only,xgboost,38.9041343331337,2547,5675,0.9675367993776592,0.9572446555819476,0.957889688557374,0.9243119266055044,0.9926108374384236,0.8587757938306294,0.7560975609756098,0.7032516690218341,0.6106060606060606,0.9926108374384236
BERTopic_topic_256,1.0,similarity+interactions,"All (Unweighted Clustering, No Square Clustering)",logistic_regression,40.825260140001774,2547,5675,0.9774357993733132,0.926060606060606,0.96347021523261,0.8761467889908257,0.9820051413881749,0.8554105864225505,0.7251908396946565,0.7059048749223065,0.5757575757575758,0.979381443298969
BERTopic_topic_256,1.0,similarity+interactions,"All (Unweighted Clustering, No Square Clustering)",random_forest,40.825260140001774,2547,5675,0.994430658108032,0.9563164108618654,0.9865517965918316,0.9288990825688074,0.9854014598540146,0.8807829541677996,0.7579143389199255,0.732285040533953,0.6166666666666667,0.9830917874396136
BERTopic_topic_256,1.0,similarity+interactions,"All (Unweighted Clustering, No Square Clustering)",xgboost,40.825260140001774,2547,5675,0.9956562175411452,0.9649532710280374,0.9885797614301736,0.9472477064220184,0.9833333333333332,0.8792270159219312,0.7665116279069767,0.728129363366813,0.6242424242424243,0.9927710843373494
BERTopic_topic_256,1.0,similarity+interactions,"All but Betweenness and Harmonic (Unweighted Clustering, No Square Clustering)",logistic_regression,40.825260140001774,2547,5675,0.977836713762337,0.924757281553398,0.9644310769651664,0.8738532110091743,0.981958762886598,0.857274388954349,0.7300380228136882,0.7079720749990569,0.5818181818181818,0.979591836734694
BERTopic_topic_256,1.0,similarity+interactions,"All but Betweenness and Harmonic (Unweighted Clustering, No Square Clustering)",random_forest,40.825260140001774,2547,5675,0.9955839660320124,0.9599056603773584,0.9879133913566536,0.93348623853211,0.9878640776699028,0.8829194235475393,0.758364312267658,0.7357093829783219,0.6181818181818182,0.9807692307692308
BERTopic_topic_256,1.0,similarity+interactions,"All but Betweenness and Harmonic (Unweighted Clustering, No Square Clustering)",xgboost,40.825260140001774,2547,5675,0.9949880268927722,0.9626168224299064,0.9879065017649544,0.944954128440367,0.9809523809523808,0.8780442007311399,0.7688022284122563,0.7258877880398106,0.6272727272727273,0.9928057553956836
BERTopic_topic_256,1.0,similarity+interactions,Core Number Only,logistic_regression,40.825260140001774,2547,5675,0.9647461527429496,0.922509225092251,0.9532872327027528,0.8600917431192661,0.9946949602122016,0.742453699507538,0.70772238514174,0.6734001089707292,0.5484848484848485,0.9972451790633609
BERTopic_topic_256,1.0,similarity+interactions,Core Number Only,random_forest,40.825260140001774,2547,5675,0.9566664783419312,0.9397874852420308,0.9383911219200214,0.9128440366972476,0.9683698296836984,0.8561939937762468,0.7455731593662628,0.6999596183091304,0.6060606060606061,0.9685230024213076
BERTopic_topic_256,1.0,similarity+interactions,Core Number Only,xgboost,40.825260140001774,2547,5675,0.9582777413200406,0.9422850412249706,0.9454317014577164,0.9174311926605504,0.9685230024213076,0.8559018399347413,0.7490706319702602,0.6995674374966774,0.6106060606060606,0.96875
BERTopic_topic_256,1.0,similarity+text_similarity,"All (Unweighted Clustering, No Square Clustering)",logistic_regression,186.0829130290076,2547,5675,0.9931116606330318,0.9753810082063306,0.9875603180213551,0.9541284403669725,0.9976019184652278,0.8838498141937823,0.7759259259259259,0.7370617500559241,0.6348484848484849,0.9976190476190476
BERTopic_topic_256,1.0,similarity+text_similarity,"All (Unweighted Clustering, No Square Clustering)",random_forest,186.0829130290076,2547,5675,0.9984995588855232,0.9884526558891455,0.9970552228506886,0.981651376146789,0.9953488372093023,0.8910110577358833,0.7860422405876951,0.7460256746048344,0.6484848484848484,0.9976689976689976
BERTopic_topic_256,1.0,similarity+text_similarity,"All (Unweighted Clustering, No Square Clustering)",xgboost,186.0829130290076,2547,5675,0.9976097245098848,0.9884259259259259,0.9949534280894446,0.9793577981651376,0.9976635514018691,0.8869450738693012,0.7838086476540939,0.7390096882303118,0.6454545454545455,0.9976580796252927
BERTopic_topic_256,1.0,similarity+text_similarity,"All but Betweenness and Harmonic (Unweighted Clustering, No Square Clustering)",logistic_regression,186.0829130290076,2547,5675,0.9948533022742385,0.9765258215962441,0.9923266696291875,0.9541284403669725,1.0,0.8857686032810659,0.7743732590529248,0.7401350553533714,0.6318181818181818,1.0
BERTopic_topic_256,1.0,similarity+text_similarity,"All but Betweenness and Harmonic (Unweighted Clustering, No Square Clustering)",random_forest,186.0829130290076,2547,5675,0.9973435347393949,0.9884526558891455,0.995571605547265,0.981651376146789,0.9953488372093023,0.8908832593129703,0.7860422405876951,0.7460108614014824,0.6484848484848484,0.9976689976689976
BERTopic_topic_256,1.0,similarity+text_similarity,"All but Betweenness and Harmonic (Unweighted Clustering, No Square Clustering)",xgboost,186.0829130290076,2547,5675,0.9976157001986101,0.9860788863109049,0.9951884531617853,0.9747706422018348,0.9976525821596244,0.8877272727272727,0.7849264705882353,0.7402928915590039,0.646969696969697,0.9976635514018691
BERTopic_topic_256,1.0,similarity+text_similarity,Core Number Only,logistic_regression,186.0829130290076,2547,5675,0.9951146028448625,0.9789227166276346,0.9903317958540898,0.9587155963302753,1.0,0.752891023898003,0.770949720670391,0.6980699051814144,0.6272727272727273,1.0
BERTopic_topic_256,1.0,similarity+text_similarity,Core Number Only,random_forest,186.0829130290076,2547,5675,0.9901243595148176,0.984936268829664,0.9846497893922932,0.9747706422018348,0.9953161592505855,0.8810672527870932,0.7782888684452622,0.734408937920136,0.6409090909090909,0.990632318501171
BERTopic_topic_256,1.0,similarity+text_similarity,Core Number Only,xgboost,186.0829130290076,2547,5675,0.9874977726978389,0.9837587006960556,0.985650694642273,0.9724770642201835,0.9953051643192489,0.8808462491313936,0.7785977859778598,0.7331309348562963,0.6393939393939394,0.9952830188679245
BERTopic_topic_256,1.0,similarity+text_similarity+interactions,"All (Unweighted Clustering, No Square Clustering)",logistic_regression,150.33938216604292,2547,5675,0.9953324438611206,0.97196261682243,0.991720671686316,0.9541284403669724,0.9904761904761904,0.8891146258195113,0.7685185185185185,0.7410435148406443,0.6287878787878788,0.988095238095238
BERTopic_topic_256,1.0,similarity+text_similarity+interactions,"All (Unweighted Clustering, No Square Clustering)",random_forest,150.33938216604292,2547,5675,0.9985158562184104,0.9895953757225432,0.9971198983518972,0.981651376146789,0.9976689976689976,0.8903380766790536,0.7853211009174312,0.7447345475924879,0.6484848484848484,0.9953488372093025
BERTopic_topic_256,1.0,similarity+text_similarity+interactions,"All (Unweighted Clustering, No Square Clustering)",xgboost,150.33938216604292,2547,5675,0.9975233486455828,0.9872537659327926,0.9949807050475536,0.9770642201834864,0.9976580796252928,0.8880043203722165,0.7842056932966024,0.7404635223650323,0.646969696969697,0.9953379953379954
BERTopic_topic_256,1.0,similarity+text_similarity+interactions,"All but Betweenness and Harmonic (Unweighted Clustering, No Square Clustering)",logistic_regression,150.33938216604292,2547,5675,0.9953715574600498,0.9813084112149532,0.9927173263651108,0.963302752293578,1.0,0.8868184839421132,0.7789084181313598,0.7417367635836087,0.6378787878787879,1.0
BERTopic_topic_256,1.0,similarity+text_similarity+interactions,"All but Betweenness and Harmonic (Unweighted Clustering, No Square Clustering)",random_forest,150.33938216604292,2547,5675,0.9973533131391272,0.9873125720876584,0.9956018675788504,0.981651376146789,0.9930394431554525,0.8908580319647119,0.7846012832263978,0.7458483916209673,0.6484848484848484,0.9930394431554525
BERTopic_topic_256,1.0,similarity+text_similarity+interactions,"All but Betweenness and Harmonic (Unweighted Clustering, No Square Clustering)",xgboost,150.33938216604292,2547,5675,0.9977129409515036,0.9872537659327926,0.9952789255404306,0.9770642201834864,0.9976580796252928,0.8871471947792984,0.7830882352941176,0.7391165011173122,0.6454545454545455,0.9953271028037384
BERTopic_topic_256,1.0,similarity+text_similarity+interactions,Core Number Only,logistic_regression,150.33938216604292,2547,5675,0.9950640811129124,0.9789227166276346,0.9903020572256966,0.9587155963302753,1.0,0.7528721411523007,0.770949720670391,0.6980497710351964,0.6272727272727273,1.0
BERTopic_topic_256,1.0,similarity+text_similarity+interactions,Core Number Only,random_forest,150.33938216604292,2547,5675,0.9899374834310448,0.9826187717265352,0.9846280511151098,0.9724770642201837,0.9929742388758782,0.8806669385782048,0.7764489420423183,0.7342054745731791,0.6393939393939394,0.9882903981264636
BERTopic_topic_256,1.0,similarity+text_similarity+interactions,Core Number Only,xgboost,150.33938216604292,2547,5675,0.9876640054932876,0.9837587006960556,0.985816285349118,0.9724770642201837,0.9953051643192488,0.8799401794616152,0.7785977859778598,0.7329607155296575,0.6393939393939394,0.9952830188679244
BERTopic_topic_256,1.0,text_similarity,"All (Unweighted Clustering, No Square Clustering)",logistic_regression,185.8367961589247,2547,5675,0.9955301848334848,0.9778296382730456,0.9924770922909486,0.9610091743119266,0.995249406175772,0.8877577872443276,0.7763401109057301,0.742242154477463,0.6363636363636364,0.995260663507109
BERTopic_topic_256,1.0,text_similarity,"All (Unweighted Clustering, No Square Clustering)",random_forest,185.8367961589247,2547,5675,0.9970420340809826,0.9884526558891455,0.9947216432390332,0.981651376146789,0.9953488372093025,0.8902637541919696,0.7860422405876951,0.7447903200193297,0.6484848484848484,0.9976689976689976
BERTopic_topic_256,1.0,text_similarity,"All (Unweighted Clustering, No Square Clustering)",xgboost,185.8367961589247,2547,5675,0.998315942268328,0.9872537659327926,0.9952765039907164,0.9770642201834864,0.9976580796252928,0.8879396658509321,0.7838086476540939,0.7403645162937718,0.6454545454545455,0.9976580796252928
BERTopic_topic_256,1.0,text_similarity,"All but Betweenness and Harmonic (Unweighted Clustering, No Square Clustering)",logistic_regression,185.8367961589247,2547,5675,0.9950912433343908,0.9789227166276346,0.9912345537791304,0.9587155963302753,1.0,0.8847576966071482,0.7777777777777778,0.7380345526535828,0.6363636363636364,1.0
BERTopic_topic_256,1.0,text_similarity,"All but Betweenness and Harmonic (Unweighted Clustering, No Square Clustering)",random_forest,185.8367961589247,2547,5675,0.9961190617951404,0.9861751152073732,0.993955866881732,0.981651376146789,0.9907407407407408,0.8897638901477386,0.7860422405876951,0.7445570763655287,0.6484848484848484,0.9976689976689976
BERTopic_topic_256,1.0,text_similarity,"All but Betweenness and Harmonic (Unweighted Clustering, No Square Clustering)",xgboost,185.8367961589247,2547,5675,0.9986212456377472,0.9860788863109048,0.9959464737169444,0.9747706422018348,0.9976525821596244,0.8881584035771474,0.7838086476540939,0.7404275076938636,0.6454545454545455,0.9976580796252928
BERTopic_topic_256,1.0,text_similarity,Core Number Only,logistic_regression,185.8367961589247,2547,5675,0.9949690133377372,0.9789227166276346,0.9901753767695848,0.9587155963302753,1.0,0.7530585516178736,0.770949720670391,0.6980090755749444,0.6272727272727273,1.0
BERTopic_topic_256,1.0,text_similarity,Core Number Only,random_forest,185.8367961589247,2547,5675,0.9900559107166916,0.984936268829664,0.9846547125799304,0.9747706422018348,0.9953161592505856,0.8822062600078552,0.7782888684452622,0.7351586156781639,0.6409090909090909,0.990632318501171
BERTopic_topic_256,1.0,text_similarity,Core Number Only,xgboost,185.8367961589247,2547,5675,0.986619889699651,0.9837587006960556,0.9856718665724784,0.9724770642201837,0.9953051643192488,0.8814474757545544,0.7785977859778598,0.7335392843054562,0.6393939393939394,0.9952830188679244
BERTopic_topic_256,1.0,text_similarity+interactions,"All (Unweighted Clustering, No Square Clustering)",logistic_regression,151.97556683095172,2547,5675,0.9955888552318786,0.9766355140186916,0.9927559103898348,0.9587155963302753,0.9952380952380953,0.8884067494486239,0.7763401109057301,0.7431681743593582,0.6363636363636364,0.995260663507109
BERTopic_topic_256,1.0,text_similarity+interactions,"All (Unweighted Clustering, No Square Clustering)",random_forest,151.97556683095172,2547,5675,0.9970621341248768,0.9884526558891455,0.9948049934881272,0.981651376146789,0.9953488372093025,0.8901601256835554,0.7853211009174312,0.7448366181050083,0.6484848484848484,0.9953488372093025
BERTopic_topic_256,1.0,text_similarity+interactions,"All (Unweighted Clustering, No Square Clustering)",xgboost,151.97556683095172,2547,5675,0.998270309736244,0.984936268829664,0.9952441023113994,0.9747706422018348,0.9953161592505856,0.8882380132330283,0.7838086476540939,0.7404576714810515,0.6454545454545455,0.9976580796252928
BERTopic_topic_256,1.0,text_similarity+interactions,"All but Betweenness and Harmonic (Unweighted Clustering, No Square Clustering)",logistic_regression,151.97556683095172,2547,5675,0.9949543457381388,0.9789227166276346,0.9910678295034384,0.9587155963302753,1.0,0.8847737091755039,0.7766450417052827,0.7380520767328296,0.6348484848484849,1.0
BERTopic_topic_256,1.0,text_similarity+interactions,"All but Betweenness and Harmonic (Unweighted Clustering, No Square Clustering)",random_forest,151.97556683095172,2547,5675,0.9971778451883756,0.9873125720876584,0.9949625689649452,0.981651376146789,0.9930394431554525,0.8895931901265899,0.7846012832263978,0.744489482195974,0.6484848484848484,0.9930394431554525
BERTopic_topic_256,1.0,text_similarity+interactions,"All but Betweenness and Harmonic (Unweighted Clustering, No Square Clustering)",xgboost,151.97556683095172,2547,5675,0.9984658777308896,0.9860788863109048,0.9953997119009086,0.9747706422018348,0.9976525821596244,0.8879883078038613,0.7838086476540939,0.7403566741932186,0.6454545454545455,0.9976580796252928
BERTopic_topic_256,1.0,text_similarity+interactions,Core Number Only,logistic_regression,151.97556683095172,2547,5675,0.9949320727165264,0.9789227166276346,0.990156326600844,0.9587155963302753,1.0,0.7530470709084867,0.770949720670391,0.6979975660098475,0.6272727272727273,1.0
BERTopic_topic_256,1.0,text_similarity+interactions,Core Number Only,random_forest,151.97556683095172,2547,5675,0.9900113646734668,0.9826187717265352,0.9846073343486232,0.9724770642201837,0.9929742388758782,0.8818769449228072,0.7764489420423183,0.7349801333660095,0.6393939393939394,0.9882903981264636
BERTopic_topic_256,1.0,text_similarity+interactions,Core Number Only,xgboost,151.97556683095172,2547,5675,0.98645637312635,0.9837587006960556,0.985597362425768,0.9724770642201837,0.9953051643192488,0.8815646998398743,0.7785977859778598,0.7335624049112711,0.6393939393939394,0.9952830188679244
BERTopic_topic_256,5.0,interactions,"All (Unweighted Clustering, No Square Clustering)",logistic_regression,6.596022369340062,4583,5675,0.9044992119214788,0.6986986986986987,0.7640138564758748,0.5865546218487395,0.8638613861386139,0.8617882715489894,0.6139180171591992,0.6614361953790182,0.4878787878787878,0.8277634961439588
BERTopic_topic_256,5.0,interactions,"All (Unweighted Clustering, No Square Clustering)",random_forest,6.596022369340062,4583,5675,0.9435632527835608,0.8208530805687204,0.8800091868814763,0.7277310924369748,0.941304347826087,0.9132457173932748,0.7744227353463587,0.8116810369432444,0.6606060606060606,0.9356223175965666
BERTopic_topic_256,5.0,interactions,"All (Unweighted Clustering, No Square Clustering)",xgboost,6.596022369340062,4583,5675,0.9493901873688292,0.8425925925925926,0.8864468955760567,0.7647058823529411,0.9381443298969072,0.9168934106770597,0.777103209019948,0.8081343340125678,0.6787878787878788,0.9087221095334684
BERTopic_topic_256,5.0,interactions,"All but Betweenness and Harmonic (Unweighted Clustering, No Square Clustering)",logistic_regression,6.596022369340062,4583,5675,0.9010674881788222,0.6834677419354839,0.7504576883228822,0.5697478991596638,0.853904282115869,0.8618628961600048,0.623574144486692,0.6618073753484894,0.4969696969696969,0.8367346938775511
BERTopic_topic_256,5.0,interactions,"All but Betweenness and Harmonic (Unweighted Clustering, No Square Clustering)",random_forest,6.596022369340062,4583,5675,0.942460575002318,0.8260869565217391,0.8771911425112782,0.7344537815126051,0.9438444924406048,0.9121573159309948,0.7773851590106007,0.8101955081024875,0.6666666666666666,0.9322033898305084
BERTopic_topic_256,5.0,interactions,"All but Betweenness and Harmonic (Unweighted Clustering, No Square Clustering)",xgboost,6.596022369340062,4583,5675,0.9479170705393491,0.8385321100917431,0.8855147903401615,0.7680672268907563,0.9232323232323232,0.91839481555334,0.7875108412836079,0.8142167557502291,0.6878787878787879,0.920892494929006
BERTopic_topic_256,5.0,interactions,Core Number Only,logistic_regression,6.596022369340062,4583,5675,0.8328192560875904,0.496,0.5760960981392867,0.3647058823529411,0.775,0.8014142421221184,0.4617021276595744,0.5366468367379695,0.3287878787878788,0.775
BERTopic_topic_256,5.0,interactions,Core Number Only,random_forest,6.596022369340062,4583,5675,0.8295244978633378,0.4966592427616926,0.5747375432048001,0.3747899159663865,0.735973597359736,0.7991235384754827,0.4620123203285421,0.5238607205610535,0.3409090909090909,0.7165605095541401
BERTopic_topic_256,5.0,interactions,Core Number Only,xgboost,6.596022369340062,4583,5675,0.8292497239618013,0.4966592427616926,0.5745529698995049,0.3747899159663865,0.735973597359736,0.7990471011208797,0.4710743801652892,0.5239367945824074,0.3454545454545454,0.7402597402597403
BERTopic_topic_256,5.0,similarity,"All (Unweighted Clustering, No Square Clustering)",logistic_regression,71.21113692596555,4583,5675,0.9500429861011606,0.8740601503759399,0.9034832125043956,0.7815126050420168,0.9914712153518124,0.9244394090455904,0.8248888888888889,0.8369983221494577,0.703030303030303,0.9978494623655914
BERTopic_topic_256,5.0,similarity,"All (Unweighted Clustering, No Square Clustering)",random_forest,71.21113692596555,4583,5675,0.995359397520292,0.9461606354810238,0.985719042407046,0.9008403361344538,0.9962825278810408,0.978170790658328,0.8942547876769359,0.927731897280188,0.8136363636363636,0.9926062846580408
BERTopic_topic_256,5.0,similarity,"All (Unweighted Clustering, No Square Clustering)",xgboost,71.21113692596555,4583,5675,0.994421499793498,0.954939341421144,0.9837097889254688,0.9260504201680672,0.9856887298747764,0.9752702498564912,0.905505341002465,0.9192651015149598,0.8348484848484848,0.9892280071813284
BERTopic_topic_256,5.0,similarity,"All but Betweenness and Harmonic (Unweighted Clustering, No Square Clustering)",logistic_regression,71.21113692596555,4583,5675,0.9518252235698692,0.8759398496240601,0.9080110310556048,0.7831932773109244,0.9936034115138592,0.9268968851022688,0.8251996450754214,0.8438762310032518,0.7045454545454546,0.9957173447537472
BERTopic_topic_256,5.0,similarity,"All but Betweenness and Harmonic (Unweighted Clustering, No Square Clustering)",random_forest,71.21113692596555,4583,5675,0.9942978093945702,0.9481090589270008,0.984713441019676,0.9058823529411764,0.9944649446494463,0.977037372730294,0.8988391376451078,0.9266251708963968,0.8212121212121212,0.9926739926739928
BERTopic_topic_256,5.0,similarity,"All but Betweenness and Harmonic (Unweighted Clustering, No Square Clustering)",xgboost,71.21113692596555,4583,5675,0.9926957342616084,0.954939341421144,0.9830062071362636,0.9260504201680672,0.9856887298747764,0.9762201274962988,0.904019688269073,0.923453731672062,0.8348484848484848,0.9856887298747764
BERTopic_topic_256,5.0,similarity,Core Number Only,logistic_regression,71.21113692596555,4583,5675,0.940207386866482,0.8731060606060606,0.8958938098906575,0.7747899159663866,1.0,0.8664696818635004,0.8193202146690519,0.8190380840277294,0.693939393939394,1.0
BERTopic_topic_256,5.0,similarity,Core Number Only,random_forest,71.21113692596555,4583,5675,0.9502532808509562,0.8870214752567693,0.907351796831074,0.7983193277310925,0.9978991596638656,0.9202652648116258,0.8342151675485009,0.8307372707333549,0.7166666666666667,0.9978902953586498
BERTopic_topic_256,5.0,similarity,Core Number Only,xgboost,71.21113692596555,4583,5675,0.9532932832109776,0.8859813084112149,0.9089646088824926,0.7966386554621848,0.9978947368421052,0.923253874739418,0.8342151675485009,0.8310453026785739,0.7166666666666667,0.9978902953586498
BERTopic_topic_256,5.0,similarity+interactions,"All (Unweighted Clustering, No Square Clustering)",logistic_regression,73.12122996337712,4583,5675,0.9649452559358748,0.8816402609506058,0.9236578865305388,0.7949579831932773,0.9895397489539748,0.9332194326112572,0.8251996450754214,0.8511179590254163,0.7045454545454546,0.9957173447537472
BERTopic_topic_256,5.0,similarity+interactions,"All (Unweighted Clustering, No Square Clustering)",random_forest,73.12122996337712,4583,5675,0.9917548865082644,0.936283185840708,0.9800266810818088,0.8890756302521008,0.988785046728972,0.9768793619142574,0.8881469115191987,0.9241945534754072,0.806060606060606,0.9888475836431226
BERTopic_topic_256,5.0,similarity+interactions,"All (Unweighted Clustering, No Square Clustering)",xgboost,73.12122996337712,4583,5675,0.9925823689556064,0.949740034662045,0.9811259940380604,0.9210084033613444,0.9803220035778176,0.9750774947883624,0.8989317995069844,0.9182704001676272,0.8287878787878787,0.9820466786355476
BERTopic_topic_256,5.0,similarity+interactions,"All but Betweenness and Harmonic (Unweighted Clustering, No Square Clustering)",logistic_regression,73.12122996337712,4583,5675,0.9628406227084616,0.8897126969416126,0.9237749906430134,0.8067226890756303,0.9917355371900828,0.9353158705701078,0.8314210061782877,0.8568596957006176,0.7136363636363636,0.9957716701902748
BERTopic_topic_256,5.0,similarity+interactions,"All but Betweenness and Harmonic (Unweighted Clustering, No Square Clustering)",random_forest,73.12122996337712,4583,5675,0.9920079566430384,0.9437609841827768,0.9802567193602238,0.9025210084033614,0.988950276243094,0.976026163932445,0.8927680798004988,0.9240505650240616,0.8136363636363636,0.988950276243094
BERTopic_topic_256,5.0,similarity+interactions,"All but Betweenness and Harmonic (Unweighted Clustering, No Square Clustering)",xgboost,73.12122996337712,4583,5675,0.993029930126514,0.9455488331892826,0.9808306170570722,0.9193277310924368,0.9733096085409252,0.9756028883047828,0.9004115226337449,0.9205033793136508,0.8287878787878787,0.9855855855855856
BERTopic_topic_256,5.0,similarity+interactions,Core Number Only,logistic_regression,73.12122996337712,4583,5675,0.938563168497088,0.8714555765595463,0.8920102421987237,0.7747899159663866,0.9956803455723542,0.8659101483428502,0.8164726947179947,0.8156865090181147,0.6909090909090909,0.9978118161925602
BERTopic_topic_256,5.0,similarity+interactions,Core Number Only,random_forest,73.12122996337712,4583,5675,0.9456503965678548,0.8822429906542056,0.898195472405297,0.7932773109243697,0.9936842105263158,0.9170532342366836,0.8317180616740089,0.8282447533443698,0.7151515151515152,0.9936842105263158
BERTopic_topic_256,5.0,similarity+interactions,Core Number Only,xgboost,73.12122996337712,4583,5675,0.9481073472518396,0.8832866479925303,0.8984952901830119,0.7949579831932773,0.9936974789915968,0.9190258013837276,0.8337730870712401,0.828138702784358,0.7181818181818181,0.9937106918238994
BERTopic_topic_256,5.0,similarity+text_similarity,"All (Unweighted Clustering, No Square Clustering)",logistic_regression,394.61209485901054,4583,5675,0.9752893133181056,0.9031171019376579,0.9505795126025823,0.9008403361344538,0.9054054054054054,0.9600942626665459,0.8798701298701299,0.9012197645782278,0.8212121212121212,0.9475524475524476
BERTopic_topic_256,5.0,similarity+text_similarity,"All (Unweighted Clustering, No Square Clustering)",random_forest,394.61209485901054,4583,5675,0.9966095766290468,0.9829642248722317,0.992904962006638,0.9697478991596639,0.9965457685664939,0.9829351339919635,0.9306451612903226,0.9405874782209772,0.8742424242424243,0.9948275862068966
BERTopic_topic_256,5.0,similarity+text_similarity,"All (Unweighted Clustering, No Square Clustering)",xgboost,394.61209485901054,4583,5675,0.9966466626771071,0.985531914893617,0.9925415635499603,0.973109243697479,0.9982758620689656,0.9822305809843199,0.9300080450522928,0.9388599635242362,0.8757575757575757,0.9914236706689536
BERTopic_topic_256,5.0,similarity+text_similarity,"All but Betweenness and Harmonic (Unweighted Clustering, No Square Clustering)",logistic_regression,394.61209485901054,4583,5675,0.9886858053151049,0.9697493517718236,0.9835274780269263,0.9428571428571428,0.998220640569395,0.973213994380495,0.9172809172809173,0.9290967891868962,0.8484848484848485,0.9982174688057041
BERTopic_topic_256,5.0,similarity+text_similarity,"All but Betweenness and Harmonic (Unweighted Clustering, No Square Clustering)",random_forest,394.61209485901054,4583,5675,0.9959335991166778,0.9846678023850085,0.9926051202411275,0.9714285714285714,0.998272884283247,0.981852170760446,0.9307568438003221,0.9399858292721479,0.8757575757575757,0.993127147766323
BERTopic_topic_256,5.0,similarity+text_similarity,"All but Betweenness and Harmonic (Unweighted Clustering, No Square Clustering)",xgboost,394.61209485901054,4583,5675,0.9962770664935985,0.9846938775510204,0.9924220832786775,0.973109243697479,0.9965576592082617,0.981672860207257,0.92914653784219,0.9374813690252313,0.8742424242424243,0.9914089347079038
BERTopic_topic_256,5.0,similarity+text_similarity,Core Number Only,logistic_regression,394.61209485901054,4583,5675,0.9891089234088822,0.962510897994769,0.9792606281920151,0.9277310924369748,1.0,0.9029212362911265,0.9063794531897266,0.8946729680255402,0.8287878787878787,1.0
BERTopic_topic_256,5.0,similarity+text_similarity,Core Number Only,random_forest,394.61209485901054,4583,5675,0.9872615746398861,0.9803250641573995,0.9777598146301247,0.9630252100840336,0.9982578397212544,0.9705645185655155,0.925686591276252,0.922392326451405,0.8681818181818182,0.9913494809688581
BERTopic_topic_256,5.0,similarity+text_similarity,Core Number Only,xgboost,394.61209485901054,4583,5675,0.9874111831292196,0.9802913453299057,0.9800269137947539,0.9613445378151261,1.0,0.97015272364724,0.9255663430420712,0.9227609624136975,0.8666666666666667,0.9930555555555556
BERTopic_topic_256,5.0,similarity+text_similarity+interactions,"All (Unweighted Clustering, No Square Clustering)",logistic_regression,313.2217939887196,4583,5675,0.9786182075638682,0.9053156146179402,0.9566900635859116,0.9159663865546218,0.8949096880131363,0.9657460950481888,0.9002433090024331,0.91317504558401,0.8409090909090909,0.9685863874345548
BERTopic_topic_256,5.0,similarity+text_similarity+interactions,"All (Unweighted Clustering, No Square Clustering)",random_forest,313.2217939887196,4583,5675,0.9949160506730276,0.9820971867007672,0.9911209640649056,0.9680672268907564,0.9965397923875432,0.9820033837880298,0.9315068493150684,0.9394092148390374,0.8757575757575757,0.9948364888123924
BERTopic_topic_256,5.0,similarity+text_similarity+interactions,"All (Unweighted Clustering, No Square Clustering)",xgboost,313.2217939887196,4583,5675,0.9969174329711824,0.9846938775510204,0.992843792988979,0.973109243697479,0.9965576592082616,0.9818574579292424,0.9298952457695407,0.937907090246025,0.8742424242424243,0.9931153184165232
BERTopic_topic_256,5.0,similarity+text_similarity+interactions,"All but Betweenness and Harmonic (Unweighted Clustering, No Square Clustering)",logistic_regression,313.2217939887196,4583,5675,0.9884017599015534,0.9715271786022434,0.9832698375166716,0.946218487394958,0.99822695035461,0.9731194295900176,0.9163934426229507,0.9290304973758234,0.8469696969696969,0.9982142857142856
BERTopic_topic_256,5.0,similarity+text_similarity+interactions,"All but Betweenness and Harmonic (Unweighted Clustering, No Square Clustering)",random_forest,313.2217939887196,4583,5675,0.9966605699451296,0.9855072463768116,0.992918735498079,0.9714285714285714,1.0,0.9814021571648688,0.9306451612903226,0.9390292824790354,0.8742424242424243,0.9948275862068966
BERTopic_topic_256,5.0,similarity+text_similarity+interactions,"All but Betweenness and Harmonic (Unweighted Clustering, No Square Clustering)",xgboost,313.2217939887196,4583,5675,0.996816499919928,0.9846938775510204,0.9929607521724436,0.973109243697479,0.9965576592082616,0.981890087313816,0.9306451612903226,0.9377493233074372,0.8742424242424243,0.9948275862068966
BERTopic_topic_256,5.0,similarity+text_similarity+interactions,Core Number Only,logistic_regression,313.2217939887196,4583,5675,0.989057297944253,0.962510897994769,0.9791751031564756,0.9277310924369748,1.0,0.9028928366415904,0.9063794531897266,0.8946546208021092,0.8287878787878787,1.0
BERTopic_topic_256,5.0,similarity+text_similarity+interactions,Core Number Only,random_forest,313.2217939887196,4583,5675,0.9865162715035865,0.9794871794871794,0.9779961454093946,0.9630252100840336,0.9965217391304348,0.9706888425632194,0.9264349232012936,0.9243976666482095,0.8681818181818182,0.9930675909878682
BERTopic_topic_256,5.0,similarity+text_similarity+interactions,Core Number Only,xgboost,313.2217939887196,4583,5675,0.9872204849843648,0.9811965811965812,0.9807108808532172,0.9647058823529412,0.9982608695652174,0.9716816218012628,0.9280517380759904,0.9259752920017628,0.8696969696969697,0.9948006932409011
BERTopic_topic_256,5.0,text_similarity,"All (Unweighted Clustering, No Square Clustering)",logistic_regression,353.2715405710041,4583,5675,0.9520637542880744,0.9281867145421904,0.9223001228021606,0.8689075630252101,0.9961464354527938,0.942157769116892,0.8834459459459459,0.8723208046031194,0.7924242424242425,0.9980916030534353
BERTopic_topic_256,5.0,text_similarity,"All (Unweighted Clustering, No Square Clustering)",random_forest,353.2715405710041,4583,5675,0.996713881139216,0.9838022165387894,0.9933885866810016,0.969747899159664,0.9982698961937716,0.982087978488776,0.9321486268174476,0.939866872461668,0.8742424242424243,0.9982698961937716
BERTopic_topic_256,5.0,text_similarity,"All (Unweighted Clustering, No Square Clustering)",xgboost,353.2715405710041,4583,5675,0.9966801665500704,0.9838022165387894,0.9929806575376274,0.969747899159664,0.9982698961937716,0.9814977793891057,0.9306451612903226,0.9377419383898226,0.8742424242424243,0.9948275862068966
BERTopic_topic_256,5.0,text_similarity,"All but Betweenness and Harmonic (Unweighted Clustering, No Square Clustering)",logistic_regression,353.2715405710041,4583,5675,0.988634390566658,0.9661164205039096,0.9812053460403642,0.934453781512605,1.0,0.9739300280975256,0.912685337726524,0.9275950719897909,0.8393939393939394,1.0
BERTopic_topic_256,5.0,text_similarity,"All but Betweenness and Harmonic (Unweighted Clustering, No Square Clustering)",random_forest,353.2715405710041,4583,5675,0.9958986202304392,0.9829351535836176,0.9924432453717836,0.9680672268907564,0.9982668977469672,0.982974107979093,0.931285367825384,0.9409553646521228,0.8727272727272727,0.9982668977469672
BERTopic_topic_256,5.0,text_similarity,"All but Betweenness and Harmonic (Unweighted Clustering, No Square Clustering)",xgboost,353.2715405710041,4583,5675,0.9965343509520158,0.9838022165387894,0.9924748463340344,0.969747899159664,0.9982698961937716,0.9820292153841506,0.9306451612903226,0.9388429538039058,0.8742424242424243,0.9948275862068966
BERTopic_topic_256,5.0,text_similarity,Core Number Only,logistic_regression,353.2715405710041,4583,5675,0.9889660578373776,0.962510897994769,0.9790805333643436,0.9277310924369748,1.0,0.9029236532825766,0.9063794531897266,0.8946052044668087,0.8287878787878787,1.0
BERTopic_topic_256,5.0,text_similarity,Core Number Only,random_forest,353.2715405710041,4583,5675,0.9868382458299269,0.9794871794871794,0.9772745765918952,0.9630252100840336,0.9965217391304348,0.97033717030726,0.9249394673123488,0.922664289638506,0.8681818181818182,0.9896373056994818
BERTopic_topic_256,5.0,text_similarity,Core Number Only,xgboost,353.2715405710041,4583,5675,0.9870129295449376,0.9794520547945206,0.9799677910874924,0.961344537815126,0.9982547993019196,0.9693626695670564,0.9240710823909531,0.923534579941446,0.8666666666666667,0.9896193771626296
BERTopic_topic_256,5.0,text_similarity+interactions,"All (Unweighted Clustering, No Square Clustering)",logistic_regression,329.54041049303487,4583,5675,0.9847445698439858,0.9450741063644288,0.9672481217524528,0.9109243697478993,0.9818840579710144,0.95383334843953,0.8786885245901639,0.8909281558036025,0.8121212121212121,0.9571428571428572
BERTopic_topic_256,5.0,text_similarity+interactions,"All (Unweighted Clustering, No Square Clustering)",random_forest,329.54041049303487,4583,5675,0.9958193909459472,0.9838022165387894,0.9922887958958552,0.969747899159664,0.9982698961937716,0.9814408290280674,0.932258064516129,0.9394942311849924,0.8757575757575757,0.996551724137931
BERTopic_topic_256,5.0,text_similarity+interactions,"All (Unweighted Clustering, No Square Clustering)",xgboost,329.54041049303487,4583,5675,0.9968171320684744,0.985531914893617,0.992871219118904,0.973109243697479,0.9982758620689656,0.9819184869633524,0.9306451612903226,0.9378673737008636,0.8742424242424243,0.9948275862068966
BERTopic_topic_256,5.0,text_similarity+interactions,"All but Betweenness and Harmonic (Unweighted Clustering, No Square Clustering)",logistic_regression,329.54041049303487,4583,5675,0.9886887553416552,0.9643788010425716,0.9809142695266452,0.9327731092436976,0.9982014388489208,0.973631529653464,0.912828947368421,0.9265744234013178,0.8409090909090909,0.9982014388489208
BERTopic_topic_256,5.0,text_similarity+interactions,"All but Betweenness and Harmonic (Unweighted Clustering, No Square Clustering)",random_forest,329.54041049303487,4583,5675,0.9950112943873638,0.9837745516652434,0.991362508384842,0.9680672268907564,1.0,0.9820837487537388,0.9313962873284908,0.939378556815069,0.8742424242424243,0.996545768566494
BERTopic_topic_256,5.0,text_similarity+interactions,"All but Betweenness and Harmonic (Unweighted Clustering, No Square Clustering)",xgboost,329.54041049303487,4583,5675,0.9965842906871876,0.9838297872340426,0.9924295600008812,0.9714285714285714,0.996551724137931,0.981827245536119,0.930756843800322,0.936991373281452,0.8757575757575757,0.993127147766323
BERTopic_topic_256,5.0,text_similarity+interactions,Core Number Only,logistic_regression,329.54041049303487,4583,5675,0.988940139746972,0.961605584642234,0.9790681456606152,0.9260504201680672,1.0,0.9028821112420315,0.9063794531897266,0.8944671711350269,0.8287878787878787,1.0
BERTopic_topic_256,5.0,text_similarity+interactions,Core Number Only,random_forest,329.54041049303487,4583,5675,0.9863609736773346,0.9794871794871794,0.9780591173820984,0.9630252100840336,0.9965217391304348,0.970522372277108,0.9279352226720649,0.9243863722194346,0.8681818181818182,0.9965217391304348
BERTopic_topic_256,5.0,text_similarity+interactions,Core Number Only,xgboost,329.54041049303487,4583,5675,0.9874914659946226,0.9803250641573996,0.9807140209980062,0.9630252100840336,0.9982578397212544,0.9702302184356022,0.9279352226720649,0.9256482970788829,0.8681818181818182,0.9965217391304348
BERTopic_topic_256,10.0,interactions,"All (Unweighted Clustering, No Square Clustering)",logistic_regression,6.83490839228034,5043,5675,0.8836834565864886,0.634765625,0.7081249418793246,0.5150554675118859,0.8269720101781171,0.8599938064594095,0.578383641674781,0.6527118049814191,0.45,0.8092643051771117
BERTopic_topic_256,10.0,interactions,"All (Unweighted Clustering, No Square Clustering)",random_forest,6.83490839228034,5043,5675,0.9279527595823522,0.8161434977578476,0.8598485559015052,0.7210776545166403,0.9400826446280992,0.9138084232152028,0.7894736842105263,0.8317132045202856,0.6818181818181818,0.9375
BERTopic_topic_256,10.0,interactions,"All (Unweighted Clustering, No Square Clustering)",xgboost,6.83490839228034,5043,5675,0.9395841624843928,0.825065274151436,0.8691566382197662,0.751188589540412,0.915057915057915,0.9240425692619114,0.8003442340791739,0.8301179266492096,0.7045454545454546,0.9262948207171314
BERTopic_topic_256,10.0,interactions,"All but Betweenness and Harmonic (Unweighted Clustering, No Square Clustering)",logistic_regression,6.83490839228034,5043,5675,0.8837904978929386,0.6427879961277831,0.7120100155386517,0.526148969889065,0.8258706467661692,0.8601234176259102,0.5930902111324377,0.6600355052084018,0.4681818181818182,0.8089005235602095
BERTopic_topic_256,10.0,interactions,"All but Betweenness and Harmonic (Unweighted Clustering, No Square Clustering)",random_forest,6.83490839228034,5043,5675,0.9304675118858956,0.8086642599277978,0.860416389983352,0.7099841521394612,0.939203354297694,0.918201305175383,0.7964912280701755,0.8315498677674331,0.6878787878787879,0.9458333333333332
BERTopic_topic_256,10.0,interactions,"All but Betweenness and Harmonic (Unweighted Clustering, No Square Clustering)",xgboost,6.83490839228034,5043,5675,0.9400647707663726,0.818733738074588,0.8671104465270425,0.7480190174326465,0.9042145593869731,0.9250602737242816,0.8062015503875969,0.8325906699912142,0.7090909090909091,0.934131736526946
BERTopic_topic_256,10.0,interactions,Core Number Only,logistic_regression,6.83490839228034,5043,5675,0.8238976541430734,0.4776444929116685,0.5575992876876726,0.347068145800317,0.7657342657342657,0.8097063355388381,0.4630021141649049,0.5371134504747389,0.3318181818181818,0.7657342657342657
BERTopic_topic_256,10.0,interactions,Core Number Only,random_forest,6.83490839228034,5043,5675,0.8213706890730224,0.4459613196814562,0.5496751395034922,0.3106180665610142,0.7903225806451613,0.8087721683434544,0.4630021141649049,0.5331460365462154,0.3318181818181818,0.7657342657342657
BERTopic_topic_256,10.0,interactions,Core Number Only,xgboost,6.83490839228034,5043,5675,0.8211548104650478,0.4459613196814562,0.5498076342231093,0.3106180665610142,0.7903225806451613,0.8087226200187316,0.4393442622950819,0.5342984727289218,0.3045454545454545,0.788235294117647
BERTopic_topic_256,10.0,similarity,"All (Unweighted Clustering, No Square Clustering)",logistic_regression,74.30987362377346,5043,5675,0.9526805585688362,0.8490230905861457,0.8995662716328978,0.757527733755943,0.9656565656565655,0.9365743678056736,0.8308501314636284,0.8657732122033973,0.7181818181818181,0.9854469854469856
BERTopic_topic_256,10.0,similarity,"All (Unweighted Clustering, No Square Clustering)",random_forest,74.30987362377346,5043,5675,0.992937967766917,0.9376558603491272,0.9805988424218528,0.8938193343898574,0.986013986013986,0.986921810326596,0.9141455437448897,0.9559716926235334,0.8469696969696969,0.9928952042628776
BERTopic_topic_256,10.0,similarity,"All (Unweighted Clustering, No Square Clustering)",xgboost,74.30987362377346,5043,5675,0.9938950535422052,0.9475409836065574,0.9813569226748916,0.9160063391442156,0.9813242784380306,0.987021511223904,0.9337589784517158,0.9563946997948398,0.8863636363636364,0.9865092748735244
BERTopic_topic_256,10.0,similarity,"All but Betweenness and Harmonic (Unweighted Clustering, No Square Clustering)",logistic_regression,74.30987362377346,5043,5675,0.9465228098558462,0.8543516873889876,0.8967011612397404,0.7622820919175911,0.9717171717171718,0.9319793649354964,0.8308501314636284,0.8656341661452003,0.7181818181818181,0.9854469854469856
BERTopic_topic_256,10.0,similarity,"All but Betweenness and Harmonic (Unweighted Clustering, No Square Clustering)",random_forest,74.30987362377346,5043,5675,0.9942432969871824,0.9419568822553898,0.9811116036896232,0.9001584786053882,0.9878260869565216,0.9857746457596908,0.9178193653376728,0.9569164509252968,0.8545454545454545,0.9912126537785588
BERTopic_topic_256,10.0,similarity,"All but Betweenness and Harmonic (Unweighted Clustering, No Square Clustering)",xgboost,74.30987362377346,5043,5675,0.9938357857047412,0.9562398703403564,0.9816781637043782,0.9350237717908082,0.978441127694859,0.9867689356173902,0.931528662420382,0.9577392388180384,0.8863636363636364,0.981543624161074
BERTopic_topic_256,10.0,similarity,Core Number Only,logistic_regression,74.30987362377346,5043,5675,0.920129943835642,0.8495897903372835,0.8670118117041521,0.7385103011093502,1.0,0.8898999969787608,0.8256227758007118,0.8344250181732386,0.703030303030303,1.0
BERTopic_topic_256,10.0,similarity,Core Number Only,random_forest,74.30987362377346,5043,5675,0.9487114094538308,0.8658318425760286,0.8993214736686211,0.7670364500792393,0.9938398357289528,0.9292807939816912,0.8416447944007,0.8541574190805727,0.7287878787878788,0.9958592132505176
BERTopic_topic_256,10.0,similarity,Core Number Only,xgboost,74.30987362377346,5043,5675,0.9492424851974086,0.8658318425760286,0.8994818310254449,0.7670364500792393,0.9938398357289528,0.9293472612465634,0.8416447944007,0.8536856035444309,0.7287878787878788,0.9958592132505176
BERTopic_topic_256,10.0,similarity+interactions,"All (Unweighted Clustering, No Square Clustering)",logistic_regression,78.76610810682178,5043,5675,0.943075576909538,0.8444846292947559,0.8844281007988403,0.7400950871632329,0.983157894736842,0.9307019849542284,0.8226950354609929,0.8548713052518944,0.703030303030303,0.9914529914529916
BERTopic_topic_256,10.0,similarity+interactions,"All (Unweighted Clustering, No Square Clustering)",random_forest,78.76610810682178,5043,5675,0.993341527860194,0.9467649467649468,0.9802928324360558,0.9160063391442156,0.9796610169491524,0.9868855554548476,0.9210950080515298,0.9571664800188912,0.8666666666666667,0.9828178694158076
BERTopic_topic_256,10.0,similarity+interactions,"All (Unweighted Clustering, No Square Clustering)",xgboost,78.76610810682178,5043,5675,0.9940416067402976,0.9446254071661238,0.98081607728944,0.919175911251981,0.9715242881072028,0.98570364663585,0.9298245614035088,0.9527537692227284,0.8833333333333333,0.9814814814814816
BERTopic_topic_256,10.0,similarity+interactions,"All but Betweenness and Harmonic (Unweighted Clustering, No Square Clustering)",logistic_regression,78.76610810682178,5043,5675,0.9407379097203564,0.8496376811594203,0.8917613732629067,0.7432646592709984,0.9915433403805496,0.9259867367594188,0.8262411347517731,0.8553324302469489,0.706060606060606,0.9957264957264956
BERTopic_topic_256,10.0,similarity+interactions,"All but Betweenness and Harmonic (Unweighted Clustering, No Square Clustering)",random_forest,78.76610810682178,5043,5675,0.9925767931574024,0.9509803921568628,0.9809456004661322,0.9223454833597464,0.981450252951096,0.986400193359316,0.9190056134723336,0.9573894904691532,0.8681818181818182,0.9761499148211245
BERTopic_topic_256,10.0,similarity+interactions,"All but Betweenness and Harmonic (Unweighted Clustering, No Square Clustering)",xgboost,78.76610810682178,5043,5675,0.994359138669498,0.946938775510204,0.9812542519980356,0.919175911251981,0.9764309764309764,0.9859405117979396,0.927258193445244,0.953552371461176,0.8787878787878788,0.9813874788494078
BERTopic_topic_256,10.0,similarity+interactions,Core Number Only,logistic_regression,78.76610810682178,5043,5675,0.9188009074803912,0.8451730418943534,0.863851055582061,0.7353407290015848,0.9935760171306208,0.8889691531466207,0.8181818181818182,0.831371057486823,0.6954545454545454,0.9935064935064936
BERTopic_topic_256,10.0,similarity+interactions,Core Number Only,random_forest,78.76610810682178,5043,5675,0.9389525110166338,0.8726953467954346,0.8911645274328523,0.7876386687797148,0.9783464566929134,0.92194477174537,0.852263023057216,0.8463523176469775,0.7560606060606061,0.9765166340508806
BERTopic_topic_256,10.0,similarity+interactions,Core Number Only,xgboost,78.76610810682178,5043,5675,0.940910684446539,0.8756567425569177,0.8926516116813618,0.7923930269413629,0.9784735812133072,0.9240949877639808,0.852263023057216,0.8473962927417353,0.7560606060606061,0.9765166340508806
BERTopic_topic_256,10.0,similarity+text_similarity,"All (Unweighted Clustering, No Square Clustering)",logistic_regression,420.7506678469945,5043,5675,0.9736265307266022,0.8536018590240124,0.9331352787372373,0.873217115689382,0.8348484848484848,0.9708530469198464,0.8878357030015798,0.9245999509518414,0.8515151515151516,0.9273927392739274
BERTopic_topic_256,10.0,similarity+text_similarity,"All (Unweighted Clustering, No Square Clustering)",random_forest,420.7506678469945,5043,5675,0.9963961562831811,0.9807073954983923,0.9910975786202576,0.9667194928684627,0.9951060358890701,0.9900827819571589,0.9559055118110236,0.9698794775260027,0.9196969696969697,0.9950819672131147
BERTopic_topic_256,10.0,similarity+text_similarity,"All (Unweighted Clustering, No Square Clustering)",xgboost,420.7506678469945,5043,5675,0.9958120986849005,0.9799196787148594,0.9898422106667615,0.9667194928684627,0.993485342019544,0.9890168887277562,0.959937156323645,0.9671655743292682,0.9257575757575758,0.9967373572593801
BERTopic_topic_256,10.0,similarity+text_similarity,"All but Betweenness and Harmonic (Unweighted Clustering, No Square Clustering)",logistic_regression,420.7506678469945,5043,5675,0.9860199743388224,0.9563066776586975,0.9739074905267062,0.919175911251981,0.9965635738831615,0.9796805039427173,0.9348350764279968,0.9508997138845593,0.8803030303030303,0.9965694682675815
BERTopic_topic_256,10.0,similarity+text_similarity,"All but Betweenness and Harmonic (Unweighted Clustering, No Square Clustering)",random_forest,420.7506678469945,5043,5675,0.9949175135382109,0.9798873692679002,0.9897697910330177,0.96513470681458,0.9950980392156863,0.9913060817547358,0.9575471698113207,0.9705822463498217,0.9227272727272727,0.9950980392156863
BERTopic_topic_256,10.0,similarity+text_similarity,"All but Betweenness and Harmonic (Unweighted Clustering, No Square Clustering)",xgboost,420.7506678469945,5043,5675,0.995322690027055,0.9791332263242376,0.9895134094219842,0.9667194928684627,0.991869918699187,0.9897004441221788,0.9583660644147682,0.9674442516163605,0.9242424242424242,0.9951060358890701
BERTopic_topic_256,10.0,similarity+text_similarity,Core Number Only,logistic_regression,420.7506678469945,5043,5675,0.9866347434528796,0.9552980132450332,0.9726694817621131,0.9144215530903328,1.0,0.9473459923260522,0.9303079416531604,0.9354288355958008,0.8696969696969697,1.0
BERTopic_topic_256,10.0,similarity+text_similarity,Core Number Only,random_forest,420.7506678469945,5043,5675,0.9765735790446168,0.9773828756058158,0.9655987783319215,0.9587955625990491,0.9967051070840197,0.9722644188646183,0.9542586750788643,0.9483263276263039,0.9166666666666666,0.9950657894736842
BERTopic_topic_256,10.0,similarity+text_similarity,Core Number Only,xgboost,420.7506678469945,5043,5675,0.9800369759465973,0.9741518578352181,0.9684178641303585,0.9556259904912837,0.9934102141680395,0.9756477537085713,0.9556962025316456,0.9506657718491514,0.9151515151515152,1.0
BERTopic_topic_256,10.0,similarity+text_similarity+interactions,"All (Unweighted Clustering, No Square Clustering)",logistic_regression,403.05815135035664,5043,5675,0.9725593504532374,0.8445121951219512,0.929911910643462,0.8779714738510301,0.8135095447870778,0.9677360343212786,0.8727556596409055,0.9143512051511404,0.8469696969696969,0.9001610305958132
BERTopic_topic_256,10.0,similarity+text_similarity+interactions,"All (Unweighted Clustering, No Square Clustering)",random_forest,403.05815135035664,5043,5675,0.9964864948354366,0.9807383627608348,0.9913961025086604,0.9683042789223456,0.9934959349593496,0.990551678298438,0.9583660644147682,0.970026081496362,0.9242424242424242,0.99510603588907
BERTopic_topic_256,10.0,similarity+text_similarity+interactions,"All (Unweighted Clustering, No Square Clustering)",xgboost,403.05815135035664,5043,5675,0.9950825654855724,0.9799196787148594,0.9893688956662996,0.9667194928684628,0.993485342019544,0.989770838998157,0.9568627450980391,0.9684853725806466,0.9242424242424242,0.991869918699187
BERTopic_topic_256,10.0,similarity+text_similarity+interactions,"All but Betweenness and Harmonic (Unweighted Clustering, No Square Clustering)",logistic_regression,403.05815135035664,5043,5675,0.9857581182569364,0.957166392092257,0.97341246182405,0.9207606973058636,0.9965694682675816,0.9790919665246683,0.9339774557165862,0.949972102428349,0.8787878787878788,0.9965635738831616
BERTopic_topic_256,10.0,similarity+text_similarity+interactions,"All but Betweenness and Harmonic (Unweighted Clustering, No Square Clustering)",random_forest,403.05815135035664,5043,5675,0.9948433389416272,0.9815261044176706,0.9893948425557588,0.9683042789223456,0.995114006514658,0.990301519683374,0.9591836734693876,0.9688135016146808,0.9257575757575758,0.995114006514658
BERTopic_topic_256,10.0,similarity+text_similarity+interactions,"All but Betweenness and Harmonic (Unweighted Clustering, No Square Clustering)",xgboost,403.05815135035664,5043,5675,0.99528120254083,0.9807383627608348,0.9895288023286184,0.9683042789223456,0.9934959349593496,0.99003791655337,0.9584313725490196,0.9687841140469048,0.9257575757575758,0.9934959349593496
BERTopic_topic_256,10.0,similarity+text_similarity+interactions,Core Number Only,logistic_regression,403.05815135035664,5043,5675,0.9866040319371028,0.9552980132450332,0.972668251687012,0.9144215530903328,1.0,0.9473230309072782,0.9303079416531604,0.9354208991379416,0.8696969696969697,1.0
BERTopic_topic_256,10.0,similarity+text_similarity+interactions,Core Number Only,random_forest,403.05815135035664,5043,5675,0.976525446376616,0.9773828756058158,0.9651751211053602,0.9587955625990492,0.9967051070840196,0.9717225595939454,0.9557661927330172,0.9477013254934408,0.9166666666666666,0.9983498349834984
BERTopic_topic_256,10.0,similarity+text_similarity+interactions,Core Number Only,xgboost,403.05815135035664,5043,5675,0.9806215723434,0.9773462783171522,0.968358418616315,0.9572107765451664,0.9983471074380166,0.9757660352276504,0.9541139240506328,0.9505287506884084,0.9136363636363636,0.9983443708609272
BERTopic_topic_256,10.0,text_similarity,"All (Unweighted Clustering, No Square Clustering)",logistic_regression,402.9060478769243,5043,5675,0.9669127419384964,0.8923076923076924,0.9344800362259152,0.873217115689382,0.9122516556291392,0.9643452974410104,0.9087947882736156,0.921403387195746,0.8454545454545455,0.9823943661971832
BERTopic_topic_256,10.0,text_similarity,"All (Unweighted Clustering, No Square Clustering)",random_forest,402.9060478769243,5043,5675,0.9961705793018034,0.9814665592264304,0.9902695556151668,0.96513470681458,0.9983606557377048,0.9896394150880692,0.9590551181102362,0.9684574797090472,0.9227272727272728,0.9983606557377048
BERTopic_topic_256,10.0,text_similarity,"All (Unweighted Clustering, No Square Clustering)",xgboost,402.9060478769243,5043,5675,0.9949338570933904,0.9790996784565916,0.988548222041558,0.96513470681458,0.9934747145187602,0.9896392640261036,0.9567949725058916,0.9672910753789822,0.9227272727272728,0.9934747145187602
BERTopic_topic_256,10.0,text_similarity,"All but Betweenness and Harmonic (Unweighted Clustering, No Square Clustering)",logistic_regression,402.9060478769243,5043,5675,0.9858339092490872,0.9570957095709572,0.9737054825396406,0.919175911251981,0.9982788296041308,0.9797868515665126,0.9356913183279744,0.9513167433522558,0.8818181818181818,0.9965753424657534
BERTopic_topic_256,10.0,text_similarity,"All but Betweenness and Harmonic (Unweighted Clustering, No Square Clustering)",random_forest,402.9060478769243,5043,5675,0.994650269471101,0.9806763285024156,0.9886843601834004,0.96513470681458,0.9967266775777414,0.9901190368289072,0.9590551181102362,0.9685689981485056,0.9227272727272728,0.9983606557377048
BERTopic_topic_256,10.0,text_similarity,"All but Betweenness and Harmonic (Unweighted Clustering, No Square Clustering)",xgboost,402.9060478769243,5043,5675,0.9945633433094871,0.9799196787148594,0.988213520597545,0.9667194928684628,0.993485342019544,0.9897416840387926,0.9575471698113208,0.9670640045432304,0.9227272727272728,0.9950980392156864
BERTopic_topic_256,10.0,text_similarity,Core Number Only,logistic_regression,402.9060478769243,5043,5675,0.9864819042720256,0.9552980132450332,0.972522850665048,0.9144215530903328,1.0,0.9472496147919878,0.9303079416531604,0.935261639015204,0.8696969696969697,1.0
BERTopic_topic_256,10.0,text_similarity,Core Number Only,random_forest,402.9060478769243,5043,5675,0.9757867536024069,0.9748987854251012,0.9643808216061044,0.9540412044374008,0.9966887417218544,0.9705929182150518,0.9517786561264822,0.9455959994019222,0.912121212121212,0.9950413223140496
BERTopic_topic_256,10.0,text_similarity,Core Number Only,xgboost,402.9060478769243,5043,5675,0.9813112344520706,0.9749798224374496,0.9699766591875169,0.9572107765451664,0.993421052631579,0.97639626574821,0.95260663507109,0.949817807135994,0.9136363636363636,0.995049504950495
BERTopic_topic_256,10.0,text_similarity+interactions,"All (Unweighted Clustering, No Square Clustering)",logistic_regression,385.6783220176585,5043,5675,0.9784785910203122,0.9004665629860031,0.95823958154225,0.9175911251980984,0.8839694656488549,0.969823106438261,0.882800608828006,0.932861074498359,0.8787878787878788,0.8868501529051988
BERTopic_topic_256,10.0,text_similarity+interactions,"All (Unweighted Clustering, No Square Clustering)",random_forest,385.6783220176585,5043,5675,0.9942353946088538,0.9823151125401928,0.9898406759211644,0.9683042789223456,0.99673735725938,0.9902416991449894,0.9614476789929188,0.970716400027572,0.9257575757575758,1.0
BERTopic_topic_256,10.0,text_similarity+interactions,"All (Unweighted Clustering, No Square Clustering)",xgboost,385.6783220176585,5043,5675,0.99564201795133,0.9823151125401928,0.98987798085073,0.9683042789223456,0.99673735725938,0.989623251457748,0.9583660644147682,0.9691462639953384,0.9242424242424242,0.99510603588907
BERTopic_topic_256,10.0,text_similarity+interactions,"All but Betweenness and Harmonic (Unweighted Clustering, No Square Clustering)",logistic_regression,385.6783220176585,5043,5675,0.9852096213611344,0.9647829647829648,0.9739007763712872,0.9334389857369256,0.9983050847457628,0.9782366536753376,0.9424,0.9510007490938376,0.8924242424242425,0.9983050847457628
BERTopic_topic_256,10.0,text_similarity+interactions,"All but Betweenness and Harmonic (Unweighted Clustering, No Square Clustering)",random_forest,385.6783220176585,5043,5675,0.9950917250604532,0.9823434991974318,0.9906188171606044,0.9698890649762282,0.9951219512195122,0.9897551285537328,0.9582348305752562,0.9704774661717056,0.9212121212121211,0.9983579638752051
BERTopic_topic_256,10.0,text_similarity+interactions,"All but Betweenness and Harmonic (Unweighted Clustering, No Square Clustering)",xgboost,385.6783220176585,5043,5675,0.9952057707476945,0.9807383627608348,0.9893190643596892,0.9683042789223456,0.9934959349593496,0.989890329012961,0.9561128526645768,0.96899188535407,0.9242424242424242,0.9902597402597404
BERTopic_topic_256,10.0,text_similarity+interactions,Core Number Only,logistic_regression,385.6783220176585,5043,5675,0.9864379023926964,0.9552980132450332,0.9725106624064712,0.9144215530903328,1.0,0.9472204598326232,0.9303079416531604,0.9352550099779564,0.8696969696969697,1.0
BERTopic_topic_256,10.0,text_similarity+interactions,Core Number Only,random_forest,385.6783220176585,5043,5675,0.9775254564341884,0.9749393694421988,0.9664322326029684,0.9556259904912836,0.995049504950495,0.972102631499441,0.9525316455696202,0.9478963598202432,0.912121212121212,0.9966887417218544
BERTopic_topic_256,10.0,text_similarity+interactions,Core Number Only,xgboost,385.6783220176585,5043,5675,0.9812235898924272,0.9765182186234818,0.9693106727129271,0.9556259904912836,0.9983443708609272,0.9769446206834044,0.9533596837944665,0.9506674256815416,0.9136363636363636,0.996694214876033
BERTopic_topic_256,20.0,interactions,"All (Unweighted Clustering, No Square Clustering)",logistic_regression,6.719361739233136,5281,5675,0.8733362112382186,0.5906040268456376,0.6690925061018442,0.4753086419753086,0.779746835443038,0.8589693042085863,0.5855513307984791,0.6592245776158481,0.4666666666666667,0.7857142857142857
BERTopic_topic_256,20.0,interactions,"All (Unweighted Clustering, No Square Clustering)",random_forest,6.719361739233136,5281,5675,0.9201266478004012,0.8003581020590869,0.8453034129064623,0.6898148148148148,0.953091684434968,0.9127954016737668,0.7857777777777778,0.829636853757023,0.6696969696969697,0.9505376344086022
BERTopic_topic_256,20.0,interactions,"All (Unweighted Clustering, No Square Clustering)",xgboost,6.719361739233136,5281,5675,0.926625749787488,0.8132059079061685,0.8471628717307655,0.7222222222222222,0.9304174950298212,0.9201306686002596,0.803770351328192,0.8327885368129603,0.7106060606060606,0.9250493096646942
BERTopic_topic_256,20.0,interactions,"All but Betweenness and Harmonic (Unweighted Clustering, No Square Clustering)",logistic_regression,6.719361739233136,5281,5675,0.872485497224687,0.6035950804162725,0.6753014813396164,0.4922839506172839,0.7799511002444988,0.8576460013897701,0.5930122757318225,0.6607823637477891,0.4757575757575757,0.7869674185463659
BERTopic_topic_256,20.0,interactions,"All but Betweenness and Harmonic (Unweighted Clustering, No Square Clustering)",random_forest,6.719361739233136,5281,5675,0.9198536798543993,0.7967625899280576,0.8417886559209613,0.683641975308642,0.9547413793103448,0.914823106438261,0.7943262411347518,0.8285362764668307,0.6787878787878788,0.9572649572649572
BERTopic_topic_256,20.0,interactions,"All but Betweenness and Harmonic (Unweighted Clustering, No Square Clustering)",xgboost,6.719361739233136,5281,5675,0.9270920769679674,0.8116938950988822,0.8433967637474712,0.7283950617283951,0.916504854368932,0.9188838031360465,0.8051282051282052,0.8328545052694002,0.7136363636363636,0.923529411764706
BERTopic_topic_256,20.0,interactions,Core Number Only,logistic_regression,6.719361739233136,5281,5675,0.8187775965763591,0.4689507494646681,0.5481912218575072,0.3379629629629629,0.7657342657342657,0.8126772712166531,0.4630021141649049,0.5379359698843721,0.3318181818181818,0.7657342657342657
BERTopic_topic_256,20.0,interactions,Core Number Only,random_forest,6.719361739233136,5281,5675,0.816082558564032,0.44173140954495,0.5465497085440958,0.3070987654320987,0.7865612648221344,0.8081218465814677,0.4175824175824176,0.5280967772943129,0.2878787878787879,0.76
BERTopic_topic_256,20.0,interactions,Core Number Only,xgboost,6.719361739233136,5281,5675,0.816012276396117,0.44173140954495,0.5443600720277658,0.3070987654320987,0.7865612648221344,0.8078088461887067,0.4175824175824176,0.5284304887463739,0.2878787878787879,0.76
BERTopic_topic_256,20.0,similarity,"All (Unweighted Clustering, No Square Clustering)",logistic_regression,78.70029372908175,5281,5675,0.9382536180327388,0.8247787610619469,0.8576138645581659,0.7191358024691358,0.966804979253112,0.9253737273029397,0.824468085106383,0.8463576271267825,0.7045454545454546,0.9935897435897436
BERTopic_topic_256,20.0,similarity,"All (Unweighted Clustering, No Square Clustering)",random_forest,78.70029372908175,5281,5675,0.994096797531397,0.9402261712439418,0.981382531032932,0.8981481481481481,0.9864406779661016,0.989752258376386,0.9288569144684252,0.969477415522466,0.8803030303030303,0.9830795262267344
BERTopic_topic_256,20.0,similarity,"All (Unweighted Clustering, No Square Clustering)",xgboost,78.70029372908175,5281,5675,0.993451100931855,0.9430633520449078,0.980295909132864,0.9074074074074074,0.9816360601001668,0.9904349073990152,0.9335443037974684,0.9679152842670544,0.8939393939393939,0.97682119205298
BERTopic_topic_256,20.0,similarity,"All but Betweenness and Harmonic (Unweighted Clustering, No Square Clustering)",logistic_regression,78.70029372908175,5281,5675,0.9319082374697888,0.8310991957104558,0.8579219598037109,0.7175925925925926,0.9872611464968152,0.9220485513157496,0.8272807794508414,0.8467105320986984,0.7075757575757575,0.9957356076759062
BERTopic_topic_256,20.0,similarity,"All but Betweenness and Harmonic (Unweighted Clustering, No Square Clustering)",random_forest,78.70029372908175,5281,5675,0.9926788298118968,0.9443996776792908,0.9808714479503372,0.904320987654321,0.988195615514334,0.9887625003776548,0.9302325581395348,0.9689095343966612,0.8787878787878788,0.9880749574105622
BERTopic_topic_256,20.0,similarity,"All but Betweenness and Harmonic (Unweighted Clustering, No Square Clustering)",xgboost,78.70029372908175,5281,5675,0.9924085265926406,0.9368505195843324,0.9791958725851312,0.904320987654321,0.9718076285240465,0.9903324873863258,0.9322709163346612,0.969122236426975,0.8863636363636364,0.9831932773109244
BERTopic_topic_256,20.0,similarity,Core Number Only,logistic_regression,78.70029372908175,5281,5675,0.906198787282858,0.8355795148247979,0.851235101105694,0.7175925925925926,1.0,0.895767394785341,0.8266666666666667,0.8374636745646743,0.7045454545454546,1.0
BERTopic_topic_256,20.0,similarity,Core Number Only,random_forest,78.70029372908175,5281,5675,0.9382471227612964,0.8546255506607929,0.8892247538179662,0.7484567901234568,0.995893223819302,0.9256167860056196,0.8449477351916377,0.8555706210603531,0.7348484848484849,0.9938524590163934
BERTopic_topic_256,20.0,similarity,Core Number Only,xgboost,78.70029372908175,5281,5675,0.9407552968105886,0.8546255506607929,0.8897890242591856,0.7484567901234568,0.995893223819302,0.9287155201063476,0.8449477351916377,0.8560308772101854,0.7348484848484849,0.9938524590163934
BERTopic_topic_256,20.0,similarity+interactions,"All (Unweighted Clustering, No Square Clustering)",logistic_regression,80.3514903653413,5281,5675,0.9592533302422503,0.8010425716768028,0.8889976229280224,0.7114197530864198,0.9165009940357852,0.9439576724372336,0.8086206896551724,0.8666101684581958,0.7106060606060606,0.938
BERTopic_topic_256,20.0,similarity+interactions,"All (Unweighted Clustering, No Square Clustering)",random_forest,80.3514903653413,5281,5675,0.9941094549834388,0.9296685529506872,0.9791854901398702,0.8873456790123457,0.9762308998302208,0.989870993081362,0.9248,0.9678258266200052,0.8757575757575757,0.9796610169491524
BERTopic_topic_256,20.0,similarity+interactions,"All (Unweighted Clustering, No Square Clustering)",xgboost,80.3514903653413,5281,5675,0.9931379955392476,0.9342948717948718,0.9787628489618334,0.8996913580246914,0.9716666666666668,0.9912908244962084,0.9286846275752774,0.9678598294028772,0.8878787878787879,0.973421926910299
BERTopic_topic_256,20.0,similarity+interactions,"All but Betweenness and Harmonic (Unweighted Clustering, No Square Clustering)",logistic_regression,80.3514903653413,5281,5675,0.9575369131272434,0.804177545691906,0.8887287446761629,0.7129629629629629,0.9221556886227544,0.9450767394785342,0.8010335917312662,0.868438216273334,0.7045454545454546,0.9281437125748504
BERTopic_topic_256,20.0,similarity+interactions,"All but Betweenness and Harmonic (Unweighted Clustering, No Square Clustering)",random_forest,80.3514903653413,5281,5675,0.9943767603851064,0.9333333333333332,0.979267466835688,0.8966049382716049,0.9731993299832497,0.9875777213813106,0.9214743589743588,0.9659675281900086,0.8712121212121212,0.9778911564625852
BERTopic_topic_256,20.0,similarity+interactions,"All but Betweenness and Harmonic (Unweighted Clustering, No Square Clustering)",xgboost,80.3514903653413,5281,5675,0.9937665379603648,0.9419252187748608,0.979524661536469,0.9135802469135802,0.9720853858784894,0.9914684733677754,0.9335443037974684,0.969863340962314,0.8939393939393939,0.97682119205298
BERTopic_topic_256,20.0,similarity+interactions,Core Number Only,logistic_regression,80.3514903653413,5281,5675,0.904833281371162,0.8312387791741472,0.8479796052868785,0.7145061728395061,0.9935622317596566,0.8947909302395842,0.8213333333333334,0.8343805428963028,0.7,0.9935483870967742
BERTopic_topic_256,20.0,similarity+interactions,Core Number Only,random_forest,80.3514903653413,5281,5675,0.9316893967858068,0.8625756266205704,0.8830344302211642,0.7700617283950617,0.9803536345776032,0.9223541496721956,0.8513169073916738,0.8520671746793491,0.759090909090909,0.9690522243713732
BERTopic_topic_256,20.0,similarity+interactions,Core Number Only,xgboost,80.3514903653413,5281,5675,0.933616993495402,0.8635578583765112,0.8844237098538098,0.7716049382716049,0.9803921568627452,0.9248714462672588,0.8522920203735145,0.8537013827847306,0.7606060606060606,0.9691119691119692
BERTopic_topic_256,20.0,similarity+text_similarity,"All (Unweighted Clustering, No Square Clustering)",logistic_regression,452.24826384702465,5281,5675,0.9795978527631883,0.8588588588588588,0.940698227611575,0.8827160493827161,0.8362573099415205,0.9723905556059095,0.8505231689088192,0.9184784003008297,0.8621212121212121,0.8392330383480826
BERTopic_topic_256,20.0,similarity+text_similarity,"All (Unweighted Clustering, No Square Clustering)",random_forest,452.24826384702465,5281,5675,0.9936552856187363,0.9763406940063092,0.9875636626927193,0.9552469135802469,0.9983870967741936,0.990812109127164,0.9704510108864697,0.9793788419202134,0.9454545454545454,0.9968051118210862
BERTopic_topic_256,20.0,similarity+text_similarity,"All (Unweighted Clustering, No Square Clustering)",xgboost,452.24826384702465,5281,5675,0.9938974426617424,0.9772549019607844,0.988991955949092,0.9614197530864198,0.9936204146730463,0.9932865041239916,0.9696498054474708,0.9794712969665914,0.943939393939394,0.9968
BERTopic_topic_256,20.0,similarity+text_similarity,"All but Betweenness and Harmonic (Unweighted Clustering, No Square Clustering)",logistic_regression,452.24826384702465,5281,5675,0.9852520698264996,0.9499192245557351,0.9699254113878606,0.9074074074074074,0.9966101694915255,0.980565122813378,0.9399519615692554,0.9576762160314217,0.8893939393939394,0.9966044142614601
BERTopic_topic_256,20.0,similarity+text_similarity,"All but Betweenness and Harmonic (Unweighted Clustering, No Square Clustering)",random_forest,452.24826384702465,5281,5675,0.9933251925931255,0.9771473601260835,0.9877147709070538,0.9567901234567902,0.998389694041868,0.9915752741774677,0.9680436477007015,0.979370932996557,0.9409090909090909,0.9967897271268058
BERTopic_topic_256,20.0,similarity+text_similarity,"All but Betweenness and Harmonic (Unweighted Clustering, No Square Clustering)",xgboost,452.24826384702465,5281,5675,0.9942157109624195,0.9764150943396226,0.9891123307546871,0.9583333333333334,0.9951923076923077,0.9933972325447898,0.9696498054474708,0.9794291863100654,0.943939393939394,0.9968
BERTopic_topic_256,20.0,similarity+text_similarity,Core Number Only,logistic_regression,452.24826384702465,5281,5675,0.9852467403730085,0.9497568881685575,0.9685223323302817,0.904320987654321,1.0,0.9689611468624428,0.9380530973451328,0.9530295173783343,0.8833333333333333,1.0
BERTopic_topic_256,20.0,similarity+text_similarity,Core Number Only,random_forest,452.24826384702465,5281,5675,0.9699985077530225,0.9699842022116903,0.9556873285677988,0.9475308641975309,0.9935275080906149,0.9695773286201999,0.9625,0.9503179152062289,0.9333333333333333,0.9935483870967742
BERTopic_topic_256,20.0,similarity+text_similarity,Core Number Only,xgboost,452.24826384702465,5281,5675,0.9781687265004411,0.9707971586424625,0.9632475211193948,0.9490740740740741,0.9935379644588045,0.9762631801565002,0.9625,0.9553305803418566,0.9333333333333333,0.9935483870967742
BERTopic_topic_256,20.0,similarity+text_similarity+interactions,"All (Unweighted Clustering, No Square Clustering)",logistic_regression,414.3792133969255,5281,5675,0.9707256450637268,0.9098039215686274,0.9455244938254784,0.8950617283950617,0.9250398724082934,0.9709249524154808,0.9214908802537668,0.9383349364145912,0.8803030303030303,0.966722129783694
BERTopic_topic_256,20.0,similarity+text_similarity+interactions,"All (Unweighted Clustering, No Square Clustering)",random_forest,414.3792133969255,5281,5675,0.993092029002886,0.9771473601260836,0.9874447738199156,0.9567901234567902,0.998389694041868,0.9921325417686336,0.968847352024922,0.9800842752572992,0.9424242424242424,0.9967948717948718
BERTopic_topic_256,20.0,similarity+text_similarity+interactions,"All (Unweighted Clustering, No Square Clustering)",xgboost,414.3792133969255,5281,5675,0.9941892302403852,0.9779874213836478,0.9890710892555992,0.9598765432098766,0.9967948717948718,0.9933213994380496,0.9680933852140078,0.9793640093028484,0.9424242424242424,0.9952
BERTopic_topic_256,20.0,similarity+text_similarity+interactions,"All but Betweenness and Harmonic (Unweighted Clustering, No Square Clustering)",logistic_regression,414.3792133969255,5281,5675,0.984344064187938,0.9516129032258064,0.969511941016372,0.910493827160494,0.9966216216216216,0.980151213027584,0.9424920127795527,0.9582612333252344,0.8939393939393939,0.9966216216216216
BERTopic_topic_256,20.0,similarity+text_similarity+interactions,"All but Betweenness and Harmonic (Unweighted Clustering, No Square Clustering)",random_forest,414.3792133969255,5281,5675,0.9945434723521276,0.9779527559055118,0.9879396919467718,0.9583333333333334,0.9983922829581994,0.9914106166349436,0.9680436477007016,0.9792374419732844,0.9409090909090908,0.9967897271268058
BERTopic_topic_256,20.0,similarity+text_similarity+interactions,"All but Betweenness and Harmonic (Unweighted Clustering, No Square Clustering)",xgboost,414.3792133969255,5281,5675,0.9940017000956636,0.9772191673212884,0.9886272321811862,0.9598765432098766,0.9952,0.993165352427566,0.9680933852140078,0.9792461612908882,0.9424242424242424,0.9952
BERTopic_topic_256,20.0,similarity+text_similarity+interactions,Core Number Only,logistic_regression,414.3792133969255,5281,5675,0.9852159294700124,0.9497568881685576,0.9685661217365118,0.904320987654321,1.0,0.9689315387171816,0.9380530973451328,0.9530889412050833,0.8833333333333333,1.0
BERTopic_topic_256,20.0,similarity+text_similarity+interactions,Core Number Only,random_forest,414.3792133969255,5281,5675,0.9717399066812692,0.9707509881422924,0.9568788368079612,0.9475308641975309,0.9951377633711508,0.9699063415813168,0.9617486338797814,0.9504362353572152,0.9333333333333332,0.9919484702093396
BERTopic_topic_256,20.0,similarity+text_similarity+interactions,Core Number Only,xgboost,414.3792133969255,5281,5675,0.9791676659391962,0.971518987341772,0.9637633183185368,0.9475308641975309,0.9967532467532468,0.9767690866793556,0.9609375,0.9545617734842102,0.9318181818181818,0.9919354838709676
BERTopic_topic_256,20.0,text_similarity,"All (Unweighted Clustering, No Square Clustering)",logistic_regression,399.3172613158822,5281,5675,0.9720786600688032,0.8562737642585552,0.9362211239828572,0.8688271604938271,0.8440779610194903,0.9659299374603462,0.8517397881996974,0.9160209989799856,0.853030303030303,0.850453172205438
BERTopic_topic_256,20.0,text_similarity,"All (Unweighted Clustering, No Square Clustering)",random_forest,399.3172613158822,5281,5675,0.9944170643771336,0.9779527559055118,0.9877862841432266,0.9583333333333334,0.9983922829581994,0.9928722922142664,0.968895800933126,0.98038168285905,0.943939393939394,0.9952076677316294
BERTopic_topic_256,20.0,text_similarity,"All (Unweighted Clustering, No Square Clustering)",xgboost,399.3172613158822,5281,5675,0.9932399213372664,0.978756884343037,0.9876451768932712,0.9598765432098766,0.9983948635634028,0.9934123387413516,0.967391304347826,0.9796133189271512,0.943939393939394,0.9920382165605096
BERTopic_topic_256,20.0,text_similarity,"All but Betweenness and Harmonic (Unweighted Clustering, No Square Clustering)",logistic_regression,399.3172613158822,5281,5675,0.984517937608088,0.9532258064516128,0.96968231814086,0.9120370370370372,0.9983108108108107,0.9799563430919364,0.9449321628092576,0.9578289040515712,0.896969696969697,0.9983136593591906
BERTopic_topic_256,20.0,text_similarity,"All but Betweenness and Harmonic (Unweighted Clustering, No Square Clustering)",random_forest,399.3172613158822,5281,5675,0.9938837859371712,0.9763406940063092,0.9877185005624392,0.9552469135802468,0.9983870967741936,0.9932328771261972,0.9680436477007016,0.9811538718888926,0.9409090909090908,0.9967897271268058
BERTopic_topic_256,20.0,text_similarity,"All but Betweenness and Harmonic (Unweighted Clustering, No Square Clustering)",xgboost,399.3172613158822,5281,5675,0.9933065395059064,0.978756884343037,0.9880277227013952,0.9598765432098766,0.9983948635634028,0.9933627904166288,0.968895800933126,0.9796236899168757,0.943939393939394,0.9952076677316294
BERTopic_topic_256,20.0,text_similarity,Core Number Only,logistic_regression,399.3172613158822,5281,5675,0.9851190000346414,0.9497568881685576,0.9685356284485868,0.904320987654321,1.0,0.9688714160548656,0.9380530973451328,0.9529790444216624,0.8833333333333333,1.0
BERTopic_topic_256,20.0,text_similarity,Core Number Only,random_forest,399.3172613158822,5281,5675,0.9709991126459936,0.9707046714172604,0.956444627634175,0.9459876543209876,0.9967479674796748,0.9682164113719448,0.9640062597809076,0.9494022675701292,0.9333333333333332,0.9967637540453076
BERTopic_topic_256,20.0,text_similarity,Core Number Only,xgboost,399.3172613158822,5281,5675,0.978996457245792,0.9706582077716098,0.9628412421903094,0.9444444444444444,0.99836867862969,0.9765465724040002,0.9631949882537196,0.9539405644092088,0.9318181818181818,0.9967585089141004
BERTopic_topic_256,20.0,text_similarity+interactions,"All (Unweighted Clustering, No Square Clustering)",logistic_regression,415.6689923438244,5281,5675,0.9559590618030076,0.8597842835130971,0.9202709577233658,0.8611111111111112,0.8584615384615385,0.9578922323937278,0.894283476898982,0.9208726590493757,0.8651515151515151,0.9254457050243112
BERTopic_topic_256,20.0,text_similarity+interactions,"All (Unweighted Clustering, No Square Clustering)",random_forest,415.6689923438244,5281,5675,0.993498066740746,0.975571315996848,0.9862871974005504,0.9552469135802468,0.996779388083736,0.9924953926100486,0.9696498054474708,0.9785792254098934,0.943939393939394,0.9968
BERTopic_topic_256,20.0,text_similarity+interactions,"All (Unweighted Clustering, No Square Clustering)",xgboost,415.6689923438244,5281,5675,0.9932006166177688,0.975571315996848,0.987055787218492,0.9552469135802468,0.996779388083736,0.9935011631771352,0.968944099378882,0.9789245094389496,0.9454545454545454,0.9936305732484076
BERTopic_topic_256,20.0,text_similarity+interactions,"All but Betweenness and Harmonic (Unweighted Clustering, No Square Clustering)",logistic_regression,415.6689923438244,5281,5675,0.9830390142642822,0.9523809523809524,0.9693418691731216,0.910493827160494,0.9983079526226736,0.978418532281942,0.9449321628092576,0.9575531382960136,0.896969696969697,0.9983136593591906
BERTopic_topic_256,20.0,text_similarity+interactions,"All but Betweenness and Harmonic (Unweighted Clustering, No Square Clustering)",random_forest,415.6689923438244,5281,5675,0.9935918318131068,0.9771473601260836,0.9862201922728674,0.9567901234567902,0.998389694041868,0.9915261790386416,0.968847352024922,0.979091405372839,0.9424242424242424,0.9967948717948718
BERTopic_topic_256,20.0,text_similarity+interactions,"All but Betweenness and Harmonic (Unweighted Clustering, No Square Clustering)",xgboost,415.6689923438244,5281,5675,0.993099023910593,0.9764150943396226,0.9870737510433928,0.9583333333333334,0.9951923076923076,0.9931883138463398,0.9665889665889664,0.9791221150366364,0.9424242424242424,0.9920255183413078
BERTopic_topic_256,20.0,text_similarity+interactions,Core Number Only,logistic_regression,415.6689923438244,5281,5675,0.9850670378631023,0.9497568881685576,0.968448281304752,0.904320987654321,1.0,0.9688247379074896,0.9380530973451328,0.952906741685012,0.8833333333333333,1.0
BERTopic_topic_256,20.0,text_similarity+interactions,Core Number Only,random_forest,415.6689923438244,5281,5675,0.9733019361904536,0.9684044233807269,0.958056916675599,0.9459876543209876,0.9919093851132686,0.97018202966857,0.9625,0.9503864911112568,0.9333333333333332,0.9935483870967742
BERTopic_topic_256,20.0,text_similarity+interactions,Core Number Only,xgboost,415.6689923438244,5281,5675,0.9792161306568818,0.9691211401425178,0.9630335344494309,0.9444444444444444,0.9951219512195122,0.9774520378259162,0.9624413145539906,0.955008881234614,0.9318181818181818,0.9951456310679612
BERTopic_topic_256,50.0,interactions,"All (Unweighted Clustering, No Square Clustering)",logistic_regression,6.685664750635624,5511,5675,0.8820382196885985,0.6666666666666666,0.7253695125414908,0.5412844036697247,0.8676470588235294,0.8769993051149582,0.664179104477612,0.718014094526008,0.5393939393939394,0.8640776699029126
BERTopic_topic_256,50.0,interactions,"All (Unweighted Clustering, No Square Clustering)",random_forest,6.685664750635624,5511,5675,0.9199615108305488,0.8020924149956408,0.8493287649525864,0.7033639143730887,0.9330628803245437,0.917416538263996,0.7972270363951474,0.8396020370150624,0.696969696969697,0.931174089068826
BERTopic_topic_256,50.0,interactions,"All (Unweighted Clustering, No Square Clustering)",xgboost,6.685664750635624,5511,5675,0.933253276112726,0.8156996587030717,0.8533803147310347,0.7308868501529052,0.9227799227799228,0.9265875101966828,0.8085836909871245,0.8414537323664489,0.7136363636363636,0.9326732673267328
BERTopic_topic_256,50.0,interactions,"All but Betweenness and Harmonic (Unweighted Clustering, No Square Clustering)",logistic_regression,6.685664750635624,5511,5675,0.8801641314688784,0.6779342723004694,0.7205198779834119,0.5519877675840978,0.878345498783455,0.8755028852835435,0.6647940074906367,0.7125053664864843,0.5378787878787878,0.8700980392156863
BERTopic_topic_256,50.0,interactions,"All but Betweenness and Harmonic (Unweighted Clustering, No Square Clustering)",random_forest,6.685664750635624,5511,5675,0.9283475283002116,0.8048993875765529,0.8498804216766953,0.7033639143730887,0.9406952965235174,0.9198799057373334,0.7937062937062938,0.8406867076294393,0.6878787878787879,0.9380165289256198
BERTopic_topic_256,50.0,interactions,"All but Betweenness and Harmonic (Unweighted Clustering, No Square Clustering)",xgboost,6.685664750635624,5511,5675,0.9322790839413968,0.8113207547169812,0.8554839438003536,0.7232415902140673,0.923828125,0.9233372609444394,0.8129251700680272,0.8435330556823506,0.7242424242424242,0.9263565891472868
BERTopic_topic_256,50.0,interactions,Core Number Only,logistic_regression,6.685664750635624,5511,5675,0.816820390382052,0.4659574468085106,0.5434145940516134,0.3348623853211009,0.7657342657342657,0.8135081120275536,0.4630021141649049,0.5403958846263857,0.3318181818181818,0.7657342657342657
BERTopic_topic_256,50.0,interactions,Core Number Only,random_forest,6.685664750635624,5511,5675,0.815301097630772,0.4417582417582417,0.5335660541277204,0.3073394495412844,0.78515625,0.8097977280280371,0.4630021141649049,0.5239679767090953,0.3318181818181818,0.7657342657342657
BERTopic_topic_256,50.0,interactions,Core Number Only,xgboost,6.685664750635624,5511,5675,0.8148449320284918,0.4320712694877505,0.5349092824826277,0.2966360856269113,0.7950819672131147,0.8096351853530318,0.4527896995708154,0.5237451657514146,0.3196969696969697,0.7757352941176471
BERTopic_topic_256,50.0,similarity,"All (Unweighted Clustering, No Square Clustering)",logistic_regression,81.52178352326155,5511,5675,0.9309401796580994,0.8267857142857142,0.8534703044566118,0.7079510703363915,0.9935622317596566,0.9220181878606604,0.8231111111111111,0.8440209229902769,0.7015151515151515,0.9956989247311828
BERTopic_topic_256,50.0,similarity,"All (Unweighted Clustering, No Square Clustering)",random_forest,81.52178352326155,5511,5675,0.9937821071010092,0.927536231884058,0.9800900967729758,0.8807339449541285,0.979591836734694,0.9938650714523096,0.9212218649517684,0.9754586671011116,0.8681818181818182,0.9811643835616438
BERTopic_topic_256,50.0,similarity,"All (Unweighted Clustering, No Square Clustering)",xgboost,81.52178352326155,5511,5675,0.9942165505317524,0.941640378548896,0.981521392646264,0.9128440366972476,0.972312703583062,0.9925982658086347,0.9349019607843138,0.9728495489550032,0.9030303030303032,0.9691056910569106
BERTopic_topic_256,50.0,similarity,"All but Betweenness and Harmonic (Unweighted Clustering, No Square Clustering)",logistic_regression,81.52178352326155,5511,5675,0.9260117652318072,0.8299198575244879,0.8536407979553047,0.7125382262996942,0.9936034115138592,0.917835584156621,0.8259325044404974,0.8457665330579797,0.7045454545454546,0.9978540772532188
BERTopic_topic_256,50.0,similarity,"All but Betweenness and Harmonic (Unweighted Clustering, No Square Clustering)",random_forest,81.52178352326155,5511,5675,0.9941162822471932,0.9320543565147882,0.9804748535560028,0.8914373088685015,0.9765494137353434,0.992177558234388,0.9256594724220624,0.9752267080147844,0.8772727272727273,0.9796954314720812
BERTopic_topic_256,50.0,similarity,"All but Betweenness and Harmonic (Unweighted Clustering, No Square Clustering)",xgboost,81.52178352326155,5511,5675,0.9938806439081272,0.946372239747634,0.9808151549800332,0.9174311926605504,0.977198697068404,0.9937439197558838,0.9379418695993716,0.9747794710841896,0.9045454545454544,0.9738988580750408
BERTopic_topic_256,50.0,similarity,Core Number Only,logistic_regression,81.52178352326155,5511,5675,0.9025201811566144,0.8310991957104558,0.8458937529797772,0.7110091743119266,1.0,0.8960667996011963,0.8266666666666667,0.8385500377360665,0.7045454545454546,1.0
BERTopic_topic_256,50.0,similarity,Core Number Only,random_forest,81.52178352326155,5511,5675,0.9384582547085168,0.8521434820647419,0.8858939847386968,0.7446483180428135,0.9959100204498976,0.929993655397444,0.8476936466492603,0.8656275509490935,0.7378787878787879,0.9959100204498976
BERTopic_topic_256,50.0,similarity,Core Number Only,xgboost,81.52178352326155,5511,5675,0.9414856643112276,0.8521434820647419,0.8862567661854475,0.7446483180428135,0.9959100204498976,0.9333395268739236,0.8476936466492603,0.8662705040637486,0.7378787878787879,0.9959100204498976
BERTopic_topic_256,50.0,similarity+interactions,"All (Unweighted Clustering, No Square Clustering)",logistic_regression,87.49583919718862,5511,5675,0.9334413775256748,0.8260481712756468,0.8536243108702627,0.7079510703363915,0.9914346895074948,0.9307426206229796,0.8230088495575221,0.8460153875102788,0.7045454545454546,0.9893617021276596
BERTopic_topic_256,50.0,similarity+interactions,"All (Unweighted Clustering, No Square Clustering)",random_forest,87.49583919718862,5511,5675,0.9931054142355148,0.9419252187748608,0.9792387908816688,0.9051987767584098,0.9817578772802652,0.9911823620048944,0.929421094369548,0.9733962815239032,0.8878787878787879,0.9750415973377704
BERTopic_topic_256,50.0,similarity+interactions,"All (Unweighted Clustering, No Square Clustering)",xgboost,87.49583919718862,5511,5675,0.993438330125378,0.945054945054945,0.9813848597138471,0.9204892966360856,0.970967741935484,0.9929898184235174,0.9420062695924764,0.9739009933619344,0.9106060606060606,0.9756493506493508
BERTopic_topic_256,50.0,similarity+interactions,"All but Betweenness and Harmonic (Unweighted Clustering, No Square Clustering)",logistic_regression,87.49583919718862,5511,5675,0.9316598446455476,0.8327402135231317,0.854715047325858,0.7155963302752294,0.9957446808510638,0.9242653856611982,0.8265486725663717,0.8456084990528426,0.7075757575757575,0.9936170212765958
BERTopic_topic_256,50.0,similarity+interactions,"All but Betweenness and Harmonic (Unweighted Clustering, No Square Clustering)",random_forest,87.49583919718862,5511,5675,0.991998685336401,0.9388403494837172,0.9791402611389644,0.9036697247706422,0.9768595041322314,0.9895478715369044,0.932806324110672,0.9719356507890704,0.8939393939393939,0.975206611570248
BERTopic_topic_256,50.0,similarity+interactions,"All but Betweenness and Harmonic (Unweighted Clustering, No Square Clustering)",xgboost,87.49583919718862,5511,5675,0.9938649032041148,0.95141065830721,0.9818915327889598,0.9281345565749236,0.9758842443729904,0.9931638418079096,0.9349019607843138,0.9746397054652152,0.9030303030303032,0.9691056910569106
BERTopic_topic_256,50.0,similarity+interactions,Core Number Only,logistic_regression,87.49583919718862,5511,5675,0.9014222670517472,0.8257372654155496,0.8432747663041986,0.7064220183486238,0.9935483870967742,0.8951540832049305,0.8199643493761141,0.83606457441252,0.696969696969697,0.9956709956709956
BERTopic_topic_256,50.0,similarity+interactions,Core Number Only,random_forest,87.49583919718862,5511,5675,0.9338125433262878,0.8603256212510711,0.8775616035378836,0.7675840978593272,0.9785575048732944,0.926386748844376,0.852991452991453,0.8578727589533895,0.7560606060606061,0.9784313725490196
BERTopic_topic_256,50.0,similarity+interactions,Core Number Only,xgboost,87.49583919718862,5511,5675,0.9355344189382078,0.8613013698630136,0.8793580864888145,0.7691131498470948,0.9785992217898832,0.929614187739811,0.857872340425532,0.8599705946376808,0.7636363636363637,0.9786407766990292
BERTopic_topic_256,50.0,similarity+text_similarity,"All (Unweighted Clustering, No Square Clustering)",logistic_regression,469.9812772249861,5511,5675,0.9688204986780958,0.7961452928094885,0.9139854808598099,0.8211009174311926,0.7726618705035971,0.9632451131454124,0.7859237536656891,0.8959219968513796,0.8121212121212121,0.7613636363636364
BERTopic_topic_256,50.0,similarity+text_similarity,"All (Unweighted Clustering, No Square Clustering)",random_forest,469.9812772249861,5511,5675,0.9949030026337345,0.977431906614786,0.9893359210046975,0.9602446483180428,0.9952456418383518,0.993802833922475,0.9728892331525949,0.9839968894960991,0.9515151515151515,0.9952456418383518
BERTopic_topic_256,50.0,similarity+text_similarity,"All (Unweighted Clustering, No Square Clustering)",xgboost,469.9812772249861,5511,5675,0.994714901220786,0.9743190661478599,0.9876645132384525,0.9571865443425076,0.9920760697305864,0.9935507115018581,0.97138437741686,0.9830418414990888,0.9515151515151515,0.9921011058451816
BERTopic_topic_256,50.0,similarity+text_similarity,"All but Betweenness and Harmonic (Unweighted Clustering, No Square Clustering)",logistic_regression,469.9812772249861,5511,5675,0.9846502950752374,0.9536741214057508,0.9714122116719569,0.9128440366972477,0.9983277591973244,0.9782727574851204,0.9482895783611774,0.9622914255543508,0.9030303030303031,0.998324958123953
BERTopic_topic_256,50.0,similarity+text_similarity,"All but Betweenness and Harmonic (Unweighted Clustering, No Square Clustering)",random_forest,469.9812772249861,5511,5675,0.9948828545325986,0.9782270606531882,0.9890466598697689,0.9617737003058104,0.995253164556962,0.9917497507477566,0.9729311678267595,0.982713114348754,0.953030303030303,0.9936808846761453
BERTopic_topic_256,50.0,similarity+text_similarity,"All but Betweenness and Harmonic (Unweighted Clustering, No Square Clustering)",xgboost,469.9812772249861,5511,5675,0.994499568389896,0.9736024844720497,0.987126216844161,0.9587155963302753,0.9889589905362776,0.9937525302879241,0.9705882352941176,0.9832281730746184,0.95,0.9920886075949367
BERTopic_topic_256,50.0,similarity+text_similarity,Core Number Only,logistic_regression,469.9812772249861,5511,5675,0.9836559548027721,0.9451612903225807,0.9650098118104845,0.8960244648318043,1.0,0.9739925677512915,0.9406099518459069,0.9570613896939771,0.8878787878787879,1.0
BERTopic_topic_256,50.0,similarity+text_similarity,Core Number Only,random_forest,469.9812772249861,5511,5675,0.9705464668730588,0.9686520376175548,0.956229188220547,0.944954128440367,0.9935691318327974,0.9670248345871478,0.9626749611197511,0.9493363886395125,0.9378787878787879,0.9888178913738019
BERTopic_topic_256,50.0,similarity+text_similarity,Core Number Only,xgboost,469.9812772249861,5511,5675,0.9781169584678377,0.9686028257456829,0.9629277929871508,0.9434250764525994,0.9951612903225806,0.9725175987189945,0.9648711943793911,0.9549050394154984,0.9363636363636364,0.9951690821256038
BERTopic_topic_256,50.0,similarity+text_similarity+interactions,"All (Unweighted Clustering, No Square Clustering)",logistic_regression,430.79060062905774,5511,5675,0.987091993081646,0.9503205128205128,0.9731429130225764,0.9067278287461774,0.9983164983164984,0.9842454454817364,0.9281150159744408,0.9644540237171167,0.8803030303030303,0.981418918918919
BERTopic_topic_256,50.0,similarity+text_similarity+interactions,"All (Unweighted Clustering, No Square Clustering)",random_forest,430.79060062905774,5511,5675,0.9940811804772456,0.9774669774669774,0.9886655165959086,0.9617737003058104,0.9936808846761452,0.9916648539230792,0.9729311678267596,0.9825109370339326,0.953030303030303,0.9936808846761452
BERTopic_topic_256,50.0,similarity+text_similarity+interactions,"All (Unweighted Clustering, No Square Clustering)",xgboost,430.79060062905774,5511,5675,0.9954764364809076,0.9766355140186916,0.9877847861670124,0.9587155963302753,0.9952380952380953,0.9941875887489048,0.9721792890262752,0.984249660915736,0.953030303030303,0.9921135646687698
BERTopic_topic_256,50.0,similarity+text_similarity+interactions,"All but Betweenness and Harmonic (Unweighted Clustering, No Square Clustering)",logistic_regression,430.79060062905774,5511,5675,0.989346061896226,0.969363707776905,0.98152133967191,0.9434250764525994,0.9967689822294022,0.9850061935405904,0.962382445141066,0.973916444391558,0.9303030303030304,0.9967532467532468
BERTopic_topic_256,50.0,similarity+text_similarity+interactions,"All but Betweenness and Harmonic (Unweighted Clustering, No Square Clustering)",random_forest,430.79060062905774,5511,5675,0.9942644022719502,0.9758378799688232,0.9889452041021788,0.9571865443425076,0.9952305246422892,0.9921169823861749,0.9736842105263158,0.9837905844663551,0.953030303030303,0.995253164556962
BERTopic_topic_256,50.0,similarity+text_similarity+interactions,"All but Betweenness and Harmonic (Unweighted Clustering, No Square Clustering)",xgboost,430.79060062905774,5511,5675,0.9949788728270746,0.9766718506998444,0.9876000735938928,0.9602446483180428,0.9936708860759492,0.9937283603734252,0.972972972972973,0.9832165841029634,0.9545454545454546,0.9921259842519684
BERTopic_topic_256,50.0,similarity+text_similarity+interactions,Core Number Only,logistic_regression,430.79060062905774,5511,5675,0.9836243159877072,0.9451612903225808,0.9650013714767872,0.8960244648318043,1.0,0.9739754977491768,0.9406099518459068,0.9570567704546776,0.8878787878787879,1.0
BERTopic_topic_256,50.0,similarity+text_similarity+interactions,Core Number Only,random_forest,430.79060062905774,5511,5675,0.9700954957031026,0.9677926158680282,0.9542009283976698,0.9418960244648318,0.9951534733441034,0.9670701531768332,0.9618082618862042,0.9480388880014884,0.9348484848484848,0.9903691813804172
BERTopic_topic_256,50.0,similarity+text_similarity+interactions,Core Number Only,xgboost,430.79060062905774,5511,5675,0.9779135885719972,0.9686028257456828,0.9622590335168614,0.9434250764525994,0.9951612903225806,0.97417671228738,0.9640625,0.9547634394623166,0.9348484848484848,0.9951612903225806
BERTopic_topic_256,50.0,text_similarity,"All (Unweighted Clustering, No Square Clustering)",logistic_regression,391.1884184796363,5511,5675,0.9752669465993468,0.8376436781609196,0.9360340005177736,0.8914373088685015,0.7899728997289973,0.9731064382609746,0.8360773085182533,0.9300917628994616,0.8848484848484849,0.7924016282225237
BERTopic_topic_256,50.0,text_similarity,"All (Unweighted Clustering, No Square Clustering)",random_forest,391.1884184796363,5511,5675,0.9922371570021894,0.9726775956284152,0.985900823659408,0.9525993883792048,0.9936204146730464,0.9916787516239162,0.9696969696969696,0.9807233730333518,0.9454545454545454,0.9952153110047848
BERTopic_topic_256,50.0,text_similarity,"All (Unweighted Clustering, No Square Clustering)",xgboost,391.1884184796363,5511,5675,0.9950528541359328,0.9734789391575664,0.9870975817436534,0.9541284403669724,0.9936305732484076,0.9918334390767092,0.9728892331525948,0.9804887069381124,0.9515151515151516,0.9952456418383518
BERTopic_topic_256,50.0,text_similarity,"All but Betweenness and Harmonic (Unweighted Clustering, No Square Clustering)",logistic_regression,391.1884184796363,5511,5675,0.9837533897606092,0.9553429027113236,0.9684677024804952,0.9159021406727827,0.9983333333333332,0.9803761442943896,0.947452229299363,0.9623009154995192,0.9015151515151516,0.9983221476510068
BERTopic_topic_256,50.0,text_similarity,"All but Betweenness and Harmonic (Unweighted Clustering, No Square Clustering)",random_forest,391.1884184796363,5511,5675,0.99458063301556,0.9741985926505082,0.9876556321313952,0.9525993883792048,0.9968,0.991970452279525,0.9696969696969696,0.9813333318678152,0.9454545454545454,0.9952153110047848
BERTopic_topic_256,50.0,text_similarity,"All but Betweenness and Harmonic (Unweighted Clustering, No Square Clustering)",xgboost,391.1884184796363,5511,5675,0.995432834730793,0.9742790335151988,0.9874055801961884,0.95565749235474,0.9936406995230525,0.9921941750506058,0.97138437741686,0.9806929503313466,0.9515151515151516,0.9921011058451816
BERTopic_topic_256,50.0,text_similarity,Core Number Only,logistic_regression,391.1884184796363,5511,5675,0.9835005940541692,0.9468599033816424,0.9648042187323368,0.8990825688073395,1.0,0.9737088733798605,0.9406099518459068,0.9568382794503308,0.8878787878787879,1.0
BERTopic_topic_256,50.0,text_similarity,Core Number Only,random_forest,391.1884184796363,5511,5675,0.9677894825652814,0.967032967032967,0.9517723568084564,0.9418960244648318,0.9935483870967742,0.9646259705731292,0.9648162627052383,0.9454649601882408,0.9348484848484848,0.9967689822294022
BERTopic_topic_256,50.0,text_similarity,Core Number Only,xgboost,391.1884184796363,5511,5675,0.9776480428953074,0.9685534591194968,0.9601636603626532,0.9418960244648318,0.9967637540453076,0.972334209492734,0.9648162627052383,0.953511615304182,0.9348484848484848,0.9967689822294022
BERTopic_topic_256,50.0,text_similarity+interactions,"All (Unweighted Clustering, No Square Clustering)",logistic_regression,418.2643299009651,5511,5675,0.9689747575774176,0.7727588603196665,0.9013576555825228,0.8501529051987767,0.70828025477707,0.9667141001238708,0.780965710286914,0.8988740884198033,0.8454545454545455,0.7256176853055917
BERTopic_topic_256,50.0,text_similarity+interactions,"All (Unweighted Clustering, No Square Clustering)",random_forest,418.2643299009651,5511,5675,0.9956144824550966,0.9719188767550702,0.987588082523034,0.9525993883792048,0.9920382165605096,0.991672860207257,0.968895800933126,0.9807073420505188,0.943939393939394,0.9952076677316294
BERTopic_topic_256,50.0,text_similarity+interactions,"All (Unweighted Clustering, No Square Clustering)",xgboost,418.2643299009651,5511,5675,0.994117069282394,0.973520249221184,0.9854731042628836,0.95565749235474,0.992063492063492,0.991697785431584,0.972093023255814,0.9800035762150626,0.95,0.9952380952380953
BERTopic_topic_256,50.0,text_similarity+interactions,"All but Betweenness and Harmonic (Unweighted Clustering, No Square Clustering)",logistic_regression,418.2643299009651,5511,5675,0.9825369481545284,0.946271050521251,0.9650560740135362,0.9021406727828746,0.9949409780775716,0.978811142330584,0.9432454036770584,0.9584952421778764,0.8939393939393939,0.9983079526226736
BERTopic_topic_256,50.0,text_similarity+interactions,"All but Betweenness and Harmonic (Unweighted Clustering, No Square Clustering)",random_forest,418.2643299009651,5511,5675,0.992207879292726,0.975,0.9847694045975814,0.9541284403669724,0.9968051118210862,0.9904586241276172,0.968847352024922,0.9796569094076988,0.9424242424242424,0.9967948717948718
BERTopic_topic_256,50.0,text_similarity+interactions,"All but Betweenness and Harmonic (Unweighted Clustering, No Square Clustering)",xgboost,418.2643299009651,5511,5675,0.9944885498970872,0.973520249221184,0.9859334704086236,0.95565749235474,0.992063492063492,0.9916890238375782,0.972093023255814,0.9799746729931872,0.95,0.9952380952380953
BERTopic_topic_256,50.0,text_similarity+interactions,Core Number Only,logistic_regression,418.2643299009651,5511,5675,0.9834558904547742,0.9451612903225808,0.9647123406693094,0.8960244648318043,1.0,0.9736877247046738,0.9406099518459068,0.9568116332202428,0.8878787878787879,1.0
BERTopic_topic_256,50.0,text_similarity+interactions,Core Number Only,random_forest,418.2643299009651,5511,5675,0.969518441494007,0.9647058823529412,0.9526553142272084,0.9403669724770642,0.9903381642512076,0.96643659929303,0.9632525410476936,0.9461276404576456,0.9333333333333332,0.9951534733441034
BERTopic_topic_256,50.0,text_similarity+interactions,Core Number Only,xgboost,418.2643299009651,5511,5675,0.9790826506590002,0.967032967032967,0.9617197072694044,0.9418960244648318,0.9935483870967742,0.9746483277440408,0.9648162627052383,0.9547845771688578,0.9348484848484848,0.9967689822294022
BERTopic_topic_256,100.0,interactions,"All (Unweighted Clustering, No Square Clustering)",logistic_regression,6.142565350979567,5675,5675,0.8723082268346475,0.5929456625357483,0.6714068416423721,0.4712121212121212,0.7994858611825193,0.8723082268346475,0.5929456625357483,0.6714068416423721,0.4712121212121212,0.7994858611825193
BERTopic_topic_256,100.0,interactions,"All (Unweighted Clustering, No Square Clustering)",random_forest,6.142565350979567,5675,5675,0.9213341792803408,0.7898866608544028,0.8405980297412629,0.6863636363636364,0.9301848049281314,0.9213341792803408,0.7898866608544028,0.8405980297412629,0.6863636363636364,0.9301848049281314
BERTopic_topic_256,100.0,interactions,"All (Unweighted Clustering, No Square Clustering)",xgboost,6.142565350979567,5675,5675,0.9308371854134566,0.8084745762711865,0.847440359482089,0.7227272727272728,0.9173076923076924,0.9308371854134566,0.8084745762711865,0.847440359482089,0.7227272727272728,0.9173076923076924
BERTopic_topic_256,100.0,interactions,"All but Betweenness and Harmonic (Unweighted Clustering, No Square Clustering)",logistic_regression,6.142565350979567,5675,5675,0.8696286896885104,0.6037735849056604,0.6711188696360711,0.4848484848484848,0.8,0.8696286896885104,0.6037735849056604,0.6711188696360711,0.4848484848484848,0.8
BERTopic_topic_256,100.0,interactions,"All but Betweenness and Harmonic (Unweighted Clustering, No Square Clustering)",random_forest,6.142565350979567,5675,5675,0.9198753738783648,0.7927461139896373,0.8366047583660101,0.6954545454545454,0.9216867469879518,0.9198753738783648,0.7927461139896373,0.8366047583660101,0.6954545454545454,0.9216867469879518
BERTopic_topic_256,100.0,interactions,"All but Betweenness and Harmonic (Unweighted Clustering, No Square Clustering)",xgboost,6.142565350979567,5675,5675,0.9295842774706184,0.7972858354537744,0.8428193532456579,0.7121212121212122,0.905587668593449,0.9295842774706184,0.7972858354537744,0.8428193532456579,0.7121212121212122,0.905587668593449
BERTopic_topic_256,100.0,interactions,Core Number Only,logistic_regression,6.142565350979567,5675,5675,0.8166654581709417,0.4625131995776135,0.5387924105383478,0.3318181818181818,0.7630662020905923,0.8166654581709417,0.4625131995776135,0.5387924105383478,0.3318181818181818,0.7630662020905923
BERTopic_topic_256,100.0,interactions,Core Number Only,random_forest,6.142565350979567,5675,5675,0.8135127949484879,0.4390779363336992,0.5298222901405075,0.303030303030303,0.796812749003984,0.8135127949484879,0.4390779363336992,0.5298222901405075,0.303030303030303,0.796812749003984
BERTopic_topic_256,100.0,interactions,Core Number Only,xgboost,6.142565350979567,5675,5675,0.8130454092268649,0.4390779363336992,0.5287228574318688,0.303030303030303,0.796812749003984,0.8130454092268649,0.4390779363336992,0.5287228574318688,0.303030303030303,0.796812749003984
BERTopic_topic_256,100.0,similarity,"All (Unweighted Clustering, No Square Clustering)",logistic_regression,78.045665320009,5675,5675,0.9483751774978096,0.8402777777777778,0.8800706507972926,0.7333333333333333,0.983739837398374,0.9483751774978096,0.8402777777777778,0.8800706507972926,0.7333333333333333,0.983739837398374
BERTopic_topic_256,100.0,similarity,"All (Unweighted Clustering, No Square Clustering)",random_forest,78.045665320009,5675,5675,0.99484485936131,0.93026941362916,0.9814584209142898,0.8893939393939394,0.9750830564784052,0.99484485936131,0.93026941362916,0.9814584209142898,0.8893939393939394,0.9750830564784052
BERTopic_topic_256,100.0,similarity,"All (Unweighted Clustering, No Square Clustering)",xgboost,78.045665320009,5675,5675,0.993033022145684,0.9416342412451362,0.978709269922765,0.9166666666666666,0.968,0.993033022145684,0.9416342412451362,0.978709269922765,0.9166666666666666,0.968
BERTopic_topic_256,100.0,similarity,"All but Betweenness and Harmonic (Unweighted Clustering, No Square Clustering)",logistic_regression,78.045665320009,5675,5675,0.945477204749388,0.8472821397756687,0.8795163926214387,0.7439393939393939,0.9839679358717436,0.945477204749388,0.8472821397756687,0.8795163926214387,0.7439393939393939,0.9839679358717436
BERTopic_topic_256,100.0,similarity,"All but Betweenness and Harmonic (Unweighted Clustering, No Square Clustering)",random_forest,78.045665320009,5675,5675,0.993789389407535,0.9353312302839116,0.9799207079253012,0.8984848484848484,0.975328947368421,0.993789389407535,0.9353312302839116,0.9799207079253012,0.8984848484848484,0.975328947368421
BERTopic_topic_256,100.0,similarity,"All but Betweenness and Harmonic (Unweighted Clustering, No Square Clustering)",xgboost,78.045665320009,5675,5675,0.9929686697483308,0.9368667186282152,0.97841669221914,0.9106060606060606,0.9646869983948636,0.9929686697483308,0.9368667186282152,0.97841669221914,0.9106060606060606,0.9646869983948636
BERTopic_topic_256,100.0,similarity,Core Number Only,logistic_regression,78.045665320009,5675,5675,0.8945540650774948,0.8235294117647058,0.8359414583394995,0.7,1.0,0.8945540650774948,0.8235294117647058,0.8359414583394995,0.7,1.0
BERTopic_topic_256,100.0,similarity,Core Number Only,random_forest,78.045665320009,5675,5675,0.9341063174114022,0.8446771378708552,0.8741580676903155,0.7333333333333333,0.9958847736625516,0.9341063174114022,0.8446771378708552,0.8741580676903155,0.7333333333333333,0.9958847736625516
BERTopic_topic_256,100.0,similarity,Core Number Only,xgboost,78.045665320009,5675,5675,0.9369793649354964,0.8446771378708552,0.8749240590884041,0.7333333333333333,0.9958847736625516,0.9369793649354964,0.8446771378708552,0.8749240590884041,0.7333333333333333,0.9958847736625516
BERTopic_topic_256,100.0,similarity+interactions,"All (Unweighted Clustering, No Square Clustering)",logistic_regression,84.05974493920803,5675,5675,0.9300794585939154,0.8219663418954827,0.8658576747520927,0.703030303030303,0.9893390191897654,0.9300794585939154,0.8219663418954827,0.8658576747520927,0.703030303030303,0.9893390191897654
BERTopic_topic_256,100.0,similarity+interactions,"All (Unweighted Clustering, No Square Clustering)",random_forest,84.05974493920803,5675,5675,0.993910541103961,0.9329123914759274,0.9789699594547236,0.8954545454545455,0.9736408566721582,0.993910541103961,0.9329123914759274,0.9789699594547236,0.8954545454545455,0.9736408566721582
BERTopic_topic_256,100.0,similarity+interactions,"All (Unweighted Clustering, No Square Clustering)",xgboost,84.05974493920803,5675,5675,0.9941019366143992,0.935408560311284,0.9790700912959728,0.9106060606060606,0.9616,0.9941019366143992,0.935408560311284,0.9790700912959728,0.9106060606060606,0.9616
BERTopic_topic_256,100.0,similarity+interactions,"All but Betweenness and Harmonic (Unweighted Clustering, No Square Clustering)",logistic_regression,84.05974493920803,5675,5675,0.9263476237952808,0.8209219858156028,0.8644598880630088,0.7015151515151515,0.9893162393162394,0.9263476237952808,0.8209219858156028,0.8644598880630088,0.7015151515151515,0.9893162393162394
BERTopic_topic_256,100.0,similarity+interactions,"All but Betweenness and Harmonic (Unweighted Clustering, No Square Clustering)",random_forest,84.05974493920803,5675,5675,0.9924553611891598,0.9317647058823528,0.9772850370317628,0.9,0.9658536585365852,0.9924553611891598,0.9317647058823528,0.9772850370317628,0.9,0.9658536585365852
BERTopic_topic_256,100.0,similarity+interactions,"All but Betweenness and Harmonic (Unweighted Clustering, No Square Clustering)",xgboost,84.05974493920803,5675,5675,0.9942182543279252,0.9369649805447472,0.97964495862212,0.912121212121212,0.9632,0.9942182543279252,0.9369649805447472,0.97964495862212,0.912121212121212,0.9632
BERTopic_topic_256,100.0,similarity+interactions,Core Number Only,logistic_regression,84.05974493920803,5675,5675,0.8932355962415783,0.8202846975088968,0.8333078667445504,0.6984848484848485,0.9935344827586208,0.8932355962415783,0.8202846975088968,0.8333078667445504,0.6984848484848485,0.9935344827586208
BERTopic_topic_256,100.0,similarity+interactions,Core Number Only,random_forest,84.05974493920803,5675,5675,0.9325739448321704,0.8424717145343777,0.8689242477058536,0.7333333333333333,0.9897750511247444,0.9325739448321704,0.8424717145343777,0.8689242477058536,0.7333333333333333,0.9897750511247444
BERTopic_topic_256,100.0,similarity+interactions,Core Number Only,xgboost,84.05974493920803,5675,5675,0.93405571165292,0.8414634146341463,0.8703881407769258,0.7318181818181818,0.9897540983606558,0.93405571165292,0.8414634146341463,0.8703881407769258,0.7318181818181818,0.9897540983606558
BERTopic_topic_256,100.0,similarity+text_similarity,"All (Unweighted Clustering, No Square Clustering)",logistic_regression,478.1299960280012,5675,5675,0.9551342940874347,0.7313019390581718,0.8563176880394492,0.8,0.673469387755102,0.9551342940874347,0.7313019390581718,0.8563176880394492,0.8,0.673469387755102
BERTopic_topic_256,100.0,similarity+text_similarity,"All (Unweighted Clustering, No Square Clustering)",random_forest,478.1299960280012,5675,5675,0.9963365962717907,0.973724884080371,0.9899803071100401,0.9545454545454546,0.9936908517350158,0.9963365962717907,0.973724884080371,0.9899803071100401,0.9545454545454546,0.9936908517350158
BERTopic_topic_256,100.0,similarity+text_similarity,"All (Unweighted Clustering, No Square Clustering)",xgboost,478.1299960280012,5675,5675,0.9949234115834314,0.9738058551617874,0.9866167957015582,0.9575757575757575,0.9905956112852664,0.9949234115834314,0.9738058551617874,0.9866167957015582,0.9575757575757575,0.9905956112852664
BERTopic_topic_256,100.0,similarity+text_similarity,"All but Betweenness and Harmonic (Unweighted Clustering, No Square Clustering)",logistic_regression,478.1299960280012,5675,5675,0.9791848696335237,0.9434262948207172,0.9624736741200128,0.896969696969697,0.9949579831932773,0.9791848696335237,0.9434262948207172,0.9624736741200128,0.896969696969697,0.9949579831932773
BERTopic_topic_256,100.0,similarity+text_similarity,"All but Betweenness and Harmonic (Unweighted Clustering, No Square Clustering)",random_forest,478.1299960280012,5675,5675,0.9953346022538445,0.9737654320987654,0.9879713239862646,0.956060606060606,0.9921383647798742,0.9953346022538445,0.9737654320987654,0.9879713239862646,0.956060606060606,0.9921383647798742
BERTopic_topic_256,100.0,similarity+text_similarity,"All but Betweenness and Harmonic (Unweighted Clustering, No Square Clustering)",xgboost,478.1299960280012,5675,5675,0.9944167497507478,0.9722222222222222,0.9861527929039121,0.9545454545454546,0.9905660377358491,0.9944167497507478,0.9722222222222222,0.9861527929039121,0.9545454545454546,0.9905660377358491
BERTopic_topic_256,100.0,similarity+text_similarity,Core Number Only,logistic_regression,478.1299960280012,5675,5675,0.9788090274630653,0.9414595028067362,0.9601719052924674,0.8893939393939394,1.0,0.9788090274630653,0.9414595028067362,0.9601719052924674,0.8893939393939394,1.0
BERTopic_topic_256,100.0,similarity+text_similarity,Core Number Only,random_forest,478.1299960280012,5675,5675,0.9709269162210339,0.9625,0.9522533893784274,0.9333333333333333,0.9935483870967742,0.9709269162210339,0.9625,0.9522533893784274,0.9333333333333333,0.9935483870967742
BERTopic_topic_256,100.0,similarity+text_similarity,Core Number Only,xgboost,478.1299960280012,5675,5675,0.9746445511949001,0.9655712050078247,0.9577618118036229,0.9348484848484848,0.9983818770226537,0.9746445511949001,0.9655712050078247,0.9577618118036229,0.9348484848484848,0.9983818770226537
BERTopic_topic_256,100.0,similarity+text_similarity+interactions,"All (Unweighted Clustering, No Square Clustering)",logistic_regression,448.9776840130799,5675,5675,0.9587202030272818,0.7682403433476395,0.8761057606850039,0.8136363636363636,0.7276422764227642,0.9587202030272818,0.7682403433476395,0.8761057606850039,0.8136363636363636,0.7276422764227642
BERTopic_topic_256,100.0,similarity+text_similarity+interactions,"All (Unweighted Clustering, No Square Clustering)",random_forest,448.9776840130799,5675,5675,0.9948925949424454,0.9729311678267596,0.9887023392093284,0.953030303030303,0.9936808846761452,0.9948925949424454,0.9729311678267596,0.9887023392093284,0.953030303030303,0.9936808846761452
BERTopic_topic_256,100.0,similarity+text_similarity+interactions,"All (Unweighted Clustering, No Square Clustering)",xgboost,448.9776840130799,5675,5675,0.9945481736608356,0.9738058551617874,0.9866199151954802,0.9575757575757576,0.9905956112852664,0.9945481736608356,0.9738058551617874,0.9866199151954802,0.9575757575757576,0.9905956112852664
BERTopic_topic_256,100.0,similarity+text_similarity+interactions,"All but Betweenness and Harmonic (Unweighted Clustering, No Square Clustering)",logistic_regression,448.9776840130799,5675,5675,0.9789685488987584,0.9434262948207172,0.962252998741118,0.896969696969697,0.9949579831932772,0.9789685488987584,0.9434262948207172,0.962252998741118,0.896969696969697,0.9949579831932772
BERTopic_topic_256,100.0,similarity+text_similarity+interactions,"All but Betweenness and Harmonic (Unweighted Clustering, No Square Clustering)",random_forest,448.9776840130799,5675,5675,0.99489002688903,0.9737654320987654,0.9885110247729711,0.956060606060606,0.9921383647798742,0.99489002688903,0.9737654320987654,0.9885110247729711,0.956060606060606,0.9921383647798742
BERTopic_topic_256,100.0,similarity+text_similarity+interactions,"All but Betweenness and Harmonic (Unweighted Clustering, No Square Clustering)",xgboost,448.9776840130799,5675,5675,0.9946711381008488,0.9730146491904396,0.986491037273798,0.956060606060606,0.9905808477237048,0.9946711381008488,0.9730146491904396,0.986491037273798,0.956060606060606,0.9905808477237048
BERTopic_topic_256,100.0,similarity+text_similarity+interactions,Core Number Only,logistic_regression,448.9776840130799,5675,5675,0.9787975467536784,0.9414595028067362,0.9601938194934888,0.8893939393939394,1.0,0.9787975467536784,0.9414595028067362,0.9601938194934888,0.8893939393939394,1.0
BERTopic_topic_256,100.0,similarity+text_similarity+interactions,Core Number Only,random_forest,448.9776840130799,5675,5675,0.9711438412036616,0.9624413145539906,0.9522421457252735,0.9318181818181818,0.9951456310679612,0.9711438412036616,0.9624413145539906,0.9522421457252735,0.9318181818181818,0.9951456310679612
BERTopic_topic_256,100.0,similarity+text_similarity+interactions,Core Number Only,xgboost,448.9776840130799,5675,5675,0.975260430828726,0.9647611589663272,0.9571636715457664,0.9333333333333332,0.9983792544570502,0.975260430828726,0.9647611589663272,0.9571636715457664,0.9333333333333332,0.9983792544570502
BERTopic_topic_256,100.0,text_similarity,"All (Unweighted Clustering, No Square Clustering)",logistic_regression,411.5302598364651,5675,5675,0.9494758149793044,0.7789934354485777,0.8803680694545181,0.8090909090909091,0.7510548523206751,0.9494758149793044,0.7789934354485777,0.8803680694545181,0.8090909090909091,0.7510548523206751
BERTopic_topic_256,100.0,text_similarity,"All (Unweighted Clustering, No Square Clustering)",random_forest,411.5302598364651,5675,5675,0.9961772258980636,0.978494623655914,0.989273711761276,0.9651515151515152,0.9922118380062306,0.9961772258980636,0.978494623655914,0.989273711761276,0.9651515151515152,0.9922118380062306
BERTopic_topic_256,100.0,text_similarity,"All (Unweighted Clustering, No Square Clustering)",xgboost,411.5302598364651,5675,5675,0.9954074141212724,0.9708588957055214,0.9877498829155836,0.9590909090909092,0.9829192546583853,0.9954074141212724,0.9708588957055214,0.9877498829155836,0.9590909090909092,0.9829192546583853
BERTopic_topic_256,100.0,text_similarity,"All but Betweenness and Harmonic (Unweighted Clustering, No Square Clustering)",logistic_regression,411.5302598364651,5675,5675,0.9850454696516512,0.9631949882537196,0.977175154810548,0.9318181818181818,0.9967585089141004,0.9850454696516512,0.9631949882537196,0.977175154810548,0.9318181818181818,0.9967585089141004
BERTopic_topic_256,100.0,text_similarity,"All but Betweenness and Harmonic (Unweighted Clustering, No Square Clustering)",random_forest,411.5302598364651,5675,5675,0.9940063143901628,0.9777094542659492,0.9873612109737802,0.9636363636363636,0.9921996879875196,0.9940063143901628,0.9777094542659492,0.9873612109737802,0.9636363636363636,0.9921996879875196
BERTopic_topic_256,100.0,text_similarity,"All but Betweenness and Harmonic (Unweighted Clustering, No Square Clustering)",xgboost,411.5302598364651,5675,5675,0.9957186017704462,0.971647509578544,0.9882457055118335,0.9606060606060606,0.9829457364341084,0.9957186017704462,0.971647509578544,0.9882457055118335,0.9606060606060606,0.9829457364341084
BERTopic_topic_256,100.0,text_similarity,Core Number Only,logistic_regression,411.5302598364651,5675,5675,0.978699658599958,0.9414595028067362,0.960154902992164,0.8893939393939394,1.0,0.978699658599958,0.9414595028067362,0.960154902992164,0.8893939393939394,1.0
BERTopic_topic_256,100.0,text_similarity,Core Number Only,random_forest,411.5302598364651,5675,5675,0.9680588537418048,0.9625,0.948978628792054,0.9333333333333332,0.9935483870967742,0.9680588537418048,0.9625,0.948978628792054,0.9333333333333332,0.9935483870967742
BERTopic_topic_256,100.0,text_similarity,Core Number Only,xgboost,411.5302598364651,5675,5675,0.9746708359769176,0.9632525410476936,0.9567251071755992,0.9333333333333332,0.9951534733441034,0.9746708359769176,0.9632525410476936,0.9567251071755992,0.9333333333333332,0.9951534733441034
BERTopic_topic_256,100.0,text_similarity+interactions,"All (Unweighted Clustering, No Square Clustering)",logistic_regression,413.3391978750005,5675,5675,0.9637137073627602,0.754325259515571,0.8986473701638362,0.8257575757575758,0.6942675159235668,0.9637137073627602,0.754325259515571,0.8986473701638362,0.8257575757575758,0.6942675159235668
BERTopic_topic_256,100.0,text_similarity+interactions,"All (Unweighted Clustering, No Square Clustering)",random_forest,413.3391978750005,5675,5675,0.9931499441070726,0.9713400464756003,0.986521099597743,0.95,0.993660855784469,0.9931499441070726,0.9713400464756003,0.986521099597743,0.95,0.993660855784469
BERTopic_topic_256,100.0,text_similarity+interactions,"All (Unweighted Clustering, No Square Clustering)",xgboost,413.3391978750005,5675,5675,0.9938726245505906,0.9714726291441788,0.9861364982576968,0.9545454545454546,0.989010989010989,0.9938726245505906,0.9714726291441788,0.9861364982576968,0.9545454545454546,0.989010989010989
BERTopic_topic_256,100.0,text_similarity+interactions,"All but Betweenness and Harmonic (Unweighted Clustering, No Square Clustering)",logistic_regression,413.3391978750005,5675,5675,0.9778600561950512,0.9432454036770584,0.960678175162636,0.8939393939393939,0.9983079526226736,0.9778600561950512,0.9432454036770584,0.960678175162636,0.8939393939393939,0.9983079526226736
BERTopic_topic_256,100.0,text_similarity+interactions,"All but Betweenness and Harmonic (Unweighted Clustering, No Square Clustering)",random_forest,413.3391978750005,5675,5675,0.9943885011631772,0.9697908597986056,0.9866690475297668,0.9484848484848484,0.9920760697305864,0.9943885011631772,0.9697908597986056,0.9866690475297668,0.9484848484848484,0.9920760697305864
BERTopic_topic_256,100.0,text_similarity+interactions,"All but Betweenness and Harmonic (Unweighted Clustering, No Square Clustering)",xgboost,413.3391978750005,5675,5675,0.9936705036405932,0.970679012345679,0.9861802021029772,0.953030303030303,0.9889937106918238,0.9936705036405932,0.970679012345679,0.9861802021029772,0.953030303030303,0.9889937106918238
BERTopic_topic_256,100.0,text_similarity+interactions,Core Number Only,logistic_regression,413.3391978750005,5675,5675,0.9786546421342036,0.9414595028067362,0.96003169296565,0.8893939393939394,1.0,0.9786546421342036,0.9414595028067362,0.96003169296565,0.8893939393939394,1.0
BERTopic_topic_256,100.0,text_similarity+interactions,Core Number Only,random_forest,413.3391978750005,5675,5675,0.9698459167950692,0.9616888193901486,0.9494807173548409,0.9318181818181818,0.9935379644588044,0.9698459167950692,0.9616888193901486,0.9494807173548409,0.9318181818181818,0.9935379644588044
BERTopic_topic_256,100.0,text_similarity+interactions,Core Number Only,xgboost,413.3391978750005,5675,5675,0.9749499984893804,0.9624413145539906,0.9569851653330212,0.9318181818181818,0.9951456310679612,0.9749499984893804,0.9624413145539906,0.9569851653330212,0.9318181818181818,0.9951456310679612
BERTopic_topic_512,1.0,interactions,"All (Unweighted Clustering, No Square Clustering)",logistic_regression,3.077116742962972,1041,5675,0.9282166858727908,0.7201834862385321,0.855540382253566,0.6356275303643725,0.8306878306878307,0.6785886280552282,0.3480333730631704,0.4066878565956482,0.2212121212121212,0.8156424581005587
BERTopic_topic_512,1.0,interactions,"All (Unweighted Clustering, No Square Clustering)",random_forest,3.077116742962972,1041,5675,0.94687382086295,0.8329718004338394,0.9151192926242836,0.7773279352226721,0.897196261682243,0.6820529321127526,0.4447004608294931,0.4397416715538655,0.2924242424242424,0.9278846153846154
BERTopic_topic_512,1.0,interactions,"All (Unweighted Clustering, No Square Clustering)",xgboost,3.077116742962972,1041,5675,0.9507847316411548,0.8595744680851064,0.9221557733964124,0.8178137651821862,0.905829596412556,0.6872094323091332,0.4604966139954853,0.4367002843440912,0.3090909090909091,0.9026548672566372
BERTopic_topic_512,1.0,interactions,"All but Betweenness and Harmonic (Unweighted Clustering, No Square Clustering)",logistic_regression,3.077116742962972,1041,5675,0.9277424815672196,0.7066974595842956,0.8332313742268426,0.6194331983805668,0.8225806451612904,0.6759057675458474,0.3357314148681055,0.3970690490037508,0.2121212121212121,0.8045977011494253
BERTopic_topic_512,1.0,interactions,"All but Betweenness and Harmonic (Unweighted Clustering, No Square Clustering)",random_forest,3.077116742962972,1041,5675,0.9454078666925017,0.8448275862068966,0.9137146922136072,0.7935222672064778,0.9032258064516128,0.682053989546512,0.4497716894977169,0.4389995877814185,0.2984848484848484,0.9120370370370372
BERTopic_topic_512,1.0,interactions,"All but Betweenness and Harmonic (Unweighted Clustering, No Square Clustering)",xgboost,3.077116742962972,1041,5675,0.95114165961309,0.8656716417910447,0.923545739815602,0.8218623481781376,0.9144144144144144,0.6864263270793679,0.4530011325028312,0.4377006302045946,0.303030303030303,0.8968609865470852
BERTopic_topic_512,1.0,interactions,Core Number Only,logistic_regression,3.077116742962972,1041,5675,0.8572619545375744,0.6496519721577726,0.7393675787553966,0.5668016194331984,0.7608695652173914,0.6355404997129822,0.318562874251497,0.3565854260547514,0.2015151515151515,0.76
BERTopic_topic_512,1.0,interactions,Core Number Only,random_forest,3.077116742962972,1041,5675,0.8543708379648987,0.6435185185185185,0.7288751404753693,0.562753036437247,0.7513513513513513,0.6349364029124747,0.332939787485242,0.3554245864219349,0.2136363636363636,0.7540106951871658
BERTopic_topic_512,1.0,interactions,Core Number Only,xgboost,3.077116742962972,1041,5675,0.8533484942738555,0.6435185185185185,0.7179514090556808,0.562753036437247,0.7513513513513513,0.6342291307894499,0.332939787485242,0.3533386542006364,0.2136363636363636,0.7540106951871658
BERTopic_topic_512,1.0,similarity,"All (Unweighted Clustering, No Square Clustering)",logistic_regression,13.498653816059232,1041,5675,0.9835864122620056,0.9625,0.9784800064653936,0.9352226720647774,0.9914163090128756,0.7065103175322518,0.5206703910614525,0.466133106038754,0.353030303030303,0.9914893617021276
BERTopic_topic_512,1.0,similarity,"All (Unweighted Clustering, No Square Clustering)",random_forest,13.498653816059232,1041,5675,0.9888663967611336,0.9666666666666668,0.98212000252567,0.9392712550607288,0.9957081545064378,0.7151481917882715,0.5184357541899441,0.4725706143465141,0.3515151515151515,0.9872340425531916
BERTopic_topic_512,1.0,similarity,"All (Unweighted Clustering, No Square Clustering)",xgboost,13.498653816059232,1041,5675,0.9841167052488808,0.9688149688149688,0.9824397726615286,0.9433198380566802,0.9957264957264956,0.7151151092178012,0.5212527964205816,0.4710283168955901,0.353030303030303,0.9957264957264956
BERTopic_topic_512,1.0,similarity,"All but Betweenness and Harmonic (Unweighted Clustering, No Square Clustering)",logistic_regression,13.498653816059232,1041,5675,0.9832651770872638,0.9666666666666668,0.97833471054662,0.9392712550607288,0.9957081545064378,0.7079698782440557,0.5206703910614525,0.4669056913003587,0.353030303030303,0.9914893617021276
BERTopic_topic_512,1.0,similarity,"All but Betweenness and Harmonic (Unweighted Clustering, No Square Clustering)",random_forest,13.498653816059232,1041,5675,0.9899983683292712,0.9666666666666668,0.9842964596485124,0.9392712550607288,0.9957081545064378,0.7150667693888033,0.5184357541899441,0.4723703518917664,0.3515151515151515,0.9872340425531916
BERTopic_topic_512,1.0,similarity,"All but Betweenness and Harmonic (Unweighted Clustering, No Square Clustering)",xgboost,13.498653816059232,1041,5675,0.9845093260180096,0.9688149688149688,0.9833053337678348,0.9433198380566802,0.9957264957264956,0.7157613523067161,0.5212527964205816,0.471135999973964,0.353030303030303,0.9957264957264956
BERTopic_topic_512,1.0,similarity,Core Number Only,logistic_regression,13.498653816059232,1041,5675,0.9748008851813704,0.96218487394958,0.9709558627282197,0.9271255060728744,1.0,0.6326453971419076,0.5,0.4473514572441164,0.3333333333333333,1.0
BERTopic_topic_512,1.0,similarity,Core Number Only,random_forest,13.498653816059232,1041,5675,0.974561233543071,0.9666666666666668,0.969663195561748,0.9392712550607288,0.9957081545064378,0.7019426568778513,0.5195968645016797,0.4614654070710763,0.3515151515151515,0.9957081545064378
BERTopic_topic_512,1.0,similarity,Core Number Only,xgboost,13.498653816059232,1041,5675,0.978311526733905,0.9666666666666668,0.97329058656751,0.9392712550607288,0.9957081545064378,0.7033227589957401,0.5195968645016797,0.4628467326782784,0.3515151515151515,0.9957081545064378
BERTopic_topic_512,1.0,similarity+interactions,"All (Unweighted Clustering, No Square Clustering)",logistic_regression,14.17261615791358,1041,5675,0.9767435931429038,0.9421487603305784,0.9723625213981104,0.9230769230769232,0.9620253164556962,0.7064517054895918,0.5162738496071829,0.466856860606821,0.3484848484848485,0.9956709956709956
BERTopic_topic_512,1.0,similarity+interactions,"All (Unweighted Clustering, No Square Clustering)",random_forest,14.17261615791358,1041,5675,0.9869389857126832,0.9646569646569648,0.9808646796881392,0.9392712550607288,0.9914529914529916,0.7147475754554518,0.5179372197309418,0.4728995819570503,0.35,0.9956896551724138
BERTopic_topic_512,1.0,similarity+interactions,"All (Unweighted Clustering, No Square Clustering)",xgboost,14.17261615791358,1041,5675,0.9839331422918854,0.962809917355372,0.9806087585416834,0.9433198380566802,0.9831223628691984,0.711421946282365,0.5173572228443449,0.4663600889284815,0.35,0.9914163090128756
BERTopic_topic_512,1.0,similarity+interactions,"All but Betweenness and Harmonic (Unweighted Clustering, No Square Clustering)",logistic_regression,14.17261615791358,1041,5675,0.9803026749202012,0.957983193277311,0.9761317282089016,0.9230769230769232,0.9956331877729258,0.7078632284963291,0.5140291806958474,0.4672674783679128,0.346969696969697,0.9913419913419912
BERTopic_topic_512,1.0,similarity+interactions,"All but Betweenness and Harmonic (Unweighted Clustering, No Square Clustering)",random_forest,14.17261615791358,1041,5675,0.9918722401819312,0.9646569646569648,0.9847201145255036,0.9392712550607288,0.9914529914529916,0.7146076920752893,0.5162011173184358,0.4701707840831232,0.35,0.9829787234042552
BERTopic_topic_512,1.0,similarity+interactions,"All but Betweenness and Harmonic (Unweighted Clustering, No Square Clustering)",xgboost,14.17261615791358,1041,5675,0.9852741716721566,0.9586776859504132,0.9810430667218124,0.9392712550607288,0.978902953586498,0.7107808393002809,0.5190156599552572,0.4662171296760202,0.3515151515151515,0.9914529914529916
BERTopic_topic_512,1.0,similarity+interactions,Core Number Only,logistic_regression,14.17261615791358,1041,5675,0.974632619137458,0.96,0.9707540892736788,0.9230769230769232,1.0,0.6321836007130124,0.4965831435079726,0.4471222843204976,0.3303030303030303,1.0
BERTopic_topic_512,1.0,similarity+interactions,Core Number Only,random_forest,14.17261615791358,1041,5675,0.97760786873209,0.9583333333333334,0.9711005216721555,0.931174089068826,0.9871244635193132,0.7024260551678299,0.5184357541899441,0.4615563146904285,0.3515151515151515,0.9872340425531916
BERTopic_topic_512,1.0,similarity+interactions,Core Number Only,xgboost,14.17261615791358,1041,5675,0.9787117959595752,0.9626556016597512,0.9714866168561942,0.9392712550607288,0.9872340425531916,0.7024645759690624,0.5195968645016797,0.461218855224552,0.3515151515151515,0.9957081545064378
BERTopic_topic_512,1.0,similarity+text_similarity,"All (Unweighted Clustering, No Square Clustering)",logistic_regression,44.227974297013134,1041,5675,0.9967009657451128,0.964,0.9924452053339916,0.9757085020242916,0.9525691699604744,0.7270916039759509,0.5302530253025303,0.4818071965459037,0.3651515151515151,0.9678714859437751
BERTopic_topic_512,1.0,similarity+text_similarity,"All (Unweighted Clustering, No Square Clustering)",random_forest,44.227974297013134,1041,5675,0.9999949010289724,0.9979716024340772,0.9999836750685648,0.9959514170040484,1.0,0.7284797123780175,0.5398230088495575,0.4861381001966418,0.3696969696969697,1.0
BERTopic_topic_512,1.0,similarity+text_similarity,"All (Unweighted Clustering, No Square Clustering)",xgboost,44.227974297013134,1041,5675,0.9990847347005374,0.9919028340080972,0.9976487658406064,0.9919028340080972,0.9919028340080972,0.7265801081603674,0.5386313465783664,0.4834836543371246,0.3696969696969697,0.991869918699187
BERTopic_topic_512,1.0,similarity+text_similarity,"All but Betweenness and Harmonic (Unweighted Clustering, No Square Clustering)",logistic_regression,44.227974297013134,1041,5675,0.999495201868263,0.9836734693877552,0.9985116525540336,0.9757085020242916,0.9917695473251028,0.7250495483247228,0.5337763012181617,0.4825633795406236,0.3651515151515151,0.9917695473251028
BERTopic_topic_512,1.0,similarity+text_similarity,"All but Betweenness and Harmonic (Unweighted Clustering, No Square Clustering)",random_forest,44.227974297013134,1041,5675,0.9999898020579449,0.9959349593495936,0.9999674812610768,0.9919028340080972,1.0,0.7286043384996524,0.5414364640883977,0.4861911518388643,0.3712121212121212,1.0
BERTopic_topic_512,1.0,similarity+text_similarity,"All but Betweenness and Harmonic (Unweighted Clustering, No Square Clustering)",xgboost,44.227974297013134,1041,5675,0.9990209975626918,0.9919028340080972,0.9975400328019268,0.9919028340080972,0.9919028340080972,0.7265804102842987,0.5386313465783664,0.4834776033273444,0.3696969696969697,0.991869918699187
BERTopic_topic_512,1.0,similarity+text_similarity,Core Number Only,logistic_regression,44.227974297013134,1041,5675,0.9988629294608348,0.9877049180327868,0.9968178270660804,0.9757085020242916,1.0,0.630495936433125,0.5365853658536586,0.4563282078782349,0.3666666666666666,1.0
BERTopic_topic_512,1.0,similarity+text_similarity,Core Number Only,random_forest,44.227974297013134,1041,5675,0.9991433728673554,0.9877551020408164,0.9974538940089928,0.979757085020243,0.9958847736625516,0.7213010967098704,0.5365853658536586,0.4783644495819019,0.3666666666666666,1.0
BERTopic_topic_512,1.0,similarity+text_similarity,Core Number Only,xgboost,44.227974297013134,1041,5675,0.9990057006496088,0.9877049180327868,0.9970961338035232,0.9757085020242916,1.0,0.7197750687331944,0.5349611542730299,0.476820834364139,0.3651515151515151,1.0
BERTopic_topic_512,1.0,similarity+text_similarity+interactions,"All (Unweighted Clustering, No Square Clustering)",logistic_regression,48.59193501994014,1041,5675,0.9966703719189468,0.964,0.991845364745366,0.9757085020242916,0.9525691699604744,0.7344957551587661,0.5302530253025303,0.4837945865325119,0.3651515151515151,0.9678714859437751
BERTopic_topic_512,1.0,similarity+text_similarity+interactions,"All (Unweighted Clustering, No Square Clustering)",random_forest,48.59193501994014,1041,5675,0.9999949010289724,0.9979716024340772,0.9999836750685648,0.9959514170040484,1.0,0.7280238073657814,0.5398230088495575,0.4860326342171319,0.3696969696969697,1.0
BERTopic_topic_512,1.0,similarity+text_similarity+interactions,"All (Unweighted Clustering, No Square Clustering)",xgboost,48.59193501994014,1041,5675,0.9990847347005374,0.9919028340080972,0.9976479989647474,0.9919028340080972,0.9919028340080972,0.7265807124082299,0.5386313465783664,0.4834837366250617,0.3696969696969697,0.991869918699187
BERTopic_topic_512,1.0,similarity+text_similarity+interactions,"All but Betweenness and Harmonic (Unweighted Clustering, No Square Clustering)",logistic_regression,48.59193501994014,1041,5675,0.999449311129014,0.9836734693877552,0.9983931107989434,0.9757085020242916,0.9917695473251028,0.7237177860358318,0.5337763012181617,0.4811259294589124,0.3651515151515151,0.9917695473251028
BERTopic_topic_512,1.0,similarity+text_similarity+interactions,"All but Betweenness and Harmonic (Unweighted Clustering, No Square Clustering)",random_forest,48.59193501994014,1041,5675,0.9999898020579449,0.9959349593495936,0.9999674812610768,0.9919028340080972,1.0,0.7282419408441343,0.5414364640883977,0.4861548972284902,0.3712121212121212,1.0
BERTopic_topic_512,1.0,similarity+text_similarity+interactions,"All but Betweenness and Harmonic (Unweighted Clustering, No Square Clustering)",xgboost,48.59193501994014,1041,5675,0.9990413934468024,0.9919028340080972,0.9975661843413808,0.9919028340080972,0.9919028340080972,0.7267036768482431,0.5386313465783664,0.4835307222239314,0.3696969696969697,0.991869918699187
BERTopic_topic_512,1.0,similarity+text_similarity+interactions,Core Number Only,logistic_regression,48.59193501994014,1041,5675,0.9988629294608348,0.9877049180327868,0.9968178270660804,0.9757085020242916,1.0,0.6304959364331248,0.5365853658536586,0.4563282078782349,0.3666666666666666,1.0
BERTopic_topic_512,1.0,similarity+text_similarity+interactions,Core Number Only,random_forest,48.59193501994014,1041,5675,0.9991433728673554,0.9877551020408164,0.9974538940089928,0.979757085020243,0.9958847736625516,0.7209180035650623,0.5365853658536586,0.4783017210428977,0.3666666666666666,1.0
BERTopic_topic_512,1.0,similarity+text_similarity+interactions,Core Number Only,xgboost,48.59193501994014,1041,5675,0.9990057006496088,0.9877049180327868,0.9970961338035232,0.9757085020242916,1.0,0.7197750687331944,0.5349611542730299,0.476820834364139,0.3651515151515151,1.0
BERTopic_topic_512,1.0,text_similarity,"All (Unweighted Clustering, No Square Clustering)",logistic_regression,41.55797436600551,1041,5675,0.992927727184654,0.970954356846473,0.988248910244846,0.9473684210526316,0.9957446808510638,0.727921840538989,0.5294771968854283,0.4848549097765524,0.3606060606060606,0.99581589958159
BERTopic_topic_512,1.0,text_similarity,"All (Unweighted Clustering, No Square Clustering)",random_forest,41.55797436600551,1041,5675,0.9999872525724308,0.9959349593495936,0.9999510902368016,0.9919028340080972,1.0,0.7293353273512794,0.5408388520971302,0.4865436087052526,0.3712121212121212,0.9959349593495936
BERTopic_topic_512,1.0,text_similarity,"All (Unweighted Clustering, No Square Clustering)",xgboost,41.55797436600551,1041,5675,0.9996634679121752,0.9919028340080972,0.999029703214894,0.9919028340080972,0.9919028340080972,0.7266952173781686,0.5386313465783664,0.4835295571722021,0.3696969696969697,0.991869918699187
BERTopic_topic_512,1.0,text_similarity,"All but Betweenness and Harmonic (Unweighted Clustering, No Square Clustering)",logistic_regression,41.55797436600551,1041,5675,0.9993014409692124,0.98159509202454,0.9980912591891854,0.97165991902834,0.9917355371900828,0.7240380374029427,0.532150776053215,0.4810635418090235,0.3636363636363636,0.9917355371900828
BERTopic_topic_512,1.0,text_similarity,"All but Betweenness and Harmonic (Unweighted Clustering, No Square Clustering)",random_forest,41.55797436600551,1041,5675,0.9999796041158894,0.9939148073022313,0.9999348313982062,0.9919028340080972,0.9959349593495936,0.7296638871264993,0.5408388520971302,0.4866563166548217,0.3712121212121212,0.9959349593495936
BERTopic_topic_512,1.0,text_similarity,"All but Betweenness and Harmonic (Unweighted Clustering, No Square Clustering)",xgboost,41.55797436600551,1041,5675,0.9996583689411476,0.9919028340080972,0.9989878562023355,0.9919028340080972,0.9919028340080972,0.7266958216260311,0.5386313465783664,0.4835296412766992,0.3696969696969697,0.991869918699187
BERTopic_topic_512,1.0,text_similarity,Core Number Only,logistic_regression,41.55797436600551,1041,5675,0.9988629294608348,0.9877049180327868,0.9968178270660804,0.9757085020242916,1.0,0.6305074171425119,0.5365853658536586,0.4563282078782349,0.3666666666666666,1.0
BERTopic_topic_512,1.0,text_similarity,Core Number Only,random_forest,41.55797436600551,1041,5675,0.999163768751466,0.9877551020408164,0.9974930562457748,0.979757085020243,0.9958847736625516,0.7217249765853954,0.5365853658536586,0.4785654305371126,0.3666666666666666,1.0
BERTopic_topic_512,1.0,text_similarity,Core Number Only,xgboost,41.55797436600551,1041,5675,0.9990057006496088,0.9877049180327868,0.9970961338035232,0.9757085020242916,1.0,0.7196599595153933,0.5349611542730299,0.4767683123022489,0.3651515151515151,1.0
BERTopic_topic_512,1.0,text_similarity+interactions,"All (Unweighted Clustering, No Square Clustering)",logistic_regression,56.03739937767386,1041,5675,0.9809859370379056,0.8357142857142857,0.9700713959656254,0.9473684210526316,0.7476038338658147,0.7146688721713647,0.5234899328859061,0.4794446805965767,0.3545454545454545,1.0
BERTopic_topic_512,1.0,text_similarity+interactions,"All (Unweighted Clustering, No Square Clustering)",random_forest,56.03739937767386,1041,5675,0.9999872525724308,0.9959349593495936,0.9999510902368016,0.9919028340080972,1.0,0.7281478292395541,0.5414364640883977,0.4860734773159275,0.3712121212121212,1.0
BERTopic_topic_512,1.0,text_similarity+interactions,"All (Unweighted Clustering, No Square Clustering)",xgboost,56.03739937767386,1041,5675,0.9996507204846062,0.9898580121703854,0.9989820438889156,0.9878542510121456,0.991869918699187,0.7266940088824436,0.5386313465783664,0.4835293934853651,0.3696969696969697,0.991869918699187
BERTopic_topic_512,1.0,text_similarity+interactions,"All but Betweenness and Harmonic (Unweighted Clustering, No Square Clustering)",logistic_regression,56.03739937767386,1041,5675,0.9997042596803964,0.985685071574642,0.9991061039278664,0.9757085020242916,0.9958677685950412,0.7254598326233421,0.532150776053215,0.4837071722294797,0.3636363636363636,0.9917355371900828
BERTopic_topic_512,1.0,text_similarity+interactions,"All but Betweenness and Harmonic (Unweighted Clustering, No Square Clustering)",random_forest,56.03739937767386,1041,5675,0.9999796041158894,0.9959349593495936,0.9999348313982062,0.9919028340080972,1.0,0.7284436085682348,0.5408388520971302,0.486239023375865,0.3712121212121212,0.9959349593495936
BERTopic_topic_512,1.0,text_similarity+interactions,"All but Betweenness and Harmonic (Unweighted Clustering, No Square Clustering)",xgboost,56.03739937767386,1041,5675,0.9991102295556756,0.9919028340080972,0.9977416739860042,0.9919028340080972,0.9919028340080972,0.7266955195020998,0.5386313465783664,0.4835296007813926,0.3696969696969697,0.991869918699187
BERTopic_topic_512,1.0,text_similarity+interactions,Core Number Only,logistic_regression,56.03739937767386,1041,5675,0.9988629294608348,0.9877049180327868,0.9968178270660804,0.9757085020242916,1.0,0.6305074171425118,0.5365853658536586,0.4563282078782349,0.3666666666666666,1.0
BERTopic_topic_512,1.0,text_similarity+interactions,Core Number Only,random_forest,56.03739937767386,1041,5675,0.999163768751466,0.9877551020408164,0.9974930562457748,0.979757085020243,0.9958847736625516,0.7207083295567842,0.5365853658536586,0.4782057653306032,0.3666666666666666,1.0
BERTopic_topic_512,1.0,text_similarity+interactions,Core Number Only,xgboost,56.03739937767386,1041,5675,0.9990057006496088,0.9877049180327868,0.9970961338035232,0.9757085020242916,1.0,0.7196599595153933,0.5349611542730299,0.4767683123022489,0.3651515151515151,1.0
BERTopic_topic_512,5.0,interactions,"All (Unweighted Clustering, No Square Clustering)",logistic_regression,4.80649433308281,3182,5675,0.9187691763858672,0.7116022099447514,0.7917007520832101,0.6276803118908382,0.8214285714285714,0.8401226623160821,0.6111111111111112,0.6525032817804923,0.4833333333333333,0.8307291666666666
BERTopic_topic_512,5.0,interactions,"All (Unweighted Clustering, No Square Clustering)",random_forest,4.80649433308281,3182,5675,0.9360661760141162,0.8315334773218143,0.8778367944318941,0.7504873294346979,0.9322033898305084,0.8573151756850659,0.7142857142857143,0.7272383323201371,0.5757575757575758,0.9405940594059404
BERTopic_topic_512,5.0,interactions,"All (Unweighted Clustering, No Square Clustering)",xgboost,4.80649433308281,3182,5675,0.9458825136192964,0.8496319663512093,0.8930797973461162,0.7875243664717348,0.9223744292237442,0.8581993413698299,0.734130634774609,0.7252695684848864,0.6045454545454545,0.9344262295081968
BERTopic_topic_512,5.0,interactions,"All but Betweenness and Harmonic (Unweighted Clustering, No Square Clustering)",logistic_regression,4.80649433308281,3182,5675,0.9156111209709048,0.7005524861878453,0.7697703708277143,0.6179337231968811,0.8086734693877551,0.8331182210942928,0.6017191977077364,0.6333418460100307,0.4772727272727273,0.813953488372093
BERTopic_topic_512,5.0,interactions,"All but Betweenness and Harmonic (Unweighted Clustering, No Square Clustering)",random_forest,4.80649433308281,3182,5675,0.9385172477006596,0.8336980306345733,0.8814313267830682,0.7426900584795322,0.9501246882793016,0.8563799510559231,0.7247191011235955,0.7284493103646376,0.5863636363636363,0.9485294117647058
BERTopic_topic_512,5.0,interactions,"All but Betweenness and Harmonic (Unweighted Clustering, No Square Clustering)",xgboost,4.80649433308281,3182,5675,0.9466501168202968,0.8528784648187633,0.8977961632487003,0.7797270955165692,0.9411764705882352,0.8630017523188012,0.736455463728191,0.7298746343338591,0.6075757575757575,0.9347319347319348
BERTopic_topic_512,5.0,interactions,Core Number Only,logistic_regression,4.80649433308281,3182,5675,0.8552976671728028,0.5962732919254659,0.6697475440606733,0.4678362573099415,0.821917808219178,0.7781549291519383,0.5042016806722689,0.5475418154508871,0.3636363636363636,0.821917808219178
BERTopic_topic_512,5.0,interactions,Core Number Only,random_forest,4.80649433308281,3182,5675,0.8484483971261987,0.59375,0.6449949195791153,0.4814814814814814,0.774294670846395,0.7773162331188254,0.5042016806722689,0.5401198670393386,0.3636363636363636,0.821917808219178
BERTopic_topic_512,5.0,interactions,Core Number Only,xgboost,4.80649433308281,3182,5675,0.8479689190087327,0.59375,0.6460759331559125,0.4814814814814814,0.774294670846395,0.7772881355932204,0.5042016806722689,0.5402149708881638,0.3636363636363636,0.821917808219178
BERTopic_topic_512,5.0,similarity,"All (Unweighted Clustering, No Square Clustering)",logistic_regression,44.63696417212486,3182,5675,0.9697574563777164,0.9182389937106918,0.94743149711256,0.8538011695906432,0.9931972789115646,0.8926517417444636,0.7923497267759563,0.7844701208458243,0.6590909090909091,0.9931506849315068
BERTopic_topic_512,5.0,similarity,"All (Unweighted Clustering, No Square Clustering)",random_forest,44.63696417212486,3182,5675,0.9933117732510368,0.949290060851927,0.9855684704219312,0.912280701754386,0.9894291754756872,0.9287476963050244,0.8258178603006189,0.8278159205062174,0.7075757575757575,0.9915074309978767
BERTopic_topic_512,5.0,similarity,"All (Unweighted Clustering, No Square Clustering)",xgboost,44.63696417212486,3182,5675,0.9952877489506624,0.961038961038961,0.9886033409009616,0.9376218323586744,0.985655737704918,0.928950421462884,0.8330434782608696,0.8243155621269007,0.7257575757575757,0.9775510204081632
BERTopic_topic_512,5.0,similarity,"All but Betweenness and Harmonic (Unweighted Clustering, No Square Clustering)",logistic_regression,44.63696417212486,3182,5675,0.969525933813761,0.9161425576519916,0.947823651721988,0.8518518518518519,0.9909297052154196,0.8923118523218224,0.7941712204007286,0.7844432455469234,0.6606060606060606,0.9954337899543378
BERTopic_topic_512,5.0,similarity,"All but Betweenness and Harmonic (Unweighted Clustering, No Square Clustering)",random_forest,44.63696417212486,3182,5675,0.9928764816165973,0.9523809523809524,0.9859340143749484,0.9161793372319688,0.9915611814345991,0.92859512371975,0.8306878306878307,0.8288708123185053,0.7136363636363636,0.9936708860759492
BERTopic_topic_512,5.0,similarity,"All but Betweenness and Harmonic (Unweighted Clustering, No Square Clustering)",xgboost,44.63696417212486,3182,5675,0.995291400726119,0.9629629629629628,0.9885398856871594,0.9376218323586744,0.9897119341563786,0.9289105411039608,0.834345186470078,0.824413244689548,0.7287878787878788,0.9756592292089248
BERTopic_topic_512,5.0,similarity,Core Number Only,logistic_regression,44.63696417212486,3182,5675,0.9585114486812344,0.903846153846154,0.934787819017154,0.8245614035087719,1.0,0.8096678147376054,0.7743732590529248,0.7548063958261833,0.6318181818181818,1.0
BERTopic_topic_512,5.0,similarity,Core Number Only,random_forest,44.63696417212486,3182,5675,0.961838581299842,0.9094736842105264,0.934501001267692,0.8421052631578947,0.988558352402746,0.8860131726034018,0.7864963503649635,0.7695390174211553,0.6530303030303031,0.9885321100917432
BERTopic_topic_512,5.0,similarity,Core Number Only,xgboost,44.63696417212486,3182,5675,0.9636659297383796,0.9117647058823528,0.9356202142309292,0.8460038986354775,0.9886104783599088,0.8873943321550499,0.7846715328467153,0.7727436252651712,0.6515151515151515,0.9862385321100916
BERTopic_topic_512,5.0,similarity+interactions,"All (Unweighted Clustering, No Square Clustering)",logistic_regression,43.42940228700172,3182,5675,0.9735903598970782,0.9087093389296956,0.950042165228388,0.8440545808966862,0.9840909090909092,0.8967128916281458,0.785063752276867,0.7871586543562924,0.6530303030303031,0.9840182648401826
BERTopic_topic_512,5.0,similarity+interactions,"All (Unweighted Clustering, No Square Clustering)",random_forest,43.42940228700172,3182,5675,0.9927493998307036,0.94853683148335,0.9842040840539076,0.9161793372319688,0.9832635983263598,0.926556089307834,0.8194690265486726,0.8239724838341216,0.7015151515151515,0.9851063829787234
BERTopic_topic_512,5.0,similarity+interactions,"All (Unweighted Clustering, No Square Clustering)",xgboost,43.42940228700172,3182,5675,0.9954031450550944,0.9540918163672656,0.9864437297172076,0.9317738791423,0.9775051124744376,0.925336414997432,0.8333333333333334,0.8188231038933416,0.7272727272727273,0.975609756097561
BERTopic_topic_512,5.0,similarity+interactions,"All but Betweenness and Harmonic (Unweighted Clustering, No Square Clustering)",logistic_regression,43.42940228700172,3182,5675,0.9745054948265296,0.9064143007360672,0.95064439614123,0.8401559454191033,0.9840182648401826,0.8983658116559413,0.7887067395264117,0.7883056109705151,0.656060606060606,0.9885844748858448
BERTopic_topic_512,5.0,similarity+interactions,"All but Betweenness and Harmonic (Unweighted Clustering, No Square Clustering)",random_forest,43.42940228700172,3182,5675,0.9961919285537436,0.9493927125506072,0.9867711463500802,0.9142300194931774,0.9873684210526316,0.926077222876824,0.8298245614035088,0.8233133305515868,0.7166666666666667,0.9854166666666668
BERTopic_topic_512,5.0,similarity+interactions,"All but Betweenness and Harmonic (Unweighted Clustering, No Square Clustering)",xgboost,43.42940228700172,3182,5675,0.9963679441307568,0.9611166500498504,0.988155770940404,0.9395711500974658,0.9836734693877552,0.9259654370222664,0.831304347826087,0.8192146813874206,0.7242424242424242,0.9755102040816328
BERTopic_topic_512,5.0,similarity+interactions,Core Number Only,logistic_regression,43.42940228700172,3182,5675,0.9575670995481294,0.8986125933831377,0.932405081193022,0.8206627680311891,0.9929245283018868,0.8091303362639355,0.7676579925650557,0.7532109732258127,0.6257575757575757,0.9927884615384616
BERTopic_topic_512,5.0,similarity+interactions,Core Number Only,random_forest,43.42940228700172,3182,5675,0.9547990537519436,0.9010526315789472,0.9232192646760474,0.834307992202729,0.9794050343249427,0.8818588174869332,0.777676120768527,0.7684698953422147,0.6439393939393939,0.9815242494226328
BERTopic_topic_512,5.0,similarity+interactions,Core Number Only,xgboost,43.42940228700172,3182,5675,0.956829440905874,0.9033613445378152,0.9254658887553254,0.8382066276803118,0.979498861047836,0.8827827124686548,0.7787934186471663,0.7656446745197054,0.6454545454545455,0.9815668202764976
BERTopic_topic_512,5.0,similarity+text_similarity,"All (Unweighted Clustering, No Square Clustering)",logistic_regression,188.65452745498624,3182,5675,0.996833910679033,0.975024975024975,0.9928757286800968,0.9512670565302144,1.0,0.935544578386054,0.8501742160278746,0.8364211718289774,0.7393939393939394,1.0
BERTopic_topic_512,5.0,similarity+text_similarity,"All (Unweighted Clustering, No Square Clustering)",random_forest,188.65452745498624,3182,5675,0.9988683147859658,0.986247544204322,0.9979378341323348,0.9785575048732944,0.994059405940594,0.9414782923955406,0.8637532133676092,0.8451144546400087,0.7636363636363637,0.9940828402366864
BERTopic_topic_512,5.0,similarity+text_similarity,"All (Unweighted Clustering, No Square Clustering)",xgboost,188.65452745498624,3182,5675,0.9991148096292936,0.9872173058013766,0.9981425735035664,0.9785575048732944,0.996031746031746,0.93870993081362,0.8642611683848798,0.8396505292950047,0.7621212121212121,0.998015873015873
BERTopic_topic_512,5.0,similarity+text_similarity,"All but Betweenness and Harmonic (Unweighted Clustering, No Square Clustering)",logistic_regression,188.65452745498624,3182,5675,0.9981149535092468,0.9821428571428572,0.9952952388863175,0.9649122807017544,1.0,0.9364748179703316,0.8581314878892734,0.8389083507606818,0.7515151515151515,1.0
BERTopic_topic_512,5.0,similarity+text_similarity,"All but Betweenness and Harmonic (Unweighted Clustering, No Square Clustering)",random_forest,188.65452745498624,3182,5675,0.998891320971343,0.98922624877571,0.9979739975273768,0.9844054580896686,0.9940944881889764,0.9415523127586936,0.863013698630137,0.8452061649388424,0.7636363636363637,0.9921259842519684
BERTopic_topic_512,5.0,similarity+text_similarity,"All but Betweenness and Harmonic (Unweighted Clustering, No Square Clustering)",xgboost,188.65452745498624,3182,5675,0.9992079299034398,0.985279685966634,0.9982293244535742,0.9785575048732944,0.9920948616600792,0.940209371884347,0.863519313304721,0.8421353975308725,0.7621212121212121,0.996039603960396
BERTopic_topic_512,5.0,similarity+text_similarity,Core Number Only,logistic_regression,188.65452745498624,3182,5675,0.9956021668174848,0.9760479041916168,0.9895309120500992,0.953216374269006,1.0,0.8244265687785128,0.8461538461538461,0.7977811973499822,0.7333333333333333,1.0
BERTopic_topic_512,5.0,similarity+text_similarity,Core Number Only,random_forest,188.65452745498624,3182,5675,0.9901296161180604,0.987192118226601,0.9840961801340032,0.9766081871345028,0.99800796812749,0.930904710112088,0.8600858369098713,0.8314977247184415,0.759090909090909,0.992079207920792
BERTopic_topic_512,5.0,similarity+text_similarity,Core Number Only,xgboost,188.65452745498624,3182,5675,0.9927026571048576,0.9851924975320828,0.9884540265162762,0.97270955165692,0.998,0.9312749629898184,0.8581255374032674,0.831159012010737,0.7560606060606061,0.9920477137176938
BERTopic_topic_512,5.0,similarity+text_similarity+interactions,"All (Unweighted Clustering, No Square Clustering)",logistic_regression,264.95701166801155,3182,5675,0.9970778492795412,0.975024975024975,0.9946861591514364,0.9512670565302144,1.0,0.9366600199401796,0.8541666666666666,0.8382982046509203,0.7454545454545455,1.0
BERTopic_topic_512,5.0,similarity+text_similarity+interactions,"All (Unweighted Clustering, No Square Clustering)",random_forest,264.95701166801155,3182,5675,0.9988230327703026,0.9861932938856016,0.997805974405826,0.9746588693957114,0.998003992015968,0.9416434031239614,0.863519313304721,0.8452612405382867,0.7621212121212121,0.996039603960396
BERTopic_topic_512,5.0,similarity+text_similarity+interactions,"All (Unweighted Clustering, No Square Clustering)",xgboost,264.95701166801155,3182,5675,0.9989709296762992,0.9891838741396264,0.9977899775092092,0.9805068226120858,0.998015873015873,0.9386779056769088,0.8669527896995708,0.8396076932401473,0.7651515151515151,1.0
BERTopic_topic_512,5.0,similarity+text_similarity+interactions,"All but Betweenness and Harmonic (Unweighted Clustering, No Square Clustering)",logistic_regression,264.95701166801155,3182,5675,0.9963233924701852,0.981132075471698,0.9939333144318092,0.9629629629629628,1.0,0.9352935133991964,0.8581314878892734,0.8372651242676874,0.7515151515151515,1.0
BERTopic_topic_512,5.0,similarity+text_similarity+interactions,"All but Betweenness and Harmonic (Unweighted Clustering, No Square Clustering)",random_forest,264.95701166801155,3182,5675,0.9988697754961484,0.9892051030421982,0.9979694375229604,0.9824561403508772,0.9960474308300395,0.9413015498957672,0.8620394173093402,0.8449098539248152,0.7621212121212121,0.9921104536489151
BERTopic_topic_512,5.0,similarity+text_similarity+interactions,"All but Betweenness and Harmonic (Unweighted Clustering, No Square Clustering)",xgboost,264.95701166801155,3182,5675,0.9993222304752348,0.9901768172888016,0.9979769551066732,0.9824561403508772,0.998019801980198,0.9380745641862293,0.865979381443299,0.8384407807943829,0.7636363636363637,1.0
BERTopic_topic_512,5.0,similarity+text_similarity+interactions,Core Number Only,logistic_regression,264.95701166801155,3182,5675,0.9955886552482952,0.9760479041916168,0.9895187848772262,0.953216374269006,1.0,0.8244052690413608,0.8461538461538461,0.7977617612267507,0.7333333333333333,1.0
BERTopic_topic_512,5.0,similarity+text_similarity+interactions,Core Number Only,random_forest,264.95701166801155,3182,5675,0.9899711290632393,0.9881656804733728,0.983741668063549,0.9766081871345028,1.0,0.9313704341520892,0.8600858369098713,0.8319775023411954,0.759090909090909,0.992079207920792
BERTopic_topic_512,5.0,similarity+text_similarity+interactions,Core Number Only,xgboost,264.95701166801155,3182,5675,0.9927384445043334,0.9861660079051384,0.9885129090700168,0.97270955165692,1.0,0.9314997431946584,0.8581255374032674,0.8312716177539096,0.7560606060606061,0.9920477137176938
BERTopic_topic_512,5.0,text_similarity,"All (Unweighted Clustering, No Square Clustering)",logistic_regression,186.41836006601807,3182,5675,0.997397744809549,0.9771144278606964,0.9941101326912885,0.9571150097465888,0.9979674796747968,0.9372271065591103,0.8541666666666666,0.8393541729370978,0.7454545454545455,1.0
BERTopic_topic_512,5.0,text_similarity,"All (Unweighted Clustering, No Square Clustering)",random_forest,186.41836006601807,3182,5675,0.9988190158173004,0.9891838741396264,0.9977399162154492,0.9805068226120858,0.998015873015873,0.9415508021390376,0.8632846087704213,0.8450454762938975,0.7606060606060606,0.9980119284294234
BERTopic_topic_512,5.0,text_similarity,"All (Unweighted Clustering, No Square Clustering)",xgboost,186.41836006601807,3182,5675,0.9986353315118276,0.9892051030421982,0.99741755293283,0.9824561403508772,0.9960474308300395,0.9393147829239552,0.8652360515021459,0.8409207753431189,0.7636363636363637,0.998019801980198
BERTopic_topic_512,5.0,text_similarity,"All but Betweenness and Harmonic (Unweighted Clustering, No Square Clustering)",logistic_regression,186.41836006601807,3182,5675,0.9988708710287856,0.984158415841584,0.9963258021210428,0.9688109161793372,1.0,0.9369657693585908,0.8591184096802075,0.8391242317679074,0.753030303030303,1.0
BERTopic_topic_512,5.0,text_similarity,"All but Betweenness and Harmonic (Unweighted Clustering, No Square Clustering)",random_forest,186.41836006601807,3182,5675,0.9988398309374034,0.9901960784313726,0.9977497561204094,0.9844054580896686,0.9960552268244576,0.9404320372216683,0.8652360515021459,0.8437250534682862,0.7636363636363637,0.998019801980198
BERTopic_topic_512,5.0,text_similarity,"All but Betweenness and Harmonic (Unweighted Clustering, No Square Clustering)",xgboost,186.41836006601807,3182,5675,0.9991681255509616,0.987242394504416,0.9977939001874098,0.9805068226120858,0.9940711462450592,0.939525514365993,0.8637532133676092,0.8409832597749906,0.7636363636363637,0.9940828402366864
BERTopic_topic_512,5.0,text_similarity,Core Number Only,logistic_regression,186.41836006601807,3182,5675,0.9955798909871988,0.9760479041916168,0.9895089438462396,0.953216374269006,1.0,0.8244453004622496,0.8461538461538461,0.7977660874917941,0.7333333333333333,1.0
BERTopic_topic_512,5.0,text_similarity,Core Number Only,random_forest,186.41836006601807,3182,5675,0.991366107287702,0.987192118226601,0.9863647980589408,0.9766081871345028,0.99800796812749,0.9337141605486572,0.8600858369098713,0.8350382983678325,0.759090909090909,0.992079207920792
BERTopic_topic_512,5.0,text_similarity,Core Number Only,xgboost,186.41836006601807,3182,5675,0.9934450630552067,0.9851924975320828,0.9902730603776289,0.97270955165692,0.998,0.933760083386205,0.8581255374032674,0.8343585731999837,0.7560606060606061,0.9920477137176938
BERTopic_topic_512,5.0,text_similarity+interactions,"All (Unweighted Clustering, No Square Clustering)",logistic_regression,242.56119626574213,3182,5675,0.9972801576398428,0.9791044776119404,0.9939474998891964,0.95906432748538,1.0,0.9344104051481918,0.8541666666666666,0.8365238960834627,0.7454545454545455,1.0
BERTopic_topic_512,5.0,text_similarity+interactions,"All (Unweighted Clustering, No Square Clustering)",random_forest,242.56119626574213,3182,5675,0.9987697168486346,0.9872173058013766,0.9975172282652768,0.9785575048732944,0.996031746031746,0.9401924529441976,0.863519313304721,0.8434725625715016,0.7621212121212121,0.996039603960396
BERTopic_topic_512,5.0,text_similarity+interactions,"All (Unweighted Clustering, No Square Clustering)",xgboost,242.56119626574213,3182,5675,0.9987963748094686,0.9901768172888016,0.9975474315536452,0.9824561403508772,0.998019801980198,0.938010513912807,0.8669527896995708,0.8384674708234863,0.7651515151515151,1.0
BERTopic_topic_512,5.0,text_similarity+interactions,"All but Betweenness and Harmonic (Unweighted Clustering, No Square Clustering)",logistic_regression,242.56119626574213,3182,5675,0.9973955537442748,0.9851632047477744,0.994440215749468,0.9707602339181286,1.0,0.9366276926795372,0.8583765112262521,0.8385584251417084,0.753030303030303,0.997991967871486
BERTopic_topic_512,5.0,text_similarity+interactions,"All but Betweenness and Harmonic (Unweighted Clustering, No Square Clustering)",random_forest,242.56119626574213,3182,5675,0.9988361791619468,0.9892051030421982,0.9978287899838458,0.9824561403508772,0.9960474308300395,0.9399126861838728,0.8625429553264605,0.8432910712858305,0.7606060606060606,0.996031746031746
BERTopic_topic_512,5.0,text_similarity+interactions,"All but Betweenness and Harmonic (Unweighted Clustering, No Square Clustering)",xgboost,242.56119626574213,3182,5675,0.999092168621462,0.987242394504416,0.9977711744583831,0.9805068226120858,0.9940711462450592,0.9380902746306536,0.865979381443299,0.838473736360155,0.7636363636363637,1.0
BERTopic_topic_512,5.0,text_similarity+interactions,Core Number Only,logistic_regression,242.56119626574213,3182,5675,0.9955674749506462,0.9760479041916168,0.9894996805076406,0.953216374269006,1.0,0.8244249070968912,0.8461538461538461,0.7977481565641763,0.7333333333333333,1.0
BERTopic_topic_512,5.0,text_similarity+interactions,Core Number Only,random_forest,242.56119626574213,3182,5675,0.9912313567733496,0.987192118226601,0.9860810193597476,0.9766081871345028,0.99800796812749,0.9337013202815796,0.8600858369098713,0.8350487052940144,0.759090909090909,0.992079207920792
BERTopic_topic_512,5.0,text_similarity+interactions,Core Number Only,xgboost,242.56119626574213,3182,5675,0.9931883432406,0.9851924975320828,0.9902334881470876,0.97270955165692,0.998,0.9337215625849724,0.8581255374032674,0.8343388249341315,0.7560606060606061,0.9920477137176938
BERTopic_topic_512,10.0,interactions,"All (Unweighted Clustering, No Square Clustering)",logistic_regression,5.321346248034388,4136,5675,0.9149597937694914,0.6842105263157895,0.761138720381942,0.5898778359511344,0.8144578313253013,0.8679526571799753,0.628731343283582,0.6845437274566084,0.5106060606060606,0.8179611650485437
BERTopic_topic_512,10.0,interactions,"All (Unweighted Clustering, No Square Clustering)",random_forest,5.321346248034388,4136,5675,0.9388119312362516,0.8137931034482758,0.8650131608578246,0.7207678883071553,0.9343891402714932,0.8902028762198254,0.7533875338753387,0.7759171112492196,0.6318181818181818,0.9328859060402684
BERTopic_topic_512,10.0,interactions,"All (Unweighted Clustering, No Square Clustering)",xgboost,5.321346248034388,4136,5675,0.9397516358501352,0.8291746641074856,0.8742745653052759,0.7539267015706806,0.9211087420042644,0.8929410254086227,0.7720524017467248,0.7796103175588422,0.6696969696969697,0.911340206185567
BERTopic_topic_512,10.0,interactions,"All but Betweenness and Harmonic (Unweighted Clustering, No Square Clustering)",logistic_regression,5.321346248034388,4136,5675,0.9109369665639532,0.6773869346733669,0.7380912029891524,0.5881326352530541,0.7985781990521327,0.8617633463246624,0.6176744186046511,0.6597794486817015,0.503030303030303,0.8
BERTopic_topic_512,10.0,interactions,"All but Betweenness and Harmonic (Unweighted Clustering, No Square Clustering)",random_forest,5.321346248034388,4136,5675,0.938007169870283,0.8063241106719368,0.8667715381899601,0.7120418848167539,0.929384965831435,0.8874183510075834,0.7524932003626473,0.7726009795369644,0.6287878787878788,0.9367945823927766
BERTopic_topic_512,10.0,interactions,"All but Betweenness and Harmonic (Unweighted Clustering, No Square Clustering)",xgboost,5.321346248034388,4136,5675,0.9350633988359124,0.8295019157088123,0.8712715256950443,0.7556719022687609,0.9193205944798302,0.8895406205625547,0.7669565217391304,0.7735383616616528,0.6681818181818182,0.9
BERTopic_topic_512,10.0,interactions,Core Number Only,logistic_regression,5.321346248034388,4136,5675,0.8422572209332,0.5849889624724062,0.6277340429436741,0.462478184991274,0.7957957957957958,0.8037726215293514,0.5337361530715005,0.5645731899348309,0.4015151515151515,0.7957957957957958
BERTopic_topic_512,10.0,interactions,Core Number Only,random_forest,5.321346248034388,4136,5675,0.8408357860676852,0.5558086560364465,0.6245143610305668,0.4258289703315881,0.8,0.798729266745219,0.5020833333333333,0.5536381413836393,0.3651515151515151,0.8033333333333333
BERTopic_topic_512,10.0,interactions,Core Number Only,xgboost,5.321346248034388,4136,5675,0.8408686034818786,0.5558086560364465,0.6242398554128439,0.4258289703315881,0.8,0.7987162754161757,0.5020833333333333,0.5538191459743773,0.3651515151515151,0.8033333333333333
BERTopic_topic_512,10.0,similarity,"All (Unweighted Clustering, No Square Clustering)",logistic_regression,59.38497190736234,4136,5675,0.9660246698788548,0.8809293320425944,0.9245638414173027,0.794066317626527,0.9891304347826086,0.9280538686969396,0.8142857142857143,0.8353980037010177,0.6909090909090909,0.991304347826087
BERTopic_topic_512,10.0,similarity,"All (Unweighted Clustering, No Square Clustering)",random_forest,59.38497190736234,4136,5675,0.9937093425300464,0.9472727272727272,0.9829872054020076,0.9092495636998256,0.9886148007590132,0.9658196622254448,0.8728813559322034,0.8993243583706337,0.7803030303030303,0.9903846153846154
BERTopic_topic_512,10.0,similarity,"All (Unweighted Clustering, No Square Clustering)",xgboost,59.38497190736234,4136,5675,0.9952473526877708,0.954341987466428,0.98691291712484,0.9301919720767888,0.9797794117647058,0.9667178766730112,0.8916666666666667,0.8985026606793739,0.8106060606060606,0.9907407407407408
BERTopic_topic_512,10.0,similarity,"All but Betweenness and Harmonic (Unweighted Clustering, No Square Clustering)",logistic_regression,59.38497190736234,4136,5675,0.966576198362166,0.8809293320425944,0.92554262241725,0.794066317626527,0.9891304347826086,0.9284342427263664,0.8150134048257373,0.835643264032939,0.6909090909090909,0.9934640522875816
BERTopic_topic_512,10.0,similarity,"All but Betweenness and Harmonic (Unweighted Clustering, No Square Clustering)",random_forest,59.38497190736234,4136,5675,0.9946801502155908,0.9501359927470536,0.9837093675567924,0.9144851657940664,0.9886792452830188,0.9641774675972083,0.8793248945147679,0.8986552350168902,0.7893939393939394,0.9923809523809524
BERTopic_topic_512,10.0,similarity,"All but Betweenness and Harmonic (Unweighted Clustering, No Square Clustering)",xgboost,59.38497190736234,4136,5675,0.9962757133011918,0.9544235924932976,0.987668829225966,0.9319371727748692,0.978021978021978,0.967527266684794,0.893687707641196,0.9007386836259268,0.8151515151515152,0.9889705882352942
BERTopic_topic_512,10.0,similarity,Core Number Only,logistic_regression,59.38497190736234,4136,5675,0.9522433151662006,0.8841285296981499,0.91415169574656,0.7923211169284468,1.0,0.8557444333665669,0.8075880758807588,0.8093984773851317,0.6772727272727272,1.0
BERTopic_topic_512,10.0,similarity,Core Number Only,random_forest,59.38497190736234,4136,5675,0.95699596247843,0.9077212806026366,0.915413855409608,0.8411867364746946,0.985685071574642,0.9131981328741048,0.8352223190932868,0.8222897578990015,0.7257575757575757,0.9835728952772074
BERTopic_topic_512,10.0,similarity,Core Number Only,xgboost,59.38497190736234,4136,5675,0.9594271450955844,0.9068673565380996,0.9169423929536212,0.8411867364746946,0.9836734693877552,0.9162307018338924,0.8372497824194952,0.8248563950283213,0.7287878787878788,0.983640081799591
BERTopic_topic_512,10.0,similarity+interactions,"All (Unweighted Clustering, No Square Clustering)",logistic_regression,54.67621283896733,4136,5675,0.9652532157392318,0.8809293320425944,0.9260074673944434,0.794066317626527,0.9891304347826086,0.9260383999516602,0.8110516934046346,0.8349186415451527,0.6893939393939394,0.9848484848484848
BERTopic_topic_512,10.0,similarity+interactions,"All (Unweighted Clustering, No Square Clustering)",random_forest,54.67621283896733,4136,5675,0.9954787889296576,0.944696282864914,0.9847446738435324,0.9092495636998256,0.9830188679245284,0.9659154355116468,0.8759493670886076,0.8988895212110555,0.7863636363636364,0.9885714285714284
BERTopic_topic_512,10.0,similarity+interactions,"All (Unweighted Clustering, No Square Clustering)",xgboost,54.67621283896733,4136,5675,0.9954425428303992,0.9553571428571428,0.9848252031289768,0.9336823734729494,0.9780621572212066,0.9636585697453096,0.8911055694098088,0.8915517642679912,0.8121212121212121,0.9871086556169428
BERTopic_topic_512,10.0,similarity+interactions,"All but Betweenness and Harmonic (Unweighted Clustering, No Square Clustering)",logistic_regression,54.67621283896733,4136,5675,0.9650719852429396,0.8806983511154219,0.9256199963642384,0.7923211169284468,0.9912663755458516,0.926684340916644,0.8107142857142857,0.8353283281284974,0.6878787878787879,0.9869565217391304
BERTopic_topic_512,10.0,similarity+interactions,"All but Betweenness and Harmonic (Unweighted Clustering, No Square Clustering)",random_forest,54.67621283896733,4136,5675,0.9963224903617214,0.9513513513513514,0.9853697500774036,0.9214659685863874,0.9832402234636872,0.9662231487356114,0.8773109243697479,0.9003364721934488,0.7909090909090909,0.9849056603773584
BERTopic_topic_512,10.0,similarity+interactions,"All but Betweenness and Harmonic (Unweighted Clustering, No Square Clustering)",xgboost,54.67621283896733,4136,5675,0.9962264871799016,0.954585930543188,0.986446775661994,0.9354275741710296,0.9745454545454544,0.96409846218919,0.8890728476821192,0.8928054886477177,0.8136363636363636,0.97992700729927
BERTopic_topic_512,10.0,similarity+interactions,Core Number Only,logistic_regression,54.67621283896733,4136,5675,0.9512149545527796,0.8815533980582524,0.9120534661058244,0.7923211169284468,0.9934354485776804,0.8548305084745763,0.8032490974729242,0.8073584966331611,0.6742424242424242,0.9933035714285714
BERTopic_topic_512,10.0,similarity+interactions,Core Number Only,random_forest,54.67621283896733,4136,5675,0.9480213793208168,0.9029217719132894,0.9076632119295066,0.8359511343804538,0.9815573770491804,0.905642768663706,0.8299912816041848,0.8134860235431951,0.7212121212121212,0.9774127310061602
BERTopic_topic_512,10.0,similarity+interactions,Core Number Only,xgboost,54.67621283896733,4136,5675,0.9515367611367364,0.90310442144873,0.9070098997356972,0.837696335078534,0.979591836734694,0.9099457687543432,0.8310104529616724,0.8188960138124266,0.7227272727272728,0.9774590163934426
BERTopic_topic_512,10.0,similarity+text_similarity,"All (Unweighted Clustering, No Square Clustering)",logistic_regression,252.89006176101967,4136,5675,0.9931058939586078,0.9138959931798808,0.97946330416507,0.9354275741710296,0.8933333333333333,0.968415813166561,0.9048800661703889,0.9061193948630354,0.8287878787878787,0.9963570127504554
BERTopic_topic_512,10.0,similarity+text_similarity,"All (Unweighted Clustering, No Square Clustering)",random_forest,252.89006176101967,4136,5675,0.9988391451994248,0.9876977152899824,0.9973859087061452,0.9808027923211168,0.9946902654867256,0.975921326928306,0.9132569558101472,0.91958624482386,0.8454545454545455,0.99288256227758
BERTopic_topic_512,10.0,similarity+text_similarity,"All (Unweighted Clustering, No Square Clustering)",xgboost,252.89006176101967,4136,5675,0.9991232362476667,0.9894551845342706,0.9979452868449092,0.9825479930191972,0.9964601769911504,0.974228677603553,0.9174161896974652,0.9148876898868172,0.85,0.9964476021314388
BERTopic_topic_512,10.0,similarity+text_similarity,"All but Betweenness and Harmonic (Unweighted Clustering, No Square Clustering)",logistic_regression,252.89006176101967,4136,5675,0.9962431407930744,0.983170947741364,0.9915864323517168,0.9685863874345548,0.9982014388489208,0.969010997311097,0.9135802469135802,0.9074141968159564,0.8409090909090909,1.0
BERTopic_topic_512,10.0,similarity+text_similarity,"All but Betweenness and Harmonic (Unweighted Clustering, No Square Clustering)",random_forest,252.89006176101967,4136,5675,0.9989371076298528,0.9894736842105264,0.9977052639815612,0.9842931937172776,0.9947089947089948,0.9757835584156622,0.9133986928104576,0.918945856376904,0.8469696969696969,0.9911347517730495
BERTopic_topic_512,10.0,similarity+text_similarity,"All but Betweenness and Harmonic (Unweighted Clustering, No Square Clustering)",xgboost,252.89006176101967,4136,5675,0.9993348350973918,0.9885864793678666,0.9980104005657732,0.9825479930191972,0.9946996466431096,0.97404468412943,0.9175510204081632,0.9139573423876391,0.8515151515151516,0.9946902654867256
BERTopic_topic_512,10.0,similarity+text_similarity,Core Number Only,logistic_regression,252.89006176101967,4136,5675,0.994316954504778,0.9694244604316546,0.9868217033608332,0.9406631762652704,1.0,0.8825669959817517,0.8944723618090452,0.8733036807070109,0.8090909090909091,1.0
BERTopic_topic_512,10.0,similarity+text_similarity,Core Number Only,random_forest,252.89006176101967,4136,5675,0.9897254553906032,0.9858407079646018,0.9827395003798604,0.9720767888307156,1.0,0.9661261669536844,0.9171452009844134,0.9052292586065288,0.8469696969696969,1.0
BERTopic_topic_512,10.0,similarity+text_similarity,Core Number Only,xgboost,252.89006176101967,4136,5675,0.991479962519574,0.986737400530504,0.9873065017343332,0.9738219895287958,1.0,0.9674135170246836,0.916256157635468,0.9055671681801116,0.8454545454545455,1.0
BERTopic_topic_512,10.0,similarity+text_similarity+interactions,"All (Unweighted Clustering, No Square Clustering)",logistic_regression,324.1362807434052,4136,5675,0.996552702073228,0.9695340501792116,0.9891732966721116,0.944153577661431,0.996316758747698,0.9704104353605848,0.9027431421446384,0.9095887510527492,0.8227272727272728,1.0
BERTopic_topic_512,10.0,similarity+text_similarity+interactions,"All (Unweighted Clustering, No Square Clustering)",random_forest,324.1362807434052,4136,5675,0.9989770273202524,0.9859154929577464,0.9980005296693772,0.9773123909249564,0.994671403197158,0.9755039427173028,0.9133986928104576,0.9186039988971416,0.8469696969696969,0.9911347517730495
BERTopic_topic_512,10.0,similarity+text_similarity+interactions,"All (Unweighted Clustering, No Square Clustering)",xgboost,324.1362807434052,4136,5675,0.9991976876947922,0.9894551845342706,0.9979807115417636,0.9825479930191972,0.9964601769911504,0.9744226411674068,0.9174161896974652,0.915034511024811,0.85,0.9964476021314388
BERTopic_topic_512,10.0,similarity+text_similarity+interactions,"All but Betweenness and Harmonic (Unweighted Clustering, No Square Clustering)",logistic_regression,324.1362807434052,4136,5675,0.9962406917323136,0.9750445632798574,0.9896575142564984,0.9546247818499128,0.9963570127504554,0.970218888788181,0.9048800661703889,0.9072097036087498,0.8287878787878787,0.9963570127504554
BERTopic_topic_512,10.0,similarity+text_similarity+interactions,"All but Betweenness and Harmonic (Unweighted Clustering, No Square Clustering)",random_forest,324.1362807434052,4136,5675,0.9989522918065692,0.9885864793678666,0.9977360560208705,0.9825479930191972,0.9946996466431096,0.9765257258527448,0.9151712887438824,0.9208110317908548,0.85,0.991166077738516
BERTopic_topic_512,10.0,similarity+text_similarity+interactions,"All but Betweenness and Harmonic (Unweighted Clustering, No Square Clustering)",xgboost,324.1362807434052,4136,5675,0.9992025858163136,0.9876977152899824,0.9979255156096156,0.9808027923211168,0.9946902654867256,0.97395676606544,0.9168026101141924,0.9138725821034216,0.8515151515151516,0.9929328621908128
BERTopic_topic_512,10.0,similarity+text_similarity+interactions,Core Number Only,logistic_regression,324.1362807434052,4136,5675,0.9942963823943878,0.9694244604316546,0.9868079448337798,0.9406631762652704,1.0,0.8825549110245022,0.8944723618090452,0.8732914625584054,0.8090909090909091,1.0
BERTopic_topic_512,10.0,similarity+text_similarity+interactions,Core Number Only,random_forest,324.1362807434052,4136,5675,0.9894178533590584,0.9858407079646018,0.9819317523817808,0.9720767888307156,1.0,0.966038853137557,0.9171452009844134,0.90520925724361,0.8469696969696969,1.0
BERTopic_topic_512,10.0,similarity+text_similarity+interactions,Core Number Only,xgboost,324.1362807434052,4136,5675,0.991414082785111,0.986737400530504,0.9871580318443242,0.9738219895287958,1.0,0.9672843590440796,0.916256157635468,0.9055579561609868,0.8454545454545455,1.0
BERTopic_topic_512,10.0,text_similarity,"All (Unweighted Clustering, No Square Clustering)",logistic_regression,248.09667571692265,4136,5675,0.9939885354567672,0.9544235924932976,0.9844299515541776,0.9319371727748692,0.978021978021978,0.9678901175262092,0.9018302828618968,0.9066684943410658,0.8212121212121212,1.0
BERTopic_topic_512,10.0,text_similarity,"All (Unweighted Clustering, No Square Clustering)",random_forest,248.09667571692265,4136,5675,0.9989297604475708,0.987676056338028,0.9976955964758252,0.9790575916230366,0.9964476021314388,0.9765500468292092,0.9160554197229014,0.9206459853118328,0.8515151515151516,0.9911816578483243
BERTopic_topic_512,10.0,text_similarity,"All (Unweighted Clustering, No Square Clustering)",xgboost,248.09667571692265,4136,5675,0.9992327092636704,0.988566402814424,0.997932428586983,0.9808027923211168,0.99645390070922,0.9747132843892564,0.9169381107491856,0.9159400459040782,0.853030303030303,0.9911971830985916
BERTopic_topic_512,10.0,text_similarity,"All but Betweenness and Harmonic (Unweighted Clustering, No Square Clustering)",logistic_regression,248.09667571692265,4136,5675,0.9948790139493604,0.9804270462633452,0.9907675833226612,0.961605584642234,1.0,0.9697533158101452,0.9099917423616846,0.9093588447367792,0.8348484848484848,1.0
BERTopic_topic_512,10.0,text_similarity,"All but Betweenness and Harmonic (Unweighted Clustering, No Square Clustering)",random_forest,248.09667571692265,4136,5675,0.9990071507676092,0.9894551845342706,0.9980659966581596,0.9825479930191972,0.9964601769911504,0.9762970180367988,0.9169381107491856,0.92029098628119,0.853030303030303,0.9911971830985916
BERTopic_topic_512,10.0,text_similarity,"All but Betweenness and Harmonic (Unweighted Clustering, No Square Clustering)",xgboost,248.09667571692265,4136,5675,0.999238831915572,0.988566402814424,0.9978380349769208,0.9808027923211168,0.99645390070922,0.9744975679023536,0.9169381107491856,0.9150586495308576,0.853030303030303,0.9911971830985916
BERTopic_topic_512,10.0,text_similarity,Core Number Only,logistic_regression,248.09667571692265,4136,5675,0.9943000559855292,0.9694244604316546,0.9868204629855826,0.9406631762652704,1.0,0.88258119580652,0.8944723618090452,0.873292935647411,0.8090909090909091,1.0
BERTopic_topic_512,10.0,text_similarity,Core Number Only,random_forest,248.09667571692265,4136,5675,0.9896654534019658,0.9858407079646018,0.9827107871418458,0.9720767888307156,1.0,0.965996102601287,0.9171452009844134,0.9050822387536464,0.8469696969696969,1.0
BERTopic_topic_512,10.0,text_similarity,Core Number Only,xgboost,248.09667571692265,4136,5675,0.991455471911967,0.986737400530504,0.987122235325194,0.9738219895287958,1.0,0.9671769539865251,0.916256157635468,0.9057996835938278,0.8454545454545455,1.0
BERTopic_topic_512,10.0,text_similarity+interactions,"All (Unweighted Clustering, No Square Clustering)",logistic_regression,322.5377661883831,4136,5675,0.9936961176019384,0.9165247018739352,0.979649841454766,0.9389179755671904,0.8951747088186356,0.9701545363908276,0.8947804473902237,0.906379408811984,0.8181818181818182,0.9872029250457038
BERTopic_topic_512,10.0,text_similarity+interactions,"All (Unweighted Clustering, No Square Clustering)",random_forest,322.5377661883831,4136,5675,0.9989336789447878,0.9858906525573192,0.99774722305937,0.975567190226876,0.9964349376114082,0.9759515393214296,0.9132569558101472,0.919731003213068,0.8454545454545455,0.99288256227758
BERTopic_topic_512,10.0,text_similarity+interactions,"All (Unweighted Clustering, No Square Clustering)",xgboost,322.5377661883831,4136,5675,0.99926577158394,0.98943661971831,0.9980486185290915,0.9808027923211168,0.9982238010657194,0.97475074775673,0.9159183673469388,0.9160661959205616,0.85,0.9929203539823008
BERTopic_topic_512,10.0,text_similarity+interactions,"All but Betweenness and Harmonic (Unweighted Clustering, No Square Clustering)",logistic_regression,322.5377661883831,4136,5675,0.9959619886177452,0.9731663685152058,0.9893870161604,0.949389179755672,0.998165137614679,0.969149974319466,0.903654485049834,0.9062346860546348,0.8242424242424242,1.0
BERTopic_topic_512,10.0,text_similarity+interactions,"All but Betweenness and Harmonic (Unweighted Clustering, No Square Clustering)",random_forest,322.5377661883831,4136,5675,0.9989165355194628,0.9894736842105264,0.997643746810118,0.9842931937172776,0.9947089947089948,0.976104565092601,0.9132569558101472,0.919939615998922,0.8454545454545455,0.99288256227758
BERTopic_topic_512,10.0,text_similarity+interactions,"All but Betweenness and Harmonic (Unweighted Clustering, No Square Clustering)",xgboost,322.5377661883831,4136,5675,0.99923148473329,0.988566402814424,0.9980344599840358,0.9808027923211168,0.99645390070922,0.9742644792894044,0.9166666666666666,0.9144864251620608,0.85,0.9946808510638298
BERTopic_topic_512,10.0,text_similarity+interactions,Core Number Only,logistic_regression,322.5377661883831,4136,5675,0.9942782593447588,0.9694244604316546,0.9868057155842688,0.9406631762652704,1.0,0.882568506601408,0.8944723618090452,0.873280294067454,0.8090909090909091,1.0
BERTopic_topic_512,10.0,text_similarity+interactions,Core Number Only,random_forest,322.5377661883831,4136,5675,0.9893323811385094,0.9858407079646018,0.981801130160088,0.9720767888307156,1.0,0.9659044079881568,0.9171452009844134,0.9050624684836064,0.8469696969696969,1.0
BERTopic_topic_512,10.0,text_similarity+interactions,Core Number Only,xgboost,322.5377661883831,4136,5675,0.9913489377688762,0.986737400530504,0.9870722917870608,0.9738219895287958,1.0,0.9671400948669144,0.916256157635468,0.9057991098397814,0.8454545454545455,1.0
BERTopic_topic_512,20.0,interactions,"All (Unweighted Clustering, No Square Clustering)",logistic_regression,5.772840605000965,4769,5675,0.898283422854514,0.6531400966183575,0.7230273638901189,0.5513866231647635,0.8009478672985783,0.8706107435269947,0.6251162790697674,0.6885613388623919,0.509090909090909,0.8096385542168675
BERTopic_topic_512,20.0,interactions,"All (Unweighted Clustering, No Square Clustering)",random_forest,5.772840605000965,4769,5675,0.9251588143951942,0.8228678537956888,0.8535690299357463,0.7161500815660685,0.9669603524229076,0.9095134294087436,0.7821428571428571,0.8081717999838981,0.6636363636363637,0.9521739130434784
BERTopic_topic_512,20.0,interactions,"All (Unweighted Clustering, No Square Clustering)",xgboost,5.772840605000965,4769,5675,0.9343114457840784,0.824165915238954,0.862731645806825,0.7455138662316476,0.9213709677419356,0.9063208858273664,0.7852112676056338,0.8022337017353135,0.6757575757575758,0.9369747899159664
BERTopic_topic_512,20.0,interactions,"All but Betweenness and Harmonic (Unweighted Clustering, No Square Clustering)",logistic_regression,5.772840605000965,4769,5675,0.8942930443534142,0.6455938697318008,0.7085482003783491,0.5497553017944535,0.7819025522041764,0.8652972899483369,0.6187845303867403,0.6711682366333648,0.509090909090909,0.7887323943661971
BERTopic_topic_512,20.0,interactions,"All but Betweenness and Harmonic (Unweighted Clustering, No Square Clustering)",random_forest,5.772840605000965,4769,5675,0.9281739720241732,0.8075117370892019,0.8511129308035943,0.7014681892332789,0.9513274336283186,0.9020739297259736,0.77390527256479,0.8001425045785897,0.656060606060606,0.943355119825708
BERTopic_topic_512,20.0,interactions,"All but Betweenness and Harmonic (Unweighted Clustering, No Square Clustering)",xgboost,5.772840605000965,4769,5675,0.9338058774671968,0.8265213442325159,0.8588110358373309,0.7422512234910277,0.9323770491803278,0.9077360343212784,0.7920277296360485,0.8054332321503007,0.6924242424242424,0.9251012145748988
BERTopic_topic_512,20.0,interactions,Core Number Only,logistic_regression,5.772840605000965,4769,5675,0.8306891744006581,0.5548654244306418,0.5954502042243207,0.4371941272430669,0.7592067988668555,0.8111693706758513,0.5291214215202369,0.5610144000123704,0.406060606060606,0.7592067988668555
BERTopic_topic_512,20.0,interactions,Core Number Only,random_forest,5.772840605000965,4769,5675,0.8280160996817431,0.5548654244306418,0.5855995001667967,0.4371941272430669,0.7592067988668555,0.810246986313786,0.5291214215202369,0.5559020920402695,0.406060606060606,0.7592067988668555
BERTopic_topic_512,20.0,interactions,Core Number Only,xgboost,5.772840605000965,4769,5675,0.8276204375207055,0.5548654244306418,0.5839038844415717,0.4371941272430669,0.7592067988668555,0.8102107314420376,0.5291214215202369,0.5552488847674034,0.406060606060606,0.7592067988668555
BERTopic_topic_512,20.0,similarity,"All (Unweighted Clustering, No Square Clustering)",logistic_regression,61.97765374183655,4769,5675,0.9557553143551571,0.8709090909090909,0.9191139564761605,0.7814029363784666,0.9835728952772074,0.9349749237137072,0.8270412642669008,0.869010292337917,0.7136363636363636,0.9832985386221296
BERTopic_topic_512,20.0,similarity,"All (Unweighted Clustering, No Square Clustering)",random_forest,61.97765374183655,4769,5675,0.9932941544055882,0.9436860068259386,0.9790066084608928,0.9021207177814028,0.9892665474060824,0.9780381582525152,0.9075907590759076,0.9363297680778858,0.8333333333333334,0.9963768115942028
BERTopic_topic_512,20.0,similarity,"All (Unweighted Clustering, No Square Clustering)",xgboost,61.97765374183655,4769,5675,0.9941934222735817,0.9513422818791948,0.9804984406191158,0.9249592169657422,0.9792746113989638,0.9806373304329437,0.9169381107491856,0.9360596326520404,0.853030303030303,0.9911971830985916
BERTopic_topic_512,20.0,similarity,"All but Betweenness and Harmonic (Unweighted Clustering, No Square Clustering)",logistic_regression,61.97765374183655,4769,5675,0.9536392283331788,0.8667883211678832,0.9202050694433253,0.7748776508972267,0.9834368530020704,0.9350876159400588,0.8260105448154658,0.8691723138745159,0.7121212121212122,0.9832635983263598
BERTopic_topic_512,20.0,similarity,"All but Betweenness and Harmonic (Unweighted Clustering, No Square Clustering)",random_forest,61.97765374183655,4769,5675,0.9914049460910304,0.9487179487179488,0.9768046289503988,0.9053833605220228,0.9964093357271095,0.977391159853772,0.901571546732837,0.937371381071395,0.8257575757575758,0.9927140255009108
BERTopic_topic_512,20.0,similarity,"All but Betweenness and Harmonic (Unweighted Clustering, No Square Clustering)",xgboost,61.97765374183655,4769,5675,0.9942762444124494,0.9521410579345088,0.980519599857437,0.9249592169657422,0.980968858131488,0.982037372730294,0.9108589951377634,0.9387924784282,0.8515151515151516,0.9790940766550522
BERTopic_topic_512,20.0,similarity,Core Number Only,logistic_regression,61.97765374183655,4769,5675,0.9295434812303836,0.862708719851577,0.8836427569586592,0.7585644371941273,1.0,0.8786705036405933,0.8182632050134289,0.829036391480797,0.6924242424242424,1.0
BERTopic_topic_512,20.0,similarity,Core Number Only,random_forest,61.97765374183655,4769,5675,0.9475720160086166,0.8639705882352942,0.8946791915536889,0.766721044045677,0.9894736842105264,0.929897579987311,0.8289241622574955,0.8476294062529655,0.7121212121212122,0.9915611814345991
BERTopic_topic_512,20.0,similarity,Core Number Only,xgboost,61.97765374183655,4769,5675,0.9480393134319454,0.8634280476626948,0.8946707255435594,0.768352365415987,0.9853556485355648,0.932483760838696,0.8281938325991189,0.8483571596648082,0.7121212121212122,0.9894736842105264
BERTopic_topic_512,20.0,similarity+interactions,"All (Unweighted Clustering, No Square Clustering)",logistic_regression,59.12373086798471,4769,5675,0.9441578597817264,0.8523676880222841,0.8969322280743801,0.7487765089722676,0.9892241379310344,0.9295777818060968,0.8177777777777778,0.855092225315827,0.696969696969697,0.989247311827957
BERTopic_topic_512,20.0,similarity+interactions,"All (Unweighted Clustering, No Square Clustering)",random_forest,59.12373086798471,4769,5675,0.9905329585010056,0.9374464438731792,0.975649951543112,0.8923327895595432,0.9873646209386282,0.97791594912233,0.9004115226337449,0.9349557819321156,0.8287878787878787,0.9855855855855856
BERTopic_topic_512,20.0,similarity+interactions,"All (Unweighted Clustering, No Square Clustering)",xgboost,59.12373086798471,4769,5675,0.9937667508757164,0.9419680403700588,0.9785242330514112,0.9135399673735726,0.9722222222222222,0.9803611891597934,0.9135004042037188,0.9348681225237292,0.8560606060606061,0.9792027729636048
BERTopic_topic_512,20.0,similarity+interactions,"All but Betweenness and Harmonic (Unweighted Clustering, No Square Clustering)",logistic_regression,59.12373086798471,4769,5675,0.94625000196261,0.8526413345690455,0.9012709602618524,0.7504078303425775,0.9871244635193132,0.9299463730022056,0.8194690265486726,0.8560065630370837,0.7015151515151515,0.9851063829787234
BERTopic_topic_512,20.0,similarity+interactions,"All but Betweenness and Harmonic (Unweighted Clustering, No Square Clustering)",random_forest,59.12373086798471,4769,5675,0.989813465702214,0.934931506849315,0.9751757026242744,0.8907014681892332,0.9837837837837838,0.9769820840508776,0.9056603773584906,0.9353249498909671,0.8363636363636363,0.9874776386404294
BERTopic_topic_512,20.0,similarity+interactions,"All but Betweenness and Harmonic (Unweighted Clustering, No Square Clustering)",xgboost,59.12373086798471,4769,5675,0.9935049387116172,0.945332211942809,0.9792048714102444,0.9168026101141924,0.9756944444444444,0.9816140971026316,0.9118835893290218,0.9364850720116924,0.8545454545454545,0.977469670710572
BERTopic_topic_512,20.0,similarity+interactions,Core Number Only,logistic_regression,59.12373086798471,4769,5675,0.9287195775835404,0.8560817084493965,0.8816439049856831,0.7520391517128875,0.9935344827586208,0.8787369709054654,0.8146821844225605,0.8272388363405553,0.6893939393939394,0.9956236323851204
BERTopic_topic_512,20.0,similarity+interactions,Core Number Only,random_forest,59.12373086798471,4769,5675,0.9379193116106432,0.8576675849403123,0.8821768004852755,0.7618270799347472,0.98109243697479,0.9218243753587724,0.8229074889867841,0.8393270205249654,0.7075757575757575,0.983157894736842
BERTopic_topic_512,20.0,similarity+interactions,Core Number Only,xgboost,59.12373086798471,4769,5675,0.941475168274175,0.8584558823529411,0.8872393000392479,0.7618270799347472,0.983157894736842,0.9250391250490952,0.823321554770318,0.8373562916563143,0.706060606060606,0.9872881355932204
BERTopic_topic_512,20.0,similarity+text_similarity,"All (Unweighted Clustering, No Square Clustering)",logistic_regression,291.86329285707325,4769,5675,0.9895071022927994,0.950596252129472,0.9770640044224768,0.9102773246329527,0.9946524064171124,0.9796354874769628,0.9250814332247556,0.9411593273891656,0.8606060606060606,1.0
BERTopic_topic_512,20.0,similarity+text_similarity,"All (Unweighted Clustering, No Square Clustering)",random_forest,291.86329285707325,4769,5675,0.9980226704997748,0.9867986798679867,0.9960402662863088,0.9755301794453508,0.998330550918197,0.990664521586755,0.9523809523809524,0.9627151562080352,0.9090909090909092,1.0
BERTopic_topic_512,20.0,similarity+text_similarity,"All (Unweighted Clustering, No Square Clustering)",xgboost,291.86329285707325,4769,5675,0.9968519736790458,0.9868204283360792,0.9946900071433584,0.9771615008156608,0.9966722129783694,0.9892167437082692,0.9492063492063492,0.9588333208317824,0.906060606060606,0.9966666666666668
BERTopic_topic_512,20.0,similarity+text_similarity,"All but Betweenness and Harmonic (Unweighted Clustering, No Square Clustering)",logistic_regression,291.86329285707325,4769,5675,0.9936486017581844,0.9672544080604534,0.9859396333235224,0.9396411092985318,0.9965397923875432,0.9832573491646271,0.93042071197411,0.9471859978205646,0.8712121212121212,0.9982638888888888
BERTopic_topic_512,20.0,similarity+text_similarity,"All but Betweenness and Harmonic (Unweighted Clustering, No Square Clustering)",random_forest,291.86329285707325,4769,5675,0.9981237449109523,0.9876339653751032,0.9964090106743086,0.9771615008156608,0.9983333333333332,0.9908394513429408,0.9516256938937352,0.9630056542095562,0.9090909090909092,0.9983361064891848
BERTopic_topic_512,20.0,similarity+text_similarity,"All but Betweenness and Harmonic (Unweighted Clustering, No Square Clustering)",xgboost,291.86329285707325,4769,5675,0.9975204386197672,0.9876135425268372,0.9951653914071988,0.9755301794453508,1.0,0.9890131121786156,0.9492063492063492,0.958704895257469,0.906060606060606,0.9966666666666668
BERTopic_topic_512,20.0,similarity+text_similarity,Core Number Only,logistic_regression,291.86329285707325,4769,5675,0.9917152347202968,0.9618966977138018,0.9819401348854044,0.9265905383360522,1.0,0.928412942989214,0.9198036006546644,0.9206381216289944,0.8515151515151516,1.0
BERTopic_topic_512,20.0,similarity+text_similarity,Core Number Only,random_forest,291.86329285707325,4769,5675,0.9863245340371514,0.9818181818181818,0.977572081234768,0.9690048939641108,0.9949748743718592,0.9768048883652074,0.9482895783611774,0.9445764532393036,0.9030303030303032,0.998324958123953
BERTopic_topic_512,20.0,similarity+text_similarity,Core Number Only,xgboost,291.86329285707325,4769,5675,0.9897963909958598,0.9817880794701986,0.9820137341468372,0.967373572593801,0.9966386554621848,0.9781432973805854,0.9482071713147412,0.9462716555440032,0.9015151515151516,1.0
BERTopic_topic_512,20.0,similarity+text_similarity+interactions,"All (Unweighted Clustering, No Square Clustering)",logistic_regression,374.508239230141,4769,5675,0.9940160023362908,0.9654008438818564,0.987013841606518,0.933115823817292,1.0,0.982969425058159,0.9250814332247556,0.9471340851062648,0.8606060606060606,1.0
BERTopic_topic_512,20.0,similarity+text_similarity+interactions,"All (Unweighted Clustering, No Square Clustering)",random_forest,374.508239230141,4769,5675,0.9980548573025576,0.9867986798679867,0.9961360680326448,0.9755301794453508,0.998330550918197,0.990489138644672,0.9515488482922956,0.9622507928392988,0.9075757575757576,1.0
BERTopic_topic_512,20.0,similarity+text_similarity+interactions,"All (Unweighted Clustering, No Square Clustering)",xgboost,374.508239230141,4769,5675,0.9966763200906884,0.985962014863749,0.9945827676599258,0.9738988580750408,0.9983277591973244,0.9886339466449136,0.9491255961844196,0.9579258254668775,0.9045454545454544,0.9983277591973244
BERTopic_topic_512,20.0,similarity+text_similarity+interactions,"All but Betweenness and Harmonic (Unweighted Clustering, No Square Clustering)",logistic_regression,374.508239230141,4769,5675,0.9962278637226472,0.9749582637729548,0.9889379061611614,0.9526916802610114,0.9982905982905984,0.9849903320342004,0.9372990353697748,0.949551578920429,0.8833333333333333,0.9982876712328768
BERTopic_topic_512,20.0,similarity+text_similarity+interactions,"All but Betweenness and Harmonic (Unweighted Clustering, No Square Clustering)",random_forest,374.508239230141,4769,5675,0.9981107916854424,0.989282769991756,0.9962923266786868,0.9787928221859706,1.0,0.989726879966162,0.9516256938937352,0.961223357737994,0.9090909090909092,0.9983361064891848
BERTopic_topic_512,20.0,similarity+text_similarity+interactions,"All but Betweenness and Harmonic (Unweighted Clustering, No Square Clustering)",xgboost,374.508239230141,4769,5675,0.996465143262674,0.9867768595041322,0.994364674200608,0.9738988580750408,1.0,0.9885590199099672,0.9491255961844196,0.957204724363419,0.9045454545454544,0.9983277591973244
BERTopic_topic_512,20.0,similarity+text_similarity+interactions,Core Number Only,logistic_regression,374.508239230141,4769,5675,0.9917101319344896,0.9618966977138018,0.981939553020994,0.9265905383360522,1.0,0.9284150578567328,0.9198036006546644,0.9206412568174662,0.8515151515151516,1.0
BERTopic_topic_512,20.0,similarity+text_similarity+interactions,Core Number Only,random_forest,374.508239230141,4769,5675,0.9850441273215712,0.9817880794701986,0.9763816821049178,0.967373572593801,0.9966386554621848,0.9754806791745976,0.947452229299363,0.9431944512749196,0.9015151515151516,0.9983221476510068
BERTopic_topic_512,20.0,similarity+text_similarity+interactions,Core Number Only,xgboost,374.508239230141,4769,5675,0.9916907020962245,0.9817880794701986,0.9822972409974752,0.967373572593801,0.9966386554621848,0.9783168675790808,0.9482071713147412,0.9461697882178718,0.9015151515151516,1.0
BERTopic_topic_512,20.0,text_similarity,"All (Unweighted Clustering, No Square Clustering)",logistic_regression,288.03162295906805,4769,5675,0.9871598208215642,0.9224353628023352,0.9701795466643436,0.9021207177814028,0.9436860068259386,0.9790958941357744,0.9103885804916731,0.9376293300601348,0.8696969696969697,0.9550748752079868
BERTopic_topic_512,20.0,text_similarity,"All (Unweighted Clustering, No Square Clustering)",random_forest,288.03162295906805,4769,5675,0.997269224549267,0.98598516075845,0.9952487163664316,0.9755301794453508,0.9966666666666668,0.9907914136378744,0.9492063492063492,0.9629755001289412,0.906060606060606,0.9966666666666668
BERTopic_topic_512,20.0,text_similarity,"All (Unweighted Clustering, No Square Clustering)",xgboost,288.03162295906805,4769,5675,0.996764441276356,0.9867768595041322,0.9944569919324188,0.9738988580750408,1.0,0.9887711109096952,0.9491255961844196,0.9580427189897082,0.9045454545454544,0.9983277591973244
BERTopic_topic_512,20.0,text_similarity,"All but Betweenness and Harmonic (Unweighted Clustering, No Square Clustering)",logistic_regression,288.03162295906805,4769,5675,0.992851389606332,0.9715719063545152,0.986380454267421,0.9477977161500816,0.9965694682675816,0.983430768301157,0.935483870967742,0.9486146428383856,0.8787878787878788,1.0
BERTopic_topic_512,20.0,text_similarity,"All but Betweenness and Harmonic (Unweighted Clustering, No Square Clustering)",random_forest,288.03162295906805,4769,5675,0.9971960191990352,0.986842105263158,0.9946262997568894,0.9787928221859706,0.9950248756218906,0.9900167678781836,0.9500396510705788,0.9618017581008054,0.9075757575757576,0.9966722129783694
BERTopic_topic_512,20.0,text_similarity,"All but Betweenness and Harmonic (Unweighted Clustering, No Square Clustering)",xgboost,288.03162295906805,4769,5675,0.99669928262682,0.9850993377483444,0.9943504147437902,0.9706362153344208,1.0,0.9891203661742044,0.9491255961844196,0.9590409524071994,0.9045454545454544,0.9983277591973244
BERTopic_topic_512,20.0,text_similarity,Core Number Only,logistic_regression,288.03162295906805,4769,5675,0.9916779451317068,0.9618966977138018,0.9819160950958415,0.9265905383360522,1.0,0.9284136982990424,0.9198036006546644,0.9206164448979502,0.8515151515151516,1.0
BERTopic_topic_512,20.0,text_similarity,Core Number Only,random_forest,288.03162295906805,4769,5675,0.9860717498787106,0.9826302729528535,0.9776908265719828,0.9690048939641108,0.9966442953020134,0.9768065500468291,0.9482895783611774,0.945147304739434,0.9030303030303032,0.998324958123953
BERTopic_topic_512,20.0,text_similarity,Core Number Only,xgboost,288.03162295906805,4769,5675,0.9900319041869536,0.9817880794701986,0.9824612805695944,0.967373572593801,0.9966386554621848,0.978387715640956,0.9482071713147412,0.946297636770425,0.9015151515151516,1.0
BERTopic_topic_512,20.0,text_similarity+interactions,"All (Unweighted Clustering, No Square Clustering)",logistic_regression,381.7936185207218,4769,5675,0.9919387759908432,0.9508474576271186,0.9793901076330472,0.9151712887438824,0.9894179894179894,0.9750287017734676,0.9056910569105692,0.9330218616088952,0.843939393939394,0.9771929824561404
BERTopic_topic_512,20.0,text_similarity+interactions,"All (Unweighted Clustering, No Square Clustering)",random_forest,381.7936185207218,4769,5675,0.9980018668345614,0.989282769991756,0.9958895306539536,0.9787928221859706,1.0,0.9889525363304028,0.9507936507936507,0.9605864816260048,0.9075757575757576,0.9983333333333332
BERTopic_topic_512,20.0,text_similarity+interactions,"All (Unweighted Clustering, No Square Clustering)",xgboost,381.7936185207218,4769,5675,0.9971237951537664,0.9876339653751032,0.9957295421680628,0.9771615008156608,0.9983333333333332,0.9896394150880692,0.9492063492063492,0.959809279477315,0.906060606060606,0.9966666666666668
BERTopic_topic_512,20.0,text_similarity+interactions,"All but Betweenness and Harmonic (Unweighted Clustering, No Square Clustering)",logistic_regression,381.7936185207218,4769,5675,0.99403876861143,0.972338642078793,0.9873854395750598,0.9461663947797716,1.0,0.9827253089217196,0.9337641357027464,0.9475483258176728,0.8757575757575757,1.0
BERTopic_topic_512,20.0,text_similarity+interactions,"All but Betweenness and Harmonic (Unweighted Clustering, No Square Clustering)",random_forest,381.7936185207218,4769,5675,0.9980837076684664,0.9876339653751032,0.9961046505623008,0.9771615008156608,0.9983333333333332,0.9895847306565152,0.9499602859412232,0.9608873966213658,0.906060606060606,0.998330550918197
BERTopic_topic_512,20.0,text_similarity+interactions,"All but Betweenness and Harmonic (Unweighted Clustering, No Square Clustering)",xgboost,381.7936185207218,4769,5675,0.9978360262958328,0.9868204283360792,0.9957214546187888,0.9771615008156608,0.9966722129783694,0.9899554367201426,0.9492063492063492,0.9606545716188374,0.906060606060606,0.9966666666666668
BERTopic_topic_512,20.0,text_similarity+interactions,Core Number Only,logistic_regression,381.7936185207218,4769,5675,0.9916628330352784,0.9618966977138018,0.981913345246894,0.9265905383360522,1.0,0.9284150578567328,0.9198036006546644,0.9206195264956244,0.8515151515151516,1.0
BERTopic_topic_512,20.0,text_similarity+interactions,Core Number Only,random_forest,381.7936185207218,4769,5675,0.9864601503830228,0.9817880794701986,0.9775984145416712,0.967373572593801,0.9966386554621848,0.975648962204296,0.947452229299363,0.9434890086679308,0.9015151515151516,0.9983221476510068
BERTopic_topic_512,20.0,text_similarity+interactions,Core Number Only,xgboost,381.7936185207218,4769,5675,0.9929779779465449,0.9817880794701986,0.9829359920182594,0.967373572593801,0.9966386554621848,0.9779683676243994,0.9482071713147412,0.9460481685807948,0.9015151515151516,1.0
BERTopic_topic_512,50.0,interactions,"All (Unweighted Clustering, No Square Clustering)",logistic_regression,6.114423200953752,5363,5675,0.8865408440308933,0.6339622641509434,0.7164166882070461,0.5225505443234837,0.8057553956834532,0.874537750385208,0.6280373831775701,0.6977929930623051,0.509090909090909,0.8195121951219512
BERTopic_topic_512,50.0,interactions,"All (Unweighted Clustering, No Square Clustering)",random_forest,6.114423200953752,5363,5675,0.9222175910061418,0.7912885662431942,0.833385041412027,0.6780715396578538,0.9498910675381264,0.9074811927852804,0.7832292595896521,0.8139454421461229,0.6651515151515152,0.9522776572668112
BERTopic_topic_512,50.0,interactions,"All (Unweighted Clustering, No Square Clustering)",xgboost,6.114423200953752,5363,5675,0.9247940664786356,0.8014121800529568,0.8349682263514577,0.7060653188180405,0.926530612244898,0.916966524668419,0.7805724197745013,0.8150237033677091,0.6818181818181818,0.9127789046653144
BERTopic_topic_512,50.0,interactions,"All but Betweenness and Harmonic (Unweighted Clustering, No Square Clustering)",logistic_regression,6.114423200953752,5363,5675,0.8819941613728022,0.6325581395348837,0.694051742822243,0.5287713841368584,0.7870370370370371,0.8689094836702015,0.6185185185185185,0.679812975255535,0.5060606060606061,0.7952380952380952
BERTopic_topic_512,50.0,interactions,"All but Betweenness and Harmonic (Unweighted Clustering, No Square Clustering)",random_forest,6.114423200953752,5363,5675,0.9199419432216568,0.7829246139872843,0.8322410899766685,0.6702954898911353,0.9410480349344978,0.9102646605637632,0.7798408488063661,0.814706381564434,0.6681818181818182,0.9363057324840764
BERTopic_topic_512,50.0,interactions,"All but Betweenness and Harmonic (Unweighted Clustering, No Square Clustering)",xgboost,6.114423200953752,5363,5675,0.9246260247252024,0.8035242290748899,0.8332282430150922,0.7091757387247278,0.926829268292683,0.9115579020514216,0.7913043478260869,0.813679360264906,0.6893939393939394,0.9285714285714286
BERTopic_topic_512,50.0,interactions,Core Number Only,logistic_regression,6.114423200953752,5363,5675,0.824268688878931,0.5390781563126252,0.5775426157212181,0.4183514774494556,0.7577464788732394,0.8175262092510347,0.5300492610837438,0.5681494950457326,0.4075757575757576,0.7577464788732394
BERTopic_topic_512,50.0,interactions,Core Number Only,random_forest,6.114423200953752,5363,5675,0.8212834765532329,0.5390781563126252,0.5695592526573111,0.4183514774494556,0.7577464788732394,0.8161093990755008,0.5300492610837438,0.5587445526827199,0.4075757575757576,0.7577464788732394
BERTopic_topic_512,50.0,interactions,Core Number Only,xgboost,6.114423200953752,5363,5675,0.8206353625747951,0.5390781563126252,0.5694379709070265,0.4183514774494556,0.7577464788732394,0.8160322064110697,0.5300492610837438,0.5570916288636095,0.4075757575757576,0.7577464788732394
BERTopic_topic_512,50.0,similarity,"All (Unweighted Clustering, No Square Clustering)",logistic_regression,61.44342605769634,5363,5675,0.9633062709228456,0.8793103448275862,0.9178817555782474,0.7931570762052877,0.986460348162476,0.9518606302305204,0.8651877133105802,0.8986035647918529,0.7681818181818182,0.990234375
BERTopic_topic_512,50.0,similarity,"All (Unweighted Clustering, No Square Clustering)",random_forest,61.44342605769634,5363,5675,0.991815872367346,0.9406021155410904,0.9758990226238128,0.8989113530326595,0.9863481228668942,0.9907269101785552,0.9264349232012936,0.9654531749085176,0.8681818181818182,0.9930675909878682
BERTopic_topic_512,50.0,similarity,"All (Unweighted Clustering, No Square Clustering)",xgboost,61.44342605769634,5363,5675,0.995165339905633,0.9346246973365616,0.9792744820168966,0.9004665629860031,0.971476510067114,0.9907397504456328,0.9250398724082934,0.9634949002546108,0.8787878787878788,0.9764309764309764
BERTopic_topic_512,50.0,similarity,"All but Betweenness and Harmonic (Unweighted Clustering, No Square Clustering)",logistic_regression,61.44342605769634,5363,5675,0.9636581701241532,0.8775862068965518,0.9177768937742026,0.7916018662519441,0.9845261121856866,0.9513180156500196,0.86615515771526,0.8973142389724537,0.7696969696969697,0.9902534113060428
BERTopic_topic_512,50.0,similarity,"All but Betweenness and Harmonic (Unweighted Clustering, No Square Clustering)",random_forest,61.44342605769634,5363,5675,0.9897962411366212,0.9406021155410904,0.9743358027837,0.8989113530326595,0.9863481228668942,0.988709779751654,0.9263157894736842,0.9639494564995048,0.8666666666666667,0.9947826086956522
BERTopic_topic_512,50.0,similarity,"All but Betweenness and Harmonic (Unweighted Clustering, No Square Clustering)",xgboost,61.44342605769634,5363,5675,0.9946615441389672,0.9352750809061487,0.9788449688237078,0.8989113530326595,0.9747048903878583,0.991334934590169,0.9252782193958664,0.9656180100122288,0.8818181818181818,0.9732441471571908
BERTopic_topic_512,50.0,similarity,Core Number Only,logistic_regression,61.44342605769634,5363,5675,0.9090294435511508,0.8383017163504969,0.8561561607163243,0.7216174183514774,1.0,0.8906797788452825,0.8224799286351472,0.8370929584500126,0.6984848484848485,1.0
BERTopic_topic_512,50.0,similarity,Core Number Only,random_forest,61.44342605769634,5363,5675,0.9363897711996204,0.8416370106761566,0.8735017586462518,0.7356143079315708,0.9833679833679834,0.9343167467295086,0.8374125874125874,0.8566674099831244,0.7257575757575757,0.9896694214876032
BERTopic_topic_512,50.0,similarity,Core Number Only,xgboost,61.44342605769634,5363,5675,0.9396397316603844,0.8423864648263579,0.8724281520847398,0.7356143079315708,0.9854166666666668,0.93592842684069,0.8388791593695272,0.8568271561322496,0.7257575757575757,0.9937759336099584
BERTopic_topic_512,50.0,similarity+interactions,"All (Unweighted Clustering, No Square Clustering)",logistic_regression,63.09561999805737,5363,5675,0.9329744049344966,0.8464951197870453,0.8918927538105628,0.7418351477449455,0.9855371900826446,0.9234232152028764,0.8346456692913385,0.8754291031524166,0.7227272727272728,0.9875776397515528
BERTopic_topic_512,50.0,similarity+interactions,"All (Unweighted Clustering, No Square Clustering)",random_forest,63.09561999805737,5363,5675,0.9913000500830323,0.9249793899422918,0.971733674497744,0.8724727838258165,0.9842105263157894,0.9873012779842292,0.913219789132198,0.9584518922570632,0.853030303030303,0.9825479930191972
BERTopic_topic_512,50.0,similarity+interactions,"All (Unweighted Clustering, No Square Clustering)",xgboost,63.09561999805737,5363,5675,0.9941442391333,0.9329021827000809,0.97742369686094,0.8973561430793157,0.9713804713804712,0.9898442551134476,0.929936305732484,0.9608959095526476,0.8848484848484849,0.9798657718120806
BERTopic_topic_512,50.0,similarity+interactions,"All but Betweenness and Harmonic (Unweighted Clustering, No Square Clustering)",logistic_regression,63.09561999805737,5363,5675,0.9330643566966286,0.8462222222222222,0.8917472913787532,0.7402799377916018,0.9875518672199172,0.9234703465361492,0.8271604938271605,0.8751764862595744,0.7106060606060606,0.989451476793249
BERTopic_topic_512,50.0,similarity+interactions,"All but Betweenness and Harmonic (Unweighted Clustering, No Square Clustering)",random_forest,63.09561999805737,5363,5675,0.9909346416427236,0.9310344827586208,0.9727322323284068,0.8818040435458787,0.9860869565217392,0.9863956615003474,0.9173419773095624,0.9583034181068446,0.8575757575757575,0.9860627177700348
BERTopic_topic_512,50.0,similarity+interactions,"All but Betweenness and Harmonic (Unweighted Clustering, No Square Clustering)",xgboost,63.09561999805737,5363,5675,0.9945231568126104,0.9353796445880452,0.9787486971151148,0.9004665629860031,0.973109243697479,0.9898128342245988,0.9258964143426296,0.9614558593604912,0.8803030303030303,0.976470588235294
BERTopic_topic_512,50.0,similarity+interactions,Core Number Only,logistic_regression,63.09561999805737,5363,5675,0.9086816630202704,0.8304623753399819,0.8543770864162317,0.7122861586314152,0.9956521739130436,0.8904054503157195,0.8199643493761141,0.8351608715253174,0.696969696969697,0.9956709956709956
BERTopic_topic_512,50.0,similarity+interactions,Core Number Only,random_forest,63.09561999805737,5363,5675,0.9317401217808472,0.8401420959147424,0.8688024410580759,0.7356143079315708,0.979296066252588,0.930667240702136,0.8263157894736842,0.8516502165496233,0.7136363636363636,0.98125
BERTopic_topic_512,50.0,similarity+interactions,Core Number Only,xgboost,63.09561999805737,5363,5675,0.9345052323589108,0.8398576512455516,0.8661235873616849,0.7340590979782271,0.9812889812889812,0.9329204809812986,0.8308501314636284,0.8532581539920592,0.7181818181818181,0.9854469854469856
BERTopic_topic_512,50.0,similarity+text_similarity,"All (Unweighted Clustering, No Square Clustering)",logistic_regression,328.89528616704047,5363,5675,0.9799127500856684,0.936995153473344,0.9597464851607332,0.9020217729393468,0.9747899159663864,0.9808488171848092,0.9329021827000809,0.9573026706794164,0.8742424242424243,1.0
BERTopic_topic_512,50.0,similarity+text_similarity,"All (Unweighted Clustering, No Square Clustering)",random_forest,328.89528616704047,5363,5675,0.9986019585101614,0.9810725552050472,0.9953989466775576,0.9673405909797824,0.9952,0.9963053264449075,0.9696969696969696,0.9865551949386474,0.9454545454545454,0.9952153110047848
BERTopic_topic_512,50.0,similarity+text_similarity,"All (Unweighted Clustering, No Square Clustering)",xgboost,328.89528616704047,5363,5675,0.9957482141445028,0.9802994483845549,0.993553025904023,0.9673405909797824,0.9936102236421726,0.9940969515695338,0.9728892331525948,0.985088230118281,0.9515151515151516,0.9952456418383518
BERTopic_topic_512,50.0,similarity+text_similarity,"All but Betweenness and Harmonic (Unweighted Clustering, No Square Clustering)",logistic_regression,328.89528616704047,5363,5675,0.988701004296597,0.9514563106796116,0.9765863517804816,0.9144634525660964,0.9915682967959528,0.9833842412157467,0.9418326693227091,0.9624568564652788,0.8954545454545455,0.9932773109243698
BERTopic_topic_512,50.0,similarity+text_similarity,"All but Betweenness and Harmonic (Unweighted Clustering, No Square Clustering)",random_forest,328.89528616704047,5363,5675,0.9964261472968342,0.9802683504340964,0.993254822056989,0.9657853810264384,0.9951923076923076,0.9955078703284088,0.9696498054474708,0.9856041382367372,0.943939393939394,0.9968
BERTopic_topic_512,50.0,similarity+text_similarity,"All but Betweenness and Harmonic (Unweighted Clustering, No Square Clustering)",xgboost,328.89528616704047,5363,5675,0.9961335569496796,0.9819607843137256,0.9938579772451412,0.973561430793157,0.990506329113924,0.9944043626695672,0.9728471683475562,0.9851411562610708,0.95,0.9968203497615262
BERTopic_topic_512,50.0,similarity+text_similarity,Core Number Only,logistic_regression,328.89528616704047,5363,5675,0.9885349395049688,0.9527687296416938,0.9732892320002252,0.9097978227060654,1.0,0.9641732378621712,0.9371980676328504,0.951112380115288,0.8818181818181818,1.0
BERTopic_topic_512,50.0,similarity+text_similarity,Core Number Only,random_forest,328.89528616704047,5363,5675,0.97823035558953,0.9762282091917592,0.9670073911302812,0.95800933125972,0.9951534733441034,0.9768701471343544,0.9609375,0.9593566151136248,0.9318181818181818,0.9919354838709676
BERTopic_topic_512,50.0,similarity+text_similarity,Core Number Only,xgboost,328.89528616704047,5363,5675,0.9839572844452646,0.9762282091917592,0.9725179533248124,0.95800933125972,0.9951534733441034,0.9798161575878424,0.9608763693270737,0.962012986469828,0.9303030303030304,0.9935275080906149
BERTopic_topic_512,50.0,similarity+text_similarity+interactions,"All (Unweighted Clustering, No Square Clustering)",logistic_regression,459.5503874123097,5363,5675,0.9864676964441048,0.9085271317829458,0.9675011443753826,0.911353032659409,0.9057187017001546,0.984685791111514,0.8770370370370371,0.9541810381644849,0.896969696969697,0.8579710144927536
BERTopic_topic_512,50.0,similarity+text_similarity+interactions,"All (Unweighted Clustering, No Square Clustering)",random_forest,459.5503874123097,5363,5675,0.9972309354983262,0.9818181818181818,0.9945946285585624,0.9657853810264384,0.9983922829581994,0.9953809782772892,0.968798751950078,0.985353979771342,0.9409090909090908,0.9983922829581994
BERTopic_topic_512,50.0,similarity+text_similarity+interactions,"All (Unweighted Clustering, No Square Clustering)",xgboost,459.5503874123097,5363,5675,0.9956572739014682,0.9810725552050472,0.9929530315356204,0.9673405909797824,0.9952,0.9939581256231306,0.969743987587277,0.9833523012046694,0.946969696969697,0.9936406995230525
BERTopic_topic_512,50.0,similarity+text_similarity+interactions,"All but Betweenness and Harmonic (Unweighted Clustering, No Square Clustering)",logistic_regression,459.5503874123097,5363,5675,0.9903590162638058,0.9654062751407884,0.97877708189218,0.9331259720062208,1.0,0.9860323574730354,0.9523809523809524,0.96425191810745,0.9090909090909092,1.0
BERTopic_topic_512,50.0,similarity+text_similarity+interactions,"All but Betweenness and Harmonic (Unweighted Clustering, No Square Clustering)",random_forest,459.5503874123097,5363,5675,0.9971605886074282,0.9794628751974724,0.994074033695963,0.9642301710730948,0.9951845906902088,0.9966991449892748,0.9672897196261684,0.985948248062382,0.9409090909090908,0.9951923076923076
BERTopic_topic_512,50.0,similarity+text_similarity+interactions,"All but Betweenness and Harmonic (Unweighted Clustering, No Square Clustering)",xgboost,459.5503874123097,5363,5675,0.996290560666368,0.9802683504340964,0.9933744280423302,0.9657853810264384,0.9951923076923076,0.9940538989093326,0.9689922480620154,0.9831917302890616,0.946969696969697,0.992063492063492
BERTopic_topic_512,50.0,similarity+text_similarity+interactions,Core Number Only,logistic_regression,459.5503874123097,5363,5675,0.988518959063711,0.9527687296416938,0.9733017036275,0.9097978227060654,1.0,0.9641708208707211,0.9371980676328504,0.9511427209608836,0.8818181818181818,1.0
BERTopic_topic_512,50.0,similarity+text_similarity+interactions,Core Number Only,random_forest,459.5503874123097,5363,5675,0.9783763212694732,0.9762282091917592,0.9670684336117888,0.95800933125972,0.9951534733441034,0.9755506208646788,0.9586260733801716,0.958079405831448,0.9303030303030304,0.9887278582930756
BERTopic_topic_512,50.0,similarity+text_similarity+interactions,Core Number Only,xgboost,459.5503874123097,5363,5675,0.9840836452539738,0.9754163362410784,0.972533189778262,0.9564541213063764,0.9951456310679612,0.9795493821565604,0.9593114241001564,0.9611119769505806,0.9287878787878788,0.9919093851132686
BERTopic_topic_512,50.0,text_similarity,"All (Unweighted Clustering, No Square Clustering)",logistic_regression,327.7964124890277,5363,5675,0.9891155072883993,0.8741522230595328,0.958977566061942,0.9020217729393468,0.847953216374269,0.9849595153932142,0.8833333333333333,0.9496456093879632,0.8833333333333333,0.8833333333333333
BERTopic_topic_512,50.0,text_similarity,"All (Unweighted Clustering, No Square Clustering)",random_forest,327.7964124890277,5363,5675,0.9970567981126606,0.9778830963665088,0.9935887525232204,0.9626749611197511,0.9935794542536116,0.996945527055198,0.9664848012470773,0.9869494671869246,0.9393939393939394,0.9951845906902088
BERTopic_topic_512,50.0,text_similarity,"All (Unweighted Clustering, No Square Clustering)",xgboost,327.7964124890277,5363,5675,0.9956440941561008,0.981042654028436,0.9927388285469548,0.9657853810264384,0.9967897271268058,0.9942566240671924,0.9680933852140078,0.9833172844252585,0.9424242424242424,0.9952
BERTopic_topic_512,50.0,text_similarity,"All but Betweenness and Harmonic (Unweighted Clustering, No Square Clustering)",logistic_regression,327.7964124890277,5363,5675,0.9897438516487862,0.9507667473769168,0.9768592190192616,0.91601866251944,0.988255033557047,0.9848616272394936,0.9410828025477708,0.9632650641825248,0.8954545454545455,0.9916107382550337
BERTopic_topic_512,50.0,text_similarity,"All but Betweenness and Harmonic (Unweighted Clustering, No Square Clustering)",random_forest,327.7964124890277,5363,5675,0.9962587645306692,0.9802994483845549,0.992212613984262,0.9673405909797824,0.9936102236421726,0.9955479017492976,0.9657320872274144,0.9856089884537615,0.9393939393939394,0.9935897435897436
BERTopic_topic_512,50.0,text_similarity,"All but Betweenness and Harmonic (Unweighted Clustering, No Square Clustering)",xgboost,327.7964124890277,5363,5675,0.9961043967630544,0.9818754925137904,0.9929308927058468,0.968895800933126,0.9952076677316294,0.9943368379709356,0.9672897196261684,0.9832546425174716,0.9409090909090908,0.9951923076923076
BERTopic_topic_512,50.0,text_similarity,Core Number Only,logistic_regression,327.7964124890277,5363,5675,0.9885267021641142,0.9527687296416938,0.973288876310922,0.9097978227060654,1.0,0.9641057131635398,0.9371980676328504,0.9508168721377565,0.8818181818181818,1.0
BERTopic_topic_512,50.0,text_similarity,Core Number Only,random_forest,327.7964124890277,5363,5675,0.979991828557872,0.9746835443037974,0.9679564514074728,0.95800933125972,0.9919484702093396,0.9789097857941328,0.9578783151326054,0.9611747829921772,0.9303030303030304,0.9871382636655948
BERTopic_topic_512,50.0,text_similarity,Core Number Only,xgboost,327.7964124890277,5363,5675,0.9843622321216754,0.9762282091917592,0.9744049732993132,0.95800933125972,0.9951534733441034,0.98242122118493,0.9586905689789555,0.964784962098722,0.9318181818181818,0.9871589085072232
BERTopic_topic_512,50.0,text_similarity+interactions,"All (Unweighted Clustering, No Square Clustering)",logistic_regression,451.3367989584804,5363,5675,0.9867375517305006,0.8926123381568926,0.9634367394213924,0.911353032659409,0.8746268656716418,0.9832555364210398,0.8845283018867924,0.9455172809312248,0.8878787878787879,0.881203007518797
BERTopic_topic_512,50.0,text_similarity+interactions,"All (Unweighted Clustering, No Square Clustering)",random_forest,451.3367989584804,5363,5675,0.9970390054564148,0.9779179810725552,0.9934654890038686,0.9642301710730948,0.992,0.996043989244388,0.9679937548790007,0.9854436049935756,0.9393939393939394,0.998389694041868
BERTopic_topic_512,50.0,text_similarity+interactions,"All (Unweighted Clustering, No Square Clustering)",xgboost,451.3367989584804,5363,5675,0.99535413975802,0.9771112865035516,0.9921751948280289,0.9626749611197511,0.9919871794871796,0.9947611710323574,0.9658385093167702,0.9834922107782356,0.9424242424242424,0.9904458598726116
BERTopic_topic_512,50.0,text_similarity+interactions,"All but Betweenness and Harmonic (Unweighted Clustering, No Square Clustering)",logistic_regression,451.3367989584804,5363,5675,0.9895728444526452,0.951534733441034,0.976410872780174,0.91601866251944,0.9899159663865548,0.9846679657995708,0.9410828025477708,0.9627751322698664,0.8954545454545455,0.9916107382550337
BERTopic_topic_512,50.0,text_similarity+interactions,"All but Betweenness and Harmonic (Unweighted Clustering, No Square Clustering)",random_forest,451.3367989584804,5363,5675,0.9971212141181433,0.9802994483845549,0.9936822089929372,0.9673405909797824,0.9936102236421726,0.99611287350071,0.9665369649805448,0.9856193608716513,0.9409090909090908,0.9936
BERTopic_topic_512,50.0,text_similarity+interactions,"All but Betweenness and Harmonic (Unweighted Clustering, No Square Clustering)",xgboost,451.3367989584804,5363,5675,0.995781328254738,0.9778481012658228,0.9925080825606196,0.9611197511664076,0.9951690821256038,0.9948980331732076,0.9664848012470773,0.9832402506043874,0.9393939393939394,0.9951845906902088
BERTopic_topic_512,50.0,text_similarity+interactions,Core Number Only,logistic_regression,451.3367989584804,5363,5675,0.9885145108996496,0.9527687296416938,0.97330204948384,0.9097978227060654,1.0,0.9641020876763648,0.9371980676328504,0.9508463714498124,0.8818181818181818,1.0
BERTopic_topic_512,50.0,text_similarity+interactions,Core Number Only,random_forest,451.3367989584804,5363,5675,0.9808495004876504,0.9754163362410784,0.9688221270743252,0.9564541213063764,0.9951456310679612,0.9772573189522342,0.9585613760750586,0.958780338972458,0.9287878787878788,0.9903069466882068
BERTopic_topic_512,50.0,text_similarity+interactions,Core Number Only,xgboost,451.3367989584804,5363,5675,0.984579038932968,0.9754163362410784,0.9736584456392564,0.9564541213063764,0.9951456310679612,0.9806501707000213,0.959375,0.9624055311677114,0.9303030303030304,0.9903225806451612
BERTopic_topic_512,100.0,interactions,"All (Unweighted Clustering, No Square Clustering)",logistic_regression,6.003121629008092,5675,5675,0.8737946765763317,0.548828125,0.6467234079186359,0.4257575757575758,0.771978021978022,0.8737946765763317,0.548828125,0.6467234079186359,0.4257575757575758,0.771978021978022
BERTopic_topic_512,100.0,interactions,"All (Unweighted Clustering, No Square Clustering)",random_forest,6.003121629008092,5675,5675,0.918130003927611,0.7790393013100436,0.820870040201773,0.6757575757575758,0.9195876288659792,0.918130003927611,0.7790393013100436,0.820870040201773,0.6757575757575758,0.9195876288659792
BERTopic_topic_512,100.0,interactions,"All (Unweighted Clustering, No Square Clustering)",xgboost,6.003121629008092,5675,5675,0.923418985467839,0.7776824034334764,0.8246612112937853,0.6863636363636364,0.897029702970297,0.923418985467839,0.7776824034334764,0.8246612112937853,0.6863636363636364,0.897029702970297
BERTopic_topic_512,100.0,interactions,"All but Betweenness and Harmonic (Unweighted Clustering, No Square Clustering)",logistic_regression,6.003121629008092,5675,5675,0.8724278679114172,0.5673076923076923,0.6482824006726261,0.4469696969696969,0.7763157894736842,0.8724278679114172,0.5673076923076923,0.6482824006726261,0.4469696969696969,0.7763157894736842
BERTopic_topic_512,100.0,interactions,"All but Betweenness and Harmonic (Unweighted Clustering, No Square Clustering)",random_forest,6.003121629008092,5675,5675,0.9213291942354754,0.7739665787159191,0.824467599957527,0.6666666666666666,0.9224318658280922,0.9213291942354754,0.7739665787159191,0.824467599957527,0.6666666666666666,0.9224318658280922
BERTopic_topic_512,100.0,interactions,"All but Betweenness and Harmonic (Unweighted Clustering, No Square Clustering)",xgboost,6.003121629008092,5675,5675,0.9248817184809208,0.7706734867860188,0.822830096524289,0.6848484848484848,0.8810916179337231,0.9248817184809208,0.7706734867860188,0.822830096524289,0.6848484848484848,0.8810916179337231
BERTopic_topic_512,100.0,interactions,Core Number Only,logistic_regression,6.003121629008092,5675,5675,0.8166654581709417,0.4625131995776135,0.5387924105383478,0.3318181818181818,0.7630662020905923,0.8166654581709417,0.4625131995776135,0.5387924105383478,0.3318181818181818,0.7630662020905923
BERTopic_topic_512,100.0,interactions,Core Number Only,random_forest,6.003121629008092,5675,5675,0.8135127949484879,0.4390779363336992,0.5298222901405075,0.303030303030303,0.796812749003984,0.8135127949484879,0.4390779363336992,0.5298222901405075,0.303030303030303,0.796812749003984
BERTopic_topic_512,100.0,interactions,Core Number Only,xgboost,6.003121629008092,5675,5675,0.8130454092268649,0.4390779363336992,0.5287228574318688,0.303030303030303,0.796812749003984,0.8130454092268649,0.4390779363336992,0.5287228574318688,0.303030303030303,0.796812749003984
BERTopic_topic_512,100.0,similarity,"All (Unweighted Clustering, No Square Clustering)",logistic_regression,82.3356878682971,5675,5675,0.9464095592011844,0.8449477351916377,0.8798771324387602,0.7348484848484849,0.9938524590163934,0.9464095592011844,0.8449477351916377,0.8798771324387602,0.7348484848484849,0.9938524590163934
BERTopic_topic_512,100.0,similarity,"All (Unweighted Clustering, No Square Clustering)",random_forest,82.3356878682971,5675,5675,0.995024169914499,0.9256329113924052,0.9814461932885148,0.8863636363636364,0.968543046357616,0.995024169914499,0.9256329113924052,0.9814461932885148,0.8863636363636364,0.968543046357616
BERTopic_topic_512,100.0,similarity,"All (Unweighted Clustering, No Square Clustering)",xgboost,82.3356878682971,5675,5675,0.9959527478171546,0.9372056514913658,0.9828499414903148,0.9045454545454544,0.972312703583062,0.9959527478171546,0.9372056514913658,0.9828499414903148,0.9045454545454544,0.972312703583062
BERTopic_topic_512,100.0,similarity,"All but Betweenness and Harmonic (Unweighted Clustering, No Square Clustering)",logistic_regression,82.3356878682971,5675,5675,0.9452781050787032,0.8487467588591184,0.8815367920124657,0.7439393939393939,0.9879275653923542,0.9452781050787032,0.8487467588591184,0.8815367920124657,0.7439393939393939,0.9879275653923542
BERTopic_topic_512,100.0,similarity,"All but Betweenness and Harmonic (Unweighted Clustering, No Square Clustering)",random_forest,82.3356878682971,5675,5675,0.9939513278346778,0.9281767955801103,0.9799796077307626,0.8909090909090909,0.9686985172981878,0.9939513278346778,0.9281767955801103,0.9799796077307626,0.8909090909090909,0.9686985172981878
BERTopic_topic_512,100.0,similarity,"All but Betweenness and Harmonic (Unweighted Clustering, No Square Clustering)",xgboost,82.3356878682971,5675,5675,0.995105290190036,0.9397967161845192,0.9820207591628,0.9106060606060606,0.9709208400646204,0.995105290190036,0.9397967161845192,0.9820207591628,0.9106060606060606,0.9709208400646204
BERTopic_topic_512,100.0,similarity,Core Number Only,logistic_regression,82.3356878682971,5675,5675,0.8945540650774948,0.8235294117647058,0.8359414583394995,0.7,1.0,0.8945540650774948,0.8235294117647058,0.8359414583394995,0.7,1.0
BERTopic_topic_512,100.0,similarity,Core Number Only,random_forest,82.3356878682971,5675,5675,0.9341063174114022,0.8446771378708552,0.8741580676903155,0.7333333333333333,0.9958847736625516,0.9341063174114022,0.8446771378708552,0.8741580676903155,0.7333333333333333,0.9958847736625516
BERTopic_topic_512,100.0,similarity,Core Number Only,xgboost,82.3356878682971,5675,5675,0.9369793649354964,0.8446771378708552,0.8749240590884041,0.7333333333333333,0.9958847736625516,0.9369793649354964,0.8446771378708552,0.8749240590884041,0.7333333333333333,0.9958847736625516
BERTopic_topic_512,100.0,similarity+interactions,"All (Unweighted Clustering, No Square Clustering)",logistic_regression,76.64566042192746,5675,5675,0.9282745702287076,0.8181011535048802,0.8649840925049894,0.6984848484848485,0.987152034261242,0.9282745702287076,0.8181011535048802,0.8649840925049894,0.6984848484848485,0.987152034261242
BERTopic_topic_512,100.0,similarity+interactions,"All (Unweighted Clustering, No Square Clustering)",random_forest,76.64566042192746,5675,5675,0.9955595335206502,0.9300864100549884,0.9799092589103062,0.896969696969697,0.965742251223491,0.9955595335206502,0.9300864100549884,0.9799092589103062,0.896969696969697,0.965742251223491
BERTopic_topic_512,100.0,similarity+interactions,"All (Unweighted Clustering, No Square Clustering)",xgboost,76.64566042192746,5675,5675,0.9953318831384632,0.9259547934528448,0.980917502041784,0.9,0.9534510433386838,0.9953318831384632,0.9259547934528448,0.980917502041784,0.9,0.9534510433386838
BERTopic_topic_512,100.0,similarity+interactions,"All but Betweenness and Harmonic (Unweighted Clustering, No Square Clustering)",logistic_regression,76.64566042192746,5675,5675,0.924801353515212,0.8198757763975155,0.864201911100206,0.7,0.9892933618843684,0.924801353515212,0.8198757763975155,0.864201911100206,0.7,0.9892933618843684
BERTopic_topic_512,100.0,similarity+interactions,"All but Betweenness and Harmonic (Unweighted Clustering, No Square Clustering)",random_forest,76.64566042192746,5675,5675,0.9925677512915796,0.9284028324154208,0.9773875773809092,0.8939393939393939,0.9656301145662848,0.9925677512915796,0.9284028324154208,0.9773875773809092,0.8939393939393939,0.9656301145662848
BERTopic_topic_512,100.0,similarity+interactions,"All but Betweenness and Harmonic (Unweighted Clustering, No Square Clustering)",xgboost,76.64566042192746,5675,5675,0.9952285567539804,0.9328125,0.9813843158269414,0.9045454545454544,0.9629032258064516,0.9952285567539804,0.9328125,0.9813843158269414,0.9045454545454544,0.9629032258064516
BERTopic_topic_512,100.0,similarity+interactions,Core Number Only,logistic_regression,76.64566042192746,5675,5675,0.8932355962415783,0.8202846975088968,0.8333078667445504,0.6984848484848485,0.9935344827586208,0.8932355962415783,0.8202846975088968,0.8333078667445504,0.6984848484848485,0.9935344827586208
BERTopic_topic_512,100.0,similarity+interactions,Core Number Only,random_forest,76.64566042192746,5675,5675,0.9325739448321704,0.8424717145343777,0.8689242477058536,0.7333333333333333,0.9897750511247444,0.9325739448321704,0.8424717145343777,0.8689242477058536,0.7333333333333333,0.9897750511247444
BERTopic_topic_512,100.0,similarity+interactions,Core Number Only,xgboost,76.64566042192746,5675,5675,0.93405571165292,0.8414634146341463,0.8703881407769258,0.7318181818181818,0.9897540983606558,0.93405571165292,0.8414634146341463,0.8703881407769258,0.7318181818181818,0.9897540983606558
BERTopic_topic_512,100.0,similarity+text_similarity,"All (Unweighted Clustering, No Square Clustering)",logistic_regression,370.04915793798864,5675,5675,0.9717036768482432,0.7942857142857143,0.913214132926659,0.8424242424242424,0.7513513513513513,0.9717036768482432,0.7942857142857143,0.913214132926659,0.8424242424242424,0.7513513513513513
BERTopic_topic_512,100.0,similarity+text_similarity,"All (Unweighted Clustering, No Square Clustering)",random_forest,370.04915793798864,5675,5675,0.9972112450527206,0.9776751347190146,0.9914889562423124,0.9621212121212122,0.9937402190923318,0.9972112450527206,0.9776751347190146,0.9914889562423124,0.9621212121212122,0.9937402190923318
BERTopic_topic_512,100.0,similarity+text_similarity,"All (Unweighted Clustering, No Square Clustering)",xgboost,370.04915793798864,5675,5675,0.9935481434484426,0.9754601226993864,0.988038875056692,0.9636363636363636,0.9875776397515528,0.9935481434484426,0.9754601226993864,0.988038875056692,0.9636363636363636,0.9875776397515528
BERTopic_topic_512,100.0,similarity+text_similarity,"All but Betweenness and Harmonic (Unweighted Clustering, No Square Clustering)",logistic_regression,370.04915793798864,5675,5675,0.9835121907006252,0.9499602859412232,0.9703912695148416,0.906060606060606,0.998330550918197,0.9835121907006252,0.9499602859412232,0.9703912695148416,0.906060606060606,0.998330550918197
BERTopic_topic_512,100.0,similarity+text_similarity,"All but Betweenness and Harmonic (Unweighted Clustering, No Square Clustering)",random_forest,370.04915793798864,5675,5675,0.995288830478262,0.9761354888375674,0.9904694560177818,0.9606060606060606,0.9921752738654148,0.995288830478262,0.9761354888375674,0.9904694560177818,0.9606060606060606,0.9921752738654148
BERTopic_topic_512,100.0,similarity+text_similarity,"All but Betweenness and Harmonic (Unweighted Clustering, No Square Clustering)",xgboost,370.04915793798864,5675,5675,0.9938481525121604,0.9761721752498078,0.988606594436725,0.9621212121212122,0.9906396255850234,0.9938481525121604,0.9761721752498078,0.988606594436725,0.9621212121212122,0.9906396255850234
BERTopic_topic_512,100.0,similarity+text_similarity,Core Number Only,logistic_regression,370.04915793798864,5675,5675,0.9837100818755854,0.9456869009584664,0.9680096844595596,0.896969696969697,1.0,0.9837100818755854,0.9456869009584664,0.9680096844595596,0.896969696969697,1.0
BERTopic_topic_512,100.0,similarity+text_similarity,Core Number Only,random_forest,370.04915793798864,5675,5675,0.9792697664582012,0.9728892331525948,0.9666677726631984,0.9515151515151516,0.9952456418383518,0.9792697664582012,0.9728892331525948,0.9666677726631984,0.9515151515151516,0.9952456418383518
BERTopic_topic_512,100.0,similarity+text_similarity,Core Number Only,xgboost,370.04915793798864,5675,5675,0.9805693525484152,0.9736842105263158,0.9706177483515872,0.953030303030303,0.995253164556962,0.9805693525484152,0.9736842105263158,0.9706177483515872,0.953030303030303,0.995253164556962
BERTopic_topic_512,100.0,similarity+text_similarity+interactions,"All (Unweighted Clustering, No Square Clustering)",logistic_regression,437.995308984071,5675,5675,0.9700936584186834,0.7481431465226198,0.9048566031801858,0.8393939393939394,0.6747868453105969,0.9700936584186834,0.7481431465226198,0.9048566031801858,0.8393939393939394,0.6747868453105969
BERTopic_topic_512,100.0,similarity+text_similarity+interactions,"All (Unweighted Clustering, No Square Clustering)",random_forest,437.995308984071,5675,5675,0.9964665095622224,0.9777094542659492,0.9908776205820532,0.9636363636363636,0.9921996879875196,0.9964665095622224,0.9777094542659492,0.9908776205820532,0.9636363636363636,0.9921996879875196
BERTopic_topic_512,100.0,similarity+text_similarity+interactions,"All (Unweighted Clustering, No Square Clustering)",xgboost,437.995308984071,5675,5675,0.9931849904830964,0.976958525345622,0.987649342319434,0.9636363636363636,0.9906542056074766,0.9931849904830964,0.976958525345622,0.987649342319434,0.9636363636363636,0.9906542056074766
BERTopic_topic_512,100.0,similarity+text_similarity+interactions,"All but Betweenness and Harmonic (Unweighted Clustering, No Square Clustering)",logistic_regression,437.995308984071,5675,5675,0.9834212513973232,0.9516256938937352,0.9705248202115736,0.9090909090909092,0.9983361064891848,0.9834212513973232,0.9516256938937352,0.9705248202115736,0.9090909090909092,0.9983361064891848
BERTopic_topic_512,100.0,similarity+text_similarity+interactions,"All but Betweenness and Harmonic (Unweighted Clustering, No Square Clustering)",random_forest,437.995308984071,5675,5675,0.9944682618810236,0.9784615384615384,0.9894343029183414,0.9636363636363636,0.99375,0.9944682618810236,0.9784615384615384,0.9894343029183414,0.9636363636363636,0.99375
BERTopic_topic_512,100.0,similarity+text_similarity+interactions,"All but Betweenness and Harmonic (Unweighted Clustering, No Square Clustering)",xgboost,437.995308984071,5675,5675,0.9934919483972324,0.976958525345622,0.9881731372872452,0.9636363636363636,0.9906542056074766,0.9934919483972324,0.976958525345622,0.9881731372872452,0.9636363636363636,0.9906542056074766
BERTopic_topic_512,100.0,similarity+text_similarity+interactions,Core Number Only,logistic_regression,437.995308984071,5675,5675,0.9836893863862954,0.9456869009584664,0.9680010635387666,0.896969696969697,1.0,0.9836893863862954,0.9456869009584664,0.9680010635387666,0.896969696969697,1.0
BERTopic_topic_512,100.0,similarity+text_similarity+interactions,Core Number Only,random_forest,437.995308984071,5675,5675,0.9769672799782472,0.9713400464756003,0.9635475775012682,0.95,0.993660855784469,0.9769672799782472,0.9713400464756003,0.9635475775012682,0.95,0.993660855784469
BERTopic_topic_512,100.0,similarity+text_similarity+interactions,Core Number Only,xgboost,437.995308984071,5675,5675,0.9799243179552252,0.9728892331525948,0.9683878641993052,0.9515151515151516,0.9952456418383518,0.9799243179552252,0.9728892331525948,0.9683878641993052,0.9515151515151516,0.9952456418383518
BERTopic_topic_512,100.0,text_similarity,"All (Unweighted Clustering, No Square Clustering)",logistic_regression,368.7558059790172,5675,5675,0.9674301338409016,0.7425876010781671,0.8928133801751009,0.8348484848484848,0.6686893203883495,0.9674301338409016,0.7425876010781671,0.8928133801751009,0.8348484848484848,0.6686893203883495
BERTopic_topic_512,100.0,text_similarity,"All (Unweighted Clustering, No Square Clustering)",random_forest,368.7558059790172,5675,5675,0.995203329405722,0.9737654320987654,0.99040680845489,0.956060606060606,0.9921383647798742,0.995203329405722,0.9737654320987654,0.99040680845489,0.956060606060606,0.9921383647798742
BERTopic_topic_512,100.0,text_similarity,"All (Unweighted Clustering, No Square Clustering)",xgboost,368.7558059790172,5675,5675,0.993866582071966,0.9754224270353302,0.9879292913923589,0.9621212121212122,0.9890965732087228,0.993866582071966,0.9754224270353302,0.9879292913923589,0.9621212121212122,0.9890965732087228
BERTopic_topic_512,100.0,text_similarity,"All but Betweenness and Harmonic (Unweighted Clustering, No Square Clustering)",logistic_regression,368.7558059790172,5675,5675,0.9834091664400736,0.9541139240506328,0.97197764804521,0.9136363636363636,0.9983443708609272,0.9834091664400736,0.9541139240506328,0.97197764804521,0.9136363636363636,0.9983443708609272
BERTopic_topic_512,100.0,text_similarity,"All but Betweenness and Harmonic (Unweighted Clustering, No Square Clustering)",random_forest,368.7558059790172,5675,5675,0.9950066467264872,0.9730561970746728,0.9891509562822968,0.9575757575757576,0.9890453834115804,0.9950066467264872,0.9730561970746728,0.9891509562822968,0.9575757575757576,0.9890453834115804
BERTopic_topic_512,100.0,text_similarity,"All but Betweenness and Harmonic (Unweighted Clustering, No Square Clustering)",xgboost,368.7558059790172,5675,5675,0.9941720293664464,0.9754601226993864,0.9884007133007428,0.9636363636363636,0.9875776397515528,0.9941720293664464,0.9754601226993864,0.9884007133007428,0.9636363636363636,0.9875776397515528
BERTopic_topic_512,100.0,text_similarity,Core Number Only,logistic_regression,368.7558059790172,5675,5675,0.9836720142602496,0.9456869009584664,0.967949357669006,0.896969696969697,1.0,0.9836720142602496,0.9456869009584664,0.967949357669006,0.896969696969697,1.0
BERTopic_topic_512,100.0,text_similarity,Core Number Only,random_forest,368.7558059790172,5675,5675,0.9787001117858548,0.9721362229102168,0.9648003274334392,0.9515151515151516,0.9936708860759492,0.9787001117858548,0.9721362229102168,0.9648003274334392,0.9515151515151516,0.9936708860759492
BERTopic_topic_512,100.0,text_similarity,Core Number Only,xgboost,368.7558059790172,5675,5675,0.9814740626605032,0.9736842105263158,0.9690173452412092,0.953030303030303,0.995253164556962,0.9814740626605032,0.9736842105263158,0.9690173452412092,0.953030303030303,0.995253164556962
BERTopic_topic_512,100.0,text_similarity+interactions,"All (Unweighted Clustering, No Square Clustering)",logistic_regression,412.5644823107869,5675,5675,0.9576697181183722,0.7625178826895566,0.8848126522824772,0.8075757575757576,0.7222222222222222,0.9576697181183722,0.7625178826895566,0.8848126522824772,0.8075757575757576,0.7222222222222222
BERTopic_topic_512,100.0,text_similarity+interactions,"All (Unweighted Clustering, No Square Clustering)",random_forest,412.5644823107869,5675,5675,0.9950294570832956,0.9768875192604006,0.98942116011,0.9606060606060606,0.9937304075235108,0.9950294570832956,0.9768875192604006,0.98942116011,0.9606060606060606,0.9937304075235108
BERTopic_topic_512,100.0,text_similarity+interactions,"All (Unweighted Clustering, No Square Clustering)",xgboost,412.5644823107869,5675,5675,0.993746638871265,0.9769230769230768,0.987857124529399,0.9621212121212122,0.9921875,0.993746638871265,0.9769230769230768,0.987857124529399,0.9621212121212122,0.9921875
BERTopic_topic_512,100.0,text_similarity+interactions,"All but Betweenness and Harmonic (Unweighted Clustering, No Square Clustering)",logistic_regression,412.5644823107869,5675,5675,0.9832692830599112,0.9492063492063492,0.9699822164927924,0.906060606060606,0.9966666666666668,0.9832692830599112,0.9492063492063492,0.9699822164927924,0.906060606060606,0.9966666666666668
BERTopic_topic_512,100.0,text_similarity+interactions,"All but Betweenness and Harmonic (Unweighted Clustering, No Square Clustering)",random_forest,412.5644823107869,5675,5675,0.993591498232575,0.9753086419753086,0.9880794097427816,0.9575757575757576,0.9937106918238994,0.993591498232575,0.9753086419753086,0.9880794097427816,0.9575757575757576,0.9937106918238994
BERTopic_topic_512,100.0,text_similarity+interactions,"All but Betweenness and Harmonic (Unweighted Clustering, No Square Clustering)",xgboost,412.5644823107869,5675,5675,0.9938520801232666,0.9769230769230768,0.9879153850636944,0.9621212121212122,0.9921875,0.9938520801232666,0.9769230769230768,0.9879153850636944,0.9621212121212122,0.9921875
BERTopic_topic_512,100.0,text_similarity+interactions,Core Number Only,logistic_regression,412.5644823107869,5675,5675,0.9836522251427536,0.9456869009584664,0.9679422652558868,0.896969696969697,1.0,0.9836522251427536,0.9456869009584664,0.9679422652558868,0.896969696969697,1.0
BERTopic_topic_512,100.0,text_similarity+interactions,Core Number Only,random_forest,412.5644823107869,5675,5675,0.97680065863017,0.9705882352941176,0.9626720861591668,0.95,0.9920886075949368,0.97680065863017,0.9705882352941176,0.9626720861591668,0.95,0.9920886075949368
BERTopic_topic_512,100.0,text_similarity+interactions,Core Number Only,xgboost,412.5644823107869,5675,5675,0.9801185836430104,0.9728892331525948,0.9677736240990612,0.9515151515151516,0.9952456418383518,0.9801185836430104,0.9728892331525948,0.9677736240990612,0.9515151515151516,0.9952456418383518
K_Means_topic_128,1.0,interactions,"All (Unweighted Clustering, No Square Clustering)",logistic_regression,8.097895704209805,2587,5675,0.9297183211989464,0.7560627674750356,0.8231321879156158,0.6675062972292192,0.8717105263157895,0.7888739841082812,0.5355648535564853,0.555967084687839,0.3878787878787879,0.8648648648648649
K_Means_topic_128,1.0,interactions,"All (Unweighted Clustering, No Square Clustering)",random_forest,8.097895704209805,2587,5675,0.9497624880668945,0.8317107093184979,0.8962234846276512,0.7531486146095718,0.9285714285714286,0.8048821716668176,0.6083418107833164,0.6132843336681014,0.453030303030303,0.9256965944272446
K_Means_topic_128,1.0,interactions,"All (Unweighted Clustering, No Square Clustering)",xgboost,8.097895704209805,2587,5675,0.9516487813855056,0.8517006802721089,0.9007884368511524,0.7884130982367759,0.9260355029585798,0.8143675035499562,0.6232464929859719,0.6136996663640962,0.4712121212121212,0.9201183431952664
K_Means_topic_128,1.0,interactions,"All but Betweenness and Harmonic (Unweighted Clustering, No Square Clustering)",logistic_regression,8.097895704209805,2587,5675,0.927053356796982,0.7428571428571429,0.8124728465446619,0.654911838790932,0.858085808580858,0.7834795613160517,0.5291666666666667,0.5470572590845202,0.3848484848484848,0.8466666666666667
K_Means_topic_128,1.0,interactions,"All but Betweenness and Harmonic (Unweighted Clustering, No Square Clustering)",random_forest,8.097895704209805,2587,5675,0.9510437873089266,0.8403361344537815,0.8961027692435961,0.7556675062972292,0.946372239747634,0.8089806338560077,0.6192893401015228,0.6158294667568357,0.4621212121212121,0.9384615384615383
K_Means_topic_128,1.0,interactions,"All but Betweenness and Harmonic (Unweighted Clustering, No Square Clustering)",xgboost,8.097895704209805,2587,5675,0.954221731479245,0.845945945945946,0.9000064132954787,0.7884130982367759,0.912536443148688,0.8090322970482493,0.626746506986028,0.6088253812225953,0.4757575757575757,0.9181286549707602
K_Means_topic_128,1.0,interactions,Core Number Only,logistic_regression,8.097895704209805,2587,5675,0.8540791093014963,0.6198473282442748,0.6560350033629004,0.5113350125944585,0.7868217054263565,0.7007760053173813,0.4422657952069717,0.44725409234064,0.3075757575757575,0.7868217054263565
K_Means_topic_128,1.0,interactions,Core Number Only,random_forest,8.097895704209805,2587,5675,0.8460842160956028,0.6198473282442748,0.6382576797074391,0.5113350125944585,0.7868217054263565,0.6995847306565153,0.4422657952069717,0.4396216092728505,0.3075757575757575,0.7868217054263565
K_Means_topic_128,1.0,interactions,Core Number Only,xgboost,8.097895704209805,2587,5675,0.8458081731709282,0.6198473282442748,0.6380090658110927,0.5113350125944585,0.7868217054263565,0.6995702287078158,0.4422657952069717,0.439505956744205,0.3075757575757575,0.7868217054263565
K_Means_topic_128,1.0,similarity,"All (Unweighted Clustering, No Square Clustering)",logistic_regression,70.55182732082903,2587,5675,0.9792070666988716,0.9054054054054054,0.9496509281621456,0.8438287153652393,0.97667638483965,0.8410350765884165,0.674,0.6541636747739118,0.5106060606060606,0.9911764705882352
K_Means_topic_128,1.0,similarity,"All (Unweighted Clustering, No Square Clustering)",random_forest,70.55182732082903,2587,5675,0.996139424680538,0.95,0.9863395430355362,0.9093198992443324,0.9944903581267218,0.865360131726034,0.7057673509286413,0.6883910382390976,0.546969696969697,0.9944903581267218
K_Means_topic_128,1.0,similarity,"All (Unweighted Clustering, No Square Clustering)",xgboost,70.55182732082903,2587,5675,0.993887949576159,0.9596879063719116,0.9843720652529696,0.929471032745592,0.9919354838709676,0.8645022508232877,0.7130434782608696,0.6832035410330105,0.5590909090909091,0.984
K_Means_topic_128,1.0,similarity,"All but Betweenness and Harmonic (Unweighted Clustering, No Square Clustering)",logistic_regression,70.55182732082903,2587,5675,0.9801444624639132,0.9081081081081082,0.9518398267245496,0.8463476070528967,0.979591836734694,0.842594942445391,0.6733067729083665,0.656216105040812,0.5121212121212121,0.9825581395348836
K_Means_topic_128,1.0,similarity,"All but Betweenness and Harmonic (Unweighted Clustering, No Square Clustering)",random_forest,70.55182732082903,2587,5675,0.9926377051631528,0.9540078843626808,0.9840151409294507,0.9143576826196472,0.9972527472527472,0.8648330765279919,0.708984375,0.6878357263342438,0.55,0.9972527472527472
K_Means_topic_128,1.0,similarity,"All but Betweenness and Harmonic (Unweighted Clustering, No Square Clustering)",xgboost,70.55182732082903,2587,5675,0.9936107564726316,0.9623865110246432,0.9846915502775582,0.9345088161209067,0.9919786096256684,0.8646155472975015,0.7131782945736435,0.6833006826181006,0.5575757575757576,0.989247311827957
K_Means_topic_128,1.0,similarity,Core Number Only,logistic_regression,70.55182732082903,2587,5675,0.9533481706405346,0.907840440165062,0.9311087326386452,0.8312342569269522,1.0,0.6947699326263633,0.6503067484662577,0.6093485701208878,0.4818181818181818,1.0
K_Means_topic_128,1.0,similarity,Core Number Only,random_forest,70.55182732082903,2587,5675,0.955419067665022,0.9184782608695652,0.9311716556457011,0.8513853904282116,0.9970501474926252,0.8213656001691894,0.6766766766766766,0.6344228794686562,0.5121212121212121,0.9970501474926252
K_Means_topic_128,1.0,similarity,Core Number Only,xgboost,70.55182732082903,2587,5675,0.955546737517684,0.9184782608695652,0.9313298708131382,0.8513853904282116,0.9970501474926252,0.8232762319103296,0.6766766766766766,0.636138107318506,0.5121212121212121,0.9970501474926252
K_Means_topic_128,1.0,similarity+interactions,"All (Unweighted Clustering, No Square Clustering)",logistic_regression,38.264694686979055,2587,5675,0.9672739611009512,0.9105691056910568,0.9414406029606912,0.8463476070528967,0.9853372434017597,0.8322127556723768,0.6733266733266733,0.6465247464029921,0.5106060606060606,0.9882697947214076
K_Means_topic_128,1.0,similarity+interactions,"All (Unweighted Clustering, No Square Clustering)",random_forest,38.264694686979055,2587,5675,0.995632195806448,0.9491525423728814,0.9865432047780212,0.9168765743073048,0.9837837837837838,0.8658616574518867,0.7087378640776699,0.688308461120668,0.553030303030303,0.9864864864864864
K_Means_topic_128,1.0,similarity+interactions,"All (Unweighted Clustering, No Square Clustering)",xgboost,38.264694686979055,2587,5675,0.9958823597069344,0.9587628865979382,0.9880268828351656,0.9370277078085644,0.9815303430079156,0.8671561074352699,0.7203065134099617,0.6869343196152055,0.5696969696969697,0.9791666666666666
K_Means_topic_128,1.0,similarity+interactions,"All but Betweenness and Harmonic (Unweighted Clustering, No Square Clustering)",logistic_regression,38.264694686979055,2587,5675,0.9697123402689116,0.907859078590786,0.942567572865858,0.8438287153652393,0.9824046920821116,0.8354004652708542,0.6706706706706707,0.6487905885882961,0.5075757575757576,0.9882005899705014
K_Means_topic_128,1.0,similarity+interactions,"All but Betweenness and Harmonic (Unweighted Clustering, No Square Clustering)",random_forest,38.264694686979055,2587,5675,0.9942611826138964,0.9491525423728814,0.9849885161766015,0.9168765743073048,0.9837837837837838,0.8657959454968428,0.7112403100775194,0.6876159092974672,0.556060606060606,0.9865591397849462
K_Means_topic_128,1.0,similarity+interactions,"All but Betweenness and Harmonic (Unweighted Clustering, No Square Clustering)",xgboost,38.264694686979055,2587,5675,0.9959962274133628,0.9574193548387095,0.9883208772286756,0.9345088161209067,0.9814814814814816,0.8662569866159099,0.7185398655139289,0.6847397229740066,0.5666666666666667,0.9816272965879264
K_Means_topic_128,1.0,similarity+interactions,Core Number Only,logistic_regression,38.264694686979055,2587,5675,0.952203742681987,0.8980716253443526,0.9283746917797592,0.8211586901763224,0.9908814589665652,0.6950444122178918,0.6448311156601843,0.6076622254845454,0.4772727272727273,0.9936908517350158
K_Means_topic_128,1.0,similarity+interactions,Core Number Only,random_forest,38.264694686979055,2587,5675,0.9480918532831856,0.913279132791328,0.915050206176983,0.8488664987405542,0.9882697947214076,0.8179315085047887,0.6733266733266733,0.6267740473208251,0.5106060606060606,0.9882697947214076
K_Means_topic_128,1.0,similarity+interactions,Core Number Only,xgboost,38.264694686979055,2587,5675,0.9510535638291756,0.9147496617050068,0.9199987624747146,0.8513853904282116,0.9883040935672516,0.8206116498987884,0.6746506986027944,0.6310025729943429,0.5121212121212121,0.9883040935672516
K_Means_topic_128,1.0,similarity+text_similarity,"All (Unweighted Clustering, No Square Clustering)",logistic_regression,136.52582467498723,2587,5675,0.9942560068090588,0.9768637532133676,0.9895665999946752,0.9571788413098236,0.9973753280839897,0.8683467778482734,0.7288461538461538,0.6912688281320819,0.5742424242424242,0.9973684210526316
K_Means_topic_128,1.0,similarity+text_similarity,"All (Unweighted Clustering, No Square Clustering)",random_forest,136.52582467498723,2587,5675,0.9981740910711616,0.9859514687100894,0.995853627536252,0.9722921914357684,1.0,0.8749598175171456,0.7368421052631579,0.6995543955650529,0.5833333333333334,1.0
K_Means_topic_128,1.0,similarity+text_similarity,"All (Unweighted Clustering, No Square Clustering)",xgboost,136.52582467498723,2587,5675,0.9986105839458036,0.983481575603558,0.9952605813290648,0.9748110831234256,0.9923076923076924,0.8737795703797697,0.7338403041825095,0.6966779655172622,0.5848484848484848,0.9846938775510204
K_Means_topic_128,1.0,similarity+text_similarity,"All but Betweenness and Harmonic (Unweighted Clustering, No Square Clustering)",logistic_regression,136.52582467498723,2587,5675,0.9951128900544036,0.979539641943734,0.9920906439028436,0.964735516372796,0.9948051948051948,0.8697120758935316,0.7318007662835249,0.6941844913817814,0.5787878787878787,0.9947916666666666
K_Means_topic_128,1.0,similarity+text_similarity,"All but Betweenness and Harmonic (Unweighted Clustering, No Square Clustering)",random_forest,136.52582467498723,2587,5675,0.9982316000138024,0.9872448979591836,0.9959689340933238,0.9748110831234256,1.0,0.8748354935194417,0.7373447946513849,0.6995968629048497,0.5848484848484848,0.9974160206718348
K_Means_topic_128,1.0,similarity+text_similarity,"All but Betweenness and Harmonic (Unweighted Clustering, No Square Clustering)",xgboost,136.52582467498723,2587,5675,0.9986485398479464,0.983481575603558,0.9954849358303184,0.9748110831234256,0.9923076923076924,0.8746040665881144,0.7352380952380952,0.697963626828915,0.5848484848484848,0.9897435897435898
K_Means_topic_128,1.0,similarity+text_similarity,Core Number Only,logistic_regression,136.52582467498723,2587,5675,0.9937947850890814,0.9794344473007712,0.9884934546508096,0.9596977329974812,1.0,0.7065808634701956,0.723404255319149,0.644467482055224,0.5666666666666667,1.0
K_Means_topic_128,1.0,similarity+text_similarity,Core Number Only,random_forest,136.52582467498723,2587,5675,0.9852437804078537,0.979591836734694,0.9770675096153422,0.9672544080604534,0.992248062015504,0.8655297743134234,0.7335243553008596,0.6892264005492202,0.5818181818181818,0.992248062015504
K_Means_topic_128,1.0,similarity+text_similarity,Core Number Only,xgboost,136.52582467498723,2587,5675,0.9875280356095372,0.9770408163265306,0.9827999623204152,0.964735516372796,0.9896640826873384,0.8669018701471343,0.731614135625597,0.6887045600104253,0.5803030303030303,0.9896640826873384
K_Means_topic_128,1.0,similarity+text_similarity+interactions,"All (Unweighted Clustering, No Square Clustering)",logistic_regression,142.4083105623722,2587,5675,0.994193897151007,0.9807938540332908,0.9905702006169432,0.964735516372796,0.9973958333333334,0.8724459953472914,0.734225621414914,0.6971747673229219,0.5818181818181818,0.9948186528497408
K_Means_topic_128,1.0,similarity+text_similarity+interactions,"All (Unweighted Clustering, No Square Clustering)",random_forest,142.4083105623722,2587,5675,0.9969825057796486,0.9821428571428572,0.9947391565602876,0.9697732997481108,0.9948320413436692,0.8745283845433397,0.7366412213740458,0.6993374817977311,0.5848484848484848,0.9948453608247424
K_Means_topic_128,1.0,similarity+text_similarity+interactions,"All (Unweighted Clustering, No Square Clustering)",xgboost,142.4083105623722,2587,5675,0.9982707060947976,0.9847328244274808,0.9945893898196746,0.9748110831234256,0.9948586118251928,0.8744457536481465,0.7350427350427351,0.6978410054691987,0.5863636363636363,0.9847328244274808
K_Means_topic_128,1.0,similarity+text_similarity+interactions,"All but Betweenness and Harmonic (Unweighted Clustering, No Square Clustering)",logistic_regression,142.4083105623722,2587,5675,0.9944768411487986,0.979591836734694,0.9918008378195848,0.9672544080604534,0.992248062015504,0.8717695398652526,0.7323135755258127,0.6959000643004999,0.5803030303030303,0.9922279792746114
K_Means_topic_128,1.0,similarity+text_similarity+interactions,"All but Betweenness and Harmonic (Unweighted Clustering, No Square Clustering)",random_forest,142.4083105623722,2587,5675,0.9969549014871812,0.98343949044586,0.9944075764570788,0.9722921914357684,0.9948453608247424,0.8746231003957823,0.7366412213740458,0.6994185563649076,0.5848484848484848,0.9948453608247424
K_Means_topic_128,1.0,similarity+text_similarity+interactions,"All but Betweenness and Harmonic (Unweighted Clustering, No Square Clustering)",xgboost,142.4083105623722,2587,5675,0.9982862335093108,0.9847328244274808,0.9946368669629936,0.9748110831234256,0.9948586118251928,0.8743895585969366,0.7355450236966825,0.6978840045491969,0.5878787878787879,0.9822784810126582
K_Means_topic_128,1.0,similarity+text_similarity+interactions,Core Number Only,logistic_regression,142.4083105623722,2587,5675,0.9937321003416032,0.978120978120978,0.98842441366317,0.9571788413098236,1.0,0.7065631892202182,0.723404255319149,0.6444464649917528,0.5666666666666667,1.0
K_Means_topic_128,1.0,similarity+text_similarity+interactions,Core Number Only,random_forest,142.4083105623722,2587,5675,0.9869270671589432,0.9770408163265306,0.9796656359157638,0.964735516372796,0.9896640826873384,0.8663875041542041,0.731614135625597,0.6895218007954307,0.5803030303030303,0.9896640826873384
K_Means_topic_128,1.0,similarity+text_similarity+interactions,Core Number Only,xgboost,142.4083105623722,2587,5675,0.9884752078948276,0.9770408163265306,0.9826408356320484,0.964735516372796,0.9896640826873384,0.8670842019396355,0.7323135755258127,0.6881786199954343,0.5803030303030303,0.9922279792746114
K_Means_topic_128,1.0,text_similarity,"All (Unweighted Clustering, No Square Clustering)",logistic_regression,105.9314909321256,2587,5675,0.9940455240789944,0.9413265306122448,0.9861005104481468,0.929471032745592,0.9534883720930232,0.8665409831112723,0.7223823246878002,0.6884415507490974,0.5696969696969697,0.9868766404199476
K_Means_topic_128,1.0,text_similarity,"All (Unweighted Clustering, No Square Clustering)",random_forest,105.9314909321256,2587,5675,0.999413408785066,0.9859872611464968,0.9972165476694766,0.9748110831234256,0.9974226804123713,0.8756844617662165,0.7378455672068637,0.7009241302972219,0.5863636363636363,0.9948586118251928
K_Means_topic_128,1.0,text_similarity,"All (Unweighted Clustering, No Square Clustering)",xgboost,105.9314909321256,2587,5675,0.99833914173654,0.98343949044586,0.9949797923741368,0.9722921914357684,0.9948453608247424,0.8745073869301188,0.736441484300666,0.6980258689385591,0.5863636363636363,0.989769820971867
K_Means_topic_128,1.0,text_similarity,"All but Betweenness and Harmonic (Unweighted Clustering, No Square Clustering)",logistic_regression,105.9314909321256,2587,5675,0.995176149891308,0.975609756097561,0.9897493882029968,0.9571788413098236,0.9947643979057592,0.8658279706335539,0.7305848513902206,0.6886631026319207,0.5772727272727273,0.9947780678851176
K_Means_topic_128,1.0,text_similarity,"All but Betweenness and Harmonic (Unweighted Clustering, No Square Clustering)",random_forest,105.9314909321256,2587,5675,0.9982252740301116,0.9859872611464968,0.9960352700240436,0.9748110831234256,0.9974226804123713,0.8758707211698239,0.7397521448999047,0.7009466441708225,0.5878787878787879,0.9974293059125964
K_Means_topic_128,1.0,text_similarity,"All but Betweenness and Harmonic (Unweighted Clustering, No Square Clustering)",xgboost,105.9314909321256,2587,5675,0.9982574790379904,0.983397190293742,0.994783849541484,0.9697732997481108,0.9974093264248703,0.8744191667421977,0.7376425855513308,0.697954552546055,0.5878787878787879,0.9897959183673468
K_Means_topic_128,1.0,text_similarity,Core Number Only,logistic_regression,105.9314909321256,2587,5675,0.9936803422932264,0.978120978120978,0.9881296309719412,0.9571788413098236,1.0,0.7066381159551649,0.723404255319149,0.6443038812868438,0.5666666666666667,1.0
K_Means_topic_128,1.0,text_similarity,Core Number Only,random_forest,105.9314909321256,2587,5675,0.9868408037449824,0.9782886334610472,0.9787722248159304,0.964735516372796,0.9922279792746114,0.8641448382126348,0.731614135625597,0.6864416337324303,0.5803030303030303,0.9896640826873384
K_Means_topic_128,1.0,text_similarity,Core Number Only,xgboost,105.9314909321256,2587,5675,0.9888714445096212,0.9769820971867008,0.9843273924673388,0.9622166246851386,0.9922077922077922,0.8656894468110818,0.7304015296367112,0.6871179387292459,0.5787878787878787,0.9896373056994818
K_Means_topic_128,1.0,text_similarity+interactions,"All (Unweighted Clustering, No Square Clustering)",logistic_regression,127.6484658792615,2587,5675,0.9937165729270904,0.972972972972973,0.9874839235065266,0.9521410579345088,0.9947368421052633,0.865741261065289,0.7269230769230769,0.689820121614934,0.5727272727272728,0.9947368421052633
K_Means_topic_128,1.0,text_similarity+interactions,"All (Unweighted Clustering, No Square Clustering)",random_forest,127.6484658792615,2587,5675,0.9982350505503608,0.98343949044586,0.9960411805917748,0.9722921914357684,0.9948453608247424,0.8757053083174718,0.7378455672068637,0.7007584297182097,0.5863636363636363,0.9948586118251928
K_Means_topic_128,1.0,text_similarity+interactions,"All (Unweighted Clustering, No Square Clustering)",xgboost,127.6484658792615,2587,5675,0.9986755690509874,0.9809402795425668,0.9954636062578416,0.9722921914357684,0.9897435897435898,0.8754010695187165,0.7345385347288297,0.6992730786727597,0.5848484848484848,0.9872122762148338
K_Means_topic_128,1.0,text_similarity+interactions,"All but Betweenness and Harmonic (Unweighted Clustering, No Square Clustering)",logistic_regression,127.6484658792615,2587,5675,0.9950933370139056,0.9769230769230768,0.9897587414013485,0.9596977329974812,0.9947780678851176,0.8676334632466238,0.7256977863330125,0.6920970314314399,0.5712121212121212,0.9947229551451188
K_Means_topic_128,1.0,text_similarity+interactions,"All but Betweenness and Harmonic (Unweighted Clustering, No Square Clustering)",random_forest,127.6484658792615,2587,5675,0.998282207883326,0.9847328244274808,0.9961869772786764,0.9748110831234256,0.9948586118251928,0.8751125411643855,0.7371428571428571,0.6995234553833938,0.5863636363636363,0.9923076923076924
K_Means_topic_128,1.0,text_similarity+interactions,"All but Betweenness and Harmonic (Unweighted Clustering, No Square Clustering)",xgboost,127.6484658792615,2587,5675,0.9986749939615612,0.9809402795425668,0.9954852564830396,0.9722921914357684,0.9897435897435898,0.8754086226169975,0.7345385347288297,0.6993038419363837,0.5848484848484848,0.9872122762148338
K_Means_topic_128,1.0,text_similarity+interactions,Core Number Only,logistic_regression,127.6484658792615,2587,5675,0.9937056462279884,0.978120978120978,0.988206358337232,0.9571788413098236,1.0,0.7066236140064655,0.723404255319149,0.6443360363505203,0.5666666666666667,1.0
K_Means_topic_128,1.0,text_similarity+interactions,Core Number Only,random_forest,127.6484658792615,2587,5675,0.9870305832556964,0.979591836734694,0.976995325448379,0.9672544080604534,0.992248062015504,0.8659388501163178,0.732824427480916,0.6875219332739324,0.5818181818181818,0.9896907216494846
K_Means_topic_128,1.0,text_similarity+interactions,Core Number Only,xgboost,127.6484658792615,2587,5675,0.9887736793071324,0.9770992366412212,0.9793540963354808,0.9672544080604534,0.987146529562982,0.867110184597722,0.732824427480916,0.6893094581229778,0.5818181818181818,0.9896907216494846
K_Means_topic_128,5.0,interactions,"All (Unweighted Clustering, No Square Clustering)",logistic_regression,8.918880521785468,5061,5675,0.8935210681852376,0.6772388059701493,0.7378491991015327,0.5698587127158555,0.8344827586206897,0.876095501374664,0.6414746543778802,0.7035145587265632,0.5272727272727272,0.8188235294117647
K_Means_topic_128,5.0,interactions,"All (Unweighted Clustering, No Square Clustering)",random_forest,8.918880521785468,5061,5675,0.933370781891836,0.8050314465408805,0.8626740776754669,0.7032967032967034,0.9411764705882352,0.918416568476389,0.7961335676625659,0.8360763950409813,0.6863636363636364,0.9476987447698744
K_Means_topic_128,5.0,interactions,"All (Unweighted Clustering, No Square Clustering)",xgboost,8.918880521785468,5061,5675,0.9393202057565272,0.8232235701906413,0.8671329580432511,0.7456828885400314,0.9187620889748548,0.9207983624882926,0.8109028960817717,0.8329216533298389,0.7212121212121212,0.926070038910506
K_Means_topic_128,5.0,interactions,"All but Betweenness and Harmonic (Unweighted Clustering, No Square Clustering)",logistic_regression,8.918880521785468,5061,5675,0.8907468467982547,0.6778398510242085,0.7353032348637194,0.5714285714285714,0.8329519450800915,0.8713364452098251,0.6483011937557392,0.6990935578620533,0.5348484848484848,0.8228438228438228
K_Means_topic_128,5.0,interactions,"All but Betweenness and Harmonic (Unweighted Clustering, No Square Clustering)",random_forest,8.918880521785468,5061,5675,0.9358080727074528,0.8178571428571428,0.8602065538348994,0.7189952904238619,0.94824016563147,0.9176458503278044,0.8010517090271692,0.8347332290128165,0.6924242424242424,0.95010395010395
K_Means_topic_128,5.0,interactions,"All but Betweenness and Harmonic (Unweighted Clustering, No Square Clustering)",xgboost,8.918880521785468,5061,5675,0.9345080778173004,0.8305821025195482,0.8662624289584319,0.750392464678179,0.9299610894941636,0.9151631469228678,0.8109495295124037,0.8277934636338363,0.7181818181818181,0.931237721021611
K_Means_topic_128,5.0,interactions,Core Number Only,logistic_regression,8.918880521785468,5061,5675,0.8299524358359285,0.5454545454545454,0.5794617628405312,0.4332810047095761,0.736,0.8155483549351943,0.5333333333333333,0.568189820116815,0.4181818181818181,0.736
K_Means_topic_128,5.0,interactions,Core Number Only,random_forest,8.918880521785468,5061,5675,0.826889720973937,0.5454545454545454,0.5736990586231461,0.4332810047095761,0.736,0.811692649324753,0.5333333333333333,0.5507614285910133,0.4181818181818181,0.736
K_Means_topic_128,5.0,interactions,Core Number Only,xgboost,8.918880521785468,5061,5675,0.8268765915045946,0.5454545454545454,0.5737001828747738,0.4332810047095761,0.736,0.8115548808121091,0.5333333333333333,0.550185251396637,0.4181818181818181,0.736
K_Means_topic_128,5.0,similarity,"All (Unweighted Clustering, No Square Clustering)",logistic_regression,134.87555017042905,5061,5675,0.9695587930540138,0.8462206776715899,0.9082439739378478,0.7645211930926217,0.9474708171206224,0.947193721864709,0.8151986183074266,0.8726386596776908,0.7151515151515152,0.9477911646586346
K_Means_topic_128,5.0,similarity,"All (Unweighted Clustering, No Square Clustering)",random_forest,134.87555017042905,5061,5675,0.991692062135746,0.9429037520391516,0.980501037364302,0.9073783359497644,0.9813242784380306,0.9869017190851688,0.9232012934518996,0.9621635702781282,0.8651515151515151,0.9896013864818024
K_Means_topic_128,5.0,similarity,"All (Unweighted Clustering, No Square Clustering)",xgboost,134.87555017042905,5061,5675,0.99437278040998,0.9430633520449078,0.9815934481495576,0.9230769230769232,0.9639344262295082,0.988284087132542,0.9270998415213946,0.9598772430857764,0.8863636363636364,0.9717607973421928
K_Means_topic_128,5.0,similarity,"All but Betweenness and Harmonic (Unweighted Clustering, No Square Clustering)",logistic_regression,134.87555017042905,5061,5675,0.9683022673529004,0.8544027898866609,0.9102513730463816,0.7692307692307693,0.9607843137254902,0.9471245354844556,0.8224137931034483,0.8767521079853539,0.7227272727272728,0.954
K_Means_topic_128,5.0,similarity,"All but Betweenness and Harmonic (Unweighted Clustering, No Square Clustering)",random_forest,134.87555017042905,5061,5675,0.9918604387087984,0.9438567941415784,0.9800975273098111,0.9105180533751962,0.9797297297297296,0.9870764977793892,0.9240710823909531,0.9621915739041532,0.8666666666666667,0.9896193771626296
K_Means_topic_128,5.0,similarity,"All but Betweenness and Harmonic (Unweighted Clustering, No Square Clustering)",xgboost,134.87555017042905,5061,5675,0.9939125392819528,0.9424,0.9814587094977704,0.9246467817896388,0.9608482871125612,0.9886112873500712,0.9285714285714286,0.959882257484094,0.8863636363636364,0.975
K_Means_topic_128,5.0,similarity,Core Number Only,logistic_regression,134.87555017042905,5061,5675,0.9187041000848802,0.8439201451905626,0.8641404241287785,0.7299843014128728,1.0,0.8950447143418229,0.8224799286351472,0.8377134604495587,0.6984848484848485,1.0
K_Means_topic_128,5.0,similarity,Core Number Only,random_forest,134.87555017042905,5061,5675,0.9473486988341032,0.8584229390681004,0.8931615658588521,0.7519623233908949,1.0,0.9321156228284844,0.8403508771929824,0.8490590047134396,0.7257575757575757,0.9979166666666668
K_Means_topic_128,5.0,similarity,Core Number Only,xgboost,134.87555017042905,5061,5675,0.947880619767729,0.8584229390681004,0.8926050117011708,0.7519623233908949,1.0,0.9328561285839452,0.8410886742756805,0.8490854668369412,0.7257575757575757,1.0
K_Means_topic_128,5.0,similarity+interactions,"All (Unweighted Clustering, No Square Clustering)",logistic_regression,75.70516747701913,5061,5675,0.9696670224634576,0.8392701998262381,0.9086776099555404,0.7582417582417582,0.9396887159533074,0.9479647421372246,0.8184991273996509,0.8763112570704454,0.7106060606060606,0.9650205761316872
K_Means_topic_128,5.0,similarity+interactions,"All (Unweighted Clustering, No Square Clustering)",random_forest,75.70516747701913,5061,5675,0.9933321812519692,0.937908496732026,0.981174495442494,0.9010989010989012,0.9778534923339012,0.9884800145019488,0.9133603238866396,0.9621128644241368,0.8545454545454545,0.9808695652173912
K_Means_topic_128,5.0,similarity+interactions,"All (Unweighted Clustering, No Square Clustering)",xgboost,75.70516747701913,5061,5675,0.994830537584348,0.9452495974235104,0.982189036631676,0.9215070643642072,0.9702479338842976,0.9872094323091332,0.9245432883240668,0.9547012098506032,0.8818181818181818,0.9716193656093488
K_Means_topic_128,5.0,similarity+interactions,"All but Betweenness and Harmonic (Unweighted Clustering, No Square Clustering)",logistic_regression,75.70516747701913,5061,5675,0.9695910844515856,0.8534258456201215,0.9115806941011464,0.7723704866562009,0.9534883720930232,0.947408531979818,0.8263888888888888,0.8788321319501952,0.7212121212121212,0.967479674796748
K_Means_topic_128,5.0,similarity+interactions,"All but Betweenness and Harmonic (Unweighted Clustering, No Square Clustering)",random_forest,75.70516747701913,5061,5675,0.9938990549620876,0.938875305623472,0.9807876694345516,0.9042386185243328,0.976271186440678,0.9883582585576604,0.919093851132686,0.96025142932303,0.8606060606060606,0.9861111111111112
K_Means_topic_128,5.0,similarity+interactions,"All but Betweenness and Harmonic (Unweighted Clustering, No Square Clustering)",xgboost,75.70516747701913,5061,5675,0.9936236909564216,0.9477071600965408,0.9811134206906168,0.9246467817896388,0.971947194719472,0.9866900812713376,0.9228321400159109,0.9554246024475824,0.8787878787878788,0.9715242881072028
K_Means_topic_128,5.0,similarity+interactions,Core Number Only,logistic_regression,75.70516747701913,5061,5675,0.9175522552879826,0.8405797101449275,0.8613339717285824,0.728414442700157,0.9935760171306208,0.8942637239795764,0.8192341941228851,0.8349889025299141,0.696969696969697,0.9935205183585312
K_Means_topic_128,5.0,similarity+interactions,Core Number Only,random_forest,75.70516747701913,5061,5675,0.942390017628974,0.8640692640692641,0.887846441350544,0.783359497645212,0.9633204633204632,0.9262110637783618,0.8471986417657046,0.8431621900633178,0.7560606060606061,0.9633204633204632
K_Means_topic_128,5.0,similarity+interactions,Core Number Only,xgboost,75.70516747701913,5061,5675,0.9446917555448944,0.8591304347826086,0.8898261087201751,0.7755102040816326,0.9629629629629628,0.927469561013928,0.8471986417657046,0.8471561140834362,0.7560606060606061,0.9633204633204632
K_Means_topic_128,5.0,similarity+text_similarity,"All (Unweighted Clustering, No Square Clustering)",logistic_regression,301.6115690820152,5061,5675,0.9837102319019136,0.9460112812248188,0.9653819670128482,0.9215070643642072,0.9718543046357616,0.9787720172814888,0.9440894568690096,0.9478339850715912,0.8954545454545455,0.9983108108108107
K_Means_topic_128,5.0,similarity+text_similarity,"All (Unweighted Clustering, No Square Clustering)",random_forest,301.6115690820152,5061,5675,0.997593226329341,0.9736632083000798,0.993990687986086,0.957613814756672,0.9902597402597404,0.9922032387685428,0.9575471698113208,0.9765609951524152,0.9227272727272728,0.9950980392156864
K_Means_topic_128,5.0,similarity+text_similarity,"All (Unweighted Clustering, No Square Clustering)",xgboost,301.6115690820152,5061,5675,0.9969131553024604,0.9769291964996022,0.9920241323155232,0.9638932496075352,0.9903225806451612,0.9936990543520952,0.9633099141295862,0.9760416107692794,0.9348484848484848,0.9935587761674718
K_Means_topic_128,5.0,similarity+text_similarity,"All but Betweenness and Harmonic (Unweighted Clustering, No Square Clustering)",logistic_regression,301.6115690820152,5061,5675,0.9854568061749668,0.9592169657422512,0.9705765750150522,0.9230769230769232,0.99830220713073,0.9786088703586212,0.9415532425940752,0.949069848704058,0.8909090909090909,0.99830220713073
K_Means_topic_128,5.0,similarity+text_similarity,"All but Betweenness and Harmonic (Unweighted Clustering, No Square Clustering)",random_forest,301.6115690820152,5061,5675,0.9968308299811788,0.9761146496815286,0.9928321999059686,0.9623233908948194,0.9903069466882068,0.992858998761292,0.9615686274509804,0.976802945998374,0.9287878787878788,0.9967479674796748
K_Means_topic_128,5.0,similarity+text_similarity,"All but Betweenness and Harmonic (Unweighted Clustering, No Square Clustering)",xgboost,301.6115690820152,5061,5675,0.9968524758630676,0.9785544082605242,0.9918692187889674,0.967032967032967,0.990353697749196,0.9930736578144356,0.9633671083398284,0.9750345721402855,0.9363636363636364,0.9919743178170144
K_Means_topic_128,5.0,similarity+text_similarity,Core Number Only,logistic_regression,301.6115690820152,5061,5675,0.981251295204408,0.9548810500410172,0.9673368298857068,0.913657770800628,1.0,0.9506402006102904,0.9329021827000809,0.9375664940843652,0.8742424242424243,1.0
K_Means_topic_128,5.0,similarity+text_similarity,Core Number Only,random_forest,301.6115690820152,5061,5675,0.9778340846701736,0.9620661824051656,0.962546803033988,0.93563579277865,0.9900332225913622,0.9736656696576936,0.94770206022187,0.9463390032926404,0.906060606060606,0.9933554817275748
K_Means_topic_128,5.0,similarity+text_similarity,Core Number Only,xgboost,301.6115690820152,5061,5675,0.9786756126849128,0.9629032258064516,0.9651010334401298,0.9372056514913658,0.9900497512437813,0.972750536269978,0.9484536082474226,0.9469216480923922,0.906060606060606,0.995008319467554
K_Means_topic_128,5.0,similarity+text_similarity+interactions,"All (Unweighted Clustering, No Square Clustering)",logistic_regression,334.93457035534084,5061,5675,0.9791901459429232,0.92442322991249,0.9604418377137226,0.912087912087912,0.9370967741935484,0.97558883954198,0.9400479616306956,0.947858274805295,0.8909090909090909,0.9949238578680204
K_Means_topic_128,5.0,similarity+text_similarity+interactions,"All (Unweighted Clustering, No Square Clustering)",random_forest,334.93457035534084,5061,5675,0.9966741634753776,0.9760383386581468,0.992430807974206,0.9591836734693876,0.9934959349593496,0.9935070545937944,0.959119496855346,0.9772950605095394,0.9242424242424242,0.9967320261437908
K_Means_topic_128,5.0,similarity+text_similarity+interactions,"All (Unweighted Clustering, No Square Clustering)",xgboost,334.93457035534084,5061,5675,0.9968294105790876,0.9792993630573248,0.9916566944771352,0.9654631083202512,0.9935379644588044,0.9932081029638358,0.9625,0.9769108026170756,0.9333333333333332,0.9935483870967742
K_Means_topic_128,5.0,similarity+text_similarity+interactions,"All but Betweenness and Harmonic (Unweighted Clustering, No Square Clustering)",logistic_regression,334.93457035534084,5061,5675,0.9825551934503112,0.9583673469387756,0.9693716716289984,0.9215070643642072,0.9982993197278912,0.9764048762802502,0.9398556535685646,0.9494881129240792,0.8878787878787879,0.9982964224872232
K_Means_topic_128,5.0,similarity+text_similarity+interactions,"All but Betweenness and Harmonic (Unweighted Clustering, No Square Clustering)",random_forest,334.93457035534084,5061,5675,0.996827636326474,0.9760765550239234,0.9928652026420084,0.9607535321821036,0.9918962722852512,0.9925769660714826,0.9607535321821036,0.9761313721182504,0.9272727272727272,0.996742671009772
K_Means_topic_128,5.0,similarity+text_similarity+interactions,"All but Betweenness and Harmonic (Unweighted Clustering, No Square Clustering)",xgboost,334.93457035534084,5061,5675,0.9968130874550404,0.9777070063694268,0.9915414386021548,0.9638932496075352,0.9919224555735056,0.9931718480920874,0.9600626468285044,0.9769463128578156,0.9287878787878788,0.993517017828201
K_Means_topic_128,5.0,similarity+text_similarity+interactions,Core Number Only,logistic_regression,334.93457035534084,5061,5675,0.9811565501148296,0.9548810500410172,0.9672902472277184,0.913657770800628,1.0,0.9505636121937218,0.9329021827000809,0.9375007713288602,0.8742424242424243,1.0
K_Means_topic_128,5.0,similarity+text_similarity+interactions,Core Number Only,random_forest,334.93457035534084,5061,5675,0.9750515242959056,0.9612277867528272,0.9598734577943968,0.934065934065934,0.9900166389351082,0.9709341671953836,0.9468675654242664,0.9435492306229798,0.9045454545454544,0.9933444259567388
K_Means_topic_128,5.0,similarity+text_similarity+interactions,Core Number Only,xgboost,334.93457035534084,5061,5675,0.9763818589057546,0.9629032258064516,0.9626752625546708,0.9372056514913658,0.9900497512437813,0.971575123115502,0.9484536082474226,0.9445083400759434,0.906060606060606,0.995008319467554
K_Means_topic_128,5.0,text_similarity,"All (Unweighted Clustering, No Square Clustering)",logistic_regression,254.8903572899289,5061,5675,0.9714817280368818,0.9401148482362592,0.953274413299986,0.8995290423861853,0.9845360824742267,0.9723802833922476,0.9338709677419356,0.9438660184666616,0.8772727272727273,0.9982758620689656
K_Means_topic_128,5.0,text_similarity,"All (Unweighted Clustering, No Square Clustering)",random_forest,254.8903572899289,5061,5675,0.9967362623168616,0.9760383386581468,0.992891064378272,0.9591836734693876,0.9934959349593496,0.9919482461705792,0.9591836734693876,0.9753619274694696,0.9257575757575758,0.995114006514658
K_Means_topic_128,5.0,text_similarity,"All (Unweighted Clustering, No Square Clustering)",xgboost,254.8903572899289,5061,5675,0.9967857639647876,0.9777424483306836,0.991858431599128,0.9654631083202512,0.9903381642512076,0.9921443246019518,0.9641185647425896,0.972991362540098,0.9363636363636364,0.9935691318327974
K_Means_topic_128,5.0,text_similarity,"All but Betweenness and Harmonic (Unweighted Clustering, No Square Clustering)",logistic_regression,254.8903572899289,5061,5675,0.9854188371690312,0.9608482871125612,0.974256353458744,0.9246467817896388,1.0,0.97353409468564,0.9364440868865648,0.9473226480570948,0.8818181818181818,0.9982847341337908
K_Means_topic_128,5.0,text_similarity,"All but Betweenness and Harmonic (Unweighted Clustering, No Square Clustering)",random_forest,254.8903572899289,5061,5675,0.9967501014872496,0.9792993630573248,0.9926691765491652,0.9654631083202512,0.9935379644588044,0.992333000997009,0.9607535321821036,0.974850948836858,0.9272727272727272,0.996742671009772
K_Means_topic_128,5.0,text_similarity,"All but Betweenness and Harmonic (Unweighted Clustering, No Square Clustering)",xgboost,254.8903572899289,5061,5675,0.9967080517003016,0.9777424483306836,0.991253882894223,0.9654631083202512,0.9903381642512076,0.9920766488413548,0.9625,0.9723056445572392,0.9333333333333332,0.9935483870967742
K_Means_topic_128,5.0,text_similarity,Core Number Only,logistic_regression,254.8903572899289,5061,5675,0.9811026128353691,0.9548810500410172,0.9669634096914675,0.913657770800628,1.0,0.950585667240702,0.9329021827000809,0.9370737861618698,0.8742424242424243,1.0
K_Means_topic_128,5.0,text_similarity,Core Number Only,random_forest,254.8903572899289,5061,5675,0.9728700807072028,0.958570268074736,0.957879474608971,0.9262166405023547,0.9932659932659932,0.9692874407081784,0.9413629160063391,0.9394489042677412,0.9,0.9867109634551496
K_Means_topic_128,5.0,text_similarity,Core Number Only,xgboost,254.8903572899289,5061,5675,0.9747640953724652,0.9602595296025952,0.9606857363805624,0.9293563579277864,0.9932885906040269,0.9711657451886768,0.943606036536934,0.9438193725554196,0.9,0.991652754590985
K_Means_topic_128,5.0,text_similarity+interactions,"All (Unweighted Clustering, No Square Clustering)",logistic_regression,324.0325160752982,5061,5675,0.967976869423524,0.9230769230769232,0.9446408915687464,0.8759811616954474,0.9755244755244756,0.9679580954107376,0.9296685529506872,0.9371695765849356,0.8712121212121212,0.9965337954939342
K_Means_topic_128,5.0,text_similarity+interactions,"All (Unweighted Clustering, No Square Clustering)",random_forest,324.0325160752982,5061,5675,0.9967437141778396,0.977671451355662,0.992713793836162,0.9623233908948194,0.993517017828201,0.9916118311731472,0.9607535321821036,0.9743809732950588,0.9272727272727272,0.996742671009772
K_Means_topic_128,5.0,text_similarity+interactions,"All (Unweighted Clustering, No Square Clustering)",xgboost,324.0325160752982,5061,5675,0.9969823511543996,0.9784860557768924,0.9914427849113902,0.9638932496075352,0.9935275080906149,0.9915322215172664,0.9625,0.9718698630333938,0.9333333333333332,0.9935483870967742
K_Means_topic_128,5.0,text_similarity+interactions,"All but Betweenness and Harmonic (Unweighted Clustering, No Square Clustering)",logistic_regression,324.0325160752982,5061,5675,0.9823987043697712,0.9566639411283728,0.9674883645464446,0.9183673469387756,0.9982935153583616,0.970273875343666,0.9338709677419356,0.9415466879020912,0.8772727272727273,0.9982758620689656
K_Means_topic_128,5.0,text_similarity+interactions,"All but Betweenness and Harmonic (Unweighted Clustering, No Square Clustering)",random_forest,324.0325160752982,5061,5675,0.9965135936138262,0.9784517158818836,0.991653714407684,0.9623233908948194,0.99512987012987,0.99166137949787,0.9615082482325216,0.9742267188188036,0.9272727272727272,0.99836867862969
K_Means_topic_128,5.0,text_similarity+interactions,"All but Betweenness and Harmonic (Unweighted Clustering, No Square Clustering)",xgboost,324.0325160752982,5061,5675,0.9968155714086998,0.9801113762927606,0.9911666541162402,0.967032967032967,0.9935483870967742,0.9915461192181032,0.9616888193901486,0.9720014351040004,0.9318181818181818,0.9935379644588044
K_Means_topic_128,5.0,text_similarity+interactions,Core Number Only,logistic_regression,324.0325160752982,5061,5675,0.9810068031942224,0.9548810500410172,0.9669078531492048,0.913657770800628,1.0,0.9505164808604488,0.9329021827000809,0.9370146520691284,0.8742424242424243,1.0
K_Means_topic_128,5.0,text_similarity+interactions,Core Number Only,random_forest,324.0325160752982,5061,5675,0.975398213256648,0.958570268074736,0.9593151026130556,0.9262166405023547,0.9932659932659932,0.9709155865736124,0.9405233941316417,0.939870850951278,0.8984848484848484,0.9866888519134775
K_Means_topic_128,5.0,text_similarity+interactions,Core Number Only,xgboost,324.0325160752982,5061,5675,0.9760678161931068,0.959481361426256,0.9606905997542242,0.9293563579277864,0.9916247906197656,0.9718551919997582,0.9443561208267092,0.9435501585043564,0.9,0.9933110367892976
K_Means_topic_128,10.0,interactions,"All (Unweighted Clustering, No Square Clustering)",logistic_regression,9.018734776880592,5567,5675,0.8882429940390667,0.6727941176470589,0.7240359556385765,0.5639445300462249,0.8337129840546698,0.8831549291519383,0.6605335786568537,0.7140260224644669,0.543939393939394,0.8407494145199064
K_Means_topic_128,10.0,interactions,"All (Unweighted Clustering, No Square Clustering)",random_forest,9.018734776880592,5567,5675,0.9308876671401743,0.8067375886524822,0.8497668766118234,0.7010785824345146,0.9498956158663884,0.928218677301429,0.8,0.8391823429428825,0.6848484848484848,0.9617021276595744
K_Means_topic_128,10.0,interactions,"All (Unweighted Clustering, No Square Clustering)",xgboost,9.018734776880592,5567,5675,0.9383535592343086,0.8169991326973114,0.8556390404988753,0.7257318952234206,0.9345238095238096,0.929476872413064,0.80306905370844,0.8428952743164514,0.7136363636363636,0.9181286549707602
K_Means_topic_128,10.0,interactions,"All but Betweenness and Harmonic (Unweighted Clustering, No Square Clustering)",logistic_regression,9.018734776880592,5567,5675,0.8853781367273832,0.6654343807763401,0.7212947056537782,0.5546995377503852,0.8314087759815243,0.881314390162845,0.6517690875232774,0.7084375497863855,0.5303030303030303,0.8454106280193237
K_Means_topic_128,10.0,interactions,"All but Betweenness and Harmonic (Unweighted Clustering, No Square Clustering)",random_forest,9.018734776880592,5567,5675,0.9289456485436663,0.8031774051191527,0.8437439307443173,0.7010785824345146,0.9400826446280992,0.9213062328167014,0.8056042031523643,0.832808717015722,0.696969696969697,0.9543568464730292
K_Means_topic_128,10.0,interactions,"All but Betweenness and Harmonic (Unweighted Clustering, No Square Clustering)",xgboost,9.018734776880592,5567,5675,0.936585268041489,0.8127147766323024,0.8558453931693981,0.7288135593220338,0.9184466019417477,0.9270227197196288,0.8020565552699229,0.8397108111218425,0.7090909090909091,0.9230769230769232
K_Means_topic_128,10.0,interactions,Core Number Only,logistic_regression,9.018734776880592,5567,5675,0.8258540213586014,0.5390625,0.567735199161475,0.4252696456086287,0.736,0.8200892776216804,0.5333333333333333,0.5618690401032174,0.4181818181818181,0.736
K_Means_topic_128,10.0,interactions,Core Number Only,random_forest,9.018734776880592,5567,5675,0.8246781891745738,0.5390625,0.5593628779234814,0.4252696456086287,0.736,0.8147999939575213,0.5333333333333333,0.5518288508058486,0.4181818181818181,0.736
K_Means_topic_128,10.0,interactions,Core Number Only,xgboost,9.018734776880592,5567,5675,0.8236214127405944,0.5390625,0.5597114848040629,0.4252696456086287,0.736,0.8148151001540833,0.5333333333333333,0.552807074412504,0.4181818181818181,0.736
K_Means_topic_128,10.0,similarity,"All (Unweighted Clustering, No Square Clustering)",logistic_regression,147.58514244947582,5567,5675,0.953700158720113,0.8439716312056738,0.895970688532773,0.7334360554699538,0.9937369519832986,0.9481792501284028,0.8345070422535211,0.8804464700418904,0.7181818181818181,0.9957983193277312
K_Means_topic_128,10.0,similarity,"All (Unweighted Clustering, No Square Clustering)",random_forest,147.58514244947582,5567,5675,0.9933064037581514,0.9356913183279744,0.9790471544550362,0.8967642526964561,0.9781512605042016,0.9917527719870692,0.9297124600638976,0.9731188237061184,0.8818181818181818,0.983108108108108
K_Means_topic_128,10.0,similarity,"All (Unweighted Clustering, No Square Clustering)",xgboost,147.58514244947582,5567,5675,0.9933278651236208,0.9414556962025316,0.9795113870378204,0.9167950693374424,0.967479674796748,0.9935688389377324,0.9385826771653544,0.9748168764660328,0.9030303030303032,0.9770491803278688
K_Means_topic_128,10.0,similarity,"All but Betweenness and Harmonic (Unweighted Clustering, No Square Clustering)",logistic_regression,147.58514244947582,5567,5675,0.9529955366625916,0.8490732568402471,0.8970428809503455,0.7411402157164869,0.993801652892562,0.947779842291308,0.8334801762114538,0.8819830340895841,0.7166666666666667,0.9957894736842106
K_Means_topic_128,10.0,similarity,"All but Betweenness and Harmonic (Unweighted Clustering, No Square Clustering)",random_forest,147.58514244947582,5567,5675,0.9925055971867752,0.9398556535685646,0.9779483757433154,0.9029275808936826,0.979933110367893,0.992082842381945,0.927258193445244,0.9744350918059244,0.8787878787878788,0.9813874788494078
K_Means_topic_128,10.0,similarity,"All but Betweenness and Harmonic (Unweighted Clustering, No Square Clustering)",xgboost,147.58514244947582,5567,5675,0.9929869897129566,0.9462875197472354,0.9793041828808058,0.9229583975346688,0.9708265802269044,0.9929404211607602,0.9417322834645668,0.9746385422794488,0.906060606060606,0.980327868852459
K_Means_topic_128,10.0,similarity,Core Number Only,logistic_regression,147.58514244947582,5567,5675,0.9067071310008016,0.8327338129496403,0.8482815107291077,0.7134052388289677,1.0,0.8930399709961024,0.8245770258236865,0.8352022057223742,0.7015151515151515,1.0
K_Means_topic_128,10.0,similarity,Core Number Only,random_forest,147.58514244947582,5567,5675,0.9343816400994804,0.852343059239611,0.8753117076349194,0.7426810477657936,1.0,0.9372559593945436,0.8461538461538461,0.86447190232538,0.7333333333333333,1.0
K_Means_topic_128,10.0,similarity,Core Number Only,xgboost,147.58514244947582,5567,5675,0.9369217571876776,0.852343059239611,0.8755778355207414,0.7426810477657936,1.0,0.9401435088673372,0.8461538461538461,0.8656255249346926,0.7333333333333333,1.0
K_Means_topic_128,10.0,similarity+interactions,"All (Unweighted Clustering, No Square Clustering)",logistic_regression,84.35352478304412,5567,5675,0.9361140579149828,0.8233183856502242,0.8550092959330613,0.7072419106317411,0.9849785407725322,0.9315748209915709,0.816651904340124,0.8426374001036642,0.6984848484848485,0.9829424307036247
K_Means_topic_128,10.0,similarity+interactions,"All (Unweighted Clustering, No Square Clustering)",random_forest,84.35352478304412,5567,5675,0.9936886353767268,0.9239482200647248,0.9772890048925686,0.8798151001540832,0.9727427597955708,0.9926993262636332,0.9142394822006472,0.972673327150278,0.8560606060606061,0.9809027777777778
K_Means_topic_128,10.0,similarity+interactions,"All (Unweighted Clustering, No Square Clustering)",xgboost,84.35352478304412,5567,5675,0.9938000151639428,0.9374505146476644,0.9787543587731794,0.9121725731895224,0.9641693811074918,0.9931156530408772,0.925984251968504,0.9715914120056264,0.8909090909090909,0.9639344262295082
K_Means_topic_128,10.0,similarity+interactions,"All but Betweenness and Harmonic (Unweighted Clustering, No Square Clustering)",logistic_regression,84.35352478304412,5567,5675,0.9340572131805994,0.8307967770814683,0.8581239410714663,0.7149460708782742,0.9914529914529916,0.9299732620320854,0.8176991150442477,0.8463792652061122,0.7,0.9829787234042552
K_Means_topic_128,10.0,similarity+interactions,"All but Betweenness and Harmonic (Unweighted Clustering, No Square Clustering)",random_forest,84.35352478304412,5567,5675,0.9932188351209448,0.9266720386784852,0.9766514382518304,0.8859784283513097,0.9712837837837838,0.9924524910118132,0.917135961383749,0.971987465004162,0.8636363636363636,0.9777015437392796
K_Means_topic_128,10.0,similarity+interactions,"All but Betweenness and Harmonic (Unweighted Clustering, No Square Clustering)",xgboost,84.35352478304412,5567,5675,0.9936881654198187,0.9374505146476644,0.9792267110632652,0.9121725731895224,0.9641693811074918,0.9935993534547872,0.9267139479905436,0.97320459823297,0.8909090909090909,0.9655172413793104
K_Means_topic_128,10.0,similarity+interactions,Core Number Only,logistic_regression,84.35352478304412,5567,5675,0.9056028889191052,0.8283917340521114,0.845294492949978,0.7103235747303543,0.9935344827586208,0.8920204537901447,0.8192341941228851,0.832551540302467,0.696969696969697,0.9935205183585312
K_Means_topic_128,10.0,similarity+interactions,Core Number Only,random_forest,84.35352478304412,5567,5675,0.9349281999835828,0.8485915492957746,0.8725807924772305,0.7426810477657936,0.9897330595482546,0.9383159612072872,0.8424717145343777,0.8603767869993103,0.7333333333333333,0.9897750511247444
K_Means_topic_128,10.0,similarity+interactions,Core Number Only,xgboost,84.35352478304412,5567,5675,0.9361416287202572,0.8485915492957746,0.873502775424843,0.7426810477657936,0.9897330595482546,0.9397519562524548,0.8424717145343777,0.8630920694159533,0.7333333333333333,0.9897750511247444
K_Means_topic_128,10.0,similarity+text_similarity,"All (Unweighted Clustering, No Square Clustering)",logistic_regression,312.99752915790305,5567,5675,0.9706327061184004,0.8947791164658635,0.9363952654267303,0.8582434514637904,0.9345637583892618,0.965610290341098,0.880443388756928,0.9232471038962806,0.8424242424242424,0.922056384742952
K_Means_topic_128,10.0,similarity+text_similarity,"All (Unweighted Clustering, No Square Clustering)",random_forest,312.99752915790305,5567,5675,0.996582943321317,0.9772905246671888,0.9916912599298788,0.9614791987673345,0.9936305732484076,0.9961695217378168,0.9680933852140078,0.988781691714574,0.9424242424242424,0.9952
K_Means_topic_128,10.0,similarity+text_similarity,"All (Unweighted Clustering, No Square Clustering)",xgboost,312.99752915790305,5567,5675,0.9975136146516272,0.9758378799688232,0.9923181410196684,0.9645608628659476,0.9873817034700316,0.997150518142542,0.9658914728682172,0.9884959918017254,0.943939393939394,0.9888888888888888
K_Means_topic_128,10.0,similarity+text_similarity,"All but Betweenness and Harmonic (Unweighted Clustering, No Square Clustering)",logistic_regression,312.99752915790305,5567,5675,0.980000827124158,0.9507667473769168,0.9621006379793468,0.9075500770416024,0.9983050847457628,0.9724896522553552,0.9398556535685646,0.9472873017286972,0.8878787878787879,0.9982964224872232
K_Means_topic_128,10.0,similarity+text_similarity,"All but Betweenness and Harmonic (Unweighted Clustering, No Square Clustering)",random_forest,312.99752915790305,5567,5675,0.9960481323599168,0.977326035965598,0.9916586684001354,0.963020030816641,0.992063492063492,0.995531133871114,0.9672897196261684,0.9883588108784408,0.9409090909090908,0.9951923076923076
K_Means_topic_128,10.0,similarity+text_similarity,"All but Betweenness and Harmonic (Unweighted Clustering, No Square Clustering)",xgboost,312.99752915790305,5567,5675,0.9973271984114204,0.9750778816199376,0.9918969378576326,0.9645608628659476,0.9858267716535432,0.9973607963986828,0.9658385093167702,0.9889980879778398,0.9424242424242424,0.9904458598726116
K_Means_topic_128,10.0,similarity+text_similarity,Core Number Only,logistic_regression,312.99752915790305,5567,5675,0.9792053467310736,0.9481361426256076,0.9623834998904116,0.901386748844376,1.0,0.9624272636635548,0.9389067524115756,0.9479347987749978,0.8848484848484849,1.0
K_Means_topic_128,10.0,similarity+text_similarity,Core Number Only,random_forest,312.99752915790305,5567,5675,0.9720895725334624,0.9594916600476568,0.9528127132836328,0.930662557781202,0.9901639344262296,0.9667604761473156,0.9511041009463722,0.9460546115791796,0.9136363636363636,0.9917763157894736
K_Means_topic_128,10.0,similarity+text_similarity,Core Number Only,xgboost,312.99752915790305,5567,5675,0.9745602926515656,0.9594916600476568,0.9571989379915616,0.930662557781202,0.9901639344262296,0.9701320281579504,0.9519306540583136,0.9501053464655403,0.9151515151515152,0.9917898193760264
K_Means_topic_128,10.0,similarity+text_similarity+interactions,"All (Unweighted Clustering, No Square Clustering)",logistic_regression,348.6568687036633,5567,5675,0.980659080100082,0.8983186549239391,0.9494187786626463,0.864406779661017,0.935,0.9780677663977764,0.8938193343898574,0.939826838834222,0.8545454545454545,0.9368770764119602
K_Means_topic_128,10.0,similarity+text_similarity+interactions,"All (Unweighted Clustering, No Square Clustering)",random_forest,348.6568687036633,5567,5675,0.996834526919445,0.9756480754124116,0.9930291317760898,0.9568567026194144,0.9951923076923076,0.995518897851899,0.9648711943793912,0.9886024874317656,0.9363636363636364,0.9951690821256038
K_Means_topic_128,10.0,similarity+text_similarity+interactions,"All (Unweighted Clustering, No Square Clustering)",xgboost,348.6568687036633,5567,5675,0.9971395289527918,0.970358814352574,0.9921737005957704,0.9583975346687212,0.9826224328593997,0.9969456781171636,0.9666924864446166,0.988551380646756,0.9454545454545454,0.9889064976228208
K_Means_topic_128,10.0,similarity+text_similarity+interactions,"All but Betweenness and Harmonic (Unweighted Clustering, No Square Clustering)",logistic_regression,348.6568687036633,5567,5675,0.9821175130381712,0.9507667473769168,0.9625917773536148,0.9075500770416024,0.9983050847457628,0.9793946947037676,0.9373996789727128,0.9525691876572036,0.8848484848484849,0.9965870307167236
K_Means_topic_128,10.0,similarity+text_similarity+interactions,"All but Betweenness and Harmonic (Unweighted Clustering, No Square Clustering)",random_forest,348.6568687036633,5567,5675,0.9961695378945052,0.9780564263322884,0.9923162772319044,0.9614791987673345,0.9952153110047848,0.9962163509471584,0.9656786271450858,0.9889209828796096,0.937878787878788,0.995176848874598
K_Means_topic_128,10.0,similarity+text_similarity+interactions,"All but Betweenness and Harmonic (Unweighted Clustering, No Square Clustering)",xgboost,348.6568687036633,5567,5675,0.997762691812912,0.97196261682243,0.9923493366326332,0.9614791987673345,0.9826771653543308,0.9964118251306684,0.968944099378882,0.9882048981146214,0.9454545454545454,0.9936305732484076
K_Means_topic_128,10.0,similarity+text_similarity+interactions,Core Number Only,logistic_regression,348.6568687036633,5567,5675,0.9791058725188624,0.9481361426256076,0.9623273420699636,0.901386748844376,1.0,0.9623443306444304,0.9389067524115756,0.947896017543804,0.8848484848484849,1.0
K_Means_topic_128,10.0,similarity+text_similarity+interactions,Core Number Only,random_forest,348.6568687036633,5567,5675,0.9712452166219372,0.9579030976965844,0.955026378063361,0.9291217257318952,0.9885245901639343,0.9658355237318348,0.9502762430939228,0.9464844038055514,0.912121212121212,0.9917627677100496
K_Means_topic_128,10.0,similarity+text_similarity+interactions,Core Number Only,xgboost,348.6568687036633,5567,5675,0.9742507477014408,0.9594916600476568,0.9576566978157592,0.930662557781202,0.9901639344262296,0.9706069669778544,0.9526813880126184,0.9507466826669896,0.9151515151515152,0.993421052631579
K_Means_topic_128,10.0,text_similarity,"All (Unweighted Clustering, No Square Clustering)",logistic_regression,273.8075643973425,5567,5675,0.9747639406450692,0.9357945425361156,0.9513321398426984,0.8983050847457628,0.9765494137353434,0.9731316656092328,0.9293739967897272,0.946216299428384,0.8772727272727273,0.9880546075085324
K_Means_topic_128,10.0,text_similarity,"All (Unweighted Clustering, No Square Clustering)",random_forest,273.8075643973425,5567,5675,0.99442474454709,0.974960876369327,0.9898314655285148,0.9599383667180276,0.9904610492845788,0.99575984168706,0.9665889665889664,0.9870339152674968,0.9424242424242424,0.9920255183413078
K_Means_topic_128,10.0,text_similarity,"All (Unweighted Clustering, No Square Clustering)",xgboost,273.8075643973425,5567,5675,0.9968277908704292,0.9765990639625584,0.9912263530395368,0.9645608628659476,0.9889415481832544,0.9960461041119067,0.9681429681429682,0.9875675276738248,0.943939393939394,0.9936204146730464
K_Means_topic_128,10.0,text_similarity,"All but Betweenness and Harmonic (Unweighted Clustering, No Square Clustering)",logistic_regression,273.8075643973425,5567,5675,0.9824226717238208,0.9549114331723028,0.9691075627541134,0.9137134052388288,1.0,0.9684535786579654,0.9431545236188952,0.9498514273213938,0.8924242424242425,1.0
K_Means_topic_128,10.0,text_similarity,"All but Betweenness and Harmonic (Unweighted Clustering, No Square Clustering)",random_forest,273.8075643973425,5567,5675,0.9958902268388004,0.975800156128025,0.9907258310518676,0.963020030816641,0.9889240506329114,0.9959599987915044,0.968944099378882,0.9876550521576308,0.9454545454545454,0.9936305732484076
K_Means_topic_128,10.0,text_similarity,"All but Betweenness and Harmonic (Unweighted Clustering, No Square Clustering)",xgboost,273.8075643973425,5567,5675,0.9969512328849528,0.9758378799688232,0.9913051155833956,0.9645608628659476,0.9873817034700316,0.9964656031904288,0.9714285714285714,0.98781750794968,0.953030303030303,0.9905511811023622
K_Means_topic_128,10.0,text_similarity,Core Number Only,logistic_regression,273.8075643973425,5567,5675,0.9791934411560688,0.9481361426256076,0.9620589679503848,0.901386748844376,1.0,0.9623632133901326,0.9380530973451328,0.947707692491365,0.8833333333333333,1.0
K_Means_topic_128,10.0,text_similarity,Core Number Only,random_forest,273.8075643973425,5567,5675,0.9698633866598658,0.9563145353455124,0.9519109230474406,0.9275808936825886,0.9868852459016394,0.9703359618115353,0.949685534591195,0.9513381050427772,0.9151515151515152,0.9869281045751634
K_Means_topic_128,10.0,text_similarity,Core Number Only,xgboost,273.8075643973425,5567,5675,0.9734112480112992,0.9571428571428572,0.9557968018568324,0.9291217257318952,0.9869067103109656,0.9722005196531616,0.9505882352941176,0.954235017918122,0.9181818181818182,0.9853658536585366
K_Means_topic_128,10.0,text_similarity+interactions,"All (Unweighted Clustering, No Square Clustering)",logistic_regression,334.3926014844328,5567,5675,0.97468028831543,0.8915094339622641,0.9387803793456632,0.8736517719568567,0.9101123595505618,0.969876884498021,0.8715953307392996,0.9254490906046904,0.8484848484848485,0.896
K_Means_topic_128,10.0,text_similarity+interactions,"All (Unweighted Clustering, No Square Clustering)",random_forest,334.3926014844328,5567,5675,0.996782675007253,0.974921630094044,0.9926206628615732,0.9583975346687212,0.9920255183413078,0.9967565485362097,0.9664848012470773,0.9890387553066412,0.9393939393939394,0.9951845906902088
K_Means_topic_128,10.0,text_similarity+interactions,"All (Unweighted Clustering, No Square Clustering)",xgboost,334.3926014844328,5567,5675,0.9971799452468872,0.975800156128025,0.991582939215428,0.963020030816641,0.9889240506329114,0.996596422852654,0.972093023255814,0.9883905475365904,0.95,0.9952380952380953
K_Means_topic_128,10.0,text_similarity+interactions,"All but Betweenness and Harmonic (Unweighted Clustering, No Square Clustering)",logistic_regression,334.3926014844328,5567,5675,0.9798435482122524,0.95245769540693,0.9625734177124968,0.9106317411402156,0.9983108108108107,0.9718071542946918,0.9390048154093098,0.9468763061312078,0.8863636363636364,0.9982935153583616
K_Means_topic_128,10.0,text_similarity+interactions,"All but Betweenness and Harmonic (Unweighted Clustering, No Square Clustering)",random_forest,334.3926014844328,5567,5675,0.996646074199303,0.9772549019607844,0.9916807361844208,0.9599383667180276,0.9952076677316294,0.9959628689688512,0.966432474629196,0.9879469351485471,0.937878787878788,0.996779388083736
K_Means_topic_128,10.0,text_similarity+interactions,"All but Betweenness and Harmonic (Unweighted Clustering, No Square Clustering)",xgboost,334.3926014844328,5567,5675,0.9968096192033165,0.9773967264224472,0.991694411910116,0.9661016949152542,0.9889589905362776,0.9963332729085472,0.9705882352941176,0.9881585897035536,0.95,0.9920886075949368
K_Means_topic_128,10.0,text_similarity+interactions,Core Number Only,logistic_regression,334.3926014844328,5567,5675,0.9791531815142764,0.9481361426256076,0.9621483659215516,0.901386748844376,1.0,0.9622937248859482,0.9380530973451328,0.9476932462391005,0.8833333333333333,1.0
K_Means_topic_128,10.0,text_similarity+interactions,Core Number Only,random_forest,334.3926014844328,5567,5675,0.9675052995474,0.9563145353455124,0.9508709353770484,0.9275808936825886,0.9868852459016394,0.9712145382035712,0.949685534591195,0.9526535616376168,0.9151515151515152,0.9869281045751634
K_Means_topic_128,10.0,text_similarity+interactions,Core Number Only,xgboost,334.3926014844328,5567,5675,0.9719658172143336,0.9571428571428572,0.9553681417612716,0.9291217257318952,0.9869067103109656,0.9730851385238224,0.9505882352941176,0.9562715849363892,0.9181818181818182,0.9853658536585366
K_Means_topic_128,20.0,interactions,"All (Unweighted Clustering, No Square Clustering)",logistic_regression,7.106913909781724,5668,5675,0.8820708348743505,0.6561631139944393,0.7166245798003404,0.5396341463414634,0.8368794326241135,0.8823354179884588,0.6599078341013825,0.7183354616439835,0.5424242424242425,0.8423529411764706
K_Means_topic_128,20.0,interactions,"All (Unweighted Clustering, No Square Clustering)",random_forest,7.106913909781724,5668,5675,0.9234083626126564,0.7925860547219771,0.8345588262168853,0.6844512195121951,0.941299790356394,0.9212749629898184,0.7926509186351706,0.8367336931275723,0.6863636363636364,0.937888198757764
K_Means_topic_128,20.0,interactions,"All (Unweighted Clustering, No Square Clustering)",xgboost,7.106913909781724,5668,5675,0.9342638642866876,0.7986406117247239,0.8441112839653998,0.7164634146341463,0.9021113243761996,0.9358415662104596,0.8074639525021204,0.8520061644273792,0.7212121212121212,0.9171483622350676
K_Means_topic_128,20.0,interactions,"All but Betweenness and Harmonic (Unweighted Clustering, No Square Clustering)",logistic_regression,7.106913909781724,5668,5675,0.8787209477741227,0.6561631139944393,0.7103303220563868,0.5396341463414634,0.8368794326241135,0.8782126348228043,0.6574330563250231,0.7133512423713011,0.5393939393939394,0.8416075650118203
K_Means_topic_128,20.0,interactions,"All but Betweenness and Harmonic (Unweighted Clustering, No Square Clustering)",random_forest,7.106913909781724,5668,5675,0.9220807561851556,0.7943760984182777,0.8330248478225173,0.6890243902439024,0.9377593360995852,0.925994894105562,0.8024263431542461,0.8410896898776306,0.7015151515151515,0.937246963562753
K_Means_topic_128,20.0,interactions,"All but Betweenness and Harmonic (Unweighted Clustering, No Square Clustering)",xgboost,7.106913909781724,5668,5675,0.930014002978218,0.8061485909479078,0.8426167272956248,0.7195121951219512,0.916504854368932,0.9345602586180852,0.8128161888701517,0.850223596080779,0.7303030303030303,0.9163498098859316
K_Means_topic_128,20.0,interactions,Core Number Only,logistic_regression,7.106913909781724,5668,5675,0.8270910485566348,0.5348837209302325,0.5670794485374753,0.4207317073170731,0.7340425531914894,0.8209575818000544,0.5328185328185329,0.5669198937214489,0.4181818181818181,0.7340425531914894
K_Means_topic_128,20.0,interactions,Core Number Only,random_forest,7.106913909781724,5668,5675,0.8217763647733245,0.5348837209302325,0.5529982193437009,0.4207317073170731,0.7340425531914894,0.8202116378138312,0.5328185328185329,0.5551705870477865,0.4181818181818181,0.7340425531914894
K_Means_topic_128,20.0,interactions,Core Number Only,xgboost,7.106913909781724,5668,5675,0.821008694985693,0.5348837209302325,0.5519174350292653,0.4207317073170731,0.7340425531914894,0.8189955889906039,0.5328185328185329,0.5530624375567005,0.4181818181818181,0.7340425531914894
K_Means_topic_128,20.0,similarity,"All (Unweighted Clustering, No Square Clustering)",logistic_regression,145.89685291144997,5668,5675,0.9229285689953868,0.8199643493761141,0.8424069959377525,0.7012195121951219,0.9871244635193132,0.9212314571437202,0.8149466192170819,0.838993017911793,0.693939393939394,0.9870689655172412
K_Means_topic_128,20.0,similarity,"All (Unweighted Clustering, No Square Clustering)",random_forest,145.89685291144997,5668,5675,0.9944477765557784,0.9310897435897436,0.9817031748737092,0.885670731707317,0.981418918918919,0.9957429227469108,0.9284028324154208,0.9797546031618204,0.8939393939393939,0.9656301145662848
K_Means_topic_128,20.0,similarity,"All (Unweighted Clustering, No Square Clustering)",xgboost,145.89685291144997,5668,5675,0.99442800692971,0.9497645211930926,0.9818418160369804,0.9222560975609756,0.9789644012944984,0.9921973473518838,0.9382329945269742,0.9785495589918318,0.9090909090909092,0.9693053311793216
K_Means_topic_128,20.0,similarity,"All but Betweenness and Harmonic (Unweighted Clustering, No Square Clustering)",logistic_regression,145.89685291144997,5668,5675,0.9211763718295602,0.8245770258236865,0.8440303300559936,0.7057926829268293,0.9914346895074948,0.9203540892474094,0.8198757763975155,0.8406222849399546,0.7,0.9892933618843684
K_Means_topic_128,20.0,similarity,"All but Betweenness and Harmonic (Unweighted Clustering, No Square Clustering)",random_forest,145.89685291144997,5668,5675,0.9947368693185136,0.9412698412698411,0.9813054927188988,0.9039634146341464,0.9817880794701986,0.9937987552494032,0.9329123914759274,0.9789772360892772,0.8954545454545455,0.9736408566721582
K_Means_topic_128,20.0,similarity,"All but Betweenness and Harmonic (Unweighted Clustering, No Square Clustering)",xgboost,145.89685291144997,5668,5675,0.994979123274872,0.9497645211930926,0.9826462039364954,0.9222560975609756,0.9789644012944984,0.993362337230732,0.9438377535101404,0.9797008072456108,0.9166666666666666,0.9726688102893892
K_Means_topic_128,20.0,similarity,Core Number Only,logistic_regression,145.89685291144997,5668,5675,0.8977778027855099,0.8275245755138516,0.8388940488390606,0.7057926829268293,1.0,0.8924408592404605,0.8214285714285714,0.8339039074170843,0.696969696969697,1.0
K_Means_topic_128,20.0,similarity,Core Number Only,random_forest,145.89685291144997,5668,5675,0.9382488126058434,0.8491228070175438,0.8799807156564701,0.7378048780487805,1.0,0.941769388803287,0.8441330998248686,0.8765093361749496,0.7303030303030303,1.0
K_Means_topic_128,20.0,similarity,Core Number Only,xgboost,145.89685291144997,5668,5675,0.940544066192358,0.8491228070175438,0.8802730191821678,0.7378048780487805,1.0,0.9437838001148068,0.8411867364746946,0.8770138135249732,0.7303030303030303,0.9917695473251028
K_Means_topic_128,20.0,similarity+interactions,"All (Unweighted Clustering, No Square Clustering)",logistic_regression,78.90950813295785,5668,5675,0.9449312503649778,0.8197309417040358,0.8672579728614677,0.6966463414634146,0.9956427015250544,0.944118251306686,0.8189116859946476,0.8647424242886323,0.6954545454545454,0.9956616052060736
K_Means_topic_128,20.0,similarity+interactions,"All (Unweighted Clustering, No Square Clustering)",random_forest,78.90950813295785,5668,5675,0.9925955146672376,0.9220883534136546,0.9761645072779952,0.875,0.9745331069609507,0.991557297803559,0.9223454833597464,0.9752341019504648,0.8818181818181818,0.9667774086378738
K_Means_topic_128,20.0,similarity+interactions,"All (Unweighted Clustering, No Square Clustering)",xgboost,78.90950813295785,5668,5675,0.994410062192202,0.9474509803921568,0.9804075991517268,0.9207317073170732,0.975767366720517,0.992809450436569,0.9409020217729394,0.9777208786052548,0.9166666666666666,0.9664536741214056
K_Means_topic_128,20.0,similarity+interactions,"All but Betweenness and Harmonic (Unweighted Clustering, No Square Clustering)",logistic_regression,78.90950813295785,5668,5675,0.9424810333248982,0.8218442256042973,0.868028691561963,0.6996951219512195,0.9956616052060736,0.9420354089247408,0.8168007149240393,0.8667014047804233,0.6924242424242424,0.9956427015250544
K_Means_topic_128,20.0,similarity+interactions,"All but Betweenness and Harmonic (Unweighted Clustering, No Square Clustering)",random_forest,78.90950813295785,5668,5675,0.9929848242267338,0.9243027888446216,0.9767824206260048,0.8841463414634146,0.9682804674457428,0.9920923592857792,0.9273301737756714,0.976231407852446,0.8893939393939394,0.9686468646864688
K_Means_topic_128,20.0,similarity+interactions,"All but Betweenness and Harmonic (Unweighted Clustering, No Square Clustering)",xgboost,78.90950813295785,5668,5675,0.9942835365853658,0.94283476898982,0.9806756749811968,0.9176829268292684,0.9694041867954912,0.9939197558838636,0.9418153607447634,0.9786189563664156,0.9196969696969696,0.9650238473767886
K_Means_topic_128,20.0,similarity+interactions,Core Number Only,logistic_regression,78.90950813295785,5668,5675,0.8968281003640044,0.8232142857142857,0.8363673003744837,0.7027439024390244,0.9935344827586208,0.8916153055983563,0.8178571428571428,0.8315907955339431,0.693939393939394,0.9956521739130436
K_Means_topic_128,20.0,similarity+interactions,Core Number Only,random_forest,78.90950813295785,5668,5675,0.9381774898779514,0.845414847161572,0.871595746892701,0.7378048780487805,0.9897750511247444,0.940595184144536,0.8374125874125874,0.8710687039300815,0.7257575757575757,0.9896694214876032
K_Means_topic_128,20.0,similarity+interactions,Core Number Only,xgboost,78.90950813295785,5668,5675,0.9389761827711056,0.845414847161572,0.8753859814573395,0.7378048780487805,0.9897750511247444,0.9415207408078794,0.8404533565823888,0.8724962457294195,0.7303030303030303,0.9897330595482546
K_Means_topic_128,20.0,similarity+text_similarity,"All (Unweighted Clustering, No Square Clustering)",logistic_regression,321.767924822052,5668,5675,0.9685815019562808,0.8734177215189873,0.9281095140692288,0.8414634146341463,0.9078947368421052,0.9656856702619414,0.848531684698609,0.918351382174598,0.8318181818181818,0.8659305993690851
K_Means_topic_128,20.0,similarity+text_similarity,"All (Unweighted Clustering, No Square Clustering)",random_forest,321.767924822052,5668,5675,0.995899779553462,0.9720062208398134,0.9910699564990724,0.9527439024390244,0.992063492063492,0.9958814465693828,0.9714726291441788,0.9909831760173942,0.9545454545454546,0.989010989010989
K_Means_topic_128,20.0,similarity+text_similarity,"All (Unweighted Clustering, No Square Clustering)",xgboost,321.767924822052,5668,5675,0.996567992914566,0.9730146491904396,0.9912436686599462,0.961890243902439,0.984399375975039,0.996739780658026,0.9707692307692308,0.9903999868294237,0.956060606060606,0.9859375
K_Means_topic_128,20.0,similarity+text_similarity,"All but Betweenness and Harmonic (Unweighted Clustering, No Square Clustering)",logistic_regression,321.767924822052,5668,5675,0.9773330591945184,0.9478748997594226,0.959414982652986,0.9009146341463414,1.0,0.9703311278286352,0.9414595028067362,0.951597468278881,0.8893939393939394,1.0
K_Means_topic_128,20.0,similarity+text_similarity,"All but Betweenness and Harmonic (Unweighted Clustering, No Square Clustering)",random_forest,321.767924822052,5668,5675,0.9952216813793238,0.9728471683475562,0.9900938219688836,0.9557926829268292,0.990521327014218,0.9959788815372064,0.9754601226993864,0.9909992276100936,0.9636363636363636,0.9875776397515528
K_Means_topic_128,20.0,similarity+text_similarity,"All but Betweenness and Harmonic (Unweighted Clustering, No Square Clustering)",xgboost,321.767924822052,5668,5675,0.9960745126330952,0.9753086419753086,0.9900319560267664,0.9634146341463414,0.9875,0.9966180247137376,0.9722650231124808,0.9900456615371308,0.956060606060606,0.9890282131661442
K_Means_topic_128,20.0,similarity+text_similarity,Core Number Only,logistic_regression,321.767924822052,5668,5675,0.9745064588889104,0.9444891391794048,0.95513483175016,0.8948170731707317,1.0,0.9679188192996766,0.9389067524115756,0.9495330304158628,0.8848484848484849,1.0
K_Means_topic_128,20.0,similarity+text_similarity,Core Number Only,random_forest,321.767924822052,5668,5675,0.9713640007883518,0.9526813880126184,0.9522329900731388,0.9207317073170732,0.9869281045751634,0.962562161998852,0.947615324472244,0.9423878773778958,0.9181818181818182,0.9789983844911146
K_Means_topic_128,20.0,similarity+text_similarity,Core Number Only,xgboost,321.767924822052,5668,5675,0.9722369058162847,0.952006294256491,0.9535181696161036,0.9222560975609756,0.983739837398374,0.96592842684069,0.9458823529411764,0.9484615943787784,0.9136363636363636,0.9804878048780488
K_Means_topic_128,20.0,similarity+text_similarity+interactions,"All (Unweighted Clustering, No Square Clustering)",logistic_regression,368.9489146005362,5668,5675,0.9547558420765772,0.8847352024922118,0.922661402554317,0.8658536585365854,0.9044585987261148,0.958610834164174,0.8927173061863743,0.9290626504439496,0.8636363636363636,0.9238249594813616
K_Means_topic_128,20.0,similarity+text_similarity+interactions,"All (Unweighted Clustering, No Square Clustering)",random_forest,368.9489146005362,5668,5675,0.9959996922021296,0.9759503491078356,0.991464632251684,0.9588414634146342,0.9936808846761452,0.9951738723224268,0.9730561970746728,0.9903358931192894,0.9575757575757576,0.9890453834115804
K_Means_topic_128,20.0,similarity+text_similarity+interactions,"All (Unweighted Clustering, No Square Clustering)",xgboost,368.9489146005362,5668,5675,0.9959043417748624,0.973724884080371,0.9906317446410962,0.9603658536585366,0.987460815047022,0.9966959726879966,0.9715165511932256,0.990745407316316,0.956060606060606,0.9874804381846636
K_Means_topic_128,20.0,similarity+text_similarity+interactions,"All but Betweenness and Harmonic (Unweighted Clustering, No Square Clustering)",logistic_regression,368.9489146005362,5668,5675,0.9808712139645338,0.9478748997594226,0.9620216612951816,0.9009146341463414,1.0,0.9733502522734824,0.9423076923076924,0.9541940679228634,0.8909090909090909,1.0
K_Means_topic_128,20.0,similarity+text_similarity+interactions,"All but Betweenness and Harmonic (Unweighted Clustering, No Square Clustering)",random_forest,368.9489146005362,5668,5675,0.9960421208611528,0.9751937984496124,0.9914009691759704,0.9588414634146342,0.9921135646687698,0.9957814435481434,0.9737654320987654,0.9902280859050544,0.956060606060606,0.9921383647798742
K_Means_topic_128,20.0,similarity+text_similarity+interactions,"All but Betweenness and Harmonic (Unweighted Clustering, No Square Clustering)",xgboost,368.9489146005362,5668,5675,0.9964061861289004,0.975987606506584,0.990703027043594,0.9603658536585366,0.9921259842519684,0.9971183419438652,0.9730561970746728,0.990938435265902,0.9575757575757576,0.9890453834115804
K_Means_topic_128,20.0,similarity+text_similarity+interactions,Core Number Only,logistic_regression,368.9489146005362,5668,5675,0.9744133895723436,0.9444891391794048,0.9550614330794974,0.8948170731707317,1.0,0.9678139822955376,0.9389067524115756,0.9494703274966088,0.8848484848484849,1.0
K_Means_topic_128,20.0,similarity+text_similarity+interactions,Core Number Only,random_forest,368.9489146005362,5668,5675,0.9687979033247036,0.9511041009463722,0.9523225107682488,0.9192073170731708,0.9852941176470588,0.9623830025076284,0.9442262372348782,0.9434885991718052,0.9106060606060606,0.9804241435562806
K_Means_topic_128,20.0,similarity+text_similarity+interactions,Core Number Only,xgboost,368.9489146005362,5668,5675,0.9713633924921652,0.95125786163522,0.9524078802084291,0.9222560975609756,0.9821428571428572,0.9662071361672556,0.945141065830721,0.949089198251852,0.9136363636363636,0.978896103896104
K_Means_topic_128,20.0,text_similarity,"All (Unweighted Clustering, No Square Clustering)",logistic_regression,279.4582459041849,5668,5675,0.9614142521363362,0.857365549493375,0.9215387625792258,0.8384146341463414,0.8771929824561403,0.960993383485906,0.8573643410852713,0.920622619931346,0.8378787878787879,0.8777777777777778
K_Means_topic_128,20.0,text_similarity,"All (Unweighted Clustering, No Square Clustering)",random_forest,279.4582459041849,5668,5675,0.9957718852802055,0.9727201870615744,0.9905567817313534,0.951219512195122,0.9952153110047848,0.9961882534215536,0.9721792890262752,0.98987946058003,0.953030303030303,0.9921135646687698
K_Means_topic_128,20.0,text_similarity,"All (Unweighted Clustering, No Square Clustering)",xgboost,279.4582459041849,5668,5675,0.9962738817082905,0.9776061776061776,0.9897011310711028,0.964939024390244,0.9906103286384976,0.9953781080999426,0.97459584295612,0.988714407474275,0.9590909090909092,0.9906103286384976
K_Means_topic_128,20.0,text_similarity,"All but Betweenness and Harmonic (Unweighted Clustering, No Square Clustering)",logistic_regression,279.4582459041849,5668,5675,0.978254019621202,0.9471153846153846,0.956518991927011,0.9009146341463414,0.9983108108108107,0.9713888637118946,0.9406099518459068,0.9490880206105204,0.8878787878787879,1.0
K_Means_topic_128,20.0,text_similarity,"All but Betweenness and Harmonic (Unweighted Clustering, No Square Clustering)",random_forest,279.4582459041849,5668,5675,0.9952242666381174,0.973520249221184,0.9902541665220554,0.9527439024390244,0.9952229299363056,0.9964740626605034,0.972972972972973,0.99072672620586,0.9545454545454546,0.9921259842519684
K_Means_topic_128,20.0,text_similarity,"All but Betweenness and Harmonic (Unweighted Clustering, No Square Clustering)",xgboost,279.4582459041849,5668,5675,0.9960609780429408,0.9791505791505792,0.9897974471772064,0.9664634146341464,0.9921752738654148,0.9961219372186472,0.9761354888375674,0.989174822218354,0.9606060606060606,0.9921752738654148
K_Means_topic_128,20.0,text_similarity,Core Number Only,logistic_regression,279.4582459041849,5668,5675,0.9744980948163432,0.9436392914653784,0.9547903236947456,0.8932926829268293,1.0,0.9678709326565758,0.9380530973451328,0.9491271830894202,0.8833333333333333,1.0
K_Means_topic_128,20.0,text_similarity,Core Number Only,random_forest,279.4582459041849,5668,5675,0.967233821754618,0.9496062992125984,0.9471036152471364,0.9192073170731708,0.982084690553746,0.965508927762168,0.9442262372348782,0.9455338896337188,0.9106060606060606,0.9804241435562806
K_Means_topic_128,20.0,text_similarity,Core Number Only,xgboost,279.4582459041849,5668,5675,0.9701036110894826,0.9511041009463722,0.95225756637728,0.9192073170731708,0.9852941176470588,0.9658474576271188,0.944313725490196,0.9480796603317632,0.912121212121212,0.9788617886178862
K_Means_topic_128,20.0,text_similarity+interactions,"All (Unweighted Clustering, No Square Clustering)",logistic_regression,348.3684637323022,5668,5675,0.9661267226948008,0.8797517455391777,0.9335576817678972,0.864329268292683,0.8957345971563981,0.9659953472914592,0.876058506543495,0.9332521188846716,0.8621212121212121,0.8904538341158059
K_Means_topic_128,20.0,text_similarity+interactions,"All (Unweighted Clustering, No Square Clustering)",random_forest,348.3684637323022,5668,5675,0.995667714558231,0.9751166407465008,0.9901710856479984,0.9557926829268292,0.9952380952380953,0.9957057615033686,0.9705882352941176,0.9901962900222532,0.95,0.9920886075949368
K_Means_topic_128,20.0,text_similarity+interactions,"All (Unweighted Clustering, No Square Clustering)",xgboost,348.3684637323022,5668,5675,0.9958182678644424,0.9696498054474708,0.9893048963396522,0.9496951219512196,0.9904610492845788,0.9956382368047372,0.973097617217525,0.9895824922277467,0.9590909090909092,0.9875195007800311
K_Means_topic_128,20.0,text_similarity+interactions,"All but Betweenness and Harmonic (Unweighted Clustering, No Square Clustering)",logistic_regression,348.3684637323022,5668,5675,0.9775970597395518,0.9461847389558232,0.9555813635847196,0.8978658536585366,1.0,0.9720496087495092,0.9380530973451328,0.9486386723810384,0.8833333333333333,1.0
K_Means_topic_128,20.0,text_similarity+interactions,"All but Betweenness and Harmonic (Unweighted Clustering, No Square Clustering)",random_forest,348.3684637323022,5668,5675,0.9943026979152472,0.973520249221184,0.9890530171228054,0.9527439024390244,0.9952229299363056,0.9951830871023294,0.97138437741686,0.9899821360800176,0.9515151515151516,0.9921011058451816
K_Means_topic_128,20.0,text_similarity+interactions,"All but Betweenness and Harmonic (Unweighted Clustering, No Square Clustering)",xgboost,348.3684637323022,5668,5675,0.9957808576489596,0.972093023255814,0.9887237240599764,0.9557926829268292,0.9889589905362776,0.996120728722922,0.9730146491904396,0.9897804559719794,0.956060606060606,0.9905808477237048
K_Means_topic_128,20.0,text_similarity+interactions,Core Number Only,logistic_regression,348.3684637323022,5668,5675,0.9744371131236254,0.9436392914653784,0.9547901292954916,0.8932926829268293,1.0,0.967786942203692,0.9380530973451328,0.949088782383235,0.8833333333333333,1.0
K_Means_topic_128,20.0,text_similarity+interactions,Core Number Only,random_forest,348.3684637323022,5668,5675,0.9644675948455416,0.950354609929078,0.9468966822290976,0.9192073170731708,0.9836867862969004,0.9641520891869844,0.9442262372348782,0.9457968082852496,0.9106060606060606,0.9804241435562806
K_Means_topic_128,20.0,text_similarity+interactions,Core Number Only,xgboost,348.3684637323022,5668,5675,0.9680729663441886,0.9495268138801262,0.9513758458438858,0.9176829268292684,0.9836601307189542,0.9642554155714672,0.9435736677115988,0.9479395555217216,0.912121212121212,0.9772727272727272
K_Means_topic_128,50.0,interactions,"All (Unweighted Clustering, No Square Clustering)",logistic_regression,13.606762842740864,5672,5675,0.8786561760808338,0.6494464944649446,0.7145095085188973,0.5349544072948328,0.8262910798122066,0.87915707423185,0.6593204775022957,0.7190794936528043,0.543939393939394,0.8368298368298368
K_Means_topic_128,50.0,interactions,"All (Unweighted Clustering, No Square Clustering)",random_forest,13.606762842740864,5672,5675,0.9280481217939314,0.7792436235708003,0.8330964197481174,0.6732522796352584,0.9248434237995824,0.9274130638387869,0.7775831873905429,0.8338627582503547,0.6727272727272727,0.921161825726141
K_Means_topic_128,50.0,interactions,"All (Unweighted Clustering, No Square Clustering)",xgboost,13.606762842740864,5672,5675,0.9332398160530456,0.8081149619611158,0.8497407331433111,0.7264437689969605,0.9104761904761904,0.936160306957914,0.805414551607445,0.8501789100309249,0.7212121212121212,0.9118773946360154
K_Means_topic_128,50.0,interactions,"All but Betweenness and Harmonic (Unweighted Clustering, No Square Clustering)",logistic_regression,13.606762842740864,5672,5675,0.8760206982758308,0.6556169429097606,0.7099121159036854,0.541033434650456,0.8317757009345794,0.8758210217831355,0.6617915904936015,0.7112491781680131,0.5484848484848485,0.8341013824884793
K_Means_topic_128,50.0,interactions,"All but Betweenness and Harmonic (Unweighted Clustering, No Square Clustering)",random_forest,13.606762842740864,5672,5675,0.925234722715606,0.778652668416448,0.8314046444208059,0.6762917933130699,0.9175257731958762,0.9266358500256808,0.7867132867132867,0.8329061146440087,0.6818181818181818,0.9297520661157024
K_Means_topic_128,50.0,interactions,"All but Betweenness and Harmonic (Unweighted Clustering, No Square Clustering)",xgboost,13.606762842740864,5672,5675,0.9337741860783726,0.8085470085470086,0.8500348137648781,0.7188449848024316,0.923828125,0.9363847850388228,0.8125530110262935,0.8531193267324695,0.7257575757575757,0.9229287090558768
K_Means_topic_128,50.0,interactions,Core Number Only,logistic_regression,13.606762842740864,5672,5675,0.8260001176038398,0.5338491295938105,0.5647903213028884,0.4194528875379939,0.7340425531914894,0.8209380948064897,0.5328185328185329,0.5621731732859282,0.4181818181818181,0.7340425531914894
K_Means_topic_128,50.0,interactions,Core Number Only,random_forest,13.606762842740864,5672,5675,0.8220055273804775,0.5338491295938105,0.5551271122893849,0.4194528875379939,0.7340425531914894,0.8190969515695339,0.5089108910891089,0.5533911964114617,0.3893939393939394,0.7342857142857143
K_Means_topic_128,50.0,interactions,Core Number Only,xgboost,13.606762842740864,5672,5675,0.8220428090101514,0.5338491295938105,0.5553155214672661,0.4194528875379939,0.7340425531914894,0.818780627813529,0.5089108910891089,0.551705576422815,0.3893939393939394,0.7342857142857143
K_Means_topic_128,50.0,similarity,"All (Unweighted Clustering, No Square Clustering)",logistic_regression,150.23738152068108,5672,5675,0.9475492935888934,0.8201948627103631,0.8678494602464409,0.7036474164133738,0.9830148619957536,0.9465364512523036,0.8127208480565371,0.8675930530927674,0.696969696969697,0.9745762711864406
K_Means_topic_128,50.0,similarity,"All (Unweighted Clustering, No Square Clustering)",random_forest,150.23738152068108,5672,5675,0.994499141007004,0.9304556354916068,0.9799555731888332,0.8844984802431611,0.981450252951096,0.9927050666183268,0.9278350515463918,0.97695749518839,0.8863636363636364,0.9733777038269552
K_Means_topic_128,50.0,similarity,"All (Unweighted Clustering, No Square Clustering)",xgboost,150.23738152068108,5672,5675,0.9943595622227368,0.94679186228482,0.9807367899310926,0.919452887537994,0.9758064516129032,0.9927333152058976,0.9430132708821234,0.9785911246649112,0.9151515151515152,0.9726247987117552
K_Means_topic_128,50.0,similarity,"All but Betweenness and Harmonic (Unweighted Clustering, No Square Clustering)",logistic_regression,150.23738152068108,5672,5675,0.9450483933739328,0.8173758865248227,0.8680040830548135,0.7006079027355623,0.9808510638297872,0.9448581528142844,0.815929203539823,0.8682572646758261,0.6984848484848485,0.9808510638297872
K_Means_topic_128,50.0,similarity,"All but Betweenness and Harmonic (Unweighted Clustering, No Square Clustering)",random_forest,150.23738152068108,5672,5675,0.9928620834308314,0.938095238095238,0.9791481853960938,0.898176291793313,0.9817275747508306,0.9914964198314148,0.932486100079428,0.9750470969810608,0.8893939393939394,0.979966611018364
K_Means_topic_128,50.0,similarity,"All but Betweenness and Harmonic (Unweighted Clustering, No Square Clustering)",xgboost,150.23738152068108,5672,5675,0.9930310631750854,0.9475332811276428,0.979870419468536,0.919452887537994,0.9773828756058158,0.99290250460739,0.9414519906323184,0.9785445363431288,0.9136363636363636,0.9710144927536232
K_Means_topic_128,50.0,similarity,Core Number Only,logistic_regression,150.23738152068108,5672,5675,0.8957434381300747,0.8239499553172476,0.8366392155617658,0.7006079027355623,1.0,0.8927917761865918,0.8214285714285714,0.8342009339777386,0.696969696969697,1.0
K_Means_topic_128,50.0,similarity,Core Number Only,random_forest,150.23738152068108,5672,5675,0.9372098549593054,0.8456140350877193,0.8762753354799838,0.7325227963525835,1.0,0.9374234871144146,0.8441330998248686,0.8751730459742977,0.7303030303030303,1.0
K_Means_topic_128,50.0,similarity,Core Number Only,xgboost,150.23738152068108,5672,5675,0.9394294758869696,0.8456140350877193,0.876621529242446,0.7325227963525835,1.0,0.9398880630834768,0.8441330998248686,0.8759236341844591,0.7303030303030303,1.0
K_Means_topic_128,50.0,similarity+interactions,"All (Unweighted Clustering, No Square Clustering)",logistic_regression,80.96500864590053,5672,5675,0.9176900423495066,0.8156723063223509,0.8374556507901784,0.6960486322188449,0.9849462365591398,0.9152475905616484,0.8149466192170819,0.8356223535892601,0.693939393939394,0.9870689655172412
K_Means_topic_128,50.0,similarity+interactions,"All (Unweighted Clustering, No Square Clustering)",random_forest,80.96500864590053,5672,5675,0.9930759223717665,0.9248,0.9785483894414956,0.878419452887538,0.9763513513513512,0.992490105441252,0.9239302694136292,0.9759861851861498,0.8833333333333333,0.96843853820598
K_Means_topic_128,50.0,similarity+interactions,"All (Unweighted Clustering, No Square Clustering)",xgboost,80.96500864590053,5672,5675,0.9921626739960936,0.9412685982772122,0.977339044248889,0.9133738601823708,0.9709208400646204,0.9920070092752046,0.93852140077821,0.9764061849495752,0.9136363636363636,0.9648
K_Means_topic_128,50.0,similarity+interactions,"All but Betweenness and Harmonic (Unweighted Clustering, No Square Clustering)",logistic_regression,80.96500864590053,5672,5675,0.9148478485165548,0.8171275646743978,0.8390075494772696,0.6960486322188449,0.9892008639308856,0.9142070757424696,0.8149466192170819,0.8372285545744668,0.693939393939394,0.9870689655172412
K_Means_topic_128,50.0,similarity+interactions,"All but Betweenness and Harmonic (Unweighted Clustering, No Square Clustering)",random_forest,80.96500864590053,5672,5675,0.9931180536443248,0.9257781324820432,0.9783460500144948,0.8814589665653495,0.9747899159663864,0.9930812109127164,0.9236883942766296,0.9758044644309636,0.8803030303030303,0.9715719063545152
K_Means_topic_128,50.0,similarity+interactions,"All but Betweenness and Harmonic (Unweighted Clustering, No Square Clustering)",xgboost,80.96500864590053,5672,5675,0.9918535092622116,0.9381362568519968,0.9771184308419676,0.9103343465045592,0.9676898222940228,0.9929725973594368,0.9386169386169386,0.9768048927864218,0.9151515151515152,0.963317384370016
K_Means_topic_128,50.0,similarity+interactions,Core Number Only,logistic_regression,80.96500864590053,5672,5675,0.8949167255696209,0.8203753351206434,0.8344259674483229,0.6975683890577508,0.9956616052060736,0.8919553460829632,0.8189116859946476,0.8319162398829577,0.6954545454545454,0.9956616052060736
K_Means_topic_128,50.0,similarity+interactions,Core Number Only,random_forest,80.96500864590053,5672,5675,0.9368621961850284,0.8398950131233596,0.8691491672196558,0.729483282674772,0.9896907216494846,0.9358698147980302,0.8384279475982532,0.8670307086419802,0.7272727272727273,0.9896907216494846
K_Means_topic_128,50.0,similarity+interactions,Core Number Only,xgboost,80.96500864590053,5672,5675,0.9386939972332788,0.8388791593695272,0.8708377295681122,0.7279635258358662,0.9896694214876032,0.9368556451856552,0.8384279475982532,0.8687931839399122,0.7272727272727273,0.9896907216494846
K_Means_topic_128,50.0,similarity+text_similarity,"All (Unweighted Clustering, No Square Clustering)",logistic_regression,326.52822587895207,5672,5675,0.9694290636673242,0.9305331179321488,0.9443402714808116,0.8753799392097265,0.993103448275862,0.9693549654068098,0.9280517380759904,0.9433303370681304,0.8696969696969697,0.9948006932409011
K_Means_topic_128,50.0,similarity+text_similarity,"All (Unweighted Clustering, No Square Clustering)",random_forest,326.52822587895207,5672,5675,0.9959153882805956,0.9736024844720496,0.9915191244484513,0.952887537993921,0.9952380952380953,0.9950422973503732,0.9745566692367,0.98996810842121,0.9575757575757576,0.9921507064364208
K_Means_topic_128,50.0,similarity+text_similarity,"All (Unweighted Clustering, No Square Clustering)",xgboost,326.52822587895207,5672,5675,0.9940543378236985,0.973724884080371,0.9881845896123072,0.9574468085106383,0.9905660377358492,0.9949832321218164,0.9738058551617874,0.9887571946329844,0.9575757575757576,0.9905956112852664
K_Means_topic_128,50.0,similarity+text_similarity,"All but Betweenness and Harmonic (Unweighted Clustering, No Square Clustering)",logistic_regression,326.52822587895207,5672,5675,0.9763516257821564,0.9446672012830792,0.9545169521894292,0.8951367781155015,1.0,0.9737218647089037,0.9423076923076924,0.951722374482992,0.8909090909090909,1.0
K_Means_topic_128,50.0,similarity+text_similarity,"All but Betweenness and Harmonic (Unweighted Clustering, No Square Clustering)",random_forest,326.52822587895207,5672,5675,0.9952726590470692,0.975987606506584,0.9907714614470696,0.9574468085106383,0.995260663507109,0.994210096981782,0.9745566692367,0.988605971706516,0.9575757575757576,0.9921507064364208
K_Means_topic_128,50.0,similarity+text_similarity,"All but Betweenness and Harmonic (Unweighted Clustering, No Square Clustering)",xgboost,326.52822587895207,5672,5675,0.9952967557101512,0.9753086419753086,0.9885206031995876,0.96048632218845,0.9905956112852664,0.9961530559835644,0.9745566692367,0.9893481753276218,0.9575757575757576,0.9921507064364208
K_Means_topic_128,50.0,similarity+text_similarity,Core Number Only,logistic_regression,326.52822587895207,5672,5675,0.97305432327477,0.9412711182622688,0.95276217155326,0.8890577507598785,1.0,0.9701572555062088,0.9397590361445785,0.9503071537300783,0.8863636363636364,1.0
K_Means_topic_128,50.0,similarity+text_similarity,Core Number Only,random_forest,326.52822587895207,5672,5675,0.9653115653071096,0.9518547750591948,0.947424766422486,0.9164133738601824,0.9901477832512317,0.9694215837336476,0.9488591660110148,0.9501718162041995,0.9136363636363636,0.9869067103109656
K_Means_topic_128,50.0,similarity+text_similarity,Core Number Only,xgboost,326.52822587895207,5672,5675,0.9691896125499058,0.9535066981875492,0.9501824564633272,0.919452887537994,0.9901800327332242,0.969565847910813,0.950432730133753,0.9509443459324872,0.9151515151515152,0.9885433715220948
K_Means_topic_128,50.0,similarity+text_similarity+interactions,"All (Unweighted Clustering, No Square Clustering)",logistic_regression,343.4956418611109,5672,5675,0.9669751443678066,0.9286871961102108,0.9398780487620652,0.8708206686930091,0.9947916666666666,0.9653533339375812,0.9182186234817814,0.9343823488324404,0.8590909090909091,0.9860869565217392
K_Means_topic_128,50.0,similarity+text_similarity+interactions,"All (Unweighted Clustering, No Square Clustering)",random_forest,343.4956418611109,5672,5675,0.9959529730129498,0.975912975912976,0.9913207312859684,0.9544072948328268,0.9984101748807632,0.9948549805130064,0.9752704791344669,0.9892133383087468,0.956060606060606,0.995268138801262
K_Means_topic_128,50.0,similarity+text_similarity+interactions,"All (Unweighted Clustering, No Square Clustering)",xgboost,343.4956418611109,5672,5675,0.994558397580998,0.9722650231124808,0.9883150451478816,0.958966565349544,0.9859375,0.9948400253784104,0.97459584295612,0.9882772440314868,0.9590909090909092,0.9906103286384976
K_Means_topic_128,50.0,similarity+text_similarity+interactions,"All but Betweenness and Harmonic (Unweighted Clustering, No Square Clustering)",logistic_regression,343.4956418611109,5672,5675,0.9759942677221108,0.9455128205128204,0.9540630912521204,0.8966565349544073,1.0,0.97273150246231,0.9431545236188952,0.9508242166432674,0.8924242424242425,1.0
K_Means_topic_128,50.0,similarity+text_similarity+interactions,"All but Betweenness and Harmonic (Unweighted Clustering, No Square Clustering)",random_forest,343.4956418611109,5672,5675,0.995791873938383,0.9751937984496124,0.9903412933779828,0.9559270516717324,0.995253164556962,0.994192724855736,0.9761354888375674,0.9883102005812118,0.9606060606060606,0.9921752738654148
K_Means_topic_128,50.0,similarity+text_similarity+interactions,"All but Betweenness and Harmonic (Unweighted Clustering, No Square Clustering)",xgboost,343.4956418611109,5672,5675,0.9957680803779811,0.9738058551617874,0.988976908043552,0.96048632218845,0.9875,0.9962095531587056,0.9738863287250384,0.9892859404598204,0.9606060606060606,0.9875389408099688
K_Means_topic_128,50.0,similarity+text_similarity+interactions,Core Number Only,logistic_regression,343.4956418611109,5672,5675,0.9729714246917144,0.9404186795491144,0.9526979702587072,0.8875379939209727,1.0,0.9700761352306716,0.9389067524115756,0.950193973108994,0.8848484848484849,1.0
K_Means_topic_128,50.0,similarity+text_similarity+interactions,Core Number Only,random_forest,343.4956418611109,5672,5675,0.9612572638557328,0.9518547750591948,0.9465706081640872,0.9164133738601824,0.9901477832512317,0.965423426689628,0.9488591660110148,0.949317267963966,0.9136363636363636,0.9869067103109656
K_Means_topic_128,50.0,similarity+text_similarity+interactions,Core Number Only,xgboost,343.4956418611109,5672,5675,0.9665298865304806,0.9526813880126184,0.949422799949224,0.917933130699088,0.9901639344262296,0.9671598839844102,0.949685534591195,0.950138324116084,0.9151515151515152,0.9869281045751634
K_Means_topic_128,50.0,text_similarity,"All (Unweighted Clustering, No Square Clustering)",logistic_regression,274.6753854895942,5672,5675,0.9708321259743236,0.931726907630522,0.9445756658910576,0.8814589665653495,0.9880749574105622,0.970186410465573,0.9131474103585656,0.9392343456666156,0.8681818181818182,0.9630252100840336
K_Means_topic_128,50.0,text_similarity,"All (Unweighted Clustering, No Square Clustering)",random_forest,274.6753854895942,5672,5675,0.9955960696069244,0.9728049728049728,0.9899104875143188,0.9513677811550152,0.9952305246422892,0.9948018067011088,0.975346687211094,0.988477025708205,0.9590909090909092,0.9921630094043888
K_Means_topic_128,50.0,text_similarity,"All (Unweighted Clustering, No Square Clustering)",xgboost,274.6753854895942,5672,5675,0.9941777006145708,0.97138437741686,0.9871064839734414,0.9544072948328268,0.988976377952756,0.9954787153690444,0.9730146491904396,0.987378373509596,0.956060606060606,0.9905808477237048
K_Means_topic_128,50.0,text_similarity,"All but Betweenness and Harmonic (Unweighted Clustering, No Square Clustering)",logistic_regression,274.6753854895942,5672,5675,0.9761597617855416,0.9455128205128204,0.9545116058418452,0.8966565349544073,1.0,0.973103114897731,0.944,0.9511157832379216,0.8939393939393939,1.0
K_Means_topic_128,50.0,text_similarity,"All but Betweenness and Harmonic (Unweighted Clustering, No Square Clustering)",random_forest,274.6753854895942,5672,5675,0.9956310779664962,0.9744384198295896,0.9896211878818448,0.9559270516717324,0.9936808846761452,0.994806489622043,0.9730561970746728,0.9884144310594816,0.9575757575757576,0.9890453834115804
K_Means_topic_128,50.0,text_similarity,"All but Betweenness and Harmonic (Unweighted Clustering, No Square Clustering)",xgboost,274.6753854895942,5672,5675,0.9942619631596878,0.9721362229102168,0.9869397863572822,0.9544072948328268,0.9905362776025236,0.995201063476238,0.9723076923076924,0.9873077638450078,0.9575757575757576,0.9875
K_Means_topic_128,50.0,text_similarity,Core Number Only,logistic_regression,274.6753854895942,5672,5675,0.9730726609869266,0.9404186795491144,0.9524495545004276,0.8875379939209727,1.0,0.970152874709206,0.9389067524115756,0.9499141289366188,0.8848484848484849,1.0
K_Means_topic_128,50.0,text_similarity,Core Number Only,random_forest,274.6753854895942,5672,5675,0.9642564648770676,0.9481946624803768,0.9438410695035974,0.917933130699088,0.9805194805194806,0.9656040968005076,0.946875,0.9458529412300256,0.9181818181818182,0.9774193548387096
K_Means_topic_128,50.0,text_similarity,Core Number Only,xgboost,274.6753854895942,5672,5675,0.968318950100812,0.949685534591195,0.9469090535545704,0.917933130699088,0.98371335504886,0.9686121937218648,0.9490994518402506,0.9477431214107856,0.9181818181818182,0.9821717990275528
K_Means_topic_128,50.0,text_similarity+interactions,"All (Unweighted Clustering, No Square Clustering)",logistic_regression,336.7594591770321,5672,5675,0.9764055780592458,0.8794435857805255,0.942680711213081,0.8647416413373861,0.8946540880503144,0.9761841747484818,0.8772200772200772,0.9415359392513204,0.8606060606060606,0.8944881889763779
K_Means_topic_128,50.0,text_similarity+interactions,"All (Unweighted Clustering, No Square Clustering)",random_forest,336.7594591770321,5672,5675,0.9948769584979686,0.9743589743589745,0.9890610174201,0.952887537993921,0.9968203497615262,0.995201818786066,0.973724884080371,0.9883809344552296,0.9545454545454546,0.9936908517350158
K_Means_topic_128,50.0,text_similarity+interactions,"All (Unweighted Clustering, No Square Clustering)",xgboost,336.7594591770321,5672,5675,0.9953470707550772,0.9752704791344669,0.98723351162423,0.958966565349544,0.9921383647798742,0.9955409528988792,0.9723502304147466,0.98770615366577,0.9590909090909092,0.985981308411215
K_Means_topic_128,50.0,text_similarity+interactions,"All but Betweenness and Harmonic (Unweighted Clustering, No Square Clustering)",logistic_regression,336.7594591770321,5672,5675,0.9818462711702068,0.9463570856685348,0.9607038336332192,0.898176291793313,1.0,0.980379165533702,0.944,0.9582688073387804,0.8939393939393939,1.0
K_Means_topic_128,50.0,text_similarity+interactions,"All but Betweenness and Harmonic (Unweighted Clustering, No Square Clustering)",random_forest,336.7594591770321,5672,5675,0.9964699146341612,0.9790859798605732,0.9910161172209362,0.96048632218845,0.9984202211690364,0.9954524305870268,0.9784615384615384,0.98882153501528,0.9636363636363636,0.99375
K_Means_topic_128,50.0,text_similarity+interactions,"All but Betweenness and Harmonic (Unweighted Clustering, No Square Clustering)",xgboost,336.7594591770321,5672,5675,0.9960908847324756,0.9768160741885626,0.9879889922019224,0.96048632218845,0.9937106918238994,0.9963041179491828,0.97239263803681,0.9883737516186112,0.9606060606060606,0.984472049689441
K_Means_topic_128,50.0,text_similarity+interactions,Core Number Only,logistic_regression,336.7594591770321,5672,5675,0.9730082516673678,0.9404186795491144,0.9524391191645456,0.8875379939209727,1.0,0.9700882201879212,0.9389067524115756,0.9498839690077444,0.8848484848484849,1.0
K_Means_topic_128,50.0,text_similarity+interactions,Core Number Only,random_forest,336.7594591770321,5672,5675,0.959078258687226,0.9489395129615082,0.942967940757788,0.917933130699088,0.9821138211382112,0.9612072872292216,0.946875,0.944390759559441,0.9181818181818182,0.9774193548387096
K_Means_topic_128,50.0,text_similarity+interactions,Core Number Only,xgboost,336.7594591770321,5672,5675,0.9638981975089808,0.9489395129615082,0.944506355908286,0.917933130699088,0.9821138211382112,0.9637739810870418,0.9482758620689656,0.9464176767504704,0.9166666666666666,0.9821428571428572
K_Means_topic_128,100.0,interactions,"All (Unweighted Clustering, No Square Clustering)",logistic_regression,12.05828478001058,5675,5675,0.8722852654158737,0.6251198465963567,0.690553116138441,0.4939393939393939,0.8511749347258486,0.8722852654158737,0.6251198465963567,0.690553116138441,0.4939393939393939,0.8511749347258486
K_Means_topic_128,100.0,interactions,"All (Unweighted Clustering, No Square Clustering)",random_forest,12.05828478001058,5675,5675,0.930651832381643,0.781387181738367,0.8402233955041446,0.6742424242424242,0.92901878914405,0.930651832381643,0.781387181738367,0.8402233955041446,0.6742424242424242,0.92901878914405
K_Means_topic_128,100.0,interactions,"All (Unweighted Clustering, No Square Clustering)",xgboost,12.05828478001058,5675,5675,0.9375068733194356,0.8,0.8549292216877676,0.7151515151515152,0.9076923076923076,0.9375068733194356,0.8,0.8549292216877676,0.7151515151515152,0.9076923076923076
K_Means_topic_128,100.0,interactions,"All but Betweenness and Harmonic (Unweighted Clustering, No Square Clustering)",logistic_regression,12.05828478001058,5675,5675,0.8717378168524729,0.6259541984732825,0.6907933357939673,0.4969696969696969,0.845360824742268,0.8717378168524729,0.6259541984732825,0.6907933357939673,0.4969696969696969,0.845360824742268
K_Means_topic_128,100.0,interactions,"All but Betweenness and Harmonic (Unweighted Clustering, No Square Clustering)",random_forest,12.05828478001058,5675,5675,0.929068400858032,0.7926829268292683,0.8390521413684606,0.6893939393939394,0.9323770491803278,0.929068400858032,0.7926829268292683,0.8390521413684606,0.6893939393939394,0.9323770491803278
K_Means_topic_128,100.0,interactions,"All but Betweenness and Harmonic (Unweighted Clustering, No Square Clustering)",xgboost,12.05828478001058,5675,5675,0.9355787183902836,0.8,0.8496166950866022,0.7242424242424242,0.8934579439252337,0.9355787183902836,0.8,0.8496166950866022,0.7242424242424242,0.8934579439252337
K_Means_topic_128,100.0,interactions,Core Number Only,logistic_regression,12.05828478001058,5675,5675,0.8166654581709417,0.4625131995776135,0.5387924105383478,0.3318181818181818,0.7630662020905923,0.8166654581709417,0.4625131995776135,0.5387924105383478,0.3318181818181818,0.7630662020905923
K_Means_topic_128,100.0,interactions,Core Number Only,random_forest,12.05828478001058,5675,5675,0.8135127949484879,0.4390779363336992,0.5298222901405075,0.303030303030303,0.796812749003984,0.8135127949484879,0.4390779363336992,0.5298222901405075,0.303030303030303,0.796812749003984
K_Means_topic_128,100.0,interactions,Core Number Only,xgboost,12.05828478001058,5675,5675,0.8130454092268649,0.4390779363336992,0.5287228574318688,0.303030303030303,0.796812749003984,0.8130454092268649,0.4390779363336992,0.5287228574318688,0.303030303030303,0.796812749003984
K_Means_topic_128,100.0,similarity,"All (Unweighted Clustering, No Square Clustering)",logistic_regression,149.4607274532318,5675,5675,0.9443400102722136,0.8474870017331022,0.8760953152246923,0.740909090909091,0.9898785425101214,0.9443400102722136,0.8474870017331022,0.8760953152246923,0.740909090909091,0.9898785425101214
K_Means_topic_128,100.0,similarity,"All (Unweighted Clustering, No Square Clustering)",random_forest,149.4607274532318,5675,5675,0.9917813226985708,0.9310071371927042,0.9788648466067632,0.8893939393939394,0.9767054908485856,0.9917813226985708,0.9310071371927042,0.9788648466067632,0.8893939393939394,0.9767054908485856
K_Means_topic_128,100.0,similarity,"All (Unweighted Clustering, No Square Clustering)",xgboost,149.4607274532318,5675,5675,0.9923592857790264,0.9421875,0.9788183519688108,0.9136363636363636,0.9725806451612904,0.9923592857790264,0.9421875,0.9788183519688108,0.9136363636363636,0.9725806451612904
K_Means_topic_128,100.0,similarity,"All but Betweenness and Harmonic (Unweighted Clustering, No Square Clustering)",logistic_regression,149.4607274532318,5675,5675,0.9427336173298286,0.8539518900343642,0.8763689768622331,0.753030303030303,0.9861111111111112,0.9427336173298286,0.8539518900343642,0.8763689768622331,0.753030303030303,0.9861111111111112
K_Means_topic_128,100.0,similarity,"All but Betweenness and Harmonic (Unweighted Clustering, No Square Clustering)",random_forest,149.4607274532318,5675,5675,0.9916722559593945,0.9335443037974684,0.9780550593675904,0.8939393939393939,0.97682119205298,0.9916722559593945,0.9335443037974684,0.9780550593675904,0.8939393939393939,0.97682119205298
K_Means_topic_128,100.0,similarity,"All but Betweenness and Harmonic (Unweighted Clustering, No Square Clustering)",xgboost,149.4607274532318,5675,5675,0.9919459802410948,0.9407176287051482,0.9784950040231218,0.9136363636363636,0.9694533762057878,0.9919459802410948,0.9407176287051482,0.9784950040231218,0.9136363636363636,0.9694533762057878
K_Means_topic_128,100.0,similarity,Core Number Only,logistic_regression,149.4607274532318,5675,5675,0.8945540650774948,0.8235294117647058,0.8359414583394995,0.7,1.0,0.8945540650774948,0.8235294117647058,0.8359414583394995,0.7,1.0
K_Means_topic_128,100.0,similarity,Core Number Only,random_forest,149.4607274532318,5675,5675,0.9341063174114022,0.8446771378708552,0.8741580676903155,0.7333333333333333,0.9958847736625516,0.9341063174114022,0.8446771378708552,0.8741580676903155,0.7333333333333333,0.9958847736625516
K_Means_topic_128,100.0,similarity,Core Number Only,xgboost,149.4607274532318,5675,5675,0.9369793649354964,0.8446771378708552,0.8749240590884041,0.7333333333333333,0.9958847736625516,0.9369793649354964,0.8446771378708552,0.8749240590884041,0.7333333333333333,0.9958847736625516
K_Means_topic_128,100.0,similarity+interactions,"All (Unweighted Clustering, No Square Clustering)",logistic_regression,78.56536491797306,5675,5675,0.9252965346385088,0.8226950354609929,0.8639881624845928,0.703030303030303,0.9914529914529916,0.9252965346385088,0.8226950354609929,0.8639881624845928,0.703030303030303,0.9914529914529916
K_Means_topic_128,100.0,similarity+interactions,"All (Unweighted Clustering, No Square Clustering)",random_forest,78.56536491797306,5675,5675,0.9941679506933744,0.937007874015748,0.9793278437381092,0.9015151515151516,0.9754098360655736,0.9941679506933744,0.937007874015748,0.9793278437381092,0.9015151515151516,0.9754098360655736
K_Means_topic_128,100.0,similarity+interactions,"All (Unweighted Clustering, No Square Clustering)",xgboost,78.56536491797306,5675,5675,0.9933118825342157,0.9432789432789432,0.9791789838766324,0.9196969696969696,0.9681020733652312,0.9933118825342157,0.9432789432789432,0.9791789838766324,0.9196969696969696,0.9681020733652312
K_Means_topic_128,100.0,similarity+interactions,"All but Betweenness and Harmonic (Unweighted Clustering, No Square Clustering)",logistic_regression,78.56536491797306,5675,5675,0.9221662285869664,0.824468085106383,0.862246502050841,0.7045454545454546,0.9935897435897436,0.9221662285869664,0.824468085106383,0.862246502050841,0.7045454545454546,0.9935897435897436
K_Means_topic_128,100.0,similarity+interactions,"All but Betweenness and Harmonic (Unweighted Clustering, No Square Clustering)",random_forest,78.56536491797306,5675,5675,0.9925750022659297,0.9396078431372548,0.9779984198961448,0.9075757575757576,0.9739837398373984,0.9925750022659297,0.9396078431372548,0.9779984198961448,0.9075757575757576,0.9739837398373984
K_Means_topic_128,100.0,similarity+interactions,"All but Betweenness and Harmonic (Unweighted Clustering, No Square Clustering)",xgboost,78.56536491797306,5675,5675,0.9926079337744342,0.9440124416796268,0.9792906319635282,0.9196969696969696,0.9696485623003196,0.9926079337744342,0.9440124416796268,0.9792906319635282,0.9196969696969696,0.9696485623003196
K_Means_topic_128,100.0,similarity+interactions,Core Number Only,logistic_regression,78.56536491797306,5675,5675,0.8932355962415783,0.8202846975088968,0.8333078667445504,0.6984848484848485,0.9935344827586208,0.8932355962415783,0.8202846975088968,0.8333078667445504,0.6984848484848485,0.9935344827586208
K_Means_topic_128,100.0,similarity+interactions,Core Number Only,random_forest,78.56536491797306,5675,5675,0.9325739448321704,0.8424717145343777,0.8689242477058536,0.7333333333333333,0.9897750511247444,0.9325739448321704,0.8424717145343777,0.8689242477058536,0.7333333333333333,0.9897750511247444
K_Means_topic_128,100.0,similarity+interactions,Core Number Only,xgboost,78.56536491797306,5675,5675,0.93405571165292,0.8414634146341463,0.8703881407769258,0.7318181818181818,0.9897540983606558,0.93405571165292,0.8414634146341463,0.8703881407769258,0.7318181818181818,0.9897540983606558
K_Means_topic_128,100.0,similarity+text_similarity,"All (Unweighted Clustering, No Square Clustering)",logistic_regression,343.0135785510065,5675,5675,0.9827287833469288,0.9336455893832944,0.9638337679210962,0.906060606060606,0.9629629629629628,0.9827287833469288,0.9336455893832944,0.9638337679210962,0.906060606060606,0.9629629629629628
K_Means_topic_128,100.0,similarity+text_similarity,"All (Unweighted Clustering, No Square Clustering)",random_forest,343.0135785510065,5675,5675,0.9950036254871748,0.9738058551617874,0.9892284756136084,0.9575757575757576,0.9905956112852664,0.9950036254871748,0.9738058551617874,0.9892284756136084,0.9575757575757576,0.9905956112852664
K_Means_topic_128,100.0,similarity+text_similarity,"All (Unweighted Clustering, No Square Clustering)",xgboost,343.0135785510065,5675,5675,0.9948454636091724,0.97459584295612,0.98756281536983,0.9590909090909092,0.9906103286384976,0.9948454636091724,0.97459584295612,0.98756281536983,0.9590909090909092,0.9906103286384976
K_Means_topic_128,100.0,similarity+text_similarity,"All but Betweenness and Harmonic (Unweighted Clustering, No Square Clustering)",logistic_regression,343.0135785510065,5675,5675,0.9840055590803348,0.9532117367168914,0.9690982516859994,0.9106060606060606,1.0,0.9840055590803348,0.9532117367168914,0.9690982516859994,0.9106060606060606,1.0
K_Means_topic_128,100.0,similarity+text_similarity,"All but Betweenness and Harmonic (Unweighted Clustering, No Square Clustering)",random_forest,343.0135785510065,5675,5675,0.9943209764645458,0.9738058551617874,0.9885365707412844,0.9575757575757576,0.9905956112852664,0.9943209764645458,0.9738058551617874,0.9885365707412844,0.9575757575757576,0.9905956112852664
K_Means_topic_128,100.0,similarity+text_similarity,"All but Betweenness and Harmonic (Unweighted Clustering, No Square Clustering)",xgboost,343.0135785510065,5675,5675,0.9943255083235144,0.9746348962336664,0.987215785803186,0.9606060606060606,0.9890795631825272,0.9943255083235144,0.9746348962336664,0.987215785803186,0.9606060606060606,0.9890795631825272
K_Means_topic_128,100.0,similarity+text_similarity,Core Number Only,logistic_regression,343.0135785510065,5675,5675,0.972008822018792,0.9406099518459068,0.9520123779539862,0.8878787878787879,1.0,0.972008822018792,0.9406099518459068,0.9520123779539862,0.8878787878787879,1.0
K_Means_topic_128,100.0,similarity+text_similarity,Core Number Only,random_forest,343.0135785510065,5675,5675,0.9631230550771926,0.9487785657998424,0.940085375689554,0.912121212121212,0.9885057471264368,0.9631230550771926,0.9487785657998424,0.940085375689554,0.912121212121212,0.9885057471264368
K_Means_topic_128,100.0,similarity+text_similarity,Core Number Only,xgboost,343.0135785510065,5675,5675,0.9666541285235204,0.9486977111286504,0.9424085216585228,0.9106060606060606,0.9901153212520593,0.9666541285235204,0.9486977111286504,0.9424085216585228,0.9106060606060606,0.9901153212520593
K_Means_topic_128,100.0,similarity+text_similarity+interactions,"All (Unweighted Clustering, No Square Clustering)",logistic_regression,380.9509954936802,5675,5675,0.9691295809541076,0.9239391513210568,0.9438266120006166,0.8742424242424243,0.9796264855687606,0.9691295809541076,0.9239391513210568,0.9438266120006166,0.8742424242424243,0.9796264855687606
K_Means_topic_128,100.0,similarity+text_similarity+interactions,"All (Unweighted Clustering, No Square Clustering)",random_forest,380.9509954936802,5675,5675,0.995573884407384,0.9768875192604006,0.9893711699192216,0.9606060606060606,0.9937304075235108,0.995573884407384,0.9768875192604006,0.9893711699192216,0.9606060606060606,0.9937304075235108
K_Means_topic_128,100.0,similarity+text_similarity+interactions,"All (Unweighted Clustering, No Square Clustering)",xgboost,380.9509954936802,5675,5675,0.9935789600894288,0.9731800766283524,0.9871866764886904,0.9621212121212122,0.9844961240310076,0.9935789600894288,0.9731800766283524,0.9871866764886904,0.9621212121212122,0.9844961240310076
K_Means_topic_128,100.0,similarity+text_similarity+interactions,"All but Betweenness and Harmonic (Unweighted Clustering, No Square Clustering)",logistic_regression,380.9509954936802,5675,5675,0.978823831535696,0.9473684210526316,0.9594001618044354,0.9,1.0,0.978823831535696,0.9473684210526316,0.9594001618044354,0.9,1.0
K_Means_topic_128,100.0,similarity+text_similarity+interactions,"All but Betweenness and Harmonic (Unweighted Clustering, No Square Clustering)",random_forest,380.9509954936802,5675,5675,0.9933751774978096,0.9784615384615384,0.9874948776135668,0.9636363636363636,0.99375,0.9933751774978096,0.9784615384615384,0.9874948776135668,0.9636363636363636,0.99375
K_Means_topic_128,100.0,similarity+text_similarity+interactions,"All but Betweenness and Harmonic (Unweighted Clustering, No Square Clustering)",xgboost,380.9509954936802,5675,5675,0.9935880238073658,0.9746738296239448,0.9869392321034032,0.9621212121212122,0.9875583203732504,0.9935880238073658,0.9746738296239448,0.9869392321034032,0.9621212121212122,0.9875583203732504
K_Means_topic_128,100.0,similarity+text_similarity+interactions,Core Number Only,logistic_regression,380.9509954936802,5675,5675,0.971893259615094,0.9406099518459068,0.9519223383278226,0.8878787878787879,1.0,0.971893259615094,0.9406099518459068,0.9519223383278226,0.8878787878787879,1.0
K_Means_topic_128,100.0,similarity+text_similarity+interactions,Core Number Only,random_forest,380.9509954936802,5675,5675,0.9617619867669718,0.9495268138801262,0.939758184262476,0.912121212121212,0.9901315789473684,0.9617619867669718,0.9495268138801262,0.939758184262476,0.912121212121212,0.9901315789473684
K_Means_topic_128,100.0,similarity+text_similarity+interactions,Core Number Only,xgboost,380.9509954936802,5675,5675,0.9649900299102692,0.94794952681388,0.9424498568184154,0.9106060606060606,0.9884868421052632,0.9649900299102692,0.94794952681388,0.9424498568184154,0.9106060606060606,0.9884868421052632
K_Means_topic_128,100.0,text_similarity,"All (Unweighted Clustering, No Square Clustering)",logistic_regression,273.93170433072373,5675,5675,0.9593498292999788,0.8794326241134752,0.920673019150032,0.8454545454545455,0.916256157635468,0.9593498292999788,0.8794326241134752,0.920673019150032,0.8454545454545455,0.916256157635468
K_Means_topic_128,100.0,text_similarity,"All (Unweighted Clustering, No Square Clustering)",random_forest,273.93170433072373,5675,5675,0.9947082993443912,0.9745566692367,0.9885411176308024,0.9575757575757576,0.9921507064364208,0.9947082993443912,0.9745566692367,0.9885411176308024,0.9575757575757576,0.9921507064364208
K_Means_topic_128,100.0,text_similarity,"All (Unweighted Clustering, No Square Clustering)",xgboost,273.93170433072373,5675,5675,0.9937399921447776,0.9776751347190146,0.9872577358652654,0.9621212121212122,0.9937402190923318,0.9937399921447776,0.9776751347190146,0.9872577358652654,0.9621212121212122,0.9937402190923318
K_Means_topic_128,100.0,text_similarity,"All but Betweenness and Harmonic (Unweighted Clustering, No Square Clustering)",logistic_regression,273.93170433072373,5675,5675,0.9762817607782712,0.9456869009584664,0.95517369524349,0.896969696969697,1.0,0.9762817607782712,0.9456869009584664,0.95517369524349,0.896969696969697,1.0
K_Means_topic_128,100.0,text_similarity,"All but Betweenness and Harmonic (Unweighted Clustering, No Square Clustering)",random_forest,273.93170433072373,5675,5675,0.995081573461434,0.9760986892829608,0.989488423060911,0.9590909090909092,0.9937205651491364,0.995081573461434,0.9760986892829608,0.989488423060911,0.9590909090909092,0.9937205651491364
K_Means_topic_128,100.0,text_similarity,"All but Betweenness and Harmonic (Unweighted Clustering, No Square Clustering)",xgboost,273.93170433072373,5675,5675,0.9943022447808092,0.9784283513097072,0.987629303540076,0.9621212121212122,0.9952978056426331,0.9943022447808092,0.9784283513097072,0.987629303540076,0.9621212121212122,0.9952978056426331
K_Means_topic_128,100.0,text_similarity,Core Number Only,logistic_regression,273.93170433072373,5675,5675,0.9719370675851232,0.9397590361445785,0.9515111066740968,0.8863636363636364,1.0,0.9719370675851232,0.9397590361445785,0.9515111066740968,0.8863636363636364,1.0
K_Means_topic_128,100.0,text_similarity,Core Number Only,random_forest,273.93170433072373,5675,5675,0.9616038248889692,0.9442262372348782,0.9401344901487632,0.9106060606060606,0.9804241435562806,0.9616038248889692,0.9442262372348782,0.9401344901487632,0.9106060606060606,0.9804241435562806
K_Means_topic_128,100.0,text_similarity,Core Number Only,xgboost,273.93170433072373,5675,5675,0.9651238708118072,0.9466248037676608,0.9456032618274768,0.9136363636363636,0.982084690553746,0.9651238708118072,0.9466248037676608,0.9456032618274768,0.9136363636363636,0.982084690553746
K_Means_topic_128,100.0,text_similarity+interactions,"All (Unweighted Clustering, No Square Clustering)",logistic_regression,331.1744686774909,5675,5675,0.966068159158887,0.9078014184397164,0.9356202997060338,0.8727272727272727,0.9458128078817734,0.966068159158887,0.9078014184397164,0.9356202997060338,0.8727272727272727,0.9458128078817734
K_Means_topic_128,100.0,text_similarity+interactions,"All (Unweighted Clustering, No Square Clustering)",random_forest,331.1744686774909,5675,5675,0.9940981600652588,0.97138437741686,0.9883785063276012,0.9515151515151516,0.9921011058451816,0.9940981600652588,0.97138437741686,0.9883785063276012,0.9515151515151516,0.9921011058451816
K_Means_topic_128,100.0,text_similarity+interactions,"All (Unweighted Clustering, No Square Clustering)",xgboost,331.1744686774909,5675,5675,0.9946218919000576,0.9738058551617874,0.986616168223006,0.9575757575757576,0.9905956112852664,0.9946218919000576,0.9738058551617874,0.986616168223006,0.9575757575757576,0.9905956112852664
K_Means_topic_128,100.0,text_similarity+interactions,"All but Betweenness and Harmonic (Unweighted Clustering, No Square Clustering)",logistic_regression,331.1744686774909,5675,5675,0.9757083295567844,0.944,0.9550001754409968,0.8939393939393939,1.0,0.9757083295567844,0.944,0.9550001754409968,0.8939393939393939,1.0
K_Means_topic_128,100.0,text_similarity+interactions,"All but Betweenness and Harmonic (Unweighted Clustering, No Square Clustering)",random_forest,331.1744686774909,5675,5675,0.9942709749539262,0.9760986892829608,0.9889442433512908,0.9590909090909092,0.9937205651491364,0.9942709749539262,0.9760986892829608,0.9889442433512908,0.9590909090909092,0.9937205651491364
K_Means_topic_128,100.0,text_similarity+interactions,"All but Betweenness and Harmonic (Unweighted Clustering, No Square Clustering)",xgboost,331.1744686774909,5675,5675,0.9941063174114022,0.9777094542659492,0.9862260806387496,0.9636363636363636,0.9921996879875196,0.9941063174114022,0.9777094542659492,0.9862260806387496,0.9636363636363636,0.9921996879875196
K_Means_topic_128,100.0,text_similarity+interactions,Core Number Only,logistic_regression,331.1744686774909,5675,5675,0.97187271518777,0.9397590361445785,0.9514945417693672,0.8863636363636364,1.0,0.97187271518777,0.9397590361445785,0.9514945417693672,0.8863636363636364,1.0
K_Means_topic_128,100.0,text_similarity+interactions,Core Number Only,random_forest,331.1744686774909,5675,5675,0.958785008610532,0.9449685534591196,0.9397180398484578,0.9106060606060606,0.9820261437908496,0.958785008610532,0.9449685534591196,0.9397180398484578,0.9106060606060606,0.9820261437908496
K_Means_topic_128,100.0,text_similarity+interactions,Core Number Only,xgboost,331.1744686774909,5675,5675,0.9628447989365236,0.9434850863422292,0.945498761731712,0.9106060606060606,0.978827361563518,0.9628447989365236,0.9434850863422292,0.945498761731712,0.9106060606060606,0.978827361563518
