start_date,end_date,BERTopic_topic_256,post_count,topic_top_words
2017-01-06,2017-01-09,49,24,"btsarmy, bestfanarmy, user, yoongi, iheartawards, bts, army, url, jhope, best"
2017-01-06,2017-01-09,0,4,"user, url, you, love, good, going, follow, new, me, go"
2017-01-06,2017-01-09,5,2,"yeah, that, url, whats, amp, heck, tshirts, doll, charity, advantages"
2017-01-06,2017-01-09,13,2,"hey, hello, username, follows, case, users, provided, crises, finds, information"
2017-01-06,2017-01-09,31,2,"gang, exo, baekhyun, sehun, soft, big, chanyeol, url, exolar, shanyol"
2017-01-06,2017-01-09,10,1,"something, tell, detects, going, delicate, situations, accident, buy, url, insurance"
2017-01-06,2017-01-09,16,1,"directors, vote, fans, voted, retweet, music, peopleschoice, littlethingscovermatthunter, perfection, 40"
2017-01-06,2017-01-09,20,1,"jessica, maomaoarmy, url, lovej418, cr, 170214, airport, 170209, red, hong"
2017-01-06,2017-01-09,22,1,"about, talking, hey, fuck, know"
2017-01-06,2017-01-09,27,1,"guo, wen, china, chinese, guos, united, states, news, weiwei, lies"
2017-01-06,2017-01-09,28,1,"adnfestival2017, url, thank, adn, love, congratulations, all, you, happy, adnfest2017"
2017-01-06,2017-01-09,50,1,"got7, eyesonyou, godseven, lookgot7, youngjae, mark, url, jb, lteyes, yougt"
2017-01-06,2017-01-09,52,1,"dafbama2018blackpink, blackpink, dafbama2018, black, vote, pink, user, retweet, tweet, rose"
2017-01-06,2017-01-09,58,1,"helps, obg, promotion, link, please, win, url, user, right, carolinapedrosa"
2017-01-06,2017-01-09,69,1,"channel, subscribe, user, url, music, please"
2017-01-06,2017-01-09,73,1,"100factsaboutme, 100, facts, factsabout, hate, 100factsabout, factsaboutme, never, me, love"
2017-01-06,2017-01-09,120,1,"angel, look, face, body, nasty, six, alone, imagined, four, never"
2017-08-16,2017-08-19,0,34,"user, url, you, love, good, going, follow, new, me, go"
2017-08-16,2017-08-19,18,34,"rp, openfollow, retweet, help, jfb, juseyo, pa, helps, open, thank"
2017-08-16,2017-08-19,65,6,"nooooooooooooo, gained, 3oo, lose, that, followed, followers, user, nooooooooooooooo, 1990"
2017-08-16,2017-08-19,3,5,"no, 90sbabyfollowtrain, follow, teamfollowback, jfb, lovatics, sougofollow, retweet, instantfollow, autofollow"
2017-08-16,2017-08-19,59,5,"3oo, lose, that, followed, noooooooooooo, followers, nooooooooooooo, nooooooooooo, user, nooooooooooooooo"
2017-08-16,2017-08-19,103,5,"mag, al, connacht, franoise, jazeera, ahmadi, mubarak, profile, kuwait, around"
2017-08-16,2017-08-19,22,4,"about, talking, hey, fuck, know"
2017-08-16,2017-08-19,133,4,"know, throughout, roundteam, save, engaged, rapist, keep, great, also, followers"
2017-08-16,2017-08-19,5,3,"yeah, that, url, whats, amp, heck, tshirts, doll, charity, advantages"
2017-08-16,2017-08-19,6,2,"european, states, rural, affairs, member, committee, plants, food, manufacturer, council"
2017-08-16,2017-08-19,26,2,"matter, whats, you, hope555, oshund, ohjustbecause, nutshell, plzz, deeper, annoying"
2017-08-16,2017-08-19,31,2,"gang, exo, baekhyun, sehun, soft, big, chanyeol, url, exolar, shanyol"
2017-08-16,2017-08-19,46,2,"user, tell, going, whereverververververververververververververververververver, do, you, btsarmy, bestfanarmy, iheartawards, url"
2017-08-16,2017-08-19,58,2,"helps, obg, promotion, link, please, win, url, user, right, carolinapedrosa"
2017-08-16,2017-08-19,104,2,"chance, increase, followers, closeup, something, reader, tell, directory, going, tweets"
2017-08-16,2017-08-19,132,2,"game, doing, games, user, v8pk5, site, online, shaneul, adult, disgrace"
2017-08-16,2017-08-19,2,1,"commonly, terms, conditions, list, used, following, excuse, bot, hurt, run"
2017-08-16,2017-08-19,4,1,"twentieth, publication, journal, force, enter, official, union, shall, regulation, european"
2017-08-16,2017-08-19,10,1,"something, tell, detects, going, delicate, situations, accident, buy, url, insurance"
2017-08-16,2017-08-19,17,1,"fans, voted, music, thank, procedures, incident, you, find, follow, delicate"
2017-08-16,2017-08-19,50,1,"got7, eyesonyou, godseven, lookgot7, youngjae, mark, url, jb, lteyes, yougt"
2017-08-16,2017-08-19,56,1,"on, whats, going, man, here, blackhaired, fang, cass, hells, 11000"
2017-08-16,2017-08-19,74,1,"use, it, going, tracking, download, able, bores, user, happy, forth"
2017-08-16,2017-08-19,75,1,"tracking, download, user, follow, url, enormous, indicationmt, commenting, favor, ft"
2017-08-16,2017-08-19,76,1,"que, eu, em, amor, de, nao, pra, vc, linda, kkkkkkkkkkkkkkkkkkkk"
2017-08-16,2017-08-19,102,1,"nicoflowproductions, sor, subscribe, share, support, amp, following, url, user, member"
2017-08-16,2017-08-19,108,1,"bless, you, god, url, wick, it, amp, follow, over, good"
2017-08-16,2017-08-19,134,1,"itsfoodporn, food, porn, chocolate, cheese, cream, foodporn, cake, url, ice"
2017-08-19,2017-08-22,0,18,"user, url, you, love, good, going, follow, new, me, go"
2017-08-19,2017-08-22,18,17,"rp, openfollow, retweet, help, jfb, juseyo, pa, helps, open, thank"
2017-08-19,2017-08-22,26,7,"matter, whats, you, hope555, oshund, ohjustbecause, nutshell, plzz, deeper, annoying"
2017-08-19,2017-08-22,59,4,"3oo, lose, that, followed, noooooooooooo, followers, nooooooooooooo, nooooooooooo, user, nooooooooooooooo"
2017-08-19,2017-08-22,65,4,"nooooooooooooo, gained, 3oo, lose, that, followed, followers, user, nooooooooooooooo, 1990"
2017-08-19,2017-08-22,22,3,"about, talking, hey, fuck, know"
2017-08-19,2017-08-22,132,2,"game, doing, games, user, v8pk5, site, online, shaneul, adult, disgrace"
2017-08-19,2017-08-22,2,1,"commonly, terms, conditions, list, used, following, excuse, bot, hurt, run"
2017-08-19,2017-08-22,3,1,"no, 90sbabyfollowtrain, follow, teamfollowback, jfb, lovatics, sougofollow, retweet, instantfollow, autofollow"
2017-08-19,2017-08-22,5,1,"yeah, that, url, whats, amp, heck, tshirts, doll, charity, advantages"
2017-08-19,2017-08-22,6,1,"european, states, rural, affairs, member, committee, plants, food, manufacturer, council"
2017-08-19,2017-08-22,13,1,"hey, hello, username, follows, case, users, provided, crises, finds, information"
2017-08-19,2017-08-22,14,1,"playwright, win, philon, katic, stana, castle, collected, coins, crime, gold"
2017-08-19,2017-08-22,27,1,"guo, wen, china, chinese, guos, united, states, news, weiwei, lies"
2017-08-19,2017-08-22,31,1,"gang, exo, baekhyun, sehun, soft, big, chanyeol, url, exolar, shanyol"
2017-08-19,2017-08-22,58,1,"helps, obg, promotion, link, please, win, url, user, right, carolinapedrosa"
2017-08-19,2017-08-22,61,1,"donated, user, donations, noooossa, something, retweetd, donation, types, mt, perfectly"
2017-08-19,2017-08-22,91,1,"fuse, pen, find, attention, url"
2017-08-19,2017-08-22,103,1,"mag, al, connacht, franoise, jazeera, ahmadi, mubarak, profile, kuwait, around"
2017-08-19,2017-08-22,133,1,"know, throughout, roundteam, save, engaged, rapist, keep, great, also, followers"
2017-08-22,2017-08-25,0,8,"user, url, you, love, good, going, follow, new, me, go"
2017-08-22,2017-08-25,18,7,"rp, openfollow, retweet, help, jfb, juseyo, pa, helps, open, thank"
2017-08-22,2017-08-25,65,3,"nooooooooooooo, gained, 3oo, lose, that, followed, followers, user, nooooooooooooooo, 1990"
2017-08-22,2017-08-25,133,2,"know, throughout, roundteam, save, engaged, rapist, keep, great, also, followers"
2017-08-22,2017-08-25,22,1,"about, talking, hey, fuck, know"
2017-08-22,2017-08-25,26,1,"matter, whats, you, hope555, oshund, ohjustbecause, nutshell, plzz, deeper, annoying"
2017-08-25,2017-08-28,0,7,"user, url, you, love, good, going, follow, new, me, go"
2017-08-25,2017-08-28,18,7,"rp, openfollow, retweet, help, jfb, juseyo, pa, helps, open, thank"
2017-08-25,2017-08-28,4,1,"twentieth, publication, journal, force, enter, official, union, shall, regulation, european"
2017-08-25,2017-08-28,20,1,"jessica, maomaoarmy, url, lovej418, cr, 170214, airport, 170209, red, hong"
2017-08-25,2017-08-28,26,1,"matter, whats, you, hope555, oshund, ohjustbecause, nutshell, plzz, deeper, annoying"
2017-08-25,2017-08-28,59,1,"3oo, lose, that, followed, noooooooooooo, followers, nooooooooooooo, nooooooooooo, user, nooooooooooooooo"
2017-08-25,2017-08-28,65,1,"nooooooooooooo, gained, 3oo, lose, that, followed, followers, user, nooooooooooooooo, 1990"
2017-08-25,2017-08-28,76,1,"que, eu, em, amor, de, nao, pra, vc, linda, kkkkkkkkkkkkkkkkkkkk"
2017-08-25,2017-08-28,102,1,"nicoflowproductions, sor, subscribe, share, support, amp, following, url, user, member"
2017-08-25,2017-08-28,103,1,"mag, al, connacht, franoise, jazeera, ahmadi, mubarak, profile, kuwait, around"
2017-08-25,2017-08-28,133,1,"know, throughout, roundteam, save, engaged, rapist, keep, great, also, followers"
2017-08-28,2017-08-31,18,9,"rp, openfollow, retweet, help, jfb, juseyo, pa, helps, open, thank"
2017-08-28,2017-08-31,0,3,"user, url, you, love, good, going, follow, new, me, go"
2017-08-28,2017-08-31,14,1,"playwright, win, philon, katic, stana, castle, collected, coins, crime, gold"
2017-08-28,2017-08-31,22,1,"about, talking, hey, fuck, know"
2017-08-28,2017-08-31,46,1,"user, tell, going, whereverververververververververververververververververver, do, you, btsarmy, bestfanarmy, iheartawards, url"
2017-08-28,2017-08-31,74,1,"use, it, going, tracking, download, able, bores, user, happy, forth"
2017-08-31,2017-09-03,18,19,"rp, openfollow, retweet, help, jfb, juseyo, pa, helps, open, thank"
2017-08-31,2017-09-03,0,7,"user, url, you, love, good, going, follow, new, me, go"
2017-08-31,2017-09-03,104,3,"chance, increase, followers, closeup, something, reader, tell, directory, going, tweets"
2017-08-31,2017-09-03,22,2,"about, talking, hey, fuck, know"
2017-08-31,2017-09-03,26,2,"matter, whats, you, hope555, oshund, ohjustbecause, nutshell, plzz, deeper, annoying"
2017-08-31,2017-09-03,46,2,"user, tell, going, whereverververververververververververververververververver, do, you, btsarmy, bestfanarmy, iheartawards, url"
2017-08-31,2017-09-03,59,2,"3oo, lose, that, followed, noooooooooooo, followers, nooooooooooooo, nooooooooooo, user, nooooooooooooooo"
2017-08-31,2017-09-03,4,1,"twentieth, publication, journal, force, enter, official, union, shall, regulation, european"
2017-08-31,2017-09-03,6,1,"european, states, rural, affairs, member, committee, plants, food, manufacturer, council"
2017-08-31,2017-09-03,24,1,"number, complaint, used, sorry, inconvenience, regarding, signal, pulse, checking, correct"
2017-08-31,2017-09-03,31,1,"gang, exo, baekhyun, sehun, soft, big, chanyeol, url, exolar, shanyol"
2017-08-31,2017-09-03,58,1,"helps, obg, promotion, link, please, win, url, user, right, carolinapedrosa"
2017-08-31,2017-09-03,130,1,"ganesh, ji, ganeshchaturthi, shri, sant, aadiganesha, pm, asaram, chaturthi, sadhana"
2017-08-31,2017-09-03,132,1,"game, doing, games, user, v8pk5, site, online, shaneul, adult, disgrace"
2017-09-03,2017-09-06,0,8,"user, url, you, love, good, going, follow, new, me, go"
2017-09-03,2017-09-06,18,8,"rp, openfollow, retweet, help, jfb, juseyo, pa, helps, open, thank"
2017-09-03,2017-09-06,103,3,"mag, al, connacht, franoise, jazeera, ahmadi, mubarak, profile, kuwait, around"
2017-09-03,2017-09-06,6,2,"european, states, rural, affairs, member, committee, plants, food, manufacturer, council"
2017-09-03,2017-09-06,59,2,"3oo, lose, that, followed, noooooooooooo, followers, nooooooooooooo, nooooooooooo, user, nooooooooooooooo"
2017-09-03,2017-09-06,5,1,"yeah, that, url, whats, amp, heck, tshirts, doll, charity, advantages"
2017-09-03,2017-09-06,14,1,"playwright, win, philon, katic, stana, castle, collected, coins, crime, gold"
2017-09-03,2017-09-06,26,1,"matter, whats, you, hope555, oshund, ohjustbecause, nutshell, plzz, deeper, annoying"
2017-09-03,2017-09-06,61,1,"donated, user, donations, noooossa, something, retweetd, donation, types, mt, perfectly"
2017-09-03,2017-09-06,65,1,"nooooooooooooo, gained, 3oo, lose, that, followed, followers, user, nooooooooooooooo, 1990"
2017-09-03,2017-09-06,102,1,"nicoflowproductions, sor, subscribe, share, support, amp, following, url, user, member"
2017-09-03,2017-09-06,104,1,"chance, increase, followers, closeup, something, reader, tell, directory, going, tweets"
2017-09-03,2017-09-06,133,1,"know, throughout, roundteam, save, engaged, rapist, keep, great, also, followers"
2017-09-06,2017-09-09,18,10,"rp, openfollow, retweet, help, jfb, juseyo, pa, helps, open, thank"
2017-09-06,2017-09-09,31,1,"gang, exo, baekhyun, sehun, soft, big, chanyeol, url, exolar, shanyol"
2017-09-06,2017-09-09,49,1,"btsarmy, bestfanarmy, user, yoongi, iheartawards, bts, army, url, jhope, best"
2017-09-06,2017-09-09,78,1,"sales, prices, housing, home, fall, rise, january, house, falling, fell"
2017-09-06,2017-09-09,102,1,"nicoflowproductions, sor, subscribe, share, support, amp, following, url, user, member"
2017-09-06,2017-09-09,103,1,"mag, al, connacht, franoise, jazeera, ahmadi, mubarak, profile, kuwait, around"
2017-09-09,2017-09-12,18,10,"rp, openfollow, retweet, help, jfb, juseyo, pa, helps, open, thank"
2017-09-09,2017-09-12,0,2,"user, url, you, love, good, going, follow, new, me, go"
2017-09-09,2017-09-12,58,1,"helps, obg, promotion, link, please, win, url, user, right, carolinapedrosa"
2017-09-09,2017-09-12,65,1,"nooooooooooooo, gained, 3oo, lose, that, followed, followers, user, nooooooooooooooo, 1990"
2017-09-09,2017-09-12,102,1,"nicoflowproductions, sor, subscribe, share, support, amp, following, url, user, member"
2017-09-09,2017-09-12,103,1,"mag, al, connacht, franoise, jazeera, ahmadi, mubarak, profile, kuwait, around"
2017-09-12,2017-09-15,0,2,"user, url, you, love, good, going, follow, new, me, go"
2017-09-15,2017-09-18,18,11,"rp, openfollow, retweet, help, jfb, juseyo, pa, helps, open, thank"
2017-09-15,2017-09-18,0,2,"user, url, you, love, good, going, follow, new, me, go"
2017-09-15,2017-09-18,31,1,"gang, exo, baekhyun, sehun, soft, big, chanyeol, url, exolar, shanyol"
2017-09-15,2017-09-18,59,1,"3oo, lose, that, followed, noooooooooooo, followers, nooooooooooooo, nooooooooooo, user, nooooooooooooooo"
2017-09-15,2017-09-18,103,1,"mag, al, connacht, franoise, jazeera, ahmadi, mubarak, profile, kuwait, around"
2017-09-18,2017-09-21,18,3,"rp, openfollow, retweet, help, jfb, juseyo, pa, helps, open, thank"
2017-09-18,2017-09-21,0,2,"user, url, you, love, good, going, follow, new, me, go"
2017-09-18,2017-09-21,6,1,"european, states, rural, affairs, member, committee, plants, food, manufacturer, council"
2017-09-18,2017-09-21,26,1,"matter, whats, you, hope555, oshund, ohjustbecause, nutshell, plzz, deeper, annoying"
2017-09-18,2017-09-21,31,1,"gang, exo, baekhyun, sehun, soft, big, chanyeol, url, exolar, shanyol"
2017-10-12,2017-10-15,18,2,"rp, openfollow, retweet, help, jfb, juseyo, pa, helps, open, thank"
2017-10-21,2017-10-24,0,1,"user, url, you, love, good, going, follow, new, me, go"
2017-10-24,2017-10-27,5,2,"yeah, that, url, whats, amp, heck, tshirts, doll, charity, advantages"
2017-10-24,2017-10-27,18,2,"rp, openfollow, retweet, help, jfb, juseyo, pa, helps, open, thank"
2017-10-27,2017-10-30,18,16,"rp, openfollow, retweet, help, jfb, juseyo, pa, helps, open, thank"
2017-10-27,2017-10-30,0,13,"user, url, you, love, good, going, follow, new, me, go"
2017-10-27,2017-10-30,5,3,"yeah, that, url, whats, amp, heck, tshirts, doll, charity, advantages"
2017-10-27,2017-10-30,133,3,"know, throughout, roundteam, save, engaged, rapist, keep, great, also, followers"
2017-10-27,2017-10-30,46,2,"user, tell, going, whereverververververververververververververververververver, do, you, btsarmy, bestfanarmy, iheartawards, url"
2017-10-27,2017-10-30,65,2,"nooooooooooooo, gained, 3oo, lose, that, followed, followers, user, nooooooooooooooo, 1990"
2017-10-27,2017-10-30,2,1,"commonly, terms, conditions, list, used, following, excuse, bot, hurt, run"
2017-10-27,2017-10-30,6,1,"european, states, rural, affairs, member, committee, plants, food, manufacturer, council"
2017-10-27,2017-10-30,27,1,"guo, wen, china, chinese, guos, united, states, news, weiwei, lies"
2017-10-27,2017-10-30,74,1,"use, it, going, tracking, download, able, bores, user, happy, forth"
2017-10-27,2017-10-30,103,1,"mag, al, connacht, franoise, jazeera, ahmadi, mubarak, profile, kuwait, around"
2017-11-02,2017-11-05,0,1,"user, url, you, love, good, going, follow, new, me, go"
2017-11-14,2017-11-17,31,37,"gang, exo, baekhyun, sehun, soft, big, chanyeol, url, exolar, shanyol"
2017-11-14,2017-11-17,0,12,"user, url, you, love, good, going, follow, new, me, go"
2017-11-14,2017-11-17,16,3,"directors, vote, fans, voted, retweet, music, peopleschoice, littlethingscovermatthunter, perfection, 40"
2017-11-14,2017-11-17,5,2,"yeah, that, url, whats, amp, heck, tshirts, doll, charity, advantages"
2017-11-14,2017-11-17,13,1,"hey, hello, username, follows, case, users, provided, crises, finds, information"
2017-11-14,2017-11-17,49,1,"btsarmy, bestfanarmy, user, yoongi, iheartawards, bts, army, url, jhope, best"
2017-11-14,2017-11-17,50,1,"got7, eyesonyou, godseven, lookgot7, youngjae, mark, url, jb, lteyes, yougt"
2018-01-01,2018-01-04,18,4,"rp, openfollow, retweet, help, jfb, juseyo, pa, helps, open, thank"
2018-01-01,2018-01-04,0,2,"user, url, you, love, good, going, follow, new, me, go"
2018-01-01,2018-01-04,5,2,"yeah, that, url, whats, amp, heck, tshirts, doll, charity, advantages"
2018-01-01,2018-01-04,46,2,"user, tell, going, whereverververververververververververververververververver, do, you, btsarmy, bestfanarmy, iheartawards, url"
2018-01-01,2018-01-04,65,1,"nooooooooooooo, gained, 3oo, lose, that, followed, followers, user, nooooooooooooooo, 1990"
2018-01-01,2018-01-04,103,1,"mag, al, connacht, franoise, jazeera, ahmadi, mubarak, profile, kuwait, around"
2018-01-01,2018-01-04,108,1,"bless, you, god, url, wick, it, amp, follow, over, good"
2018-01-01,2018-01-04,135,1,"joined, tinychat, chat, video, menfessterror, content, engaged, followers, share, 68"
2018-01-07,2018-01-10,0,7,"user, url, you, love, good, going, follow, new, me, go"
2018-01-07,2018-01-10,18,4,"rp, openfollow, retweet, help, jfb, juseyo, pa, helps, open, thank"
2018-01-07,2018-01-10,5,1,"yeah, that, url, whats, amp, heck, tshirts, doll, charity, advantages"
2018-01-07,2018-01-10,6,1,"european, states, rural, affairs, member, committee, plants, food, manufacturer, council"
2018-01-07,2018-01-10,31,1,"gang, exo, baekhyun, sehun, soft, big, chanyeol, url, exolar, shanyol"
2018-01-07,2018-01-10,65,1,"nooooooooooooo, gained, 3oo, lose, that, followed, followers, user, nooooooooooooooo, 1990"
2018-01-07,2018-01-10,76,1,"que, eu, em, amor, de, nao, pra, vc, linda, kkkkkkkkkkkkkkkkkkkk"
2018-01-07,2018-01-10,103,1,"mag, al, connacht, franoise, jazeera, ahmadi, mubarak, profile, kuwait, around"
2018-01-07,2018-01-10,104,1,"chance, increase, followers, closeup, something, reader, tell, directory, going, tweets"
2018-01-07,2018-01-10,122,1,"vagina, unbelievable, number, 10, things, see, walkers, paul, became, daughter"
2018-01-07,2018-01-10,133,1,"know, throughout, roundteam, save, engaged, rapist, keep, great, also, followers"
2018-01-10,2018-01-13,18,1,"rp, openfollow, retweet, help, jfb, juseyo, pa, helps, open, thank"
2018-01-10,2018-01-13,56,1,"on, whats, going, man, here, blackhaired, fang, cass, hells, 11000"
2018-01-13,2018-01-16,10,1,"something, tell, detects, going, delicate, situations, accident, buy, url, insurance"
2018-01-13,2018-01-16,54,1,"birthday, congratulations, happy, seventhday, adventist, seventeen, 20th, much, grow, thank"
2018-01-16,2018-01-19,0,13,"user, url, you, love, good, going, follow, new, me, go"
2018-01-16,2018-01-19,49,6,"btsarmy, bestfanarmy, user, yoongi, iheartawards, bts, army, url, jhope, best"
2018-01-16,2018-01-19,31,3,"gang, exo, baekhyun, sehun, soft, big, chanyeol, url, exolar, shanyol"
2018-01-16,2018-01-19,10,2,"something, tell, detects, going, delicate, situations, accident, buy, url, insurance"
2018-01-16,2018-01-19,2,1,"commonly, terms, conditions, list, used, following, excuse, bot, hurt, run"
2018-01-16,2018-01-19,5,1,"yeah, that, url, whats, amp, heck, tshirts, doll, charity, advantages"
2018-01-16,2018-01-19,6,1,"european, states, rural, affairs, member, committee, plants, food, manufacturer, council"
2018-01-16,2018-01-19,14,1,"playwright, win, philon, katic, stana, castle, collected, coins, crime, gold"
2018-01-16,2018-01-19,20,1,"jessica, maomaoarmy, url, lovej418, cr, 170214, airport, 170209, red, hong"
2018-01-16,2018-01-19,54,1,"birthday, congratulations, happy, seventhday, adventist, seventeen, 20th, much, grow, thank"
2018-01-16,2018-01-19,76,1,"que, eu, em, amor, de, nao, pra, vc, linda, kkkkkkkkkkkkkkkkkkkk"
2018-01-16,2018-01-19,120,1,"angel, look, face, body, nasty, six, alone, imagined, four, never"
2018-01-22,2018-01-25,0,1,"user, url, you, love, good, going, follow, new, me, go"
2018-01-22,2018-01-25,133,1,"know, throughout, roundteam, save, engaged, rapist, keep, great, also, followers"
2018-01-25,2018-01-28,0,1,"user, url, you, love, good, going, follow, new, me, go"
2018-02-03,2018-02-06,18,7,"rp, openfollow, retweet, help, jfb, juseyo, pa, helps, open, thank"
2018-02-03,2018-02-06,0,6,"user, url, you, love, good, going, follow, new, me, go"
2018-02-03,2018-02-06,104,2,"chance, increase, followers, closeup, something, reader, tell, directory, going, tweets"
2018-02-03,2018-02-06,5,1,"yeah, that, url, whats, amp, heck, tshirts, doll, charity, advantages"
2018-02-03,2018-02-06,22,1,"about, talking, hey, fuck, know"
2018-02-03,2018-02-06,59,1,"3oo, lose, that, followed, noooooooooooo, followers, nooooooooooooo, nooooooooooo, user, nooooooooooooooo"
2018-02-03,2018-02-06,65,1,"nooooooooooooo, gained, 3oo, lose, that, followed, followers, user, nooooooooooooooo, 1990"
2018-02-03,2018-02-06,109,1,"account, tastedeservesfollowing, luxurious, special, ff, member, states, requirements, regulation, take"
2018-02-03,2018-02-06,112,1,"clans, clash, resources, unlimited, village, gets, user, adoptive, tortured, lucia"
2018-02-06,2018-02-09,0,31,"user, url, you, love, good, going, follow, new, me, go"
2018-02-06,2018-02-09,18,20,"rp, openfollow, retweet, help, jfb, juseyo, pa, helps, open, thank"
2018-02-06,2018-02-09,103,4,"mag, al, connacht, franoise, jazeera, ahmadi, mubarak, profile, kuwait, around"
2018-02-06,2018-02-09,132,4,"game, doing, games, user, v8pk5, site, online, shaneul, adult, disgrace"
2018-02-06,2018-02-09,22,3,"about, talking, hey, fuck, know"
2018-02-06,2018-02-09,59,3,"3oo, lose, that, followed, noooooooooooo, followers, nooooooooooooo, nooooooooooo, user, nooooooooooooooo"
2018-02-06,2018-02-09,65,3,"nooooooooooooo, gained, 3oo, lose, that, followed, followers, user, nooooooooooooooo, 1990"
2018-02-06,2018-02-09,104,3,"chance, increase, followers, closeup, something, reader, tell, directory, going, tweets"
2018-02-06,2018-02-09,133,3,"know, throughout, roundteam, save, engaged, rapist, keep, great, also, followers"
2018-02-06,2018-02-09,26,2,"matter, whats, you, hope555, oshund, ohjustbecause, nutshell, plzz, deeper, annoying"
2018-02-06,2018-02-09,46,2,"user, tell, going, whereverververververververververververververververververver, do, you, btsarmy, bestfanarmy, iheartawards, url"
2018-02-06,2018-02-09,2,1,"commonly, terms, conditions, list, used, following, excuse, bot, hurt, run"
2018-02-06,2018-02-09,4,1,"twentieth, publication, journal, force, enter, official, union, shall, regulation, european"
2018-02-06,2018-02-09,5,1,"yeah, that, url, whats, amp, heck, tshirts, doll, charity, advantages"
2018-02-06,2018-02-09,10,1,"something, tell, detects, going, delicate, situations, accident, buy, url, insurance"
2018-02-06,2018-02-09,13,1,"hey, hello, username, follows, case, users, provided, crises, finds, information"
2018-02-06,2018-02-09,14,1,"playwright, win, philon, katic, stana, castle, collected, coins, crime, gold"
2018-02-06,2018-02-09,33,1,"cnco, bestboyband, iheartawards, hundred, ahre, joel, us, runnerup, supports, rich"
2018-02-06,2018-02-09,64,1,"srudukfollow, ipad5, ios6, canon, honda, gemini, blackberry, apple, facebook, android"
2018-02-06,2018-02-09,68,1,"iranian, saudi, arabia, iran, israel, gaza, narrator, muslims, syria, israeli"
2018-02-06,2018-02-09,109,1,"account, tastedeservesfollowing, luxurious, special, ff, member, states, requirements, regulation, take"
2018-02-06,2018-02-09,114,1,"remember, agata, avenida, brazilian, become, grabriele, julia, humiliated, her, happened"
2018-02-09,2018-02-12,31,89,"gang, exo, baekhyun, sehun, soft, big, chanyeol, url, exolar, shanyol"
2018-02-09,2018-02-12,0,59,"user, url, you, love, good, going, follow, new, me, go"
2018-02-09,2018-02-12,18,24,"rp, openfollow, retweet, help, jfb, juseyo, pa, helps, open, thank"
2018-02-09,2018-02-12,13,15,"hey, hello, username, follows, case, users, provided, crises, finds, information"
2018-02-09,2018-02-12,65,9,"nooooooooooooo, gained, 3oo, lose, that, followed, followers, user, nooooooooooooooo, 1990"
2018-02-09,2018-02-12,5,8,"yeah, that, url, whats, amp, heck, tshirts, doll, charity, advantages"
2018-02-09,2018-02-12,133,8,"know, throughout, roundteam, save, engaged, rapist, keep, great, also, followers"
2018-02-09,2018-02-12,59,7,"3oo, lose, that, followed, noooooooooooo, followers, nooooooooooooo, nooooooooooo, user, nooooooooooooooo"
2018-02-09,2018-02-12,132,5,"game, doing, games, user, v8pk5, site, online, shaneul, adult, disgrace"
2018-02-09,2018-02-12,61,4,"donated, user, donations, noooossa, something, retweetd, donation, types, mt, perfectly"
2018-02-09,2018-02-12,10,3,"something, tell, detects, going, delicate, situations, accident, buy, url, insurance"
2018-02-09,2018-02-12,16,3,"directors, vote, fans, voted, retweet, music, peopleschoice, littlethingscovermatthunter, perfection, 40"
2018-02-09,2018-02-12,26,3,"matter, whats, you, hope555, oshund, ohjustbecause, nutshell, plzz, deeper, annoying"
2018-02-09,2018-02-12,46,3,"user, tell, going, whereverververververververververververververververververver, do, you, btsarmy, bestfanarmy, iheartawards, url"
2018-02-09,2018-02-12,103,3,"mag, al, connacht, franoise, jazeera, ahmadi, mubarak, profile, kuwait, around"
2018-02-09,2018-02-12,22,2,"about, talking, hey, fuck, know"
2018-02-09,2018-02-12,56,2,"on, whats, going, man, here, blackhaired, fang, cass, hells, 11000"
2018-02-09,2018-02-12,104,2,"chance, increase, followers, closeup, something, reader, tell, directory, going, tweets"
2018-02-09,2018-02-12,131,2,"website, hello, currently, users, number, network, email, anything, present, followers"
2018-02-09,2018-02-12,6,1,"european, states, rural, affairs, member, committee, plants, food, manufacturer, council"
2018-02-09,2018-02-12,14,1,"playwright, win, philon, katic, stana, castle, collected, coins, crime, gold"
2018-02-09,2018-02-12,17,1,"fans, voted, music, thank, procedures, incident, you, find, follow, delicate"
2018-02-09,2018-02-12,20,1,"jessica, maomaoarmy, url, lovej418, cr, 170214, airport, 170209, red, hong"
2018-02-09,2018-02-12,21,1,"chance, better, tweets, winning, new, many, make, possible, participating, thank"
2018-02-09,2018-02-12,27,1,"guo, wen, china, chinese, guos, united, states, news, weiwei, lies"
2018-02-09,2018-02-12,108,1,"bless, you, god, url, wick, it, amp, follow, over, good"
2018-02-09,2018-02-12,109,1,"account, tastedeservesfollowing, luxurious, special, ff, member, states, requirements, regulation, take"
2018-02-09,2018-02-12,110,1,"book, fair, international, kuwait, library, doha, available, publish, avaik, suite"
2018-02-09,2018-02-12,112,1,"clans, clash, resources, unlimited, village, gets, user, adoptive, tortured, lucia"
2018-02-12,2018-02-15,49,9544,"btsarmy, bestfanarmy, user, yoongi, iheartawards, bts, army, url, jhope, best"
2018-02-12,2018-02-15,31,5379,"gang, exo, baekhyun, sehun, soft, big, chanyeol, url, exolar, shanyol"
2018-02-12,2018-02-15,0,4990,"user, url, you, love, good, going, follow, new, me, go"
2018-02-12,2018-02-15,16,1389,"directors, vote, fans, voted, retweet, music, peopleschoice, littlethingscovermatthunter, perfection, 40"
2018-02-12,2018-02-15,13,571,"hey, hello, username, follows, case, users, provided, crises, finds, information"
2018-02-12,2018-02-15,46,528,"user, tell, going, whereverververververververververververververververververver, do, you, btsarmy, bestfanarmy, iheartawards, url"
2018-02-12,2018-02-15,33,522,"cnco, bestboyband, iheartawards, hundred, ahre, joel, us, runnerup, supports, rich"
2018-02-12,2018-02-15,10,426,"something, tell, detects, going, delicate, situations, accident, buy, url, insurance"
2018-02-12,2018-02-15,70,392,"dogs, lost, dog, cats, usa, il, missing, home, found, shelter"
2018-02-12,2018-02-15,6,381,"european, states, rural, affairs, member, committee, plants, food, manufacturer, council"
2018-02-12,2018-02-15,5,335,"yeah, that, url, whats, amp, heck, tshirts, doll, charity, advantages"
2018-02-12,2018-02-15,17,260,"fans, voted, music, thank, procedures, incident, you, find, follow, delicate"
2018-02-12,2018-02-15,14,221,"playwright, win, philon, katic, stana, castle, collected, coins, crime, gold"
2018-02-12,2018-02-15,110,163,"book, fair, international, kuwait, library, doha, available, publish, avaik, suite"
2018-02-12,2018-02-15,50,147,"got7, eyesonyou, godseven, lookgot7, youngjae, mark, url, jb, lteyes, yougt"
2018-02-12,2018-02-15,20,132,"jessica, maomaoarmy, url, lovej418, cr, 170214, airport, 170209, red, hong"
2018-02-12,2018-02-15,54,129,"birthday, congratulations, happy, seventhday, adventist, seventeen, 20th, much, grow, thank"
2018-02-12,2018-02-15,134,124,"itsfoodporn, food, porn, chocolate, cheese, cream, foodporn, cake, url, ice"
2018-02-12,2018-02-15,102,119,"nicoflowproductions, sor, subscribe, share, support, amp, following, url, user, member"
2018-02-12,2018-02-15,104,116,"chance, increase, followers, closeup, something, reader, tell, directory, going, tweets"
2018-02-12,2018-02-15,22,109,"about, talking, hey, fuck, know"
2018-02-12,2018-02-15,106,105,"voting, harmony, fifth, here, free, retweettfbjp, 441, volback, component, volome"
2018-02-12,2018-02-15,132,99,"game, doing, games, user, v8pk5, site, online, shaneul, adult, disgrace"
2018-02-12,2018-02-15,72,95,"ill, brazilian, called, hear, group, followup, hello, restart, take, me"
2018-02-12,2018-02-15,73,91,"100factsaboutme, 100, facts, factsabout, hate, 100factsabout, factsaboutme, never, me, love"
2018-02-12,2018-02-15,28,88,"adnfestival2017, url, thank, adn, love, congratulations, all, you, happy, adnfest2017"
2018-02-12,2018-02-15,27,87,"guo, wen, china, chinese, guos, united, states, news, weiwei, lies"
2018-02-12,2018-02-15,52,87,"dafbama2018blackpink, blackpink, dafbama2018, black, vote, pink, user, retweet, tweet, rose"
2018-02-12,2018-02-15,56,82,"on, whats, going, man, here, blackhaired, fang, cass, hells, 11000"
2018-02-12,2018-02-15,2,77,"commonly, terms, conditions, list, used, following, excuse, bot, hurt, run"
2018-02-12,2018-02-15,58,75,"helps, obg, promotion, link, please, win, url, user, right, carolinapedrosa"
2018-02-12,2018-02-15,19,74,"quiz, participating, thank, winning, many, possible, new, chances, application, luck"
2018-02-12,2018-02-15,26,74,"matter, whats, you, hope555, oshund, ohjustbecause, nutshell, plzz, deeper, annoying"
2018-02-12,2018-02-15,120,68,"angel, look, face, body, nasty, six, alone, imagined, four, never"
2018-02-12,2018-02-15,53,65,"game, nba, lebron, finals, playoffs, points, warriors, cavs, james, rockets"
2018-02-12,2018-02-15,75,56,"tracking, download, user, follow, url, enormous, indicationmt, commenting, favor, ft"
2018-02-12,2018-02-15,25,50,"perubiebs, woods, perulovesbiebs, tag, brazilbiebs, justincometobrazil, brazilneedsbiebsnow, braziljbiebs, brazil, use"
2018-02-12,2018-02-15,67,50,"porn, xxx, movie, sexy, hot, sex, tits, ass, videos, blonde"
2018-02-12,2018-02-15,32,49,"listings, garden, light, japanese, flower, stunning, show, allison, mustsee, janney"
2018-02-12,2018-02-15,130,48,"ganesh, ji, ganeshchaturthi, shri, sant, aadiganesha, pm, asaram, chaturthi, sadhana"
2018-02-12,2018-02-15,103,45,"mag, al, connacht, franoise, jazeera, ahmadi, mubarak, profile, kuwait, around"
2018-02-12,2018-02-15,87,44,"are, men, 10, world, beautiful, appropriate, girls, signs, kissing, check"
2018-02-12,2018-02-15,125,44,"womans, reaction, husband, took, showing, photo, everyone, amazing, reactions, bonder"
2018-02-12,2018-02-15,68,43,"iranian, saudi, arabia, iran, israel, gaza, narrator, muslims, syria, israeli"
2018-02-12,2018-02-15,133,42,"know, throughout, roundteam, save, engaged, rapist, keep, great, also, followers"
2018-02-12,2018-02-15,108,37,"bless, you, god, url, wick, it, amp, follow, over, good"
2018-02-12,2018-02-15,107,34,"league, messi, turin, fiorentina, inter, milan, barcelona, rome, english, madrid"
2018-02-12,2018-02-15,11,32,"directors, base, fan, 2013, favorite, top, whos, vote, see, ily"
2018-02-12,2018-02-15,66,32,"mt, bf5fcb0378955a5784b49b8daa69d316c72c388c6and, mmmm, a67549ef2e3a26f231609c13d568a43e6bdc387248, fec860eb26e7614c37e150fa5d36da605ab6cc206, bf5fcb0378955a5784b49b8daa69d316c72c388c6, hate, already, user, bf5fcb0378955a5784b49b8daa69d316c72c388c6e"
2018-02-12,2018-02-15,60,31,"rebels, ticket, show, win, about, talking, thats, dressing, room, something"
2018-02-12,2018-02-15,24,29,"number, complaint, used, sorry, inconvenience, regarding, signal, pulse, checking, correct"
2018-02-12,2018-02-15,71,29,"website, twitters, unavailable, temporarily, violates, policy, media, account, publication, contents"
2018-02-12,2018-02-15,76,29,"que, eu, em, amor, de, nao, pra, vc, linda, kkkkkkkkkkkkkkkkkkkk"
2018-02-12,2018-02-15,4,28,"twentieth, publication, journal, force, enter, official, union, shall, regulation, european"
2018-02-12,2018-02-15,123,28,"childhood, stars, 20, part, check, demonic, cartoon, or, annabelle, not"
2018-02-12,2018-02-15,18,27,"rp, openfollow, retweet, help, jfb, juseyo, pa, helps, open, thank"
2018-02-12,2018-02-15,114,27,"remember, agata, avenida, brazilian, become, grabriele, julia, humiliated, her, happened"
2018-02-12,2018-02-15,112,25,"clans, clash, resources, unlimited, village, gets, user, adoptive, tortured, lucia"
2018-02-12,2018-02-15,131,25,"website, hello, currently, users, number, network, email, anything, present, followers"
2018-02-12,2018-02-15,51,24,"latinos, latin, tntweeters, vote, cir, url, tweeters, latism, latino, hr15"
2018-02-12,2018-02-15,78,22,"sales, prices, housing, home, fall, rise, january, house, falling, fell"
2018-02-12,2018-02-15,30,18,"188, frankfurt, amsterdam, jfk, mexico, arriving, 99, london, more, flight"
2018-02-12,2018-02-15,101,17,"jeans, pocket, interesting, little, check, url, hairy, backpacks, arcteryx, aerios"
2018-02-12,2018-02-15,129,17,"time, reporting, beijing, 2018, full, october, september, sexy, november, tuesday"
2018-02-12,2018-02-15,55,16,"redsox, bluejays, sox, yankees, baseball, mlb, game, dodgers, jr, out"
2018-02-12,2018-02-15,136,15,"mfterror, confessterror, menfessterror, terror, manfessterror, url, cave, miss, fr, rp"
2018-02-12,2018-02-15,12,14,"purposes, item, intended, used, regulation, replacement, tips, hiring, insurance, rep"
2018-02-12,2018-02-15,74,14,"use, it, going, tracking, download, able, bores, user, happy, forth"
2018-02-12,2018-02-15,77,14,"india, delhi, indiajobsearch, punjab, jobs, chandigarh, pradesh, uttar, mba, indiaj"
2018-02-12,2018-02-15,86,14,"hair, faster, grow, tips, girls, check, attention, url, tyshawn, demographic"
2018-02-12,2018-02-15,121,14,"deduce, easily, people, looking, things, drawings, compare, confuse, images, 24"
2018-02-12,2018-02-15,29,13,"goo, adnfestival2017, aldubsweetkiss, alden, maine, url, gee, sense, user, aldubxebloveis"
2018-02-12,2018-02-15,99,13,"appear, stripes, nails, white, check, navi, anita, defamed, fans, paint"
2018-02-12,2018-02-15,62,12,"rebel, ticket, next, show, win, nocapricho, recordtweetcam, asking, give, go"
2018-02-12,2018-02-15,3,11,"no, 90sbabyfollowtrain, follow, teamfollowback, jfb, lovatics, sougofollow, retweet, instantfollow, autofollow"
2018-02-12,2018-02-15,69,11,"channel, subscribe, user, url, music, please"
2018-02-12,2018-02-15,115,11,"appeared, turned, clear, brown, grew, beautiful, out, showed, up, got"
2018-02-12,2018-02-15,118,11,"waited, carrying, nine, months, babies, belly, baby, woman, daughters, cut"
2018-02-12,2018-02-15,23,10,"telkomsel, interacting, twitter, thank, products, mas, questions, dm, services, myxlcare"
2018-02-12,2018-02-15,63,10,"1990, 1992, 1993, 1991, 1997, 1995, 1998, 1996, 1999, 1994"
2018-02-12,2018-02-15,65,10,"nooooooooooooo, gained, 3oo, lose, that, followed, followers, user, nooooooooooooooo, 1990"
2018-02-12,2018-02-15,111,10,"bring, going, now, challenge, right, try, voucher, presale, enjoy, eat"
2018-02-12,2018-02-15,94,9,"bald, bruna, surprises, marquezine, appears, actress, carnival, see, url"
2018-02-12,2018-02-15,105,9,"zendaya, buzz, vote, thebuzz, hype, fan, put, end, thats"
2018-02-12,2018-02-15,109,9,"account, tastedeservesfollowing, luxurious, special, ff, member, states, requirements, regulation, take"
2018-02-12,2018-02-15,34,8,"m25, road, clockwise, southbound, works, congestion, direction, north, uktraffic, m1"
2018-02-12,2018-02-15,36,8,"arbitration, decisions, arsene, wenger, cost, 22, arsenal, chelsea, bad, says"
2018-02-12,2018-02-15,37,8,"resolution, trips, simple, better, travel, make, 2018, 383, greece, quit"
2018-02-12,2018-02-15,59,8,"3oo, lose, that, followed, noooooooooooo, followers, nooooooooooooo, nooooooooooo, user, nooooooooooooooo"
2018-02-12,2018-02-15,48,7,"138060, poll, 5531518487171, 5521518487171, 5515194540, 5511518487171, 55015194540, 54915194540, 5541518487171, 54715194540"
2018-02-12,2018-02-15,61,6,"donated, user, donations, noooossa, something, retweetd, donation, types, mt, perfectly"
2018-02-12,2018-02-15,89,6,"die, old, test, going, see, url, armpits, clear, text, tips"
2018-02-12,2018-02-15,96,6,"creedo, sausage, sucks, made, check, url, arm, is, mark, little"
2018-02-12,2018-02-15,98,6,"arm, is, mark, little, find, shy, nice, creedo, sausage, sucks"
2018-02-12,2018-02-15,9,5,"at, available, bugatti, specifications, hire, learn, bugpictures, videos, it, car"
2018-02-12,2018-02-15,35,5,"suggests, alastair, chef, beyond, current, far, english, series, ashes, play"
2018-02-12,2018-02-15,85,5,"flaw, iphone, incredible, find, attention, url, paladona, empty, photos, internet"
2018-02-12,2018-02-15,117,5,"invoke, devil, charlie, him, framing, alleged, champion, leaks, bbb, 15"
2018-02-12,2018-02-15,126,5,"taubatsp, fake, pregnant, her, happened, remember, woman, falling, dreamed, dreaming"
2018-02-12,2018-02-15,82,4,"armpits, clear, careless, intimate, parts, ends, showing, tips, girls, check"
2018-02-12,2018-02-15,95,4,"tooth, whitening, home, learn, see, url, teeth, clean, 60e531f296effc1b62047ae05df0d360f166c59729, flaw"
2018-02-12,2018-02-15,97,4,"bracelet, cause, cancer, see, url, shave, shower, hardstick, takes, rafael"
2018-02-12,2018-02-15,119,4,"cries, align, almond, aids, passed, says, fernando, surrender, finally, twice"
2018-02-12,2018-02-15,8,3,"specifications, in, bugatti, w2, advantages, fullrisk, url, stubs, 1099, paycheck"
2018-02-12,2018-02-15,21,3,"chance, better, tweets, winning, new, many, make, possible, participating, thank"
2018-02-12,2018-02-15,81,3,"stoned, girl, beautiful, see, url, forbidden, bracelet, cause, cancer"
2018-02-12,2018-02-15,88,3,"pregnancy, pregnant, talita, rafael, bbb, see, url, confirmed, fat, bed"
2018-02-12,2018-02-15,92,3,"break, more, listen, nail, ladies, tips, check, url, hair, faster"
2018-02-12,2018-02-15,135,3,"joined, tinychat, chat, video, menfessterror, content, engaged, followers, share, 68"
2018-02-12,2018-02-15,38,2,"null, cet, utc, wrong, kst, iheart, hour, socialists, rts, alty"
2018-02-12,2018-02-15,42,2,"138060, poll, 5601519301234, 5681519301234, 5701519301234, 5761519301234, 5771519301234, 5781519301234, 5801519301234, 5581519301234"
2018-02-12,2018-02-15,47,2,"138060, poll, 11519348619, 11519348325, 11519347733, 11519340264, 11519340142, 11519339559, 11519338747, 11519336978"
2018-02-12,2018-02-15,79,2,"massage, therapist, jobs, licensed, spa, seattle, therapists, url, san, portland"
2018-02-12,2018-02-15,80,2,"marijuana, arrested, tshirt, wearing, two, girls, science, disney, nine, according"
2018-02-12,2018-02-15,39,1,"138060, poll, question, 51519107011, 51518906100, 51518905016, 51518904213, 51518902978, 51518897439, 51518895753"
2018-02-12,2018-02-15,43,1,"138060, poll, 5611519301234, 5591519301234, 5571519301234, 5561519301234, 5551519301234, 5541519301234, 5531519301234, 5521519301234"
2018-02-12,2018-02-15,57,1,"satuindonesia, srudukfollowback, hotnews, euro2012, share, android, google, retweet, teamfollowback, url"
2018-02-12,2018-02-15,83,1,"zuckerberg, owner, facebook, buy, mark, gallery, twitter, going, attention, see"
2018-02-12,2018-02-15,90,1,"shave, shower, hardstick, takes, rafael, bbb, see, url"
2018-02-12,2018-02-15,91,1,"fuse, pen, find, attention, url"
2018-02-12,2018-02-15,93,1,"breasts, increase, ladies, tips, check, attention, url, gold, black, blue"
2018-02-12,2018-02-15,100,1,"groin, clear, tips, girls, check, attention, url, dick, ht, showed"
2018-02-12,2018-02-15,122,1,"vagina, unbelievable, number, 10, things, see, walkers, paul, became, daughter"
2018-02-12,2018-02-15,128,1,"bomb, crying, confesses, align, aids, passed, amanda, fernando, bbb, see"
2018-02-15,2018-02-18,49,266,"btsarmy, bestfanarmy, user, yoongi, iheartawards, bts, army, url, jhope, best"
2018-02-15,2018-02-18,0,190,"user, url, you, love, good, going, follow, new, me, go"
2018-02-15,2018-02-18,16,172,"directors, vote, fans, voted, retweet, music, peopleschoice, littlethingscovermatthunter, perfection, 40"
2018-02-15,2018-02-18,31,142,"gang, exo, baekhyun, sehun, soft, big, chanyeol, url, exolar, shanyol"
2018-02-15,2018-02-18,33,59,"cnco, bestboyband, iheartawards, hundred, ahre, joel, us, runnerup, supports, rich"
2018-02-15,2018-02-18,13,37,"hey, hello, username, follows, case, users, provided, crises, finds, information"
2018-02-15,2018-02-18,70,35,"dogs, lost, dog, cats, usa, il, missing, home, found, shelter"
2018-02-15,2018-02-18,46,27,"user, tell, going, whereverververververververververververververververververver, do, you, btsarmy, bestfanarmy, iheartawards, url"
2018-02-15,2018-02-18,10,24,"something, tell, detects, going, delicate, situations, accident, buy, url, insurance"
2018-02-15,2018-02-18,106,24,"voting, harmony, fifth, here, free, retweettfbjp, 441, volback, component, volome"
2018-02-15,2018-02-18,5,13,"yeah, that, url, whats, amp, heck, tshirts, doll, charity, advantages"
2018-02-15,2018-02-18,56,10,"on, whats, going, man, here, blackhaired, fang, cass, hells, 11000"
2018-02-15,2018-02-18,6,9,"european, states, rural, affairs, member, committee, plants, food, manufacturer, council"
2018-02-15,2018-02-18,14,9,"playwright, win, philon, katic, stana, castle, collected, coins, crime, gold"
2018-02-15,2018-02-18,132,8,"game, doing, games, user, v8pk5, site, online, shaneul, adult, disgrace"
2018-02-15,2018-02-18,2,7,"commonly, terms, conditions, list, used, following, excuse, bot, hurt, run"
2018-02-15,2018-02-18,17,7,"fans, voted, music, thank, procedures, incident, you, find, follow, delicate"
2018-02-15,2018-02-18,110,7,"book, fair, international, kuwait, library, doha, available, publish, avaik, suite"
2018-02-15,2018-02-18,136,7,"mfterror, confessterror, menfessterror, terror, manfessterror, url, cave, miss, fr, rp"
2018-02-15,2018-02-18,27,6,"guo, wen, china, chinese, guos, united, states, news, weiwei, lies"
2018-02-15,2018-02-18,19,5,"quiz, participating, thank, winning, many, possible, new, chances, application, luck"
2018-02-15,2018-02-18,25,5,"perubiebs, woods, perulovesbiebs, tag, brazilbiebs, justincometobrazil, brazilneedsbiebsnow, braziljbiebs, brazil, use"
2018-02-15,2018-02-18,53,5,"game, nba, lebron, finals, playoffs, points, warriors, cavs, james, rockets"
2018-02-15,2018-02-18,22,3,"about, talking, hey, fuck, know"
2018-02-15,2018-02-18,26,3,"matter, whats, you, hope555, oshund, ohjustbecause, nutshell, plzz, deeper, annoying"
2018-02-15,2018-02-18,58,3,"helps, obg, promotion, link, please, win, url, user, right, carolinapedrosa"
2018-02-15,2018-02-18,60,3,"rebels, ticket, show, win, about, talking, thats, dressing, room, something"
2018-02-15,2018-02-18,68,3,"iranian, saudi, arabia, iran, israel, gaza, narrator, muslims, syria, israeli"
2018-02-15,2018-02-18,86,3,"hair, faster, grow, tips, girls, check, attention, url, tyshawn, demographic"
2018-02-15,2018-02-18,125,3,"womans, reaction, husband, took, showing, photo, everyone, amazing, reactions, bonder"
2018-02-15,2018-02-18,134,3,"itsfoodporn, food, porn, chocolate, cheese, cream, foodporn, cake, url, ice"
2018-02-15,2018-02-18,12,2,"purposes, item, intended, used, regulation, replacement, tips, hiring, insurance, rep"
2018-02-15,2018-02-18,18,2,"rp, openfollow, retweet, help, jfb, juseyo, pa, helps, open, thank"
2018-02-15,2018-02-18,51,2,"latinos, latin, tntweeters, vote, cir, url, tweeters, latism, latino, hr15"
2018-02-15,2018-02-18,71,2,"website, twitters, unavailable, temporarily, violates, policy, media, account, publication, contents"
2018-02-15,2018-02-18,72,2,"ill, brazilian, called, hear, group, followup, hello, restart, take, me"
2018-02-15,2018-02-18,102,2,"nicoflowproductions, sor, subscribe, share, support, amp, following, url, user, member"
2018-02-15,2018-02-18,108,2,"bless, you, god, url, wick, it, amp, follow, over, good"
2018-02-15,2018-02-18,123,2,"childhood, stars, 20, part, check, demonic, cartoon, or, annabelle, not"
2018-02-15,2018-02-18,3,1,"no, 90sbabyfollowtrain, follow, teamfollowback, jfb, lovatics, sougofollow, retweet, instantfollow, autofollow"
2018-02-15,2018-02-18,4,1,"twentieth, publication, journal, force, enter, official, union, shall, regulation, european"
2018-02-15,2018-02-18,11,1,"directors, base, fan, 2013, favorite, top, whos, vote, see, ily"
2018-02-15,2018-02-18,24,1,"number, complaint, used, sorry, inconvenience, regarding, signal, pulse, checking, correct"
2018-02-15,2018-02-18,28,1,"adnfestival2017, url, thank, adn, love, congratulations, all, you, happy, adnfest2017"
2018-02-15,2018-02-18,36,1,"arbitration, decisions, arsene, wenger, cost, 22, arsenal, chelsea, bad, says"
2018-02-15,2018-02-18,50,1,"got7, eyesonyou, godseven, lookgot7, youngjae, mark, url, jb, lteyes, yougt"
2018-02-15,2018-02-18,54,1,"birthday, congratulations, happy, seventhday, adventist, seventeen, 20th, much, grow, thank"
2018-02-15,2018-02-18,59,1,"3oo, lose, that, followed, noooooooooooo, followers, nooooooooooooo, nooooooooooo, user, nooooooooooooooo"
2018-02-15,2018-02-18,66,1,"mt, bf5fcb0378955a5784b49b8daa69d316c72c388c6and, mmmm, a67549ef2e3a26f231609c13d568a43e6bdc387248, fec860eb26e7614c37e150fa5d36da605ab6cc206, bf5fcb0378955a5784b49b8daa69d316c72c388c6, hate, already, user, bf5fcb0378955a5784b49b8daa69d316c72c388c6e"
2018-02-15,2018-02-18,67,1,"porn, xxx, movie, sexy, hot, sex, tits, ass, videos, blonde"
2018-02-15,2018-02-18,73,1,"100factsaboutme, 100, facts, factsabout, hate, 100factsabout, factsaboutme, never, me, love"
2018-02-15,2018-02-18,78,1,"sales, prices, housing, home, fall, rise, january, house, falling, fell"
2018-02-15,2018-02-18,80,1,"marijuana, arrested, tshirt, wearing, two, girls, science, disney, nine, according"
2018-02-15,2018-02-18,103,1,"mag, al, connacht, franoise, jazeera, ahmadi, mubarak, profile, kuwait, around"
2018-02-15,2018-02-18,104,1,"chance, increase, followers, closeup, something, reader, tell, directory, going, tweets"
2018-02-15,2018-02-18,107,1,"league, messi, turin, fiorentina, inter, milan, barcelona, rome, english, madrid"
2018-02-15,2018-02-18,109,1,"account, tastedeservesfollowing, luxurious, special, ff, member, states, requirements, regulation, take"
2018-02-15,2018-02-18,112,1,"clans, clash, resources, unlimited, village, gets, user, adoptive, tortured, lucia"
2018-02-15,2018-02-18,114,1,"remember, agata, avenida, brazilian, become, grabriele, julia, humiliated, her, happened"
2018-02-15,2018-02-18,120,1,"angel, look, face, body, nasty, six, alone, imagined, four, never"
2018-02-15,2018-02-18,131,1,"website, hello, currently, users, number, network, email, anything, present, followers"
2018-02-18,2018-02-21,0,10,"user, url, you, love, good, going, follow, new, me, go"
2018-02-18,2018-02-21,18,7,"rp, openfollow, retweet, help, jfb, juseyo, pa, helps, open, thank"
2018-02-18,2018-02-21,31,4,"gang, exo, baekhyun, sehun, soft, big, chanyeol, url, exolar, shanyol"
2018-02-18,2018-02-21,3,1,"no, 90sbabyfollowtrain, follow, teamfollowback, jfb, lovatics, sougofollow, retweet, instantfollow, autofollow"
2018-02-18,2018-02-21,5,1,"yeah, that, url, whats, amp, heck, tshirts, doll, charity, advantages"
2018-02-18,2018-02-21,10,1,"something, tell, detects, going, delicate, situations, accident, buy, url, insurance"
2018-02-18,2018-02-21,13,1,"hey, hello, username, follows, case, users, provided, crises, finds, information"
2018-02-18,2018-02-21,14,1,"playwright, win, philon, katic, stana, castle, collected, coins, crime, gold"
2018-02-18,2018-02-21,22,1,"about, talking, hey, fuck, know"
2018-02-18,2018-02-21,46,1,"user, tell, going, whereverververververververververververververververververver, do, you, btsarmy, bestfanarmy, iheartawards, url"
2018-02-18,2018-02-21,68,1,"iranian, saudi, arabia, iran, israel, gaza, narrator, muslims, syria, israeli"
2018-02-18,2018-02-21,104,1,"chance, increase, followers, closeup, something, reader, tell, directory, going, tweets"
2018-02-18,2018-02-21,109,1,"account, tastedeservesfollowing, luxurious, special, ff, member, states, requirements, regulation, take"
2018-02-18,2018-02-21,111,1,"bring, going, now, challenge, right, try, voucher, presale, enjoy, eat"
2018-02-21,2018-02-24,31,49,"gang, exo, baekhyun, sehun, soft, big, chanyeol, url, exolar, shanyol"
2018-02-21,2018-02-24,0,21,"user, url, you, love, good, going, follow, new, me, go"
2018-02-21,2018-02-24,13,6,"hey, hello, username, follows, case, users, provided, crises, finds, information"
2018-02-21,2018-02-24,10,2,"something, tell, detects, going, delicate, situations, accident, buy, url, insurance"
2018-02-21,2018-02-24,17,2,"fans, voted, music, thank, procedures, incident, you, find, follow, delicate"
2018-02-21,2018-02-24,56,2,"on, whats, going, man, here, blackhaired, fang, cass, hells, 11000"
2018-02-21,2018-02-24,132,2,"game, doing, games, user, v8pk5, site, online, shaneul, adult, disgrace"
2018-02-21,2018-02-24,16,1,"directors, vote, fans, voted, retweet, music, peopleschoice, littlethingscovermatthunter, perfection, 40"
2018-02-21,2018-02-24,18,1,"rp, openfollow, retweet, help, jfb, juseyo, pa, helps, open, thank"
2018-02-21,2018-02-24,21,1,"chance, better, tweets, winning, new, many, make, possible, participating, thank"
2018-02-21,2018-02-24,26,1,"matter, whats, you, hope555, oshund, ohjustbecause, nutshell, plzz, deeper, annoying"
2018-02-21,2018-02-24,28,1,"adnfestival2017, url, thank, adn, love, congratulations, all, you, happy, adnfest2017"
2018-02-21,2018-02-24,34,1,"m25, road, clockwise, southbound, works, congestion, direction, north, uktraffic, m1"
2018-02-21,2018-02-24,35,1,"suggests, alastair, chef, beyond, current, far, english, series, ashes, play"
2018-02-21,2018-02-24,36,1,"arbitration, decisions, arsene, wenger, cost, 22, arsenal, chelsea, bad, says"
2018-02-21,2018-02-24,49,1,"btsarmy, bestfanarmy, user, yoongi, iheartawards, bts, army, url, jhope, best"
2018-02-21,2018-02-24,54,1,"birthday, congratulations, happy, seventhday, adventist, seventeen, 20th, much, grow, thank"
2018-02-21,2018-02-24,60,1,"rebels, ticket, show, win, about, talking, thats, dressing, room, something"
2018-02-21,2018-02-24,65,1,"nooooooooooooo, gained, 3oo, lose, that, followed, followers, user, nooooooooooooooo, 1990"
2018-02-21,2018-02-24,68,1,"iranian, saudi, arabia, iran, israel, gaza, narrator, muslims, syria, israeli"
2018-02-21,2018-02-24,73,1,"100factsaboutme, 100, facts, factsabout, hate, 100factsabout, factsaboutme, never, me, love"
2018-02-21,2018-02-24,74,1,"use, it, going, tracking, download, able, bores, user, happy, forth"
2018-02-21,2018-02-24,77,1,"india, delhi, indiajobsearch, punjab, jobs, chandigarh, pradesh, uttar, mba, indiaj"
2018-02-21,2018-02-24,80,1,"marijuana, arrested, tshirt, wearing, two, girls, science, disney, nine, according"
2018-02-21,2018-02-24,86,1,"hair, faster, grow, tips, girls, check, attention, url, tyshawn, demographic"
2018-02-21,2018-02-24,104,1,"chance, increase, followers, closeup, something, reader, tell, directory, going, tweets"
2018-02-21,2018-02-24,108,1,"bless, you, god, url, wick, it, amp, follow, over, good"
2018-02-21,2018-02-24,115,1,"appeared, turned, clear, brown, grew, beautiful, out, showed, up, got"
2018-02-21,2018-02-24,120,1,"angel, look, face, body, nasty, six, alone, imagined, four, never"
2018-02-21,2018-02-24,133,1,"know, throughout, roundteam, save, engaged, rapist, keep, great, also, followers"
2018-02-27,2018-03-02,0,8,"user, url, you, love, good, going, follow, new, me, go"
2018-02-27,2018-03-02,18,3,"rp, openfollow, retweet, help, jfb, juseyo, pa, helps, open, thank"
2018-02-27,2018-03-02,5,2,"yeah, that, url, whats, amp, heck, tshirts, doll, charity, advantages"
2018-02-27,2018-03-02,12,2,"purposes, item, intended, used, regulation, replacement, tips, hiring, insurance, rep"
2018-02-27,2018-03-02,59,2,"3oo, lose, that, followed, noooooooooooo, followers, nooooooooooooo, nooooooooooo, user, nooooooooooooooo"
2018-02-27,2018-03-02,3,1,"no, 90sbabyfollowtrain, follow, teamfollowback, jfb, lovatics, sougofollow, retweet, instantfollow, autofollow"
2018-02-27,2018-03-02,14,1,"playwright, win, philon, katic, stana, castle, collected, coins, crime, gold"
2018-02-27,2018-03-02,56,1,"on, whats, going, man, here, blackhaired, fang, cass, hells, 11000"
2018-02-27,2018-03-02,104,1,"chance, increase, followers, closeup, something, reader, tell, directory, going, tweets"
2018-03-02,2018-03-05,0,20,"user, url, you, love, good, going, follow, new, me, go"
2018-03-02,2018-03-05,18,7,"rp, openfollow, retweet, help, jfb, juseyo, pa, helps, open, thank"
2018-03-02,2018-03-05,59,4,"3oo, lose, that, followed, noooooooooooo, followers, nooooooooooooo, nooooooooooo, user, nooooooooooooooo"
2018-03-02,2018-03-05,65,3,"nooooooooooooo, gained, 3oo, lose, that, followed, followers, user, nooooooooooooooo, 1990"
2018-03-02,2018-03-05,46,2,"user, tell, going, whereverververververververververververververververververver, do, you, btsarmy, bestfanarmy, iheartawards, url"
2018-03-02,2018-03-05,104,2,"chance, increase, followers, closeup, something, reader, tell, directory, going, tweets"
2018-03-02,2018-03-05,2,1,"commonly, terms, conditions, list, used, following, excuse, bot, hurt, run"
2018-03-02,2018-03-05,10,1,"something, tell, detects, going, delicate, situations, accident, buy, url, insurance"
2018-03-02,2018-03-05,50,1,"got7, eyesonyou, godseven, lookgot7, youngjae, mark, url, jb, lteyes, yougt"
2018-03-02,2018-03-05,56,1,"on, whats, going, man, here, blackhaired, fang, cass, hells, 11000"
2018-03-02,2018-03-05,103,1,"mag, al, connacht, franoise, jazeera, ahmadi, mubarak, profile, kuwait, around"
2018-03-02,2018-03-05,108,1,"bless, you, god, url, wick, it, amp, follow, over, good"
2018-03-02,2018-03-05,133,1,"know, throughout, roundteam, save, engaged, rapist, keep, great, also, followers"
2018-03-05,2018-03-08,0,12,"user, url, you, love, good, going, follow, new, me, go"
2018-03-05,2018-03-08,18,11,"rp, openfollow, retweet, help, jfb, juseyo, pa, helps, open, thank"
2018-03-05,2018-03-08,65,4,"nooooooooooooo, gained, 3oo, lose, that, followed, followers, user, nooooooooooooooo, 1990"
2018-03-05,2018-03-08,59,3,"3oo, lose, that, followed, noooooooooooo, followers, nooooooooooooo, nooooooooooo, user, nooooooooooooooo"
2018-03-05,2018-03-08,26,2,"matter, whats, you, hope555, oshund, ohjustbecause, nutshell, plzz, deeper, annoying"
2018-03-05,2018-03-08,10,1,"something, tell, detects, going, delicate, situations, accident, buy, url, insurance"
2018-03-05,2018-03-08,46,1,"user, tell, going, whereverververververververververververververververververver, do, you, btsarmy, bestfanarmy, iheartawards, url"
2018-03-05,2018-03-08,75,1,"tracking, download, user, follow, url, enormous, indicationmt, commenting, favor, ft"
2018-03-05,2018-03-08,103,1,"mag, al, connacht, franoise, jazeera, ahmadi, mubarak, profile, kuwait, around"
2018-03-05,2018-03-08,104,1,"chance, increase, followers, closeup, something, reader, tell, directory, going, tweets"
2018-03-05,2018-03-08,132,1,"game, doing, games, user, v8pk5, site, online, shaneul, adult, disgrace"
2018-03-08,2018-03-11,0,37,"user, url, you, love, good, going, follow, new, me, go"
2018-03-08,2018-03-11,18,15,"rp, openfollow, retweet, help, jfb, juseyo, pa, helps, open, thank"
2018-03-08,2018-03-11,13,5,"hey, hello, username, follows, case, users, provided, crises, finds, information"
2018-03-08,2018-03-11,5,4,"yeah, that, url, whats, amp, heck, tshirts, doll, charity, advantages"
2018-03-08,2018-03-11,65,4,"nooooooooooooo, gained, 3oo, lose, that, followed, followers, user, nooooooooooooooo, 1990"
2018-03-08,2018-03-11,59,3,"3oo, lose, that, followed, noooooooooooo, followers, nooooooooooooo, nooooooooooo, user, nooooooooooooooo"
2018-03-08,2018-03-11,3,2,"no, 90sbabyfollowtrain, follow, teamfollowback, jfb, lovatics, sougofollow, retweet, instantfollow, autofollow"
2018-03-08,2018-03-11,14,2,"playwright, win, philon, katic, stana, castle, collected, coins, crime, gold"
2018-03-08,2018-03-11,104,2,"chance, increase, followers, closeup, something, reader, tell, directory, going, tweets"
2018-03-08,2018-03-11,133,2,"know, throughout, roundteam, save, engaged, rapist, keep, great, also, followers"
2018-03-08,2018-03-11,2,1,"commonly, terms, conditions, list, used, following, excuse, bot, hurt, run"
2018-03-08,2018-03-11,4,1,"twentieth, publication, journal, force, enter, official, union, shall, regulation, european"
2018-03-08,2018-03-11,6,1,"european, states, rural, affairs, member, committee, plants, food, manufacturer, council"
2018-03-08,2018-03-11,10,1,"something, tell, detects, going, delicate, situations, accident, buy, url, insurance"
2018-03-08,2018-03-11,26,1,"matter, whats, you, hope555, oshund, ohjustbecause, nutshell, plzz, deeper, annoying"
2018-03-08,2018-03-11,31,1,"gang, exo, baekhyun, sehun, soft, big, chanyeol, url, exolar, shanyol"
2018-03-08,2018-03-11,46,1,"user, tell, going, whereverververververververververververververververververver, do, you, btsarmy, bestfanarmy, iheartawards, url"
2018-03-08,2018-03-11,50,1,"got7, eyesonyou, godseven, lookgot7, youngjae, mark, url, jb, lteyes, yougt"
2018-03-08,2018-03-11,54,1,"birthday, congratulations, happy, seventhday, adventist, seventeen, 20th, much, grow, thank"
2018-03-08,2018-03-11,56,1,"on, whats, going, man, here, blackhaired, fang, cass, hells, 11000"
2018-03-08,2018-03-11,76,1,"que, eu, em, amor, de, nao, pra, vc, linda, kkkkkkkkkkkkkkkkkkkk"
2018-03-08,2018-03-11,87,1,"are, men, 10, world, beautiful, appropriate, girls, signs, kissing, check"
2018-03-08,2018-03-11,101,1,"jeans, pocket, interesting, little, check, url, hairy, backpacks, arcteryx, aerios"
2018-03-08,2018-03-11,102,1,"nicoflowproductions, sor, subscribe, share, support, amp, following, url, user, member"
2018-03-08,2018-03-11,109,1,"account, tastedeservesfollowing, luxurious, special, ff, member, states, requirements, regulation, take"
2018-03-08,2018-03-11,112,1,"clans, clash, resources, unlimited, village, gets, user, adoptive, tortured, lucia"
2018-03-08,2018-03-11,134,1,"itsfoodporn, food, porn, chocolate, cheese, cream, foodporn, cake, url, ice"
2018-03-11,2018-03-14,0,91,"user, url, you, love, good, going, follow, new, me, go"
2018-03-11,2018-03-14,18,53,"rp, openfollow, retweet, help, jfb, juseyo, pa, helps, open, thank"
2018-03-11,2018-03-14,5,15,"yeah, that, url, whats, amp, heck, tshirts, doll, charity, advantages"
2018-03-11,2018-03-14,46,10,"user, tell, going, whereverververververververververververververververververver, do, you, btsarmy, bestfanarmy, iheartawards, url"
2018-03-11,2018-03-14,65,6,"nooooooooooooo, gained, 3oo, lose, that, followed, followers, user, nooooooooooooooo, 1990"
2018-03-11,2018-03-14,103,6,"mag, al, connacht, franoise, jazeera, ahmadi, mubarak, profile, kuwait, around"
2018-03-11,2018-03-14,26,5,"matter, whats, you, hope555, oshund, ohjustbecause, nutshell, plzz, deeper, annoying"
2018-03-11,2018-03-14,22,4,"about, talking, hey, fuck, know"
2018-03-11,2018-03-14,31,4,"gang, exo, baekhyun, sehun, soft, big, chanyeol, url, exolar, shanyol"
2018-03-11,2018-03-14,104,4,"chance, increase, followers, closeup, something, reader, tell, directory, going, tweets"
2018-03-11,2018-03-14,109,4,"account, tastedeservesfollowing, luxurious, special, ff, member, states, requirements, regulation, take"
2018-03-11,2018-03-14,133,4,"know, throughout, roundteam, save, engaged, rapist, keep, great, also, followers"
2018-03-11,2018-03-14,6,3,"european, states, rural, affairs, member, committee, plants, food, manufacturer, council"
2018-03-11,2018-03-14,59,3,"3oo, lose, that, followed, noooooooooooo, followers, nooooooooooooo, nooooooooooo, user, nooooooooooooooo"
2018-03-11,2018-03-14,102,3,"nicoflowproductions, sor, subscribe, share, support, amp, following, url, user, member"
2018-03-11,2018-03-14,4,2,"twentieth, publication, journal, force, enter, official, union, shall, regulation, european"
2018-03-11,2018-03-14,10,2,"something, tell, detects, going, delicate, situations, accident, buy, url, insurance"
2018-03-11,2018-03-14,14,2,"playwright, win, philon, katic, stana, castle, collected, coins, crime, gold"
2018-03-11,2018-03-14,49,2,"btsarmy, bestfanarmy, user, yoongi, iheartawards, bts, army, url, jhope, best"
2018-03-11,2018-03-14,52,2,"dafbama2018blackpink, blackpink, dafbama2018, black, vote, pink, user, retweet, tweet, rose"
2018-03-11,2018-03-14,120,2,"angel, look, face, body, nasty, six, alone, imagined, four, never"
2018-03-11,2018-03-14,3,1,"no, 90sbabyfollowtrain, follow, teamfollowback, jfb, lovatics, sougofollow, retweet, instantfollow, autofollow"
2018-03-11,2018-03-14,24,1,"number, complaint, used, sorry, inconvenience, regarding, signal, pulse, checking, correct"
2018-03-11,2018-03-14,28,1,"adnfestival2017, url, thank, adn, love, congratulations, all, you, happy, adnfest2017"
2018-03-11,2018-03-14,56,1,"on, whats, going, man, here, blackhaired, fang, cass, hells, 11000"
2018-03-11,2018-03-14,73,1,"100factsaboutme, 100, facts, factsabout, hate, 100factsabout, factsaboutme, never, me, love"
2018-03-11,2018-03-14,74,1,"use, it, going, tracking, download, able, bores, user, happy, forth"
2018-03-11,2018-03-14,75,1,"tracking, download, user, follow, url, enormous, indicationmt, commenting, favor, ft"
2018-03-11,2018-03-14,76,1,"que, eu, em, amor, de, nao, pra, vc, linda, kkkkkkkkkkkkkkkkkkkk"
2018-03-11,2018-03-14,112,1,"clans, clash, resources, unlimited, village, gets, user, adoptive, tortured, lucia"
2018-03-11,2018-03-14,114,1,"remember, agata, avenida, brazilian, become, grabriele, julia, humiliated, her, happened"
2018-03-11,2018-03-14,132,1,"game, doing, games, user, v8pk5, site, online, shaneul, adult, disgrace"
2018-03-11,2018-03-14,134,1,"itsfoodporn, food, porn, chocolate, cheese, cream, foodporn, cake, url, ice"
2018-03-11,2018-03-14,136,1,"mfterror, confessterror, menfessterror, terror, manfessterror, url, cave, miss, fr, rp"
2018-03-14,2018-03-17,18,19,"rp, openfollow, retweet, help, jfb, juseyo, pa, helps, open, thank"
2018-03-14,2018-03-17,0,10,"user, url, you, love, good, going, follow, new, me, go"
2018-03-14,2018-03-17,65,6,"nooooooooooooo, gained, 3oo, lose, that, followed, followers, user, nooooooooooooooo, 1990"
2018-03-14,2018-03-17,59,5,"3oo, lose, that, followed, noooooooooooo, followers, nooooooooooooo, nooooooooooo, user, nooooooooooooooo"
2018-03-14,2018-03-17,104,3,"chance, increase, followers, closeup, something, reader, tell, directory, going, tweets"
2018-03-14,2018-03-17,31,2,"gang, exo, baekhyun, sehun, soft, big, chanyeol, url, exolar, shanyol"
2018-03-14,2018-03-17,108,2,"bless, you, god, url, wick, it, amp, follow, over, good"
2018-03-14,2018-03-17,3,1,"no, 90sbabyfollowtrain, follow, teamfollowback, jfb, lovatics, sougofollow, retweet, instantfollow, autofollow"
2018-03-14,2018-03-17,26,1,"matter, whats, you, hope555, oshund, ohjustbecause, nutshell, plzz, deeper, annoying"
2018-03-14,2018-03-17,49,1,"btsarmy, bestfanarmy, user, yoongi, iheartawards, bts, army, url, jhope, best"
2018-03-14,2018-03-17,103,1,"mag, al, connacht, franoise, jazeera, ahmadi, mubarak, profile, kuwait, around"
2018-03-14,2018-03-17,132,1,"game, doing, games, user, v8pk5, site, online, shaneul, adult, disgrace"
2018-03-14,2018-03-17,133,1,"know, throughout, roundteam, save, engaged, rapist, keep, great, also, followers"
2018-03-14,2018-03-17,134,1,"itsfoodporn, food, porn, chocolate, cheese, cream, foodporn, cake, url, ice"
2018-03-17,2018-03-20,0,44,"user, url, you, love, good, going, follow, new, me, go"
2018-03-17,2018-03-20,18,43,"rp, openfollow, retweet, help, jfb, juseyo, pa, helps, open, thank"
2018-03-17,2018-03-20,59,11,"3oo, lose, that, followed, noooooooooooo, followers, nooooooooooooo, nooooooooooo, user, nooooooooooooooo"
2018-03-17,2018-03-20,65,10,"nooooooooooooo, gained, 3oo, lose, that, followed, followers, user, nooooooooooooooo, 1990"
2018-03-17,2018-03-20,133,6,"know, throughout, roundteam, save, engaged, rapist, keep, great, also, followers"
2018-03-17,2018-03-20,4,4,"twentieth, publication, journal, force, enter, official, union, shall, regulation, european"
2018-03-17,2018-03-20,31,4,"gang, exo, baekhyun, sehun, soft, big, chanyeol, url, exolar, shanyol"
2018-03-17,2018-03-20,104,4,"chance, increase, followers, closeup, something, reader, tell, directory, going, tweets"
2018-03-17,2018-03-20,5,3,"yeah, that, url, whats, amp, heck, tshirts, doll, charity, advantages"
2018-03-17,2018-03-20,46,3,"user, tell, going, whereverververververververververververververververververver, do, you, btsarmy, bestfanarmy, iheartawards, url"
2018-03-17,2018-03-20,14,2,"playwright, win, philon, katic, stana, castle, collected, coins, crime, gold"
2018-03-17,2018-03-20,26,2,"matter, whats, you, hope555, oshund, ohjustbecause, nutshell, plzz, deeper, annoying"
2018-03-17,2018-03-20,56,2,"on, whats, going, man, here, blackhaired, fang, cass, hells, 11000"
2018-03-17,2018-03-20,13,1,"hey, hello, username, follows, case, users, provided, crises, finds, information"
2018-03-17,2018-03-20,22,1,"about, talking, hey, fuck, know"
2018-03-17,2018-03-20,27,1,"guo, wen, china, chinese, guos, united, states, news, weiwei, lies"
2018-03-17,2018-03-20,28,1,"adnfestival2017, url, thank, adn, love, congratulations, all, you, happy, adnfest2017"
2018-03-17,2018-03-20,49,1,"btsarmy, bestfanarmy, user, yoongi, iheartawards, bts, army, url, jhope, best"
2018-03-17,2018-03-20,74,1,"use, it, going, tracking, download, able, bores, user, happy, forth"
2018-03-17,2018-03-20,103,1,"mag, al, connacht, franoise, jazeera, ahmadi, mubarak, profile, kuwait, around"
2018-03-17,2018-03-20,109,1,"account, tastedeservesfollowing, luxurious, special, ff, member, states, requirements, regulation, take"
2018-03-17,2018-03-20,112,1,"clans, clash, resources, unlimited, village, gets, user, adoptive, tortured, lucia"
2018-03-20,2018-03-23,0,50,"user, url, you, love, good, going, follow, new, me, go"
2018-03-20,2018-03-23,18,21,"rp, openfollow, retweet, help, jfb, juseyo, pa, helps, open, thank"
2018-03-20,2018-03-23,65,10,"nooooooooooooo, gained, 3oo, lose, that, followed, followers, user, nooooooooooooooo, 1990"
2018-03-20,2018-03-23,104,8,"chance, increase, followers, closeup, something, reader, tell, directory, going, tweets"
2018-03-20,2018-03-23,59,6,"3oo, lose, that, followed, noooooooooooo, followers, nooooooooooooo, nooooooooooo, user, nooooooooooooooo"
2018-03-20,2018-03-23,5,4,"yeah, that, url, whats, amp, heck, tshirts, doll, charity, advantages"
2018-03-20,2018-03-23,132,4,"game, doing, games, user, v8pk5, site, online, shaneul, adult, disgrace"
2018-03-20,2018-03-23,22,3,"about, talking, hey, fuck, know"
2018-03-20,2018-03-23,56,3,"on, whats, going, man, here, blackhaired, fang, cass, hells, 11000"
2018-03-20,2018-03-23,2,2,"commonly, terms, conditions, list, used, following, excuse, bot, hurt, run"
2018-03-20,2018-03-23,13,2,"hey, hello, username, follows, case, users, provided, crises, finds, information"
2018-03-20,2018-03-23,31,2,"gang, exo, baekhyun, sehun, soft, big, chanyeol, url, exolar, shanyol"
2018-03-20,2018-03-23,103,2,"mag, al, connacht, franoise, jazeera, ahmadi, mubarak, profile, kuwait, around"
2018-03-20,2018-03-23,3,1,"no, 90sbabyfollowtrain, follow, teamfollowback, jfb, lovatics, sougofollow, retweet, instantfollow, autofollow"
2018-03-20,2018-03-23,4,1,"twentieth, publication, journal, force, enter, official, union, shall, regulation, european"
2018-03-20,2018-03-23,10,1,"something, tell, detects, going, delicate, situations, accident, buy, url, insurance"
2018-03-20,2018-03-23,20,1,"jessica, maomaoarmy, url, lovej418, cr, 170214, airport, 170209, red, hong"
2018-03-20,2018-03-23,26,1,"matter, whats, you, hope555, oshund, ohjustbecause, nutshell, plzz, deeper, annoying"
2018-03-20,2018-03-23,27,1,"guo, wen, china, chinese, guos, united, states, news, weiwei, lies"
2018-03-20,2018-03-23,46,1,"user, tell, going, whereverververververververververververververververververver, do, you, btsarmy, bestfanarmy, iheartawards, url"
2018-03-20,2018-03-23,50,1,"got7, eyesonyou, godseven, lookgot7, youngjae, mark, url, jb, lteyes, yougt"
2018-03-20,2018-03-23,58,1,"helps, obg, promotion, link, please, win, url, user, right, carolinapedrosa"
2018-03-20,2018-03-23,61,1,"donated, user, donations, noooossa, something, retweetd, donation, types, mt, perfectly"
2018-03-20,2018-03-23,63,1,"1990, 1992, 1993, 1991, 1997, 1995, 1998, 1996, 1999, 1994"
2018-03-20,2018-03-23,102,1,"nicoflowproductions, sor, subscribe, share, support, amp, following, url, user, member"
2018-03-20,2018-03-23,109,1,"account, tastedeservesfollowing, luxurious, special, ff, member, states, requirements, regulation, take"
2018-03-20,2018-03-23,118,1,"waited, carrying, nine, months, babies, belly, baby, woman, daughters, cut"
2018-03-20,2018-03-23,133,1,"know, throughout, roundteam, save, engaged, rapist, keep, great, also, followers"
2018-03-20,2018-03-23,135,1,"joined, tinychat, chat, video, menfessterror, content, engaged, followers, share, 68"
2018-03-23,2018-03-26,18,24,"rp, openfollow, retweet, help, jfb, juseyo, pa, helps, open, thank"
2018-03-23,2018-03-26,0,21,"user, url, you, love, good, going, follow, new, me, go"
2018-03-23,2018-03-26,65,10,"nooooooooooooo, gained, 3oo, lose, that, followed, followers, user, nooooooooooooooo, 1990"
2018-03-23,2018-03-26,104,8,"chance, increase, followers, closeup, something, reader, tell, directory, going, tweets"
2018-03-23,2018-03-26,59,6,"3oo, lose, that, followed, noooooooooooo, followers, nooooooooooooo, nooooooooooo, user, nooooooooooooooo"
2018-03-23,2018-03-26,56,5,"on, whats, going, man, here, blackhaired, fang, cass, hells, 11000"
2018-03-23,2018-03-26,75,4,"tracking, download, user, follow, url, enormous, indicationmt, commenting, favor, ft"
2018-03-23,2018-03-26,26,3,"matter, whats, you, hope555, oshund, ohjustbecause, nutshell, plzz, deeper, annoying"
2018-03-23,2018-03-26,103,3,"mag, al, connacht, franoise, jazeera, ahmadi, mubarak, profile, kuwait, around"
2018-03-23,2018-03-26,14,2,"playwright, win, philon, katic, stana, castle, collected, coins, crime, gold"
2018-03-23,2018-03-26,109,2,"account, tastedeservesfollowing, luxurious, special, ff, member, states, requirements, regulation, take"
2018-03-23,2018-03-26,10,1,"something, tell, detects, going, delicate, situations, accident, buy, url, insurance"
2018-03-23,2018-03-26,12,1,"purposes, item, intended, used, regulation, replacement, tips, hiring, insurance, rep"
2018-03-23,2018-03-26,13,1,"hey, hello, username, follows, case, users, provided, crises, finds, information"
2018-03-23,2018-03-26,46,1,"user, tell, going, whereverververververververververververververververververver, do, you, btsarmy, bestfanarmy, iheartawards, url"
2018-03-23,2018-03-26,49,1,"btsarmy, bestfanarmy, user, yoongi, iheartawards, bts, army, url, jhope, best"
2018-03-23,2018-03-26,58,1,"helps, obg, promotion, link, please, win, url, user, right, carolinapedrosa"
2018-03-23,2018-03-26,73,1,"100factsaboutme, 100, facts, factsabout, hate, 100factsabout, factsaboutme, never, me, love"
2018-03-23,2018-03-26,76,1,"que, eu, em, amor, de, nao, pra, vc, linda, kkkkkkkkkkkkkkkkkkkk"
2018-03-23,2018-03-26,133,1,"know, throughout, roundteam, save, engaged, rapist, keep, great, also, followers"
2018-03-26,2018-03-29,0,41,"user, url, you, love, good, going, follow, new, me, go"
2018-03-26,2018-03-29,65,8,"nooooooooooooo, gained, 3oo, lose, that, followed, followers, user, nooooooooooooooo, 1990"
2018-03-26,2018-03-29,18,7,"rp, openfollow, retweet, help, jfb, juseyo, pa, helps, open, thank"
2018-03-26,2018-03-29,59,5,"3oo, lose, that, followed, noooooooooooo, followers, nooooooooooooo, nooooooooooo, user, nooooooooooooooo"
2018-03-26,2018-03-29,2,2,"commonly, terms, conditions, list, used, following, excuse, bot, hurt, run"
2018-03-26,2018-03-29,3,2,"no, 90sbabyfollowtrain, follow, teamfollowback, jfb, lovatics, sougofollow, retweet, instantfollow, autofollow"
2018-03-26,2018-03-29,5,2,"yeah, that, url, whats, amp, heck, tshirts, doll, charity, advantages"
2018-03-26,2018-03-29,13,2,"hey, hello, username, follows, case, users, provided, crises, finds, information"
2018-03-26,2018-03-29,56,2,"on, whats, going, man, here, blackhaired, fang, cass, hells, 11000"
2018-03-26,2018-03-29,75,2,"tracking, download, user, follow, url, enormous, indicationmt, commenting, favor, ft"
2018-03-26,2018-03-29,104,2,"chance, increase, followers, closeup, something, reader, tell, directory, going, tweets"
2018-03-26,2018-03-29,132,2,"game, doing, games, user, v8pk5, site, online, shaneul, adult, disgrace"
2018-03-26,2018-03-29,14,1,"playwright, win, philon, katic, stana, castle, collected, coins, crime, gold"
2018-03-26,2018-03-29,61,1,"donated, user, donations, noooossa, something, retweetd, donation, types, mt, perfectly"
2018-03-26,2018-03-29,89,1,"die, old, test, going, see, url, armpits, clear, text, tips"
2018-03-26,2018-03-29,103,1,"mag, al, connacht, franoise, jazeera, ahmadi, mubarak, profile, kuwait, around"
2018-03-26,2018-03-29,121,1,"deduce, easily, people, looking, things, drawings, compare, confuse, images, 24"
2018-03-26,2018-03-29,133,1,"know, throughout, roundteam, save, engaged, rapist, keep, great, also, followers"
2018-03-29,2018-04-01,0,3,"user, url, you, love, good, going, follow, new, me, go"
2018-03-29,2018-04-01,56,1,"on, whats, going, man, here, blackhaired, fang, cass, hells, 11000"
2018-04-01,2018-04-04,0,13,"user, url, you, love, good, going, follow, new, me, go"
2018-04-01,2018-04-04,5,2,"yeah, that, url, whats, amp, heck, tshirts, doll, charity, advantages"
2018-04-01,2018-04-04,18,2,"rp, openfollow, retweet, help, jfb, juseyo, pa, helps, open, thank"
2018-04-01,2018-04-04,133,2,"know, throughout, roundteam, save, engaged, rapist, keep, great, also, followers"
2018-04-01,2018-04-04,6,1,"european, states, rural, affairs, member, committee, plants, food, manufacturer, council"
2018-04-01,2018-04-04,14,1,"playwright, win, philon, katic, stana, castle, collected, coins, crime, gold"
2018-04-01,2018-04-04,26,1,"matter, whats, you, hope555, oshund, ohjustbecause, nutshell, plzz, deeper, annoying"
2018-04-01,2018-04-04,58,1,"helps, obg, promotion, link, please, win, url, user, right, carolinapedrosa"
2018-04-01,2018-04-04,59,1,"3oo, lose, that, followed, noooooooooooo, followers, nooooooooooooo, nooooooooooo, user, nooooooooooooooo"
2018-04-01,2018-04-04,61,1,"donated, user, donations, noooossa, something, retweetd, donation, types, mt, perfectly"
2018-04-01,2018-04-04,110,1,"book, fair, international, kuwait, library, doha, available, publish, avaik, suite"
2018-04-04,2018-04-07,0,16,"user, url, you, love, good, going, follow, new, me, go"
2018-04-04,2018-04-07,18,3,"rp, openfollow, retweet, help, jfb, juseyo, pa, helps, open, thank"
2018-04-04,2018-04-07,65,3,"nooooooooooooo, gained, 3oo, lose, that, followed, followers, user, nooooooooooooooo, 1990"
2018-04-04,2018-04-07,104,3,"chance, increase, followers, closeup, something, reader, tell, directory, going, tweets"
2018-04-04,2018-04-07,59,2,"3oo, lose, that, followed, noooooooooooo, followers, nooooooooooooo, nooooooooooo, user, nooooooooooooooo"
2018-04-04,2018-04-07,14,1,"playwright, win, philon, katic, stana, castle, collected, coins, crime, gold"
2018-04-04,2018-04-07,22,1,"about, talking, hey, fuck, know"
2018-04-04,2018-04-07,56,1,"on, whats, going, man, here, blackhaired, fang, cass, hells, 11000"
2018-04-04,2018-04-07,74,1,"use, it, going, tracking, download, able, bores, user, happy, forth"
2018-04-04,2018-04-07,133,1,"know, throughout, roundteam, save, engaged, rapist, keep, great, also, followers"
2018-04-07,2018-04-10,0,81,"user, url, you, love, good, going, follow, new, me, go"
2018-04-07,2018-04-10,18,41,"rp, openfollow, retweet, help, jfb, juseyo, pa, helps, open, thank"
2018-04-07,2018-04-10,65,20,"nooooooooooooo, gained, 3oo, lose, that, followed, followers, user, nooooooooooooooo, 1990"
2018-04-07,2018-04-10,59,16,"3oo, lose, that, followed, noooooooooooo, followers, nooooooooooooo, nooooooooooo, user, nooooooooooooooo"
2018-04-07,2018-04-10,109,12,"account, tastedeservesfollowing, luxurious, special, ff, member, states, requirements, regulation, take"
2018-04-07,2018-04-10,5,8,"yeah, that, url, whats, amp, heck, tshirts, doll, charity, advantages"
2018-04-07,2018-04-10,131,8,"website, hello, currently, users, number, network, email, anything, present, followers"
2018-04-07,2018-04-10,133,7,"know, throughout, roundteam, save, engaged, rapist, keep, great, also, followers"
2018-04-07,2018-04-10,26,6,"matter, whats, you, hope555, oshund, ohjustbecause, nutshell, plzz, deeper, annoying"
2018-04-07,2018-04-10,104,6,"chance, increase, followers, closeup, something, reader, tell, directory, going, tweets"
2018-04-07,2018-04-10,103,5,"mag, al, connacht, franoise, jazeera, ahmadi, mubarak, profile, kuwait, around"
2018-04-07,2018-04-10,132,5,"game, doing, games, user, v8pk5, site, online, shaneul, adult, disgrace"
2018-04-07,2018-04-10,22,4,"about, talking, hey, fuck, know"
2018-04-07,2018-04-10,31,4,"gang, exo, baekhyun, sehun, soft, big, chanyeol, url, exolar, shanyol"
2018-04-07,2018-04-10,6,3,"european, states, rural, affairs, member, committee, plants, food, manufacturer, council"
2018-04-07,2018-04-10,13,3,"hey, hello, username, follows, case, users, provided, crises, finds, information"
2018-04-07,2018-04-10,14,3,"playwright, win, philon, katic, stana, castle, collected, coins, crime, gold"
2018-04-07,2018-04-10,20,3,"jessica, maomaoarmy, url, lovej418, cr, 170214, airport, 170209, red, hong"
2018-04-07,2018-04-10,10,2,"something, tell, detects, going, delicate, situations, accident, buy, url, insurance"
2018-04-07,2018-04-10,49,2,"btsarmy, bestfanarmy, user, yoongi, iheartawards, bts, army, url, jhope, best"
2018-04-07,2018-04-10,52,2,"dafbama2018blackpink, blackpink, dafbama2018, black, vote, pink, user, retweet, tweet, rose"
2018-04-07,2018-04-10,56,2,"on, whats, going, man, here, blackhaired, fang, cass, hells, 11000"
2018-04-07,2018-04-10,58,2,"helps, obg, promotion, link, please, win, url, user, right, carolinapedrosa"
2018-04-07,2018-04-10,61,2,"donated, user, donations, noooossa, something, retweetd, donation, types, mt, perfectly"
2018-04-07,2018-04-10,76,2,"que, eu, em, amor, de, nao, pra, vc, linda, kkkkkkkkkkkkkkkkkkkk"
2018-04-07,2018-04-10,108,2,"bless, you, god, url, wick, it, amp, follow, over, good"
2018-04-07,2018-04-10,2,1,"commonly, terms, conditions, list, used, following, excuse, bot, hurt, run"
2018-04-07,2018-04-10,3,1,"no, 90sbabyfollowtrain, follow, teamfollowback, jfb, lovatics, sougofollow, retweet, instantfollow, autofollow"
2018-04-07,2018-04-10,50,1,"got7, eyesonyou, godseven, lookgot7, youngjae, mark, url, jb, lteyes, yougt"
2018-04-07,2018-04-10,74,1,"use, it, going, tracking, download, able, bores, user, happy, forth"
2018-04-07,2018-04-10,96,1,"creedo, sausage, sucks, made, check, url, arm, is, mark, little"
2018-04-07,2018-04-10,110,1,"book, fair, international, kuwait, library, doha, available, publish, avaik, suite"
2018-04-07,2018-04-10,136,1,"mfterror, confessterror, menfessterror, terror, manfessterror, url, cave, miss, fr, rp"
2018-04-10,2018-04-13,0,33,"user, url, you, love, good, going, follow, new, me, go"
2018-04-10,2018-04-13,18,9,"rp, openfollow, retweet, help, jfb, juseyo, pa, helps, open, thank"
2018-04-10,2018-04-13,65,9,"nooooooooooooo, gained, 3oo, lose, that, followed, followers, user, nooooooooooooooo, 1990"
2018-04-10,2018-04-13,59,6,"3oo, lose, that, followed, noooooooooooo, followers, nooooooooooooo, nooooooooooo, user, nooooooooooooooo"
2018-04-10,2018-04-13,5,5,"yeah, that, url, whats, amp, heck, tshirts, doll, charity, advantages"
2018-04-10,2018-04-13,31,5,"gang, exo, baekhyun, sehun, soft, big, chanyeol, url, exolar, shanyol"
2018-04-10,2018-04-13,26,4,"matter, whats, you, hope555, oshund, ohjustbecause, nutshell, plzz, deeper, annoying"
2018-04-10,2018-04-13,103,4,"mag, al, connacht, franoise, jazeera, ahmadi, mubarak, profile, kuwait, around"
2018-04-10,2018-04-13,50,2,"got7, eyesonyou, godseven, lookgot7, youngjae, mark, url, jb, lteyes, yougt"
2018-04-10,2018-04-13,58,2,"helps, obg, promotion, link, please, win, url, user, right, carolinapedrosa"
2018-04-10,2018-04-13,132,2,"game, doing, games, user, v8pk5, site, online, shaneul, adult, disgrace"
2018-04-10,2018-04-13,14,1,"playwright, win, philon, katic, stana, castle, collected, coins, crime, gold"
2018-04-10,2018-04-13,17,1,"fans, voted, music, thank, procedures, incident, you, find, follow, delicate"
2018-04-10,2018-04-13,22,1,"about, talking, hey, fuck, know"
2018-04-10,2018-04-13,28,1,"adnfestival2017, url, thank, adn, love, congratulations, all, you, happy, adnfest2017"
2018-04-10,2018-04-13,46,1,"user, tell, going, whereverververververververververververververververververver, do, you, btsarmy, bestfanarmy, iheartawards, url"
2018-04-10,2018-04-13,49,1,"btsarmy, bestfanarmy, user, yoongi, iheartawards, bts, army, url, jhope, best"
2018-04-10,2018-04-13,52,1,"dafbama2018blackpink, blackpink, dafbama2018, black, vote, pink, user, retweet, tweet, rose"
2018-04-10,2018-04-13,56,1,"on, whats, going, man, here, blackhaired, fang, cass, hells, 11000"
2018-04-10,2018-04-13,89,1,"die, old, test, going, see, url, armpits, clear, text, tips"
2018-04-10,2018-04-13,104,1,"chance, increase, followers, closeup, something, reader, tell, directory, going, tweets"
2018-04-10,2018-04-13,109,1,"account, tastedeservesfollowing, luxurious, special, ff, member, states, requirements, regulation, take"
2018-04-10,2018-04-13,120,1,"angel, look, face, body, nasty, six, alone, imagined, four, never"
2018-04-10,2018-04-13,123,1,"childhood, stars, 20, part, check, demonic, cartoon, or, annabelle, not"
2018-04-13,2018-04-16,0,17,"user, url, you, love, good, going, follow, new, me, go"
2018-04-13,2018-04-16,18,6,"rp, openfollow, retweet, help, jfb, juseyo, pa, helps, open, thank"
2018-04-13,2018-04-16,65,4,"nooooooooooooo, gained, 3oo, lose, that, followed, followers, user, nooooooooooooooo, 1990"
2018-04-13,2018-04-16,132,3,"game, doing, games, user, v8pk5, site, online, shaneul, adult, disgrace"
2018-04-13,2018-04-16,133,3,"know, throughout, roundteam, save, engaged, rapist, keep, great, also, followers"
2018-04-13,2018-04-16,3,2,"no, 90sbabyfollowtrain, follow, teamfollowback, jfb, lovatics, sougofollow, retweet, instantfollow, autofollow"
2018-04-13,2018-04-16,26,2,"matter, whats, you, hope555, oshund, ohjustbecause, nutshell, plzz, deeper, annoying"
2018-04-13,2018-04-16,59,2,"3oo, lose, that, followed, noooooooooooo, followers, nooooooooooooo, nooooooooooo, user, nooooooooooooooo"
2018-04-13,2018-04-16,13,1,"hey, hello, username, follows, case, users, provided, crises, finds, information"
2018-04-13,2018-04-16,14,1,"playwright, win, philon, katic, stana, castle, collected, coins, crime, gold"
2018-04-13,2018-04-16,22,1,"about, talking, hey, fuck, know"
2018-04-13,2018-04-16,31,1,"gang, exo, baekhyun, sehun, soft, big, chanyeol, url, exolar, shanyol"
2018-04-13,2018-04-16,49,1,"btsarmy, bestfanarmy, user, yoongi, iheartawards, bts, army, url, jhope, best"
2018-04-13,2018-04-16,56,1,"on, whats, going, man, here, blackhaired, fang, cass, hells, 11000"
2018-04-16,2018-04-19,0,36,"user, url, you, love, good, going, follow, new, me, go"
2018-04-16,2018-04-19,18,22,"rp, openfollow, retweet, help, jfb, juseyo, pa, helps, open, thank"
2018-04-16,2018-04-19,59,10,"3oo, lose, that, followed, noooooooooooo, followers, nooooooooooooo, nooooooooooo, user, nooooooooooooooo"
2018-04-16,2018-04-19,65,9,"nooooooooooooo, gained, 3oo, lose, that, followed, followers, user, nooooooooooooooo, 1990"
2018-04-16,2018-04-19,104,4,"chance, increase, followers, closeup, something, reader, tell, directory, going, tweets"
2018-04-16,2018-04-19,22,3,"about, talking, hey, fuck, know"
2018-04-16,2018-04-19,3,2,"no, 90sbabyfollowtrain, follow, teamfollowback, jfb, lovatics, sougofollow, retweet, instantfollow, autofollow"
2018-04-16,2018-04-19,49,2,"btsarmy, bestfanarmy, user, yoongi, iheartawards, bts, army, url, jhope, best"
2018-04-16,2018-04-19,132,2,"game, doing, games, user, v8pk5, site, online, shaneul, adult, disgrace"
2018-04-16,2018-04-19,133,2,"know, throughout, roundteam, save, engaged, rapist, keep, great, also, followers"
2018-04-16,2018-04-19,10,1,"something, tell, detects, going, delicate, situations, accident, buy, url, insurance"
2018-04-16,2018-04-19,14,1,"playwright, win, philon, katic, stana, castle, collected, coins, crime, gold"
2018-04-16,2018-04-19,26,1,"matter, whats, you, hope555, oshund, ohjustbecause, nutshell, plzz, deeper, annoying"
2018-04-16,2018-04-19,29,1,"goo, adnfestival2017, aldubsweetkiss, alden, maine, url, gee, sense, user, aldubxebloveis"
2018-04-16,2018-04-19,31,1,"gang, exo, baekhyun, sehun, soft, big, chanyeol, url, exolar, shanyol"
2018-04-16,2018-04-19,60,1,"rebels, ticket, show, win, about, talking, thats, dressing, room, something"
2018-04-16,2018-04-19,103,1,"mag, al, connacht, franoise, jazeera, ahmadi, mubarak, profile, kuwait, around"
2018-04-19,2018-04-22,0,17,"user, url, you, love, good, going, follow, new, me, go"
2018-04-19,2018-04-22,49,14,"btsarmy, bestfanarmy, user, yoongi, iheartawards, bts, army, url, jhope, best"
2018-04-19,2018-04-22,18,9,"rp, openfollow, retweet, help, jfb, juseyo, pa, helps, open, thank"
2018-04-19,2018-04-22,59,4,"3oo, lose, that, followed, noooooooooooo, followers, nooooooooooooo, nooooooooooo, user, nooooooooooooooo"
2018-04-19,2018-04-22,5,2,"yeah, that, url, whats, amp, heck, tshirts, doll, charity, advantages"
2018-04-19,2018-04-22,132,2,"game, doing, games, user, v8pk5, site, online, shaneul, adult, disgrace"
2018-04-19,2018-04-22,10,1,"something, tell, detects, going, delicate, situations, accident, buy, url, insurance"
2018-04-19,2018-04-22,17,1,"fans, voted, music, thank, procedures, incident, you, find, follow, delicate"
2018-04-19,2018-04-22,20,1,"jessica, maomaoarmy, url, lovej418, cr, 170214, airport, 170209, red, hong"
2018-04-19,2018-04-22,50,1,"got7, eyesonyou, godseven, lookgot7, youngjae, mark, url, jb, lteyes, yougt"
2018-04-19,2018-04-22,54,1,"birthday, congratulations, happy, seventhday, adventist, seventeen, 20th, much, grow, thank"
2018-04-19,2018-04-22,56,1,"on, whats, going, man, here, blackhaired, fang, cass, hells, 11000"
2018-04-19,2018-04-22,89,1,"die, old, test, going, see, url, armpits, clear, text, tips"
2018-04-19,2018-04-22,133,1,"know, throughout, roundteam, save, engaged, rapist, keep, great, also, followers"
2018-04-22,2018-04-25,0,20,"user, url, you, love, good, going, follow, new, me, go"
2018-04-22,2018-04-25,18,2,"rp, openfollow, retweet, help, jfb, juseyo, pa, helps, open, thank"
2018-04-22,2018-04-25,3,1,"no, 90sbabyfollowtrain, follow, teamfollowback, jfb, lovatics, sougofollow, retweet, instantfollow, autofollow"
2018-04-22,2018-04-25,103,1,"mag, al, connacht, franoise, jazeera, ahmadi, mubarak, profile, kuwait, around"
2018-04-22,2018-04-25,114,1,"remember, agata, avenida, brazilian, become, grabriele, julia, humiliated, her, happened"
2018-04-22,2018-04-25,118,1,"waited, carrying, nine, months, babies, belly, baby, woman, daughters, cut"
2018-04-25,2018-04-28,0,1,"user, url, you, love, good, going, follow, new, me, go"
2018-04-25,2018-04-28,66,1,"mt, bf5fcb0378955a5784b49b8daa69d316c72c388c6and, mmmm, a67549ef2e3a26f231609c13d568a43e6bdc387248, fec860eb26e7614c37e150fa5d36da605ab6cc206, bf5fcb0378955a5784b49b8daa69d316c72c388c6, hate, already, user, bf5fcb0378955a5784b49b8daa69d316c72c388c6e"
2018-04-25,2018-04-28,115,1,"appeared, turned, clear, brown, grew, beautiful, out, showed, up, got"
2018-04-25,2018-04-28,120,1,"angel, look, face, body, nasty, six, alone, imagined, four, never"
2018-04-28,2018-05-01,0,11,"user, url, you, love, good, going, follow, new, me, go"
2018-04-28,2018-05-01,5,2,"yeah, that, url, whats, amp, heck, tshirts, doll, charity, advantages"
2018-04-28,2018-05-01,76,1,"que, eu, em, amor, de, nao, pra, vc, linda, kkkkkkkkkkkkkkkkkkkk"
2018-04-28,2018-05-01,103,1,"mag, al, connacht, franoise, jazeera, ahmadi, mubarak, profile, kuwait, around"
2018-04-28,2018-05-01,112,1,"clans, clash, resources, unlimited, village, gets, user, adoptive, tortured, lucia"
2018-04-28,2018-05-01,134,1,"itsfoodporn, food, porn, chocolate, cheese, cream, foodporn, cake, url, ice"
2018-05-01,2018-05-04,0,6,"user, url, you, love, good, going, follow, new, me, go"
2018-05-01,2018-05-04,4,1,"twentieth, publication, journal, force, enter, official, union, shall, regulation, european"
2018-05-01,2018-05-04,18,1,"rp, openfollow, retweet, help, jfb, juseyo, pa, helps, open, thank"
2018-05-01,2018-05-04,27,1,"guo, wen, china, chinese, guos, united, states, news, weiwei, lies"
2018-05-01,2018-05-04,46,1,"user, tell, going, whereverververververververververververververververververver, do, you, btsarmy, bestfanarmy, iheartawards, url"
2018-05-01,2018-05-04,58,1,"helps, obg, promotion, link, please, win, url, user, right, carolinapedrosa"
2018-05-01,2018-05-04,70,1,"dogs, lost, dog, cats, usa, il, missing, home, found, shelter"
2018-05-01,2018-05-04,112,1,"clans, clash, resources, unlimited, village, gets, user, adoptive, tortured, lucia"
2018-05-01,2018-05-04,133,1,"know, throughout, roundteam, save, engaged, rapist, keep, great, also, followers"
2018-05-04,2018-05-07,0,12,"user, url, you, love, good, going, follow, new, me, go"
2018-05-04,2018-05-07,103,3,"mag, al, connacht, franoise, jazeera, ahmadi, mubarak, profile, kuwait, around"
2018-05-04,2018-05-07,5,2,"yeah, that, url, whats, amp, heck, tshirts, doll, charity, advantages"
2018-05-04,2018-05-07,4,1,"twentieth, publication, journal, force, enter, official, union, shall, regulation, european"
2018-05-04,2018-05-07,12,1,"purposes, item, intended, used, regulation, replacement, tips, hiring, insurance, rep"
2018-05-04,2018-05-07,13,1,"hey, hello, username, follows, case, users, provided, crises, finds, information"
2018-05-04,2018-05-07,20,1,"jessica, maomaoarmy, url, lovej418, cr, 170214, airport, 170209, red, hong"
2018-05-04,2018-05-07,72,1,"ill, brazilian, called, hear, group, followup, hello, restart, take, me"
2018-05-04,2018-05-07,108,1,"bless, you, god, url, wick, it, amp, follow, over, good"
2018-05-04,2018-05-07,110,1,"book, fair, international, kuwait, library, doha, available, publish, avaik, suite"
2018-05-04,2018-05-07,120,1,"angel, look, face, body, nasty, six, alone, imagined, four, never"
2018-05-04,2018-05-07,133,1,"know, throughout, roundteam, save, engaged, rapist, keep, great, also, followers"
2018-05-04,2018-05-07,136,1,"mfterror, confessterror, menfessterror, terror, manfessterror, url, cave, miss, fr, rp"
2018-05-07,2018-05-10,49,3,"btsarmy, bestfanarmy, user, yoongi, iheartawards, bts, army, url, jhope, best"
2018-05-07,2018-05-10,0,1,"user, url, you, love, good, going, follow, new, me, go"
2018-05-07,2018-05-10,5,1,"yeah, that, url, whats, amp, heck, tshirts, doll, charity, advantages"
2018-05-07,2018-05-10,18,1,"rp, openfollow, retweet, help, jfb, juseyo, pa, helps, open, thank"
2018-05-07,2018-05-10,22,1,"about, talking, hey, fuck, know"
2018-05-07,2018-05-10,103,1,"mag, al, connacht, franoise, jazeera, ahmadi, mubarak, profile, kuwait, around"
2018-05-10,2018-05-13,0,2,"user, url, you, love, good, going, follow, new, me, go"
2018-05-10,2018-05-13,110,1,"book, fair, international, kuwait, library, doha, available, publish, avaik, suite"
2018-05-13,2018-05-16,0,18,"user, url, you, love, good, going, follow, new, me, go"
2018-05-13,2018-05-16,26,3,"matter, whats, you, hope555, oshund, ohjustbecause, nutshell, plzz, deeper, annoying"
2018-05-13,2018-05-16,65,3,"nooooooooooooo, gained, 3oo, lose, that, followed, followers, user, nooooooooooooooo, 1990"
2018-05-13,2018-05-16,18,2,"rp, openfollow, retweet, help, jfb, juseyo, pa, helps, open, thank"
2018-05-13,2018-05-16,103,2,"mag, al, connacht, franoise, jazeera, ahmadi, mubarak, profile, kuwait, around"
2018-05-13,2018-05-16,5,1,"yeah, that, url, whats, amp, heck, tshirts, doll, charity, advantages"
2018-05-13,2018-05-16,10,1,"something, tell, detects, going, delicate, situations, accident, buy, url, insurance"
2018-05-13,2018-05-16,13,1,"hey, hello, username, follows, case, users, provided, crises, finds, information"
2018-05-13,2018-05-16,52,1,"dafbama2018blackpink, blackpink, dafbama2018, black, vote, pink, user, retweet, tweet, rose"
2018-05-13,2018-05-16,56,1,"on, whats, going, man, here, blackhaired, fang, cass, hells, 11000"
2018-05-13,2018-05-16,59,1,"3oo, lose, that, followed, noooooooooooo, followers, nooooooooooooo, nooooooooooo, user, nooooooooooooooo"
2018-05-13,2018-05-16,104,1,"chance, increase, followers, closeup, something, reader, tell, directory, going, tweets"
2018-05-13,2018-05-16,132,1,"game, doing, games, user, v8pk5, site, online, shaneul, adult, disgrace"
2018-05-13,2018-05-16,136,1,"mfterror, confessterror, menfessterror, terror, manfessterror, url, cave, miss, fr, rp"
2018-05-16,2018-05-19,0,34,"user, url, you, love, good, going, follow, new, me, go"
2018-05-16,2018-05-19,18,14,"rp, openfollow, retweet, help, jfb, juseyo, pa, helps, open, thank"
2018-05-16,2018-05-19,5,6,"yeah, that, url, whats, amp, heck, tshirts, doll, charity, advantages"
2018-05-16,2018-05-19,65,6,"nooooooooooooo, gained, 3oo, lose, that, followed, followers, user, nooooooooooooooo, 1990"
2018-05-16,2018-05-19,26,5,"matter, whats, you, hope555, oshund, ohjustbecause, nutshell, plzz, deeper, annoying"
2018-05-16,2018-05-19,59,5,"3oo, lose, that, followed, noooooooooooo, followers, nooooooooooooo, nooooooooooo, user, nooooooooooooooo"
2018-05-16,2018-05-19,14,3,"playwright, win, philon, katic, stana, castle, collected, coins, crime, gold"
2018-05-16,2018-05-19,56,3,"on, whats, going, man, here, blackhaired, fang, cass, hells, 11000"
2018-05-16,2018-05-19,13,2,"hey, hello, username, follows, case, users, provided, crises, finds, information"
2018-05-16,2018-05-19,4,1,"twentieth, publication, journal, force, enter, official, union, shall, regulation, european"
2018-05-16,2018-05-19,52,1,"dafbama2018blackpink, blackpink, dafbama2018, black, vote, pink, user, retweet, tweet, rose"
2018-05-16,2018-05-19,68,1,"iranian, saudi, arabia, iran, israel, gaza, narrator, muslims, syria, israeli"
2018-05-16,2018-05-19,73,1,"100factsaboutme, 100, facts, factsabout, hate, 100factsabout, factsaboutme, never, me, love"
2018-05-16,2018-05-19,74,1,"use, it, going, tracking, download, able, bores, user, happy, forth"
2018-05-16,2018-05-19,75,1,"tracking, download, user, follow, url, enormous, indicationmt, commenting, favor, ft"
2018-05-16,2018-05-19,103,1,"mag, al, connacht, franoise, jazeera, ahmadi, mubarak, profile, kuwait, around"
2018-05-16,2018-05-19,104,1,"chance, increase, followers, closeup, something, reader, tell, directory, going, tweets"
2018-05-16,2018-05-19,111,1,"bring, going, now, challenge, right, try, voucher, presale, enjoy, eat"
2018-05-16,2018-05-19,132,1,"game, doing, games, user, v8pk5, site, online, shaneul, adult, disgrace"
2018-05-16,2018-05-19,133,1,"know, throughout, roundteam, save, engaged, rapist, keep, great, also, followers"
2018-05-19,2018-05-22,31,29,"gang, exo, baekhyun, sehun, soft, big, chanyeol, url, exolar, shanyol"
2018-05-19,2018-05-22,0,19,"user, url, you, love, good, going, follow, new, me, go"
2018-05-19,2018-05-22,5,10,"yeah, that, url, whats, amp, heck, tshirts, doll, charity, advantages"
2018-05-19,2018-05-22,18,4,"rp, openfollow, retweet, help, jfb, juseyo, pa, helps, open, thank"
2018-05-19,2018-05-22,65,4,"nooooooooooooo, gained, 3oo, lose, that, followed, followers, user, nooooooooooooooo, 1990"
2018-05-19,2018-05-22,133,4,"know, throughout, roundteam, save, engaged, rapist, keep, great, also, followers"
2018-05-19,2018-05-22,103,3,"mag, al, connacht, franoise, jazeera, ahmadi, mubarak, profile, kuwait, around"
2018-05-19,2018-05-22,104,3,"chance, increase, followers, closeup, something, reader, tell, directory, going, tweets"
2018-05-19,2018-05-22,13,2,"hey, hello, username, follows, case, users, provided, crises, finds, information"
2018-05-19,2018-05-22,26,2,"matter, whats, you, hope555, oshund, ohjustbecause, nutshell, plzz, deeper, annoying"
2018-05-19,2018-05-22,50,2,"got7, eyesonyou, godseven, lookgot7, youngjae, mark, url, jb, lteyes, yougt"
2018-05-19,2018-05-22,56,2,"on, whats, going, man, here, blackhaired, fang, cass, hells, 11000"
2018-05-19,2018-05-22,59,2,"3oo, lose, that, followed, noooooooooooo, followers, nooooooooooooo, nooooooooooo, user, nooooooooooooooo"
2018-05-19,2018-05-22,3,1,"no, 90sbabyfollowtrain, follow, teamfollowback, jfb, lovatics, sougofollow, retweet, instantfollow, autofollow"
2018-05-19,2018-05-22,14,1,"playwright, win, philon, katic, stana, castle, collected, coins, crime, gold"
2018-05-19,2018-05-22,20,1,"jessica, maomaoarmy, url, lovej418, cr, 170214, airport, 170209, red, hong"
2018-05-19,2018-05-22,68,1,"iranian, saudi, arabia, iran, israel, gaza, narrator, muslims, syria, israeli"
2018-05-19,2018-05-22,72,1,"ill, brazilian, called, hear, group, followup, hello, restart, take, me"
2018-05-22,2018-05-25,0,54,"user, url, you, love, good, going, follow, new, me, go"
2018-05-22,2018-05-25,18,19,"rp, openfollow, retweet, help, jfb, juseyo, pa, helps, open, thank"
2018-05-22,2018-05-25,65,12,"nooooooooooooo, gained, 3oo, lose, that, followed, followers, user, nooooooooooooooo, 1990"
2018-05-22,2018-05-25,26,11,"matter, whats, you, hope555, oshund, ohjustbecause, nutshell, plzz, deeper, annoying"
2018-05-22,2018-05-25,6,6,"european, states, rural, affairs, member, committee, plants, food, manufacturer, council"
2018-05-22,2018-05-25,56,5,"on, whats, going, man, here, blackhaired, fang, cass, hells, 11000"
2018-05-22,2018-05-25,59,5,"3oo, lose, that, followed, noooooooooooo, followers, nooooooooooooo, nooooooooooo, user, nooooooooooooooo"
2018-05-22,2018-05-25,31,4,"gang, exo, baekhyun, sehun, soft, big, chanyeol, url, exolar, shanyol"
2018-05-22,2018-05-25,103,4,"mag, al, connacht, franoise, jazeera, ahmadi, mubarak, profile, kuwait, around"
2018-05-22,2018-05-25,104,4,"chance, increase, followers, closeup, something, reader, tell, directory, going, tweets"
2018-05-22,2018-05-25,13,3,"hey, hello, username, follows, case, users, provided, crises, finds, information"
2018-05-22,2018-05-25,52,3,"dafbama2018blackpink, blackpink, dafbama2018, black, vote, pink, user, retweet, tweet, rose"
2018-05-22,2018-05-25,133,3,"know, throughout, roundteam, save, engaged, rapist, keep, great, also, followers"
2018-05-22,2018-05-25,5,2,"yeah, that, url, whats, amp, heck, tshirts, doll, charity, advantages"
2018-05-22,2018-05-25,9,2,"at, available, bugatti, specifications, hire, learn, bugpictures, videos, it, car"
2018-05-22,2018-05-25,22,2,"about, talking, hey, fuck, know"
2018-05-22,2018-05-25,132,2,"game, doing, games, user, v8pk5, site, online, shaneul, adult, disgrace"
2018-05-22,2018-05-25,3,1,"no, 90sbabyfollowtrain, follow, teamfollowback, jfb, lovatics, sougofollow, retweet, instantfollow, autofollow"
2018-05-22,2018-05-25,14,1,"playwright, win, philon, katic, stana, castle, collected, coins, crime, gold"
2018-05-22,2018-05-25,46,1,"user, tell, going, whereverververververververververververververververververver, do, you, btsarmy, bestfanarmy, iheartawards, url"
2018-05-22,2018-05-25,49,1,"btsarmy, bestfanarmy, user, yoongi, iheartawards, bts, army, url, jhope, best"
2018-05-22,2018-05-25,53,1,"game, nba, lebron, finals, playoffs, points, warriors, cavs, james, rockets"
2018-05-22,2018-05-25,73,1,"100factsaboutme, 100, facts, factsabout, hate, 100factsabout, factsaboutme, never, me, love"
2018-05-22,2018-05-25,109,1,"account, tastedeservesfollowing, luxurious, special, ff, member, states, requirements, regulation, take"
2018-05-25,2018-05-28,0,26,"user, url, you, love, good, going, follow, new, me, go"
2018-05-25,2018-05-28,18,16,"rp, openfollow, retweet, help, jfb, juseyo, pa, helps, open, thank"
2018-05-25,2018-05-28,5,12,"yeah, that, url, whats, amp, heck, tshirts, doll, charity, advantages"
2018-05-25,2018-05-28,104,4,"chance, increase, followers, closeup, something, reader, tell, directory, going, tweets"
2018-05-25,2018-05-28,13,3,"hey, hello, username, follows, case, users, provided, crises, finds, information"
2018-05-25,2018-05-28,59,3,"3oo, lose, that, followed, noooooooooooo, followers, nooooooooooooo, nooooooooooo, user, nooooooooooooooo"
2018-05-25,2018-05-28,65,3,"nooooooooooooo, gained, 3oo, lose, that, followed, followers, user, nooooooooooooooo, 1990"
2018-05-25,2018-05-28,31,2,"gang, exo, baekhyun, sehun, soft, big, chanyeol, url, exolar, shanyol"
2018-05-25,2018-05-28,52,2,"dafbama2018blackpink, blackpink, dafbama2018, black, vote, pink, user, retweet, tweet, rose"
2018-05-25,2018-05-28,56,2,"on, whats, going, man, here, blackhaired, fang, cass, hells, 11000"
2018-05-25,2018-05-28,2,1,"commonly, terms, conditions, list, used, following, excuse, bot, hurt, run"
2018-05-25,2018-05-28,3,1,"no, 90sbabyfollowtrain, follow, teamfollowback, jfb, lovatics, sougofollow, retweet, instantfollow, autofollow"
2018-05-25,2018-05-28,6,1,"european, states, rural, affairs, member, committee, plants, food, manufacturer, council"
2018-05-25,2018-05-28,10,1,"something, tell, detects, going, delicate, situations, accident, buy, url, insurance"
2018-05-25,2018-05-28,17,1,"fans, voted, music, thank, procedures, incident, you, find, follow, delicate"
2018-05-25,2018-05-28,46,1,"user, tell, going, whereverververververververververververververververververver, do, you, btsarmy, bestfanarmy, iheartawards, url"
2018-05-25,2018-05-28,66,1,"mt, bf5fcb0378955a5784b49b8daa69d316c72c388c6and, mmmm, a67549ef2e3a26f231609c13d568a43e6bdc387248, fec860eb26e7614c37e150fa5d36da605ab6cc206, bf5fcb0378955a5784b49b8daa69d316c72c388c6, hate, already, user, bf5fcb0378955a5784b49b8daa69d316c72c388c6e"
2018-05-25,2018-05-28,75,1,"tracking, download, user, follow, url, enormous, indicationmt, commenting, favor, ft"
2018-05-25,2018-05-28,76,1,"que, eu, em, amor, de, nao, pra, vc, linda, kkkkkkkkkkkkkkkkkkkk"
2018-05-25,2018-05-28,109,1,"account, tastedeservesfollowing, luxurious, special, ff, member, states, requirements, regulation, take"
2018-05-25,2018-05-28,112,1,"clans, clash, resources, unlimited, village, gets, user, adoptive, tortured, lucia"
2018-05-25,2018-05-28,133,1,"know, throughout, roundteam, save, engaged, rapist, keep, great, also, followers"
2018-05-25,2018-05-28,135,1,"joined, tinychat, chat, video, menfessterror, content, engaged, followers, share, 68"
2018-05-28,2018-05-31,0,9,"user, url, you, love, good, going, follow, new, me, go"
2018-05-28,2018-05-31,26,3,"matter, whats, you, hope555, oshund, ohjustbecause, nutshell, plzz, deeper, annoying"
2018-05-28,2018-05-31,18,2,"rp, openfollow, retweet, help, jfb, juseyo, pa, helps, open, thank"
2018-05-28,2018-05-31,56,2,"on, whats, going, man, here, blackhaired, fang, cass, hells, 11000"
2018-05-28,2018-05-31,59,2,"3oo, lose, that, followed, noooooooooooo, followers, nooooooooooooo, nooooooooooo, user, nooooooooooooooo"
2018-05-28,2018-05-31,65,2,"nooooooooooooo, gained, 3oo, lose, that, followed, followers, user, nooooooooooooooo, 1990"
2018-05-28,2018-05-31,103,2,"mag, al, connacht, franoise, jazeera, ahmadi, mubarak, profile, kuwait, around"
2018-05-28,2018-05-31,13,1,"hey, hello, username, follows, case, users, provided, crises, finds, information"
2018-05-28,2018-05-31,52,1,"dafbama2018blackpink, blackpink, dafbama2018, black, vote, pink, user, retweet, tweet, rose"
2018-05-28,2018-05-31,132,1,"game, doing, games, user, v8pk5, site, online, shaneul, adult, disgrace"
2018-05-31,2018-06-03,0,96,"user, url, you, love, good, going, follow, new, me, go"
2018-05-31,2018-06-03,18,41,"rp, openfollow, retweet, help, jfb, juseyo, pa, helps, open, thank"
2018-05-31,2018-06-03,59,17,"3oo, lose, that, followed, noooooooooooo, followers, nooooooooooooo, nooooooooooo, user, nooooooooooooooo"
2018-05-31,2018-06-03,65,15,"nooooooooooooo, gained, 3oo, lose, that, followed, followers, user, nooooooooooooooo, 1990"
2018-05-31,2018-06-03,5,10,"yeah, that, url, whats, amp, heck, tshirts, doll, charity, advantages"
2018-05-31,2018-06-03,133,10,"know, throughout, roundteam, save, engaged, rapist, keep, great, also, followers"
2018-05-31,2018-06-03,26,6,"matter, whats, you, hope555, oshund, ohjustbecause, nutshell, plzz, deeper, annoying"
2018-05-31,2018-06-03,103,6,"mag, al, connacht, franoise, jazeera, ahmadi, mubarak, profile, kuwait, around"
2018-05-31,2018-06-03,132,6,"game, doing, games, user, v8pk5, site, online, shaneul, adult, disgrace"
2018-05-31,2018-06-03,56,4,"on, whats, going, man, here, blackhaired, fang, cass, hells, 11000"
2018-05-31,2018-06-03,104,4,"chance, increase, followers, closeup, something, reader, tell, directory, going, tweets"
2018-05-31,2018-06-03,13,3,"hey, hello, username, follows, case, users, provided, crises, finds, information"
2018-05-31,2018-06-03,14,3,"playwright, win, philon, katic, stana, castle, collected, coins, crime, gold"
2018-05-31,2018-06-03,31,3,"gang, exo, baekhyun, sehun, soft, big, chanyeol, url, exolar, shanyol"
2018-05-31,2018-06-03,3,2,"no, 90sbabyfollowtrain, follow, teamfollowback, jfb, lovatics, sougofollow, retweet, instantfollow, autofollow"
2018-05-31,2018-06-03,10,2,"something, tell, detects, going, delicate, situations, accident, buy, url, insurance"
2018-05-31,2018-06-03,20,2,"jessica, maomaoarmy, url, lovej418, cr, 170214, airport, 170209, red, hong"
2018-05-31,2018-06-03,22,2,"about, talking, hey, fuck, know"
2018-05-31,2018-06-03,52,2,"dafbama2018blackpink, blackpink, dafbama2018, black, vote, pink, user, retweet, tweet, rose"
2018-05-31,2018-06-03,2,1,"commonly, terms, conditions, list, used, following, excuse, bot, hurt, run"
2018-05-31,2018-06-03,6,1,"european, states, rural, affairs, member, committee, plants, food, manufacturer, council"
2018-05-31,2018-06-03,12,1,"purposes, item, intended, used, regulation, replacement, tips, hiring, insurance, rep"
2018-05-31,2018-06-03,71,1,"website, twitters, unavailable, temporarily, violates, policy, media, account, publication, contents"
2018-05-31,2018-06-03,74,1,"use, it, going, tracking, download, able, bores, user, happy, forth"
2018-05-31,2018-06-03,108,1,"bless, you, god, url, wick, it, amp, follow, over, good"
2018-05-31,2018-06-03,109,1,"account, tastedeservesfollowing, luxurious, special, ff, member, states, requirements, regulation, take"
2018-05-31,2018-06-03,120,1,"angel, look, face, body, nasty, six, alone, imagined, four, never"
2018-05-31,2018-06-03,122,1,"vagina, unbelievable, number, 10, things, see, walkers, paul, became, daughter"
2018-05-31,2018-06-03,131,1,"website, hello, currently, users, number, network, email, anything, present, followers"
2018-05-31,2018-06-03,134,1,"itsfoodporn, food, porn, chocolate, cheese, cream, foodporn, cake, url, ice"
2018-05-31,2018-06-03,136,1,"mfterror, confessterror, menfessterror, terror, manfessterror, url, cave, miss, fr, rp"
2018-06-03,2018-06-06,0,19,"user, url, you, love, good, going, follow, new, me, go"
2018-06-03,2018-06-06,18,7,"rp, openfollow, retweet, help, jfb, juseyo, pa, helps, open, thank"
2018-06-03,2018-06-06,26,6,"matter, whats, you, hope555, oshund, ohjustbecause, nutshell, plzz, deeper, annoying"
2018-06-03,2018-06-06,65,6,"nooooooooooooo, gained, 3oo, lose, that, followed, followers, user, nooooooooooooooo, 1990"
2018-06-03,2018-06-06,59,5,"3oo, lose, that, followed, noooooooooooo, followers, nooooooooooooo, nooooooooooo, user, nooooooooooooooo"
2018-06-03,2018-06-06,104,4,"chance, increase, followers, closeup, something, reader, tell, directory, going, tweets"
2018-06-03,2018-06-06,133,2,"know, throughout, roundteam, save, engaged, rapist, keep, great, also, followers"
2018-06-03,2018-06-06,14,1,"playwright, win, philon, katic, stana, castle, collected, coins, crime, gold"
2018-06-03,2018-06-06,22,1,"about, talking, hey, fuck, know"
2018-06-03,2018-06-06,52,1,"dafbama2018blackpink, blackpink, dafbama2018, black, vote, pink, user, retweet, tweet, rose"
2018-06-03,2018-06-06,56,1,"on, whats, going, man, here, blackhaired, fang, cass, hells, 11000"
2018-06-03,2018-06-06,132,1,"game, doing, games, user, v8pk5, site, online, shaneul, adult, disgrace"
2018-06-06,2018-06-09,0,29,"user, url, you, love, good, going, follow, new, me, go"
2018-06-06,2018-06-09,5,16,"yeah, that, url, whats, amp, heck, tshirts, doll, charity, advantages"
2018-06-06,2018-06-09,18,11,"rp, openfollow, retweet, help, jfb, juseyo, pa, helps, open, thank"
2018-06-06,2018-06-09,26,9,"matter, whats, you, hope555, oshund, ohjustbecause, nutshell, plzz, deeper, annoying"
2018-06-06,2018-06-09,59,6,"3oo, lose, that, followed, noooooooooooo, followers, nooooooooooooo, nooooooooooo, user, nooooooooooooooo"
2018-06-06,2018-06-09,65,6,"nooooooooooooo, gained, 3oo, lose, that, followed, followers, user, nooooooooooooooo, 1990"
2018-06-06,2018-06-09,31,3,"gang, exo, baekhyun, sehun, soft, big, chanyeol, url, exolar, shanyol"
2018-06-06,2018-06-09,104,3,"chance, increase, followers, closeup, something, reader, tell, directory, going, tweets"
2018-06-06,2018-06-09,132,3,"game, doing, games, user, v8pk5, site, online, shaneul, adult, disgrace"
2018-06-06,2018-06-09,22,2,"about, talking, hey, fuck, know"
2018-06-06,2018-06-09,103,2,"mag, al, connacht, franoise, jazeera, ahmadi, mubarak, profile, kuwait, around"
2018-06-06,2018-06-09,2,1,"commonly, terms, conditions, list, used, following, excuse, bot, hurt, run"
2018-06-06,2018-06-09,4,1,"twentieth, publication, journal, force, enter, official, union, shall, regulation, european"
2018-06-06,2018-06-09,6,1,"european, states, rural, affairs, member, committee, plants, food, manufacturer, council"
2018-06-06,2018-06-09,13,1,"hey, hello, username, follows, case, users, provided, crises, finds, information"
2018-06-06,2018-06-09,14,1,"playwright, win, philon, katic, stana, castle, collected, coins, crime, gold"
2018-06-06,2018-06-09,58,1,"helps, obg, promotion, link, please, win, url, user, right, carolinapedrosa"
2018-06-06,2018-06-09,69,1,"channel, subscribe, user, url, music, please"
2018-06-06,2018-06-09,74,1,"use, it, going, tracking, download, able, bores, user, happy, forth"
2018-06-06,2018-06-09,108,1,"bless, you, god, url, wick, it, amp, follow, over, good"
2018-06-06,2018-06-09,133,1,"know, throughout, roundteam, save, engaged, rapist, keep, great, also, followers"
2018-06-09,2018-06-12,0,41,"user, url, you, love, good, going, follow, new, me, go"
2018-06-09,2018-06-12,59,8,"3oo, lose, that, followed, noooooooooooo, followers, nooooooooooooo, nooooooooooo, user, nooooooooooooooo"
2018-06-09,2018-06-12,18,6,"rp, openfollow, retweet, help, jfb, juseyo, pa, helps, open, thank"
2018-06-09,2018-06-12,5,5,"yeah, that, url, whats, amp, heck, tshirts, doll, charity, advantages"
2018-06-09,2018-06-12,65,5,"nooooooooooooo, gained, 3oo, lose, that, followed, followers, user, nooooooooooooooo, 1990"
2018-06-09,2018-06-12,26,3,"matter, whats, you, hope555, oshund, ohjustbecause, nutshell, plzz, deeper, annoying"
2018-06-09,2018-06-12,103,3,"mag, al, connacht, franoise, jazeera, ahmadi, mubarak, profile, kuwait, around"
2018-06-09,2018-06-12,133,3,"know, throughout, roundteam, save, engaged, rapist, keep, great, also, followers"
2018-06-09,2018-06-12,3,2,"no, 90sbabyfollowtrain, follow, teamfollowback, jfb, lovatics, sougofollow, retweet, instantfollow, autofollow"
2018-06-09,2018-06-12,22,2,"about, talking, hey, fuck, know"
2018-06-09,2018-06-12,104,2,"chance, increase, followers, closeup, something, reader, tell, directory, going, tweets"
2018-06-09,2018-06-12,4,1,"twentieth, publication, journal, force, enter, official, union, shall, regulation, european"
2018-06-09,2018-06-12,6,1,"european, states, rural, affairs, member, committee, plants, food, manufacturer, council"
2018-06-09,2018-06-12,13,1,"hey, hello, username, follows, case, users, provided, crises, finds, information"
2018-06-09,2018-06-12,14,1,"playwright, win, philon, katic, stana, castle, collected, coins, crime, gold"
2018-06-09,2018-06-12,46,1,"user, tell, going, whereverververververververververververververververververver, do, you, btsarmy, bestfanarmy, iheartawards, url"
2018-06-09,2018-06-12,56,1,"on, whats, going, man, here, blackhaired, fang, cass, hells, 11000"
2018-06-09,2018-06-12,58,1,"helps, obg, promotion, link, please, win, url, user, right, carolinapedrosa"
2018-06-09,2018-06-12,68,1,"iranian, saudi, arabia, iran, israel, gaza, narrator, muslims, syria, israeli"
2018-06-09,2018-06-12,70,1,"dogs, lost, dog, cats, usa, il, missing, home, found, shelter"
2018-06-09,2018-06-12,93,1,"breasts, increase, ladies, tips, check, attention, url, gold, black, blue"
2018-06-09,2018-06-12,102,1,"nicoflowproductions, sor, subscribe, share, support, amp, following, url, user, member"
2018-06-09,2018-06-12,109,1,"account, tastedeservesfollowing, luxurious, special, ff, member, states, requirements, regulation, take"
2018-06-09,2018-06-12,112,1,"clans, clash, resources, unlimited, village, gets, user, adoptive, tortured, lucia"
2018-06-12,2018-06-15,0,32,"user, url, you, love, good, going, follow, new, me, go"
2018-06-12,2018-06-15,18,8,"rp, openfollow, retweet, help, jfb, juseyo, pa, helps, open, thank"
2018-06-12,2018-06-15,59,6,"3oo, lose, that, followed, noooooooooooo, followers, nooooooooooooo, nooooooooooo, user, nooooooooooooooo"
2018-06-12,2018-06-15,104,4,"chance, increase, followers, closeup, something, reader, tell, directory, going, tweets"
2018-06-12,2018-06-15,46,2,"user, tell, going, whereverververververververververververververververververver, do, you, btsarmy, bestfanarmy, iheartawards, url"
2018-06-12,2018-06-15,65,2,"nooooooooooooo, gained, 3oo, lose, that, followed, followers, user, nooooooooooooooo, 1990"
2018-06-12,2018-06-15,103,2,"mag, al, connacht, franoise, jazeera, ahmadi, mubarak, profile, kuwait, around"
2018-06-12,2018-06-15,5,1,"yeah, that, url, whats, amp, heck, tshirts, doll, charity, advantages"
2018-06-12,2018-06-15,6,1,"european, states, rural, affairs, member, committee, plants, food, manufacturer, council"
2018-06-12,2018-06-15,10,1,"something, tell, detects, going, delicate, situations, accident, buy, url, insurance"
2018-06-12,2018-06-15,14,1,"playwright, win, philon, katic, stana, castle, collected, coins, crime, gold"
2018-06-12,2018-06-15,26,1,"matter, whats, you, hope555, oshund, ohjustbecause, nutshell, plzz, deeper, annoying"
2018-06-12,2018-06-15,56,1,"on, whats, going, man, here, blackhaired, fang, cass, hells, 11000"
2018-06-12,2018-06-15,68,1,"iranian, saudi, arabia, iran, israel, gaza, narrator, muslims, syria, israeli"
2018-06-12,2018-06-15,73,1,"100factsaboutme, 100, facts, factsabout, hate, 100factsabout, factsaboutme, never, me, love"
2018-06-12,2018-06-15,80,1,"marijuana, arrested, tshirt, wearing, two, girls, science, disney, nine, according"
2018-06-12,2018-06-15,133,1,"know, throughout, roundteam, save, engaged, rapist, keep, great, also, followers"
2018-06-15,2018-06-18,0,69,"user, url, you, love, good, going, follow, new, me, go"
2018-06-15,2018-06-18,18,13,"rp, openfollow, retweet, help, jfb, juseyo, pa, helps, open, thank"
2018-06-15,2018-06-18,59,8,"3oo, lose, that, followed, noooooooooooo, followers, nooooooooooooo, nooooooooooo, user, nooooooooooooooo"
2018-06-15,2018-06-18,104,7,"chance, increase, followers, closeup, something, reader, tell, directory, going, tweets"
2018-06-15,2018-06-18,13,6,"hey, hello, username, follows, case, users, provided, crises, finds, information"
2018-06-15,2018-06-18,65,6,"nooooooooooooo, gained, 3oo, lose, that, followed, followers, user, nooooooooooooooo, 1990"
2018-06-15,2018-06-18,5,4,"yeah, that, url, whats, amp, heck, tshirts, doll, charity, advantages"
2018-06-15,2018-06-18,26,4,"matter, whats, you, hope555, oshund, ohjustbecause, nutshell, plzz, deeper, annoying"
2018-06-15,2018-06-18,56,3,"on, whats, going, man, here, blackhaired, fang, cass, hells, 11000"
2018-06-15,2018-06-18,10,2,"something, tell, detects, going, delicate, situations, accident, buy, url, insurance"
2018-06-15,2018-06-18,22,2,"about, talking, hey, fuck, know"
2018-06-15,2018-06-18,31,2,"gang, exo, baekhyun, sehun, soft, big, chanyeol, url, exolar, shanyol"
2018-06-15,2018-06-18,103,2,"mag, al, connacht, franoise, jazeera, ahmadi, mubarak, profile, kuwait, around"
2018-06-15,2018-06-18,132,2,"game, doing, games, user, v8pk5, site, online, shaneul, adult, disgrace"
2018-06-15,2018-06-18,133,2,"know, throughout, roundteam, save, engaged, rapist, keep, great, also, followers"
2018-06-15,2018-06-18,134,2,"itsfoodporn, food, porn, chocolate, cheese, cream, foodporn, cake, url, ice"
2018-06-15,2018-06-18,4,1,"twentieth, publication, journal, force, enter, official, union, shall, regulation, european"
2018-06-15,2018-06-18,9,1,"at, available, bugatti, specifications, hire, learn, bugpictures, videos, it, car"
2018-06-15,2018-06-18,20,1,"jessica, maomaoarmy, url, lovej418, cr, 170214, airport, 170209, red, hong"
2018-06-15,2018-06-18,46,1,"user, tell, going, whereverververververververververververververververververver, do, you, btsarmy, bestfanarmy, iheartawards, url"
2018-06-15,2018-06-18,108,1,"bless, you, god, url, wick, it, amp, follow, over, good"
2018-06-15,2018-06-18,118,1,"waited, carrying, nine, months, babies, belly, baby, woman, daughters, cut"
2018-06-15,2018-06-18,120,1,"angel, look, face, body, nasty, six, alone, imagined, four, never"
2018-06-18,2018-06-21,0,88,"user, url, you, love, good, going, follow, new, me, go"
2018-06-18,2018-06-21,18,19,"rp, openfollow, retweet, help, jfb, juseyo, pa, helps, open, thank"
2018-06-18,2018-06-21,65,15,"nooooooooooooo, gained, 3oo, lose, that, followed, followers, user, nooooooooooooooo, 1990"
2018-06-18,2018-06-21,59,12,"3oo, lose, that, followed, noooooooooooo, followers, nooooooooooooo, nooooooooooo, user, nooooooooooooooo"
2018-06-18,2018-06-21,133,12,"know, throughout, roundteam, save, engaged, rapist, keep, great, also, followers"
2018-06-18,2018-06-21,5,10,"yeah, that, url, whats, amp, heck, tshirts, doll, charity, advantages"
2018-06-18,2018-06-21,26,8,"matter, whats, you, hope555, oshund, ohjustbecause, nutshell, plzz, deeper, annoying"
2018-06-18,2018-06-21,13,6,"hey, hello, username, follows, case, users, provided, crises, finds, information"
2018-06-18,2018-06-21,56,6,"on, whats, going, man, here, blackhaired, fang, cass, hells, 11000"
2018-06-18,2018-06-21,104,6,"chance, increase, followers, closeup, something, reader, tell, directory, going, tweets"
2018-06-18,2018-06-21,132,5,"game, doing, games, user, v8pk5, site, online, shaneul, adult, disgrace"
2018-06-18,2018-06-21,31,4,"gang, exo, baekhyun, sehun, soft, big, chanyeol, url, exolar, shanyol"
2018-06-18,2018-06-21,103,4,"mag, al, connacht, franoise, jazeera, ahmadi, mubarak, profile, kuwait, around"
2018-06-18,2018-06-21,14,3,"playwright, win, philon, katic, stana, castle, collected, coins, crime, gold"
2018-06-18,2018-06-21,22,3,"about, talking, hey, fuck, know"
2018-06-18,2018-06-21,49,3,"btsarmy, bestfanarmy, user, yoongi, iheartawards, bts, army, url, jhope, best"
2018-06-18,2018-06-21,58,3,"helps, obg, promotion, link, please, win, url, user, right, carolinapedrosa"
2018-06-18,2018-06-21,2,2,"commonly, terms, conditions, list, used, following, excuse, bot, hurt, run"
2018-06-18,2018-06-21,10,2,"something, tell, detects, going, delicate, situations, accident, buy, url, insurance"
2018-06-18,2018-06-21,50,2,"got7, eyesonyou, godseven, lookgot7, youngjae, mark, url, jb, lteyes, yougt"
2018-06-18,2018-06-21,109,2,"account, tastedeservesfollowing, luxurious, special, ff, member, states, requirements, regulation, take"
2018-06-18,2018-06-21,6,1,"european, states, rural, affairs, member, committee, plants, food, manufacturer, council"
2018-06-18,2018-06-21,27,1,"guo, wen, china, chinese, guos, united, states, news, weiwei, lies"
2018-06-18,2018-06-21,28,1,"adnfestival2017, url, thank, adn, love, congratulations, all, you, happy, adnfest2017"
2018-06-18,2018-06-21,70,1,"dogs, lost, dog, cats, usa, il, missing, home, found, shelter"
2018-06-18,2018-06-21,74,1,"use, it, going, tracking, download, able, bores, user, happy, forth"
2018-06-18,2018-06-21,76,1,"que, eu, em, amor, de, nao, pra, vc, linda, kkkkkkkkkkkkkkkkkkkk"
2018-06-18,2018-06-21,77,1,"india, delhi, indiajobsearch, punjab, jobs, chandigarh, pradesh, uttar, mba, indiaj"
2018-06-18,2018-06-21,87,1,"are, men, 10, world, beautiful, appropriate, girls, signs, kissing, check"
2018-06-18,2018-06-21,108,1,"bless, you, god, url, wick, it, amp, follow, over, good"
2018-06-18,2018-06-21,117,1,"invoke, devil, charlie, him, framing, alleged, champion, leaks, bbb, 15"
2018-06-18,2018-06-21,125,1,"womans, reaction, husband, took, showing, photo, everyone, amazing, reactions, bonder"
2018-06-18,2018-06-21,135,1,"joined, tinychat, chat, video, menfessterror, content, engaged, followers, share, 68"
2018-06-21,2018-06-24,0,46,"user, url, you, love, good, going, follow, new, me, go"
2018-06-21,2018-06-24,18,17,"rp, openfollow, retweet, help, jfb, juseyo, pa, helps, open, thank"
2018-06-21,2018-06-24,59,13,"3oo, lose, that, followed, noooooooooooo, followers, nooooooooooooo, nooooooooooo, user, nooooooooooooooo"
2018-06-21,2018-06-24,5,11,"yeah, that, url, whats, amp, heck, tshirts, doll, charity, advantages"
2018-06-21,2018-06-24,65,8,"nooooooooooooo, gained, 3oo, lose, that, followed, followers, user, nooooooooooooooo, 1990"
2018-06-21,2018-06-24,133,7,"know, throughout, roundteam, save, engaged, rapist, keep, great, also, followers"
2018-06-21,2018-06-24,10,4,"something, tell, detects, going, delicate, situations, accident, buy, url, insurance"
2018-06-21,2018-06-24,26,4,"matter, whats, you, hope555, oshund, ohjustbecause, nutshell, plzz, deeper, annoying"
2018-06-21,2018-06-24,13,2,"hey, hello, username, follows, case, users, provided, crises, finds, information"
2018-06-21,2018-06-24,76,2,"que, eu, em, amor, de, nao, pra, vc, linda, kkkkkkkkkkkkkkkkkkkk"
2018-06-21,2018-06-24,104,2,"chance, increase, followers, closeup, something, reader, tell, directory, going, tweets"
2018-06-21,2018-06-24,2,1,"commonly, terms, conditions, list, used, following, excuse, bot, hurt, run"
2018-06-21,2018-06-24,3,1,"no, 90sbabyfollowtrain, follow, teamfollowback, jfb, lovatics, sougofollow, retweet, instantfollow, autofollow"
2018-06-21,2018-06-24,6,1,"european, states, rural, affairs, member, committee, plants, food, manufacturer, council"
2018-06-21,2018-06-24,22,1,"about, talking, hey, fuck, know"
2018-06-21,2018-06-24,49,1,"btsarmy, bestfanarmy, user, yoongi, iheartawards, bts, army, url, jhope, best"
2018-06-21,2018-06-24,52,1,"dafbama2018blackpink, blackpink, dafbama2018, black, vote, pink, user, retweet, tweet, rose"
2018-06-21,2018-06-24,56,1,"on, whats, going, man, here, blackhaired, fang, cass, hells, 11000"
2018-06-21,2018-06-24,61,1,"donated, user, donations, noooossa, something, retweetd, donation, types, mt, perfectly"
2018-06-21,2018-06-24,103,1,"mag, al, connacht, franoise, jazeera, ahmadi, mubarak, profile, kuwait, around"
2018-06-21,2018-06-24,109,1,"account, tastedeservesfollowing, luxurious, special, ff, member, states, requirements, regulation, take"
2018-06-21,2018-06-24,132,1,"game, doing, games, user, v8pk5, site, online, shaneul, adult, disgrace"
2018-06-24,2018-06-27,0,78,"user, url, you, love, good, going, follow, new, me, go"
2018-06-24,2018-06-27,5,22,"yeah, that, url, whats, amp, heck, tshirts, doll, charity, advantages"
2018-06-24,2018-06-27,73,14,"100factsaboutme, 100, facts, factsabout, hate, 100factsabout, factsaboutme, never, me, love"
2018-06-24,2018-06-27,18,10,"rp, openfollow, retweet, help, jfb, juseyo, pa, helps, open, thank"
2018-06-24,2018-06-27,59,6,"3oo, lose, that, followed, noooooooooooo, followers, nooooooooooooo, nooooooooooo, user, nooooooooooooooo"
2018-06-24,2018-06-27,65,6,"nooooooooooooo, gained, 3oo, lose, that, followed, followers, user, nooooooooooooooo, 1990"
2018-06-24,2018-06-27,132,5,"game, doing, games, user, v8pk5, site, online, shaneul, adult, disgrace"
2018-06-24,2018-06-27,26,4,"matter, whats, you, hope555, oshund, ohjustbecause, nutshell, plzz, deeper, annoying"
2018-06-24,2018-06-27,103,4,"mag, al, connacht, franoise, jazeera, ahmadi, mubarak, profile, kuwait, around"
2018-06-24,2018-06-27,10,3,"something, tell, detects, going, delicate, situations, accident, buy, url, insurance"
2018-06-24,2018-06-27,13,3,"hey, hello, username, follows, case, users, provided, crises, finds, information"
2018-06-24,2018-06-27,49,3,"btsarmy, bestfanarmy, user, yoongi, iheartawards, bts, army, url, jhope, best"
2018-06-24,2018-06-27,52,3,"dafbama2018blackpink, blackpink, dafbama2018, black, vote, pink, user, retweet, tweet, rose"
2018-06-24,2018-06-27,133,3,"know, throughout, roundteam, save, engaged, rapist, keep, great, also, followers"
2018-06-24,2018-06-27,14,2,"playwright, win, philon, katic, stana, castle, collected, coins, crime, gold"
2018-06-24,2018-06-27,20,2,"jessica, maomaoarmy, url, lovej418, cr, 170214, airport, 170209, red, hong"
2018-06-24,2018-06-27,22,2,"about, talking, hey, fuck, know"
2018-06-24,2018-06-27,56,2,"on, whats, going, man, here, blackhaired, fang, cass, hells, 11000"
2018-06-24,2018-06-27,76,2,"que, eu, em, amor, de, nao, pra, vc, linda, kkkkkkkkkkkkkkkkkkkk"
2018-06-24,2018-06-27,136,2,"mfterror, confessterror, menfessterror, terror, manfessterror, url, cave, miss, fr, rp"
2018-06-24,2018-06-27,2,1,"commonly, terms, conditions, list, used, following, excuse, bot, hurt, run"
2018-06-24,2018-06-27,4,1,"twentieth, publication, journal, force, enter, official, union, shall, regulation, european"
2018-06-24,2018-06-27,6,1,"european, states, rural, affairs, member, committee, plants, food, manufacturer, council"
2018-06-24,2018-06-27,19,1,"quiz, participating, thank, winning, many, possible, new, chances, application, luck"
2018-06-24,2018-06-27,31,1,"gang, exo, baekhyun, sehun, soft, big, chanyeol, url, exolar, shanyol"
2018-06-24,2018-06-27,50,1,"got7, eyesonyou, godseven, lookgot7, youngjae, mark, url, jb, lteyes, yougt"
2018-06-24,2018-06-27,71,1,"website, twitters, unavailable, temporarily, violates, policy, media, account, publication, contents"
2018-06-24,2018-06-27,74,1,"use, it, going, tracking, download, able, bores, user, happy, forth"
2018-06-24,2018-06-27,87,1,"are, men, 10, world, beautiful, appropriate, girls, signs, kissing, check"
2018-06-24,2018-06-27,109,1,"account, tastedeservesfollowing, luxurious, special, ff, member, states, requirements, regulation, take"
2018-06-24,2018-06-27,114,1,"remember, agata, avenida, brazilian, become, grabriele, julia, humiliated, her, happened"
2018-06-27,2018-06-30,0,29,"user, url, you, love, good, going, follow, new, me, go"
2018-06-27,2018-06-30,5,6,"yeah, that, url, whats, amp, heck, tshirts, doll, charity, advantages"
2018-06-27,2018-06-30,18,6,"rp, openfollow, retweet, help, jfb, juseyo, pa, helps, open, thank"
2018-06-27,2018-06-30,103,4,"mag, al, connacht, franoise, jazeera, ahmadi, mubarak, profile, kuwait, around"
2018-06-27,2018-06-30,65,3,"nooooooooooooo, gained, 3oo, lose, that, followed, followers, user, nooooooooooooooo, 1990"
2018-06-27,2018-06-30,2,2,"commonly, terms, conditions, list, used, following, excuse, bot, hurt, run"
2018-06-27,2018-06-30,6,2,"european, states, rural, affairs, member, committee, plants, food, manufacturer, council"
2018-06-27,2018-06-30,104,2,"chance, increase, followers, closeup, something, reader, tell, directory, going, tweets"
2018-06-27,2018-06-30,133,2,"know, throughout, roundteam, save, engaged, rapist, keep, great, also, followers"
2018-06-27,2018-06-30,4,1,"twentieth, publication, journal, force, enter, official, union, shall, regulation, european"
2018-06-27,2018-06-30,10,1,"something, tell, detects, going, delicate, situations, accident, buy, url, insurance"
2018-06-27,2018-06-30,13,1,"hey, hello, username, follows, case, users, provided, crises, finds, information"
2018-06-27,2018-06-30,14,1,"playwright, win, philon, katic, stana, castle, collected, coins, crime, gold"
2018-06-27,2018-06-30,26,1,"matter, whats, you, hope555, oshund, ohjustbecause, nutshell, plzz, deeper, annoying"
2018-06-27,2018-06-30,52,1,"dafbama2018blackpink, blackpink, dafbama2018, black, vote, pink, user, retweet, tweet, rose"
2018-06-27,2018-06-30,56,1,"on, whats, going, man, here, blackhaired, fang, cass, hells, 11000"
2018-06-27,2018-06-30,59,1,"3oo, lose, that, followed, noooooooooooo, followers, nooooooooooooo, nooooooooooo, user, nooooooooooooooo"
2018-06-27,2018-06-30,71,1,"website, twitters, unavailable, temporarily, violates, policy, media, account, publication, contents"
2018-06-27,2018-06-30,74,1,"use, it, going, tracking, download, able, bores, user, happy, forth"
2018-06-27,2018-06-30,76,1,"que, eu, em, amor, de, nao, pra, vc, linda, kkkkkkkkkkkkkkkkkkkk"
2018-06-27,2018-06-30,98,1,"arm, is, mark, little, find, shy, nice, creedo, sausage, sucks"
2018-06-27,2018-06-30,107,1,"league, messi, turin, fiorentina, inter, milan, barcelona, rome, english, madrid"
2018-06-27,2018-06-30,108,1,"bless, you, god, url, wick, it, amp, follow, over, good"
2018-06-27,2018-06-30,112,1,"clans, clash, resources, unlimited, village, gets, user, adoptive, tortured, lucia"
2018-06-27,2018-06-30,134,1,"itsfoodporn, food, porn, chocolate, cheese, cream, foodporn, cake, url, ice"
2018-06-30,2018-07-03,0,106,"user, url, you, love, good, going, follow, new, me, go"
2018-06-30,2018-07-03,18,11,"rp, openfollow, retweet, help, jfb, juseyo, pa, helps, open, thank"
2018-06-30,2018-07-03,5,10,"yeah, that, url, whats, amp, heck, tshirts, doll, charity, advantages"
2018-06-30,2018-07-03,103,10,"mag, al, connacht, franoise, jazeera, ahmadi, mubarak, profile, kuwait, around"
2018-06-30,2018-07-03,65,7,"nooooooooooooo, gained, 3oo, lose, that, followed, followers, user, nooooooooooooooo, 1990"
2018-06-30,2018-07-03,59,6,"3oo, lose, that, followed, noooooooooooo, followers, nooooooooooooo, nooooooooooo, user, nooooooooooooooo"
2018-06-30,2018-07-03,133,6,"know, throughout, roundteam, save, engaged, rapist, keep, great, also, followers"
2018-06-30,2018-07-03,132,5,"game, doing, games, user, v8pk5, site, online, shaneul, adult, disgrace"
2018-06-30,2018-07-03,2,4,"commonly, terms, conditions, list, used, following, excuse, bot, hurt, run"
2018-06-30,2018-07-03,26,4,"matter, whats, you, hope555, oshund, ohjustbecause, nutshell, plzz, deeper, annoying"
2018-06-30,2018-07-03,104,4,"chance, increase, followers, closeup, something, reader, tell, directory, going, tweets"
2018-06-30,2018-07-03,6,3,"european, states, rural, affairs, member, committee, plants, food, manufacturer, council"
2018-06-30,2018-07-03,50,3,"got7, eyesonyou, godseven, lookgot7, youngjae, mark, url, jb, lteyes, yougt"
2018-06-30,2018-07-03,56,3,"on, whats, going, man, here, blackhaired, fang, cass, hells, 11000"
2018-06-30,2018-07-03,10,2,"something, tell, detects, going, delicate, situations, accident, buy, url, insurance"
2018-06-30,2018-07-03,13,2,"hey, hello, username, follows, case, users, provided, crises, finds, information"
2018-06-30,2018-07-03,31,2,"gang, exo, baekhyun, sehun, soft, big, chanyeol, url, exolar, shanyol"
2018-06-30,2018-07-03,52,2,"dafbama2018blackpink, blackpink, dafbama2018, black, vote, pink, user, retweet, tweet, rose"
2018-06-30,2018-07-03,4,1,"twentieth, publication, journal, force, enter, official, union, shall, regulation, european"
2018-06-30,2018-07-03,12,1,"purposes, item, intended, used, regulation, replacement, tips, hiring, insurance, rep"
2018-06-30,2018-07-03,22,1,"about, talking, hey, fuck, know"
2018-06-30,2018-07-03,27,1,"guo, wen, china, chinese, guos, united, states, news, weiwei, lies"
2018-06-30,2018-07-03,28,1,"adnfestival2017, url, thank, adn, love, congratulations, all, you, happy, adnfest2017"
2018-06-30,2018-07-03,32,1,"listings, garden, light, japanese, flower, stunning, show, allison, mustsee, janney"
2018-06-30,2018-07-03,46,1,"user, tell, going, whereverververververververververververververververververver, do, you, btsarmy, bestfanarmy, iheartawards, url"
2018-06-30,2018-07-03,57,1,"satuindonesia, srudukfollowback, hotnews, euro2012, share, android, google, retweet, teamfollowback, url"
2018-06-30,2018-07-03,74,1,"use, it, going, tracking, download, able, bores, user, happy, forth"
2018-06-30,2018-07-03,75,1,"tracking, download, user, follow, url, enormous, indicationmt, commenting, favor, ft"
2018-06-30,2018-07-03,87,1,"are, men, 10, world, beautiful, appropriate, girls, signs, kissing, check"
2018-06-30,2018-07-03,109,1,"account, tastedeservesfollowing, luxurious, special, ff, member, states, requirements, regulation, take"
2018-06-30,2018-07-03,114,1,"remember, agata, avenida, brazilian, become, grabriele, julia, humiliated, her, happened"
2018-06-30,2018-07-03,115,1,"appeared, turned, clear, brown, grew, beautiful, out, showed, up, got"
2018-06-30,2018-07-03,117,1,"invoke, devil, charlie, him, framing, alleged, champion, leaks, bbb, 15"
2018-06-30,2018-07-03,118,1,"waited, carrying, nine, months, babies, belly, baby, woman, daughters, cut"
2018-06-30,2018-07-03,134,1,"itsfoodporn, food, porn, chocolate, cheese, cream, foodporn, cake, url, ice"
2018-07-03,2018-07-06,0,40,"user, url, you, love, good, going, follow, new, me, go"
2018-07-03,2018-07-06,18,14,"rp, openfollow, retweet, help, jfb, juseyo, pa, helps, open, thank"
2018-07-03,2018-07-06,59,10,"3oo, lose, that, followed, noooooooooooo, followers, nooooooooooooo, nooooooooooo, user, nooooooooooooooo"
2018-07-03,2018-07-06,56,5,"on, whats, going, man, here, blackhaired, fang, cass, hells, 11000"
2018-07-03,2018-07-06,65,5,"nooooooooooooo, gained, 3oo, lose, that, followed, followers, user, nooooooooooooooo, 1990"
2018-07-03,2018-07-06,13,4,"hey, hello, username, follows, case, users, provided, crises, finds, information"
2018-07-03,2018-07-06,26,4,"matter, whats, you, hope555, oshund, ohjustbecause, nutshell, plzz, deeper, annoying"
2018-07-03,2018-07-06,3,3,"no, 90sbabyfollowtrain, follow, teamfollowback, jfb, lovatics, sougofollow, retweet, instantfollow, autofollow"
2018-07-03,2018-07-06,5,3,"yeah, that, url, whats, amp, heck, tshirts, doll, charity, advantages"
2018-07-03,2018-07-06,49,3,"btsarmy, bestfanarmy, user, yoongi, iheartawards, bts, army, url, jhope, best"
2018-07-03,2018-07-06,132,3,"game, doing, games, user, v8pk5, site, online, shaneul, adult, disgrace"
2018-07-03,2018-07-06,133,3,"know, throughout, roundteam, save, engaged, rapist, keep, great, also, followers"
2018-07-03,2018-07-06,10,2,"something, tell, detects, going, delicate, situations, accident, buy, url, insurance"
2018-07-03,2018-07-06,31,2,"gang, exo, baekhyun, sehun, soft, big, chanyeol, url, exolar, shanyol"
2018-07-03,2018-07-06,104,2,"chance, increase, followers, closeup, something, reader, tell, directory, going, tweets"
2018-07-03,2018-07-06,4,1,"twentieth, publication, journal, force, enter, official, union, shall, regulation, european"
2018-07-03,2018-07-06,14,1,"playwright, win, philon, katic, stana, castle, collected, coins, crime, gold"
2018-07-03,2018-07-06,22,1,"about, talking, hey, fuck, know"
2018-07-03,2018-07-06,29,1,"goo, adnfestival2017, aldubsweetkiss, alden, maine, url, gee, sense, user, aldubxebloveis"
2018-07-03,2018-07-06,50,1,"got7, eyesonyou, godseven, lookgot7, youngjae, mark, url, jb, lteyes, yougt"
2018-07-03,2018-07-06,73,1,"100factsaboutme, 100, facts, factsabout, hate, 100factsabout, factsaboutme, never, me, love"
2018-07-03,2018-07-06,109,1,"account, tastedeservesfollowing, luxurious, special, ff, member, states, requirements, regulation, take"
2018-07-03,2018-07-06,120,1,"angel, look, face, body, nasty, six, alone, imagined, four, never"
2018-07-03,2018-07-06,130,1,"ganesh, ji, ganeshchaturthi, shri, sant, aadiganesha, pm, asaram, chaturthi, sadhana"
2018-07-06,2018-07-09,0,19,"user, url, you, love, good, going, follow, new, me, go"
2018-07-06,2018-07-09,5,4,"yeah, that, url, whats, amp, heck, tshirts, doll, charity, advantages"
2018-07-06,2018-07-09,133,3,"know, throughout, roundteam, save, engaged, rapist, keep, great, also, followers"
2018-07-06,2018-07-09,13,2,"hey, hello, username, follows, case, users, provided, crises, finds, information"
2018-07-06,2018-07-09,26,2,"matter, whats, you, hope555, oshund, ohjustbecause, nutshell, plzz, deeper, annoying"
2018-07-06,2018-07-09,59,2,"3oo, lose, that, followed, noooooooooooo, followers, nooooooooooooo, nooooooooooo, user, nooooooooooooooo"
2018-07-06,2018-07-09,65,2,"nooooooooooooo, gained, 3oo, lose, that, followed, followers, user, nooooooooooooooo, 1990"
2018-07-06,2018-07-09,103,2,"mag, al, connacht, franoise, jazeera, ahmadi, mubarak, profile, kuwait, around"
2018-07-06,2018-07-09,10,1,"something, tell, detects, going, delicate, situations, accident, buy, url, insurance"
2018-07-06,2018-07-09,18,1,"rp, openfollow, retweet, help, jfb, juseyo, pa, helps, open, thank"
2018-07-06,2018-07-09,22,1,"about, talking, hey, fuck, know"
2018-07-06,2018-07-09,50,1,"got7, eyesonyou, godseven, lookgot7, youngjae, mark, url, jb, lteyes, yougt"
2018-07-06,2018-07-09,68,1,"iranian, saudi, arabia, iran, israel, gaza, narrator, muslims, syria, israeli"
2018-07-06,2018-07-09,74,1,"use, it, going, tracking, download, able, bores, user, happy, forth"
2018-07-06,2018-07-09,132,1,"game, doing, games, user, v8pk5, site, online, shaneul, adult, disgrace"
2018-07-06,2018-07-09,134,1,"itsfoodporn, food, porn, chocolate, cheese, cream, foodporn, cake, url, ice"
2018-07-09,2018-07-12,0,66,"user, url, you, love, good, going, follow, new, me, go"
2018-07-09,2018-07-12,18,22,"rp, openfollow, retweet, help, jfb, juseyo, pa, helps, open, thank"
2018-07-09,2018-07-12,65,17,"nooooooooooooo, gained, 3oo, lose, that, followed, followers, user, nooooooooooooooo, 1990"
2018-07-09,2018-07-12,50,11,"got7, eyesonyou, godseven, lookgot7, youngjae, mark, url, jb, lteyes, yougt"
2018-07-09,2018-07-12,104,10,"chance, increase, followers, closeup, something, reader, tell, directory, going, tweets"
2018-07-09,2018-07-12,132,7,"game, doing, games, user, v8pk5, site, online, shaneul, adult, disgrace"
2018-07-09,2018-07-12,10,5,"something, tell, detects, going, delicate, situations, accident, buy, url, insurance"
2018-07-09,2018-07-12,20,4,"jessica, maomaoarmy, url, lovej418, cr, 170214, airport, 170209, red, hong"
2018-07-09,2018-07-12,59,4,"3oo, lose, that, followed, noooooooooooo, followers, nooooooooooooo, nooooooooooo, user, nooooooooooooooo"
2018-07-09,2018-07-12,5,3,"yeah, that, url, whats, amp, heck, tshirts, doll, charity, advantages"
2018-07-09,2018-07-12,103,3,"mag, al, connacht, franoise, jazeera, ahmadi, mubarak, profile, kuwait, around"
2018-07-09,2018-07-12,3,2,"no, 90sbabyfollowtrain, follow, teamfollowback, jfb, lovatics, sougofollow, retweet, instantfollow, autofollow"
2018-07-09,2018-07-12,24,2,"number, complaint, used, sorry, inconvenience, regarding, signal, pulse, checking, correct"
2018-07-09,2018-07-12,26,2,"matter, whats, you, hope555, oshund, ohjustbecause, nutshell, plzz, deeper, annoying"
2018-07-09,2018-07-12,32,2,"listings, garden, light, japanese, flower, stunning, show, allison, mustsee, janney"
2018-07-09,2018-07-12,120,2,"angel, look, face, body, nasty, six, alone, imagined, four, never"
2018-07-09,2018-07-12,133,2,"know, throughout, roundteam, save, engaged, rapist, keep, great, also, followers"
2018-07-09,2018-07-12,6,1,"european, states, rural, affairs, member, committee, plants, food, manufacturer, council"
2018-07-09,2018-07-12,19,1,"quiz, participating, thank, winning, many, possible, new, chances, application, luck"
2018-07-09,2018-07-12,28,1,"adnfestival2017, url, thank, adn, love, congratulations, all, you, happy, adnfest2017"
2018-07-09,2018-07-12,31,1,"gang, exo, baekhyun, sehun, soft, big, chanyeol, url, exolar, shanyol"
2018-07-09,2018-07-12,47,1,"138060, poll, 11519348619, 11519348325, 11519347733, 11519340264, 11519340142, 11519339559, 11519338747, 11519336978"
2018-07-09,2018-07-12,49,1,"btsarmy, bestfanarmy, user, yoongi, iheartawards, bts, army, url, jhope, best"
2018-07-09,2018-07-12,56,1,"on, whats, going, man, here, blackhaired, fang, cass, hells, 11000"
2018-07-09,2018-07-12,58,1,"helps, obg, promotion, link, please, win, url, user, right, carolinapedrosa"
2018-07-09,2018-07-12,61,1,"donated, user, donations, noooossa, something, retweetd, donation, types, mt, perfectly"
2018-07-09,2018-07-12,76,1,"que, eu, em, amor, de, nao, pra, vc, linda, kkkkkkkkkkkkkkkkkkkk"
2018-07-09,2018-07-12,77,1,"india, delhi, indiajobsearch, punjab, jobs, chandigarh, pradesh, uttar, mba, indiaj"
2018-07-09,2018-07-12,88,1,"pregnancy, pregnant, talita, rafael, bbb, see, url, confirmed, fat, bed"
2018-07-09,2018-07-12,102,1,"nicoflowproductions, sor, subscribe, share, support, amp, following, url, user, member"
2018-07-09,2018-07-12,109,1,"account, tastedeservesfollowing, luxurious, special, ff, member, states, requirements, regulation, take"
2018-07-12,2018-07-15,0,89,"user, url, you, love, good, going, follow, new, me, go"
2018-07-12,2018-07-15,50,49,"got7, eyesonyou, godseven, lookgot7, youngjae, mark, url, jb, lteyes, yougt"
2018-07-12,2018-07-15,18,23,"rp, openfollow, retweet, help, jfb, juseyo, pa, helps, open, thank"
2018-07-12,2018-07-15,5,9,"yeah, that, url, whats, amp, heck, tshirts, doll, charity, advantages"
2018-07-12,2018-07-15,31,9,"gang, exo, baekhyun, sehun, soft, big, chanyeol, url, exolar, shanyol"
2018-07-12,2018-07-15,20,8,"jessica, maomaoarmy, url, lovej418, cr, 170214, airport, 170209, red, hong"
2018-07-12,2018-07-15,65,8,"nooooooooooooo, gained, 3oo, lose, that, followed, followers, user, nooooooooooooooo, 1990"
2018-07-12,2018-07-15,133,6,"know, throughout, roundteam, save, engaged, rapist, keep, great, also, followers"
2018-07-12,2018-07-15,10,5,"something, tell, detects, going, delicate, situations, accident, buy, url, insurance"
2018-07-12,2018-07-15,59,5,"3oo, lose, that, followed, noooooooooooo, followers, nooooooooooooo, nooooooooooo, user, nooooooooooooooo"
2018-07-12,2018-07-15,104,5,"chance, increase, followers, closeup, something, reader, tell, directory, going, tweets"
2018-07-12,2018-07-15,132,5,"game, doing, games, user, v8pk5, site, online, shaneul, adult, disgrace"
2018-07-12,2018-07-15,13,4,"hey, hello, username, follows, case, users, provided, crises, finds, information"
2018-07-12,2018-07-15,103,4,"mag, al, connacht, franoise, jazeera, ahmadi, mubarak, profile, kuwait, around"
2018-07-12,2018-07-15,56,3,"on, whats, going, man, here, blackhaired, fang, cass, hells, 11000"
2018-07-12,2018-07-15,76,3,"que, eu, em, amor, de, nao, pra, vc, linda, kkkkkkkkkkkkkkkkkkkk"
2018-07-12,2018-07-15,3,2,"no, 90sbabyfollowtrain, follow, teamfollowback, jfb, lovatics, sougofollow, retweet, instantfollow, autofollow"
2018-07-12,2018-07-15,4,2,"twentieth, publication, journal, force, enter, official, union, shall, regulation, european"
2018-07-12,2018-07-15,14,2,"playwright, win, philon, katic, stana, castle, collected, coins, crime, gold"
2018-07-12,2018-07-15,26,2,"matter, whats, you, hope555, oshund, ohjustbecause, nutshell, plzz, deeper, annoying"
2018-07-12,2018-07-15,108,2,"bless, you, god, url, wick, it, amp, follow, over, good"
2018-07-12,2018-07-15,12,1,"purposes, item, intended, used, regulation, replacement, tips, hiring, insurance, rep"
2018-07-12,2018-07-15,22,1,"about, talking, hey, fuck, know"
2018-07-12,2018-07-15,32,1,"listings, garden, light, japanese, flower, stunning, show, allison, mustsee, janney"
2018-07-12,2018-07-15,33,1,"cnco, bestboyband, iheartawards, hundred, ahre, joel, us, runnerup, supports, rich"
2018-07-12,2018-07-15,34,1,"m25, road, clockwise, southbound, works, congestion, direction, north, uktraffic, m1"
2018-07-12,2018-07-15,49,1,"btsarmy, bestfanarmy, user, yoongi, iheartawards, bts, army, url, jhope, best"
2018-07-12,2018-07-15,61,1,"donated, user, donations, noooossa, something, retweetd, donation, types, mt, perfectly"
2018-07-12,2018-07-15,78,1,"sales, prices, housing, home, fall, rise, january, house, falling, fell"
2018-07-12,2018-07-15,102,1,"nicoflowproductions, sor, subscribe, share, support, amp, following, url, user, member"
2018-07-12,2018-07-15,111,1,"bring, going, now, challenge, right, try, voucher, presale, enjoy, eat"
2018-07-12,2018-07-15,118,1,"waited, carrying, nine, months, babies, belly, baby, woman, daughters, cut"
2018-07-12,2018-07-15,120,1,"angel, look, face, body, nasty, six, alone, imagined, four, never"
2018-07-12,2018-07-15,125,1,"womans, reaction, husband, took, showing, photo, everyone, amazing, reactions, bonder"
2018-07-12,2018-07-15,136,1,"mfterror, confessterror, menfessterror, terror, manfessterror, url, cave, miss, fr, rp"
2018-07-15,2018-07-18,0,34,"user, url, you, love, good, going, follow, new, me, go"
2018-07-15,2018-07-18,50,11,"got7, eyesonyou, godseven, lookgot7, youngjae, mark, url, jb, lteyes, yougt"
2018-07-15,2018-07-18,5,9,"yeah, that, url, whats, amp, heck, tshirts, doll, charity, advantages"
2018-07-15,2018-07-18,18,5,"rp, openfollow, retweet, help, jfb, juseyo, pa, helps, open, thank"
2018-07-15,2018-07-18,104,5,"chance, increase, followers, closeup, something, reader, tell, directory, going, tweets"
2018-07-15,2018-07-18,31,4,"gang, exo, baekhyun, sehun, soft, big, chanyeol, url, exolar, shanyol"
2018-07-15,2018-07-18,65,4,"nooooooooooooo, gained, 3oo, lose, that, followed, followers, user, nooooooooooooooo, 1990"
2018-07-15,2018-07-18,6,3,"european, states, rural, affairs, member, committee, plants, food, manufacturer, council"
2018-07-15,2018-07-18,56,3,"on, whats, going, man, here, blackhaired, fang, cass, hells, 11000"
2018-07-15,2018-07-18,103,3,"mag, al, connacht, franoise, jazeera, ahmadi, mubarak, profile, kuwait, around"
2018-07-15,2018-07-18,13,2,"hey, hello, username, follows, case, users, provided, crises, finds, information"
2018-07-15,2018-07-18,22,2,"about, talking, hey, fuck, know"
2018-07-15,2018-07-18,59,2,"3oo, lose, that, followed, noooooooooooo, followers, nooooooooooooo, nooooooooooo, user, nooooooooooooooo"
2018-07-15,2018-07-18,133,2,"know, throughout, roundteam, save, engaged, rapist, keep, great, also, followers"
2018-07-15,2018-07-18,2,1,"commonly, terms, conditions, list, used, following, excuse, bot, hurt, run"
2018-07-15,2018-07-18,3,1,"no, 90sbabyfollowtrain, follow, teamfollowback, jfb, lovatics, sougofollow, retweet, instantfollow, autofollow"
2018-07-15,2018-07-18,4,1,"twentieth, publication, journal, force, enter, official, union, shall, regulation, european"
2018-07-15,2018-07-18,10,1,"something, tell, detects, going, delicate, situations, accident, buy, url, insurance"
2018-07-15,2018-07-18,14,1,"playwright, win, philon, katic, stana, castle, collected, coins, crime, gold"
2018-07-15,2018-07-18,26,1,"matter, whats, you, hope555, oshund, ohjustbecause, nutshell, plzz, deeper, annoying"
2018-07-15,2018-07-18,54,1,"birthday, congratulations, happy, seventhday, adventist, seventeen, 20th, much, grow, thank"
2018-07-15,2018-07-18,61,1,"donated, user, donations, noooossa, something, retweetd, donation, types, mt, perfectly"
2018-07-15,2018-07-18,71,1,"website, twitters, unavailable, temporarily, violates, policy, media, account, publication, contents"
2018-07-15,2018-07-18,76,1,"que, eu, em, amor, de, nao, pra, vc, linda, kkkkkkkkkkkkkkkkkkkk"
2018-07-15,2018-07-18,109,1,"account, tastedeservesfollowing, luxurious, special, ff, member, states, requirements, regulation, take"
2018-07-15,2018-07-18,110,1,"book, fair, international, kuwait, library, doha, available, publish, avaik, suite"
2018-07-15,2018-07-18,112,1,"clans, clash, resources, unlimited, village, gets, user, adoptive, tortured, lucia"
2018-07-15,2018-07-18,132,1,"game, doing, games, user, v8pk5, site, online, shaneul, adult, disgrace"
2018-07-15,2018-07-18,134,1,"itsfoodporn, food, porn, chocolate, cheese, cream, foodporn, cake, url, ice"
2018-07-21,2018-07-24,0,3,"user, url, you, love, good, going, follow, new, me, go"
2018-07-21,2018-07-24,54,2,"birthday, congratulations, happy, seventhday, adventist, seventeen, 20th, much, grow, thank"
2018-07-21,2018-07-24,6,1,"european, states, rural, affairs, member, committee, plants, food, manufacturer, council"
2018-07-21,2018-07-24,103,1,"mag, al, connacht, franoise, jazeera, ahmadi, mubarak, profile, kuwait, around"
2018-07-24,2018-07-27,0,15,"user, url, you, love, good, going, follow, new, me, go"
2018-07-24,2018-07-27,18,8,"rp, openfollow, retweet, help, jfb, juseyo, pa, helps, open, thank"
2018-07-24,2018-07-27,65,3,"nooooooooooooo, gained, 3oo, lose, that, followed, followers, user, nooooooooooooooo, 1990"
2018-07-24,2018-07-27,104,3,"chance, increase, followers, closeup, something, reader, tell, directory, going, tweets"
2018-07-24,2018-07-27,5,2,"yeah, that, url, whats, amp, heck, tshirts, doll, charity, advantages"
2018-07-24,2018-07-27,59,2,"3oo, lose, that, followed, noooooooooooo, followers, nooooooooooooo, nooooooooooo, user, nooooooooooooooo"
2018-07-24,2018-07-27,133,2,"know, throughout, roundteam, save, engaged, rapist, keep, great, also, followers"
2018-07-24,2018-07-27,2,1,"commonly, terms, conditions, list, used, following, excuse, bot, hurt, run"
2018-07-24,2018-07-27,3,1,"no, 90sbabyfollowtrain, follow, teamfollowback, jfb, lovatics, sougofollow, retweet, instantfollow, autofollow"
2018-07-24,2018-07-27,6,1,"european, states, rural, affairs, member, committee, plants, food, manufacturer, council"
2018-07-24,2018-07-27,22,1,"about, talking, hey, fuck, know"
2018-07-24,2018-07-27,26,1,"matter, whats, you, hope555, oshund, ohjustbecause, nutshell, plzz, deeper, annoying"
2018-07-24,2018-07-27,103,1,"mag, al, connacht, franoise, jazeera, ahmadi, mubarak, profile, kuwait, around"
2018-07-24,2018-07-27,132,1,"game, doing, games, user, v8pk5, site, online, shaneul, adult, disgrace"
2018-07-27,2018-07-30,0,55,"user, url, you, love, good, going, follow, new, me, go"
2018-07-27,2018-07-30,18,23,"rp, openfollow, retweet, help, jfb, juseyo, pa, helps, open, thank"
2018-07-27,2018-07-30,59,6,"3oo, lose, that, followed, noooooooooooo, followers, nooooooooooooo, nooooooooooo, user, nooooooooooooooo"
2018-07-27,2018-07-30,132,6,"game, doing, games, user, v8pk5, site, online, shaneul, adult, disgrace"
2018-07-27,2018-07-30,65,5,"nooooooooooooo, gained, 3oo, lose, that, followed, followers, user, nooooooooooooooo, 1990"
2018-07-27,2018-07-30,26,4,"matter, whats, you, hope555, oshund, ohjustbecause, nutshell, plzz, deeper, annoying"
2018-07-27,2018-07-30,104,4,"chance, increase, followers, closeup, something, reader, tell, directory, going, tweets"
2018-07-27,2018-07-30,5,3,"yeah, that, url, whats, amp, heck, tshirts, doll, charity, advantages"
2018-07-27,2018-07-30,56,2,"on, whats, going, man, here, blackhaired, fang, cass, hells, 11000"
2018-07-27,2018-07-30,103,2,"mag, al, connacht, franoise, jazeera, ahmadi, mubarak, profile, kuwait, around"
2018-07-27,2018-07-30,133,2,"know, throughout, roundteam, save, engaged, rapist, keep, great, also, followers"
2018-07-27,2018-07-30,134,2,"itsfoodporn, food, porn, chocolate, cheese, cream, foodporn, cake, url, ice"
2018-07-27,2018-07-30,4,1,"twentieth, publication, journal, force, enter, official, union, shall, regulation, european"
2018-07-27,2018-07-30,10,1,"something, tell, detects, going, delicate, situations, accident, buy, url, insurance"
2018-07-27,2018-07-30,22,1,"about, talking, hey, fuck, know"
2018-07-27,2018-07-30,31,1,"gang, exo, baekhyun, sehun, soft, big, chanyeol, url, exolar, shanyol"
2018-07-27,2018-07-30,46,1,"user, tell, going, whereverververververververververververververververververver, do, you, btsarmy, bestfanarmy, iheartawards, url"
2018-07-27,2018-07-30,49,1,"btsarmy, bestfanarmy, user, yoongi, iheartawards, bts, army, url, jhope, best"
2018-07-27,2018-07-30,50,1,"got7, eyesonyou, godseven, lookgot7, youngjae, mark, url, jb, lteyes, yougt"
2018-07-27,2018-07-30,54,1,"birthday, congratulations, happy, seventhday, adventist, seventeen, 20th, much, grow, thank"
2018-07-30,2018-08-02,0,20,"user, url, you, love, good, going, follow, new, me, go"
2018-07-30,2018-08-02,5,5,"yeah, that, url, whats, amp, heck, tshirts, doll, charity, advantages"
2018-07-30,2018-08-02,133,3,"know, throughout, roundteam, save, engaged, rapist, keep, great, also, followers"
2018-07-30,2018-08-02,13,2,"hey, hello, username, follows, case, users, provided, crises, finds, information"
2018-07-30,2018-08-02,65,2,"nooooooooooooo, gained, 3oo, lose, that, followed, followers, user, nooooooooooooooo, 1990"
2018-07-30,2018-08-02,134,2,"itsfoodporn, food, porn, chocolate, cheese, cream, foodporn, cake, url, ice"
2018-07-30,2018-08-02,18,1,"rp, openfollow, retweet, help, jfb, juseyo, pa, helps, open, thank"
2018-07-30,2018-08-02,20,1,"jessica, maomaoarmy, url, lovej418, cr, 170214, airport, 170209, red, hong"
2018-07-30,2018-08-02,26,1,"matter, whats, you, hope555, oshund, ohjustbecause, nutshell, plzz, deeper, annoying"
2018-07-30,2018-08-02,59,1,"3oo, lose, that, followed, noooooooooooo, followers, nooooooooooooo, nooooooooooo, user, nooooooooooooooo"
2018-07-30,2018-08-02,74,1,"use, it, going, tracking, download, able, bores, user, happy, forth"
2018-07-30,2018-08-02,76,1,"que, eu, em, amor, de, nao, pra, vc, linda, kkkkkkkkkkkkkkkkkkkk"
2018-07-30,2018-08-02,103,1,"mag, al, connacht, franoise, jazeera, ahmadi, mubarak, profile, kuwait, around"
2018-07-30,2018-08-02,108,1,"bless, you, god, url, wick, it, amp, follow, over, good"
2018-08-02,2018-08-05,0,54,"user, url, you, love, good, going, follow, new, me, go"
2018-08-02,2018-08-05,18,8,"rp, openfollow, retweet, help, jfb, juseyo, pa, helps, open, thank"
2018-08-02,2018-08-05,5,7,"yeah, that, url, whats, amp, heck, tshirts, doll, charity, advantages"
2018-08-02,2018-08-05,59,6,"3oo, lose, that, followed, noooooooooooo, followers, nooooooooooooo, nooooooooooo, user, nooooooooooooooo"
2018-08-02,2018-08-05,65,6,"nooooooooooooo, gained, 3oo, lose, that, followed, followers, user, nooooooooooooooo, 1990"
2018-08-02,2018-08-05,26,5,"matter, whats, you, hope555, oshund, ohjustbecause, nutshell, plzz, deeper, annoying"
2018-08-02,2018-08-05,14,3,"playwright, win, philon, katic, stana, castle, collected, coins, crime, gold"
2018-08-02,2018-08-05,56,3,"on, whats, going, man, here, blackhaired, fang, cass, hells, 11000"
2018-08-02,2018-08-05,31,2,"gang, exo, baekhyun, sehun, soft, big, chanyeol, url, exolar, shanyol"
2018-08-02,2018-08-05,61,2,"donated, user, donations, noooossa, something, retweetd, donation, types, mt, perfectly"
2018-08-02,2018-08-05,104,2,"chance, increase, followers, closeup, something, reader, tell, directory, going, tweets"
2018-08-02,2018-08-05,133,2,"know, throughout, roundteam, save, engaged, rapist, keep, great, also, followers"
2018-08-02,2018-08-05,4,1,"twentieth, publication, journal, force, enter, official, union, shall, regulation, european"
2018-08-02,2018-08-05,6,1,"european, states, rural, affairs, member, committee, plants, food, manufacturer, council"
2018-08-02,2018-08-05,13,1,"hey, hello, username, follows, case, users, provided, crises, finds, information"
2018-08-02,2018-08-05,29,1,"goo, adnfestival2017, aldubsweetkiss, alden, maine, url, gee, sense, user, aldubxebloveis"
2018-08-02,2018-08-05,50,1,"got7, eyesonyou, godseven, lookgot7, youngjae, mark, url, jb, lteyes, yougt"
2018-08-02,2018-08-05,52,1,"dafbama2018blackpink, blackpink, dafbama2018, black, vote, pink, user, retweet, tweet, rose"
2018-08-02,2018-08-05,73,1,"100factsaboutme, 100, facts, factsabout, hate, 100factsabout, factsaboutme, never, me, love"
2018-08-02,2018-08-05,74,1,"use, it, going, tracking, download, able, bores, user, happy, forth"
2018-08-02,2018-08-05,103,1,"mag, al, connacht, franoise, jazeera, ahmadi, mubarak, profile, kuwait, around"
2018-08-02,2018-08-05,132,1,"game, doing, games, user, v8pk5, site, online, shaneul, adult, disgrace"
2018-08-02,2018-08-05,136,1,"mfterror, confessterror, menfessterror, terror, manfessterror, url, cave, miss, fr, rp"
2018-08-05,2018-08-08,0,91,"user, url, you, love, good, going, follow, new, me, go"
2018-08-05,2018-08-08,18,12,"rp, openfollow, retweet, help, jfb, juseyo, pa, helps, open, thank"
2018-08-05,2018-08-08,59,10,"3oo, lose, that, followed, noooooooooooo, followers, nooooooooooooo, nooooooooooo, user, nooooooooooooooo"
2018-08-05,2018-08-08,13,6,"hey, hello, username, follows, case, users, provided, crises, finds, information"
2018-08-05,2018-08-08,103,6,"mag, al, connacht, franoise, jazeera, ahmadi, mubarak, profile, kuwait, around"
2018-08-05,2018-08-08,129,5,"time, reporting, beijing, 2018, full, october, september, sexy, november, tuesday"
2018-08-05,2018-08-08,65,4,"nooooooooooooo, gained, 3oo, lose, that, followed, followers, user, nooooooooooooooo, 1990"
2018-08-05,2018-08-08,104,4,"chance, increase, followers, closeup, something, reader, tell, directory, going, tweets"
2018-08-05,2018-08-08,10,3,"something, tell, detects, going, delicate, situations, accident, buy, url, insurance"
2018-08-05,2018-08-08,26,3,"matter, whats, you, hope555, oshund, ohjustbecause, nutshell, plzz, deeper, annoying"
2018-08-05,2018-08-08,56,3,"on, whats, going, man, here, blackhaired, fang, cass, hells, 11000"
2018-08-05,2018-08-08,132,3,"game, doing, games, user, v8pk5, site, online, shaneul, adult, disgrace"
2018-08-05,2018-08-08,14,2,"playwright, win, philon, katic, stana, castle, collected, coins, crime, gold"
2018-08-05,2018-08-08,22,2,"about, talking, hey, fuck, know"
2018-08-05,2018-08-08,31,2,"gang, exo, baekhyun, sehun, soft, big, chanyeol, url, exolar, shanyol"
2018-08-05,2018-08-08,109,2,"account, tastedeservesfollowing, luxurious, special, ff, member, states, requirements, regulation, take"
2018-08-05,2018-08-08,133,2,"know, throughout, roundteam, save, engaged, rapist, keep, great, also, followers"
2018-08-05,2018-08-08,2,1,"commonly, terms, conditions, list, used, following, excuse, bot, hurt, run"
2018-08-05,2018-08-08,4,1,"twentieth, publication, journal, force, enter, official, union, shall, regulation, european"
2018-08-05,2018-08-08,5,1,"yeah, that, url, whats, amp, heck, tshirts, doll, charity, advantages"
2018-08-05,2018-08-08,6,1,"european, states, rural, affairs, member, committee, plants, food, manufacturer, council"
2018-08-05,2018-08-08,53,1,"game, nba, lebron, finals, playoffs, points, warriors, cavs, james, rockets"
2018-08-05,2018-08-08,75,1,"tracking, download, user, follow, url, enormous, indicationmt, commenting, favor, ft"
2018-08-05,2018-08-08,76,1,"que, eu, em, amor, de, nao, pra, vc, linda, kkkkkkkkkkkkkkkkkkkk"
2018-08-05,2018-08-08,108,1,"bless, you, god, url, wick, it, amp, follow, over, good"
2018-08-05,2018-08-08,112,1,"clans, clash, resources, unlimited, village, gets, user, adoptive, tortured, lucia"
2018-08-05,2018-08-08,120,1,"angel, look, face, body, nasty, six, alone, imagined, four, never"
2018-08-05,2018-08-08,134,1,"itsfoodporn, food, porn, chocolate, cheese, cream, foodporn, cake, url, ice"
2018-08-05,2018-08-08,136,1,"mfterror, confessterror, menfessterror, terror, manfessterror, url, cave, miss, fr, rp"
2018-08-08,2018-08-11,0,54,"user, url, you, love, good, going, follow, new, me, go"
2018-08-08,2018-08-11,18,7,"rp, openfollow, retweet, help, jfb, juseyo, pa, helps, open, thank"
2018-08-08,2018-08-11,5,5,"yeah, that, url, whats, amp, heck, tshirts, doll, charity, advantages"
2018-08-08,2018-08-11,13,3,"hey, hello, username, follows, case, users, provided, crises, finds, information"
2018-08-08,2018-08-11,49,3,"btsarmy, bestfanarmy, user, yoongi, iheartawards, bts, army, url, jhope, best"
2018-08-08,2018-08-11,59,3,"3oo, lose, that, followed, noooooooooooo, followers, nooooooooooooo, nooooooooooo, user, nooooooooooooooo"
2018-08-08,2018-08-11,71,3,"website, twitters, unavailable, temporarily, violates, policy, media, account, publication, contents"
2018-08-08,2018-08-11,103,3,"mag, al, connacht, franoise, jazeera, ahmadi, mubarak, profile, kuwait, around"
2018-08-08,2018-08-11,133,3,"know, throughout, roundteam, save, engaged, rapist, keep, great, also, followers"
2018-08-08,2018-08-11,3,2,"no, 90sbabyfollowtrain, follow, teamfollowback, jfb, lovatics, sougofollow, retweet, instantfollow, autofollow"
2018-08-08,2018-08-11,31,2,"gang, exo, baekhyun, sehun, soft, big, chanyeol, url, exolar, shanyol"
2018-08-08,2018-08-11,65,2,"nooooooooooooo, gained, 3oo, lose, that, followed, followers, user, nooooooooooooooo, 1990"
2018-08-08,2018-08-11,104,2,"chance, increase, followers, closeup, something, reader, tell, directory, going, tweets"
2018-08-08,2018-08-11,2,1,"commonly, terms, conditions, list, used, following, excuse, bot, hurt, run"
2018-08-08,2018-08-11,20,1,"jessica, maomaoarmy, url, lovej418, cr, 170214, airport, 170209, red, hong"
2018-08-08,2018-08-11,52,1,"dafbama2018blackpink, blackpink, dafbama2018, black, vote, pink, user, retweet, tweet, rose"
2018-08-08,2018-08-11,54,1,"birthday, congratulations, happy, seventhday, adventist, seventeen, 20th, much, grow, thank"
2018-08-08,2018-08-11,56,1,"on, whats, going, man, here, blackhaired, fang, cass, hells, 11000"
2018-08-08,2018-08-11,60,1,"rebels, ticket, show, win, about, talking, thats, dressing, room, something"
2018-08-08,2018-08-11,61,1,"donated, user, donations, noooossa, something, retweetd, donation, types, mt, perfectly"
2018-08-08,2018-08-11,63,1,"1990, 1992, 1993, 1991, 1997, 1995, 1998, 1996, 1999, 1994"
2018-08-08,2018-08-11,73,1,"100factsaboutme, 100, facts, factsabout, hate, 100factsabout, factsaboutme, never, me, love"
2018-08-08,2018-08-11,129,1,"time, reporting, beijing, 2018, full, october, september, sexy, november, tuesday"
2018-08-08,2018-08-11,130,1,"ganesh, ji, ganeshchaturthi, shri, sant, aadiganesha, pm, asaram, chaturthi, sadhana"
2018-08-11,2018-08-14,0,26,"user, url, you, love, good, going, follow, new, me, go"
2018-08-11,2018-08-14,18,6,"rp, openfollow, retweet, help, jfb, juseyo, pa, helps, open, thank"
2018-08-11,2018-08-14,65,6,"nooooooooooooo, gained, 3oo, lose, that, followed, followers, user, nooooooooooooooo, 1990"
2018-08-11,2018-08-14,59,4,"3oo, lose, that, followed, noooooooooooo, followers, nooooooooooooo, nooooooooooo, user, nooooooooooooooo"
2018-08-11,2018-08-14,56,3,"on, whats, going, man, here, blackhaired, fang, cass, hells, 11000"
2018-08-11,2018-08-14,104,3,"chance, increase, followers, closeup, something, reader, tell, directory, going, tweets"
2018-08-11,2018-08-14,6,2,"european, states, rural, affairs, member, committee, plants, food, manufacturer, council"
2018-08-11,2018-08-14,52,2,"dafbama2018blackpink, blackpink, dafbama2018, black, vote, pink, user, retweet, tweet, rose"
2018-08-11,2018-08-14,57,2,"satuindonesia, srudukfollowback, hotnews, euro2012, share, android, google, retweet, teamfollowback, url"
2018-08-11,2018-08-14,74,2,"use, it, going, tracking, download, able, bores, user, happy, forth"
2018-08-11,2018-08-14,108,2,"bless, you, god, url, wick, it, amp, follow, over, good"
2018-08-11,2018-08-14,132,2,"game, doing, games, user, v8pk5, site, online, shaneul, adult, disgrace"
2018-08-11,2018-08-14,133,2,"know, throughout, roundteam, save, engaged, rapist, keep, great, also, followers"
2018-08-11,2018-08-14,22,1,"about, talking, hey, fuck, know"
2018-08-11,2018-08-14,70,1,"dogs, lost, dog, cats, usa, il, missing, home, found, shelter"
2018-08-11,2018-08-14,92,1,"break, more, listen, nail, ladies, tips, check, url, hair, faster"
2018-08-11,2018-08-14,103,1,"mag, al, connacht, franoise, jazeera, ahmadi, mubarak, profile, kuwait, around"
2018-08-11,2018-08-14,112,1,"clans, clash, resources, unlimited, village, gets, user, adoptive, tortured, lucia"
2018-08-11,2018-08-14,130,1,"ganesh, ji, ganeshchaturthi, shri, sant, aadiganesha, pm, asaram, chaturthi, sadhana"
2018-08-14,2018-08-17,0,13,"user, url, you, love, good, going, follow, new, me, go"
2018-08-14,2018-08-17,18,11,"rp, openfollow, retweet, help, jfb, juseyo, pa, helps, open, thank"
2018-08-14,2018-08-17,65,4,"nooooooooooooo, gained, 3oo, lose, that, followed, followers, user, nooooooooooooooo, 1990"
2018-08-14,2018-08-17,104,4,"chance, increase, followers, closeup, something, reader, tell, directory, going, tweets"
2018-08-14,2018-08-17,5,1,"yeah, that, url, whats, amp, heck, tshirts, doll, charity, advantages"
2018-08-14,2018-08-17,13,1,"hey, hello, username, follows, case, users, provided, crises, finds, information"
2018-08-14,2018-08-17,19,1,"quiz, participating, thank, winning, many, possible, new, chances, application, luck"
2018-08-14,2018-08-17,20,1,"jessica, maomaoarmy, url, lovej418, cr, 170214, airport, 170209, red, hong"
2018-08-14,2018-08-17,26,1,"matter, whats, you, hope555, oshund, ohjustbecause, nutshell, plzz, deeper, annoying"
2018-08-14,2018-08-17,31,1,"gang, exo, baekhyun, sehun, soft, big, chanyeol, url, exolar, shanyol"
2018-08-14,2018-08-17,59,1,"3oo, lose, that, followed, noooooooooooo, followers, nooooooooooooo, nooooooooooo, user, nooooooooooooooo"
2018-08-14,2018-08-17,76,1,"que, eu, em, amor, de, nao, pra, vc, linda, kkkkkkkkkkkkkkkkkkkk"
2018-08-14,2018-08-17,103,1,"mag, al, connacht, franoise, jazeera, ahmadi, mubarak, profile, kuwait, around"
2018-08-14,2018-08-17,108,1,"bless, you, god, url, wick, it, amp, follow, over, good"
2018-08-14,2018-08-17,132,1,"game, doing, games, user, v8pk5, site, online, shaneul, adult, disgrace"
2018-08-14,2018-08-17,133,1,"know, throughout, roundteam, save, engaged, rapist, keep, great, also, followers"
2018-08-17,2018-08-20,0,13,"user, url, you, love, good, going, follow, new, me, go"
2018-08-17,2018-08-20,133,2,"know, throughout, roundteam, save, engaged, rapist, keep, great, also, followers"
2018-08-17,2018-08-20,134,2,"itsfoodporn, food, porn, chocolate, cheese, cream, foodporn, cake, url, ice"
2018-08-17,2018-08-20,5,1,"yeah, that, url, whats, amp, heck, tshirts, doll, charity, advantages"
2018-08-17,2018-08-20,9,1,"at, available, bugatti, specifications, hire, learn, bugpictures, videos, it, car"
2018-08-17,2018-08-20,54,1,"birthday, congratulations, happy, seventhday, adventist, seventeen, 20th, much, grow, thank"
2018-08-17,2018-08-20,118,1,"waited, carrying, nine, months, babies, belly, baby, woman, daughters, cut"
2018-08-20,2018-08-23,0,18,"user, url, you, love, good, going, follow, new, me, go"
2018-08-20,2018-08-23,5,2,"yeah, that, url, whats, amp, heck, tshirts, doll, charity, advantages"
2018-08-20,2018-08-23,56,2,"on, whats, going, man, here, blackhaired, fang, cass, hells, 11000"
2018-08-20,2018-08-23,133,2,"know, throughout, roundteam, save, engaged, rapist, keep, great, also, followers"
2018-08-20,2018-08-23,76,1,"que, eu, em, amor, de, nao, pra, vc, linda, kkkkkkkkkkkkkkkkkkkk"
2018-08-20,2018-08-23,87,1,"are, men, 10, world, beautiful, appropriate, girls, signs, kissing, check"
2018-08-23,2018-08-26,0,56,"user, url, you, love, good, going, follow, new, me, go"
2018-08-23,2018-08-26,5,10,"yeah, that, url, whats, amp, heck, tshirts, doll, charity, advantages"
2018-08-23,2018-08-26,18,10,"rp, openfollow, retweet, help, jfb, juseyo, pa, helps, open, thank"
2018-08-23,2018-08-26,31,8,"gang, exo, baekhyun, sehun, soft, big, chanyeol, url, exolar, shanyol"
2018-08-23,2018-08-26,133,6,"know, throughout, roundteam, save, engaged, rapist, keep, great, also, followers"
2018-08-23,2018-08-26,65,4,"nooooooooooooo, gained, 3oo, lose, that, followed, followers, user, nooooooooooooooo, 1990"
2018-08-23,2018-08-26,104,4,"chance, increase, followers, closeup, something, reader, tell, directory, going, tweets"
2018-08-23,2018-08-26,10,3,"something, tell, detects, going, delicate, situations, accident, buy, url, insurance"
2018-08-23,2018-08-26,59,3,"3oo, lose, that, followed, noooooooooooo, followers, nooooooooooooo, nooooooooooo, user, nooooooooooooooo"
2018-08-23,2018-08-26,103,3,"mag, al, connacht, franoise, jazeera, ahmadi, mubarak, profile, kuwait, around"
2018-08-23,2018-08-26,132,3,"game, doing, games, user, v8pk5, site, online, shaneul, adult, disgrace"
2018-08-23,2018-08-26,2,2,"commonly, terms, conditions, list, used, following, excuse, bot, hurt, run"
2018-08-23,2018-08-26,13,2,"hey, hello, username, follows, case, users, provided, crises, finds, information"
2018-08-23,2018-08-26,14,2,"playwright, win, philon, katic, stana, castle, collected, coins, crime, gold"
2018-08-23,2018-08-26,26,2,"matter, whats, you, hope555, oshund, ohjustbecause, nutshell, plzz, deeper, annoying"
2018-08-23,2018-08-26,120,2,"angel, look, face, body, nasty, six, alone, imagined, four, never"
2018-08-23,2018-08-26,6,1,"european, states, rural, affairs, member, committee, plants, food, manufacturer, council"
2018-08-23,2018-08-26,17,1,"fans, voted, music, thank, procedures, incident, you, find, follow, delicate"
2018-08-23,2018-08-26,22,1,"about, talking, hey, fuck, know"
2018-08-23,2018-08-26,32,1,"listings, garden, light, japanese, flower, stunning, show, allison, mustsee, janney"
2018-08-23,2018-08-26,49,1,"btsarmy, bestfanarmy, user, yoongi, iheartawards, bts, army, url, jhope, best"
2018-08-23,2018-08-26,52,1,"dafbama2018blackpink, blackpink, dafbama2018, black, vote, pink, user, retweet, tweet, rose"
2018-08-23,2018-08-26,56,1,"on, whats, going, man, here, blackhaired, fang, cass, hells, 11000"
2018-08-23,2018-08-26,67,1,"porn, xxx, movie, sexy, hot, sex, tits, ass, videos, blonde"
2018-08-23,2018-08-26,68,1,"iranian, saudi, arabia, iran, israel, gaza, narrator, muslims, syria, israeli"
2018-08-23,2018-08-26,77,1,"india, delhi, indiajobsearch, punjab, jobs, chandigarh, pradesh, uttar, mba, indiaj"
2018-08-23,2018-08-26,112,1,"clans, clash, resources, unlimited, village, gets, user, adoptive, tortured, lucia"
2018-08-26,2018-08-29,18,42,"rp, openfollow, retweet, help, jfb, juseyo, pa, helps, open, thank"
2018-08-26,2018-08-29,0,36,"user, url, you, love, good, going, follow, new, me, go"
2018-08-26,2018-08-29,59,11,"3oo, lose, that, followed, noooooooooooo, followers, nooooooooooooo, nooooooooooo, user, nooooooooooooooo"
2018-08-26,2018-08-29,65,7,"nooooooooooooo, gained, 3oo, lose, that, followed, followers, user, nooooooooooooooo, 1990"
2018-08-26,2018-08-29,104,6,"chance, increase, followers, closeup, something, reader, tell, directory, going, tweets"
2018-08-26,2018-08-29,26,4,"matter, whats, you, hope555, oshund, ohjustbecause, nutshell, plzz, deeper, annoying"
2018-08-26,2018-08-29,133,4,"know, throughout, roundteam, save, engaged, rapist, keep, great, also, followers"
2018-08-26,2018-08-29,5,3,"yeah, that, url, whats, amp, heck, tshirts, doll, charity, advantages"
2018-08-26,2018-08-29,22,2,"about, talking, hey, fuck, know"
2018-08-26,2018-08-29,10,1,"something, tell, detects, going, delicate, situations, accident, buy, url, insurance"
2018-08-26,2018-08-29,12,1,"purposes, item, intended, used, regulation, replacement, tips, hiring, insurance, rep"
2018-08-26,2018-08-29,16,1,"directors, vote, fans, voted, retweet, music, peopleschoice, littlethingscovermatthunter, perfection, 40"
2018-08-26,2018-08-29,19,1,"quiz, participating, thank, winning, many, possible, new, chances, application, luck"
2018-08-26,2018-08-29,20,1,"jessica, maomaoarmy, url, lovej418, cr, 170214, airport, 170209, red, hong"
2018-08-26,2018-08-29,21,1,"chance, better, tweets, winning, new, many, make, possible, participating, thank"
2018-08-26,2018-08-29,56,1,"on, whats, going, man, here, blackhaired, fang, cass, hells, 11000"
2018-08-26,2018-08-29,67,1,"porn, xxx, movie, sexy, hot, sex, tits, ass, videos, blonde"
2018-08-26,2018-08-29,71,1,"website, twitters, unavailable, temporarily, violates, policy, media, account, publication, contents"
2018-08-26,2018-08-29,102,1,"nicoflowproductions, sor, subscribe, share, support, amp, following, url, user, member"
2018-08-26,2018-08-29,103,1,"mag, al, connacht, franoise, jazeera, ahmadi, mubarak, profile, kuwait, around"
2018-08-26,2018-08-29,132,1,"game, doing, games, user, v8pk5, site, online, shaneul, adult, disgrace"
2018-08-29,2018-09-01,0,7,"user, url, you, love, good, going, follow, new, me, go"
2018-08-29,2018-09-01,66,4,"mt, bf5fcb0378955a5784b49b8daa69d316c72c388c6and, mmmm, a67549ef2e3a26f231609c13d568a43e6bdc387248, fec860eb26e7614c37e150fa5d36da605ab6cc206, bf5fcb0378955a5784b49b8daa69d316c72c388c6, hate, already, user, bf5fcb0378955a5784b49b8daa69d316c72c388c6e"
2018-08-29,2018-09-01,133,3,"know, throughout, roundteam, save, engaged, rapist, keep, great, also, followers"
2018-08-29,2018-09-01,134,3,"itsfoodporn, food, porn, chocolate, cheese, cream, foodporn, cake, url, ice"
2018-08-29,2018-09-01,56,1,"on, whats, going, man, here, blackhaired, fang, cass, hells, 11000"
2018-08-29,2018-09-01,57,1,"satuindonesia, srudukfollowback, hotnews, euro2012, share, android, google, retweet, teamfollowback, url"
2018-08-29,2018-09-01,132,1,"game, doing, games, user, v8pk5, site, online, shaneul, adult, disgrace"
2018-09-01,2018-09-04,18,10,"rp, openfollow, retweet, help, jfb, juseyo, pa, helps, open, thank"
2018-09-01,2018-09-04,0,9,"user, url, you, love, good, going, follow, new, me, go"
2018-09-01,2018-09-04,132,3,"game, doing, games, user, v8pk5, site, online, shaneul, adult, disgrace"
2018-09-01,2018-09-04,104,2,"chance, increase, followers, closeup, something, reader, tell, directory, going, tweets"
2018-09-01,2018-09-04,5,1,"yeah, that, url, whats, amp, heck, tshirts, doll, charity, advantages"
2018-09-01,2018-09-04,10,1,"something, tell, detects, going, delicate, situations, accident, buy, url, insurance"
2018-09-01,2018-09-04,13,1,"hey, hello, username, follows, case, users, provided, crises, finds, information"
2018-09-01,2018-09-04,14,1,"playwright, win, philon, katic, stana, castle, collected, coins, crime, gold"
2018-09-01,2018-09-04,31,1,"gang, exo, baekhyun, sehun, soft, big, chanyeol, url, exolar, shanyol"
2018-09-01,2018-09-04,50,1,"got7, eyesonyou, godseven, lookgot7, youngjae, mark, url, jb, lteyes, yougt"
2018-09-01,2018-09-04,59,1,"3oo, lose, that, followed, noooooooooooo, followers, nooooooooooooo, nooooooooooo, user, nooooooooooooooo"
2018-09-01,2018-09-04,103,1,"mag, al, connacht, franoise, jazeera, ahmadi, mubarak, profile, kuwait, around"
2018-09-01,2018-09-04,108,1,"bless, you, god, url, wick, it, amp, follow, over, good"
2018-09-04,2018-09-07,0,19,"user, url, you, love, good, going, follow, new, me, go"
2018-09-04,2018-09-07,31,3,"gang, exo, baekhyun, sehun, soft, big, chanyeol, url, exolar, shanyol"
2018-09-04,2018-09-07,2,1,"commonly, terms, conditions, list, used, following, excuse, bot, hurt, run"
2018-09-04,2018-09-07,13,1,"hey, hello, username, follows, case, users, provided, crises, finds, information"
2018-09-04,2018-09-07,26,1,"matter, whats, you, hope555, oshund, ohjustbecause, nutshell, plzz, deeper, annoying"
2018-09-04,2018-09-07,30,1,"188, frankfurt, amsterdam, jfk, mexico, arriving, 99, london, more, flight"
2018-09-04,2018-09-07,73,1,"100factsaboutme, 100, facts, factsabout, hate, 100factsabout, factsaboutme, never, me, love"
2018-09-04,2018-09-07,112,1,"clans, clash, resources, unlimited, village, gets, user, adoptive, tortured, lucia"
2018-09-04,2018-09-07,132,1,"game, doing, games, user, v8pk5, site, online, shaneul, adult, disgrace"
2018-09-07,2018-09-10,0,5,"user, url, you, love, good, going, follow, new, me, go"
2018-09-07,2018-09-10,71,1,"website, twitters, unavailable, temporarily, violates, policy, media, account, publication, contents"
2018-09-10,2018-09-13,0,12,"user, url, you, love, good, going, follow, new, me, go"
2018-09-10,2018-09-13,18,5,"rp, openfollow, retweet, help, jfb, juseyo, pa, helps, open, thank"
2018-09-10,2018-09-13,20,1,"jessica, maomaoarmy, url, lovej418, cr, 170214, airport, 170209, red, hong"
2018-09-10,2018-09-13,31,1,"gang, exo, baekhyun, sehun, soft, big, chanyeol, url, exolar, shanyol"
2018-09-10,2018-09-13,65,1,"nooooooooooooo, gained, 3oo, lose, that, followed, followers, user, nooooooooooooooo, 1990"
2018-09-10,2018-09-13,108,1,"bless, you, god, url, wick, it, amp, follow, over, good"
2018-09-10,2018-09-13,132,1,"game, doing, games, user, v8pk5, site, online, shaneul, adult, disgrace"
2018-09-13,2018-09-16,0,52,"user, url, you, love, good, going, follow, new, me, go"
2018-09-13,2018-09-16,18,19,"rp, openfollow, retweet, help, jfb, juseyo, pa, helps, open, thank"
2018-09-13,2018-09-16,59,5,"3oo, lose, that, followed, noooooooooooo, followers, nooooooooooooo, nooooooooooo, user, nooooooooooooooo"
2018-09-13,2018-09-16,104,3,"chance, increase, followers, closeup, something, reader, tell, directory, going, tweets"
2018-09-13,2018-09-16,49,2,"btsarmy, bestfanarmy, user, yoongi, iheartawards, bts, army, url, jhope, best"
2018-09-13,2018-09-16,65,2,"nooooooooooooo, gained, 3oo, lose, that, followed, followers, user, nooooooooooooooo, 1990"
2018-09-13,2018-09-16,132,2,"game, doing, games, user, v8pk5, site, online, shaneul, adult, disgrace"
2018-09-13,2018-09-16,5,1,"yeah, that, url, whats, amp, heck, tshirts, doll, charity, advantages"
2018-09-13,2018-09-16,22,1,"about, talking, hey, fuck, know"
2018-09-13,2018-09-16,26,1,"matter, whats, you, hope555, oshund, ohjustbecause, nutshell, plzz, deeper, annoying"
2018-09-13,2018-09-16,56,1,"on, whats, going, man, here, blackhaired, fang, cass, hells, 11000"
2018-09-13,2018-09-16,109,1,"account, tastedeservesfollowing, luxurious, special, ff, member, states, requirements, regulation, take"
2018-09-13,2018-09-16,133,1,"know, throughout, roundteam, save, engaged, rapist, keep, great, also, followers"
2018-09-16,2018-09-19,0,20,"user, url, you, love, good, going, follow, new, me, go"
2018-09-16,2018-09-19,59,7,"3oo, lose, that, followed, noooooooooooo, followers, nooooooooooooo, nooooooooooo, user, nooooooooooooooo"
2018-09-16,2018-09-19,18,5,"rp, openfollow, retweet, help, jfb, juseyo, pa, helps, open, thank"
2018-09-16,2018-09-19,133,4,"know, throughout, roundteam, save, engaged, rapist, keep, great, also, followers"
2018-09-16,2018-09-19,65,3,"nooooooooooooo, gained, 3oo, lose, that, followed, followers, user, nooooooooooooooo, 1990"
2018-09-16,2018-09-19,132,3,"game, doing, games, user, v8pk5, site, online, shaneul, adult, disgrace"
2018-09-16,2018-09-19,26,2,"matter, whats, you, hope555, oshund, ohjustbecause, nutshell, plzz, deeper, annoying"
2018-09-16,2018-09-19,104,2,"chance, increase, followers, closeup, something, reader, tell, directory, going, tweets"
2018-09-16,2018-09-19,3,1,"no, 90sbabyfollowtrain, follow, teamfollowback, jfb, lovatics, sougofollow, retweet, instantfollow, autofollow"
2018-09-16,2018-09-19,13,1,"hey, hello, username, follows, case, users, provided, crises, finds, information"
2018-09-16,2018-09-19,56,1,"on, whats, going, man, here, blackhaired, fang, cass, hells, 11000"
2018-09-16,2018-09-19,113,1,"gem, generator, gold, clans, clash, resources, unlimited, village, gets, user"
2018-09-19,2018-09-22,18,5,"rp, openfollow, retweet, help, jfb, juseyo, pa, helps, open, thank"
2018-09-19,2018-09-22,0,4,"user, url, you, love, good, going, follow, new, me, go"
2018-09-19,2018-09-22,133,3,"know, throughout, roundteam, save, engaged, rapist, keep, great, also, followers"
2018-09-19,2018-09-22,65,2,"nooooooooooooo, gained, 3oo, lose, that, followed, followers, user, nooooooooooooooo, 1990"
2018-09-19,2018-09-22,132,2,"game, doing, games, user, v8pk5, site, online, shaneul, adult, disgrace"
2018-09-19,2018-09-22,3,1,"no, 90sbabyfollowtrain, follow, teamfollowback, jfb, lovatics, sougofollow, retweet, instantfollow, autofollow"
2018-09-19,2018-09-22,14,1,"playwright, win, philon, katic, stana, castle, collected, coins, crime, gold"
2018-09-19,2018-09-22,26,1,"matter, whats, you, hope555, oshund, ohjustbecause, nutshell, plzz, deeper, annoying"
2018-09-19,2018-09-22,31,1,"gang, exo, baekhyun, sehun, soft, big, chanyeol, url, exolar, shanyol"
2018-09-19,2018-09-22,52,1,"dafbama2018blackpink, blackpink, dafbama2018, black, vote, pink, user, retweet, tweet, rose"
2018-09-19,2018-09-22,59,1,"3oo, lose, that, followed, noooooooooooo, followers, nooooooooooooo, nooooooooooo, user, nooooooooooooooo"
2018-09-19,2018-09-22,70,1,"dogs, lost, dog, cats, usa, il, missing, home, found, shelter"
2018-09-19,2018-09-22,103,1,"mag, al, connacht, franoise, jazeera, ahmadi, mubarak, profile, kuwait, around"
2018-09-19,2018-09-22,104,1,"chance, increase, followers, closeup, something, reader, tell, directory, going, tweets"
2018-09-19,2018-09-22,108,1,"bless, you, god, url, wick, it, amp, follow, over, good"
2018-09-19,2018-09-22,134,1,"itsfoodporn, food, porn, chocolate, cheese, cream, foodporn, cake, url, ice"
2018-09-22,2018-09-25,0,22,"user, url, you, love, good, going, follow, new, me, go"
2018-09-22,2018-09-25,49,20,"btsarmy, bestfanarmy, user, yoongi, iheartawards, bts, army, url, jhope, best"
2018-09-22,2018-09-25,59,7,"3oo, lose, that, followed, noooooooooooo, followers, nooooooooooooo, nooooooooooo, user, nooooooooooooooo"
2018-09-22,2018-09-25,13,4,"hey, hello, username, follows, case, users, provided, crises, finds, information"
2018-09-22,2018-09-25,18,4,"rp, openfollow, retweet, help, jfb, juseyo, pa, helps, open, thank"
2018-09-22,2018-09-25,31,4,"gang, exo, baekhyun, sehun, soft, big, chanyeol, url, exolar, shanyol"
2018-09-22,2018-09-25,133,3,"know, throughout, roundteam, save, engaged, rapist, keep, great, also, followers"
2018-09-22,2018-09-25,5,2,"yeah, that, url, whats, amp, heck, tshirts, doll, charity, advantages"
2018-09-22,2018-09-25,6,2,"european, states, rural, affairs, member, committee, plants, food, manufacturer, council"
2018-09-22,2018-09-25,27,2,"guo, wen, china, chinese, guos, united, states, news, weiwei, lies"
2018-09-22,2018-09-25,16,1,"directors, vote, fans, voted, retweet, music, peopleschoice, littlethingscovermatthunter, perfection, 40"
2018-09-22,2018-09-25,20,1,"jessica, maomaoarmy, url, lovej418, cr, 170214, airport, 170209, red, hong"
2018-09-22,2018-09-25,26,1,"matter, whats, you, hope555, oshund, ohjustbecause, nutshell, plzz, deeper, annoying"
2018-09-22,2018-09-25,28,1,"adnfestival2017, url, thank, adn, love, congratulations, all, you, happy, adnfest2017"
2018-09-22,2018-09-25,56,1,"on, whats, going, man, here, blackhaired, fang, cass, hells, 11000"
2018-09-22,2018-09-25,65,1,"nooooooooooooo, gained, 3oo, lose, that, followed, followers, user, nooooooooooooooo, 1990"
2018-09-22,2018-09-25,66,1,"mt, bf5fcb0378955a5784b49b8daa69d316c72c388c6and, mmmm, a67549ef2e3a26f231609c13d568a43e6bdc387248, fec860eb26e7614c37e150fa5d36da605ab6cc206, bf5fcb0378955a5784b49b8daa69d316c72c388c6, hate, already, user, bf5fcb0378955a5784b49b8daa69d316c72c388c6e"
2018-09-22,2018-09-25,72,1,"ill, brazilian, called, hear, group, followup, hello, restart, take, me"
2018-09-22,2018-09-25,76,1,"que, eu, em, amor, de, nao, pra, vc, linda, kkkkkkkkkkkkkkkkkkkk"
2018-09-22,2018-09-25,104,1,"chance, increase, followers, closeup, something, reader, tell, directory, going, tweets"
2018-09-22,2018-09-25,110,1,"book, fair, international, kuwait, library, doha, available, publish, avaik, suite"
2018-09-22,2018-09-25,132,1,"game, doing, games, user, v8pk5, site, online, shaneul, adult, disgrace"
2018-09-25,2018-09-28,18,12,"rp, openfollow, retweet, help, jfb, juseyo, pa, helps, open, thank"
2018-09-25,2018-09-28,0,5,"user, url, you, love, good, going, follow, new, me, go"
2018-09-25,2018-09-28,10,5,"something, tell, detects, going, delicate, situations, accident, buy, url, insurance"
2018-09-25,2018-09-28,133,4,"know, throughout, roundteam, save, engaged, rapist, keep, great, also, followers"
2018-09-25,2018-09-28,59,3,"3oo, lose, that, followed, noooooooooooo, followers, nooooooooooooo, nooooooooooo, user, nooooooooooooooo"
2018-09-25,2018-09-28,132,3,"game, doing, games, user, v8pk5, site, online, shaneul, adult, disgrace"
2018-09-25,2018-09-28,14,1,"playwright, win, philon, katic, stana, castle, collected, coins, crime, gold"
2018-09-25,2018-09-28,20,1,"jessica, maomaoarmy, url, lovej418, cr, 170214, airport, 170209, red, hong"
2018-09-25,2018-09-28,50,1,"got7, eyesonyou, godseven, lookgot7, youngjae, mark, url, jb, lteyes, yougt"
2018-09-25,2018-09-28,56,1,"on, whats, going, man, here, blackhaired, fang, cass, hells, 11000"
2018-09-25,2018-09-28,65,1,"nooooooooooooo, gained, 3oo, lose, that, followed, followers, user, nooooooooooooooo, 1990"
2018-09-25,2018-09-28,66,1,"mt, bf5fcb0378955a5784b49b8daa69d316c72c388c6and, mmmm, a67549ef2e3a26f231609c13d568a43e6bdc387248, fec860eb26e7614c37e150fa5d36da605ab6cc206, bf5fcb0378955a5784b49b8daa69d316c72c388c6, hate, already, user, bf5fcb0378955a5784b49b8daa69d316c72c388c6e"
2018-09-25,2018-09-28,104,1,"chance, increase, followers, closeup, something, reader, tell, directory, going, tweets"
2018-09-28,2018-10-01,31,72,"gang, exo, baekhyun, sehun, soft, big, chanyeol, url, exolar, shanyol"
2018-09-28,2018-10-01,0,25,"user, url, you, love, good, going, follow, new, me, go"
2018-09-28,2018-10-01,2,2,"commonly, terms, conditions, list, used, following, excuse, bot, hurt, run"
2018-09-28,2018-10-01,18,2,"rp, openfollow, retweet, help, jfb, juseyo, pa, helps, open, thank"
2018-09-28,2018-10-01,65,2,"nooooooooooooo, gained, 3oo, lose, that, followed, followers, user, nooooooooooooooo, 1990"
2018-09-28,2018-10-01,103,2,"mag, al, connacht, franoise, jazeera, ahmadi, mubarak, profile, kuwait, around"
2018-09-28,2018-10-01,133,2,"know, throughout, roundteam, save, engaged, rapist, keep, great, also, followers"
2018-09-28,2018-10-01,3,1,"no, 90sbabyfollowtrain, follow, teamfollowback, jfb, lovatics, sougofollow, retweet, instantfollow, autofollow"
2018-09-28,2018-10-01,5,1,"yeah, that, url, whats, amp, heck, tshirts, doll, charity, advantages"
2018-09-28,2018-10-01,13,1,"hey, hello, username, follows, case, users, provided, crises, finds, information"
2018-09-28,2018-10-01,32,1,"listings, garden, light, japanese, flower, stunning, show, allison, mustsee, janney"
2018-09-28,2018-10-01,46,1,"user, tell, going, whereverververververververververververververververververver, do, you, btsarmy, bestfanarmy, iheartawards, url"
2018-09-28,2018-10-01,52,1,"dafbama2018blackpink, blackpink, dafbama2018, black, vote, pink, user, retweet, tweet, rose"
2018-09-28,2018-10-01,59,1,"3oo, lose, that, followed, noooooooooooo, followers, nooooooooooooo, nooooooooooo, user, nooooooooooooooo"
2018-09-28,2018-10-01,104,1,"chance, increase, followers, closeup, something, reader, tell, directory, going, tweets"
2018-09-28,2018-10-01,109,1,"account, tastedeservesfollowing, luxurious, special, ff, member, states, requirements, regulation, take"
2018-09-28,2018-10-01,134,1,"itsfoodporn, food, porn, chocolate, cheese, cream, foodporn, cake, url, ice"
2018-10-01,2018-10-04,0,1,"user, url, you, love, good, going, follow, new, me, go"
2018-10-01,2018-10-04,4,1,"twentieth, publication, journal, force, enter, official, union, shall, regulation, european"
2018-10-04,2018-10-07,31,167,"gang, exo, baekhyun, sehun, soft, big, chanyeol, url, exolar, shanyol"
2018-10-04,2018-10-07,0,25,"user, url, you, love, good, going, follow, new, me, go"
2018-10-04,2018-10-07,5,6,"yeah, that, url, whats, amp, heck, tshirts, doll, charity, advantages"
2018-10-04,2018-10-07,50,6,"got7, eyesonyou, godseven, lookgot7, youngjae, mark, url, jb, lteyes, yougt"
2018-10-04,2018-10-07,18,5,"rp, openfollow, retweet, help, jfb, juseyo, pa, helps, open, thank"
2018-10-04,2018-10-07,66,5,"mt, bf5fcb0378955a5784b49b8daa69d316c72c388c6and, mmmm, a67549ef2e3a26f231609c13d568a43e6bdc387248, fec860eb26e7614c37e150fa5d36da605ab6cc206, bf5fcb0378955a5784b49b8daa69d316c72c388c6, hate, already, user, bf5fcb0378955a5784b49b8daa69d316c72c388c6e"
2018-10-04,2018-10-07,49,4,"btsarmy, bestfanarmy, user, yoongi, iheartawards, bts, army, url, jhope, best"
2018-10-04,2018-10-07,14,3,"playwright, win, philon, katic, stana, castle, collected, coins, crime, gold"
2018-10-04,2018-10-07,133,3,"know, throughout, roundteam, save, engaged, rapist, keep, great, also, followers"
2018-10-04,2018-10-07,29,2,"goo, adnfestival2017, aldubsweetkiss, alden, maine, url, gee, sense, user, aldubxebloveis"
2018-10-04,2018-10-07,104,2,"chance, increase, followers, closeup, something, reader, tell, directory, going, tweets"
2018-10-04,2018-10-07,120,2,"angel, look, face, body, nasty, six, alone, imagined, four, never"
2018-10-04,2018-10-07,3,1,"no, 90sbabyfollowtrain, follow, teamfollowback, jfb, lovatics, sougofollow, retweet, instantfollow, autofollow"
2018-10-04,2018-10-07,13,1,"hey, hello, username, follows, case, users, provided, crises, finds, information"
2018-10-04,2018-10-07,19,1,"quiz, participating, thank, winning, many, possible, new, chances, application, luck"
2018-10-04,2018-10-07,20,1,"jessica, maomaoarmy, url, lovej418, cr, 170214, airport, 170209, red, hong"
2018-10-04,2018-10-07,23,1,"telkomsel, interacting, twitter, thank, products, mas, questions, dm, services, myxlcare"
2018-10-04,2018-10-07,26,1,"matter, whats, you, hope555, oshund, ohjustbecause, nutshell, plzz, deeper, annoying"
2018-10-04,2018-10-07,56,1,"on, whats, going, man, here, blackhaired, fang, cass, hells, 11000"
2018-10-04,2018-10-07,58,1,"helps, obg, promotion, link, please, win, url, user, right, carolinapedrosa"
2018-10-04,2018-10-07,59,1,"3oo, lose, that, followed, noooooooooooo, followers, nooooooooooooo, nooooooooooo, user, nooooooooooooooo"
2018-10-04,2018-10-07,61,1,"donated, user, donations, noooossa, something, retweetd, donation, types, mt, perfectly"
2018-10-04,2018-10-07,72,1,"ill, brazilian, called, hear, group, followup, hello, restart, take, me"
2018-10-04,2018-10-07,75,1,"tracking, download, user, follow, url, enormous, indicationmt, commenting, favor, ft"
2018-10-04,2018-10-07,91,1,"fuse, pen, find, attention, url"
2018-10-04,2018-10-07,123,1,"childhood, stars, 20, part, check, demonic, cartoon, or, annabelle, not"
2018-10-07,2018-10-10,31,13,"gang, exo, baekhyun, sehun, soft, big, chanyeol, url, exolar, shanyol"
2018-10-07,2018-10-10,0,9,"user, url, you, love, good, going, follow, new, me, go"
2018-10-10,2018-10-13,0,30,"user, url, you, love, good, going, follow, new, me, go"
2018-10-10,2018-10-13,18,10,"rp, openfollow, retweet, help, jfb, juseyo, pa, helps, open, thank"
2018-10-10,2018-10-13,104,3,"chance, increase, followers, closeup, something, reader, tell, directory, going, tweets"
2018-10-10,2018-10-13,132,3,"game, doing, games, user, v8pk5, site, online, shaneul, adult, disgrace"
2018-10-10,2018-10-13,5,2,"yeah, that, url, whats, amp, heck, tshirts, doll, charity, advantages"
2018-10-10,2018-10-13,59,2,"3oo, lose, that, followed, noooooooooooo, followers, nooooooooooooo, nooooooooooo, user, nooooooooooooooo"
2018-10-10,2018-10-13,65,2,"nooooooooooooo, gained, 3oo, lose, that, followed, followers, user, nooooooooooooooo, 1990"
2018-10-10,2018-10-13,133,2,"know, throughout, roundteam, save, engaged, rapist, keep, great, also, followers"
2018-10-10,2018-10-13,4,1,"twentieth, publication, journal, force, enter, official, union, shall, regulation, european"
2018-10-10,2018-10-13,14,1,"playwright, win, philon, katic, stana, castle, collected, coins, crime, gold"
2018-10-10,2018-10-13,71,1,"website, twitters, unavailable, temporarily, violates, policy, media, account, publication, contents"
2018-10-10,2018-10-13,108,1,"bless, you, god, url, wick, it, amp, follow, over, good"
2018-10-10,2018-10-13,129,1,"time, reporting, beijing, 2018, full, october, september, sexy, november, tuesday"
2018-10-13,2018-10-16,0,79,"user, url, you, love, good, going, follow, new, me, go"
2018-10-13,2018-10-16,31,15,"gang, exo, baekhyun, sehun, soft, big, chanyeol, url, exolar, shanyol"
2018-10-13,2018-10-16,18,10,"rp, openfollow, retweet, help, jfb, juseyo, pa, helps, open, thank"
2018-10-13,2018-10-16,133,6,"know, throughout, roundteam, save, engaged, rapist, keep, great, also, followers"
2018-10-13,2018-10-16,59,5,"3oo, lose, that, followed, noooooooooooo, followers, nooooooooooooo, nooooooooooo, user, nooooooooooooooo"
2018-10-13,2018-10-16,65,4,"nooooooooooooo, gained, 3oo, lose, that, followed, followers, user, nooooooooooooooo, 1990"
2018-10-13,2018-10-16,26,2,"matter, whats, you, hope555, oshund, ohjustbecause, nutshell, plzz, deeper, annoying"
2018-10-13,2018-10-16,27,2,"guo, wen, china, chinese, guos, united, states, news, weiwei, lies"
2018-10-13,2018-10-16,112,2,"clans, clash, resources, unlimited, village, gets, user, adoptive, tortured, lucia"
2018-10-13,2018-10-16,132,2,"game, doing, games, user, v8pk5, site, online, shaneul, adult, disgrace"
2018-10-13,2018-10-16,3,1,"no, 90sbabyfollowtrain, follow, teamfollowback, jfb, lovatics, sougofollow, retweet, instantfollow, autofollow"
2018-10-13,2018-10-16,5,1,"yeah, that, url, whats, amp, heck, tshirts, doll, charity, advantages"
2018-10-13,2018-10-16,10,1,"something, tell, detects, going, delicate, situations, accident, buy, url, insurance"
2018-10-13,2018-10-16,14,1,"playwright, win, philon, katic, stana, castle, collected, coins, crime, gold"
2018-10-13,2018-10-16,20,1,"jessica, maomaoarmy, url, lovej418, cr, 170214, airport, 170209, red, hong"
2018-10-13,2018-10-16,22,1,"about, talking, hey, fuck, know"
2018-10-13,2018-10-16,46,1,"user, tell, going, whereverververververververververververververververververver, do, you, btsarmy, bestfanarmy, iheartawards, url"
2018-10-13,2018-10-16,74,1,"use, it, going, tracking, download, able, bores, user, happy, forth"
2018-10-13,2018-10-16,102,1,"nicoflowproductions, sor, subscribe, share, support, amp, following, url, user, member"
2018-10-13,2018-10-16,103,1,"mag, al, connacht, franoise, jazeera, ahmadi, mubarak, profile, kuwait, around"
2018-10-13,2018-10-16,104,1,"chance, increase, followers, closeup, something, reader, tell, directory, going, tweets"
2018-10-13,2018-10-16,108,1,"bless, you, god, url, wick, it, amp, follow, over, good"
2018-10-13,2018-10-16,114,1,"remember, agata, avenida, brazilian, become, grabriele, julia, humiliated, her, happened"
2018-10-13,2018-10-16,120,1,"angel, look, face, body, nasty, six, alone, imagined, four, never"
2018-10-16,2018-10-19,106,22,"voting, harmony, fifth, here, free, retweettfbjp, 441, volback, component, volome"
2018-10-16,2018-10-19,33,20,"cnco, bestboyband, iheartawards, hundred, ahre, joel, us, runnerup, supports, rich"
2018-10-16,2018-10-19,52,17,"dafbama2018blackpink, blackpink, dafbama2018, black, vote, pink, user, retweet, tweet, rose"
2018-10-16,2018-10-19,0,9,"user, url, you, love, good, going, follow, new, me, go"
2018-10-16,2018-10-19,6,6,"european, states, rural, affairs, member, committee, plants, food, manufacturer, council"
2018-10-16,2018-10-19,16,6,"directors, vote, fans, voted, retweet, music, peopleschoice, littlethingscovermatthunter, perfection, 40"
2018-10-16,2018-10-19,46,6,"user, tell, going, whereverververververververververververververververververver, do, you, btsarmy, bestfanarmy, iheartawards, url"
2018-10-16,2018-10-19,49,6,"btsarmy, bestfanarmy, user, yoongi, iheartawards, bts, army, url, jhope, best"
2018-10-16,2018-10-19,18,3,"rp, openfollow, retweet, help, jfb, juseyo, pa, helps, open, thank"
2018-10-16,2018-10-19,59,3,"3oo, lose, that, followed, noooooooooooo, followers, nooooooooooooo, nooooooooooo, user, nooooooooooooooo"
2018-10-16,2018-10-19,65,2,"nooooooooooooo, gained, 3oo, lose, that, followed, followers, user, nooooooooooooooo, 1990"
2018-10-16,2018-10-19,76,2,"que, eu, em, amor, de, nao, pra, vc, linda, kkkkkkkkkkkkkkkkkkkk"
2018-10-16,2018-10-19,103,2,"mag, al, connacht, franoise, jazeera, ahmadi, mubarak, profile, kuwait, around"
2018-10-16,2018-10-19,19,1,"quiz, participating, thank, winning, many, possible, new, chances, application, luck"
2018-10-16,2018-10-19,22,1,"about, talking, hey, fuck, know"
2018-10-16,2018-10-19,25,1,"perubiebs, woods, perulovesbiebs, tag, brazilbiebs, justincometobrazil, brazilneedsbiebsnow, braziljbiebs, brazil, use"
2018-10-16,2018-10-19,31,1,"gang, exo, baekhyun, sehun, soft, big, chanyeol, url, exolar, shanyol"
2018-10-16,2018-10-19,38,1,"null, cet, utc, wrong, kst, iheart, hour, socialists, rts, alty"
2018-10-16,2018-10-19,51,1,"latinos, latin, tntweeters, vote, cir, url, tweeters, latism, latino, hr15"
2018-10-16,2018-10-19,112,1,"clans, clash, resources, unlimited, village, gets, user, adoptive, tortured, lucia"
2018-10-16,2018-10-19,134,1,"itsfoodporn, food, porn, chocolate, cheese, cream, foodporn, cake, url, ice"
2018-10-19,2018-10-22,0,21,"user, url, you, love, good, going, follow, new, me, go"
2018-10-19,2018-10-22,18,11,"rp, openfollow, retweet, help, jfb, juseyo, pa, helps, open, thank"
2018-10-19,2018-10-22,31,11,"gang, exo, baekhyun, sehun, soft, big, chanyeol, url, exolar, shanyol"
2018-10-19,2018-10-22,65,6,"nooooooooooooo, gained, 3oo, lose, that, followed, followers, user, nooooooooooooooo, 1990"
2018-10-19,2018-10-22,5,4,"yeah, that, url, whats, amp, heck, tshirts, doll, charity, advantages"
2018-10-19,2018-10-22,26,3,"matter, whats, you, hope555, oshund, ohjustbecause, nutshell, plzz, deeper, annoying"
2018-10-19,2018-10-22,133,3,"know, throughout, roundteam, save, engaged, rapist, keep, great, also, followers"
2018-10-19,2018-10-22,103,2,"mag, al, connacht, franoise, jazeera, ahmadi, mubarak, profile, kuwait, around"
2018-10-19,2018-10-22,104,2,"chance, increase, followers, closeup, something, reader, tell, directory, going, tweets"
2018-10-19,2018-10-22,132,2,"game, doing, games, user, v8pk5, site, online, shaneul, adult, disgrace"
2018-10-19,2018-10-22,4,1,"twentieth, publication, journal, force, enter, official, union, shall, regulation, european"
2018-10-19,2018-10-22,10,1,"something, tell, detects, going, delicate, situations, accident, buy, url, insurance"
2018-10-19,2018-10-22,14,1,"playwright, win, philon, katic, stana, castle, collected, coins, crime, gold"
2018-10-19,2018-10-22,20,1,"jessica, maomaoarmy, url, lovej418, cr, 170214, airport, 170209, red, hong"
2018-10-19,2018-10-22,46,1,"user, tell, going, whereverververververververververververververververververver, do, you, btsarmy, bestfanarmy, iheartawards, url"
2018-10-22,2018-10-25,31,11,"gang, exo, baekhyun, sehun, soft, big, chanyeol, url, exolar, shanyol"
2018-10-22,2018-10-25,0,2,"user, url, you, love, good, going, follow, new, me, go"
2018-10-22,2018-10-25,2,1,"commonly, terms, conditions, list, used, following, excuse, bot, hurt, run"
2018-10-22,2018-10-25,46,1,"user, tell, going, whereverververververververververververververververververver, do, you, btsarmy, bestfanarmy, iheartawards, url"
2018-10-22,2018-10-25,76,1,"que, eu, em, amor, de, nao, pra, vc, linda, kkkkkkkkkkkkkkkkkkkk"
2018-10-22,2018-10-25,103,1,"mag, al, connacht, franoise, jazeera, ahmadi, mubarak, profile, kuwait, around"
2018-10-22,2018-10-25,133,1,"know, throughout, roundteam, save, engaged, rapist, keep, great, also, followers"
2018-10-25,2018-10-28,0,9,"user, url, you, love, good, going, follow, new, me, go"
2018-10-25,2018-10-28,65,3,"nooooooooooooo, gained, 3oo, lose, that, followed, followers, user, nooooooooooooooo, 1990"
2018-10-25,2018-10-28,18,2,"rp, openfollow, retweet, help, jfb, juseyo, pa, helps, open, thank"
2018-10-25,2018-10-28,59,2,"3oo, lose, that, followed, noooooooooooo, followers, nooooooooooooo, nooooooooooo, user, nooooooooooooooo"
2018-10-25,2018-10-28,103,2,"mag, al, connacht, franoise, jazeera, ahmadi, mubarak, profile, kuwait, around"
2018-10-25,2018-10-28,104,2,"chance, increase, followers, closeup, something, reader, tell, directory, going, tweets"
2018-10-25,2018-10-28,5,1,"yeah, that, url, whats, amp, heck, tshirts, doll, charity, advantages"
2018-10-25,2018-10-28,14,1,"playwright, win, philon, katic, stana, castle, collected, coins, crime, gold"
2018-10-25,2018-10-28,102,1,"nicoflowproductions, sor, subscribe, share, support, amp, following, url, user, member"
2018-10-25,2018-10-28,132,1,"game, doing, games, user, v8pk5, site, online, shaneul, adult, disgrace"
2018-10-25,2018-10-28,133,1,"know, throughout, roundteam, save, engaged, rapist, keep, great, also, followers"
2018-10-28,2018-10-31,0,20,"user, url, you, love, good, going, follow, new, me, go"
2018-10-28,2018-10-31,133,4,"know, throughout, roundteam, save, engaged, rapist, keep, great, also, followers"
2018-10-28,2018-10-31,10,3,"something, tell, detects, going, delicate, situations, accident, buy, url, insurance"
2018-10-28,2018-10-31,18,1,"rp, openfollow, retweet, help, jfb, juseyo, pa, helps, open, thank"
2018-10-28,2018-10-31,31,1,"gang, exo, baekhyun, sehun, soft, big, chanyeol, url, exolar, shanyol"
2018-10-28,2018-10-31,104,1,"chance, increase, followers, closeup, something, reader, tell, directory, going, tweets"
2018-10-28,2018-10-31,132,1,"game, doing, games, user, v8pk5, site, online, shaneul, adult, disgrace"
2018-10-28,2018-10-31,134,1,"itsfoodporn, food, porn, chocolate, cheese, cream, foodporn, cake, url, ice"
2018-10-31,2018-11-03,31,39,"gang, exo, baekhyun, sehun, soft, big, chanyeol, url, exolar, shanyol"
2018-10-31,2018-11-03,0,10,"user, url, you, love, good, going, follow, new, me, go"
2018-10-31,2018-11-03,5,4,"yeah, that, url, whats, amp, heck, tshirts, doll, charity, advantages"
2018-10-31,2018-11-03,2,1,"commonly, terms, conditions, list, used, following, excuse, bot, hurt, run"
2018-10-31,2018-11-03,73,1,"100factsaboutme, 100, facts, factsabout, hate, 100factsabout, factsaboutme, never, me, love"
2018-10-31,2018-11-03,132,1,"game, doing, games, user, v8pk5, site, online, shaneul, adult, disgrace"
2018-11-03,2018-11-06,0,36,"user, url, you, love, good, going, follow, new, me, go"
2018-11-03,2018-11-06,31,9,"gang, exo, baekhyun, sehun, soft, big, chanyeol, url, exolar, shanyol"
2018-11-03,2018-11-06,5,5,"yeah, that, url, whats, amp, heck, tshirts, doll, charity, advantages"
2018-11-03,2018-11-06,26,5,"matter, whats, you, hope555, oshund, ohjustbecause, nutshell, plzz, deeper, annoying"
2018-11-03,2018-11-06,18,3,"rp, openfollow, retweet, help, jfb, juseyo, pa, helps, open, thank"
2018-11-03,2018-11-06,65,3,"nooooooooooooo, gained, 3oo, lose, that, followed, followers, user, nooooooooooooooo, 1990"
2018-11-03,2018-11-06,132,3,"game, doing, games, user, v8pk5, site, online, shaneul, adult, disgrace"
2018-11-03,2018-11-06,133,3,"know, throughout, roundteam, save, engaged, rapist, keep, great, also, followers"
2018-11-03,2018-11-06,59,2,"3oo, lose, that, followed, noooooooooooo, followers, nooooooooooooo, nooooooooooo, user, nooooooooooooooo"
2018-11-03,2018-11-06,2,1,"commonly, terms, conditions, list, used, following, excuse, bot, hurt, run"
2018-11-03,2018-11-06,14,1,"playwright, win, philon, katic, stana, castle, collected, coins, crime, gold"
2018-11-03,2018-11-06,20,1,"jessica, maomaoarmy, url, lovej418, cr, 170214, airport, 170209, red, hong"
2018-11-03,2018-11-06,22,1,"about, talking, hey, fuck, know"
2018-11-03,2018-11-06,32,1,"listings, garden, light, japanese, flower, stunning, show, allison, mustsee, janney"
2018-11-03,2018-11-06,49,1,"btsarmy, bestfanarmy, user, yoongi, iheartawards, bts, army, url, jhope, best"
2018-11-03,2018-11-06,61,1,"donated, user, donations, noooossa, something, retweetd, donation, types, mt, perfectly"
2018-11-03,2018-11-06,103,1,"mag, al, connacht, franoise, jazeera, ahmadi, mubarak, profile, kuwait, around"
2018-11-03,2018-11-06,104,1,"chance, increase, followers, closeup, something, reader, tell, directory, going, tweets"
2018-11-03,2018-11-06,120,1,"angel, look, face, body, nasty, six, alone, imagined, four, never"
2018-11-06,2018-11-09,0,20,"user, url, you, love, good, going, follow, new, me, go"
2018-11-06,2018-11-09,20,4,"jessica, maomaoarmy, url, lovej418, cr, 170214, airport, 170209, red, hong"
2018-11-06,2018-11-09,14,2,"playwright, win, philon, katic, stana, castle, collected, coins, crime, gold"
2018-11-06,2018-11-09,50,2,"got7, eyesonyou, godseven, lookgot7, youngjae, mark, url, jb, lteyes, yougt"
2018-11-06,2018-11-09,52,2,"dafbama2018blackpink, blackpink, dafbama2018, black, vote, pink, user, retweet, tweet, rose"
2018-11-06,2018-11-09,133,2,"know, throughout, roundteam, save, engaged, rapist, keep, great, also, followers"
2018-11-06,2018-11-09,2,1,"commonly, terms, conditions, list, used, following, excuse, bot, hurt, run"
2018-11-06,2018-11-09,18,1,"rp, openfollow, retweet, help, jfb, juseyo, pa, helps, open, thank"
2018-11-06,2018-11-09,22,1,"about, talking, hey, fuck, know"
2018-11-06,2018-11-09,103,1,"mag, al, connacht, franoise, jazeera, ahmadi, mubarak, profile, kuwait, around"
2018-11-06,2018-11-09,134,1,"itsfoodporn, food, porn, chocolate, cheese, cream, foodporn, cake, url, ice"
2018-11-09,2018-11-12,0,77,"user, url, you, love, good, going, follow, new, me, go"
2018-11-09,2018-11-12,133,10,"know, throughout, roundteam, save, engaged, rapist, keep, great, also, followers"
2018-11-09,2018-11-12,18,6,"rp, openfollow, retweet, help, jfb, juseyo, pa, helps, open, thank"
2018-11-09,2018-11-12,31,6,"gang, exo, baekhyun, sehun, soft, big, chanyeol, url, exolar, shanyol"
2018-11-09,2018-11-12,103,5,"mag, al, connacht, franoise, jazeera, ahmadi, mubarak, profile, kuwait, around"
2018-11-09,2018-11-12,132,4,"game, doing, games, user, v8pk5, site, online, shaneul, adult, disgrace"
2018-11-09,2018-11-12,56,3,"on, whats, going, man, here, blackhaired, fang, cass, hells, 11000"
2018-11-09,2018-11-12,104,3,"chance, increase, followers, closeup, something, reader, tell, directory, going, tweets"
2018-11-09,2018-11-12,134,3,"itsfoodporn, food, porn, chocolate, cheese, cream, foodporn, cake, url, ice"
2018-11-09,2018-11-12,65,2,"nooooooooooooo, gained, 3oo, lose, that, followed, followers, user, nooooooooooooooo, 1990"
2018-11-09,2018-11-12,5,1,"yeah, that, url, whats, amp, heck, tshirts, doll, charity, advantages"
2018-11-09,2018-11-12,19,1,"quiz, participating, thank, winning, many, possible, new, chances, application, luck"
2018-11-09,2018-11-12,20,1,"jessica, maomaoarmy, url, lovej418, cr, 170214, airport, 170209, red, hong"
2018-11-09,2018-11-12,22,1,"about, talking, hey, fuck, know"
2018-11-09,2018-11-12,46,1,"user, tell, going, whereverververververververververververververververververver, do, you, btsarmy, bestfanarmy, iheartawards, url"
2018-11-09,2018-11-12,58,1,"helps, obg, promotion, link, please, win, url, user, right, carolinapedrosa"
2018-11-09,2018-11-12,59,1,"3oo, lose, that, followed, noooooooooooo, followers, nooooooooooooo, nooooooooooo, user, nooooooooooooooo"
2018-11-09,2018-11-12,68,1,"iranian, saudi, arabia, iran, israel, gaza, narrator, muslims, syria, israeli"
2018-11-09,2018-11-12,74,1,"use, it, going, tracking, download, able, bores, user, happy, forth"
2018-11-09,2018-11-12,83,1,"zuckerberg, owner, facebook, buy, mark, gallery, twitter, going, attention, see"
2018-11-09,2018-11-12,108,1,"bless, you, god, url, wick, it, amp, follow, over, good"
2018-11-09,2018-11-12,112,1,"clans, clash, resources, unlimited, village, gets, user, adoptive, tortured, lucia"
2018-11-09,2018-11-12,120,1,"angel, look, face, body, nasty, six, alone, imagined, four, never"
2018-11-09,2018-11-12,129,1,"time, reporting, beijing, 2018, full, october, september, sexy, november, tuesday"
2018-11-12,2018-11-15,0,49,"user, url, you, love, good, going, follow, new, me, go"
2018-11-12,2018-11-15,31,20,"gang, exo, baekhyun, sehun, soft, big, chanyeol, url, exolar, shanyol"
2018-11-12,2018-11-15,5,6,"yeah, that, url, whats, amp, heck, tshirts, doll, charity, advantages"
2018-11-12,2018-11-15,13,4,"hey, hello, username, follows, case, users, provided, crises, finds, information"
2018-11-12,2018-11-15,132,4,"game, doing, games, user, v8pk5, site, online, shaneul, adult, disgrace"
2018-11-12,2018-11-15,61,3,"donated, user, donations, noooossa, something, retweetd, donation, types, mt, perfectly"
2018-11-12,2018-11-15,6,2,"european, states, rural, affairs, member, committee, plants, food, manufacturer, council"
2018-11-12,2018-11-15,18,2,"rp, openfollow, retweet, help, jfb, juseyo, pa, helps, open, thank"
2018-11-12,2018-11-15,59,2,"3oo, lose, that, followed, noooooooooooo, followers, nooooooooooooo, nooooooooooo, user, nooooooooooooooo"
2018-11-12,2018-11-15,14,1,"playwright, win, philon, katic, stana, castle, collected, coins, crime, gold"
2018-11-12,2018-11-15,20,1,"jessica, maomaoarmy, url, lovej418, cr, 170214, airport, 170209, red, hong"
2018-11-12,2018-11-15,26,1,"matter, whats, you, hope555, oshund, ohjustbecause, nutshell, plzz, deeper, annoying"
2018-11-12,2018-11-15,46,1,"user, tell, going, whereverververververververververververververververververver, do, you, btsarmy, bestfanarmy, iheartawards, url"
2018-11-12,2018-11-15,49,1,"btsarmy, bestfanarmy, user, yoongi, iheartawards, bts, army, url, jhope, best"
2018-11-12,2018-11-15,50,1,"got7, eyesonyou, godseven, lookgot7, youngjae, mark, url, jb, lteyes, yougt"
2018-11-12,2018-11-15,53,1,"game, nba, lebron, finals, playoffs, points, warriors, cavs, james, rockets"
2018-11-12,2018-11-15,54,1,"birthday, congratulations, happy, seventhday, adventist, seventeen, 20th, much, grow, thank"
2018-11-12,2018-11-15,55,1,"redsox, bluejays, sox, yankees, baseball, mlb, game, dodgers, jr, out"
2018-11-12,2018-11-15,65,1,"nooooooooooooo, gained, 3oo, lose, that, followed, followers, user, nooooooooooooooo, 1990"
2018-11-12,2018-11-15,74,1,"use, it, going, tracking, download, able, bores, user, happy, forth"
2018-11-12,2018-11-15,76,1,"que, eu, em, amor, de, nao, pra, vc, linda, kkkkkkkkkkkkkkkkkkkk"
2018-11-12,2018-11-15,86,1,"hair, faster, grow, tips, girls, check, attention, url, tyshawn, demographic"
2018-11-12,2018-11-15,103,1,"mag, al, connacht, franoise, jazeera, ahmadi, mubarak, profile, kuwait, around"
2018-11-12,2018-11-15,104,1,"chance, increase, followers, closeup, something, reader, tell, directory, going, tweets"
2018-11-12,2018-11-15,130,1,"ganesh, ji, ganeshchaturthi, shri, sant, aadiganesha, pm, asaram, chaturthi, sadhana"
2018-11-12,2018-11-15,133,1,"know, throughout, roundteam, save, engaged, rapist, keep, great, also, followers"
2018-11-12,2018-11-15,134,1,"itsfoodporn, food, porn, chocolate, cheese, cream, foodporn, cake, url, ice"
2018-11-15,2018-11-18,0,162,"user, url, you, love, good, going, follow, new, me, go"
2018-11-15,2018-11-18,38,57,"null, cet, utc, wrong, kst, iheart, hour, socialists, rts, alty"
2018-11-15,2018-11-18,41,9,"null, cet, utc, 1224, 0658, 1221, 1223, 2101, 1705, 1659"
2018-11-15,2018-11-18,18,8,"rp, openfollow, retweet, help, jfb, juseyo, pa, helps, open, thank"
2018-11-15,2018-11-18,10,3,"something, tell, detects, going, delicate, situations, accident, buy, url, insurance"
2018-11-15,2018-11-18,26,3,"matter, whats, you, hope555, oshund, ohjustbecause, nutshell, plzz, deeper, annoying"
2018-11-15,2018-11-18,133,3,"know, throughout, roundteam, save, engaged, rapist, keep, great, also, followers"
2018-11-15,2018-11-18,103,2,"mag, al, connacht, franoise, jazeera, ahmadi, mubarak, profile, kuwait, around"
2018-11-15,2018-11-18,132,2,"game, doing, games, user, v8pk5, site, online, shaneul, adult, disgrace"
2018-11-15,2018-11-18,2,1,"commonly, terms, conditions, list, used, following, excuse, bot, hurt, run"
2018-11-15,2018-11-18,5,1,"yeah, that, url, whats, amp, heck, tshirts, doll, charity, advantages"
2018-11-15,2018-11-18,6,1,"european, states, rural, affairs, member, committee, plants, food, manufacturer, council"
2018-11-15,2018-11-18,12,1,"purposes, item, intended, used, regulation, replacement, tips, hiring, insurance, rep"
2018-11-15,2018-11-18,13,1,"hey, hello, username, follows, case, users, provided, crises, finds, information"
2018-11-15,2018-11-18,22,1,"about, talking, hey, fuck, know"
2018-11-15,2018-11-18,31,1,"gang, exo, baekhyun, sehun, soft, big, chanyeol, url, exolar, shanyol"
2018-11-15,2018-11-18,65,1,"nooooooooooooo, gained, 3oo, lose, that, followed, followers, user, nooooooooooooooo, 1990"
2018-11-15,2018-11-18,69,1,"channel, subscribe, user, url, music, please"
2018-11-15,2018-11-18,75,1,"tracking, download, user, follow, url, enormous, indicationmt, commenting, favor, ft"
2018-11-15,2018-11-18,76,1,"que, eu, em, amor, de, nao, pra, vc, linda, kkkkkkkkkkkkkkkkkkkk"
2018-11-15,2018-11-18,135,1,"joined, tinychat, chat, video, menfessterror, content, engaged, followers, share, 68"
2018-11-18,2018-11-21,0,92,"user, url, you, love, good, going, follow, new, me, go"
2018-11-18,2018-11-21,38,91,"null, cet, utc, wrong, kst, iheart, hour, socialists, rts, alty"
2018-11-18,2018-11-21,18,6,"rp, openfollow, retweet, help, jfb, juseyo, pa, helps, open, thank"
2018-11-18,2018-11-21,41,5,"null, cet, utc, 1224, 0658, 1221, 1223, 2101, 1705, 1659"
2018-11-18,2018-11-21,103,3,"mag, al, connacht, franoise, jazeera, ahmadi, mubarak, profile, kuwait, around"
2018-11-18,2018-11-21,65,2,"nooooooooooooo, gained, 3oo, lose, that, followed, followers, user, nooooooooooooooo, 1990"
2018-11-18,2018-11-21,13,1,"hey, hello, username, follows, case, users, provided, crises, finds, information"
2018-11-18,2018-11-21,14,1,"playwright, win, philon, katic, stana, castle, collected, coins, crime, gold"
2018-11-18,2018-11-21,32,1,"listings, garden, light, japanese, flower, stunning, show, allison, mustsee, janney"
2018-11-18,2018-11-21,56,1,"on, whats, going, man, here, blackhaired, fang, cass, hells, 11000"
2018-11-18,2018-11-21,59,1,"3oo, lose, that, followed, noooooooooooo, followers, nooooooooooooo, nooooooooooo, user, nooooooooooooooo"
2018-11-18,2018-11-21,104,1,"chance, increase, followers, closeup, something, reader, tell, directory, going, tweets"
2018-11-18,2018-11-21,133,1,"know, throughout, roundteam, save, engaged, rapist, keep, great, also, followers"
2018-11-21,2018-11-24,0,2,"user, url, you, love, good, going, follow, new, me, go"
2018-11-21,2018-11-24,61,2,"donated, user, donations, noooossa, something, retweetd, donation, types, mt, perfectly"
2018-11-21,2018-11-24,6,1,"european, states, rural, affairs, member, committee, plants, food, manufacturer, council"
2018-11-24,2018-11-27,0,54,"user, url, you, love, good, going, follow, new, me, go"
2018-11-24,2018-11-27,31,11,"gang, exo, baekhyun, sehun, soft, big, chanyeol, url, exolar, shanyol"
2018-11-24,2018-11-27,18,4,"rp, openfollow, retweet, help, jfb, juseyo, pa, helps, open, thank"
2018-11-24,2018-11-27,5,3,"yeah, that, url, whats, amp, heck, tshirts, doll, charity, advantages"
2018-11-24,2018-11-27,13,3,"hey, hello, username, follows, case, users, provided, crises, finds, information"
2018-11-24,2018-11-27,61,3,"donated, user, donations, noooossa, something, retweetd, donation, types, mt, perfectly"
2018-11-24,2018-11-27,26,2,"matter, whats, you, hope555, oshund, ohjustbecause, nutshell, plzz, deeper, annoying"
2018-11-24,2018-11-27,58,2,"helps, obg, promotion, link, please, win, url, user, right, carolinapedrosa"
2018-11-24,2018-11-27,65,2,"nooooooooooooo, gained, 3oo, lose, that, followed, followers, user, nooooooooooooooo, 1990"
2018-11-24,2018-11-27,103,2,"mag, al, connacht, franoise, jazeera, ahmadi, mubarak, profile, kuwait, around"
2018-11-24,2018-11-27,112,2,"clans, clash, resources, unlimited, village, gets, user, adoptive, tortured, lucia"
2018-11-24,2018-11-27,133,2,"know, throughout, roundteam, save, engaged, rapist, keep, great, also, followers"
2018-11-24,2018-11-27,6,1,"european, states, rural, affairs, member, committee, plants, food, manufacturer, council"
2018-11-24,2018-11-27,20,1,"jessica, maomaoarmy, url, lovej418, cr, 170214, airport, 170209, red, hong"
2018-11-24,2018-11-27,32,1,"listings, garden, light, japanese, flower, stunning, show, allison, mustsee, janney"
2018-11-24,2018-11-27,50,1,"got7, eyesonyou, godseven, lookgot7, youngjae, mark, url, jb, lteyes, yougt"
2018-11-24,2018-11-27,52,1,"dafbama2018blackpink, blackpink, dafbama2018, black, vote, pink, user, retweet, tweet, rose"
2018-11-24,2018-11-27,74,1,"use, it, going, tracking, download, able, bores, user, happy, forth"
2018-11-24,2018-11-27,107,1,"league, messi, turin, fiorentina, inter, milan, barcelona, rome, english, madrid"
2018-11-24,2018-11-27,108,1,"bless, you, god, url, wick, it, amp, follow, over, good"
2018-11-24,2018-11-27,114,1,"remember, agata, avenida, brazilian, become, grabriele, julia, humiliated, her, happened"
2018-11-24,2018-11-27,132,1,"game, doing, games, user, v8pk5, site, online, shaneul, adult, disgrace"
2018-11-27,2018-11-30,0,9,"user, url, you, love, good, going, follow, new, me, go"
2018-11-27,2018-11-30,18,2,"rp, openfollow, retweet, help, jfb, juseyo, pa, helps, open, thank"
2018-11-27,2018-11-30,5,1,"yeah, that, url, whats, amp, heck, tshirts, doll, charity, advantages"
2018-11-27,2018-11-30,13,1,"hey, hello, username, follows, case, users, provided, crises, finds, information"
2018-11-27,2018-11-30,61,1,"donated, user, donations, noooossa, something, retweetd, donation, types, mt, perfectly"
2018-11-27,2018-11-30,65,1,"nooooooooooooo, gained, 3oo, lose, that, followed, followers, user, nooooooooooooooo, 1990"
2018-11-27,2018-11-30,73,1,"100factsaboutme, 100, facts, factsabout, hate, 100factsabout, factsaboutme, never, me, love"
2018-11-27,2018-11-30,77,1,"india, delhi, indiajobsearch, punjab, jobs, chandigarh, pradesh, uttar, mba, indiaj"
2018-11-27,2018-11-30,103,1,"mag, al, connacht, franoise, jazeera, ahmadi, mubarak, profile, kuwait, around"
2018-11-30,2018-12-03,0,27,"user, url, you, love, good, going, follow, new, me, go"
2018-11-30,2018-12-03,18,8,"rp, openfollow, retweet, help, jfb, juseyo, pa, helps, open, thank"
2018-11-30,2018-12-03,31,3,"gang, exo, baekhyun, sehun, soft, big, chanyeol, url, exolar, shanyol"
2018-11-30,2018-12-03,104,3,"chance, increase, followers, closeup, something, reader, tell, directory, going, tweets"
2018-11-30,2018-12-03,10,2,"something, tell, detects, going, delicate, situations, accident, buy, url, insurance"
2018-11-30,2018-12-03,26,2,"matter, whats, you, hope555, oshund, ohjustbecause, nutshell, plzz, deeper, annoying"
2018-11-30,2018-12-03,61,2,"donated, user, donations, noooossa, something, retweetd, donation, types, mt, perfectly"
2018-11-30,2018-12-03,5,1,"yeah, that, url, whats, amp, heck, tshirts, doll, charity, advantages"
2018-11-30,2018-12-03,17,1,"fans, voted, music, thank, procedures, incident, you, find, follow, delicate"
2018-11-30,2018-12-03,54,1,"birthday, congratulations, happy, seventhday, adventist, seventeen, 20th, much, grow, thank"
2018-11-30,2018-12-03,73,1,"100factsaboutme, 100, facts, factsabout, hate, 100factsabout, factsaboutme, never, me, love"
2018-11-30,2018-12-03,87,1,"are, men, 10, world, beautiful, appropriate, girls, signs, kissing, check"
2018-11-30,2018-12-03,103,1,"mag, al, connacht, franoise, jazeera, ahmadi, mubarak, profile, kuwait, around"
2018-11-30,2018-12-03,132,1,"game, doing, games, user, v8pk5, site, online, shaneul, adult, disgrace"
2018-11-30,2018-12-03,133,1,"know, throughout, roundteam, save, engaged, rapist, keep, great, also, followers"
2018-12-03,2018-12-06,0,11,"user, url, you, love, good, going, follow, new, me, go"
2018-12-03,2018-12-06,18,8,"rp, openfollow, retweet, help, jfb, juseyo, pa, helps, open, thank"
2018-12-03,2018-12-06,65,3,"nooooooooooooo, gained, 3oo, lose, that, followed, followers, user, nooooooooooooooo, 1990"
2018-12-03,2018-12-06,14,2,"playwright, win, philon, katic, stana, castle, collected, coins, crime, gold"
2018-12-03,2018-12-06,59,1,"3oo, lose, that, followed, noooooooooooo, followers, nooooooooooooo, nooooooooooo, user, nooooooooooooooo"
2018-12-03,2018-12-06,61,1,"donated, user, donations, noooossa, something, retweetd, donation, types, mt, perfectly"
2018-12-03,2018-12-06,77,1,"india, delhi, indiajobsearch, punjab, jobs, chandigarh, pradesh, uttar, mba, indiaj"
2018-12-03,2018-12-06,104,1,"chance, increase, followers, closeup, something, reader, tell, directory, going, tweets"
2018-12-03,2018-12-06,132,1,"game, doing, games, user, v8pk5, site, online, shaneul, adult, disgrace"
2018-12-03,2018-12-06,133,1,"know, throughout, roundteam, save, engaged, rapist, keep, great, also, followers"
2018-12-06,2018-12-09,0,134,"user, url, you, love, good, going, follow, new, me, go"
2018-12-06,2018-12-09,133,10,"know, throughout, roundteam, save, engaged, rapist, keep, great, also, followers"
2018-12-06,2018-12-09,18,6,"rp, openfollow, retweet, help, jfb, juseyo, pa, helps, open, thank"
2018-12-06,2018-12-09,103,6,"mag, al, connacht, franoise, jazeera, ahmadi, mubarak, profile, kuwait, around"
2018-12-06,2018-12-09,6,5,"european, states, rural, affairs, member, committee, plants, food, manufacturer, council"
2018-12-06,2018-12-09,13,5,"hey, hello, username, follows, case, users, provided, crises, finds, information"
2018-12-06,2018-12-09,2,3,"commonly, terms, conditions, list, used, following, excuse, bot, hurt, run"
2018-12-06,2018-12-09,5,3,"yeah, that, url, whats, amp, heck, tshirts, doll, charity, advantages"
2018-12-06,2018-12-09,61,3,"donated, user, donations, noooossa, something, retweetd, donation, types, mt, perfectly"
2018-12-06,2018-12-09,65,3,"nooooooooooooo, gained, 3oo, lose, that, followed, followers, user, nooooooooooooooo, 1990"
2018-12-06,2018-12-09,58,2,"helps, obg, promotion, link, please, win, url, user, right, carolinapedrosa"
2018-12-06,2018-12-09,59,2,"3oo, lose, that, followed, noooooooooooo, followers, nooooooooooooo, nooooooooooo, user, nooooooooooooooo"
2018-12-06,2018-12-09,76,2,"que, eu, em, amor, de, nao, pra, vc, linda, kkkkkkkkkkkkkkkkkkkk"
2018-12-06,2018-12-09,112,2,"clans, clash, resources, unlimited, village, gets, user, adoptive, tortured, lucia"
2018-12-06,2018-12-09,4,1,"twentieth, publication, journal, force, enter, official, union, shall, regulation, european"
2018-12-06,2018-12-09,8,1,"specifications, in, bugatti, w2, advantages, fullrisk, url, stubs, 1099, paycheck"
2018-12-06,2018-12-09,9,1,"at, available, bugatti, specifications, hire, learn, bugpictures, videos, it, car"
2018-12-06,2018-12-09,10,1,"something, tell, detects, going, delicate, situations, accident, buy, url, insurance"
2018-12-06,2018-12-09,22,1,"about, talking, hey, fuck, know"
2018-12-06,2018-12-09,56,1,"on, whats, going, man, here, blackhaired, fang, cass, hells, 11000"
2018-12-06,2018-12-09,66,1,"mt, bf5fcb0378955a5784b49b8daa69d316c72c388c6and, mmmm, a67549ef2e3a26f231609c13d568a43e6bdc387248, fec860eb26e7614c37e150fa5d36da605ab6cc206, bf5fcb0378955a5784b49b8daa69d316c72c388c6, hate, already, user, bf5fcb0378955a5784b49b8daa69d316c72c388c6e"
2018-12-06,2018-12-09,68,1,"iranian, saudi, arabia, iran, israel, gaza, narrator, muslims, syria, israeli"
2018-12-06,2018-12-09,80,1,"marijuana, arrested, tshirt, wearing, two, girls, science, disney, nine, according"
2018-12-06,2018-12-09,104,1,"chance, increase, followers, closeup, something, reader, tell, directory, going, tweets"
2018-12-06,2018-12-09,107,1,"league, messi, turin, fiorentina, inter, milan, barcelona, rome, english, madrid"
2018-12-06,2018-12-09,115,1,"appeared, turned, clear, brown, grew, beautiful, out, showed, up, got"
2018-12-06,2018-12-09,118,1,"waited, carrying, nine, months, babies, belly, baby, woman, daughters, cut"
2018-12-06,2018-12-09,120,1,"angel, look, face, body, nasty, six, alone, imagined, four, never"
2018-12-06,2018-12-09,132,1,"game, doing, games, user, v8pk5, site, online, shaneul, adult, disgrace"
2018-12-06,2018-12-09,134,1,"itsfoodporn, food, porn, chocolate, cheese, cream, foodporn, cake, url, ice"
2018-12-09,2018-12-12,0,141,"user, url, you, love, good, going, follow, new, me, go"
2018-12-09,2018-12-12,18,16,"rp, openfollow, retweet, help, jfb, juseyo, pa, helps, open, thank"
2018-12-09,2018-12-12,31,15,"gang, exo, baekhyun, sehun, soft, big, chanyeol, url, exolar, shanyol"
2018-12-09,2018-12-12,133,9,"know, throughout, roundteam, save, engaged, rapist, keep, great, also, followers"
2018-12-09,2018-12-12,5,7,"yeah, that, url, whats, amp, heck, tshirts, doll, charity, advantages"
2018-12-09,2018-12-12,13,5,"hey, hello, username, follows, case, users, provided, crises, finds, information"
2018-12-09,2018-12-12,65,5,"nooooooooooooo, gained, 3oo, lose, that, followed, followers, user, nooooooooooooooo, 1990"
2018-12-09,2018-12-12,61,4,"donated, user, donations, noooossa, something, retweetd, donation, types, mt, perfectly"
2018-12-09,2018-12-12,10,3,"something, tell, detects, going, delicate, situations, accident, buy, url, insurance"
2018-12-09,2018-12-12,56,3,"on, whats, going, man, here, blackhaired, fang, cass, hells, 11000"
2018-12-09,2018-12-12,59,3,"3oo, lose, that, followed, noooooooooooo, followers, nooooooooooooo, nooooooooooo, user, nooooooooooooooo"
2018-12-09,2018-12-12,76,3,"que, eu, em, amor, de, nao, pra, vc, linda, kkkkkkkkkkkkkkkkkkkk"
2018-12-09,2018-12-12,103,3,"mag, al, connacht, franoise, jazeera, ahmadi, mubarak, profile, kuwait, around"
2018-12-09,2018-12-12,2,2,"commonly, terms, conditions, list, used, following, excuse, bot, hurt, run"
2018-12-09,2018-12-12,22,2,"about, talking, hey, fuck, know"
2018-12-09,2018-12-12,23,2,"telkomsel, interacting, twitter, thank, products, mas, questions, dm, services, myxlcare"
2018-12-09,2018-12-12,26,2,"matter, whats, you, hope555, oshund, ohjustbecause, nutshell, plzz, deeper, annoying"
2018-12-09,2018-12-12,27,2,"guo, wen, china, chinese, guos, united, states, news, weiwei, lies"
2018-12-09,2018-12-12,32,2,"listings, garden, light, japanese, flower, stunning, show, allison, mustsee, janney"
2018-12-09,2018-12-12,58,2,"helps, obg, promotion, link, please, win, url, user, right, carolinapedrosa"
2018-12-09,2018-12-12,109,2,"account, tastedeservesfollowing, luxurious, special, ff, member, states, requirements, regulation, take"
2018-12-09,2018-12-12,6,1,"european, states, rural, affairs, member, committee, plants, food, manufacturer, council"
2018-12-09,2018-12-12,8,1,"specifications, in, bugatti, w2, advantages, fullrisk, url, stubs, 1099, paycheck"
2018-12-09,2018-12-12,17,1,"fans, voted, music, thank, procedures, incident, you, find, follow, delicate"
2018-12-09,2018-12-12,20,1,"jessica, maomaoarmy, url, lovej418, cr, 170214, airport, 170209, red, hong"
2018-12-09,2018-12-12,46,1,"user, tell, going, whereverververververververververververververververververver, do, you, btsarmy, bestfanarmy, iheartawards, url"
2018-12-09,2018-12-12,50,1,"got7, eyesonyou, godseven, lookgot7, youngjae, mark, url, jb, lteyes, yougt"
2018-12-09,2018-12-12,60,1,"rebels, ticket, show, win, about, talking, thats, dressing, room, something"
2018-12-09,2018-12-12,68,1,"iranian, saudi, arabia, iran, israel, gaza, narrator, muslims, syria, israeli"
2018-12-09,2018-12-12,74,1,"use, it, going, tracking, download, able, bores, user, happy, forth"
2018-12-09,2018-12-12,87,1,"are, men, 10, world, beautiful, appropriate, girls, signs, kissing, check"
2018-12-09,2018-12-12,99,1,"appear, stripes, nails, white, check, navi, anita, defamed, fans, paint"
2018-12-09,2018-12-12,102,1,"nicoflowproductions, sor, subscribe, share, support, amp, following, url, user, member"
2018-12-09,2018-12-12,111,1,"bring, going, now, challenge, right, try, voucher, presale, enjoy, eat"
2018-12-09,2018-12-12,112,1,"clans, clash, resources, unlimited, village, gets, user, adoptive, tortured, lucia"
2018-12-09,2018-12-12,114,1,"remember, agata, avenida, brazilian, become, grabriele, julia, humiliated, her, happened"
2018-12-09,2018-12-12,132,1,"game, doing, games, user, v8pk5, site, online, shaneul, adult, disgrace"
2018-12-09,2018-12-12,134,1,"itsfoodporn, food, porn, chocolate, cheese, cream, foodporn, cake, url, ice"
2018-12-09,2018-12-12,135,1,"joined, tinychat, chat, video, menfessterror, content, engaged, followers, share, 68"
2018-12-09,2018-12-12,136,1,"mfterror, confessterror, menfessterror, terror, manfessterror, url, cave, miss, fr, rp"
2018-12-12,2018-12-15,0,4,"user, url, you, love, good, going, follow, new, me, go"
2018-12-12,2018-12-15,5,2,"yeah, that, url, whats, amp, heck, tshirts, doll, charity, advantages"
2018-12-12,2018-12-15,133,2,"know, throughout, roundteam, save, engaged, rapist, keep, great, also, followers"
2018-12-12,2018-12-15,4,1,"twentieth, publication, journal, force, enter, official, union, shall, regulation, european"
2018-12-12,2018-12-15,10,1,"something, tell, detects, going, delicate, situations, accident, buy, url, insurance"
2018-12-12,2018-12-15,52,1,"dafbama2018blackpink, blackpink, dafbama2018, black, vote, pink, user, retweet, tweet, rose"
2018-12-12,2018-12-15,76,1,"que, eu, em, amor, de, nao, pra, vc, linda, kkkkkkkkkkkkkkkkkkkk"
2018-12-12,2018-12-15,99,1,"appear, stripes, nails, white, check, navi, anita, defamed, fans, paint"
2018-12-12,2018-12-15,101,1,"jeans, pocket, interesting, little, check, url, hairy, backpacks, arcteryx, aerios"
2018-12-15,2018-12-18,0,93,"user, url, you, love, good, going, follow, new, me, go"
2018-12-15,2018-12-18,18,11,"rp, openfollow, retweet, help, jfb, juseyo, pa, helps, open, thank"
2018-12-15,2018-12-18,5,6,"yeah, that, url, whats, amp, heck, tshirts, doll, charity, advantages"
2018-12-15,2018-12-18,65,4,"nooooooooooooo, gained, 3oo, lose, that, followed, followers, user, nooooooooooooooo, 1990"
2018-12-15,2018-12-18,133,4,"know, throughout, roundteam, save, engaged, rapist, keep, great, also, followers"
2018-12-15,2018-12-18,13,3,"hey, hello, username, follows, case, users, provided, crises, finds, information"
2018-12-15,2018-12-18,59,3,"3oo, lose, that, followed, noooooooooooo, followers, nooooooooooooo, nooooooooooo, user, nooooooooooooooo"
2018-12-15,2018-12-18,103,3,"mag, al, connacht, franoise, jazeera, ahmadi, mubarak, profile, kuwait, around"
2018-12-15,2018-12-18,134,3,"itsfoodporn, food, porn, chocolate, cheese, cream, foodporn, cake, url, ice"
2018-12-15,2018-12-18,3,2,"no, 90sbabyfollowtrain, follow, teamfollowback, jfb, lovatics, sougofollow, retweet, instantfollow, autofollow"
2018-12-15,2018-12-18,12,2,"purposes, item, intended, used, regulation, replacement, tips, hiring, insurance, rep"
2018-12-15,2018-12-18,22,2,"about, talking, hey, fuck, know"
2018-12-15,2018-12-18,61,2,"donated, user, donations, noooossa, something, retweetd, donation, types, mt, perfectly"
2018-12-15,2018-12-18,76,2,"que, eu, em, amor, de, nao, pra, vc, linda, kkkkkkkkkkkkkkkkkkkk"
2018-12-15,2018-12-18,104,2,"chance, increase, followers, closeup, something, reader, tell, directory, going, tweets"
2018-12-15,2018-12-18,108,2,"bless, you, god, url, wick, it, amp, follow, over, good"
2018-12-15,2018-12-18,132,2,"game, doing, games, user, v8pk5, site, online, shaneul, adult, disgrace"
2018-12-15,2018-12-18,4,1,"twentieth, publication, journal, force, enter, official, union, shall, regulation, european"
2018-12-15,2018-12-18,14,1,"playwright, win, philon, katic, stana, castle, collected, coins, crime, gold"
2018-12-15,2018-12-18,26,1,"matter, whats, you, hope555, oshund, ohjustbecause, nutshell, plzz, deeper, annoying"
2018-12-15,2018-12-18,50,1,"got7, eyesonyou, godseven, lookgot7, youngjae, mark, url, jb, lteyes, yougt"
2018-12-15,2018-12-18,52,1,"dafbama2018blackpink, blackpink, dafbama2018, black, vote, pink, user, retweet, tweet, rose"
2018-12-15,2018-12-18,56,1,"on, whats, going, man, here, blackhaired, fang, cass, hells, 11000"
2018-12-15,2018-12-18,75,1,"tracking, download, user, follow, url, enormous, indicationmt, commenting, favor, ft"
2018-12-15,2018-12-18,82,1,"armpits, clear, careless, intimate, parts, ends, showing, tips, girls, check"
2018-12-15,2018-12-18,130,1,"ganesh, ji, ganeshchaturthi, shri, sant, aadiganesha, pm, asaram, chaturthi, sadhana"
2018-12-18,2018-12-21,0,78,"user, url, you, love, good, going, follow, new, me, go"
2018-12-18,2018-12-21,18,19,"rp, openfollow, retweet, help, jfb, juseyo, pa, helps, open, thank"
2018-12-18,2018-12-21,31,11,"gang, exo, baekhyun, sehun, soft, big, chanyeol, url, exolar, shanyol"
2018-12-18,2018-12-21,133,7,"know, throughout, roundteam, save, engaged, rapist, keep, great, also, followers"
2018-12-18,2018-12-21,65,6,"nooooooooooooo, gained, 3oo, lose, that, followed, followers, user, nooooooooooooooo, 1990"
2018-12-18,2018-12-21,5,4,"yeah, that, url, whats, amp, heck, tshirts, doll, charity, advantages"
2018-12-18,2018-12-21,104,4,"chance, increase, followers, closeup, something, reader, tell, directory, going, tweets"
2018-12-18,2018-12-21,26,3,"matter, whats, you, hope555, oshund, ohjustbecause, nutshell, plzz, deeper, annoying"
2018-12-18,2018-12-21,10,2,"something, tell, detects, going, delicate, situations, accident, buy, url, insurance"
2018-12-18,2018-12-21,56,2,"on, whats, going, man, here, blackhaired, fang, cass, hells, 11000"
2018-12-18,2018-12-21,103,2,"mag, al, connacht, franoise, jazeera, ahmadi, mubarak, profile, kuwait, around"
2018-12-18,2018-12-21,6,1,"european, states, rural, affairs, member, committee, plants, food, manufacturer, council"
2018-12-18,2018-12-21,14,1,"playwright, win, philon, katic, stana, castle, collected, coins, crime, gold"
2018-12-18,2018-12-21,20,1,"jessica, maomaoarmy, url, lovej418, cr, 170214, airport, 170209, red, hong"
2018-12-18,2018-12-21,52,1,"dafbama2018blackpink, blackpink, dafbama2018, black, vote, pink, user, retweet, tweet, rose"
2018-12-18,2018-12-21,59,1,"3oo, lose, that, followed, noooooooooooo, followers, nooooooooooooo, nooooooooooo, user, nooooooooooooooo"
2018-12-18,2018-12-21,73,1,"100factsaboutme, 100, facts, factsabout, hate, 100factsabout, factsaboutme, never, me, love"
2018-12-18,2018-12-21,95,1,"tooth, whitening, home, learn, see, url, teeth, clean, 60e531f296effc1b62047ae05df0d360f166c59729, flaw"
2018-12-18,2018-12-21,108,1,"bless, you, god, url, wick, it, amp, follow, over, good"
2018-12-18,2018-12-21,109,1,"account, tastedeservesfollowing, luxurious, special, ff, member, states, requirements, regulation, take"
2018-12-18,2018-12-21,120,1,"angel, look, face, body, nasty, six, alone, imagined, four, never"
2018-12-18,2018-12-21,125,1,"womans, reaction, husband, took, showing, photo, everyone, amazing, reactions, bonder"
2018-12-18,2018-12-21,132,1,"game, doing, games, user, v8pk5, site, online, shaneul, adult, disgrace"
2018-12-21,2018-12-24,0,17,"user, url, you, love, good, going, follow, new, me, go"
2018-12-21,2018-12-24,65,4,"nooooooooooooo, gained, 3oo, lose, that, followed, followers, user, nooooooooooooooo, 1990"
2018-12-21,2018-12-24,5,3,"yeah, that, url, whats, amp, heck, tshirts, doll, charity, advantages"
2018-12-21,2018-12-24,18,3,"rp, openfollow, retweet, help, jfb, juseyo, pa, helps, open, thank"
2018-12-21,2018-12-24,13,2,"hey, hello, username, follows, case, users, provided, crises, finds, information"
2018-12-21,2018-12-24,31,2,"gang, exo, baekhyun, sehun, soft, big, chanyeol, url, exolar, shanyol"
2018-12-21,2018-12-24,46,2,"user, tell, going, whereverververververververververververververververververver, do, you, btsarmy, bestfanarmy, iheartawards, url"
2018-12-21,2018-12-24,4,1,"twentieth, publication, journal, force, enter, official, union, shall, regulation, european"
2018-12-21,2018-12-24,26,1,"matter, whats, you, hope555, oshund, ohjustbecause, nutshell, plzz, deeper, annoying"
2018-12-21,2018-12-24,59,1,"3oo, lose, that, followed, noooooooooooo, followers, nooooooooooooo, nooooooooooo, user, nooooooooooooooo"
2018-12-21,2018-12-24,61,1,"donated, user, donations, noooossa, something, retweetd, donation, types, mt, perfectly"
2018-12-21,2018-12-24,74,1,"use, it, going, tracking, download, able, bores, user, happy, forth"
2018-12-21,2018-12-24,104,1,"chance, increase, followers, closeup, something, reader, tell, directory, going, tweets"
2018-12-21,2018-12-24,108,1,"bless, you, god, url, wick, it, amp, follow, over, good"
2018-12-21,2018-12-24,132,1,"game, doing, games, user, v8pk5, site, online, shaneul, adult, disgrace"
2018-12-21,2018-12-24,133,1,"know, throughout, roundteam, save, engaged, rapist, keep, great, also, followers"
2018-12-24,2018-12-27,31,84,"gang, exo, baekhyun, sehun, soft, big, chanyeol, url, exolar, shanyol"
2018-12-24,2018-12-27,0,61,"user, url, you, love, good, going, follow, new, me, go"
2018-12-24,2018-12-27,18,16,"rp, openfollow, retweet, help, jfb, juseyo, pa, helps, open, thank"
2018-12-24,2018-12-27,5,14,"yeah, that, url, whats, amp, heck, tshirts, doll, charity, advantages"
2018-12-24,2018-12-27,13,5,"hey, hello, username, follows, case, users, provided, crises, finds, information"
2018-12-24,2018-12-27,65,4,"nooooooooooooo, gained, 3oo, lose, that, followed, followers, user, nooooooooooooooo, 1990"
2018-12-24,2018-12-27,104,4,"chance, increase, followers, closeup, something, reader, tell, directory, going, tweets"
2018-12-24,2018-12-27,103,3,"mag, al, connacht, franoise, jazeera, ahmadi, mubarak, profile, kuwait, around"
2018-12-24,2018-12-27,120,3,"angel, look, face, body, nasty, six, alone, imagined, four, never"
2018-12-24,2018-12-27,56,2,"on, whats, going, man, here, blackhaired, fang, cass, hells, 11000"
2018-12-24,2018-12-27,132,2,"game, doing, games, user, v8pk5, site, online, shaneul, adult, disgrace"
2018-12-24,2018-12-27,3,1,"no, 90sbabyfollowtrain, follow, teamfollowback, jfb, lovatics, sougofollow, retweet, instantfollow, autofollow"
2018-12-24,2018-12-27,14,1,"playwright, win, philon, katic, stana, castle, collected, coins, crime, gold"
2018-12-24,2018-12-27,23,1,"telkomsel, interacting, twitter, thank, products, mas, questions, dm, services, myxlcare"
2018-12-24,2018-12-27,26,1,"matter, whats, you, hope555, oshund, ohjustbecause, nutshell, plzz, deeper, annoying"
2018-12-24,2018-12-27,54,1,"birthday, congratulations, happy, seventhday, adventist, seventeen, 20th, much, grow, thank"
2018-12-24,2018-12-27,59,1,"3oo, lose, that, followed, noooooooooooo, followers, nooooooooooooo, nooooooooooo, user, nooooooooooooooo"
2018-12-24,2018-12-27,74,1,"use, it, going, tracking, download, able, bores, user, happy, forth"
2018-12-24,2018-12-27,111,1,"bring, going, now, challenge, right, try, voucher, presale, enjoy, eat"
2018-12-24,2018-12-27,112,1,"clans, clash, resources, unlimited, village, gets, user, adoptive, tortured, lucia"
2018-12-30,2019-01-02,6,1,"european, states, rural, affairs, member, committee, plants, food, manufacturer, council"
2019-01-08,2019-01-11,0,3,"user, url, you, love, good, going, follow, new, me, go"
2019-01-08,2019-01-11,5,1,"yeah, that, url, whats, amp, heck, tshirts, doll, charity, advantages"
2019-01-11,2019-01-14,31,1,"gang, exo, baekhyun, sehun, soft, big, chanyeol, url, exolar, shanyol"
2019-01-14,2019-01-17,31,5,"gang, exo, baekhyun, sehun, soft, big, chanyeol, url, exolar, shanyol"
2019-01-14,2019-01-17,0,2,"user, url, you, love, good, going, follow, new, me, go"
2019-01-20,2019-01-23,0,2,"user, url, you, love, good, going, follow, new, me, go"
2019-01-20,2019-01-23,133,1,"know, throughout, roundteam, save, engaged, rapist, keep, great, also, followers"
2019-02-01,2019-02-04,31,1,"gang, exo, baekhyun, sehun, soft, big, chanyeol, url, exolar, shanyol"
2019-02-10,2019-02-13,5,3,"yeah, that, url, whats, amp, heck, tshirts, doll, charity, advantages"
2019-02-13,2019-02-16,5,6,"yeah, that, url, whats, amp, heck, tshirts, doll, charity, advantages"
2019-02-22,2019-02-25,5,3,"yeah, that, url, whats, amp, heck, tshirts, doll, charity, advantages"
2019-02-25,2019-02-28,5,3,"yeah, that, url, whats, amp, heck, tshirts, doll, charity, advantages"
2019-02-28,2019-03-03,5,3,"yeah, that, url, whats, amp, heck, tshirts, doll, charity, advantages"
