topic_col,top_percentage,account_relations_configuration,indicators_configuration,model,indicators_runtime_seconds,n_graph_authors,n_all_authors,graph_authors_auc,graph_authors_f1,graph_authors_auc_pr,graph_authors_recall,graph_authors_precision,all_authors_auc,all_authors_f1,all_authors_auc_pr,all_authors_recall,all_authors_precision
BERTopic_topic_10,1.0,interactions,"All (Unweighted Clustering, No Square Clustering)",logistic_regression,3.1921021305024624,1738,1798,0.7619290587145908,0.6530612244897959,0.5267435386654834,0.5161290322580645,0.8888888888888888,0.751647589316684,0.6666666666666666,0.5274940332302747,0.5161290322580645,0.9411764705882352
BERTopic_topic_10,1.0,interactions,"All (Unweighted Clustering, No Square Clustering)",random_forest,3.1921021305024624,1738,1798,0.8275412438346844,0.5909090909090909,0.5492815052739524,0.4193548387096774,1.0,0.8549208609452873,0.5909090909090909,0.6043007976194675,0.4193548387096774,1.0
BERTopic_topic_10,1.0,interactions,"All (Unweighted Clustering, No Square Clustering)",xgboost,3.1921021305024624,1738,1798,0.8027476992270914,0.6222222222222222,0.5224350952518859,0.4516129032258064,1.0,0.835204556656991,0.6086956521739131,0.6265882360878882,0.4516129032258064,0.9333333333333332
BERTopic_topic_10,1.0,interactions,"All but Betweenness and Harmonic (Unweighted Clustering, No Square Clustering)",logistic_regression,3.1921021305024624,1738,1798,0.7999319689324791,0.1714285714285714,0.40641538855258,0.0967741935483871,0.75,0.7998429997991858,0.1714285714285714,0.4287162983892659,0.0967741935483871,0.75
BERTopic_topic_10,1.0,interactions,"All but Betweenness and Harmonic (Unweighted Clustering, No Square Clustering)",random_forest,3.1921021305024624,1738,1798,0.8609709545136724,0.5581395348837209,0.5413031229228366,0.3870967741935484,1.0,0.8457290468627344,0.6222222222222222,0.6254968625285657,0.4516129032258064,1.0
BERTopic_topic_10,1.0,interactions,"All but Betweenness and Harmonic (Unweighted Clustering, No Square Clustering)",xgboost,3.1921021305024624,1738,1798,0.8180168943817677,0.5909090909090909,0.5183037280207814,0.4193548387096774,1.0,0.8486773645873268,0.6666666666666666,0.6100476692193827,0.5161290322580645,0.9411764705882352
BERTopic_topic_10,1.0,interactions,Core Number Only,logistic_regression,3.1921021305024624,1738,1798,0.7751195268061304,0.0,0.109037206138204,0.0,0.0,0.7844350731146283,0.0,0.1082976367840242,0.0,0.0
BERTopic_topic_10,1.0,interactions,Core Number Only,random_forest,3.1921021305024624,1738,1798,0.7260804656348621,0.0,0.1266930334696861,0.0,0.0,0.7039907260346496,0.0,0.0902935563926202,0.0,0.0
BERTopic_topic_10,1.0,interactions,Core Number Only,xgboost,3.1921021305024624,1738,1798,0.7253056673658749,0.0,0.1223979327525495,0.0,0.0,0.7268744180951859,0.0,0.0945915676272622,0.0,0.0
BERTopic_topic_10,1.0,similarity,"All (Unweighted Clustering, No Square Clustering)",logistic_regression,29.496447142213583,1738,1798,0.904378555095716,0.25,0.47353330537064,0.1612903225806451,0.5555555555555556,0.8952845172243824,0.2631578947368421,0.5362216315804877,0.1612903225806451,0.7142857142857143
BERTopic_topic_10,1.0,similarity,"All (Unweighted Clustering, No Square Clustering)",random_forest,29.496447142213583,1738,1798,0.929890205416029,0.6666666666666666,0.7174081464691173,0.5161290322580645,0.9411764705882352,0.9457710352885336,0.7083333333333334,0.7074021443077685,0.5483870967741935,1.0
BERTopic_topic_10,1.0,similarity,"All (Unweighted Clustering, No Square Clustering)",xgboost,29.496447142213583,1738,1798,0.912372205529414,0.6530612244897959,0.6885370615486103,0.5161290322580645,0.8888888888888888,0.9015645252569509,0.64,0.6466600919268142,0.5161290322580645,0.8421052631578947
BERTopic_topic_10,1.0,similarity,"All but Betweenness and Harmonic (Unweighted Clustering, No Square Clustering)",logistic_regression,29.496447142213583,1738,1798,0.9004667687132678,0.1666666666666666,0.4372509616281476,0.0967741935483871,0.6,0.8931850959344251,0.1714285714285714,0.5087008637681104,0.0967741935483871,0.75
BERTopic_topic_10,1.0,similarity,"All but Betweenness and Harmonic (Unweighted Clustering, No Square Clustering)",random_forest,29.496447142213583,1738,1798,0.946312149214808,0.6382978723404256,0.7162987942855791,0.4838709677419355,0.9375,0.9448308596673786,0.6938775510204082,0.6991613792238177,0.5483870967741935,0.9444444444444444
BERTopic_topic_10,1.0,similarity,"All but Betweenness and Harmonic (Unweighted Clustering, No Square Clustering)",xgboost,29.496447142213583,1738,1798,0.908101366290606,0.5957446808510638,0.6684203295867115,0.4516129032258064,0.875,0.9069134855870165,0.6122448979591837,0.6295799604101567,0.4838709677419355,0.8333333333333334
BERTopic_topic_10,1.0,similarity,Core Number Only,logistic_regression,29.496447142213583,1738,1798,0.8152956516809342,0.0,0.1048123407684811,0.0,0.0,0.8290066998922905,0.0,0.1116392943629007,0.0,0.0
BERTopic_topic_10,1.0,similarity,Core Number Only,random_forest,29.496447142213583,1738,1798,0.8007162159608443,0.1052631578947368,0.2460438864974384,0.064516129032258,0.2857142857142857,0.7972050313087609,0.1463414634146341,0.2372826825997603,0.0967741935483871,0.3
BERTopic_topic_10,1.0,similarity,Core Number Only,xgboost,29.496447142213583,1738,1798,0.8004233044201297,0.0,0.2582195415748378,0.0,0.0,0.8019515490077953,0.1463414634146341,0.2422797576029178,0.0967741935483871,0.3
BERTopic_topic_10,1.0,similarity+interactions,"All (Unweighted Clustering, No Square Clustering)",logistic_regression,21.8378887437284,1738,1798,0.8872951981404842,0.2,0.4501252805137562,0.1290322580645161,0.4444444444444444,0.8845318290523394,0.2631578947368421,0.4958229917511916,0.1612903225806451,0.7142857142857143
BERTopic_topic_10,1.0,similarity+interactions,"All (Unweighted Clustering, No Square Clustering)",random_forest,21.8378887437284,1738,1798,0.9096887578660922,0.6666666666666666,0.7147235183211399,0.5161290322580645,0.9411764705882352,0.9078901728827792,0.7058823529411765,0.6933583314378149,0.5806451612903226,0.9
BERTopic_topic_10,1.0,similarity+interactions,"All (Unweighted Clustering, No Square Clustering)",xgboost,21.8378887437284,1738,1798,0.8991439424003628,0.6666666666666666,0.701581891157903,0.5161290322580645,0.9411764705882352,0.8896069518228453,0.6122448979591837,0.6578046217055263,0.4838709677419355,0.8333333333333334
BERTopic_topic_10,1.0,similarity+interactions,"All but Betweenness and Harmonic (Unweighted Clustering, No Square Clustering)",logistic_regression,21.8378887437284,1738,1798,0.8797172931194134,0.1666666666666666,0.3675149988846987,0.0967741935483871,0.6,0.8761158880552058,0.1666666666666666,0.4174063605237018,0.0967741935483871,0.6
BERTopic_topic_10,1.0,similarity+interactions,"All but Betweenness and Harmonic (Unweighted Clustering, No Square Clustering)",random_forest,21.8378887437284,1738,1798,0.9205075873537804,0.6086956521739131,0.7045850554299274,0.4516129032258064,0.9333333333333332,0.9169815798601604,0.6938775510204082,0.6673139687909266,0.5483870967741935,0.9444444444444444
BERTopic_topic_10,1.0,similarity+interactions,"All but Betweenness and Harmonic (Unweighted Clustering, No Square Clustering)",xgboost,21.8378887437284,1738,1798,0.9046242228395412,0.6666666666666666,0.6826988406579672,0.5161290322580645,0.9411764705882352,0.9162057067747412,0.6122448979591837,0.6586616298906637,0.4838709677419355,0.8333333333333334
BERTopic_topic_10,1.0,similarity+interactions,Core Number Only,logistic_regression,21.8378887437284,1738,1798,0.8134436948428672,0.0,0.1042150278665032,0.0,0.0,0.8275005933147123,0.0,0.1109308981227141,0.0,0.0
BERTopic_topic_10,1.0,similarity+interactions,Core Number Only,random_forest,21.8378887437284,1738,1798,0.7989965417540678,0.1052631578947368,0.2453966861178825,0.064516129032258,0.2857142857142857,0.795644157219271,0.1463414634146341,0.2365986159894748,0.0967741935483871,0.3
BERTopic_topic_10,1.0,similarity+interactions,Core Number Only,xgboost,21.8378887437284,1738,1798,0.7979193831849878,0.0,0.2576607835887823,0.0,0.0,0.801276083027548,0.1463414634146341,0.241011604843296,0.0967741935483871,0.3
BERTopic_topic_10,1.0,similarity+text_similarity,"All (Unweighted Clustering, No Square Clustering)",logistic_regression,32.77244912739843,1738,1798,0.864013455033354,0.1714285714285714,0.3443080144350613,0.0967741935483871,0.75,0.858480749219563,0.1714285714285714,0.3896667044640189,0.0967741935483871,0.75
BERTopic_topic_10,1.0,similarity+text_similarity,"All (Unweighted Clustering, No Square Clustering)",random_forest,32.77244912739843,1738,1798,0.9139973921424118,0.6530612244897959,0.6965559895205831,0.5161290322580645,0.8888888888888888,0.9335304963762164,0.68,0.7277404286801745,0.5483870967741935,0.8947368421052632
BERTopic_topic_10,1.0,similarity+text_similarity,"All (Unweighted Clustering, No Square Clustering)",xgboost,32.77244912739843,1738,1798,0.9039439121643328,0.5833333333333334,0.6444022429724475,0.4516129032258064,0.8235294117647058,0.9058181353487776,0.5652173913043478,0.6502092712287495,0.4193548387096774,0.8666666666666667
BERTopic_topic_10,1.0,similarity+text_similarity,"All but Betweenness and Harmonic (Unweighted Clustering, No Square Clustering)",logistic_regression,32.77244912739843,1738,1798,0.879660600563146,0.1714285714285714,0.3957714853027478,0.0967741935483871,0.75,0.8669149460540008,0.1714285714285714,0.4491470216505613,0.0967741935483871,0.75
BERTopic_topic_10,1.0,similarity+text_similarity,"All but Betweenness and Harmonic (Unweighted Clustering, No Square Clustering)",random_forest,32.77244912739843,1738,1798,0.9489578018406184,0.6666666666666666,0.6953282655079016,0.5161290322580645,0.9411764705882352,0.9434799277068844,0.6938775510204082,0.6859933725439797,0.5483870967741935,0.9444444444444444
BERTopic_topic_10,1.0,similarity+text_similarity,"All but Betweenness and Harmonic (Unweighted Clustering, No Square Clustering)",xgboost,32.77244912739843,1738,1798,0.9182587826218418,0.5769230769230769,0.6324678194717275,0.4838709677419355,0.7142857142857143,0.9101995363017324,0.5777777777777777,0.6117562904010495,0.4193548387096774,0.9285714285714286
BERTopic_topic_10,1.0,similarity+text_similarity,Core Number Only,logistic_regression,32.77244912739843,1738,1798,0.8066500368501616,0.0,0.1762634625340253,0.0,0.0,0.8211566898515802,0.0,0.194895169018884,0.0,0.0
BERTopic_topic_10,1.0,similarity+text_similarity,Core Number Only,random_forest,32.77244912739843,1738,1798,0.7514503845645066,0.0,0.170267806303295,0.0,0.0,0.7459974076711027,0.0,0.1745035168821512,0.0,0.0
BERTopic_topic_10,1.0,similarity+text_similarity,Core Number Only,xgboost,32.77244912739843,1738,1798,0.7429276036056467,0.0,0.174678368037102,0.0,0.0,0.7414699600197162,0.0,0.1833539815996676,0.0,0.0
BERTopic_topic_10,1.0,similarity+text_similarity+interactions,"All (Unweighted Clustering, No Square Clustering)",logistic_regression,41.28012172400486,1738,1798,0.8535820246801594,0.1666666666666666,0.3116879664022102,0.0967741935483871,0.6,0.8496996914763496,0.1714285714285714,0.3713165803492155,0.0967741935483871,0.75
BERTopic_topic_10,1.0,similarity+text_similarity+interactions,"All (Unweighted Clustering, No Square Clustering)",random_forest,41.28012172400486,1738,1798,0.9117769336886068,0.6530612244897959,0.6913064669102185,0.5161290322580645,0.8888888888888888,0.91234459718495,0.6938775510204082,0.7069462228298508,0.5483870967741935,0.9444444444444444
BERTopic_topic_10,1.0,similarity+text_similarity+interactions,"All (Unweighted Clustering, No Square Clustering)",xgboost,41.28012172400486,1738,1798,0.9119186650792752,0.5882352941176471,0.6562191707507563,0.4838709677419355,0.75,0.8992642897566497,0.6666666666666666,0.6567544409015647,0.5161290322580645,0.9411764705882352
BERTopic_topic_10,1.0,similarity+text_similarity+interactions,"All but Betweenness and Harmonic (Unweighted Clustering, No Square Clustering)",logistic_regression,41.28012172400486,1738,1798,0.8774684883874747,0.1714285714285714,0.3868713497715956,0.0967741935483871,0.75,0.8657648283038502,0.1714285714285714,0.4425253603989727,0.0967741935483871,0.75
BERTopic_topic_10,1.0,similarity+text_similarity+interactions,"All but Betweenness and Harmonic (Unweighted Clustering, No Square Clustering)",random_forest,41.28012172400486,1738,1798,0.927216206512085,0.6530612244897959,0.6646709445662798,0.5161290322580645,0.8888888888888888,0.9257352538474176,0.6938775510204082,0.670925174552963,0.5483870967741935,0.9444444444444444
BERTopic_topic_10,1.0,similarity+text_similarity+interactions,"All but Betweenness and Harmonic (Unweighted Clustering, No Square Clustering)",xgboost,41.28012172400486,1738,1798,0.9180981537124177,0.5660377358490566,0.6341288995430019,0.4838709677419355,0.6818181818181818,0.9117877941471786,0.6122448979591837,0.6383845611505471,0.4838709677419355,0.8333333333333334
BERTopic_topic_10,1.0,similarity+text_similarity+interactions,Core Number Only,logistic_regression,41.28012172400486,1738,1798,0.8043634370807113,0.0,0.1761140222734168,0.0,0.0,0.8197601182978258,0.0,0.1955784013273518,0.0,0.0
BERTopic_topic_10,1.0,similarity+text_similarity+interactions,Core Number Only,random_forest,41.28012172400486,1738,1798,0.7474913543851692,0.0,0.1621214659796562,0.0,0.0,0.7430490899465103,0.0,0.1772295594247689,0.0,0.0
BERTopic_topic_10,1.0,similarity+text_similarity+interactions,Core Number Only,xgboost,41.28012172400486,1738,1798,0.7408583253018879,0.0,0.172134141089888,0.0,0.0,0.7386129214816439,0.0,0.1783240970364089,0.0,0.0
BERTopic_topic_10,1.0,text_similarity,"All (Unweighted Clustering, No Square Clustering)",logistic_regression,27.42913974216208,1738,1798,0.8606307991760681,0.2222222222222222,0.3000730596693365,0.1290322580645161,0.8,0.8564178396042134,0.1714285714285714,0.3295886678580619,0.0967741935483871,0.75
BERTopic_topic_10,1.0,text_similarity,"All (Unweighted Clustering, No Square Clustering)",random_forest,27.42913974216208,1738,1798,0.9423058752385812,0.72,0.6951519595402738,0.5806451612903226,0.9473684210526316,0.9483177245924383,0.6938775510204082,0.7258985816152475,0.5483870967741935,0.9444444444444444
BERTopic_topic_10,1.0,text_similarity,"All (Unweighted Clustering, No Square Clustering)",xgboost,27.42913974216208,1738,1798,0.9300224880473196,0.64,0.66617735026358,0.5161290322580645,0.8421052631578947,0.9440002190700476,0.5909090909090909,0.6913934206986263,0.4193548387096774,1.0
BERTopic_topic_10,1.0,text_similarity,"All but Betweenness and Harmonic (Unweighted Clustering, No Square Clustering)",logistic_regression,27.42913974216208,1738,1798,0.8674339059281515,0.2222222222222222,0.3027569213436499,0.1290322580645161,0.8,0.8637749420377167,0.2222222222222222,0.3705162782591373,0.1290322580645161,0.8
BERTopic_topic_10,1.0,text_similarity,"All but Betweenness and Harmonic (Unweighted Clustering, No Square Clustering)",random_forest,27.42913974216208,1738,1798,0.9255815711397094,0.6666666666666666,0.685922897249946,0.5161290322580645,0.9411764705882352,0.9490388301659456,0.6666666666666666,0.7278990966146317,0.5161290322580645,0.9411764705882352
BERTopic_topic_10,1.0,text_similarity,"All but Betweenness and Harmonic (Unweighted Clustering, No Square Clustering)",xgboost,27.42913974216208,1738,1798,0.9371090575807396,0.64,0.6833172973990618,0.5161290322580645,0.8421052631578947,0.941252715555799,0.6086956521739131,0.7018112632641419,0.4516129032258064,0.9333333333333332
BERTopic_topic_10,1.0,text_similarity,Core Number Only,logistic_regression,27.42913974216208,1738,1798,0.799865827616834,0.0,0.1435185270963365,0.0,0.0,0.8175968015773044,0.0,0.1792324256317509,0.0,0.0
BERTopic_topic_10,1.0,text_similarity,Core Number Only,random_forest,27.42913974216208,1738,1798,0.8153334467184459,0.0,0.2266417926489407,0.0,0.0,0.8010205013052923,0.0,0.224920796284397,0.0,0.0
BERTopic_topic_10,1.0,text_similarity,Core Number Only,xgboost,27.42913974216208,1738,1798,0.8053650055747681,0.0,0.2285808166622412,0.0,0.0,0.8014312576446319,0.0,0.22770824093231,0.0,0.0
BERTopic_topic_10,1.0,text_similarity+interactions,"All (Unweighted Clustering, No Square Clustering)",logistic_regression,40.68488879594952,1738,1798,0.8545835931742162,0.21621621621621623,0.28727775865189653,0.12903225806451613,0.6666666666666666,0.8479471310951676,0.17142857142857143,0.3152305861465629,0.0967741935483871,0.75
BERTopic_topic_10,1.0,text_similarity+interactions,"All (Unweighted Clustering, No Square Clustering)",random_forest,40.68488879594952,1738,1798,0.9082430976812745,0.72,0.6820817210853884,0.5806451612903226,0.9473684210526315,0.9214907716742429,0.72,0.6932694211480994,0.5806451612903226,0.9473684210526315
BERTopic_topic_10,1.0,text_similarity+interactions,"All (Unweighted Clustering, No Square Clustering)",xgboost,40.68488879594952,1738,1798,0.8957612865430769,0.6296296296296297,0.6342161125330442,0.5483870967741935,0.7391304347826086,0.9156854154115779,0.6808510638297872,0.666411756680186,0.5161290322580645,1.0
BERTopic_topic_10,1.0,text_similarity+interactions,"All but Betweenness and Harmonic (Unweighted Clustering, No Square Clustering)",logistic_regression,40.68488879594952,1738,1798,0.8590812026380937,0.21621621621621623,0.28128392235829874,0.12903225806451613,0.6666666666666666,0.8586633075926027,0.2222222222222222,0.36313714285083243,0.12903225806451613,0.8
BERTopic_topic_10,1.0,text_similarity+interactions,"All but Betweenness and Harmonic (Unweighted Clustering, No Square Clustering)",random_forest,40.68488879594952,1738,1798,0.919222556078387,0.6666666666666666,0.6701432706990027,0.5161290322580645,0.9411764705882353,0.9409423663216313,0.625,0.6909635990101952,0.4838709677419355,0.8823529411764706
BERTopic_topic_10,1.0,text_similarity+interactions,"All but Betweenness and Harmonic (Unweighted Clustering, No Square Clustering)",xgboost,40.68488879594952,1738,1798,0.913978494623656,0.6415094339622641,0.6646859179796639,0.5483870967741935,0.7727272727272727,0.924621647771875,0.6808510638297872,0.678382730764742,0.5161290322580645,1.0
BERTopic_topic_10,1.0,text_similarity+interactions,Core Number Only,logistic_regression,40.68488879594952,1738,1798,0.7980044220193888,0.0,0.14153838003550007,0.0,0.0,0.8160633112437702,0.0,0.17798388991395458,0.0,0.0
BERTopic_topic_10,1.0,text_similarity+interactions,Core Number Only,random_forest,40.68488879594952,1738,1798,0.8146342385244818,0.0,0.22710140312045085,0.0,0.0,0.8008744546068606,0.0,0.22556230847314906,0.0,0.0
BERTopic_topic_10,1.0,text_similarity+interactions,Core Number Only,xgboost,40.68488879594952,1738,1798,0.8036925751648809,0.0,0.22852411793970195,0.0,0.0,0.8024079449403947,0.0,0.23072579085734574,0.0,0.0
BERTopic_topic_10,5.0,interactions,"All (Unweighted Clustering, No Square Clustering)",logistic_regression,3.226433645002544,1796,1798,0.7494288586310883,0.6086956521739131,0.5286784050806749,0.4516129032258064,0.9333333333333332,0.7543494532376728,0.6086956521739131,0.5289707486570732,0.4516129032258064,0.9333333333333332
BERTopic_topic_10,5.0,interactions,"All (Unweighted Clustering, No Square Clustering)",random_forest,3.226433645002544,1796,1798,0.8680343598647539,0.5909090909090909,0.6143882528573323,0.4193548387096774,1.0,0.8360078134983661,0.6222222222222222,0.5990138319529907,0.4516129032258064,1.0
BERTopic_topic_10,5.0,interactions,"All (Unweighted Clustering, No Square Clustering)",xgboost,3.226433645002544,1796,1798,0.8235036096134516,0.5909090909090909,0.5981287155156239,0.4193548387096774,1.0,0.8345473465140479,0.5909090909090909,0.6400440349483277,0.4193548387096774,1.0
BERTopic_topic_10,5.0,interactions,"All but Betweenness and Harmonic (Unweighted Clustering, No Square Clustering)",logistic_regression,3.226433645002544,1796,1798,0.7942794480489811,0.1714285714285714,0.4294559417908928,0.0967741935483871,0.75,0.8016138160176717,0.1714285714285714,0.4356824657416978,0.0967741935483871,0.75
BERTopic_topic_10,5.0,interactions,"All but Betweenness and Harmonic (Unweighted Clustering, No Square Clustering)",random_forest,3.226433645002544,1796,1798,0.8859636297176277,0.5909090909090909,0.6141670575985033,0.4193548387096774,1.0,0.852693648794202,0.5909090909090909,0.640088715880619,0.4193548387096774,1.0
BERTopic_topic_10,5.0,interactions,"All but Betweenness and Harmonic (Unweighted Clustering, No Square Clustering)",xgboost,3.226433645002544,1796,1798,0.8428767248469341,0.6521739130434783,0.6148469374986819,0.4838709677419355,1.0,0.8315716450334996,0.6808510638297872,0.6251782152003423,0.5161290322580645,1.0
BERTopic_topic_10,5.0,interactions,Core Number Only,logistic_regression,3.226433645002544,1796,1798,0.7787626793383898,0.0,0.1105836446284201,0.0,0.0,0.7844442010332804,0.0,0.1150293068026575,0.0,0.0
BERTopic_topic_10,5.0,interactions,Core Number Only,random_forest,3.226433645002544,1796,1798,0.6926893904779312,0.0,0.0903777629534117,0.0,0.0,0.7043467148620771,0.0,0.0934744812379758,0.0,0.0
BERTopic_topic_10,5.0,interactions,Core Number Only,xgboost,3.226433645002544,1796,1798,0.7051082884035457,0.0,0.0900461002460394,0.0,0.0,0.7266644759661901,0.0,0.0971477676101611,0.0,0.0
BERTopic_topic_10,5.0,similarity,"All (Unweighted Clustering, No Square Clustering)",logistic_regression,29.905041784979403,1796,1798,0.9154528008772732,0.2162162162162162,0.5195338843396591,0.1290322580645161,0.6666666666666666,0.9161144275882214,0.2631578947368421,0.504566809381535,0.1612903225806451,0.7142857142857143
BERTopic_topic_10,5.0,similarity,"All (Unweighted Clustering, No Square Clustering)",random_forest,29.905041784979403,1796,1798,0.924262085351366,0.72,0.7406107040248466,0.5806451612903226,0.9473684210526316,0.9087299413987624,0.6938775510204082,0.7025331664420388,0.5483870967741935,0.9444444444444444
BERTopic_topic_10,5.0,similarity,"All (Unweighted Clustering, No Square Clustering)",xgboost,29.905041784979403,1796,1798,0.9167869871150508,0.6538461538461539,0.681417446886794,0.5483870967741935,0.8095238095238095,0.9110027931431074,0.6274509803921569,0.6594668522545086,0.5161290322580645,0.8
BERTopic_topic_10,5.0,similarity,"All but Betweenness and Harmonic (Unweighted Clustering, No Square Clustering)",logistic_regression,29.905041784979403,1796,1798,0.9034085716896646,0.1621621621621621,0.4895631578801223,0.0967741935483871,0.5,0.903098015590485,0.1621621621621621,0.4825251382157886,0.0967741935483871,0.5
BERTopic_topic_10,5.0,similarity,"All but Betweenness and Harmonic (Unweighted Clustering, No Square Clustering)",random_forest,29.905041784979403,1796,1798,0.9334917298729782,0.7083333333333334,0.7348656715859492,0.5483870967741935,1.0,0.9107928510141118,0.6938775510204082,0.6978554529048454,0.5483870967741935,0.9444444444444444
BERTopic_topic_10,5.0,similarity,"All but Betweenness and Harmonic (Unweighted Clustering, No Square Clustering)",xgboost,29.905041784979403,1796,1798,0.922873069542173,0.6538461538461539,0.6819489413074364,0.5483870967741935,0.8095238095238095,0.913029191083849,0.6274509803921569,0.6556839061322178,0.5161290322580645,0.8
BERTopic_topic_10,5.0,similarity,Core Number Only,logistic_regression,29.905041784979403,1796,1798,0.8196198483048525,0.0,0.1005654761124013,0.0,0.0,0.8204538401153769,0.0,0.1013734511170477,0.0,0.0
BERTopic_topic_10,5.0,similarity,Core Number Only,random_forest,29.905041784979403,1796,1798,0.7643333637942064,0.0,0.2159759667911711,0.0,0.0,0.7639337678222613,0.0,0.2066889790980443,0.0,0.0
BERTopic_topic_10,5.0,similarity,Core Number Only,xgboost,29.905041784979403,1796,1798,0.7695970026500958,0.0,0.21918996282074,0.0,0.0,0.7675666794457527,0.0,0.2113166918313856,0.0,0.0
BERTopic_topic_10,5.0,similarity+interactions,"All (Unweighted Clustering, No Square Clustering)",logistic_regression,22.316474397666752,1796,1798,0.9096774193548388,0.2162162162162162,0.4544070286845898,0.1290322580645161,0.6666666666666666,0.9096518611826132,0.2162162162162162,0.4473348159793449,0.1290322580645161,0.6666666666666666
BERTopic_topic_10,5.0,similarity+interactions,"All (Unweighted Clustering, No Square Clustering)",random_forest,22.316474397666752,1796,1798,0.9100795028785524,0.6938775510204082,0.7206224370488732,0.5483870967741935,0.9444444444444444,0.9080909870931232,0.6938775510204082,0.692699996856902,0.5483870967741935,0.9444444444444444
BERTopic_topic_10,5.0,similarity+interactions,"All (Unweighted Clustering, No Square Clustering)",xgboost,22.316474397666752,1796,1798,0.917463218495842,0.6415094339622641,0.6587170874545514,0.5483870967741935,0.7727272727272727,0.9181955930408748,0.6153846153846154,0.6329736582464572,0.5161290322580645,0.7619047619047619
BERTopic_topic_10,5.0,similarity+interactions,"All but Betweenness and Harmonic (Unweighted Clustering, No Square Clustering)",logistic_regression,22.316474397666752,1796,1798,0.910024673307137,0.1621621621621621,0.2896145328735197,0.0967741935483871,0.5,0.9083009292221188,0.1621621621621621,0.2857377985831319,0.0967741935483871,0.5
BERTopic_topic_10,5.0,similarity+interactions,"All but Betweenness and Harmonic (Unweighted Clustering, No Square Clustering)",random_forest,22.316474397666752,1796,1798,0.9265100977794024,0.6938775510204082,0.7116612874538712,0.5483870967741935,0.9444444444444444,0.9095788378333972,0.6938775510204082,0.6863993711430203,0.5483870967741935,0.9444444444444444
BERTopic_topic_10,5.0,similarity+interactions,"All but Betweenness and Harmonic (Unweighted Clustering, No Square Clustering)",xgboost,22.316474397666752,1796,1798,0.9228182399707576,0.6415094339622641,0.6564140267759293,0.5483870967741935,0.7727272727272727,0.910546397210508,0.6153846153846154,0.6346463662095284,0.5161290322580645,0.7619047619047619
BERTopic_topic_10,5.0,similarity+interactions,Core Number Only,logistic_regression,22.316474397666752,1796,1798,0.8184501507813216,0.0,0.0997699919425237,0.0,0.0,0.8190937802362306,0.0,0.1002234845472318,0.0,0.0
BERTopic_topic_10,5.0,similarity+interactions,Core Number Only,random_forest,22.316474397666752,1796,1798,0.7628438271040847,0.0,0.2079750788871392,0.0,0.0,0.7621446957664714,0.0,0.1996154466336936,0.0,0.0
BERTopic_topic_10,5.0,similarity+interactions,Core Number Only,xgboost,22.316474397666752,1796,1798,0.7663163666270676,0.0,0.2106627383336327,0.0,0.0,0.7661792358106504,0.0,0.2039124991146813,0.0,0.0
BERTopic_topic_10,5.0,similarity+text_similarity,"All (Unweighted Clustering, No Square Clustering)",logistic_regression,36.61524278298021,1796,1798,0.9079777026409576,0.2222222222222222,0.3458361812384252,0.1290322580645161,0.8,0.8937145152162403,0.2222222222222222,0.3224442484678091,0.1290322580645161,0.8
BERTopic_topic_10,5.0,similarity+text_similarity,"All (Unweighted Clustering, No Square Clustering)",random_forest,36.61524278298021,1796,1798,0.9114045508544274,0.6938775510204082,0.7204190656139318,0.5483870967741935,0.9444444444444444,0.9148912864888548,0.6938775510204082,0.7252311773411144,0.5483870967741935,0.9444444444444444
BERTopic_topic_10,5.0,similarity+text_similarity,"All (Unweighted Clustering, No Square Clustering)",xgboost,36.61524278298021,1796,1798,0.9025861281184318,0.6122448979591837,0.6685727199822259,0.4838709677419355,0.8333333333333334,0.8946455629187432,0.6666666666666666,0.6777353912778741,0.5161290322580645,0.9411764705882352
BERTopic_topic_10,5.0,similarity+text_similarity,"All but Betweenness and Harmonic (Unweighted Clustering, No Square Clustering)",logistic_regression,36.61524278298021,1796,1798,0.9034634012610802,0.2162162162162162,0.3849214938665096,0.1290322580645161,0.6666666666666666,0.902185223725286,0.2162162162162162,0.3810407236081007,0.1290322580645161,0.6666666666666666
BERTopic_topic_10,5.0,similarity+text_similarity,"All but Betweenness and Harmonic (Unweighted Clustering, No Square Clustering)",random_forest,36.61524278298021,1796,1798,0.9151146851868774,0.7083333333333334,0.6906407349731959,0.5483870967741935,1.0,0.8993646968618216,0.6938775510204082,0.7040541790643626,0.5483870967741935,0.9444444444444444
BERTopic_topic_10,5.0,similarity+text_similarity,"All but Betweenness and Harmonic (Unweighted Clustering, No Square Clustering)",xgboost,36.61524278298021,1796,1798,0.91671388101983,0.52,0.636282665944025,0.4193548387096774,0.6842105263157895,0.8955218431093341,0.5714285714285714,0.6446894357916609,0.4516129032258064,0.7777777777777778
BERTopic_topic_10,5.0,similarity+text_similarity,Core Number Only,logistic_regression,36.61524278298021,1796,1798,0.8098875993785981,0.0,0.1875262214580112,0.0,0.0,0.8127042371798383,0.0,0.1857836607554768,0.0,0.0
BERTopic_topic_10,5.0,similarity+text_similarity,Core Number Only,random_forest,36.61524278298021,1796,1798,0.7629443479850132,0.0,0.1609401304560775,0.0,0.0,0.7638059769611333,0.0,0.1609140786397818,0.0,0.0
BERTopic_topic_10,5.0,similarity+text_similarity,Core Number Only,xgboost,36.61524278298021,1796,1798,0.7484053732979987,0.0,0.1628502744722929,0.0,0.0,0.746663745732698,0.0,0.163782498897702,0.0,0.0
BERTopic_topic_10,5.0,similarity+text_similarity+interactions,"All (Unweighted Clustering, No Square Clustering)",logistic_regression,39.68969817500329,1796,1798,0.9001370739285388,0.2222222222222222,0.3483342588655842,0.1290322580645161,0.8,0.8930025375613851,0.2222222222222222,0.3433956471037355,0.1290322580645161,0.8
BERTopic_topic_10,5.0,similarity+text_similarity+interactions,"All (Unweighted Clustering, No Square Clustering)",random_forest,39.68969817500329,1796,1798,0.9267476925888696,0.7083333333333334,0.7111609388946554,0.5483870967741935,1.0,0.9108841302006316,0.6938775510204082,0.7191313363901699,0.5483870967741935,0.9444444444444444
BERTopic_topic_10,5.0,similarity+text_similarity+interactions,"All (Unweighted Clustering, No Square Clustering)",xgboost,39.68969817500329,1796,1798,0.872466416887508,0.5925925925925926,0.6500870061815202,0.5161290322580645,0.6956521739130435,0.877393796666484,0.6938775510204082,0.6915823380106552,0.5483870967741935,0.9444444444444444
BERTopic_topic_10,5.0,similarity+text_similarity+interactions,"All but Betweenness and Harmonic (Unweighted Clustering, No Square Clustering)",logistic_regression,39.68969817500329,1796,1798,0.8869414237412044,0.2162162162162162,0.3673070614909305,0.1290322580645161,0.6666666666666666,0.8867407853661208,0.2162162162162162,0.3673395326948896,0.1290322580645161,0.6666666666666666
BERTopic_topic_10,5.0,similarity+text_similarity+interactions,"All but Betweenness and Harmonic (Unweighted Clustering, No Square Clustering)",random_forest,39.68969817500329,1796,1798,0.9265832038746232,0.7083333333333334,0.673704888728741,0.5483870967741935,1.0,0.9118790733336986,0.6938775510204082,0.6793494355175833,0.5483870967741935,0.9444444444444444
BERTopic_topic_10,5.0,similarity+text_similarity+interactions,"All but Betweenness and Harmonic (Unweighted Clustering, No Square Clustering)",xgboost,39.68969817500329,1796,1798,0.88646623412227,0.5818181818181818,0.5462475582923577,0.5161290322580645,0.6666666666666666,0.8840206656078281,0.6,0.6361332728648875,0.4838709677419355,0.7894736842105263
BERTopic_topic_10,5.0,similarity+text_similarity+interactions,Core Number Only,logistic_regression,39.68969817500329,1796,1798,0.8083340948551585,0.0,0.1873922190391179,0.0,0.0,0.8111159793343922,0.0,0.1843637804292409,0.0,0.0
BERTopic_topic_10,5.0,similarity+text_similarity+interactions,Core Number Only,random_forest,39.68969817500329,1796,1798,0.7612811843187425,0.0,0.1577244031743911,0.0,0.0,0.7621994632783832,0.0,0.1576946655897891,0.0,0.0
BERTopic_topic_10,5.0,similarity+text_similarity+interactions,Core Number Only,xgboost,39.68969817500329,1796,1798,0.7484510646075117,0.0,0.1617060563699827,0.0,0.0,0.7487357832666994,0.0,0.1635089040875766,0.0,0.0
BERTopic_topic_10,5.0,text_similarity,"All (Unweighted Clustering, No Square Clustering)",logistic_regression,28.831896122079343,1796,1798,0.8958420908343233,0.1714285714285714,0.291956238531893,0.0967741935483871,0.75,0.8953940522482063,0.1714285714285714,0.2982807768935468,0.0967741935483871,0.75
BERTopic_topic_10,5.0,text_similarity,"All (Unweighted Clustering, No Square Clustering)",random_forest,28.831896122079343,1796,1798,0.928356026683725,0.6521739130434783,0.6942388171881246,0.4838709677419355,1.0,0.9531646493966446,0.6382978723404256,0.6783664565878602,0.4838709677419355,0.9375
BERTopic_topic_10,5.0,text_similarity,"All (Unweighted Clustering, No Square Clustering)",xgboost,28.831896122079343,1796,1798,0.9217399250662524,0.5416666666666666,0.6007735668779204,0.4193548387096774,0.7647058823529411,0.9300253756138523,0.5416666666666666,0.628026337515192,0.4193548387096774,0.7647058823529411
BERTopic_topic_10,5.0,text_similarity,"All but Betweenness and Harmonic (Unweighted Clustering, No Square Clustering)",logistic_regression,28.831896122079343,1796,1798,0.9060038380699992,0.1714285714285714,0.276713849523335,0.0967741935483871,0.75,0.9047592967851472,0.1714285714285714,0.2724044798243765,0.0967741935483871,0.75
BERTopic_topic_10,5.0,text_similarity,"All but Betweenness and Harmonic (Unweighted Clustering, No Square Clustering)",random_forest,28.831896122079343,1796,1798,0.9314264826829936,0.6222222222222222,0.7290375190703018,0.4516129032258064,1.0,0.9309746791536594,0.6382978723404256,0.7030180679833142,0.4838709677419355,0.9375
BERTopic_topic_10,5.0,text_similarity,"All but Betweenness and Harmonic (Unweighted Clustering, No Square Clustering)",xgboost,28.831896122079343,1796,1798,0.9168966462578818,0.5106382978723404,0.5808199767726168,0.3870967741935484,0.75,0.9241287401646676,0.4782608695652174,0.6326504215134863,0.3548387096774194,0.7333333333333333
BERTopic_topic_10,5.0,text_similarity,Core Number Only,logistic_regression,28.831896122079343,1796,1798,0.8086265192360413,0.0,0.1462302363908519,0.0,0.0,0.8067345783814375,0.0,0.1347250109855738,0.0,0.0
BERTopic_topic_10,5.0,text_similarity,Core Number Only,random_forest,28.831896122079343,1796,1798,0.794544457644156,0.0,0.1336710641030422,0.0,0.0,0.7948774120525038,0.0,0.1395466680965081,0.0,0.0
BERTopic_topic_10,5.0,text_similarity,Core Number Only,xgboost,28.831896122079343,1796,1798,0.7940144384538061,0.0,0.1363177317430301,0.0,0.0,0.7948409003778957,0.0,0.1411645102839163,0.0,0.0
BERTopic_topic_10,5.0,text_similarity+interactions,"All (Unweighted Clustering, No Square Clustering)",logistic_regression,41.65810876106843,1796,1798,0.9124006214018093,0.17142857142857143,0.29701749400546534,0.0967741935483871,0.75,0.9084834875951586,0.17142857142857143,0.3020972303375049,0.0967741935483871,0.75
BERTopic_topic_10,5.0,text_similarity+interactions,"All (Unweighted Clustering, No Square Clustering)",random_forest,41.65810876106843,1796,1798,0.9082335739742302,0.6521739130434783,0.6834705403748496,0.4838709677419355,1.0,0.9207057706701718,0.68,0.6758375828204679,0.5483870967741935,0.8947368421052632
BERTopic_topic_10,5.0,text_similarity+interactions,"All (Unweighted Clustering, No Square Clustering)",xgboost,41.65810876106843,1796,1798,0.9071187060221145,0.5217391304347826,0.6244010605387604,0.3870967741935484,0.8,0.9200485605272285,0.5333333333333333,0.6227525256524489,0.3870967741935484,0.8571428571428571
BERTopic_topic_10,5.0,text_similarity+interactions,"All but Betweenness and Harmonic (Unweighted Clustering, No Square Clustering)",logistic_regression,41.65810876106843,1796,1798,0.9363794206341953,0.17142857142857143,0.31055151710577844,0.0967741935483871,0.75,0.9357759643646055,0.17142857142857143,0.3106850461796257,0.0967741935483871,0.75
BERTopic_topic_10,5.0,text_similarity+interactions,"All but Betweenness and Harmonic (Unweighted Clustering, No Square Clustering)",random_forest,41.65810876106843,1796,1798,0.9274604770172714,0.6222222222222222,0.716381450498228,0.45161290322580644,1.0,0.9483085966737865,0.6086956521739131,0.66667446797033,0.45161290322580644,0.9333333333333333
BERTopic_topic_10,5.0,text_similarity+interactions,"All but Betweenness and Harmonic (Unweighted Clustering, No Square Clustering)",xgboost,41.65810876106843,1796,1798,0.9106095220689026,0.5217391304347826,0.6272194493754236,0.3870967741935484,0.8,0.9202402468189204,0.4888888888888889,0.6053145070876383,0.3548387096774194,0.7857142857142857
BERTopic_topic_10,5.0,text_similarity+interactions,Core Number Only,logistic_regression,41.65810876106843,1796,1798,0.8070912912364069,0.0,0.14606275477156888,0.0,0.0,0.8055753327126349,0.0,0.13461715075192404,0.0,0.0
BERTopic_topic_10,5.0,text_similarity+interactions,Core Number Only,random_forest,41.65810876106843,1796,1798,0.7941789271680526,0.0,0.13349191322409512,0.0,0.0,0.7942019460722566,0.0,0.13934541225941688,0.0,0.0
BERTopic_topic_10,5.0,text_similarity+interactions,Core Number Only,xgboost,41.65810876106843,1796,1798,0.7904322397879924,0.0,0.13560514196177176,0.0,0.0,0.7909797907881044,0.0,0.14035397375890485,0.0,0.0
BERTopic_topic_10,10.0,interactions,"All (Unweighted Clustering, No Square Clustering)",logistic_regression,3.428392951376736,1798,1798,0.7671285393504573,0.4,0.5061694872030442,0.2580645161290322,0.8888888888888888,0.7671285393504573,0.4,0.5061694872030442,0.2580645161290322,0.8888888888888888
BERTopic_topic_10,10.0,interactions,"All (Unweighted Clustering, No Square Clustering)",random_forest,3.428392951376736,1798,1798,0.866768899355569,0.6521739130434783,0.6442880656610431,0.4838709677419355,1.0,0.866768899355569,0.6521739130434783,0.6442880656610431,0.4838709677419355,1.0
BERTopic_topic_10,10.0,interactions,"All (Unweighted Clustering, No Square Clustering)",xgboost,3.428392951376736,1798,1798,0.8272815232670647,0.625,0.6206876011581435,0.4838709677419355,0.8823529411764706,0.8272815232670647,0.625,0.6206876011581435,0.4838709677419355,0.8823529411764706
BERTopic_topic_10,10.0,interactions,"All but Betweenness and Harmonic (Unweighted Clustering, No Square Clustering)",logistic_regression,3.428392951376736,1798,1798,0.8072366139072968,0.1714285714285714,0.4421341957244101,0.0967741935483871,0.75,0.8072366139072968,0.1714285714285714,0.4421341957244101,0.0967741935483871,0.75
BERTopic_topic_10,10.0,interactions,"All but Betweenness and Harmonic (Unweighted Clustering, No Square Clustering)",random_forest,3.428392951376736,1798,1798,0.8730123957135295,0.6521739130434783,0.6450374281661475,0.4838709677419355,1.0,0.8730123957135295,0.6521739130434783,0.6450374281661475,0.4838709677419355,1.0
BERTopic_topic_10,10.0,interactions,"All but Betweenness and Harmonic (Unweighted Clustering, No Square Clustering)",xgboost,3.428392951376736,1798,1798,0.8479836427697757,0.6530612244897959,0.6208090465342634,0.5161290322580645,0.8888888888888888,0.8479836427697757,0.6530612244897959,0.6208090465342634,0.5161290322580645,0.8888888888888888
BERTopic_topic_10,10.0,interactions,Core Number Only,logistic_regression,3.428392951376736,1798,1798,0.7862332730890702,0.0,0.1087926161059905,0.0,0.0,0.7862332730890702,0.0,0.1087926161059905,0.0,0.0
BERTopic_topic_10,10.0,interactions,Core Number Only,random_forest,3.428392951376736,1798,1798,0.7047483432827647,0.0,0.090843465299883,0.0,0.0,0.7047483432827647,0.0,0.090843465299883,0.0,0.0
BERTopic_topic_10,10.0,interactions,Core Number Only,xgboost,3.428392951376736,1798,1798,0.7131734121985505,0.0,0.0910067472859924,0.0,0.0,0.7131734121985505,0.0,0.0910067472859924,0.0,0.0
BERTopic_topic_10,10.0,similarity,"All (Unweighted Clustering, No Square Clustering)",logistic_regression,26.314250737428665,1798,1798,0.9120798875440422,0.2105263157894736,0.4475616408687216,0.1290322580645161,0.5714285714285714,0.9120798875440422,0.2105263157894736,0.4475616408687216,0.1290322580645161,0.5714285714285714
BERTopic_topic_10,10.0,similarity,"All (Unweighted Clustering, No Square Clustering)",random_forest,26.314250737428665,1798,1798,0.9287474670025742,0.7346938775510204,0.7174447497471221,0.5806451612903226,1.0,0.9287474670025742,0.7346938775510204,0.7174447497471221,0.5806451612903226,1.0
BERTopic_topic_10,10.0,similarity,"All (Unweighted Clustering, No Square Clustering)",xgboost,26.314250737428665,1798,1798,0.905617321138434,0.6,0.6523473220576078,0.4838709677419355,0.7894736842105263,0.905617321138434,0.6,0.6523473220576078,0.4838709677419355,0.7894736842105263
BERTopic_topic_10,10.0,similarity,"All but Betweenness and Harmonic (Unweighted Clustering, No Square Clustering)",logistic_regression,26.314250737428665,1798,1798,0.9276521167643356,0.1714285714285714,0.2904486746213258,0.0967741935483871,0.75,0.9276521167643356,0.1714285714285714,0.2904486746213258,0.0967741935483871,0.75
BERTopic_topic_10,10.0,similarity,"All but Betweenness and Harmonic (Unweighted Clustering, No Square Clustering)",random_forest,26.314250737428665,1798,1798,0.9379940485970388,0.6938775510204082,0.7018592125685941,0.5483870967741935,0.9444444444444444,0.9379940485970388,0.6938775510204082,0.7018592125685941,0.5483870967741935,0.9444444444444444
BERTopic_topic_10,10.0,similarity,"All but Betweenness and Harmonic (Unweighted Clustering, No Square Clustering)",xgboost,26.314250737428665,1798,1798,0.9135220986910564,0.6122448979591837,0.6249100947652007,0.4838709677419355,0.8333333333333334,0.9135220986910564,0.6122448979591837,0.6249100947652007,0.4838709677419355,0.8333333333333334
BERTopic_topic_10,10.0,similarity,Core Number Only,logistic_regression,26.314250737428665,1798,1798,0.8232652390601896,0.0,0.1094737416598717,0.0,0.0,0.8232652390601896,0.0,0.1094737416598717,0.0,0.0
BERTopic_topic_10,10.0,similarity,Core Number Only,random_forest,26.314250737428665,1798,1798,0.7612227759826206,0.0,0.2076631155876578,0.0,0.0,0.7612227759826206,0.0,0.2076631155876578,0.0,0.0
BERTopic_topic_10,10.0,similarity,Core Number Only,xgboost,26.314250737428665,1798,1798,0.7643262683242967,0.0,0.2132291220577039,0.0,0.0,0.7643262683242967,0.0,0.2132291220577039,0.0,0.0
BERTopic_topic_10,10.0,similarity+interactions,"All (Unweighted Clustering, No Square Clustering)",logistic_regression,21.74844659399241,1798,1798,0.9080270916625592,0.1621621621621621,0.4301859552776618,0.0967741935483871,0.5,0.9080270916625592,0.1621621621621621,0.4301859552776618,0.0967741935483871,0.5
BERTopic_topic_10,10.0,similarity+interactions,"All (Unweighted Clustering, No Square Clustering)",random_forest,21.74844659399241,1798,1798,0.910582908885116,0.7083333333333334,0.7074509502638435,0.5483870967741935,1.0,0.910582908885116,0.7083333333333334,0.7074509502638435,0.5483870967741935,1.0
BERTopic_topic_10,10.0,similarity+interactions,"All (Unweighted Clustering, No Square Clustering)",xgboost,21.74844659399241,1798,1798,0.9040838308048998,0.6122448979591837,0.629998982944645,0.4838709677419355,0.8333333333333334,0.9040838308048998,0.6122448979591837,0.629998982944645,0.4838709677419355,0.8333333333333334
BERTopic_topic_10,10.0,similarity+interactions,"All but Betweenness and Harmonic (Unweighted Clustering, No Square Clustering)",logistic_regression,21.74844659399241,1798,1798,0.914726983953119,0.1714285714285714,0.253555188463648,0.0967741935483871,0.75,0.914726983953119,0.1714285714285714,0.253555188463648,0.0967741935483871,0.75
BERTopic_topic_10,10.0,similarity+interactions,"All but Betweenness and Harmonic (Unweighted Clustering, No Square Clustering)",random_forest,21.74844659399241,1798,1798,0.9121437829746062,0.7083333333333334,0.6936229272893286,0.5483870967741935,1.0,0.9121437829746062,0.7083333333333334,0.6936229272893286,0.5483870967741935,1.0
BERTopic_topic_10,10.0,similarity+interactions,"All but Betweenness and Harmonic (Unweighted Clustering, No Square Clustering)",xgboost,21.74844659399241,1798,1798,0.9002683608083685,0.6382978723404256,0.6178863592226718,0.4838709677419355,0.9375,0.9002683608083685,0.6382978723404256,0.6178863592226718,0.4838709677419355,0.9375
BERTopic_topic_10,10.0,similarity+interactions,Core Number Only,logistic_regression,21.74844659399241,1798,1798,0.8211658177702319,0.0,0.1054065889831196,0.0,0.0,0.8211658177702319,0.0,0.1054065889831196,0.0,0.0
BERTopic_topic_10,10.0,similarity+interactions,Core Number Only,random_forest,21.74844659399241,1798,1798,0.759022947587491,0.0,0.205025077213763,0.0,0.0,0.759022947587491,0.0,0.205025077213763,0.0,0.0
BERTopic_topic_10,10.0,similarity+interactions,Core Number Only,xgboost,21.74844659399241,1798,1798,0.7633404531098819,0.0,0.2136656799278734,0.0,0.0,0.7633404531098819,0.0,0.2136656799278734,0.0,0.0
BERTopic_topic_10,10.0,similarity+text_similarity,"All (Unweighted Clustering, No Square Clustering)",logistic_regression,32.58090999815613,1798,1798,0.9037187140588202,0.1714285714285714,0.339992197964074,0.0967741935483871,0.75,0.9037187140588202,0.1714285714285714,0.339992197964074,0.0967741935483871,0.75
BERTopic_topic_10,10.0,similarity+text_similarity,"All (Unweighted Clustering, No Square Clustering)",random_forest,32.58090999815613,1798,1798,0.918159081366267,0.7083333333333334,0.753933324226683,0.5483870967741935,1.0,0.918159081366267,0.7083333333333334,0.753933324226683,0.5483870967741935,1.0
BERTopic_topic_10,10.0,similarity+text_similarity,"All (Unweighted Clustering, No Square Clustering)",xgboost,32.58090999815613,1798,1798,0.931230260875915,0.5833333333333334,0.6844259645524262,0.4516129032258064,0.8235294117647058,0.931230260875915,0.5833333333333334,0.6844259645524262,0.4516129032258064,0.8235294117647058
BERTopic_topic_10,10.0,similarity+text_similarity,"All but Betweenness and Harmonic (Unweighted Clustering, No Square Clustering)",logistic_regression,32.58090999815613,1798,1798,0.89577742483159,0.1714285714285714,0.3560281954891178,0.0967741935483871,0.75,0.89577742483159,0.1714285714285714,0.3560281954891178,0.0967741935483871,0.75
BERTopic_topic_10,10.0,similarity+text_similarity,"All but Betweenness and Harmonic (Unweighted Clustering, No Square Clustering)",random_forest,32.58090999815613,1798,1798,0.9329371816638372,0.6808510638297872,0.7247221946877367,0.5161290322580645,1.0,0.9329371816638372,0.6808510638297872,0.7247221946877367,0.5161290322580645,1.0
BERTopic_topic_10,10.0,similarity+text_similarity,"All but Betweenness and Harmonic (Unweighted Clustering, No Square Clustering)",xgboost,32.58090999815613,1798,1798,0.927250488343648,0.5490196078431373,0.6408069667197528,0.4516129032258064,0.7,0.927250488343648,0.5490196078431373,0.6408069667197528,0.4516129032258064,0.7
BERTopic_topic_10,10.0,similarity+text_similarity,Core Number Only,logistic_regression,32.58090999815613,1798,1798,0.8132975518922175,0.0,0.2216509158549576,0.0,0.0,0.8132975518922175,0.0,0.2216509158549576,0.0,0.0
BERTopic_topic_10,10.0,similarity+text_similarity,Core Number Only,random_forest,32.58090999815613,1798,1798,0.7602643445241616,0.0,0.1583113381315163,0.0,0.0,0.7602643445241616,0.0,0.1583113381315163,0.0,0.0
BERTopic_topic_10,10.0,similarity+text_similarity,Core Number Only,xgboost,32.58090999815613,1798,1798,0.7443817660697007,0.0,0.162165548915137,0.0,0.0,0.7443817660697007,0.0,0.162165548915137,0.0,0.0
BERTopic_topic_10,10.0,similarity+text_similarity+interactions,"All (Unweighted Clustering, No Square Clustering)",logistic_regression,37.61750814499101,1798,1798,0.906420577979809,0.1714285714285714,0.3284209425250211,0.0967741935483871,0.75,0.906420577979809,0.1714285714285714,0.3284209425250211,0.0967741935483871,0.75
BERTopic_topic_10,10.0,similarity+text_similarity+interactions,"All (Unweighted Clustering, No Square Clustering)",random_forest,37.61750814499101,1798,1798,0.910701571827592,0.7083333333333334,0.723161164903545,0.5483870967741935,1.0,0.910701571827592,0.7083333333333334,0.723161164903545,0.5483870967741935,1.0
BERTopic_topic_10,10.0,similarity+text_similarity+interactions,"All (Unweighted Clustering, No Square Clustering)",xgboost,37.61750814499101,1798,1798,0.9292586304470856,0.72,0.7032571600454697,0.5806451612903226,0.9473684210526316,0.9292586304470856,0.72,0.7032571600454697,0.5806451612903226,0.9473684210526316
BERTopic_topic_10,10.0,similarity+text_similarity+interactions,"All but Betweenness and Harmonic (Unweighted Clustering, No Square Clustering)",logistic_regression,37.61750814499101,1798,1798,0.9005787100425361,0.1714285714285714,0.3290323562273804,0.0967741935483871,0.75,0.9005787100425361,0.1714285714285714,0.3290323562273804,0.0967741935483871,0.75
BERTopic_topic_10,10.0,similarity+text_similarity+interactions,"All but Betweenness and Harmonic (Unweighted Clustering, No Square Clustering)",random_forest,37.61750814499101,1798,1798,0.9143892509629954,0.7083333333333334,0.6986951631723387,0.5483870967741935,1.0,0.9143892509629954,0.7083333333333334,0.6986951631723387,0.5483870967741935,1.0
BERTopic_topic_10,10.0,similarity+text_similarity+interactions,"All but Betweenness and Harmonic (Unweighted Clustering, No Square Clustering)",xgboost,37.61750814499101,1798,1798,0.9095605819960932,0.6122448979591837,0.6392250624671131,0.4838709677419355,0.8333333333333334,0.9095605819960932,0.6122448979591837,0.6392250624671131,0.4838709677419355,0.8333333333333334
BERTopic_topic_10,10.0,similarity+text_similarity+interactions,Core Number Only,logistic_regression,37.61750814499101,1798,1798,0.8114354564872118,0.0,0.2202333791379415,0.0,0.0,0.8114354564872118,0.0,0.2202333791379415,0.0,0.0
BERTopic_topic_10,10.0,similarity+text_similarity+interactions,Core Number Only,random_forest,37.61750814499101,1798,1798,0.7596984135677383,0.0,0.1548264637882016,0.0,0.0,0.7596984135677383,0.0,0.1548264637882016,0.0,0.0
BERTopic_topic_10,10.0,similarity+text_similarity+interactions,Core Number Only,xgboost,37.61750814499101,1798,1798,0.7442083356153131,0.0,0.1579365753448201,0.0,0.0,0.7442083356153131,0.0,0.1579365753448201,0.0,0.0
BERTopic_topic_10,10.0,text_similarity,"All (Unweighted Clustering, No Square Clustering)",logistic_regression,28.43032628390938,1798,1798,0.8784708910674188,0.1714285714285714,0.2537072328691505,0.0967741935483871,0.75,0.8784708910674188,0.1714285714285714,0.2537072328691505,0.0967741935483871,0.75
BERTopic_topic_10,10.0,text_similarity,"All (Unweighted Clustering, No Square Clustering)",random_forest,28.43032628390938,1798,1798,0.9332840425726124,0.6521739130434783,0.7411301895017348,0.4838709677419355,1.0,0.9332840425726124,0.6521739130434783,0.7411301895017348,0.4838709677419355,1.0
BERTopic_topic_10,10.0,text_similarity,"All (Unweighted Clustering, No Square Clustering)",xgboost,28.43032628390938,1798,1798,0.9342972415429832,0.5714285714285714,0.6444770453640226,0.4516129032258064,0.7777777777777778,0.9342972415429832,0.5714285714285714,0.6444770453640226,0.4516129032258064,0.7777777777777778
BERTopic_topic_10,10.0,text_similarity,"All but Betweenness and Harmonic (Unweighted Clustering, No Square Clustering)",logistic_regression,28.43032628390938,1798,1798,0.8779597276229074,0.1714285714285714,0.2595431241171134,0.0967741935483871,0.75,0.8779597276229074,0.1714285714285714,0.2595431241171134,0.0967741935483871,0.75
BERTopic_topic_10,10.0,text_similarity,"All but Betweenness and Harmonic (Unweighted Clustering, No Square Clustering)",random_forest,28.43032628390938,1798,1798,0.9449769063658104,0.5909090909090909,0.7279042845341821,0.4193548387096774,1.0,0.9449769063658104,0.5909090909090909,0.7279042845341821,0.4193548387096774,1.0
BERTopic_topic_10,10.0,text_similarity,"All but Betweenness and Harmonic (Unweighted Clustering, No Square Clustering)",xgboost,28.43032628390938,1798,1798,0.93051828322106,0.5833333333333334,0.6532987629714476,0.4516129032258064,0.8235294117647058,0.93051828322106,0.5833333333333334,0.6532987629714476,0.4516129032258064,0.8235294117647058
BERTopic_topic_10,10.0,text_similarity,Core Number Only,logistic_regression,28.43032628390938,1798,1798,0.809582489000858,0.0,0.1408138532732873,0.0,0.0,0.809582489000858,0.0,0.1408138532732873,0.0,0.0
BERTopic_topic_10,10.0,text_similarity,Core Number Only,random_forest,28.43032628390938,1798,1798,0.7947952607846359,0.0,0.1327986975492887,0.0,0.0,0.7947952607846359,0.0,0.1327986975492887,0.0,0.0
BERTopic_topic_10,10.0,text_similarity,Core Number Only,xgboost,28.43032628390938,1798,1798,0.7978074739397922,0.0,0.1357679006764949,0.0,0.0,0.7978074739397922,0.0,0.1357679006764949,0.0,0.0
BERTopic_topic_10,10.0,text_similarity+interactions,"All (Unweighted Clustering, No Square Clustering)",logistic_regression,42.77389006782323,1798,1798,0.8685944830859668,0.2222222222222222,0.2809130945602631,0.12903225806451613,0.8,0.8685944830859668,0.2222222222222222,0.2809130945602631,0.12903225806451613,0.8
BERTopic_topic_10,10.0,text_similarity+interactions,"All (Unweighted Clustering, No Square Clustering)",random_forest,42.77389006782323,1798,1798,0.9368530587655404,0.6521739130434783,0.7117405866707012,0.4838709677419355,1.0,0.9368530587655404,0.6521739130434783,0.7117405866707012,0.4838709677419355,1.0
BERTopic_topic_10,10.0,text_similarity+interactions,"All (Unweighted Clustering, No Square Clustering)",xgboost,42.77389006782323,1798,1798,0.9034357485806086,0.6037735849056604,0.6587678594932155,0.5161290322580645,0.7272727272727273,0.9034357485806086,0.6037735849056604,0.6587678594932155,0.5161290322580645,0.7272727272727273
BERTopic_topic_10,10.0,text_similarity+interactions,"All but Betweenness and Harmonic (Unweighted Clustering, No Square Clustering)",logistic_regression,42.77389006782323,1798,1798,0.869981926721069,0.2222222222222222,0.2540206856849415,0.12903225806451613,0.8,0.869981926721069,0.2222222222222222,0.2540206856849415,0.12903225806451613,0.8
BERTopic_topic_10,10.0,text_similarity+interactions,"All but Betweenness and Harmonic (Unweighted Clustering, No Square Clustering)",random_forest,42.77389006782323,1798,1798,0.911468316994359,0.6521739130434783,0.6979143915635102,0.4838709677419355,1.0,0.911468316994359,0.6521739130434783,0.6979143915635102,0.4838709677419355,1.0
BERTopic_topic_10,10.0,text_similarity+interactions,"All but Betweenness and Harmonic (Unweighted Clustering, No Square Clustering)",xgboost,42.77389006782323,1798,1798,0.914836518976943,0.6153846153846154,0.6579400927772071,0.5161290322580645,0.7619047619047619,0.914836518976943,0.6153846153846154,0.6579400927772071,0.5161290322580645,0.7619047619047619
BERTopic_topic_10,10.0,text_similarity+interactions,Core Number Only,logistic_regression,42.77389006782323,1798,1798,0.807875568212936,0.0,0.14399862167281327,0.0,0.0,0.807875568212936,0.0,0.14399862167281327,0.0,0.0
BERTopic_topic_10,10.0,text_similarity+interactions,Core Number Only,random_forest,42.77389006782323,1798,1798,0.7962922394435621,0.0,0.1334771057803627,0.0,0.0,0.7962922394435621,0.0,0.1334771057803627,0.0,0.0
BERTopic_topic_10,10.0,text_similarity+interactions,Core Number Only,xgboost,42.77389006782323,1798,1798,0.7961279369078265,0.0,0.13501704341693377,0.0,0.0,0.7961279369078265,0.0,0.13501704341693377,0.0,0.0
BERTopic_topic_10,20.0,interactions,"All (Unweighted Clustering, No Square Clustering)",logistic_regression,3.224442816339433,1798,1798,0.7671285393504573,0.4,0.5061694872030442,0.2580645161290322,0.8888888888888888,0.7671285393504573,0.4,0.5061694872030442,0.2580645161290322,0.8888888888888888
BERTopic_topic_10,20.0,interactions,"All (Unweighted Clustering, No Square Clustering)",random_forest,3.224442816339433,1798,1798,0.866768899355569,0.6521739130434783,0.6442880656610431,0.4838709677419355,1.0,0.866768899355569,0.6521739130434783,0.6442880656610431,0.4838709677419355,1.0
BERTopic_topic_10,20.0,interactions,"All (Unweighted Clustering, No Square Clustering)",xgboost,3.224442816339433,1798,1798,0.8272815232670647,0.625,0.6206876011581435,0.4838709677419355,0.8823529411764706,0.8272815232670647,0.625,0.6206876011581435,0.4838709677419355,0.8823529411764706
BERTopic_topic_10,20.0,interactions,"All but Betweenness and Harmonic (Unweighted Clustering, No Square Clustering)",logistic_regression,3.224442816339433,1798,1798,0.8072366139072968,0.1714285714285714,0.4421341957244101,0.0967741935483871,0.75,0.8072366139072968,0.1714285714285714,0.4421341957244101,0.0967741935483871,0.75
BERTopic_topic_10,20.0,interactions,"All but Betweenness and Harmonic (Unweighted Clustering, No Square Clustering)",random_forest,3.224442816339433,1798,1798,0.8730123957135295,0.6521739130434783,0.6450374281661475,0.4838709677419355,1.0,0.8730123957135295,0.6521739130434783,0.6450374281661475,0.4838709677419355,1.0
BERTopic_topic_10,20.0,interactions,"All but Betweenness and Harmonic (Unweighted Clustering, No Square Clustering)",xgboost,3.224442816339433,1798,1798,0.8479836427697757,0.6530612244897959,0.6208090465342634,0.5161290322580645,0.8888888888888888,0.8479836427697757,0.6530612244897959,0.6208090465342634,0.5161290322580645,0.8888888888888888
BERTopic_topic_10,20.0,interactions,Core Number Only,logistic_regression,3.224442816339433,1798,1798,0.7862332730890702,0.0,0.1087926161059905,0.0,0.0,0.7862332730890702,0.0,0.1087926161059905,0.0,0.0
BERTopic_topic_10,20.0,interactions,Core Number Only,random_forest,3.224442816339433,1798,1798,0.7047483432827647,0.0,0.090843465299883,0.0,0.0,0.7047483432827647,0.0,0.090843465299883,0.0,0.0
BERTopic_topic_10,20.0,interactions,Core Number Only,xgboost,3.224442816339433,1798,1798,0.7131734121985505,0.0,0.0910067472859924,0.0,0.0,0.7131734121985505,0.0,0.0910067472859924,0.0,0.0
BERTopic_topic_10,20.0,similarity,"All (Unweighted Clustering, No Square Clustering)",logistic_regression,24.6386854769662,1798,1798,0.9120798875440422,0.2105263157894736,0.4475616408687216,0.1290322580645161,0.5714285714285714,0.9120798875440422,0.2105263157894736,0.4475616408687216,0.1290322580645161,0.5714285714285714
BERTopic_topic_10,20.0,similarity,"All (Unweighted Clustering, No Square Clustering)",random_forest,24.6386854769662,1798,1798,0.9287474670025742,0.7346938775510204,0.7174447497471221,0.5806451612903226,1.0,0.9287474670025742,0.7346938775510204,0.7174447497471221,0.5806451612903226,1.0
BERTopic_topic_10,20.0,similarity,"All (Unweighted Clustering, No Square Clustering)",xgboost,24.6386854769662,1798,1798,0.905617321138434,0.6,0.6523473220576078,0.4838709677419355,0.7894736842105263,0.905617321138434,0.6,0.6523473220576078,0.4838709677419355,0.7894736842105263
BERTopic_topic_10,20.0,similarity,"All but Betweenness and Harmonic (Unweighted Clustering, No Square Clustering)",logistic_regression,24.6386854769662,1798,1798,0.9276521167643356,0.1714285714285714,0.2904486746213258,0.0967741935483871,0.75,0.9276521167643356,0.1714285714285714,0.2904486746213258,0.0967741935483871,0.75
BERTopic_topic_10,20.0,similarity,"All but Betweenness and Harmonic (Unweighted Clustering, No Square Clustering)",random_forest,24.6386854769662,1798,1798,0.9379940485970388,0.6938775510204082,0.7018592125685941,0.5483870967741935,0.9444444444444444,0.9379940485970388,0.6938775510204082,0.7018592125685941,0.5483870967741935,0.9444444444444444
BERTopic_topic_10,20.0,similarity,"All but Betweenness and Harmonic (Unweighted Clustering, No Square Clustering)",xgboost,24.6386854769662,1798,1798,0.9135220986910564,0.6122448979591837,0.6249100947652007,0.4838709677419355,0.8333333333333334,0.9135220986910564,0.6122448979591837,0.6249100947652007,0.4838709677419355,0.8333333333333334
BERTopic_topic_10,20.0,similarity,Core Number Only,logistic_regression,24.6386854769662,1798,1798,0.8232652390601896,0.0,0.1094737416598717,0.0,0.0,0.8232652390601896,0.0,0.1094737416598717,0.0,0.0
BERTopic_topic_10,20.0,similarity,Core Number Only,random_forest,24.6386854769662,1798,1798,0.7612227759826206,0.0,0.2076631155876578,0.0,0.0,0.7612227759826206,0.0,0.2076631155876578,0.0,0.0
BERTopic_topic_10,20.0,similarity,Core Number Only,xgboost,24.6386854769662,1798,1798,0.7643262683242967,0.0,0.2132291220577039,0.0,0.0,0.7643262683242967,0.0,0.2132291220577039,0.0,0.0
BERTopic_topic_10,20.0,similarity+interactions,"All (Unweighted Clustering, No Square Clustering)",logistic_regression,21.64959840662777,1798,1798,0.9080270916625592,0.1621621621621621,0.4301859552776618,0.0967741935483871,0.5,0.9080270916625592,0.1621621621621621,0.4301859552776618,0.0967741935483871,0.5
BERTopic_topic_10,20.0,similarity+interactions,"All (Unweighted Clustering, No Square Clustering)",random_forest,21.64959840662777,1798,1798,0.910582908885116,0.7083333333333334,0.7074509502638435,0.5483870967741935,1.0,0.910582908885116,0.7083333333333334,0.7074509502638435,0.5483870967741935,1.0
BERTopic_topic_10,20.0,similarity+interactions,"All (Unweighted Clustering, No Square Clustering)",xgboost,21.64959840662777,1798,1798,0.9040838308048998,0.6122448979591837,0.629998982944645,0.4838709677419355,0.8333333333333334,0.9040838308048998,0.6122448979591837,0.629998982944645,0.4838709677419355,0.8333333333333334
BERTopic_topic_10,20.0,similarity+interactions,"All but Betweenness and Harmonic (Unweighted Clustering, No Square Clustering)",logistic_regression,21.64959840662777,1798,1798,0.914726983953119,0.1714285714285714,0.253555188463648,0.0967741935483871,0.75,0.914726983953119,0.1714285714285714,0.253555188463648,0.0967741935483871,0.75
BERTopic_topic_10,20.0,similarity+interactions,"All but Betweenness and Harmonic (Unweighted Clustering, No Square Clustering)",random_forest,21.64959840662777,1798,1798,0.9121437829746062,0.7083333333333334,0.6936229272893286,0.5483870967741935,1.0,0.9121437829746062,0.7083333333333334,0.6936229272893286,0.5483870967741935,1.0
BERTopic_topic_10,20.0,similarity+interactions,"All but Betweenness and Harmonic (Unweighted Clustering, No Square Clustering)",xgboost,21.64959840662777,1798,1798,0.9002683608083685,0.6382978723404256,0.6178863592226718,0.4838709677419355,0.9375,0.9002683608083685,0.6382978723404256,0.6178863592226718,0.4838709677419355,0.9375
BERTopic_topic_10,20.0,similarity+interactions,Core Number Only,logistic_regression,21.64959840662777,1798,1798,0.8211658177702319,0.0,0.1054065889831196,0.0,0.0,0.8211658177702319,0.0,0.1054065889831196,0.0,0.0
BERTopic_topic_10,20.0,similarity+interactions,Core Number Only,random_forest,21.64959840662777,1798,1798,0.759022947587491,0.0,0.205025077213763,0.0,0.0,0.759022947587491,0.0,0.205025077213763,0.0,0.0
BERTopic_topic_10,20.0,similarity+interactions,Core Number Only,xgboost,21.64959840662777,1798,1798,0.7633404531098819,0.0,0.2136656799278734,0.0,0.0,0.7633404531098819,0.0,0.2136656799278734,0.0,0.0
BERTopic_topic_10,20.0,similarity+text_similarity,"All (Unweighted Clustering, No Square Clustering)",logistic_regression,35.18401403166354,1798,1798,0.9037187140588202,0.1714285714285714,0.339992197964074,0.0967741935483871,0.75,0.9037187140588202,0.1714285714285714,0.339992197964074,0.0967741935483871,0.75
BERTopic_topic_10,20.0,similarity+text_similarity,"All (Unweighted Clustering, No Square Clustering)",random_forest,35.18401403166354,1798,1798,0.918159081366267,0.7083333333333334,0.753933324226683,0.5483870967741935,1.0,0.918159081366267,0.7083333333333334,0.753933324226683,0.5483870967741935,1.0
BERTopic_topic_10,20.0,similarity+text_similarity,"All (Unweighted Clustering, No Square Clustering)",xgboost,35.18401403166354,1798,1798,0.931230260875915,0.5833333333333334,0.6844259645524262,0.4516129032258064,0.8235294117647058,0.931230260875915,0.5833333333333334,0.6844259645524262,0.4516129032258064,0.8235294117647058
BERTopic_topic_10,20.0,similarity+text_similarity,"All but Betweenness and Harmonic (Unweighted Clustering, No Square Clustering)",logistic_regression,35.18401403166354,1798,1798,0.89577742483159,0.1714285714285714,0.3560281954891178,0.0967741935483871,0.75,0.89577742483159,0.1714285714285714,0.3560281954891178,0.0967741935483871,0.75
BERTopic_topic_10,20.0,similarity+text_similarity,"All but Betweenness and Harmonic (Unweighted Clustering, No Square Clustering)",random_forest,35.18401403166354,1798,1798,0.9329371816638372,0.6808510638297872,0.7247221946877367,0.5161290322580645,1.0,0.9329371816638372,0.6808510638297872,0.7247221946877367,0.5161290322580645,1.0
BERTopic_topic_10,20.0,similarity+text_similarity,"All but Betweenness and Harmonic (Unweighted Clustering, No Square Clustering)",xgboost,35.18401403166354,1798,1798,0.927250488343648,0.5490196078431373,0.6408069667197528,0.4516129032258064,0.7,0.927250488343648,0.5490196078431373,0.6408069667197528,0.4516129032258064,0.7
BERTopic_topic_10,20.0,similarity+text_similarity,Core Number Only,logistic_regression,35.18401403166354,1798,1798,0.8132975518922175,0.0,0.2216509158549576,0.0,0.0,0.8132975518922175,0.0,0.2216509158549576,0.0,0.0
BERTopic_topic_10,20.0,similarity+text_similarity,Core Number Only,random_forest,35.18401403166354,1798,1798,0.7602643445241616,0.0,0.1583113381315163,0.0,0.0,0.7602643445241616,0.0,0.1583113381315163,0.0,0.0
BERTopic_topic_10,20.0,similarity+text_similarity,Core Number Only,xgboost,35.18401403166354,1798,1798,0.7443817660697007,0.0,0.162165548915137,0.0,0.0,0.7443817660697007,0.0,0.162165548915137,0.0,0.0
BERTopic_topic_10,20.0,similarity+text_similarity+interactions,"All (Unweighted Clustering, No Square Clustering)",logistic_regression,37.72410210000817,1798,1798,0.906420577979809,0.1714285714285714,0.3284209425250211,0.0967741935483871,0.75,0.906420577979809,0.1714285714285714,0.3284209425250211,0.0967741935483871,0.75
BERTopic_topic_10,20.0,similarity+text_similarity+interactions,"All (Unweighted Clustering, No Square Clustering)",random_forest,37.72410210000817,1798,1798,0.910701571827592,0.7083333333333334,0.723161164903545,0.5483870967741935,1.0,0.910701571827592,0.7083333333333334,0.723161164903545,0.5483870967741935,1.0
BERTopic_topic_10,20.0,similarity+text_similarity+interactions,"All (Unweighted Clustering, No Square Clustering)",xgboost,37.72410210000817,1798,1798,0.9292586304470856,0.72,0.7032571600454697,0.5806451612903226,0.9473684210526316,0.9292586304470856,0.72,0.7032571600454697,0.5806451612903226,0.9473684210526316
BERTopic_topic_10,20.0,similarity+text_similarity+interactions,"All but Betweenness and Harmonic (Unweighted Clustering, No Square Clustering)",logistic_regression,37.72410210000817,1798,1798,0.9005787100425361,0.1714285714285714,0.3290323562273804,0.0967741935483871,0.75,0.9005787100425361,0.1714285714285714,0.3290323562273804,0.0967741935483871,0.75
BERTopic_topic_10,20.0,similarity+text_similarity+interactions,"All but Betweenness and Harmonic (Unweighted Clustering, No Square Clustering)",random_forest,37.72410210000817,1798,1798,0.9143892509629954,0.7083333333333334,0.6986951631723387,0.5483870967741935,1.0,0.9143892509629954,0.7083333333333334,0.6986951631723387,0.5483870967741935,1.0
BERTopic_topic_10,20.0,similarity+text_similarity+interactions,"All but Betweenness and Harmonic (Unweighted Clustering, No Square Clustering)",xgboost,37.72410210000817,1798,1798,0.9095605819960932,0.6122448979591837,0.6392250624671131,0.4838709677419355,0.8333333333333334,0.9095605819960932,0.6122448979591837,0.6392250624671131,0.4838709677419355,0.8333333333333334
BERTopic_topic_10,20.0,similarity+text_similarity+interactions,Core Number Only,logistic_regression,37.72410210000817,1798,1798,0.8114354564872118,0.0,0.2202333791379415,0.0,0.0,0.8114354564872118,0.0,0.2202333791379415,0.0,0.0
BERTopic_topic_10,20.0,similarity+text_similarity+interactions,Core Number Only,random_forest,37.72410210000817,1798,1798,0.7596984135677383,0.0,0.1548264637882016,0.0,0.0,0.7596984135677383,0.0,0.1548264637882016,0.0,0.0
BERTopic_topic_10,20.0,similarity+text_similarity+interactions,Core Number Only,xgboost,37.72410210000817,1798,1798,0.7442083356153131,0.0,0.1579365753448201,0.0,0.0,0.7442083356153131,0.0,0.1579365753448201,0.0,0.0
BERTopic_topic_10,20.0,text_similarity,"All (Unweighted Clustering, No Square Clustering)",logistic_regression,28.851685517001897,1798,1798,0.8784708910674188,0.1714285714285714,0.2537072328691505,0.0967741935483871,0.75,0.8784708910674188,0.1714285714285714,0.2537072328691505,0.0967741935483871,0.75
BERTopic_topic_10,20.0,text_similarity,"All (Unweighted Clustering, No Square Clustering)",random_forest,28.851685517001897,1798,1798,0.9332840425726124,0.6521739130434783,0.7411301895017348,0.4838709677419355,1.0,0.9332840425726124,0.6521739130434783,0.7411301895017348,0.4838709677419355,1.0
BERTopic_topic_10,20.0,text_similarity,"All (Unweighted Clustering, No Square Clustering)",xgboost,28.851685517001897,1798,1798,0.9342972415429832,0.5714285714285714,0.6444770453640226,0.4516129032258064,0.7777777777777778,0.9342972415429832,0.5714285714285714,0.6444770453640226,0.4516129032258064,0.7777777777777778
BERTopic_topic_10,20.0,text_similarity,"All but Betweenness and Harmonic (Unweighted Clustering, No Square Clustering)",logistic_regression,28.851685517001897,1798,1798,0.8779597276229074,0.1714285714285714,0.2595431241171134,0.0967741935483871,0.75,0.8779597276229074,0.1714285714285714,0.2595431241171134,0.0967741935483871,0.75
BERTopic_topic_10,20.0,text_similarity,"All but Betweenness and Harmonic (Unweighted Clustering, No Square Clustering)",random_forest,28.851685517001897,1798,1798,0.9449769063658104,0.5909090909090909,0.7279042845341821,0.4193548387096774,1.0,0.9449769063658104,0.5909090909090909,0.7279042845341821,0.4193548387096774,1.0
BERTopic_topic_10,20.0,text_similarity,"All but Betweenness and Harmonic (Unweighted Clustering, No Square Clustering)",xgboost,28.851685517001897,1798,1798,0.93051828322106,0.5833333333333334,0.6532987629714476,0.4516129032258064,0.8235294117647058,0.93051828322106,0.5833333333333334,0.6532987629714476,0.4516129032258064,0.8235294117647058
BERTopic_topic_10,20.0,text_similarity,Core Number Only,logistic_regression,28.851685517001897,1798,1798,0.809582489000858,0.0,0.1408138532732873,0.0,0.0,0.809582489000858,0.0,0.1408138532732873,0.0,0.0
BERTopic_topic_10,20.0,text_similarity,Core Number Only,random_forest,28.851685517001897,1798,1798,0.7947952607846359,0.0,0.1327986975492887,0.0,0.0,0.7947952607846359,0.0,0.1327986975492887,0.0,0.0
BERTopic_topic_10,20.0,text_similarity,Core Number Only,xgboost,28.851685517001897,1798,1798,0.7978074739397922,0.0,0.1357679006764949,0.0,0.0,0.7978074739397922,0.0,0.1357679006764949,0.0,0.0
BERTopic_topic_10,20.0,text_similarity+interactions,"All (Unweighted Clustering, No Square Clustering)",logistic_regression,43.0301493499428,1798,1798,0.8685944830859668,0.2222222222222222,0.2809130945602631,0.12903225806451613,0.8,0.8685944830859668,0.2222222222222222,0.2809130945602631,0.12903225806451613,0.8
BERTopic_topic_10,20.0,text_similarity+interactions,"All (Unweighted Clustering, No Square Clustering)",random_forest,43.0301493499428,1798,1798,0.9368530587655404,0.6521739130434783,0.7117405866707012,0.4838709677419355,1.0,0.9368530587655404,0.6521739130434783,0.7117405866707012,0.4838709677419355,1.0
BERTopic_topic_10,20.0,text_similarity+interactions,"All (Unweighted Clustering, No Square Clustering)",xgboost,43.0301493499428,1798,1798,0.9034357485806086,0.6037735849056604,0.6587678594932155,0.5161290322580645,0.7272727272727273,0.9034357485806086,0.6037735849056604,0.6587678594932155,0.5161290322580645,0.7272727272727273
BERTopic_topic_10,20.0,text_similarity+interactions,"All but Betweenness and Harmonic (Unweighted Clustering, No Square Clustering)",logistic_regression,43.0301493499428,1798,1798,0.869981926721069,0.2222222222222222,0.2540206856849415,0.12903225806451613,0.8,0.869981926721069,0.2222222222222222,0.2540206856849415,0.12903225806451613,0.8
BERTopic_topic_10,20.0,text_similarity+interactions,"All but Betweenness and Harmonic (Unweighted Clustering, No Square Clustering)",random_forest,43.0301493499428,1798,1798,0.911468316994359,0.6521739130434783,0.6979143915635102,0.4838709677419355,1.0,0.911468316994359,0.6521739130434783,0.6979143915635102,0.4838709677419355,1.0
BERTopic_topic_10,20.0,text_similarity+interactions,"All but Betweenness and Harmonic (Unweighted Clustering, No Square Clustering)",xgboost,43.0301493499428,1798,1798,0.914836518976943,0.6153846153846154,0.6579400927772071,0.5161290322580645,0.7619047619047619,0.914836518976943,0.6153846153846154,0.6579400927772071,0.5161290322580645,0.7619047619047619
BERTopic_topic_10,20.0,text_similarity+interactions,Core Number Only,logistic_regression,43.0301493499428,1798,1798,0.807875568212936,0.0,0.14399862167281327,0.0,0.0,0.807875568212936,0.0,0.14399862167281327,0.0,0.0
BERTopic_topic_10,20.0,text_similarity+interactions,Core Number Only,random_forest,43.0301493499428,1798,1798,0.7962922394435621,0.0,0.1334771057803627,0.0,0.0,0.7962922394435621,0.0,0.1334771057803627,0.0,0.0
BERTopic_topic_10,20.0,text_similarity+interactions,Core Number Only,xgboost,43.0301493499428,1798,1798,0.7961279369078265,0.0,0.13501704341693377,0.0,0.0,0.7961279369078265,0.0,0.13501704341693377,0.0,0.0
BERTopic_topic_10,50.0,interactions,"All (Unweighted Clustering, No Square Clustering)",logistic_regression,3.329506328329444,1798,1798,0.7671285393504573,0.4,0.5061694872030442,0.2580645161290322,0.8888888888888888,0.7671285393504573,0.4,0.5061694872030442,0.2580645161290322,0.8888888888888888
BERTopic_topic_10,50.0,interactions,"All (Unweighted Clustering, No Square Clustering)",random_forest,3.329506328329444,1798,1798,0.866768899355569,0.6521739130434783,0.6442880656610431,0.4838709677419355,1.0,0.866768899355569,0.6521739130434783,0.6442880656610431,0.4838709677419355,1.0
BERTopic_topic_10,50.0,interactions,"All (Unweighted Clustering, No Square Clustering)",xgboost,3.329506328329444,1798,1798,0.8272815232670647,0.625,0.6206876011581435,0.4838709677419355,0.8823529411764706,0.8272815232670647,0.625,0.6206876011581435,0.4838709677419355,0.8823529411764706
BERTopic_topic_10,50.0,interactions,"All but Betweenness and Harmonic (Unweighted Clustering, No Square Clustering)",logistic_regression,3.329506328329444,1798,1798,0.8072366139072968,0.1714285714285714,0.4421341957244101,0.0967741935483871,0.75,0.8072366139072968,0.1714285714285714,0.4421341957244101,0.0967741935483871,0.75
BERTopic_topic_10,50.0,interactions,"All but Betweenness and Harmonic (Unweighted Clustering, No Square Clustering)",random_forest,3.329506328329444,1798,1798,0.8730123957135295,0.6521739130434783,0.6450374281661475,0.4838709677419355,1.0,0.8730123957135295,0.6521739130434783,0.6450374281661475,0.4838709677419355,1.0
BERTopic_topic_10,50.0,interactions,"All but Betweenness and Harmonic (Unweighted Clustering, No Square Clustering)",xgboost,3.329506328329444,1798,1798,0.8479836427697757,0.6530612244897959,0.6208090465342634,0.5161290322580645,0.8888888888888888,0.8479836427697757,0.6530612244897959,0.6208090465342634,0.5161290322580645,0.8888888888888888
BERTopic_topic_10,50.0,interactions,Core Number Only,logistic_regression,3.329506328329444,1798,1798,0.7862332730890702,0.0,0.1087926161059905,0.0,0.0,0.7862332730890702,0.0,0.1087926161059905,0.0,0.0
BERTopic_topic_10,50.0,interactions,Core Number Only,random_forest,3.329506328329444,1798,1798,0.7047483432827647,0.0,0.090843465299883,0.0,0.0,0.7047483432827647,0.0,0.090843465299883,0.0,0.0
BERTopic_topic_10,50.0,interactions,Core Number Only,xgboost,3.329506328329444,1798,1798,0.7131734121985505,0.0,0.0910067472859924,0.0,0.0,0.7131734121985505,0.0,0.0910067472859924,0.0,0.0
BERTopic_topic_10,50.0,similarity,"All (Unweighted Clustering, No Square Clustering)",logistic_regression,26.013779814355075,1798,1798,0.9120798875440422,0.2105263157894736,0.4475616408687216,0.1290322580645161,0.5714285714285714,0.9120798875440422,0.2105263157894736,0.4475616408687216,0.1290322580645161,0.5714285714285714
BERTopic_topic_10,50.0,similarity,"All (Unweighted Clustering, No Square Clustering)",random_forest,26.013779814355075,1798,1798,0.9287474670025742,0.7346938775510204,0.7174447497471221,0.5806451612903226,1.0,0.9287474670025742,0.7346938775510204,0.7174447497471221,0.5806451612903226,1.0
BERTopic_topic_10,50.0,similarity,"All (Unweighted Clustering, No Square Clustering)",xgboost,26.013779814355075,1798,1798,0.905617321138434,0.6,0.6523473220576078,0.4838709677419355,0.7894736842105263,0.905617321138434,0.6,0.6523473220576078,0.4838709677419355,0.7894736842105263
BERTopic_topic_10,50.0,similarity,"All but Betweenness and Harmonic (Unweighted Clustering, No Square Clustering)",logistic_regression,26.013779814355075,1798,1798,0.9276521167643356,0.1714285714285714,0.2904486746213258,0.0967741935483871,0.75,0.9276521167643356,0.1714285714285714,0.2904486746213258,0.0967741935483871,0.75
BERTopic_topic_10,50.0,similarity,"All but Betweenness and Harmonic (Unweighted Clustering, No Square Clustering)",random_forest,26.013779814355075,1798,1798,0.9379940485970388,0.6938775510204082,0.7018592125685941,0.5483870967741935,0.9444444444444444,0.9379940485970388,0.6938775510204082,0.7018592125685941,0.5483870967741935,0.9444444444444444
BERTopic_topic_10,50.0,similarity,"All but Betweenness and Harmonic (Unweighted Clustering, No Square Clustering)",xgboost,26.013779814355075,1798,1798,0.9135220986910564,0.6122448979591837,0.6249100947652007,0.4838709677419355,0.8333333333333334,0.9135220986910564,0.6122448979591837,0.6249100947652007,0.4838709677419355,0.8333333333333334
BERTopic_topic_10,50.0,similarity,Core Number Only,logistic_regression,26.013779814355075,1798,1798,0.8232652390601896,0.0,0.1094737416598717,0.0,0.0,0.8232652390601896,0.0,0.1094737416598717,0.0,0.0
BERTopic_topic_10,50.0,similarity,Core Number Only,random_forest,26.013779814355075,1798,1798,0.7612227759826206,0.0,0.2076631155876578,0.0,0.0,0.7612227759826206,0.0,0.2076631155876578,0.0,0.0
BERTopic_topic_10,50.0,similarity,Core Number Only,xgboost,26.013779814355075,1798,1798,0.7643262683242967,0.0,0.2132291220577039,0.0,0.0,0.7643262683242967,0.0,0.2132291220577039,0.0,0.0
BERTopic_topic_10,50.0,similarity+interactions,"All (Unweighted Clustering, No Square Clustering)",logistic_regression,22.034504138864577,1798,1798,0.9080270916625592,0.1621621621621621,0.4301859552776618,0.0967741935483871,0.5,0.9080270916625592,0.1621621621621621,0.4301859552776618,0.0967741935483871,0.5
BERTopic_topic_10,50.0,similarity+interactions,"All (Unweighted Clustering, No Square Clustering)",random_forest,22.034504138864577,1798,1798,0.910582908885116,0.7083333333333334,0.7074509502638435,0.5483870967741935,1.0,0.910582908885116,0.7083333333333334,0.7074509502638435,0.5483870967741935,1.0
BERTopic_topic_10,50.0,similarity+interactions,"All (Unweighted Clustering, No Square Clustering)",xgboost,22.034504138864577,1798,1798,0.9040838308048998,0.6122448979591837,0.629998982944645,0.4838709677419355,0.8333333333333334,0.9040838308048998,0.6122448979591837,0.629998982944645,0.4838709677419355,0.8333333333333334
BERTopic_topic_10,50.0,similarity+interactions,"All but Betweenness and Harmonic (Unweighted Clustering, No Square Clustering)",logistic_regression,22.034504138864577,1798,1798,0.914726983953119,0.1714285714285714,0.253555188463648,0.0967741935483871,0.75,0.914726983953119,0.1714285714285714,0.253555188463648,0.0967741935483871,0.75
BERTopic_topic_10,50.0,similarity+interactions,"All but Betweenness and Harmonic (Unweighted Clustering, No Square Clustering)",random_forest,22.034504138864577,1798,1798,0.9121437829746062,0.7083333333333334,0.6936229272893286,0.5483870967741935,1.0,0.9121437829746062,0.7083333333333334,0.6936229272893286,0.5483870967741935,1.0
BERTopic_topic_10,50.0,similarity+interactions,"All but Betweenness and Harmonic (Unweighted Clustering, No Square Clustering)",xgboost,22.034504138864577,1798,1798,0.9002683608083685,0.6382978723404256,0.6178863592226718,0.4838709677419355,0.9375,0.9002683608083685,0.6382978723404256,0.6178863592226718,0.4838709677419355,0.9375
BERTopic_topic_10,50.0,similarity+interactions,Core Number Only,logistic_regression,22.034504138864577,1798,1798,0.8211658177702319,0.0,0.1054065889831196,0.0,0.0,0.8211658177702319,0.0,0.1054065889831196,0.0,0.0
BERTopic_topic_10,50.0,similarity+interactions,Core Number Only,random_forest,22.034504138864577,1798,1798,0.759022947587491,0.0,0.205025077213763,0.0,0.0,0.759022947587491,0.0,0.205025077213763,0.0,0.0
BERTopic_topic_10,50.0,similarity+interactions,Core Number Only,xgboost,22.034504138864577,1798,1798,0.7633404531098819,0.0,0.2136656799278734,0.0,0.0,0.7633404531098819,0.0,0.2136656799278734,0.0,0.0
BERTopic_topic_10,50.0,similarity+text_similarity,"All (Unweighted Clustering, No Square Clustering)",logistic_regression,32.85996423009783,1798,1798,0.9037187140588202,0.1714285714285714,0.339992197964074,0.0967741935483871,0.75,0.9037187140588202,0.1714285714285714,0.339992197964074,0.0967741935483871,0.75
BERTopic_topic_10,50.0,similarity+text_similarity,"All (Unweighted Clustering, No Square Clustering)",random_forest,32.85996423009783,1798,1798,0.918159081366267,0.7083333333333334,0.753933324226683,0.5483870967741935,1.0,0.918159081366267,0.7083333333333334,0.753933324226683,0.5483870967741935,1.0
BERTopic_topic_10,50.0,similarity+text_similarity,"All (Unweighted Clustering, No Square Clustering)",xgboost,32.85996423009783,1798,1798,0.931230260875915,0.5833333333333334,0.6844259645524262,0.4516129032258064,0.8235294117647058,0.931230260875915,0.5833333333333334,0.6844259645524262,0.4516129032258064,0.8235294117647058
BERTopic_topic_10,50.0,similarity+text_similarity,"All but Betweenness and Harmonic (Unweighted Clustering, No Square Clustering)",logistic_regression,32.85996423009783,1798,1798,0.89577742483159,0.1714285714285714,0.3560281954891178,0.0967741935483871,0.75,0.89577742483159,0.1714285714285714,0.3560281954891178,0.0967741935483871,0.75
BERTopic_topic_10,50.0,similarity+text_similarity,"All but Betweenness and Harmonic (Unweighted Clustering, No Square Clustering)",random_forest,32.85996423009783,1798,1798,0.9329371816638372,0.6808510638297872,0.7247221946877367,0.5161290322580645,1.0,0.9329371816638372,0.6808510638297872,0.7247221946877367,0.5161290322580645,1.0
BERTopic_topic_10,50.0,similarity+text_similarity,"All but Betweenness and Harmonic (Unweighted Clustering, No Square Clustering)",xgboost,32.85996423009783,1798,1798,0.927250488343648,0.5490196078431373,0.6408069667197528,0.4516129032258064,0.7,0.927250488343648,0.5490196078431373,0.6408069667197528,0.4516129032258064,0.7
BERTopic_topic_10,50.0,similarity+text_similarity,Core Number Only,logistic_regression,32.85996423009783,1798,1798,0.8132975518922175,0.0,0.2216509158549576,0.0,0.0,0.8132975518922175,0.0,0.2216509158549576,0.0,0.0
BERTopic_topic_10,50.0,similarity+text_similarity,Core Number Only,random_forest,32.85996423009783,1798,1798,0.7602643445241616,0.0,0.1583113381315163,0.0,0.0,0.7602643445241616,0.0,0.1583113381315163,0.0,0.0
BERTopic_topic_10,50.0,similarity+text_similarity,Core Number Only,xgboost,32.85996423009783,1798,1798,0.7443817660697007,0.0,0.162165548915137,0.0,0.0,0.7443817660697007,0.0,0.162165548915137,0.0,0.0
BERTopic_topic_10,50.0,similarity+text_similarity+interactions,"All (Unweighted Clustering, No Square Clustering)",logistic_regression,43.83457746700151,1798,1798,0.906420577979809,0.1714285714285714,0.3284209425250211,0.0967741935483871,0.75,0.906420577979809,0.1714285714285714,0.3284209425250211,0.0967741935483871,0.75
BERTopic_topic_10,50.0,similarity+text_similarity+interactions,"All (Unweighted Clustering, No Square Clustering)",random_forest,43.83457746700151,1798,1798,0.910701571827592,0.7083333333333334,0.723161164903545,0.5483870967741935,1.0,0.910701571827592,0.7083333333333334,0.723161164903545,0.5483870967741935,1.0
BERTopic_topic_10,50.0,similarity+text_similarity+interactions,"All (Unweighted Clustering, No Square Clustering)",xgboost,43.83457746700151,1798,1798,0.9292586304470856,0.72,0.7032571600454697,0.5806451612903226,0.9473684210526316,0.9292586304470856,0.72,0.7032571600454697,0.5806451612903226,0.9473684210526316
BERTopic_topic_10,50.0,similarity+text_similarity+interactions,"All but Betweenness and Harmonic (Unweighted Clustering, No Square Clustering)",logistic_regression,43.83457746700151,1798,1798,0.9005787100425361,0.1714285714285714,0.3290323562273804,0.0967741935483871,0.75,0.9005787100425361,0.1714285714285714,0.3290323562273804,0.0967741935483871,0.75
BERTopic_topic_10,50.0,similarity+text_similarity+interactions,"All but Betweenness and Harmonic (Unweighted Clustering, No Square Clustering)",random_forest,43.83457746700151,1798,1798,0.9143892509629954,0.7083333333333334,0.6986951631723387,0.5483870967741935,1.0,0.9143892509629954,0.7083333333333334,0.6986951631723387,0.5483870967741935,1.0
BERTopic_topic_10,50.0,similarity+text_similarity+interactions,"All but Betweenness and Harmonic (Unweighted Clustering, No Square Clustering)",xgboost,43.83457746700151,1798,1798,0.9095605819960932,0.6122448979591837,0.6392250624671131,0.4838709677419355,0.8333333333333334,0.9095605819960932,0.6122448979591837,0.6392250624671131,0.4838709677419355,0.8333333333333334
BERTopic_topic_10,50.0,similarity+text_similarity+interactions,Core Number Only,logistic_regression,43.83457746700151,1798,1798,0.8114354564872118,0.0,0.2202333791379415,0.0,0.0,0.8114354564872118,0.0,0.2202333791379415,0.0,0.0
BERTopic_topic_10,50.0,similarity+text_similarity+interactions,Core Number Only,random_forest,43.83457746700151,1798,1798,0.7596984135677383,0.0,0.1548264637882016,0.0,0.0,0.7596984135677383,0.0,0.1548264637882016,0.0,0.0
BERTopic_topic_10,50.0,similarity+text_similarity+interactions,Core Number Only,xgboost,43.83457746700151,1798,1798,0.7442083356153131,0.0,0.1579365753448201,0.0,0.0,0.7442083356153131,0.0,0.1579365753448201,0.0,0.0
BERTopic_topic_10,50.0,text_similarity,"All (Unweighted Clustering, No Square Clustering)",logistic_regression,28.310942823067307,1798,1798,0.8784708910674188,0.1714285714285714,0.2537072328691505,0.0967741935483871,0.75,0.8784708910674188,0.1714285714285714,0.2537072328691505,0.0967741935483871,0.75
BERTopic_topic_10,50.0,text_similarity,"All (Unweighted Clustering, No Square Clustering)",random_forest,28.310942823067307,1798,1798,0.9332840425726124,0.6521739130434783,0.7411301895017348,0.4838709677419355,1.0,0.9332840425726124,0.6521739130434783,0.7411301895017348,0.4838709677419355,1.0
BERTopic_topic_10,50.0,text_similarity,"All (Unweighted Clustering, No Square Clustering)",xgboost,28.310942823067307,1798,1798,0.9342972415429832,0.5714285714285714,0.6444770453640226,0.4516129032258064,0.7777777777777778,0.9342972415429832,0.5714285714285714,0.6444770453640226,0.4516129032258064,0.7777777777777778
BERTopic_topic_10,50.0,text_similarity,"All but Betweenness and Harmonic (Unweighted Clustering, No Square Clustering)",logistic_regression,28.310942823067307,1798,1798,0.8779597276229074,0.1714285714285714,0.2595431241171134,0.0967741935483871,0.75,0.8779597276229074,0.1714285714285714,0.2595431241171134,0.0967741935483871,0.75
BERTopic_topic_10,50.0,text_similarity,"All but Betweenness and Harmonic (Unweighted Clustering, No Square Clustering)",random_forest,28.310942823067307,1798,1798,0.9449769063658104,0.5909090909090909,0.7279042845341821,0.4193548387096774,1.0,0.9449769063658104,0.5909090909090909,0.7279042845341821,0.4193548387096774,1.0
BERTopic_topic_10,50.0,text_similarity,"All but Betweenness and Harmonic (Unweighted Clustering, No Square Clustering)",xgboost,28.310942823067307,1798,1798,0.93051828322106,0.5833333333333334,0.6532987629714476,0.4516129032258064,0.8235294117647058,0.93051828322106,0.5833333333333334,0.6532987629714476,0.4516129032258064,0.8235294117647058
BERTopic_topic_10,50.0,text_similarity,Core Number Only,logistic_regression,28.310942823067307,1798,1798,0.809582489000858,0.0,0.1408138532732873,0.0,0.0,0.809582489000858,0.0,0.1408138532732873,0.0,0.0
BERTopic_topic_10,50.0,text_similarity,Core Number Only,random_forest,28.310942823067307,1798,1798,0.7947952607846359,0.0,0.1327986975492887,0.0,0.0,0.7947952607846359,0.0,0.1327986975492887,0.0,0.0
BERTopic_topic_10,50.0,text_similarity,Core Number Only,xgboost,28.310942823067307,1798,1798,0.7978074739397922,0.0,0.1357679006764949,0.0,0.0,0.7978074739397922,0.0,0.1357679006764949,0.0,0.0
BERTopic_topic_10,50.0,text_similarity+interactions,"All (Unweighted Clustering, No Square Clustering)",logistic_regression,42.630288732238114,1798,1798,0.8685944830859668,0.2222222222222222,0.2809130945602631,0.12903225806451613,0.8,0.8685944830859668,0.2222222222222222,0.2809130945602631,0.12903225806451613,0.8
BERTopic_topic_10,50.0,text_similarity+interactions,"All (Unweighted Clustering, No Square Clustering)",random_forest,42.630288732238114,1798,1798,0.9368530587655404,0.6521739130434783,0.7117405866707012,0.4838709677419355,1.0,0.9368530587655404,0.6521739130434783,0.7117405866707012,0.4838709677419355,1.0
BERTopic_topic_10,50.0,text_similarity+interactions,"All (Unweighted Clustering, No Square Clustering)",xgboost,42.630288732238114,1798,1798,0.9034357485806086,0.6037735849056604,0.6587678594932155,0.5161290322580645,0.7272727272727273,0.9034357485806086,0.6037735849056604,0.6587678594932155,0.5161290322580645,0.7272727272727273
BERTopic_topic_10,50.0,text_similarity+interactions,"All but Betweenness and Harmonic (Unweighted Clustering, No Square Clustering)",logistic_regression,42.630288732238114,1798,1798,0.869981926721069,0.2222222222222222,0.2540206856849415,0.12903225806451613,0.8,0.869981926721069,0.2222222222222222,0.2540206856849415,0.12903225806451613,0.8
BERTopic_topic_10,50.0,text_similarity+interactions,"All but Betweenness and Harmonic (Unweighted Clustering, No Square Clustering)",random_forest,42.630288732238114,1798,1798,0.911468316994359,0.6521739130434783,0.6979143915635102,0.4838709677419355,1.0,0.911468316994359,0.6521739130434783,0.6979143915635102,0.4838709677419355,1.0
BERTopic_topic_10,50.0,text_similarity+interactions,"All but Betweenness and Harmonic (Unweighted Clustering, No Square Clustering)",xgboost,42.630288732238114,1798,1798,0.914836518976943,0.6153846153846154,0.6579400927772071,0.5161290322580645,0.7619047619047619,0.914836518976943,0.6153846153846154,0.6579400927772071,0.5161290322580645,0.7619047619047619
BERTopic_topic_10,50.0,text_similarity+interactions,Core Number Only,logistic_regression,42.630288732238114,1798,1798,0.807875568212936,0.0,0.14399862167281327,0.0,0.0,0.807875568212936,0.0,0.14399862167281327,0.0,0.0
BERTopic_topic_10,50.0,text_similarity+interactions,Core Number Only,random_forest,42.630288732238114,1798,1798,0.7962922394435621,0.0,0.1334771057803627,0.0,0.0,0.7962922394435621,0.0,0.1334771057803627,0.0,0.0
BERTopic_topic_10,50.0,text_similarity+interactions,Core Number Only,xgboost,42.630288732238114,1798,1798,0.7961279369078265,0.0,0.13501704341693377,0.0,0.0,0.7961279369078265,0.0,0.13501704341693377,0.0,0.0
BERTopic_topic_10,100.0,interactions,"All (Unweighted Clustering, No Square Clustering)",logistic_regression,3.3088273238390684,1798,1798,0.7671285393504573,0.4,0.5061694872030442,0.2580645161290322,0.8888888888888888,0.7671285393504573,0.4,0.5061694872030442,0.2580645161290322,0.8888888888888888
BERTopic_topic_10,100.0,interactions,"All (Unweighted Clustering, No Square Clustering)",random_forest,3.3088273238390684,1798,1798,0.866768899355569,0.6521739130434783,0.6442880656610431,0.4838709677419355,1.0,0.866768899355569,0.6521739130434783,0.6442880656610431,0.4838709677419355,1.0
BERTopic_topic_10,100.0,interactions,"All (Unweighted Clustering, No Square Clustering)",xgboost,3.3088273238390684,1798,1798,0.8272815232670647,0.625,0.6206876011581435,0.4838709677419355,0.8823529411764706,0.8272815232670647,0.625,0.6206876011581435,0.4838709677419355,0.8823529411764706
BERTopic_topic_10,100.0,interactions,"All but Betweenness and Harmonic (Unweighted Clustering, No Square Clustering)",logistic_regression,3.3088273238390684,1798,1798,0.8072366139072968,0.1714285714285714,0.4421341957244101,0.0967741935483871,0.75,0.8072366139072968,0.1714285714285714,0.4421341957244101,0.0967741935483871,0.75
BERTopic_topic_10,100.0,interactions,"All but Betweenness and Harmonic (Unweighted Clustering, No Square Clustering)",random_forest,3.3088273238390684,1798,1798,0.8730123957135295,0.6521739130434783,0.6450374281661475,0.4838709677419355,1.0,0.8730123957135295,0.6521739130434783,0.6450374281661475,0.4838709677419355,1.0
BERTopic_topic_10,100.0,interactions,"All but Betweenness and Harmonic (Unweighted Clustering, No Square Clustering)",xgboost,3.3088273238390684,1798,1798,0.8479836427697757,0.6530612244897959,0.6208090465342634,0.5161290322580645,0.8888888888888888,0.8479836427697757,0.6530612244897959,0.6208090465342634,0.5161290322580645,0.8888888888888888
BERTopic_topic_10,100.0,interactions,Core Number Only,logistic_regression,3.3088273238390684,1798,1798,0.7862332730890702,0.0,0.1087926161059905,0.0,0.0,0.7862332730890702,0.0,0.1087926161059905,0.0,0.0
BERTopic_topic_10,100.0,interactions,Core Number Only,random_forest,3.3088273238390684,1798,1798,0.7047483432827647,0.0,0.090843465299883,0.0,0.0,0.7047483432827647,0.0,0.090843465299883,0.0,0.0
BERTopic_topic_10,100.0,interactions,Core Number Only,xgboost,3.3088273238390684,1798,1798,0.7131734121985505,0.0,0.0910067472859924,0.0,0.0,0.7131734121985505,0.0,0.0910067472859924,0.0,0.0
BERTopic_topic_10,100.0,similarity,"All (Unweighted Clustering, No Square Clustering)",logistic_regression,25.74913550447673,1798,1798,0.9120798875440422,0.2105263157894736,0.4475616408687216,0.1290322580645161,0.5714285714285714,0.9120798875440422,0.2105263157894736,0.4475616408687216,0.1290322580645161,0.5714285714285714
BERTopic_topic_10,100.0,similarity,"All (Unweighted Clustering, No Square Clustering)",random_forest,25.74913550447673,1798,1798,0.9287474670025742,0.7346938775510204,0.7174447497471221,0.5806451612903226,1.0,0.9287474670025742,0.7346938775510204,0.7174447497471221,0.5806451612903226,1.0
BERTopic_topic_10,100.0,similarity,"All (Unweighted Clustering, No Square Clustering)",xgboost,25.74913550447673,1798,1798,0.905617321138434,0.6,0.6523473220576078,0.4838709677419355,0.7894736842105263,0.905617321138434,0.6,0.6523473220576078,0.4838709677419355,0.7894736842105263
BERTopic_topic_10,100.0,similarity,"All but Betweenness and Harmonic (Unweighted Clustering, No Square Clustering)",logistic_regression,25.74913550447673,1798,1798,0.9276521167643356,0.1714285714285714,0.2904486746213258,0.0967741935483871,0.75,0.9276521167643356,0.1714285714285714,0.2904486746213258,0.0967741935483871,0.75
BERTopic_topic_10,100.0,similarity,"All but Betweenness and Harmonic (Unweighted Clustering, No Square Clustering)",random_forest,25.74913550447673,1798,1798,0.9379940485970388,0.6938775510204082,0.7018592125685941,0.5483870967741935,0.9444444444444444,0.9379940485970388,0.6938775510204082,0.7018592125685941,0.5483870967741935,0.9444444444444444
BERTopic_topic_10,100.0,similarity,"All but Betweenness and Harmonic (Unweighted Clustering, No Square Clustering)",xgboost,25.74913550447673,1798,1798,0.9135220986910564,0.6122448979591837,0.6249100947652007,0.4838709677419355,0.8333333333333334,0.9135220986910564,0.6122448979591837,0.6249100947652007,0.4838709677419355,0.8333333333333334
BERTopic_topic_10,100.0,similarity,Core Number Only,logistic_regression,25.74913550447673,1798,1798,0.8232652390601896,0.0,0.1094737416598717,0.0,0.0,0.8232652390601896,0.0,0.1094737416598717,0.0,0.0
BERTopic_topic_10,100.0,similarity,Core Number Only,random_forest,25.74913550447673,1798,1798,0.7612227759826206,0.0,0.2076631155876578,0.0,0.0,0.7612227759826206,0.0,0.2076631155876578,0.0,0.0
BERTopic_topic_10,100.0,similarity,Core Number Only,xgboost,25.74913550447673,1798,1798,0.7643262683242967,0.0,0.2132291220577039,0.0,0.0,0.7643262683242967,0.0,0.2132291220577039,0.0,0.0
BERTopic_topic_10,100.0,similarity+interactions,"All (Unweighted Clustering, No Square Clustering)",logistic_regression,22.064862661995,1798,1798,0.9080270916625592,0.1621621621621621,0.4301859552776618,0.0967741935483871,0.5,0.9080270916625592,0.1621621621621621,0.4301859552776618,0.0967741935483871,0.5
BERTopic_topic_10,100.0,similarity+interactions,"All (Unweighted Clustering, No Square Clustering)",random_forest,22.064862661995,1798,1798,0.910582908885116,0.7083333333333334,0.7074509502638435,0.5483870967741935,1.0,0.910582908885116,0.7083333333333334,0.7074509502638435,0.5483870967741935,1.0
BERTopic_topic_10,100.0,similarity+interactions,"All (Unweighted Clustering, No Square Clustering)",xgboost,22.064862661995,1798,1798,0.9040838308048998,0.6122448979591837,0.629998982944645,0.4838709677419355,0.8333333333333334,0.9040838308048998,0.6122448979591837,0.629998982944645,0.4838709677419355,0.8333333333333334
BERTopic_topic_10,100.0,similarity+interactions,"All but Betweenness and Harmonic (Unweighted Clustering, No Square Clustering)",logistic_regression,22.064862661995,1798,1798,0.914726983953119,0.1714285714285714,0.253555188463648,0.0967741935483871,0.75,0.914726983953119,0.1714285714285714,0.253555188463648,0.0967741935483871,0.75
BERTopic_topic_10,100.0,similarity+interactions,"All but Betweenness and Harmonic (Unweighted Clustering, No Square Clustering)",random_forest,22.064862661995,1798,1798,0.9121437829746062,0.7083333333333334,0.6936229272893286,0.5483870967741935,1.0,0.9121437829746062,0.7083333333333334,0.6936229272893286,0.5483870967741935,1.0
BERTopic_topic_10,100.0,similarity+interactions,"All but Betweenness and Harmonic (Unweighted Clustering, No Square Clustering)",xgboost,22.064862661995,1798,1798,0.9002683608083685,0.6382978723404256,0.6178863592226718,0.4838709677419355,0.9375,0.9002683608083685,0.6382978723404256,0.6178863592226718,0.4838709677419355,0.9375
BERTopic_topic_10,100.0,similarity+interactions,Core Number Only,logistic_regression,22.064862661995,1798,1798,0.8211658177702319,0.0,0.1054065889831196,0.0,0.0,0.8211658177702319,0.0,0.1054065889831196,0.0,0.0
BERTopic_topic_10,100.0,similarity+interactions,Core Number Only,random_forest,22.064862661995,1798,1798,0.759022947587491,0.0,0.205025077213763,0.0,0.0,0.759022947587491,0.0,0.205025077213763,0.0,0.0
BERTopic_topic_10,100.0,similarity+interactions,Core Number Only,xgboost,22.064862661995,1798,1798,0.7633404531098819,0.0,0.2136656799278734,0.0,0.0,0.7633404531098819,0.0,0.2136656799278734,0.0,0.0
BERTopic_topic_10,100.0,similarity+text_similarity,"All (Unweighted Clustering, No Square Clustering)",logistic_regression,37.58416522294283,1798,1798,0.9037187140588202,0.1714285714285714,0.339992197964074,0.0967741935483871,0.75,0.9037187140588202,0.1714285714285714,0.339992197964074,0.0967741935483871,0.75
BERTopic_topic_10,100.0,similarity+text_similarity,"All (Unweighted Clustering, No Square Clustering)",random_forest,37.58416522294283,1798,1798,0.918159081366267,0.7083333333333334,0.753933324226683,0.5483870967741935,1.0,0.918159081366267,0.7083333333333334,0.753933324226683,0.5483870967741935,1.0
BERTopic_topic_10,100.0,similarity+text_similarity,"All (Unweighted Clustering, No Square Clustering)",xgboost,37.58416522294283,1798,1798,0.931230260875915,0.5833333333333334,0.6844259645524262,0.4516129032258064,0.8235294117647058,0.931230260875915,0.5833333333333334,0.6844259645524262,0.4516129032258064,0.8235294117647058
BERTopic_topic_10,100.0,similarity+text_similarity,"All but Betweenness and Harmonic (Unweighted Clustering, No Square Clustering)",logistic_regression,37.58416522294283,1798,1798,0.89577742483159,0.1714285714285714,0.3560281954891178,0.0967741935483871,0.75,0.89577742483159,0.1714285714285714,0.3560281954891178,0.0967741935483871,0.75
BERTopic_topic_10,100.0,similarity+text_similarity,"All but Betweenness and Harmonic (Unweighted Clustering, No Square Clustering)",random_forest,37.58416522294283,1798,1798,0.9329371816638372,0.6808510638297872,0.7247221946877367,0.5161290322580645,1.0,0.9329371816638372,0.6808510638297872,0.7247221946877367,0.5161290322580645,1.0
BERTopic_topic_10,100.0,similarity+text_similarity,"All but Betweenness and Harmonic (Unweighted Clustering, No Square Clustering)",xgboost,37.58416522294283,1798,1798,0.927250488343648,0.5490196078431373,0.6408069667197528,0.4516129032258064,0.7,0.927250488343648,0.5490196078431373,0.6408069667197528,0.4516129032258064,0.7
BERTopic_topic_10,100.0,similarity+text_similarity,Core Number Only,logistic_regression,37.58416522294283,1798,1798,0.8132975518922175,0.0,0.2216509158549576,0.0,0.0,0.8132975518922175,0.0,0.2216509158549576,0.0,0.0
BERTopic_topic_10,100.0,similarity+text_similarity,Core Number Only,random_forest,37.58416522294283,1798,1798,0.7602643445241616,0.0,0.1583113381315163,0.0,0.0,0.7602643445241616,0.0,0.1583113381315163,0.0,0.0
BERTopic_topic_10,100.0,similarity+text_similarity,Core Number Only,xgboost,37.58416522294283,1798,1798,0.7443817660697007,0.0,0.162165548915137,0.0,0.0,0.7443817660697007,0.0,0.162165548915137,0.0,0.0
BERTopic_topic_10,100.0,similarity+text_similarity+interactions,"All (Unweighted Clustering, No Square Clustering)",logistic_regression,46.90348448097939,1798,1798,0.906420577979809,0.1714285714285714,0.3284209425250211,0.0967741935483871,0.75,0.906420577979809,0.1714285714285714,0.3284209425250211,0.0967741935483871,0.75
BERTopic_topic_10,100.0,similarity+text_similarity+interactions,"All (Unweighted Clustering, No Square Clustering)",random_forest,46.90348448097939,1798,1798,0.910701571827592,0.7083333333333334,0.723161164903545,0.5483870967741935,1.0,0.910701571827592,0.7083333333333334,0.723161164903545,0.5483870967741935,1.0
BERTopic_topic_10,100.0,similarity+text_similarity+interactions,"All (Unweighted Clustering, No Square Clustering)",xgboost,46.90348448097939,1798,1798,0.9292586304470856,0.72,0.7032571600454697,0.5806451612903226,0.9473684210526316,0.9292586304470856,0.72,0.7032571600454697,0.5806451612903226,0.9473684210526316
BERTopic_topic_10,100.0,similarity+text_similarity+interactions,"All but Betweenness and Harmonic (Unweighted Clustering, No Square Clustering)",logistic_regression,46.90348448097939,1798,1798,0.9005787100425361,0.1714285714285714,0.3290323562273804,0.0967741935483871,0.75,0.9005787100425361,0.1714285714285714,0.3290323562273804,0.0967741935483871,0.75
BERTopic_topic_10,100.0,similarity+text_similarity+interactions,"All but Betweenness and Harmonic (Unweighted Clustering, No Square Clustering)",random_forest,46.90348448097939,1798,1798,0.9143892509629954,0.7083333333333334,0.6986951631723387,0.5483870967741935,1.0,0.9143892509629954,0.7083333333333334,0.6986951631723387,0.5483870967741935,1.0
BERTopic_topic_10,100.0,similarity+text_similarity+interactions,"All but Betweenness and Harmonic (Unweighted Clustering, No Square Clustering)",xgboost,46.90348448097939,1798,1798,0.9095605819960932,0.6122448979591837,0.6392250624671131,0.4838709677419355,0.8333333333333334,0.9095605819960932,0.6122448979591837,0.6392250624671131,0.4838709677419355,0.8333333333333334
BERTopic_topic_10,100.0,similarity+text_similarity+interactions,Core Number Only,logistic_regression,46.90348448097939,1798,1798,0.8114354564872118,0.0,0.2202333791379415,0.0,0.0,0.8114354564872118,0.0,0.2202333791379415,0.0,0.0
BERTopic_topic_10,100.0,similarity+text_similarity+interactions,Core Number Only,random_forest,46.90348448097939,1798,1798,0.7596984135677383,0.0,0.1548264637882016,0.0,0.0,0.7596984135677383,0.0,0.1548264637882016,0.0,0.0
BERTopic_topic_10,100.0,similarity+text_similarity+interactions,Core Number Only,xgboost,46.90348448097939,1798,1798,0.7442083356153131,0.0,0.1579365753448201,0.0,0.0,0.7442083356153131,0.0,0.1579365753448201,0.0,0.0
BERTopic_topic_10,100.0,text_similarity,"All (Unweighted Clustering, No Square Clustering)",logistic_regression,28.23488833894953,1798,1798,0.8784708910674188,0.1714285714285714,0.2537072328691505,0.0967741935483871,0.75,0.8784708910674188,0.1714285714285714,0.2537072328691505,0.0967741935483871,0.75
BERTopic_topic_10,100.0,text_similarity,"All (Unweighted Clustering, No Square Clustering)",random_forest,28.23488833894953,1798,1798,0.9332840425726124,0.6521739130434783,0.7411301895017348,0.4838709677419355,1.0,0.9332840425726124,0.6521739130434783,0.7411301895017348,0.4838709677419355,1.0
BERTopic_topic_10,100.0,text_similarity,"All (Unweighted Clustering, No Square Clustering)",xgboost,28.23488833894953,1798,1798,0.9342972415429832,0.5714285714285714,0.6444770453640226,0.4516129032258064,0.7777777777777778,0.9342972415429832,0.5714285714285714,0.6444770453640226,0.4516129032258064,0.7777777777777778
BERTopic_topic_10,100.0,text_similarity,"All but Betweenness and Harmonic (Unweighted Clustering, No Square Clustering)",logistic_regression,28.23488833894953,1798,1798,0.8779597276229074,0.1714285714285714,0.2595431241171134,0.0967741935483871,0.75,0.8779597276229074,0.1714285714285714,0.2595431241171134,0.0967741935483871,0.75
BERTopic_topic_10,100.0,text_similarity,"All but Betweenness and Harmonic (Unweighted Clustering, No Square Clustering)",random_forest,28.23488833894953,1798,1798,0.9449769063658104,0.5909090909090909,0.7279042845341821,0.4193548387096774,1.0,0.9449769063658104,0.5909090909090909,0.7279042845341821,0.4193548387096774,1.0
BERTopic_topic_10,100.0,text_similarity,"All but Betweenness and Harmonic (Unweighted Clustering, No Square Clustering)",xgboost,28.23488833894953,1798,1798,0.93051828322106,0.5833333333333334,0.6532987629714476,0.4516129032258064,0.8235294117647058,0.93051828322106,0.5833333333333334,0.6532987629714476,0.4516129032258064,0.8235294117647058
BERTopic_topic_10,100.0,text_similarity,Core Number Only,logistic_regression,28.23488833894953,1798,1798,0.809582489000858,0.0,0.1408138532732873,0.0,0.0,0.809582489000858,0.0,0.1408138532732873,0.0,0.0
BERTopic_topic_10,100.0,text_similarity,Core Number Only,random_forest,28.23488833894953,1798,1798,0.7947952607846359,0.0,0.1327986975492887,0.0,0.0,0.7947952607846359,0.0,0.1327986975492887,0.0,0.0
BERTopic_topic_10,100.0,text_similarity,Core Number Only,xgboost,28.23488833894953,1798,1798,0.7978074739397922,0.0,0.1357679006764949,0.0,0.0,0.7978074739397922,0.0,0.1357679006764949,0.0,0.0
BERTopic_topic_10,100.0,text_similarity+interactions,"All (Unweighted Clustering, No Square Clustering)",logistic_regression,41.10436303028837,1798,1798,0.8685944830859668,0.2222222222222222,0.2809130945602631,0.12903225806451613,0.8,0.8685944830859668,0.2222222222222222,0.2809130945602631,0.12903225806451613,0.8
BERTopic_topic_10,100.0,text_similarity+interactions,"All (Unweighted Clustering, No Square Clustering)",random_forest,41.10436303028837,1798,1798,0.9368530587655404,0.6521739130434783,0.7117405866707012,0.4838709677419355,1.0,0.9368530587655404,0.6521739130434783,0.7117405866707012,0.4838709677419355,1.0
BERTopic_topic_10,100.0,text_similarity+interactions,"All (Unweighted Clustering, No Square Clustering)",xgboost,41.10436303028837,1798,1798,0.9034357485806086,0.6037735849056604,0.6587678594932155,0.5161290322580645,0.7272727272727273,0.9034357485806086,0.6037735849056604,0.6587678594932155,0.5161290322580645,0.7272727272727273
BERTopic_topic_10,100.0,text_similarity+interactions,"All but Betweenness and Harmonic (Unweighted Clustering, No Square Clustering)",logistic_regression,41.10436303028837,1798,1798,0.869981926721069,0.2222222222222222,0.2540206856849415,0.12903225806451613,0.8,0.869981926721069,0.2222222222222222,0.2540206856849415,0.12903225806451613,0.8
BERTopic_topic_10,100.0,text_similarity+interactions,"All but Betweenness and Harmonic (Unweighted Clustering, No Square Clustering)",random_forest,41.10436303028837,1798,1798,0.911468316994359,0.6521739130434783,0.6979143915635102,0.4838709677419355,1.0,0.911468316994359,0.6521739130434783,0.6979143915635102,0.4838709677419355,1.0
BERTopic_topic_10,100.0,text_similarity+interactions,"All but Betweenness and Harmonic (Unweighted Clustering, No Square Clustering)",xgboost,41.10436303028837,1798,1798,0.914836518976943,0.6153846153846154,0.6579400927772071,0.5161290322580645,0.7619047619047619,0.914836518976943,0.6153846153846154,0.6579400927772071,0.5161290322580645,0.7619047619047619
BERTopic_topic_10,100.0,text_similarity+interactions,Core Number Only,logistic_regression,41.10436303028837,1798,1798,0.807875568212936,0.0,0.14399862167281327,0.0,0.0,0.807875568212936,0.0,0.14399862167281327,0.0,0.0
BERTopic_topic_10,100.0,text_similarity+interactions,Core Number Only,random_forest,41.10436303028837,1798,1798,0.7962922394435621,0.0,0.1334771057803627,0.0,0.0,0.7962922394435621,0.0,0.1334771057803627,0.0,0.0
BERTopic_topic_10,100.0,text_similarity+interactions,Core Number Only,xgboost,41.10436303028837,1798,1798,0.7961279369078265,0.0,0.13501704341693377,0.0,0.0,0.7961279369078265,0.0,0.13501704341693377,0.0,0.0
BERTopic_topic_128,1.0,interactions,"All (Unweighted Clustering, No Square Clustering)",logistic_regression,3.445049992762506,655,1798,0.8194664553618596,0.6842105263157895,0.6253988812432232,0.5416666666666666,0.9285714285714286,0.7174452781276812,0.5957446808510638,0.4761435294534316,0.4516129032258064,0.875
BERTopic_topic_128,1.0,interactions,"All (Unweighted Clustering, No Square Clustering)",random_forest,3.445049992762506,655,1798,0.9012480190174328,0.7027027027027027,0.7523890279374916,0.5416666666666666,1.0,0.7931157237526699,0.5909090909090909,0.5778513750366661,0.4193548387096774,1.0
BERTopic_topic_128,1.0,interactions,"All (Unweighted Clustering, No Square Clustering)",xgboost,3.445049992762506,655,1798,0.919836238774432,0.6842105263157895,0.7716542172983363,0.5416666666666666,0.9285714285714286,0.8043613195319204,0.6666666666666666,0.5729920709166403,0.5161290322580645,0.9411764705882352
BERTopic_topic_128,1.0,interactions,"All but Betweenness and Harmonic (Unweighted Clustering, No Square Clustering)",logistic_regression,3.445049992762506,655,1798,0.8557184363444268,0.6486486486486487,0.6139230866828903,0.5,0.9230769230769232,0.7529893933585263,0.5957446808510638,0.4710398414009847,0.4516129032258064,0.875
BERTopic_topic_128,1.0,interactions,"All but Betweenness and Harmonic (Unweighted Clustering, No Square Clustering)",random_forest,3.445049992762506,655,1798,0.8939183835182251,0.7027027027027027,0.7399189526895542,0.5416666666666666,1.0,0.7913905471274438,0.5909090909090909,0.5880023261385358,0.4193548387096774,1.0
BERTopic_topic_128,1.0,interactions,"All but Betweenness and Harmonic (Unweighted Clustering, No Square Clustering)",xgboost,3.445049992762506,655,1798,0.9291468568409932,0.75,0.7763355699797971,0.625,0.9375,0.7813954762035161,0.6086956521739131,0.5635505414671184,0.4516129032258064,0.9333333333333332
BERTopic_topic_128,1.0,interactions,Core Number Only,logistic_regression,3.445049992762506,655,1798,0.7303222398309561,0.4516129032258064,0.5435740385778457,0.2916666666666667,1.0,0.6857440166493236,0.5581395348837209,0.4191194471435758,0.3870967741935484,1.0
BERTopic_topic_128,1.0,interactions,Core Number Only,random_forest,3.445049992762506,655,1798,0.6911318013734813,0.6666666666666666,0.5270506115600926,0.5,1.0,0.6600854373185824,0.5581395348837209,0.4097418572181619,0.3870967741935484,1.0
BERTopic_topic_128,1.0,interactions,Core Number Only,xgboost,3.445049992762506,655,1798,0.6793449550977285,0.6666666666666666,0.5252654611390509,0.5,1.0,0.6657721306387717,0.5581395348837209,0.4083758368146707,0.3870967741935484,1.0
BERTopic_topic_128,1.0,similarity,"All (Unweighted Clustering, No Square Clustering)",logistic_regression,6.063286762218922,655,1798,0.9236001056524036,0.55,0.6233902594213143,0.4583333333333333,0.6875,0.7872190883034851,0.4888888888888889,0.547529036820276,0.3548387096774194,0.7857142857142857
BERTopic_topic_128,1.0,similarity,"All (Unweighted Clustering, No Square Clustering)",random_forest,6.063286762218922,655,1798,0.963946117274168,0.8837209302325582,0.8658597456402799,0.7916666666666666,1.0,0.8490972488453183,0.7450980392156863,0.6842922676933549,0.6129032258064516,0.95
BERTopic_topic_128,1.0,similarity,"All (Unweighted Clustering, No Square Clustering)",xgboost,6.063286762218922,655,1798,0.9373349181193872,0.7727272727272727,0.8339667476366445,0.7083333333333334,0.85,0.8091352209869105,0.6792452830188679,0.6254418749824262,0.5806451612903226,0.8181818181818182
BERTopic_topic_128,1.0,similarity,"All but Betweenness and Harmonic (Unweighted Clustering, No Square Clustering)",logistic_regression,6.063286762218922,655,1798,0.94175911251981,0.1428571428571428,0.5701307109564474,0.0833333333333333,0.5,0.8189294777004947,0.2162162162162162,0.4979190014119306,0.1290322580645161,0.6666666666666666
BERTopic_topic_128,1.0,similarity,"All but Betweenness and Harmonic (Unweighted Clustering, No Square Clustering)",random_forest,6.063286762218922,655,1798,0.9452918647649232,0.8372093023255814,0.859957174514801,0.75,0.9473684210526316,0.8200613396133414,0.7450980392156863,0.6706869470736112,0.6129032258064516,0.95
BERTopic_topic_128,1.0,similarity,"All but Betweenness and Harmonic (Unweighted Clustering, No Square Clustering)",xgboost,6.063286762218922,655,1798,0.9410987849973588,0.8,0.8288149259687064,0.75,0.8571428571428571,0.7898661847125619,0.7058823529411765,0.6253852095487494,0.5806451612903226,0.9
BERTopic_topic_128,1.0,similarity,Core Number Only,logistic_regression,6.063286762218922,655,1798,0.8544638140517697,0.0,0.2502082892040205,0.0,0.0,0.7793690782627746,0.0,0.2067259270442448,0.0,0.0
BERTopic_topic_128,1.0,similarity,Core Number Only,random_forest,6.063286762218922,655,1798,0.8946447437929212,0.7555555555555555,0.5615785812635066,0.7083333333333334,0.8095238095238095,0.8096828961060298,0.6538461538461539,0.4487388922139771,0.5483870967741935,0.8095238095238095
BERTopic_topic_128,1.0,similarity,Core Number Only,xgboost,6.063286762218922,655,1798,0.8668779714738509,0.7555555555555555,0.5668957860715998,0.7083333333333334,0.8095238095238095,0.8043521916132683,0.6538461538461539,0.4474933420481276,0.5483870967741935,0.8095238095238095
BERTopic_topic_128,1.0,similarity+interactions,"All (Unweighted Clustering, No Square Clustering)",logistic_regression,8.835084958991501,655,1798,0.9212889593238246,0.5853658536585366,0.6229871517481558,0.5,0.7058823529411765,0.7894097887799624,0.4186046511627907,0.530715738538022,0.2903225806451613,0.75
BERTopic_topic_128,1.0,similarity+interactions,"All (Unweighted Clustering, No Square Clustering)",random_forest,8.835084958991501,655,1798,0.9642762810353936,0.8837209302325582,0.8619736780042123,0.7916666666666666,1.0,0.8498639940120853,0.7450980392156863,0.6802862691652332,0.6129032258064516,0.95
BERTopic_topic_128,1.0,similarity+interactions,"All (Unweighted Clustering, No Square Clustering)",xgboost,8.835084958991501,655,1798,0.936014263074485,0.8,0.8375006253960217,0.75,0.8571428571428571,0.8044343428811361,0.7058823529411765,0.6234579352222688,0.5806451612903226,0.9
BERTopic_topic_128,1.0,similarity+interactions,"All but Betweenness and Harmonic (Unweighted Clustering, No Square Clustering)",logistic_regression,8.835084958991501,655,1798,0.9305995773903856,0.1428571428571428,0.4948903467680365,0.0833333333333333,0.5,0.7986289866184711,0.1142857142857142,0.4456563063043192,0.064516129032258,0.5
BERTopic_topic_128,1.0,similarity+interactions,"All but Betweenness and Harmonic (Unweighted Clustering, No Square Clustering)",random_forest,8.835084958991501,655,1798,0.9445324881141044,0.8837209302325582,0.8671054207495934,0.7916666666666666,1.0,0.8205816309765047,0.72,0.6723558014861764,0.5806451612903226,0.9473684210526316
BERTopic_topic_128,1.0,similarity+interactions,"All but Betweenness and Harmonic (Unweighted Clustering, No Square Clustering)",xgboost,8.835084958991501,655,1798,0.9337361331220284,0.8,0.833690586974803,0.75,0.8571428571428571,0.8083593479014914,0.7058823529411765,0.6418429427779425,0.5806451612903226,0.9
BERTopic_topic_128,1.0,similarity+interactions,Core Number Only,logistic_regression,8.835084958991501,655,1798,0.8593172213417856,0.0,0.2526500642940272,0.0,0.0,0.7803457655585373,0.0,0.2077851793825726,0.0,0.0
BERTopic_topic_128,1.0,similarity+interactions,Core Number Only,random_forest,8.835084958991501,655,1798,0.8978803486529319,0.7555555555555555,0.5598447469191932,0.7083333333333334,0.8095238095238095,0.8133249356481734,0.6538461538461539,0.4512847586733576,0.5483870967741935,0.8095238095238095
BERTopic_topic_128,1.0,similarity+interactions,Core Number Only,xgboost,8.835084958991501,655,1798,0.8724577390385632,0.7555555555555555,0.5696432028948715,0.7083333333333334,0.8095238095238095,0.8065702758457016,0.6538461538461539,0.4493688415076812,0.5483870967741935,0.8095238095238095
BERTopic_topic_128,1.0,similarity+text_similarity,"All (Unweighted Clustering, No Square Clustering)",logistic_regression,9.142344588879496,655,1798,0.8895272054939249,0.2142857142857142,0.4578601606704049,0.125,0.75,0.8075743468974206,0.1666666666666666,0.4269970735868973,0.0967741935483871,0.6
BERTopic_topic_128,1.0,similarity+text_similarity,"All (Unweighted Clustering, No Square Clustering)",random_forest,9.142344588879496,655,1798,0.9574418911780244,0.782608695652174,0.8114506947238761,0.75,0.8181818181818182,0.8220147142048669,0.64,0.6301692592605079,0.5161290322580645,0.8421052631578947
BERTopic_topic_128,1.0,similarity+text_similarity,"All (Unweighted Clustering, No Square Clustering)",xgboost,9.142344588879496,655,1798,0.976162176439514,0.7391304347826086,0.8202757530882531,0.7083333333333334,0.7727272727272727,0.8384814794530552,0.5769230769230769,0.5980442151156006,0.4838709677419355,0.7142857142857143
BERTopic_topic_128,1.0,similarity+text_similarity,"All but Betweenness and Harmonic (Unweighted Clustering, No Square Clustering)",logistic_regression,9.142344588879496,655,1798,0.9114500792393028,0.2758620689655172,0.5905579291709396,0.1666666666666666,0.8,0.798811544991511,0.1666666666666666,0.4646534205857936,0.0967741935483871,0.6
BERTopic_topic_128,1.0,similarity+text_similarity,"All but Betweenness and Harmonic (Unweighted Clustering, No Square Clustering)",random_forest,9.142344588879496,655,1798,0.9571447437929212,0.7391304347826086,0.816294739156669,0.7083333333333334,0.7727272727272727,0.8034028880734616,0.6122448979591837,0.6160912819789822,0.4838709677419355,0.8333333333333334
BERTopic_topic_128,1.0,similarity+text_similarity,"All but Betweenness and Harmonic (Unweighted Clustering, No Square Clustering)",xgboost,9.142344588879496,655,1798,0.9799260433174856,0.723404255319149,0.8144165824484961,0.7083333333333334,0.7391304347826086,0.828678094820819,0.5769230769230769,0.5982276179343834,0.4838709677419355,0.7142857142857143
BERTopic_topic_128,1.0,similarity+text_similarity,Core Number Only,logistic_regression,9.142344588879496,655,1798,0.846242736397253,0.0,0.2451030180025843,0.0,0.0,0.7848549573726198,0.0,0.2208604865397898,0.0,0.0
BERTopic_topic_128,1.0,similarity+text_similarity,Core Number Only,random_forest,9.142344588879496,655,1798,0.8140517696777602,0.0,0.2190071904350553,0.0,0.0,0.7418715884404038,0.0,0.1876968468190942,0.0,0.0
BERTopic_topic_128,1.0,similarity+text_similarity,Core Number Only,xgboost,9.142344588879496,655,1798,0.8192683571051242,0.0,0.2355287197778001,0.0,0.0,0.7386950727495116,0.0,0.1872927296761061,0.0,0.0
BERTopic_topic_128,1.0,similarity+text_similarity+interactions,"All (Unweighted Clustering, No Square Clustering)",logistic_regression,13.03131588548422,655,1798,0.8921685155837294,0.2068965517241379,0.4565152510973694,0.125,0.6,0.7946857257608121,0.1666666666666666,0.4142145053796872,0.0967741935483871,0.6
BERTopic_topic_128,1.0,similarity+text_similarity+interactions,"All (Unweighted Clustering, No Square Clustering)",random_forest,13.03131588548422,655,1798,0.9536450079239304,0.782608695652174,0.8093388448715146,0.75,0.8181818181818182,0.8250451831973274,0.6122448979591837,0.6245615230438231,0.4838709677419355,0.8333333333333334
BERTopic_topic_128,1.0,similarity+text_similarity+interactions,"All (Unweighted Clustering, No Square Clustering)",xgboost,13.03131588548422,655,1798,0.9571777601690438,0.7346938775510204,0.7950351739374346,0.75,0.72,0.8372765941909925,0.5660377358490566,0.5973016593143189,0.4838709677419355,0.6818181818181818
BERTopic_topic_128,1.0,similarity+text_similarity+interactions,"All but Betweenness and Harmonic (Unweighted Clustering, No Square Clustering)",logistic_regression,13.03131588548422,655,1798,0.9084786053882724,0.2666666666666666,0.5633815244605561,0.1666666666666666,0.6666666666666666,0.7980995673366559,0.1666666666666666,0.4660728785432487,0.0967741935483871,0.6
BERTopic_topic_128,1.0,similarity+text_similarity+interactions,"All but Betweenness and Harmonic (Unweighted Clustering, No Square Clustering)",random_forest,13.03131588548422,655,1798,0.9409006867406232,0.7555555555555555,0.8178699078266835,0.7083333333333334,0.8095238095238095,0.8281578034576556,0.6122448979591837,0.6182705722244263,0.4838709677419355,0.8333333333333334
BERTopic_topic_128,1.0,similarity+text_similarity+interactions,"All but Betweenness and Harmonic (Unweighted Clustering, No Square Clustering)",xgboost,13.03131588548422,655,1798,0.9605454305335446,0.7083333333333334,0.7857896255476898,0.7083333333333334,0.7083333333333334,0.8226536685105061,0.5882352941176471,0.5932177258880362,0.4838709677419355,0.75
BERTopic_topic_128,1.0,similarity+text_similarity+interactions,Core Number Only,logistic_regression,13.03131588548422,655,1798,0.844228737453777,0.0,0.2444739368497703,0.0,0.0,0.7848184456980121,0.0,0.2208417334315174,0.0,0.0
BERTopic_topic_128,1.0,similarity+text_similarity+interactions,Core Number Only,random_forest,13.03131588548422,655,1798,0.8137876386687797,0.0,0.2198162473295805,0.0,0.0,0.738476002701864,0.0,0.1879567295744314,0.0,0.0
BERTopic_topic_128,1.0,similarity+text_similarity+interactions,Core Number Only,xgboost,13.03131588548422,655,1798,0.8189381933438986,0.0,0.2358633563027108,0.0,0.0,0.7362761743067345,0.0,0.1878177534963728,0.0,0.0
BERTopic_topic_128,1.0,text_similarity,"All (Unweighted Clustering, No Square Clustering)",logistic_regression,8.801646812818944,655,1798,0.8892630744849446,0.2068965517241379,0.4234546758838206,0.125,0.6,0.7983551490589116,0.1142857142857142,0.3966297840057803,0.064516129032258,0.5
BERTopic_topic_128,1.0,text_similarity,"All (Unweighted Clustering, No Square Clustering)",random_forest,8.801646812818944,655,1798,0.9606114632857898,0.723404255319149,0.8107366881148264,0.7083333333333334,0.7391304347826086,0.8523194041294703,0.64,0.6308275323048511,0.5161290322580645,0.8421052631578947
BERTopic_topic_128,1.0,text_similarity,"All (Unweighted Clustering, No Square Clustering)",xgboost,8.801646812818944,655,1798,0.970120179609086,0.7346938775510204,0.7718234776983798,0.75,0.72,0.837021012468737,0.5769230769230769,0.6042282687503076,0.4838709677419355,0.7142857142857143
BERTopic_topic_128,1.0,text_similarity,"All but Betweenness and Harmonic (Unweighted Clustering, No Square Clustering)",logistic_regression,8.801646812818944,655,1798,0.9013470681458003,0.2666666666666666,0.5220616354127006,0.1666666666666666,0.6666666666666666,0.7968399145626814,0.1666666666666666,0.4258975033337011,0.0967741935483871,0.6
BERTopic_topic_128,1.0,text_similarity,"All but Betweenness and Harmonic (Unweighted Clustering, No Square Clustering)",random_forest,8.801646812818944,655,1798,0.979661912308505,0.7391304347826086,0.8011215853107524,0.7083333333333334,0.7727272727272727,0.8487230041805868,0.6153846153846154,0.6335611693475927,0.5161290322580645,0.7619047619047619
BERTopic_topic_128,1.0,text_similarity,"All but Betweenness and Harmonic (Unweighted Clustering, No Square Clustering)",xgboost,8.801646812818944,655,1798,0.9658610670892764,0.7346938775510204,0.7577632426929145,0.75,0.72,0.8400879931358052,0.5769230769230769,0.5860680749406226,0.4838709677419355,0.7142857142857143
BERTopic_topic_128,1.0,text_similarity,Core Number Only,logistic_regression,8.801646812818944,655,1798,0.8467049656629688,0.0,0.2454783955171922,0.0,0.0,0.7849371086404878,0.0,0.2211151011826012,0.0,0.0
BERTopic_topic_128,1.0,text_similarity,Core Number Only,random_forest,8.801646812818944,655,1798,0.8108491811938721,0.0,0.2124592929276031,0.0,0.0,0.7417255417419719,0.0,0.1875290118972415,0.0,0.0
BERTopic_topic_128,1.0,text_similarity,Core Number Only,xgboost,8.801646812818944,655,1798,0.8245839936608559,0.0,0.2361474598672127,0.0,0.0,0.7385307702137759,0.0,0.1872434133600669,0.0,0.0
BERTopic_topic_128,1.0,text_similarity+interactions,"All (Unweighted Clustering, No Square Clustering)",logistic_regression,15.303431128151717,655,1798,0.919836238774432,0.2068965517241379,0.4355206490622806,0.125,0.6,0.8159172645453382,0.1142857142857142,0.4122425314309224,0.064516129032258,0.5
BERTopic_topic_128,1.0,text_similarity+interactions,"All (Unweighted Clustering, No Square Clustering)",random_forest,15.303431128151717,655,1798,0.9755348652931854,0.7555555555555555,0.8149684531571296,0.7083333333333334,0.8095238095238095,0.87586030633295,0.64,0.6383542634717142,0.5161290322580645,0.8421052631578947
BERTopic_topic_128,1.0,text_similarity+interactions,"All (Unweighted Clustering, No Square Clustering)",xgboost,15.303431128151717,655,1798,0.9498481246698364,0.7346938775510204,0.7942287441848803,0.75,0.72,0.8390108987348704,0.6153846153846154,0.6165734305885702,0.5161290322580645,0.7619047619047619
BERTopic_topic_128,1.0,text_similarity+interactions,"All but Betweenness and Harmonic (Unweighted Clustering, No Square Clustering)",logistic_regression,15.303431128151717,655,1798,0.9265715795034338,0.2758620689655172,0.5458546918792742,0.1666666666666666,0.8,0.8035945743651532,0.1666666666666666,0.4328529581701348,0.0967741935483871,0.6
BERTopic_topic_128,1.0,text_similarity+interactions,"All but Betweenness and Harmonic (Unweighted Clustering, No Square Clustering)",random_forest,15.303431128151717,655,1798,0.9559891706286318,0.7391304347826086,0.7974773670624454,0.7083333333333334,0.7727272727272727,0.8499370173613015,0.6153846153846154,0.6298915728574961,0.5161290322580645,0.7619047619047619
BERTopic_topic_128,1.0,text_similarity+interactions,"All but Betweenness and Harmonic (Unweighted Clustering, No Square Clustering)",xgboost,15.303431128151717,655,1798,0.9457210776545166,0.6923076923076923,0.7901778047418274,0.75,0.6428571428571429,0.8372218266790806,0.5882352941176471,0.6113853164768478,0.4838709677419355,0.75
BERTopic_topic_128,1.0,text_similarity+interactions,Core Number Only,logistic_regression,15.303431128151717,655,1798,0.8457144743792921,0.0,0.245319721926587,0.0,0.0,0.7849188528031839,0.0,0.221097988769996,0.0,0.0
BERTopic_topic_128,1.0,text_similarity+interactions,Core Number Only,random_forest,15.303431128151717,655,1798,0.8106840993132594,0.0,0.2132935652723518,0.0,0.0,0.7382204209796082,0.0,0.1876895018160969,0.0,0.0
BERTopic_topic_128,1.0,text_similarity+interactions,Core Number Only,xgboost,15.303431128151717,655,1798,0.8248151082937137,0.0,0.2365515009936999,0.0,0.0,0.7363583255746025,0.0,0.1879049948229451,0.0,0.0
BERTopic_topic_128,5.0,interactions,"All (Unweighted Clustering, No Square Clustering)",logistic_regression,3.4276837687939405,1376,1798,0.7540118870728084,0.45,0.5209321447622415,0.3,0.9,0.6854793070084159,0.5116279069767442,0.5042024509894346,0.3548387096774194,0.9166666666666666
BERTopic_topic_128,5.0,interactions,"All (Unweighted Clustering, No Square Clustering)",random_forest,3.4276837687939405,1376,1798,0.8643387815750372,0.6046511627906976,0.599270033442987,0.4333333333333333,1.0,0.8464775361921975,0.5909090909090909,0.5643238838602225,0.4193548387096774,1.0
BERTopic_topic_128,5.0,interactions,"All (Unweighted Clustering, No Square Clustering)",xgboost,3.4276837687939405,1376,1798,0.866765725606736,0.6521739130434783,0.6588231938430054,0.5,0.9375,0.8091443489055625,0.5957446808510638,0.5952173800027317,0.4516129032258064,0.875
BERTopic_topic_128,5.0,interactions,"All but Betweenness and Harmonic (Unweighted Clustering, No Square Clustering)",logistic_regression,3.4276837687939405,1376,1798,0.7825160970777614,0.1764705882352941,0.4339791663976957,0.1,0.75,0.7155284152107636,0.1666666666666666,0.3806353972884544,0.0967741935483871,0.6
BERTopic_topic_128,5.0,interactions,"All but Betweenness and Harmonic (Unweighted Clustering, No Square Clustering)",random_forest,3.4276837687939405,1376,1798,0.869155522535909,0.6046511627906976,0.6125400119732397,0.4333333333333333,1.0,0.862606568450262,0.5909090909090909,0.546964858169967,0.4193548387096774,1.0
BERTopic_topic_128,5.0,interactions,"All but Betweenness and Harmonic (Unweighted Clustering, No Square Clustering)",xgboost,3.4276837687939405,1376,1798,0.8582218920257554,0.6956521739130435,0.6571394242749775,0.5333333333333333,1.0,0.8354875221352028,0.6382978723404256,0.5990386160865421,0.4838709677419355,0.9375
BERTopic_topic_128,5.0,interactions,Core Number Only,logistic_regression,3.4276837687939405,1376,1798,0.7225854383358098,0.0,0.1150153181709783,0.0,0.0,0.7568687587856218,0.0,0.1103295277072391,0.0,0.0
BERTopic_topic_128,5.0,interactions,Core Number Only,random_forest,3.4276837687939405,1376,1798,0.7090391282813275,0.0,0.1017168576971955,0.0,0.0,0.7201927816419299,0.0,0.0985294470676707,0.0,0.0
BERTopic_topic_128,5.0,interactions,Core Number Only,xgboost,3.4276837687939405,1376,1798,0.7082466567607727,0.0,0.1015509250306078,0.0,0.0,0.7303247713456378,0.0,0.0997777278448696,0.0,0.0
BERTopic_topic_128,5.0,similarity,"All (Unweighted Clustering, No Square Clustering)",logistic_regression,12.956807436887177,1376,1798,0.926968796433878,0.1764705882352941,0.4699394914512458,0.1,0.75,0.8869872391697246,0.1714285714285714,0.4751148068570373,0.0967741935483871,0.75
BERTopic_topic_128,5.0,similarity,"All (Unweighted Clustering, No Square Clustering)",random_forest,12.956807436887177,1376,1798,0.9008667657256068,0.7083333333333334,0.6968824761757477,0.5666666666666667,0.9444444444444444,0.8951749822005586,0.6938775510204082,0.7052502604252227,0.5483870967741935,0.9444444444444444
BERTopic_topic_128,5.0,similarity,"All (Unweighted Clustering, No Square Clustering)",xgboost,12.956807436887177,1376,1798,0.87369985141159,0.625,0.6406347229353362,0.5,0.8333333333333334,0.8605892984281723,0.6382978723404256,0.6724216081661557,0.4838709677419355,0.9375
BERTopic_topic_128,5.0,similarity,"All but Betweenness and Harmonic (Unweighted Clustering, No Square Clustering)",logistic_regression,12.956807436887177,1376,1798,0.9111193660227836,0.1176470588235294,0.3205201635819009,0.0666666666666666,0.5,0.8934132939007247,0.1111111111111111,0.3440575589552671,0.064516129032258,0.4
BERTopic_topic_128,5.0,similarity,"All but Betweenness and Harmonic (Unweighted Clustering, No Square Clustering)",random_forest,12.956807436887177,1376,1798,0.8738979692917286,0.6666666666666666,0.656244269737506,0.5333333333333333,0.8888888888888888,0.8690326231812622,0.6808510638297872,0.6774705274805783,0.5161290322580645,1.0
BERTopic_topic_128,5.0,similarity,"All but Betweenness and Harmonic (Unweighted Clustering, No Square Clustering)",xgboost,12.956807436887177,1376,1798,0.8837790985636456,0.6666666666666666,0.6374707564264858,0.5666666666666667,0.8095238095238095,0.8446154407871918,0.6086956521739131,0.6090419026600625,0.4516129032258064,0.9333333333333332
BERTopic_topic_128,5.0,similarity,Core Number Only,logistic_regression,12.956807436887177,1376,1798,0.7993808816245667,0.0,0.1277623999178896,0.0,0.0,0.8267521039852492,0.0,0.1286870671685661,0.0,0.0
BERTopic_topic_128,5.0,similarity,Core Number Only,random_forest,12.956807436887177,1376,1798,0.7567112431896978,0.1951219512195122,0.2541741735403066,0.1333333333333333,0.3636363636363636,0.7366412910528142,0.1818181818181818,0.242554831441656,0.1290322580645161,0.3076923076923077
BERTopic_topic_128,5.0,similarity,Core Number Only,xgboost,12.956807436887177,1376,1798,0.7385463100544825,0.0,0.2601680003438732,0.0,0.0,0.7386403052375998,0.0,0.2433269509044077,0.0,0.0
BERTopic_topic_128,5.0,similarity+interactions,"All (Unweighted Clustering, No Square Clustering)",logistic_regression,21.150526307988912,1376,1798,0.9034175334323924,0.2285714285714285,0.4631849073417528,0.1333333333333333,0.8,0.8655913978494624,0.1176470588235294,0.4813066156609524,0.064516129032258,0.6666666666666666
BERTopic_topic_128,5.0,similarity+interactions,"All (Unweighted Clustering, No Square Clustering)",random_forest,21.150526307988912,1376,1798,0.875037147102526,0.7083333333333334,0.6795004036063396,0.5666666666666667,0.9444444444444444,0.8505577158296365,0.7083333333333334,0.6834815143594074,0.5483870967741935,1.0
BERTopic_topic_128,5.0,similarity+interactions,"All (Unweighted Clustering, No Square Clustering)",xgboost,21.150526307988912,1376,1798,0.8384101040118871,0.6274509803921569,0.638716799917796,0.5333333333333333,0.7619047619047619,0.8420231118900269,0.6538461538461539,0.6430213142400087,0.5483870967741935,0.8095238095238095
BERTopic_topic_128,5.0,similarity+interactions,"All but Betweenness and Harmonic (Unweighted Clustering, No Square Clustering)",logistic_regression,21.150526307988912,1376,1798,0.8945269935611689,0.2222222222222222,0.4390838798805842,0.1333333333333333,0.6666666666666666,0.8598955766106212,0.0588235294117647,0.4621124397566579,0.032258064516129,0.3333333333333333
BERTopic_topic_128,5.0,similarity+interactions,"All but Betweenness and Harmonic (Unweighted Clustering, No Square Clustering)",random_forest,21.150526307988912,1376,1798,0.8930411094601288,0.6808510638297872,0.6819314555998879,0.5333333333333333,0.9411764705882352,0.9077988936962594,0.7083333333333334,0.6856790935440196,0.5483870967741935,1.0
BERTopic_topic_128,5.0,similarity+interactions,"All but Betweenness and Harmonic (Unweighted Clustering, No Square Clustering)",xgboost,21.150526307988912,1376,1798,0.8531203566121843,0.6792452830188679,0.6524695627502333,0.6,0.782608695652174,0.8417675301677712,0.5882352941176471,0.6081406271444725,0.4838709677419355,0.75
BERTopic_topic_128,5.0,similarity+interactions,Core Number Only,logistic_regression,21.150526307988912,1376,1798,0.7966567607726598,0.0,0.127246192867338,0.0,0.0,0.8250999507092392,0.0,0.1282858321216869,0.0,0.0
BERTopic_topic_128,5.0,similarity+interactions,Core Number Only,random_forest,21.150526307988912,1376,1798,0.7574789499752352,0.1951219512195122,0.253143079540712,0.1333333333333333,0.3636363636363636,0.7370794311481097,0.1818181818181818,0.2457435129217656,0.1290322580645161,0.3076923076923077
BERTopic_topic_128,5.0,similarity+interactions,Core Number Only,xgboost,21.150526307988912,1376,1798,0.7403293709757305,0.0,0.2601494686067886,0.0,0.0,0.7342223926100371,0.0,0.2461638621154144,0.0,0.0
BERTopic_topic_128,5.0,similarity+text_similarity,"All (Unweighted Clustering, No Square Clustering)",logistic_regression,24.34947591461241,1376,1798,0.8910351659237246,0.1714285714285714,0.3194906469609845,0.1,0.6,0.8260492542490462,0.1714285714285714,0.3483263466696503,0.0967741935483871,0.75
BERTopic_topic_128,5.0,similarity+text_similarity,"All (Unweighted Clustering, No Square Clustering)",random_forest,24.34947591461241,1376,1798,0.9632615156017832,0.6923076923076923,0.7675071952150515,0.6,0.8181818181818182,0.9027055150884497,0.7083333333333334,0.7232577577956945,0.5483870967741935,1.0
BERTopic_topic_128,5.0,similarity+text_similarity,"All (Unweighted Clustering, No Square Clustering)",xgboost,24.34947591461241,1376,1798,0.9139673105497772,0.7307692307692307,0.706251271811896,0.6333333333333333,0.8636363636363636,0.8839202585026562,0.7407407407407407,0.7072312229016418,0.6451612903225806,0.8695652173913043
BERTopic_topic_128,5.0,similarity+text_similarity,"All but Betweenness and Harmonic (Unweighted Clustering, No Square Clustering)",logistic_regression,24.34947591461241,1376,1798,0.9002228826151559,0.1764705882352941,0.3822007653982117,0.1,0.75,0.860917903499644,0.1714285714285714,0.4202610335036011,0.0967741935483871,0.75
BERTopic_topic_128,5.0,similarity+text_similarity,"All but Betweenness and Harmonic (Unweighted Clustering, No Square Clustering)",random_forest,24.34947591461241,1376,1798,0.926745913818722,0.7058823529411765,0.7561315807656136,0.6,0.8571428571428571,0.8813005458495354,0.7346938775510204,0.7293742616195871,0.5806451612903226,1.0
BERTopic_topic_128,5.0,similarity+text_similarity,"All but Betweenness and Harmonic (Unweighted Clustering, No Square Clustering)",xgboost,24.34947591461241,1376,1798,0.9133481921743436,0.7307692307692307,0.7198543850364816,0.6333333333333333,0.8636363636363636,0.8654636069883345,0.6909090909090909,0.6840044610080287,0.6129032258064516,0.7916666666666666
BERTopic_topic_128,5.0,similarity+text_similarity,Core Number Only,logistic_regression,24.34947591461241,1376,1798,0.789413075780089,0.0,0.1372998348417281,0.0,0.0,0.8116910382094675,0.0,0.1302595925871966,0.0,0.0
BERTopic_topic_128,5.0,similarity+text_similarity,Core Number Only,random_forest,24.34947591461241,1376,1798,0.7743684992570579,0.0,0.1441101016326819,0.0,0.0,0.7651842926775836,0.0,0.143696086250604,0.0,0.0
BERTopic_topic_128,5.0,similarity+text_similarity,Core Number Only,xgboost,24.34947591461241,1376,1798,0.767954432887568,0.0,0.1497712415394468,0.0,0.0,0.7728517443452543,0.0,0.1469678065776929,0.0,0.0
BERTopic_topic_128,5.0,similarity+text_similarity+interactions,"All (Unweighted Clustering, No Square Clustering)",logistic_regression,37.0549324573949,1376,1798,0.8838533927686975,0.1764705882352941,0.2848393507461659,0.1,0.75,0.8248261131496796,0.1764705882352941,0.3057246333534349,0.0967741935483871,1.0
BERTopic_topic_128,5.0,similarity+text_similarity+interactions,"All (Unweighted Clustering, No Square Clustering)",random_forest,37.0549324573949,1376,1798,0.9430782565626548,0.72,0.7319409819093294,0.6,0.9,0.9183325118206548,0.7083333333333334,0.7202159283256516,0.5483870967741935,1.0
BERTopic_topic_128,5.0,similarity+text_similarity+interactions,"All (Unweighted Clustering, No Square Clustering)",xgboost,37.0549324573949,1376,1798,0.9014363546310054,0.6538461538461539,0.6886547521586154,0.5666666666666667,0.7727272727272727,0.8858553772568779,0.7272727272727273,0.7025012807467955,0.6451612903225806,0.8333333333333334
BERTopic_topic_128,5.0,similarity+text_similarity+interactions,"All but Betweenness and Harmonic (Unweighted Clustering, No Square Clustering)",logistic_regression,37.0549324573949,1376,1798,0.8980931154036652,0.1764705882352941,0.3950862817430419,0.1,0.75,0.8627982547419537,0.1714285714285714,0.4229410219158101,0.0967741935483871,0.75
BERTopic_topic_128,5.0,similarity+text_similarity+interactions,"All but Betweenness and Harmonic (Unweighted Clustering, No Square Clustering)",random_forest,37.0549324573949,1376,1798,0.9259534422981672,0.72,0.7449706168976625,0.6,0.9,0.9157858225167496,0.7346938775510204,0.7178737133081544,0.5806451612903226,1.0
BERTopic_topic_128,5.0,similarity+text_similarity+interactions,"All but Betweenness and Harmonic (Unweighted Clustering, No Square Clustering)",xgboost,37.0549324573949,1376,1798,0.9006934125804854,0.7169811320754716,0.7320547779870968,0.6333333333333333,0.8260869565217391,0.8549482447012431,0.7692307692307693,0.6921610250142993,0.6451612903225806,0.9523809523809524
BERTopic_topic_128,5.0,similarity+text_similarity+interactions,Core Number Only,logistic_regression,37.0549324573949,1376,1798,0.7885215453194651,0.0,0.1372519082097987,0.0,0.0,0.8110703397411322,0.0,0.1302090658584336,0.0,0.0
BERTopic_topic_128,5.0,similarity+text_similarity+interactions,Core Number Only,random_forest,37.0549324573949,1376,1798,0.7713719663199604,0.0,0.1441445920457052,0.0,0.0,0.7598079485915621,0.0,0.1437053678170349,0.0,0.0
BERTopic_topic_128,5.0,similarity+text_similarity+interactions,Core Number Only,xgboost,37.0549324573949,1376,1798,0.7651807825656265,0.0,0.149878284687966,0.0,0.0,0.7656224327728792,0.0,0.1480614480947845,0.0,0.0
BERTopic_topic_128,5.0,text_similarity,"All (Unweighted Clustering, No Square Clustering)",logistic_regression,22.58300421386957,1376,1798,0.8909608717186727,0.1818181818181818,0.3316372573515515,0.1,1.0,0.8389561312229585,0.1714285714285714,0.333169179418212,0.0967741935483871,0.75
BERTopic_topic_128,5.0,text_similarity,"All (Unweighted Clustering, No Square Clustering)",random_forest,22.58300421386957,1376,1798,0.9374690440812284,0.6792452830188679,0.7010967401155406,0.6,0.782608695652174,0.8985249283458385,0.6808510638297872,0.6769308358429209,0.5161290322580645,1.0
BERTopic_topic_128,5.0,text_similarity,"All (Unweighted Clustering, No Square Clustering)",xgboost,22.58300421386957,1376,1798,0.932454185240218,0.6792452830188679,0.6753198440222518,0.6,0.782608695652174,0.8986162075323584,0.6296296296296297,0.6485167099096012,0.5483870967741935,0.7391304347826086
BERTopic_topic_128,5.0,text_similarity,"All but Betweenness and Harmonic (Unweighted Clustering, No Square Clustering)",logistic_regression,22.58300421386957,1376,1798,0.9025755324418028,0.1764705882352941,0.3887959819513831,0.1,0.75,0.8538163827883964,0.1714285714285714,0.3829658901397519,0.0967741935483871,0.75
BERTopic_topic_128,5.0,text_similarity,"All but Betweenness and Harmonic (Unweighted Clustering, No Square Clustering)",random_forest,22.58300421386957,1376,1798,0.9383729569093612,0.6538461538461539,0.694544655316243,0.5666666666666667,0.7727272727272727,0.9019661536776384,0.6666666666666666,0.6991057622359748,0.5161290322580645,0.9411764705882352
BERTopic_topic_128,5.0,text_similarity,"All but Betweenness and Harmonic (Unweighted Clustering, No Square Clustering)",xgboost,22.58300421386957,1376,1798,0.939759782070332,0.6274509803921569,0.65299150762631,0.5333333333333333,0.7619047619047619,0.8898899173010569,0.6538461538461539,0.6399629810456459,0.5483870967741935,0.8095238095238095
BERTopic_topic_128,5.0,text_similarity,Core Number Only,logistic_regression,22.58300421386957,1376,1798,0.7896111936602279,0.0,0.1369348299482555,0.0,0.0,0.810349234167625,0.0,0.1303785064704514,0.0,0.0
BERTopic_topic_128,5.0,text_similarity,Core Number Only,random_forest,22.58300421386957,1376,1798,0.7780089153046061,0.0,0.145629134540364,0.0,0.0,0.8097559194552458,0.0,0.1520520502241461,0.0,0.0
BERTopic_topic_128,5.0,text_similarity,Core Number Only,xgboost,22.58300421386957,1376,1798,0.7907627538385339,0.0,0.1518913175447619,0.0,0.0,0.8201891304744692,0.0,0.1550414887230242,0.0,0.0
BERTopic_topic_128,5.0,text_similarity+interactions,"All (Unweighted Clustering, No Square Clustering)",logistic_regression,42.20489741722122,1376,1798,0.8891035165923725,0.1764705882352941,0.3267712023922402,0.1,0.75,0.8134162148346934,0.1714285714285714,0.342740702731413,0.0967741935483871,0.75
BERTopic_topic_128,5.0,text_similarity+interactions,"All (Unweighted Clustering, No Square Clustering)",random_forest,42.20489741722122,1376,1798,0.9304977711738484,0.6923076923076923,0.6869246664570016,0.6,0.8181818181818182,0.897347426839732,0.6808510638297872,0.6773987503098122,0.5161290322580645,1.0
BERTopic_topic_128,5.0,text_similarity+interactions,"All (Unweighted Clustering, No Square Clustering)",xgboost,42.20489741722122,1376,1798,0.9085438335809808,0.6545454545454545,0.6408716343231852,0.6,0.72,0.8685853551673147,0.72,0.6438229468347789,0.5806451612903226,0.9473684210526316
BERTopic_topic_128,5.0,text_similarity+interactions,"All but Betweenness and Harmonic (Unweighted Clustering, No Square Clustering)",logistic_regression,42.20489741722122,1376,1798,0.8783803863298664,0.1764705882352941,0.3846789203769451,0.1,0.75,0.8348303119922594,0.1714285714285714,0.3870769709499884,0.0967741935483871,0.75
BERTopic_topic_128,5.0,text_similarity+interactions,"All but Betweenness and Harmonic (Unweighted Clustering, No Square Clustering)",random_forest,42.20489741722122,1376,1798,0.8972263496780585,0.6666666666666666,0.672036877526282,0.5666666666666667,0.8095238095238095,0.8718987896379867,0.6666666666666666,0.6537874096012777,0.5161290322580645,0.9411764705882352
BERTopic_topic_128,5.0,text_similarity+interactions,"All but Betweenness and Harmonic (Unweighted Clustering, No Square Clustering)",xgboost,42.20489741722122,1376,1798,0.8968053491827638,0.6415094339622641,0.6386009026759041,0.5666666666666667,0.7391304347826086,0.8573762710626722,0.68,0.6624162504091335,0.5483870967741935,0.8947368421052632
BERTopic_topic_128,5.0,text_similarity+interactions,Core Number Only,logistic_regression,42.20489741722122,1376,1798,0.7885091629519563,0.0,0.1368739734002128,0.0,0.0,0.809655512350074,0.0,0.1303324634497998,0.0,0.0
BERTopic_topic_128,5.0,text_similarity+interactions,Core Number Only,random_forest,42.20489741722122,1376,1798,0.7806092124814266,0.0,0.1455538642429715,0.0,0.0,0.8085966737864433,0.0,0.1514846761788055,0.0,0.0
BERTopic_topic_128,5.0,text_similarity+interactions,Core Number Only,xgboost,42.20489741722122,1376,1798,0.7920009905894008,0.0,0.1513556156629497,0.0,0.0,0.8245066359968602,0.0,0.1550868113464573,0.0,0.0
BERTopic_topic_128,10.0,interactions,"All (Unweighted Clustering, No Square Clustering)",logistic_regression,4.310517117846757,1592,1798,0.7615236875800255,0.45,0.4781474700893582,0.3,0.9,0.7261533125216789,0.4761904761904761,0.4772525143923902,0.3225806451612903,0.9090909090909092
BERTopic_topic_128,10.0,interactions,"All (Unweighted Clustering, No Square Clustering)",random_forest,4.310517117846757,1592,1798,0.8471830985915494,0.6046511627906976,0.6593149871209051,0.4333333333333333,1.0,0.8463588732497216,0.5909090909090909,0.5851723174539202,0.4193548387096774,1.0
BERTopic_topic_128,10.0,interactions,"All (Unweighted Clustering, No Square Clustering)",xgboost,4.310517117846757,1592,1798,0.8811779769526249,0.6666666666666666,0.6206885188048787,0.5,1.0,0.8631086039761213,0.6222222222222222,0.6221719671385664,0.4516129032258064,1.0
BERTopic_topic_128,10.0,interactions,"All but Betweenness and Harmonic (Unweighted Clustering, No Square Clustering)",logistic_regression,4.310517117846757,1592,1798,0.8152155356380709,0.1212121212121212,0.3291437729546518,0.0666666666666666,0.6666666666666666,0.7901400222721215,0.1176470588235294,0.4018380672660912,0.064516129032258,0.6666666666666666
BERTopic_topic_128,10.0,interactions,"All but Betweenness and Harmonic (Unweighted Clustering, No Square Clustering)",random_forest,4.310517117846757,1592,1798,0.8521660264618012,0.6046511627906976,0.6403396883666995,0.4333333333333333,1.0,0.8441864286105483,0.5909090909090909,0.5848225383435899,0.4193548387096774,1.0
BERTopic_topic_128,10.0,interactions,"All but Betweenness and Harmonic (Unweighted Clustering, No Square Clustering)",xgboost,4.310517117846757,1592,1798,0.8952838241570636,0.6222222222222222,0.613616897457088,0.4666666666666667,0.9333333333333332,0.869187797798346,0.6086956521739131,0.6355845109355825,0.4516129032258064,0.9333333333333332
BERTopic_topic_128,10.0,interactions,Core Number Only,logistic_regression,4.310517117846757,1592,1798,0.7217989756722152,0.0,0.1074753490831441,0.0,0.0,0.7529163700093106,0.0,0.1133997325123103,0.0,0.0
BERTopic_topic_128,10.0,interactions,Core Number Only,random_forest,4.310517117846757,1592,1798,0.7148954332052924,0.0,0.0993195174422473,0.0,0.0,0.7165598700184383,0.0,0.1000314432319064,0.0,0.0
BERTopic_topic_128,10.0,interactions,Core Number Only,xgboost,4.310517117846757,1592,1798,0.7094430217669655,0.0,0.099027693278848,0.0,0.0,0.717664348175329,0.0,0.1026921942994099,0.0,0.0
BERTopic_topic_128,10.0,similarity,"All (Unweighted Clustering, No Square Clustering)",logistic_regression,15.26993305189535,1592,1798,0.9112035851472472,0.0606060606060606,0.3217046134132035,0.0333333333333333,0.3333333333333333,0.8839750260145681,0.1142857142857142,0.3698810316968108,0.064516129032258,0.5
BERTopic_topic_128,10.0,similarity,"All (Unweighted Clustering, No Square Clustering)",random_forest,15.26993305189535,1592,1798,0.8683311993171148,0.7083333333333334,0.7066682170445937,0.5666666666666667,0.9444444444444444,0.8519634153020428,0.6666666666666666,0.6587278787590385,0.5161290322580645,0.9411764705882352
BERTopic_topic_128,10.0,similarity,"All (Unweighted Clustering, No Square Clustering)",xgboost,15.26993305189535,1592,1798,0.8981860862142553,0.6274509803921569,0.6630591977315785,0.5333333333333333,0.7619047619047619,0.8551034193183271,0.6530612244897959,0.6579013762392805,0.5161290322580645,0.8888888888888888
BERTopic_topic_128,10.0,similarity,"All but Betweenness and Harmonic (Unweighted Clustering, No Square Clustering)",logistic_regression,15.26993305189535,1592,1798,0.9102859581732822,0.0625,0.2209820342499852,0.0333333333333333,0.5,0.8879000310349234,0.1142857142857142,0.234804410992339,0.064516129032258,0.5
BERTopic_topic_128,10.0,similarity,"All but Betweenness and Harmonic (Unweighted Clustering, No Square Clustering)",random_forest,15.26993305189535,1592,1798,0.8892765685019207,0.6222222222222222,0.700958342500624,0.4666666666666667,0.9333333333333332,0.8749201307117951,0.7083333333333334,0.6818586890442522,0.5483870967741935,1.0
BERTopic_topic_128,10.0,similarity,"All but Betweenness and Harmonic (Unweighted Clustering, No Square Clustering)",xgboost,15.26993305189535,1592,1798,0.902944942381562,0.6274509803921569,0.6133636908730866,0.5333333333333333,0.7619047619047619,0.8653358161272067,0.6530612244897959,0.6533060849280474,0.5161290322580645,0.8888888888888888
BERTopic_topic_128,10.0,similarity,Core Number Only,logistic_regression,15.26993305189535,1592,1798,0.7926909944515577,0.0,0.0745724854509372,0.0,0.0,0.800518465779433,0.0,0.0815607829140622,0.0,0.0
BERTopic_topic_128,10.0,similarity,Core Number Only,random_forest,15.26993305189535,1592,1798,0.806423388817755,0.0,0.1225878842697032,0.0,0.0,0.81128940978878,0.0,0.1157481550432253,0.0,0.0
BERTopic_topic_128,10.0,similarity,Core Number Only,xgboost,15.26993305189535,1592,1798,0.8269419547588561,0.0,0.120167415588035,0.0,0.0,0.8176150574146083,0.0,0.1179901431750817,0.0,0.0
BERTopic_topic_128,10.0,similarity+interactions,"All (Unweighted Clustering, No Square Clustering)",logistic_regression,25.17082674600533,1592,1798,0.9001707212974819,0.0625,0.2931449968631053,0.0333333333333333,0.5,0.8919163152417985,0.1142857142857142,0.344872982723489,0.064516129032258,0.5
BERTopic_topic_128,10.0,similarity+interactions,"All (Unweighted Clustering, No Square Clustering)",random_forest,25.17082674600533,1592,1798,0.8847844643619291,0.6666666666666666,0.720051426648923,0.5,1.0,0.852657137119594,0.6938775510204082,0.6658762810716654,0.5483870967741935,0.9444444444444444
BERTopic_topic_128,10.0,similarity+interactions,"All (Unweighted Clustering, No Square Clustering)",xgboost,25.17082674600533,1592,1798,0.8623132735808792,0.6530612244897959,0.6318681897832051,0.5333333333333333,0.8421052631578947,0.8429906712671377,0.6666666666666666,0.6546887248707433,0.5483870967741935,0.85
BERTopic_topic_128,10.0,similarity+interactions,"All but Betweenness and Harmonic (Unweighted Clustering, No Square Clustering)",logistic_regression,25.17082674600533,1592,1798,0.9024327784891164,0.0625,0.1932467009501857,0.0333333333333333,0.5,0.8959325994486736,0.1142857142857142,0.2121057570322128,0.064516129032258,0.5
BERTopic_topic_128,10.0,similarity+interactions,"All but Betweenness and Harmonic (Unweighted Clustering, No Square Clustering)",random_forest,25.17082674600533,1592,1798,0.8832159624413145,0.6363636363636364,0.7056108834324348,0.4666666666666667,1.0,0.8441590448545923,0.7083333333333334,0.6907402510135556,0.5483870967741935,1.0
BERTopic_topic_128,10.0,similarity+interactions,"All but Betweenness and Harmonic (Unweighted Clustering, No Square Clustering)",xgboost,25.17082674600533,1592,1798,0.8635723431498079,0.5833333333333334,0.5822705581289392,0.4666666666666667,0.7777777777777778,0.8648246526826953,0.68,0.6777460196954738,0.5483870967741935,0.8947368421052632
BERTopic_topic_128,10.0,similarity+interactions,Core Number Only,logistic_regression,25.17082674600533,1592,1798,0.7899274434485701,0.0,0.073263578670736,0.0,0.0,0.7984281724081276,0.0,0.0796375566158236,0.0,0.0
BERTopic_topic_128,10.0,similarity+interactions,Core Number Only,random_forest,25.17082674600533,1592,1798,0.8049615877080665,0.0,0.1191407403200267,0.0,0.0,0.8064333570659218,0.0,0.1130833233545002,0.0,0.0
BERTopic_topic_128,10.0,similarity+interactions,Core Number Only,xgboost,25.17082674600533,1592,1798,0.8244451557831839,0.0,0.1177956436823336,0.0,0.0,0.8111981306022601,0.0,0.1136265225331526,0.0,0.0
BERTopic_topic_128,10.0,similarity+text_similarity,"All (Unweighted Clustering, No Square Clustering)",logistic_regression,30.037379192188386,1592,1798,0.8744344857020914,0.0625,0.1984176346404523,0.0333333333333333,0.5,0.8625426730196981,0.1176470588235294,0.3181621385782506,0.064516129032258,0.6666666666666666
BERTopic_topic_128,10.0,similarity+text_similarity,"All (Unweighted Clustering, No Square Clustering)",random_forest,30.037379192188386,1592,1798,0.9255121638924456,0.6521739130434783,0.7348715475755642,0.5,0.9375,0.9393632363948372,0.68,0.6718648620363935,0.5483870967741935,0.8947368421052632
BERTopic_topic_128,10.0,similarity+text_similarity,"All (Unweighted Clustering, No Square Clustering)",xgboost,30.037379192188386,1592,1798,0.9184485702091336,0.6530612244897959,0.72854804531126,0.5333333333333333,0.8421052631578947,0.907196451065228,0.6274509803921569,0.663343693783572,0.5161290322580645,0.8
BERTopic_topic_128,10.0,similarity+text_similarity,"All but Betweenness and Harmonic (Unweighted Clustering, No Square Clustering)",logistic_regression,30.037379192188386,1592,1798,0.8908023900981649,0.1764705882352941,0.3209665247177043,0.1,0.75,0.8783704839622469,0.1714285714285714,0.3955580729374356,0.0967741935483871,0.75
BERTopic_topic_128,10.0,similarity+text_similarity,"All but Betweenness and Harmonic (Unweighted Clustering, No Square Clustering)",random_forest,30.037379192188386,1592,1798,0.9280196329492104,0.6521739130434783,0.7286382867428888,0.5,0.9375,0.8894517772057616,0.6938775510204082,0.6681655091743688,0.5483870967741935,0.9444444444444444
BERTopic_topic_128,10.0,similarity+text_similarity,"All but Betweenness and Harmonic (Unweighted Clustering, No Square Clustering)",xgboost,30.037379192188386,1592,1798,0.9060499359795134,0.6382978723404256,0.7332810404933805,0.5,0.8823529411764706,0.9046223780053672,0.6274509803921569,0.6525210801888891,0.5161290322580645,0.8
BERTopic_topic_128,10.0,similarity+text_similarity,Core Number Only,logistic_regression,30.037379192188386,1592,1798,0.780644472897994,0.0,0.1028226666807702,0.0,0.0,0.7900304872482977,0.0,0.1128533059773741,0.0,0.0
BERTopic_topic_128,10.0,similarity+text_similarity,Core Number Only,random_forest,30.037379192188386,1592,1798,0.7480153649167733,0.0,0.1177168558157195,0.0,0.0,0.7830476294795261,0.0,0.1314924996997654,0.0,0.0
BERTopic_topic_128,10.0,similarity+text_similarity,Core Number Only,xgboost,30.037379192188386,1592,1798,0.7045241143832693,0.0,0.1204909210344534,0.0,0.0,0.7905142669368531,0.0,0.1328166806426683,0.0,0.0
BERTopic_topic_128,10.0,similarity+text_similarity+interactions,"All (Unweighted Clustering, No Square Clustering)",logistic_regression,46.20131812244654,1592,1798,0.8791506615450277,0.0606060606060606,0.2061619244209208,0.0333333333333333,0.3333333333333333,0.8928473629443014,0.1142857142857142,0.3038891156741324,0.064516129032258,0.5
BERTopic_topic_128,10.0,similarity+text_similarity+interactions,"All (Unweighted Clustering, No Square Clustering)",random_forest,46.20131812244654,1592,1798,0.9236022193768672,0.6521739130434783,0.7157431690864638,0.5,0.9375,0.9543969184146632,0.6938775510204082,0.6929884493289178,0.5483870967741935,0.9444444444444444
BERTopic_topic_128,10.0,similarity+text_similarity+interactions,"All (Unweighted Clustering, No Square Clustering)",xgboost,46.20131812244654,1592,1798,0.9021660264618012,0.64,0.6849863855110722,0.5333333333333333,0.8,0.908072731255819,0.6666666666666666,0.6665594190254318,0.5483870967741935,0.85
BERTopic_topic_128,10.0,similarity+text_similarity+interactions,"All but Betweenness and Harmonic (Unweighted Clustering, No Square Clustering)",logistic_regression,46.20131812244654,1592,1798,0.8992530943235169,0.1764705882352941,0.298581126855991,0.1,0.75,0.8972470197345601,0.1714285714285714,0.3752727709464047,0.0967741935483871,0.75
BERTopic_topic_128,10.0,similarity+text_similarity+interactions,"All but Betweenness and Harmonic (Unweighted Clustering, No Square Clustering)",random_forest,46.20131812244654,1592,1798,0.9118011096884336,0.6666666666666666,0.7474341062806198,0.5,1.0,0.8873249721598483,0.6938775510204082,0.6915416815685921,0.5483870967741935,0.9444444444444444
BERTopic_topic_128,10.0,similarity+text_similarity+interactions,"All but Betweenness and Harmonic (Unweighted Clustering, No Square Clustering)",xgboost,46.20131812244654,1592,1798,0.8997545881348699,0.6382978723404256,0.6936057181866327,0.5,0.8823529411764706,0.9112675027840152,0.6666666666666666,0.6727198454699523,0.5483870967741935,0.85
BERTopic_topic_128,10.0,similarity+text_similarity+interactions,Core Number Only,logistic_regression,46.20131812244654,1592,1798,0.7802176696542893,0.0,0.1027978577723408,0.0,0.0,0.7896927542581741,0.0,0.1128327732627577,0.0,0.0
BERTopic_topic_128,10.0,similarity+text_similarity+interactions,Core Number Only,random_forest,46.20131812244654,1592,1798,0.7473751600512164,0.0,0.117688389428391,0.0,0.0,0.7827646640013144,0.0,0.1314117451543874,0.0,0.0
BERTopic_topic_128,10.0,similarity+text_similarity+interactions,Core Number Only,xgboost,46.20131812244654,1592,1798,0.7027102005975245,0.0,0.1205263222894164,0.0,0.0,0.7894097887799624,0.0,0.1322218728357642,0.0,0.0
BERTopic_topic_128,10.0,text_similarity,"All (Unweighted Clustering, No Square Clustering)",logistic_regression,28.58952259318903,1592,1798,0.8997012377294068,0.0606060606060606,0.2301661760661368,0.0333333333333333,0.3333333333333333,0.8680376800481955,0.1176470588235294,0.2758549812978644,0.064516129032258,0.6666666666666666
BERTopic_topic_128,10.0,text_similarity,"All (Unweighted Clustering, No Square Clustering)",random_forest,28.58952259318903,1592,1798,0.909901835253948,0.6222222222222222,0.7177270542269236,0.4666666666666667,0.9333333333333332,0.90229475874911,0.6666666666666666,0.6828197724205451,0.5161290322580645,0.9411764705882352
BERTopic_topic_128,10.0,text_similarity,"All (Unweighted Clustering, No Square Clustering)",xgboost,28.58952259318903,1592,1798,0.9227912932138284,0.6382978723404256,0.7306426755769045,0.5,0.8823529411764706,0.8988717892546141,0.68,0.6697826889636669,0.5483870967741935,0.8947368421052632
BERTopic_topic_128,10.0,text_similarity,"All but Betweenness and Harmonic (Unweighted Clustering, No Square Clustering)",logistic_regression,28.58952259318903,1592,1798,0.8826077678190355,0.1764705882352941,0.3042207022766595,0.1,0.75,0.8763440860215054,0.1714285714285714,0.3813971210043775,0.0967741935483871,0.75
BERTopic_topic_128,10.0,text_similarity,"All but Betweenness and Harmonic (Unweighted Clustering, No Square Clustering)",random_forest,28.58952259318903,1592,1798,0.9107554417413573,0.6086956521739131,0.7144445080552737,0.4666666666666667,0.875,0.924712926958395,0.6530612244897959,0.6856671587227376,0.5161290322580645,0.8888888888888888
BERTopic_topic_128,10.0,text_similarity,"All but Betweenness and Harmonic (Unweighted Clustering, No Square Clustering)",xgboost,28.58952259318903,1592,1798,0.8990183525394793,0.6808510638297872,0.7200053143601791,0.5333333333333333,0.9411764705882352,0.8921536411267503,0.6792452830188679,0.6540760306481143,0.5806451612903226,0.8181818181818182
BERTopic_topic_128,10.0,text_similarity,Core Number Only,logistic_regression,28.58952259318903,1592,1798,0.7791720017072129,0.0,0.1034205228213448,0.0,0.0,0.7860415867973785,0.0,0.112637326543995,0.0,0.0
BERTopic_topic_128,10.0,text_similarity,Core Number Only,random_forest,28.58952259318903,1592,1798,0.7296841655996584,0.0,0.1199037047570428,0.0,0.0,0.7275772678313892,0.0,0.1222507845707343,0.0,0.0
BERTopic_topic_128,10.0,text_similarity,Core Number Only,xgboost,28.58952259318903,1592,1798,0.7003627827571489,0.0,0.1202679102668786,0.0,0.0,0.7283440129981563,0.0,0.1224525566283384,0.0,0.0
BERTopic_topic_128,10.0,text_similarity+interactions,"All (Unweighted Clustering, No Square Clustering)",logistic_regression,52.712561703752726,1592,1798,0.8762483994878362,0.0625,0.1984797806357674,0.0333333333333333,0.5,0.870867334830312,0.1176470588235294,0.2845198868448726,0.064516129032258,0.6666666666666666
BERTopic_topic_128,10.0,text_similarity+interactions,"All (Unweighted Clustering, No Square Clustering)",random_forest,52.712561703752726,1592,1798,0.907703798548869,0.6222222222222222,0.6999174137455245,0.4666666666666667,0.9333333333333332,0.9020026653522464,0.6530612244897959,0.6577709881294831,0.5161290322580645,0.8888888888888888
BERTopic_topic_128,10.0,text_similarity+interactions,"All (Unweighted Clustering, No Square Clustering)",xgboost,52.712561703752726,1592,1798,0.8988689714041826,0.6222222222222222,0.7086720490430796,0.4666666666666667,0.9333333333333332,0.8867134016101649,0.6923076923076923,0.651880596606146,0.5806451612903226,0.8571428571428571
BERTopic_topic_128,10.0,text_similarity+interactions,"All but Betweenness and Harmonic (Unweighted Clustering, No Square Clustering)",logistic_regression,52.712561703752726,1592,1798,0.8779342723004695,0.1764705882352941,0.2798908025316988,0.1,0.75,0.8737152454497326,0.1714285714285714,0.368800193288938,0.0967741935483871,0.75
BERTopic_topic_128,10.0,text_similarity+interactions,"All but Betweenness and Harmonic (Unweighted Clustering, No Square Clustering)",random_forest,52.712561703752726,1592,1798,0.9088881775501494,0.6086956521739131,0.7044660247697658,0.4666666666666667,0.875,0.9167625098125124,0.6666666666666666,0.6497481027286596,0.5161290322580645,0.9411764705882352
BERTopic_topic_128,10.0,text_similarity+interactions,"All but Betweenness and Harmonic (Unweighted Clustering, No Square Clustering)",xgboost,52.712561703752726,1592,1798,0.8892658984208279,0.6666666666666666,0.6984908778008738,0.5333333333333333,0.8888888888888888,0.8726381510487979,0.68,0.6533248250890844,0.5483870967741935,0.8947368421052632
BERTopic_topic_128,10.0,text_similarity+interactions,Core Number Only,logistic_regression,52.712561703752726,1592,1798,0.7777422108408023,0.0,0.1032758982552609,0.0,0.0,0.7855851908647791,0.0,0.1125575218239607,0.0,0.0
BERTopic_topic_128,10.0,text_similarity+interactions,Core Number Only,random_forest,52.712561703752726,1592,1798,0.7659517712334614,0.0,0.1244383556018459,0.0,0.0,0.7669185972214615,0.0,0.1267754092304369,0.0,0.0
BERTopic_topic_128,10.0,text_similarity+interactions,Core Number Only,xgboost,52.712561703752726,1592,1798,0.7346350832266326,0.0,0.1231442655023007,0.0,0.0,0.7628292896653707,0.0,0.1266862360147355,0.0,0.0
BERTopic_topic_128,20.0,interactions,"All (Unweighted Clustering, No Square Clustering)",logistic_regression,3.757384211290628,1710,1798,0.7814285714285714,0.3684210526315789,0.4799331386917604,0.2333333333333333,0.875,0.7455045000638955,0.358974358974359,0.4759416229127005,0.2258064516129032,0.875
BERTopic_topic_128,20.0,interactions,"All (Unweighted Clustering, No Square Clustering)",random_forest,3.757384211290628,1710,1798,0.876140873015873,0.5714285714285714,0.620493934799471,0.4,1.0,0.883345199627581,0.5581395348837209,0.5976865605878665,0.3870967741935484,1.0
BERTopic_topic_128,20.0,interactions,"All (Unweighted Clustering, No Square Clustering)",xgboost,3.757384211290628,1710,1798,0.8973115079365079,0.6363636363636364,0.5793734273589122,0.4666666666666667,1.0,0.8518812640341749,0.5909090909090909,0.5881606198235201,0.4193548387096774,1.0
BERTopic_topic_128,20.0,interactions,"All but Betweenness and Harmonic (Unweighted Clustering, No Square Clustering)",logistic_regression,3.757384211290628,1710,1798,0.8261507936507938,0.1764705882352941,0.3896227498321415,0.1,0.75,0.8157529620096026,0.1714285714285714,0.4183243706109469,0.0967741935483871,0.75
BERTopic_topic_128,20.0,interactions,"All but Betweenness and Harmonic (Unweighted Clustering, No Square Clustering)",random_forest,3.757384211290628,1710,1798,0.8684126984126984,0.5714285714285714,0.6108954558901479,0.4,1.0,0.8523194041294706,0.5238095238095238,0.5799699445692394,0.3548387096774194,1.0
BERTopic_topic_128,20.0,interactions,"All but Betweenness and Harmonic (Unweighted Clustering, No Square Clustering)",xgboost,3.757384211290628,1710,1798,0.877936507936508,0.6046511627906976,0.5648073997273558,0.4333333333333333,1.0,0.886658634098253,0.6222222222222222,0.5856565900343536,0.4516129032258064,1.0
BERTopic_topic_128,20.0,interactions,Core Number Only,logistic_regression,3.757384211290628,1710,1798,0.7349603174603174,0.0,0.1062049347765942,0.0,0.0,0.763386092703142,0.0,0.0996017707077583,0.0,0.0
BERTopic_topic_128,20.0,interactions,Core Number Only,random_forest,3.757384211290628,1710,1798,0.7189682539682539,0.0,0.0970045724269629,0.0,0.0,0.7270204647936177,0.0,0.1040429115879669,0.0,0.0
BERTopic_topic_128,20.0,interactions,Core Number Only,xgboost,3.757384211290628,1710,1798,0.7269642857142856,0.0,0.0987545006036868,0.0,0.0,0.7285904668017599,0.0,0.1065292591279944,0.0,0.0
BERTopic_topic_128,20.0,similarity,"All (Unweighted Clustering, No Square Clustering)",logistic_regression,19.04475112678483,1710,1798,0.9314087301587302,0.2222222222222222,0.4208648790965759,0.1333333333333333,0.6666666666666666,0.9201033280391404,0.2162162162162162,0.4304718655245406,0.1290322580645161,0.6666666666666666
BERTopic_topic_128,20.0,similarity,"All (Unweighted Clustering, No Square Clustering)",random_forest,19.04475112678483,1710,1798,0.9395436507936508,0.72,0.7217891181710427,0.6,0.9,0.8782609489384231,0.76,0.6815584631046869,0.6129032258064516,1.0
BERTopic_topic_128,20.0,similarity,"All (Unweighted Clustering, No Square Clustering)",xgboost,19.04475112678483,1710,1798,0.8943849206349206,0.7450980392156863,0.7206320495344241,0.6333333333333333,0.9047619047619048,0.8853442138123665,0.76,0.6761156005398208,0.6129032258064516,1.0
BERTopic_topic_128,20.0,similarity,"All but Betweenness and Harmonic (Unweighted Clustering, No Square Clustering)",logistic_regression,19.04475112678483,1710,1798,0.9316269841269842,0.1212121212121212,0.354257603963854,0.0666666666666666,0.6666666666666666,0.9309838070723112,0.1176470588235294,0.3717574457328849,0.064516129032258,0.6666666666666666
BERTopic_topic_128,20.0,similarity,"All but Betweenness and Harmonic (Unweighted Clustering, No Square Clustering)",random_forest,19.04475112678483,1710,1798,0.921904761904762,0.72,0.7085932316024085,0.6,0.9,0.9314493309235627,0.7346938775510204,0.6917033288916621,0.5806451612903226,1.0
BERTopic_topic_128,20.0,similarity,"All but Betweenness and Harmonic (Unweighted Clustering, No Square Clustering)",xgboost,19.04475112678483,1710,1798,0.9001785714285714,0.7450980392156863,0.6928782970258959,0.6333333333333333,0.9047619047619048,0.9028880734614892,0.7547169811320755,0.6767114652398392,0.6451612903225806,0.9090909090909092
BERTopic_topic_128,20.0,similarity,Core Number Only,logistic_regression,19.04475112678483,1710,1798,0.8079265873015873,0.0,0.0945309345405751,0.0,0.0,0.7997699764499699,0.0,0.0977129197706834,0.0,0.0
BERTopic_topic_128,20.0,similarity,Core Number Only,random_forest,19.04475112678483,1710,1798,0.7864186507936509,0.0,0.1999378094239409,0.0,0.0,0.7562571882359385,0.0,0.1914620765350709,0.0,0.0
BERTopic_topic_128,20.0,similarity,Core Number Only,xgboost,19.04475112678483,1710,1798,0.7757242063492064,0.0,0.2023270532331356,0.0,0.0,0.7614053343556603,0.0,0.1927541707173206,0.0,0.0
BERTopic_topic_128,20.0,similarity+interactions,"All (Unweighted Clustering, No Square Clustering)",logistic_regression,24.710424121993128,1710,1798,0.923968253968254,0.1764705882352941,0.3958960347734688,0.1,0.75,0.9261642660240612,0.1714285714285714,0.4061593217083856,0.0967741935483871,0.75
BERTopic_topic_128,20.0,similarity+interactions,"All (Unweighted Clustering, No Square Clustering)",random_forest,24.710424121993128,1710,1798,0.9138789682539684,0.7083333333333334,0.7169262740808013,0.5666666666666667,0.9444444444444444,0.9015827810942548,0.76,0.7040530223564025,0.6129032258064516,1.0
BERTopic_topic_128,20.0,similarity+interactions,"All (Unweighted Clustering, No Square Clustering)",xgboost,24.710424121993128,1710,1798,0.8835912698412698,0.7692307692307693,0.724496549728216,0.6666666666666666,0.9090909090909092,0.8802508352045566,0.7083333333333334,0.6839446681295944,0.5483870967741935,1.0
BERTopic_topic_128,20.0,similarity+interactions,"All but Betweenness and Harmonic (Unweighted Clustering, No Square Clustering)",logistic_regression,24.710424121993128,1710,1798,0.9273214285714284,0.1212121212121212,0.3176129187958293,0.0666666666666666,0.6666666666666666,0.9307829928619676,0.1176470588235294,0.3769713519508256,0.064516129032258,0.6666666666666666
BERTopic_topic_128,20.0,similarity+interactions,"All but Betweenness and Harmonic (Unweighted Clustering, No Square Clustering)",random_forest,24.710424121993128,1710,1798,0.9040873015873016,0.6938775510204082,0.7048096725533445,0.5666666666666667,0.8947368421052632,0.8985249283458385,0.7083333333333334,0.6778172684008938,0.5483870967741935,1.0
BERTopic_topic_128,20.0,similarity+interactions,"All but Betweenness and Harmonic (Unweighted Clustering, No Square Clustering)",xgboost,24.710424121993128,1710,1798,0.8986111111111111,0.7058823529411765,0.6985282484855815,0.6,0.8571428571428571,0.8837924676415283,0.7083333333333334,0.6716947545320405,0.5483870967741935,1.0
BERTopic_topic_128,20.0,similarity+interactions,Core Number Only,logistic_regression,24.710424121993128,1710,1798,0.806904761904762,0.0,0.0940311121857827,0.0,0.0,0.7984281724081275,0.0,0.0965704084046542,0.0,0.0
BERTopic_topic_128,20.0,similarity+interactions,Core Number Only,random_forest,24.710424121993128,1710,1798,0.7850694444444445,0.0,0.1967290077330197,0.0,0.0,0.7572521313690053,0.0,0.2089448501152073,0.0,0.0
BERTopic_topic_128,20.0,similarity+interactions,Core Number Only,xgboost,24.710424121993128,1710,1798,0.7746626984126984,0.0,0.2000196709445638,0.0,0.0,0.7601274257443819,0.0,0.2101590031997537,0.0,0.0
BERTopic_topic_128,20.0,similarity+text_similarity,"All (Unweighted Clustering, No Square Clustering)",logistic_regression,33.24236045405269,1710,1798,0.8975198412698413,0.1212121212121212,0.3132253574977776,0.0666666666666666,0.6666666666666666,0.9159044854592256,0.1764705882352941,0.3212497502562709,0.0967741935483871,1.0
BERTopic_topic_128,20.0,similarity+text_similarity,"All (Unweighted Clustering, No Square Clustering)",random_forest,33.24236045405269,1710,1798,0.92875,0.6382978723404256,0.7364864328518729,0.5,0.8823529411764706,0.89086660459682,0.6938775510204082,0.7034645079806296,0.5483870967741935,0.9444444444444444
BERTopic_topic_128,20.0,similarity+text_similarity,"All (Unweighted Clustering, No Square Clustering)",xgboost,33.24236045405269,1710,1798,0.9339880952380952,0.68,0.6997320905876099,0.5666666666666667,0.85,0.933831717691732,0.7058823529411765,0.7213832653300865,0.5806451612903226,0.9
BERTopic_topic_128,20.0,similarity+text_similarity,"All but Betweenness and Harmonic (Unweighted Clustering, No Square Clustering)",logistic_regression,33.24236045405269,1710,1798,0.9317857142857144,0.1714285714285714,0.3456352656596352,0.1,0.6,0.9444748708399512,0.1666666666666666,0.3880353249557548,0.0967741935483871,0.6
BERTopic_topic_128,20.0,similarity+text_similarity,"All but Betweenness and Harmonic (Unweighted Clustering, No Square Clustering)",random_forest,33.24236045405269,1710,1798,0.928809523809524,0.6666666666666666,0.7335112653907818,0.5333333333333333,0.8888888888888888,0.9405772495755516,0.6666666666666666,0.7021299457351251,0.5483870967741935,0.85
BERTopic_topic_128,20.0,similarity+text_similarity,"All but Betweenness and Harmonic (Unweighted Clustering, No Square Clustering)",xgboost,33.24236045405269,1710,1798,0.9304166666666668,0.7058823529411765,0.6958366869150405,0.6,0.8571428571428571,0.9317322964017744,0.7058823529411765,0.6954667121728898,0.5806451612903226,0.9
BERTopic_topic_128,20.0,similarity+text_similarity,Core Number Only,logistic_regression,33.24236045405269,1710,1798,0.7890178571428571,0.0,0.113188089130034,0.0,0.0,0.7798711137886338,0.0,0.1106343727809593,0.0,0.0
BERTopic_topic_128,20.0,similarity+text_similarity,Core Number Only,random_forest,33.24236045405269,1710,1798,0.773859126984127,0.0,0.1252306130943606,0.0,0.0,0.8143929021304563,0.0,0.13018958032141,0.0,0.0
BERTopic_topic_128,20.0,similarity+text_similarity,Core Number Only,xgboost,33.24236045405269,1710,1798,0.738373015873016,0.0,0.1264697573272047,0.0,0.0,0.8016777114482354,0.0,0.1295996434874378,0.0,0.0
BERTopic_topic_128,20.0,similarity+text_similarity+interactions,"All (Unweighted Clustering, No Square Clustering)",logistic_regression,55.04752712696791,1710,1798,0.9060515873015872,0.1764705882352941,0.3218366379040606,0.1,0.75,0.9180039067491832,0.1764705882352941,0.3280194979244677,0.0967741935483871,1.0
BERTopic_topic_128,20.0,similarity+text_similarity+interactions,"All (Unweighted Clustering, No Square Clustering)",random_forest,55.04752712696791,1710,1798,0.908968253968254,0.6382978723404256,0.7005925461217588,0.5,0.8823529411764706,0.9149916935940268,0.6938775510204082,0.6780005590077409,0.5483870967741935,0.9444444444444444
BERTopic_topic_128,20.0,similarity+text_similarity+interactions,"All (Unweighted Clustering, No Square Clustering)",xgboost,55.04752712696791,1710,1798,0.9231646825396824,0.6666666666666666,0.6861390427859574,0.5666666666666667,0.8095238095238095,0.9208153056939956,0.6382978723404256,0.6613220870897325,0.4838709677419355,0.9375
BERTopic_topic_128,20.0,similarity+text_similarity+interactions,"All but Betweenness and Harmonic (Unweighted Clustering, No Square Clustering)",logistic_regression,55.04752712696791,1710,1798,0.9227380952380952,0.1714285714285714,0.3268718118062409,0.1,0.6,0.9358581156324736,0.1666666666666666,0.3748821666443038,0.0967741935483871,0.6
BERTopic_topic_128,20.0,similarity+text_similarity+interactions,"All but Betweenness and Harmonic (Unweighted Clustering, No Square Clustering)",random_forest,55.04752712696791,1710,1798,0.9407142857142858,0.6808510638297872,0.7208889845015863,0.5333333333333333,0.9411764705882352,0.9273782792047758,0.7083333333333334,0.6687930733414871,0.5483870967741935,1.0
BERTopic_topic_128,20.0,similarity+text_similarity+interactions,"All but Betweenness and Harmonic (Unweighted Clustering, No Square Clustering)",xgboost,55.04752712696791,1710,1798,0.9240674603174605,0.72,0.6900904515991607,0.6,0.9,0.9161235555068732,0.6530612244897959,0.6749577633827087,0.5161290322580645,0.8888888888888888
BERTopic_topic_128,20.0,similarity+text_similarity+interactions,Core Number Only,logistic_regression,55.04752712696791,1710,1798,0.7887599206349207,0.0,0.1131774998292239,0.0,0.0,0.7796885554155941,0.0,0.1106280694166192,0.0,0.0
BERTopic_topic_128,20.0,similarity+text_similarity+interactions,Core Number Only,random_forest,55.04752712696791,1710,1798,0.7737400793650795,0.0,0.1252726820218785,0.0,0.0,0.8138634828486409,0.0,0.1299319975818531,0.0,0.0
BERTopic_topic_128,20.0,similarity+text_similarity+interactions,Core Number Only,xgboost,55.04752712696791,1710,1798,0.7390178571428573,0.0,0.1285852764131025,0.0,0.0,0.8044799824743961,0.0,0.1268079383313672,0.0,0.0
BERTopic_topic_128,20.0,text_similarity,"All (Unweighted Clustering, No Square Clustering)",logistic_regression,33.48532090568915,1710,1798,0.90359126984127,0.1764705882352941,0.3000953308151591,0.1,0.75,0.8973930664329919,0.1714285714285714,0.2784797221199931,0.0967741935483871,0.75
BERTopic_topic_128,20.0,text_similarity,"All (Unweighted Clustering, No Square Clustering)",random_forest,33.48532090568915,1710,1798,0.931031746031746,0.6382978723404256,0.7357958689930978,0.5,0.8823529411764706,0.9252423462402104,0.6666666666666666,0.6784230658381015,0.5161290322580645,0.9411764705882352
BERTopic_topic_128,20.0,text_similarity,"All (Unweighted Clustering, No Square Clustering)",xgboost,33.48532090568915,1710,1798,0.930218253968254,0.6666666666666666,0.7227450760548575,0.5666666666666667,0.8095238095238095,0.903198422695657,0.7083333333333334,0.6726920369749834,0.5483870967741935,1.0
BERTopic_topic_128,20.0,text_similarity,"All but Betweenness and Harmonic (Unweighted Clustering, No Square Clustering)",logistic_regression,33.48532090568915,1710,1798,0.9016269841269842,0.1714285714285714,0.3206167285917382,0.1,0.6,0.9029610968107052,0.1714285714285714,0.4000300154678975,0.0967741935483871,0.75
BERTopic_topic_128,20.0,text_similarity,"All but Betweenness and Harmonic (Unweighted Clustering, No Square Clustering)",random_forest,33.48532090568915,1710,1798,0.9313392857142856,0.6222222222222222,0.7137020771860597,0.4666666666666667,0.9333333333333332,0.9110210489804116,0.64,0.6886611862890928,0.5161290322580645,0.8421052631578947
BERTopic_topic_128,20.0,text_similarity,"All but Betweenness and Harmonic (Unweighted Clustering, No Square Clustering)",xgboost,33.48532090568915,1710,1798,0.9211111111111112,0.6923076923076923,0.7184334353077716,0.6,0.8181818181818182,0.8975391131314238,0.68,0.6696504119173213,0.5483870967741935,0.8947368421052632
BERTopic_topic_128,20.0,text_similarity,Core Number Only,logistic_regression,33.48532090568915,1710,1798,0.7891468253968255,0.0,0.1135608834359622,0.0,0.0,0.7792412874016468,0.0,0.1121152634438524,0.0,0.0
BERTopic_topic_128,20.0,text_similarity,Core Number Only,random_forest,33.48532090568915,1710,1798,0.7574007936507936,0.0,0.1260734083758215,0.0,0.0,0.7986016028625154,0.0,0.1339049674629465,0.0,0.0
BERTopic_topic_128,20.0,text_similarity,Core Number Only,xgboost,33.48532090568915,1710,1798,0.7192857142857143,0.0,0.1254904455749359,0.0,0.0,0.7956897968125307,0.0,0.1294170228689612,0.0,0.0
BERTopic_topic_128,20.0,text_similarity+interactions,"All (Unweighted Clustering, No Square Clustering)",logistic_regression,58.93639573827386,1710,1798,0.8945039682539683,0.1764705882352941,0.2842672628818537,0.1,0.75,0.8915694543330229,0.1714285714285714,0.3096714737204113,0.0967741935483871,0.75
BERTopic_topic_128,20.0,text_similarity+interactions,"All (Unweighted Clustering, No Square Clustering)",random_forest,58.93639573827386,1710,1798,0.9262400793650792,0.6222222222222222,0.7202046159830945,0.4666666666666667,0.9333333333333332,0.8912682330175075,0.6808510638297872,0.6683676683188993,0.5161290322580645,1.0
BERTopic_topic_128,20.0,text_similarity+interactions,"All (Unweighted Clustering, No Square Clustering)",xgboost,58.93639573827386,1710,1798,0.9285813492063492,0.6666666666666666,0.7170986227220504,0.5666666666666667,0.8095238095238095,0.8993099293499096,0.72,0.6576298133632997,0.5806451612903226,0.9473684210526316
BERTopic_topic_128,20.0,text_similarity+interactions,"All but Betweenness and Harmonic (Unweighted Clustering, No Square Clustering)",logistic_regression,58.93639573827386,1710,1798,0.8946825396825397,0.1714285714285714,0.313786552301639,0.1,0.6,0.8972287638972561,0.1714285714285714,0.3850009582095718,0.0967741935483871,0.75
BERTopic_topic_128,20.0,text_similarity+interactions,"All but Betweenness and Harmonic (Unweighted Clustering, No Square Clustering)",random_forest,58.93639573827386,1710,1798,0.9286507936507936,0.6222222222222222,0.7197182387086618,0.4666666666666667,0.9333333333333332,0.9095149424028334,0.6666666666666666,0.6826920864377674,0.5161290322580645,0.9411764705882352
BERTopic_topic_128,20.0,text_similarity+interactions,"All but Betweenness and Harmonic (Unweighted Clustering, No Square Clustering)",xgboost,58.93639573827386,1710,1798,0.9177976190476193,0.6666666666666666,0.6911174438848623,0.5666666666666667,0.8095238095238095,0.8869689833324205,0.68,0.6342769997896154,0.5483870967741935,0.8947368421052632
BERTopic_topic_128,20.0,text_similarity+interactions,Core Number Only,logistic_regression,58.93639573827386,1710,1798,0.7890376984126986,0.0,0.1135134211625883,0.0,0.0,0.7792047757270388,0.0,0.1121048316949163,0.0,0.0
BERTopic_topic_128,20.0,text_similarity+interactions,Core Number Only,random_forest,58.93639573827386,1710,1798,0.7574900793650794,0.0,0.1266580763219941,0.0,0.0,0.7664348175329061,0.0,0.1317451942030733,0.0,0.0
BERTopic_topic_128,20.0,text_similarity+interactions,Core Number Only,xgboost,58.93639573827386,1710,1798,0.7208928571428571,0.0,0.1255428050908401,0.0,0.0,0.7652755718641036,0.0,0.1265545666624207,0.0,0.0
BERTopic_topic_128,50.0,interactions,"All (Unweighted Clustering, No Square Clustering)",logistic_regression,4.0524685378186405,1765,1798,0.8177996056107453,0.5116279069767442,0.4737011354838393,0.3548387096774194,0.9166666666666666,0.8089161509392628,0.5777777777777777,0.49622646103074,0.4193548387096774,0.9285714285714286
BERTopic_topic_128,50.0,interactions,"All (Unweighted Clustering, No Square Clustering)",random_forest,4.0524685378186405,1765,1798,0.8837202812813931,0.5581395348837209,0.6379127465059289,0.3870967741935484,1.0,0.8636380232579368,0.6222222222222222,0.5837625470359044,0.4516129032258064,1.0
BERTopic_topic_128,50.0,interactions,"All (Unweighted Clustering, No Square Clustering)",xgboost,4.0524685378186405,1765,1798,0.8716188562711613,0.6086956521739131,0.5808592390984919,0.4516129032258064,0.9333333333333332,0.8591014476878982,0.5909090909090909,0.5940794896675609,0.4193548387096774,1.0
BERTopic_topic_128,50.0,interactions,"All but Betweenness and Harmonic (Unweighted Clustering, No Square Clustering)",logistic_regression,4.0524685378186405,1765,1798,0.848476392454515,0.1176470588235294,0.3895062845381982,0.064516129032258,0.6666666666666666,0.8407908428720082,0.1176470588235294,0.4166675401628608,0.064516129032258,0.6666666666666666
BERTopic_topic_128,50.0,interactions,"All but Betweenness and Harmonic (Unweighted Clustering, No Square Clustering)",random_forest,4.0524685378186405,1765,1798,0.8779625702273319,0.4878048780487805,0.635229000363541,0.3225806451612903,1.0,0.8712233236577396,0.5909090909090909,0.6012301395445454,0.4193548387096774,1.0
BERTopic_topic_128,50.0,interactions,"All but Betweenness and Harmonic (Unweighted Clustering, No Square Clustering)",xgboost,4.0524685378186405,1765,1798,0.8793299103322544,0.6382978723404256,0.5966847015691911,0.4838709677419355,0.9375,0.8668784343793928,0.5909090909090909,0.5928359590316505,0.4193548387096774,1.0
BERTopic_topic_128,50.0,interactions,Core Number Only,logistic_regression,4.0524685378186405,1765,1798,0.7625199985117386,0.0,0.1056996293587438,0.0,0.0,0.7857494934005148,0.0,0.1058975005273035,0.0,0.0
BERTopic_topic_128,50.0,interactions,Core Number Only,random_forest,4.0524685378186405,1765,1798,0.7071752799791643,0.0,0.0909752886747358,0.0,0.0,0.70527776256458,0.0,0.0881579774795452,0.0,0.0
BERTopic_topic_128,50.0,interactions,Core Number Only,xgboost,4.0524685378186405,1765,1798,0.7177233322171374,0.0,0.0896313475373447,0.0,0.0,0.716048706573927,0.0,0.090325791207276,0.0,0.0
BERTopic_topic_128,50.0,similarity,"All (Unweighted Clustering, No Square Clustering)",logistic_regression,20.837104278150942,1765,1798,0.8985749897682033,0.3,0.4633533873347903,0.1935483870967742,0.6666666666666666,0.9077167424283914,0.2702702702702703,0.4898291173194005,0.1612903225806451,0.8333333333333334
BERTopic_topic_128,50.0,similarity,"All (Unweighted Clustering, No Square Clustering)",random_forest,20.837104278150942,1765,1798,0.9100532053428582,0.7346938775510204,0.7127999764086388,0.5806451612903226,1.0,0.9291308395859575,0.72,0.7362071143563693,0.5806451612903226,0.9473684210526316
BERTopic_topic_128,50.0,similarity,"All (Unweighted Clustering, No Square Clustering)",xgboost,20.837104278150942,1765,1798,0.9283402165420248,0.6938775510204082,0.6830291782085134,0.5483870967741935,0.9444444444444444,0.9173558245248918,0.64,0.664334845306396,0.5161290322580645,0.8421052631578947
BERTopic_topic_128,50.0,similarity,"All but Betweenness and Harmonic (Unweighted Clustering, No Square Clustering)",logistic_regression,20.837104278150942,1765,1798,0.8876548721955577,0.2564102564102564,0.472359697382146,0.1612903225806451,0.625,0.8986618471256185,0.2631578947368421,0.4781492829614407,0.1612903225806451,0.7142857142857143
BERTopic_topic_128,50.0,similarity,"All but Betweenness and Harmonic (Unweighted Clustering, No Square Clustering)",random_forest,20.837104278150942,1765,1798,0.927103099304238,0.6666666666666666,0.7090116762076174,0.5161290322580645,0.9411764705882352,0.914005878379612,0.7346938775510204,0.731459744290769,0.5806451612903226,1.0
BERTopic_topic_128,50.0,similarity,"All but Betweenness and Harmonic (Unweighted Clustering, No Square Clustering)",xgboost,20.837104278150942,1765,1798,0.9427763515273282,0.72,0.6939192976573552,0.5806451612903226,0.9473684210526316,0.9190901290687696,0.6530612244897959,0.6620489909191881,0.5161290322580645,0.8888888888888888
BERTopic_topic_128,50.0,similarity,Core Number Only,logistic_regression,20.837104278150942,1765,1798,0.8105257283178926,0.0,0.0913355495535158,0.0,0.0,0.8246800664512478,0.0,0.1033461992833196,0.0,0.0
BERTopic_topic_128,50.0,similarity,Core Number Only,random_forest,20.837104278150942,1765,1798,0.7649384231871118,0.0,0.2167885257393109,0.0,0.0,0.763249173923362,0.0,0.2089167799516926,0.0,0.0
BERTopic_topic_128,50.0,similarity,Core Number Only,xgboost,20.837104278150942,1765,1798,0.7615898351750567,0.0,0.2189052463041707,0.0,0.0,0.7728334885079504,0.0,0.2142707107596985,0.0,0.0
BERTopic_topic_128,50.0,similarity+interactions,"All (Unweighted Clustering, No Square Clustering)",logistic_regression,26.65463323399308,1765,1798,0.8952822115563492,0.2162162162162162,0.4169342829380026,0.1290322580645161,0.6666666666666666,0.9104186063493802,0.1176470588235294,0.4254714142500068,0.064516129032258,0.6666666666666666
BERTopic_topic_128,50.0,similarity+interactions,"All (Unweighted Clustering, No Square Clustering)",random_forest,26.65463323399308,1765,1798,0.9225266956877628,0.72,0.7183868004118903,0.5806451612903226,0.9473684210526316,0.9397374810595688,0.72,0.72933834387561,0.5806451612903226,0.9473684210526316
BERTopic_topic_128,50.0,similarity+interactions,"All (Unweighted Clustering, No Square Clustering)",xgboost,26.65463323399308,1765,1798,0.9170852401681734,0.72,0.7073774844101152,0.5806451612903226,0.9473684210526316,0.8977125435858115,0.6274509803921569,0.6636057288174584,0.5161290322580645,0.8
BERTopic_topic_128,50.0,similarity+interactions,"All but Betweenness and Harmonic (Unweighted Clustering, No Square Clustering)",logistic_regression,26.65463323399308,1765,1798,0.8929568032146444,0.1176470588235294,0.4264756069334285,0.064516129032258,0.6666666666666666,0.8998119648757691,0.0606060606060606,0.4365476110334476,0.032258064516129,0.5
BERTopic_topic_128,50.0,similarity+interactions,"All but Betweenness and Harmonic (Unweighted Clustering, No Square Clustering)",random_forest,26.65463323399308,1765,1798,0.9368884176061316,0.72,0.7158623015573546,0.5806451612903226,0.9473684210526316,0.9318600872629024,0.7083333333333334,0.7170579778559238,0.5483870967741935,1.0
BERTopic_topic_128,50.0,similarity+interactions,"All but Betweenness and Harmonic (Unweighted Clustering, No Square Clustering)",xgboost,26.65463323399308,1765,1798,0.9280053577408192,0.625,0.684711047287403,0.4838709677419355,0.8823529411764706,0.9196378041878892,0.625,0.6352637783568984,0.4838709677419355,0.8823529411764706
BERTopic_topic_128,50.0,similarity+interactions,Core Number Only,logistic_regression,26.65463323399308,1765,1798,0.8088979424786991,0.0,0.0905194923379321,0.0,0.0,0.8233565182467093,0.0,0.1027889775266129,0.0,0.0
BERTopic_topic_128,50.0,similarity+interactions,Core Number Only,random_forest,26.65463323399308,1765,1798,0.7635617814488225,0.0,0.2155334501242553,0.0,0.0,0.7610402176095807,0.0,0.2053037370471948,0.0,0.0
BERTopic_topic_128,50.0,similarity+interactions,Core Number Only,xgboost,26.65463323399308,1765,1798,0.760501544071139,0.0,0.2176052439863056,0.0,0.0,0.7694744144440187,0.0,0.2107780116172318,0.0,0.0
BERTopic_topic_128,50.0,similarity+text_similarity,"All (Unweighted Clustering, No Square Clustering)",logistic_regression,36.550561235286295,1765,1798,0.8799531197678312,0.1176470588235294,0.3617288669626525,0.064516129032258,0.6666666666666666,0.8946638187560472,0.1142857142857142,0.2909368685358208,0.064516129032258,0.5
BERTopic_topic_128,50.0,similarity+text_similarity,"All (Unweighted Clustering, No Square Clustering)",random_forest,36.550561235286295,1765,1798,0.9526453845295234,0.7346938775510204,0.7654365619143859,0.5806451612903226,1.0,0.9532376727458604,0.72,0.7922204607174477,0.5806451612903226,0.9473684210526316
BERTopic_topic_128,50.0,similarity+text_similarity,"All (Unweighted Clustering, No Square Clustering)",xgboost,36.550561235286295,1765,1798,0.9297540648137812,0.6923076923076923,0.7569974717224646,0.5806451612903226,0.8571428571428571,0.933676543074648,0.6923076923076923,0.6972357852419603,0.5806451612903226,0.8571428571428571
BERTopic_topic_128,50.0,similarity+text_similarity,"All but Betweenness and Harmonic (Unweighted Clustering, No Square Clustering)",logistic_regression,36.550561235286295,1765,1798,0.8995423596383524,0.1666666666666666,0.4176463524428236,0.0967741935483871,0.6,0.9126458185004656,0.1714285714285714,0.3849366865347862,0.0967741935483871,0.75
BERTopic_topic_128,50.0,similarity+text_similarity,"All but Betweenness and Harmonic (Unweighted Clustering, No Square Clustering)",random_forest,36.550561235286295,1765,1798,0.9180619116716896,0.7058823529411765,0.7400681433061809,0.5806451612903226,0.9,0.9692936816547092,0.625,0.7937814911905194,0.4838709677419355,0.8823529411764706
BERTopic_topic_128,50.0,similarity+text_similarity,"All but Betweenness and Harmonic (Unweighted Clustering, No Square Clustering)",xgboost,36.550561235286295,1765,1798,0.9390556981806004,0.7037037037037037,0.7390291112114631,0.6129032258064516,0.8260869565217391,0.9281815360461508,0.64,0.68510551208095,0.5161290322580645,0.8421052631578947
BERTopic_topic_128,50.0,similarity+text_similarity,Core Number Only,logistic_regression,36.550561235286295,1765,1798,0.795540796963947,0.0,0.1089180637236726,0.0,0.0,0.8085419062745314,0.0,0.1295927738879757,0.0,0.0
BERTopic_topic_128,50.0,similarity+text_similarity,Core Number Only,random_forest,36.550561235286295,1765,1798,0.7510975927372845,0.0,0.1218909271522473,0.0,0.0,0.7792321594829947,0.0,0.1370995502789409,0.0,0.0
BERTopic_topic_128,50.0,similarity+text_similarity,Core Number Only,xgboost,36.550561235286295,1765,1798,0.7509487666034156,0.0,0.1246307771403945,0.0,0.0,0.8039962027858407,0.0,0.1410508721929192,0.0,0.0
BERTopic_topic_128,50.0,similarity+text_similarity+interactions,"All (Unweighted Clustering, No Square Clustering)",logistic_regression,50.67848508711904,1765,1798,0.8798787067008967,0.1176470588235294,0.3226062213705975,0.064516129032258,0.6666666666666666,0.8845865965642514,0.1176470588235294,0.2710661353778316,0.064516129032258,0.6666666666666666
BERTopic_topic_128,50.0,similarity+text_similarity+interactions,"All (Unweighted Clustering, No Square Clustering)",random_forest,50.67848508711904,1765,1798,0.927717007106448,0.7346938775510204,0.7127083401303242,0.5806451612903226,1.0,0.9515672636325464,0.7346938775510204,0.7720811955311544,0.5806451612903226,1.0
BERTopic_topic_128,50.0,similarity+text_similarity+interactions,"All (Unweighted Clustering, No Square Clustering)",xgboost,50.67848508711904,1765,1798,0.9283030100085574,0.72,0.7184341194632663,0.5806451612903226,0.9473684210526316,0.9256804863355056,0.6037735849056604,0.6457014242407604,0.5161290322580645,0.7272727272727273
BERTopic_topic_128,50.0,similarity+text_similarity+interactions,"All but Betweenness and Harmonic (Unweighted Clustering, No Square Clustering)",logistic_regression,50.67848508711904,1765,1798,0.8921382594783643,0.1714285714285714,0.4011428660380355,0.0967741935483871,0.75,0.9062562754440732,0.1714285714285714,0.3853782374242169,0.0967741935483871,0.75
BERTopic_topic_128,50.0,similarity+text_similarity+interactions,"All but Betweenness and Harmonic (Unweighted Clustering, No Square Clustering)",random_forest,50.67848508711904,1765,1798,0.9292703798787068,0.72,0.7087662097730363,0.5806451612903226,0.9473684210526316,0.9342059623564636,0.6382978723404256,0.7561825695708975,0.4838709677419355,0.9375
BERTopic_topic_128,50.0,similarity+text_similarity+interactions,"All but Betweenness and Harmonic (Unweighted Clustering, No Square Clustering)",xgboost,50.67848508711904,1765,1798,0.9095881236745172,0.6415094339622641,0.7107389149010499,0.5483870967741935,0.7727272727272727,0.9134855870164486,0.5769230769230769,0.6467309734358119,0.4838709677419355,0.7142857142857143
BERTopic_topic_128,50.0,similarity+text_similarity+interactions,Core Number Only,logistic_regression,50.67848508711904,1765,1798,0.7950850169289727,0.0,0.1088940443216759,0.0,0.0,0.80807638242328,0.0,0.1295720747881881,0.0,0.0
BERTopic_topic_128,50.0,similarity+text_similarity+interactions,Core Number Only,random_forest,50.67848508711904,1765,1798,0.7505953045354763,0.0,0.121628622943603,0.0,0.0,0.7791408802964748,0.0,0.1372031738695437,0.0,0.0
BERTopic_topic_128,50.0,similarity+text_similarity+interactions,Core Number Only,xgboost,50.67848508711904,1765,1798,0.753032332477583,0.0,0.12473072763989,0.0,0.0,0.8056392281431989,0.0,0.1416536399406704,0.0,0.0
BERTopic_topic_128,50.0,text_similarity,"All (Unweighted Clustering, No Square Clustering)",logistic_regression,38.57900412706658,1765,1798,0.8916731778100235,0.1176470588235294,0.3455094236980388,0.064516129032258,0.6666666666666666,0.8926009091406978,0.1176470588235294,0.3478857515895363,0.064516129032258,0.6666666666666666
BERTopic_topic_128,50.0,text_similarity,"All (Unweighted Clustering, No Square Clustering)",random_forest,38.57900412706658,1765,1798,0.9527849090300256,0.6923076923076923,0.7689143538281098,0.5806451612903226,0.8571428571428571,0.9672125162020556,0.6530612244897959,0.7685988788280593,0.5161290322580645,0.8888888888888888
BERTopic_topic_128,50.0,text_similarity,"All (Unweighted Clustering, No Square Clustering)",xgboost,38.57900412706658,1765,1798,0.937344197641106,0.6923076923076923,0.7731088383870955,0.5806451612903226,0.8571428571428571,0.9409971338335432,0.6415094339622641,0.7259369936921212,0.5483870967741935,0.7727272727272727
BERTopic_topic_128,50.0,text_similarity,"All but Betweenness and Harmonic (Unweighted Clustering, No Square Clustering)",logistic_regression,38.57900412706658,1765,1798,0.9019607843137256,0.1714285714285714,0.4143115588727866,0.0967741935483871,0.75,0.8977855669350274,0.1714285714285714,0.3807262429493844,0.0967741935483871,0.75
BERTopic_topic_128,50.0,text_similarity,"All but Betweenness and Harmonic (Unweighted Clustering, No Square Clustering)",random_forest,38.57900412706658,1765,1798,0.9351583137999032,0.68,0.7481022697284898,0.5483870967741935,0.8947368421052632,0.966938678642496,0.6530612244897959,0.7542191219672421,0.5161290322580645,0.8888888888888888
BERTopic_topic_128,50.0,text_similarity,"All but Betweenness and Harmonic (Unweighted Clustering, No Square Clustering)",xgboost,38.57900412706658,1765,1798,0.9415857424563754,0.6666666666666666,0.7662008016437012,0.5483870967741935,0.85,0.9244208335615314,0.6274509803921569,0.7145080295976565,0.5161290322580645,0.8
BERTopic_topic_128,50.0,text_similarity,Core Number Only,logistic_regression,38.57900412706658,1765,1798,0.7954012724634445,0.0,0.1094674436678228,0.0,0.0,0.8064881245778337,0.0,0.1302568044681456,0.0,0.0
BERTopic_topic_128,50.0,text_similarity,Core Number Only,random_forest,38.57900412706658,1765,1798,0.8229434088625962,0.0,0.1295300132895747,0.0,0.0,0.8518903919528269,0.0,0.1449955830256982,0.0,0.0
BERTopic_topic_128,50.0,text_similarity,Core Number Only,xgboost,38.57900412706658,1765,1798,0.7997916434125832,0.0,0.1260413091100116,0.0,0.0,0.8545831279551634,0.0,0.1439831057437837,0.0,0.0
BERTopic_topic_128,50.0,text_similarity+interactions,"All (Unweighted Clustering, No Square Clustering)",logistic_regression,60.65702930092812,1765,1798,0.8573687539531941,0.1176470588235294,0.3344154229394355,0.064516129032258,0.6666666666666666,0.8590831918505942,0.1142857142857142,0.1901333842087432,0.064516129032258,0.5
BERTopic_topic_128,50.0,text_similarity+interactions,"All (Unweighted Clustering, No Square Clustering)",random_forest,60.65702930092812,1765,1798,0.9453249990698366,0.6938775510204082,0.7325886903340141,0.5483870967741935,0.9444444444444444,0.9450408017963744,0.6530612244897959,0.7327998943715313,0.5161290322580645,0.8888888888888888
BERTopic_topic_128,50.0,text_similarity+interactions,"All (Unweighted Clustering, No Square Clustering)",xgboost,60.65702930092812,1765,1798,0.9459389068720468,0.6666666666666666,0.7494563303212869,0.5483870967741935,0.85,0.9295142121693412,0.56,0.6889153061861074,0.4516129032258064,0.7368421052631579
BERTopic_topic_128,50.0,text_similarity+interactions,"All but Betweenness and Harmonic (Unweighted Clustering, No Square Clustering)",logistic_regression,60.65702930092812,1765,1798,0.9055698180600512,0.1714285714285714,0.3825672091177599,0.0967741935483871,0.75,0.9033718531500448,0.1714285714285714,0.3453457700145814,0.0967741935483871,0.75
BERTopic_topic_128,50.0,text_similarity+interactions,"All but Betweenness and Harmonic (Unweighted Clustering, No Square Clustering)",random_forest,60.65702930092812,1765,1798,0.9161643784648584,0.6938775510204082,0.7137052452524966,0.5483870967741935,0.9444444444444444,0.9632601274257444,0.5957446808510638,0.7279898154002951,0.4516129032258064,0.875
BERTopic_topic_128,50.0,text_similarity+interactions,"All but Betweenness and Harmonic (Unweighted Clustering, No Square Clustering)",xgboost,60.65702930092812,1765,1798,0.9451575696692338,0.5769230769230769,0.7110757305250127,0.4838709677419355,0.7142857142857143,0.925370137101338,0.6153846153846154,0.6781778434734549,0.5161290322580645,0.7619047619047619
BERTopic_topic_128,50.0,text_similarity+interactions,Core Number Only,logistic_regression,60.65702930092812,1765,1798,0.7945455221936972,0.0,0.109398001856872,0.0,0.0,0.8057670190043267,0.0,0.1307021072534849,0.0,0.0
BERTopic_topic_128,50.0,text_similarity+interactions,Core Number Only,random_forest,60.65702930092812,1765,1798,0.7823510808497973,0.0,0.124221777036807,0.0,0.0,0.8153239498329592,0.0,0.141611572652083,0.0,0.0
BERTopic_topic_128,50.0,text_similarity+interactions,Core Number Only,xgboost,60.65702930092812,1765,1798,0.7625479034118391,0.0,0.1232942068404974,0.0,0.0,0.8293170491264582,0.0,0.1438340988136575,0.0,0.0
BERTopic_topic_128,100.0,interactions,"All (Unweighted Clustering, No Square Clustering)",logistic_regression,4.061559689696878,1798,1798,0.8229001223141099,0.4390243902439024,0.4739283977518786,0.2903225806451613,0.9,0.8229001223141099,0.4390243902439024,0.4739283977518786,0.2903225806451613,0.9
BERTopic_topic_128,100.0,interactions,"All (Unweighted Clustering, No Square Clustering)",random_forest,4.061559689696878,1798,1798,0.8572484802015443,0.6222222222222222,0.6768127091798721,0.4516129032258064,1.0,0.8572484802015443,0.6222222222222222,0.6768127091798721,0.4516129032258064,1.0
BERTopic_topic_128,100.0,interactions,"All (Unweighted Clustering, No Square Clustering)",xgboost,4.061559689696878,1798,1798,0.8412472388046078,0.6521739130434783,0.6133888643371809,0.4838709677419355,1.0,0.8412472388046078,0.6521739130434783,0.6133888643371809,0.4838709677419355,1.0
BERTopic_topic_128,100.0,interactions,"All but Betweenness and Harmonic (Unweighted Clustering, No Square Clustering)",logistic_regression,4.061559689696878,1798,1798,0.8507585300399803,0.1714285714285714,0.4250220259052731,0.0967741935483871,0.75,0.8507585300399803,0.1714285714285714,0.4250220259052731,0.0967741935483871,0.75
BERTopic_topic_128,100.0,interactions,"All but Betweenness and Harmonic (Unweighted Clustering, No Square Clustering)",random_forest,4.061559689696878,1798,1798,0.8817751976194389,0.5909090909090909,0.6086613118515078,0.4193548387096774,1.0,0.8817751976194389,0.5909090909090909,0.6086613118515078,0.4193548387096774,1.0
BERTopic_topic_128,100.0,interactions,"All but Betweenness and Harmonic (Unweighted Clustering, No Square Clustering)",xgboost,4.061559689696878,1798,1798,0.8504299249685087,0.6222222222222222,0.6008328409267817,0.4516129032258064,1.0,0.8504299249685087,0.6222222222222222,0.6008328409267817,0.4516129032258064,1.0
BERTopic_topic_128,100.0,interactions,Core Number Only,logistic_regression,4.061559689696878,1798,1798,0.7862332730890702,0.0,0.1087926161059905,0.0,0.0,0.7862332730890702,0.0,0.1087926161059905,0.0,0.0
BERTopic_topic_128,100.0,interactions,Core Number Only,random_forest,4.061559689696878,1798,1798,0.7047483432827647,0.0,0.090843465299883,0.0,0.0,0.7047483432827647,0.0,0.090843465299883,0.0,0.0
BERTopic_topic_128,100.0,interactions,Core Number Only,xgboost,4.061559689696878,1798,1798,0.7131734121985505,0.0,0.0910067472859924,0.0,0.0,0.7131734121985505,0.0,0.0910067472859924,0.0,0.0
BERTopic_topic_128,100.0,similarity,"All (Unweighted Clustering, No Square Clustering)",logistic_regression,20.944802983663976,1798,1798,0.9440823703379156,0.0606060606060606,0.3891233531188812,0.032258064516129,0.5,0.9440823703379156,0.0606060606060606,0.3891233531188812,0.032258064516129,0.5
BERTopic_topic_128,100.0,similarity,"All (Unweighted Clustering, No Square Clustering)",random_forest,20.944802983663976,1798,1798,0.9441371378498274,0.7083333333333334,0.7245936870765772,0.5483870967741935,1.0,0.9441371378498274,0.7083333333333334,0.7245936870765772,0.5483870967741935,1.0
BERTopic_topic_128,100.0,similarity,"All (Unweighted Clustering, No Square Clustering)",xgboost,20.944802983663976,1798,1798,0.9153476824214544,0.6666666666666666,0.6324243078653167,0.5483870967741935,0.85,0.9153476824214544,0.6666666666666666,0.6324243078653167,0.5483870967741935,0.85
BERTopic_topic_128,100.0,similarity,"All but Betweenness and Harmonic (Unweighted Clustering, No Square Clustering)",logistic_regression,20.944802983663976,1798,1798,0.936962593789364,0.1666666666666666,0.2891310345854638,0.0967741935483871,0.6,0.936962593789364,0.1666666666666666,0.2891310345854638,0.0967741935483871,0.6
BERTopic_topic_128,100.0,similarity,"All but Betweenness and Harmonic (Unweighted Clustering, No Square Clustering)",random_forest,20.944802983663976,1798,1798,0.9475327235883674,0.6521739130434783,0.7141587598447768,0.4838709677419355,1.0,0.9475327235883674,0.6521739130434783,0.7141587598447768,0.4838709677419355,1.0
BERTopic_topic_128,100.0,similarity,"All but Betweenness and Harmonic (Unweighted Clustering, No Square Clustering)",xgboost,20.944802983663976,1798,1798,0.9250050203552586,0.5769230769230769,0.6079550266816318,0.4838709677419355,0.7142857142857143,0.9250050203552586,0.5769230769230769,0.6079550266816318,0.4838709677419355,0.7142857142857143
BERTopic_topic_128,100.0,similarity,Core Number Only,logistic_regression,20.944802983663976,1798,1798,0.8232652390601896,0.0,0.1094737416598717,0.0,0.0,0.8232652390601896,0.0,0.1094737416598717,0.0,0.0
BERTopic_topic_128,100.0,similarity,Core Number Only,random_forest,20.944802983663976,1798,1798,0.7612227759826206,0.0,0.2076631155876578,0.0,0.0,0.7612227759826206,0.0,0.2076631155876578,0.0,0.0
BERTopic_topic_128,100.0,similarity,Core Number Only,xgboost,20.944802983663976,1798,1798,0.7643262683242967,0.0,0.2132291220577039,0.0,0.0,0.7643262683242967,0.0,0.2132291220577039,0.0,0.0
BERTopic_topic_128,100.0,similarity+interactions,"All (Unweighted Clustering, No Square Clustering)",logistic_regression,28.11149867798668,1798,1798,0.9380761998649068,0.0606060606060606,0.3760073112179458,0.032258064516129,0.5,0.9380761998649068,0.0606060606060606,0.3760073112179458,0.032258064516129,0.5
BERTopic_topic_128,100.0,similarity+interactions,"All (Unweighted Clustering, No Square Clustering)",random_forest,28.11149867798668,1798,1798,0.92533362542673,0.6938775510204082,0.715486055208681,0.5483870967741935,0.9444444444444444,0.92533362542673,0.6938775510204082,0.715486055208681,0.5483870967741935,0.9444444444444444
BERTopic_topic_128,100.0,similarity+interactions,"All (Unweighted Clustering, No Square Clustering)",xgboost,28.11149867798668,1798,1798,0.9065848805155448,0.6153846153846154,0.6417012852360493,0.5161290322580645,0.7619047619047619,0.9065848805155448,0.6153846153846154,0.6417012852360493,0.5161290322580645,0.7619047619047619
BERTopic_topic_128,100.0,similarity+interactions,"All but Betweenness and Harmonic (Unweighted Clustering, No Square Clustering)",logistic_regression,28.11149867798668,1798,1798,0.9252240904029064,0.1176470588235294,0.2533596268202046,0.064516129032258,0.6666666666666666,0.9252240904029064,0.1176470588235294,0.2533596268202046,0.064516129032258,0.6666666666666666
BERTopic_topic_128,100.0,similarity+interactions,"All but Betweenness and Harmonic (Unweighted Clustering, No Square Clustering)",random_forest,28.11149867798668,1798,1798,0.9208335615312996,0.6808510638297872,0.7144553999278231,0.5161290322580645,1.0,0.9208335615312996,0.6808510638297872,0.7144553999278231,0.5161290322580645,1.0
BERTopic_topic_128,100.0,similarity+interactions,"All but Betweenness and Harmonic (Unweighted Clustering, No Square Clustering)",xgboost,28.11149867798668,1798,1798,0.9220840863866222,0.6,0.639698700820396,0.4838709677419355,0.7894736842105263,0.9220840863866222,0.6,0.639698700820396,0.4838709677419355,0.7894736842105263
BERTopic_topic_128,100.0,similarity+interactions,Core Number Only,logistic_regression,28.11149867798668,1798,1798,0.8211658177702319,0.0,0.1054065889831196,0.0,0.0,0.8211658177702319,0.0,0.1054065889831196,0.0,0.0
BERTopic_topic_128,100.0,similarity+interactions,Core Number Only,random_forest,28.11149867798668,1798,1798,0.759022947587491,0.0,0.205025077213763,0.0,0.0,0.759022947587491,0.0,0.205025077213763,0.0,0.0
BERTopic_topic_128,100.0,similarity+interactions,Core Number Only,xgboost,28.11149867798668,1798,1798,0.7633404531098819,0.0,0.2136656799278734,0.0,0.0,0.7633404531098819,0.0,0.2136656799278734,0.0,0.0
BERTopic_topic_128,100.0,similarity+text_similarity,"All (Unweighted Clustering, No Square Clustering)",logistic_regression,42.12762205256149,1798,1798,0.8992825455939537,0.1764705882352941,0.3496523678728037,0.0967741935483871,1.0,0.8992825455939537,0.1764705882352941,0.3496523678728037,0.0967741935483871,1.0
BERTopic_topic_128,100.0,similarity+text_similarity,"All (Unweighted Clustering, No Square Clustering)",random_forest,42.12762205256149,1798,1798,0.9386603866586342,0.72,0.7913672585808291,0.5806451612903226,0.9473684210526316,0.9386603866586342,0.72,0.7913672585808291,0.5806451612903226,0.9473684210526316
BERTopic_topic_128,100.0,similarity+text_similarity,"All (Unweighted Clustering, No Square Clustering)",xgboost,42.12762205256149,1798,1798,0.9347171258009748,0.7037037037037037,0.7288079037014918,0.6129032258064516,0.8260869565217391,0.9347171258009748,0.7037037037037037,0.7288079037014918,0.6129032258064516,0.8260869565217391
BERTopic_topic_128,100.0,similarity+text_similarity,"All but Betweenness and Harmonic (Unweighted Clustering, No Square Clustering)",logistic_regression,42.12762205256149,1798,1798,0.9250050203552586,0.1714285714285714,0.4094355380638838,0.0967741935483871,0.75,0.9250050203552586,0.1714285714285714,0.4094355380638838,0.0967741935483871,0.75
BERTopic_topic_128,100.0,similarity+text_similarity,"All but Betweenness and Harmonic (Unweighted Clustering, No Square Clustering)",random_forest,42.12762205256149,1798,1798,0.9198112346422768,0.6808510638297872,0.7650268586726645,0.5161290322580645,1.0,0.9198112346422768,0.6808510638297872,0.7650268586726645,0.5161290322580645,1.0
BERTopic_topic_128,100.0,similarity+text_similarity,"All but Betweenness and Harmonic (Unweighted Clustering, No Square Clustering)",xgboost,42.12762205256149,1798,1798,0.912189422567866,0.6538461538461539,0.7246932276784499,0.5483870967741935,0.8095238095238095,0.912189422567866,0.6538461538461539,0.7246932276784499,0.5483870967741935,0.8095238095238095
BERTopic_topic_128,100.0,similarity+text_similarity,Core Number Only,logistic_regression,42.12762205256149,1798,1798,0.8009018383628165,0.0,0.1261258466562417,0.0,0.0,0.8009018383628165,0.0,0.1261258466562417,0.0,0.0
BERTopic_topic_128,100.0,similarity+text_similarity,Core Number Only,random_forest,42.12762205256149,1798,1798,0.7924950252843347,0.0,0.1156704388258036,0.0,0.0,0.7924950252843347,0.0,0.1156704388258036,0.0,0.0
BERTopic_topic_128,100.0,similarity+text_similarity,Core Number Only,xgboost,42.12762205256149,1798,1798,0.795461598846231,0.0,0.1224267399953474,0.0,0.0,0.795461598846231,0.0,0.1224267399953474,0.0,0.0
BERTopic_topic_128,100.0,similarity+text_similarity+interactions,"All (Unweighted Clustering, No Square Clustering)",logistic_regression,64.38436345104128,1798,1798,0.858389470033043,0.1714285714285714,0.3333605249950578,0.0967741935483871,0.75,0.858389470033043,0.1714285714285714,0.3333605249950578,0.0967741935483871,0.75
BERTopic_topic_128,100.0,similarity+text_similarity+interactions,"All (Unweighted Clustering, No Square Clustering)",random_forest,64.38436345104128,1798,1798,0.9351004983843584,0.7083333333333334,0.7738582990094331,0.5483870967741935,1.0,0.9351004983843584,0.7083333333333334,0.7738582990094331,0.5483870967741935,1.0
BERTopic_topic_128,100.0,similarity+text_similarity+interactions,"All (Unweighted Clustering, No Square Clustering)",xgboost,64.38436345104128,1798,1798,0.92712269748252,0.6274509803921569,0.7155479596894196,0.5161290322580645,0.8,0.92712269748252,0.6274509803921569,0.7155479596894196,0.5161290322580645,0.8
BERTopic_topic_128,100.0,similarity+text_similarity+interactions,"All but Betweenness and Harmonic (Unweighted Clustering, No Square Clustering)",logistic_regression,64.38436345104128,1798,1798,0.9180860580170508,0.1714285714285714,0.3966447998599709,0.0967741935483871,0.75,0.9180860580170508,0.1714285714285714,0.3966447998599709,0.0967741935483871,0.75
BERTopic_topic_128,100.0,similarity+text_similarity+interactions,"All but Betweenness and Harmonic (Unweighted Clustering, No Square Clustering)",random_forest,64.38436345104128,1798,1798,0.9300253756138526,0.6808510638297872,0.7501948583639868,0.5161290322580645,1.0,0.9300253756138526,0.6808510638297872,0.7501948583639868,0.5161290322580645,1.0
BERTopic_topic_128,100.0,similarity+text_similarity+interactions,"All but Betweenness and Harmonic (Unweighted Clustering, No Square Clustering)",xgboost,64.38436345104128,1798,1798,0.9202037351443124,0.5833333333333334,0.7133992525320487,0.4516129032258064,0.8235294117647058,0.9202037351443124,0.5833333333333334,0.7133992525320487,0.4516129032258064,0.8235294117647058
BERTopic_topic_128,100.0,similarity+text_similarity+interactions,Core Number Only,logistic_regression,64.38436345104128,1798,1798,0.8008835825255126,0.0,0.1262005113660854,0.0,0.0,0.8008835825255126,0.0,0.1262005113660854,0.0,0.0
BERTopic_topic_128,100.0,similarity+text_similarity+interactions,Core Number Only,random_forest,64.38436345104128,1798,1798,0.7937638059769612,0.0,0.1158877810658477,0.0,0.0,0.7937638059769612,0.0,0.1158877810658477,0.0,0.0
BERTopic_topic_128,100.0,similarity+text_similarity+interactions,Core Number Only,xgboost,64.38436345104128,1798,1798,0.7973875896818008,0.0,0.1225537048667041,0.0,0.0,0.7973875896818008,0.0,0.1225537048667041,0.0,0.0
BERTopic_topic_128,100.0,text_similarity,"All (Unweighted Clustering, No Square Clustering)",logistic_regression,38.14825666928664,1798,1798,0.9233802508352044,0.1714285714285714,0.3638794647299436,0.0967741935483871,0.75,0.9233802508352044,0.1714285714285714,0.3638794647299436,0.0967741935483871,0.75
BERTopic_topic_128,100.0,text_similarity,"All (Unweighted Clustering, No Square Clustering)",random_forest,38.14825666928664,1798,1798,0.9559121529108932,0.7058823529411765,0.8045710172033371,0.5806451612903226,0.9,0.9559121529108932,0.7058823529411765,0.8045710172033371,0.5806451612903226,0.9
BERTopic_topic_128,100.0,text_similarity,"All (Unweighted Clustering, No Square Clustering)",xgboost,38.14825666928664,1798,1798,0.9386603866586342,0.7037037037037037,0.7478259137081171,0.6129032258064516,0.8260869565217391,0.9386603866586342,0.7037037037037037,0.7478259137081171,0.6129032258064516,0.8260869565217391
BERTopic_topic_128,100.0,text_similarity,"All but Betweenness and Harmonic (Unweighted Clustering, No Square Clustering)",logistic_regression,38.14825666928664,1798,1798,0.9283093269072786,0.1714285714285714,0.3800656629442636,0.0967741935483871,0.75,0.9283093269072786,0.1714285714285714,0.3800656629442636,0.0967741935483871,0.75
BERTopic_topic_128,100.0,text_similarity,"All but Betweenness and Harmonic (Unweighted Clustering, No Square Clustering)",random_forest,38.14825666928664,1798,1798,0.9393358526388812,0.6666666666666666,0.7742778834764514,0.5161290322580645,0.9411764705882352,0.9393358526388812,0.6666666666666666,0.7742778834764514,0.5161290322580645,0.9411764705882352
BERTopic_topic_128,100.0,text_similarity,"All but Betweenness and Harmonic (Unweighted Clustering, No Square Clustering)",xgboost,38.14825666928664,1798,1798,0.9291673512605656,0.5882352941176471,0.70124658517233,0.4838709677419355,0.75,0.9291673512605656,0.5882352941176471,0.70124658517233,0.4838709677419355,0.75
BERTopic_topic_128,100.0,text_similarity,Core Number Only,logistic_regression,38.14825666928664,1798,1798,0.7991857896562424,0.0,0.1265451585096022,0.0,0.0,0.7991857896562424,0.0,0.1265451585096022,0.0,0.0
BERTopic_topic_128,100.0,text_similarity,Core Number Only,random_forest,38.14825666928664,1798,1798,0.8380889789510195,0.0,0.1326189619562796,0.0,0.0,0.8380889789510195,0.0,0.1326189619562796,0.0,0.0
BERTopic_topic_128,100.0,text_similarity,Core Number Only,xgboost,38.14825666928664,1798,1798,0.8296000146046698,0.0,0.1338420176292907,0.0,0.0,0.8296000146046698,0.0,0.1338420176292907,0.0,0.0
BERTopic_topic_128,100.0,text_similarity+interactions,"All (Unweighted Clustering, No Square Clustering)",logistic_regression,64.35036963224411,1798,1798,0.913887215437136,0.1176470588235294,0.3319191798661154,0.064516129032258,0.6666666666666666,0.913887215437136,0.1176470588235294,0.3319191798661154,0.064516129032258,0.6666666666666666
BERTopic_topic_128,100.0,text_similarity+interactions,"All (Unweighted Clustering, No Square Clustering)",random_forest,64.35036963224411,1798,1798,0.933904741040948,0.6938775510204082,0.7631032872277259,0.5483870967741935,0.9444444444444444,0.933904741040948,0.6938775510204082,0.7631032872277259,0.5483870967741935,0.9444444444444444
BERTopic_topic_128,100.0,text_similarity+interactions,"All (Unweighted Clustering, No Square Clustering)",xgboost,64.35036963224411,1798,1798,0.9328185187213612,0.6037735849056604,0.7239887205785899,0.5161290322580645,0.7272727272727273,0.9328185187213612,0.6037735849056604,0.7239887205785899,0.5161290322580645,0.7272727272727273
BERTopic_topic_128,100.0,text_similarity+interactions,"All but Betweenness and Harmonic (Unweighted Clustering, No Square Clustering)",logistic_regression,64.35036963224411,1798,1798,0.9227412965295652,0.1714285714285714,0.3758874859740227,0.0967741935483871,0.75,0.9227412965295652,0.1714285714285714,0.3758874859740227,0.0967741935483871,0.75
BERTopic_topic_128,100.0,text_similarity+interactions,"All but Betweenness and Harmonic (Unweighted Clustering, No Square Clustering)",random_forest,64.35036963224411,1798,1798,0.9515033682019828,0.6086956521739131,0.7851329278356267,0.4516129032258064,0.9333333333333332,0.9515033682019828,0.6086956521739131,0.7851329278356267,0.4516129032258064,0.9333333333333332
BERTopic_topic_128,100.0,text_similarity+interactions,"All but Betweenness and Harmonic (Unweighted Clustering, No Square Clustering)",xgboost,64.35036963224411,1798,1798,0.927140953319824,0.6415094339622641,0.6938186116943726,0.5483870967741935,0.7727272727272727,0.927140953319824,0.6415094339622641,0.6938186116943726,0.5483870967741935,0.7727272727272727
BERTopic_topic_128,100.0,text_similarity+interactions,Core Number Only,logistic_regression,64.35036963224411,1798,1798,0.7982273581977837,0.0,0.1264757719246302,0.0,0.0,0.7982273581977837,0.0,0.1264757719246302,0.0,0.0
BERTopic_topic_128,100.0,text_similarity+interactions,Core Number Only,random_forest,64.35036963224411,1798,1798,0.8009018383628164,0.0,0.1265139625682781,0.0,0.0,0.8009018383628164,0.0,0.1265139625682781,0.0,0.0
BERTopic_topic_128,100.0,text_similarity+interactions,Core Number Only,xgboost,64.35036963224411,1798,1798,0.8117914453146392,0.0,0.1282894315561104,0.0,0.0,0.8117914453146392,0.0,0.1282894315561104,0.0,0.0
BERTopic_topic_256,1.0,interactions,"All (Unweighted Clustering, No Square Clustering)",logistic_regression,2.247622411698103,124,1798,0.7661637931034483,0.7692307692307693,0.6594452590420332,0.625,1.0,0.5325775416689487,0.2777777777777778,0.1818170249367932,0.1612903225806451,1.0
BERTopic_topic_256,1.0,interactions,"All (Unweighted Clustering, No Square Clustering)",random_forest,2.247622411698103,124,1798,0.8383620689655172,0.7692307692307693,0.6733422939068101,0.625,1.0,0.5141391459919309,0.2777777777777778,0.1803398931218453,0.1612903225806451,1.0
BERTopic_topic_256,1.0,interactions,"All (Unweighted Clustering, No Square Clustering)",xgboost,2.247622411698103,124,1798,0.9229525862068964,0.7142857142857143,0.6911461393458675,0.625,0.8333333333333334,0.5827810942548879,0.2777777777777778,0.205753574516756,0.1612903225806451,1.0
BERTopic_topic_256,1.0,interactions,"All but Betweenness and Harmonic (Unweighted Clustering, No Square Clustering)",logistic_regression,2.247622411698103,124,1798,0.7984913793103449,0.7692307692307693,0.6658435941647409,0.625,1.0,0.5549409423663216,0.2777777777777778,0.1864937844541498,0.1612903225806451,1.0
BERTopic_topic_256,1.0,interactions,"All but Betweenness and Harmonic (Unweighted Clustering, No Square Clustering)",random_forest,2.247622411698103,124,1798,0.8857758620689655,0.7692307692307693,0.6831835535346602,0.625,1.0,0.5144312393887946,0.2777777777777778,0.1820343304452891,0.1612903225806451,1.0
BERTopic_topic_256,1.0,interactions,"All but Betweenness and Harmonic (Unweighted Clustering, No Square Clustering)",xgboost,2.247622411698103,124,1798,0.9229525862068964,0.7142857142857143,0.6911461393458675,0.625,0.8333333333333334,0.5827810942548879,0.2777777777777778,0.205753574516756,0.1612903225806451,1.0
BERTopic_topic_256,1.0,interactions,Core Number Only,logistic_regression,2.247622411698103,124,1798,0.724676724137931,0.5454545454545454,0.6509871417249251,0.375,1.0,0.518967814958833,0.1212121212121212,0.1760149994511103,0.064516129032258,1.0
BERTopic_topic_256,1.0,interactions,Core Number Only,random_forest,2.247622411698103,124,1798,0.7688577586206897,0.7692307692307693,0.6551777921199828,0.625,1.0,0.525612939737481,0.2777777777777778,0.1762482725380761,0.1612903225806451,1.0
BERTopic_topic_256,1.0,interactions,Core Number Only,xgboost,2.247622411698103,124,1798,0.6368534482758621,0.0,0.1153561827956989,0.0,0.0,0.4867645179546159,0.0,0.0168054135254594,0.0,0.0
BERTopic_topic_256,1.0,similarity,"All (Unweighted Clustering, No Square Clustering)",logistic_regression,3.326977713033557,124,1798,0.875,0.5454545454545454,0.7919351073762838,0.375,1.0,0.535589754824105,0.1714285714285714,0.1948173131831086,0.0967741935483871,0.75
BERTopic_topic_256,1.0,similarity,"All (Unweighted Clustering, No Square Clustering)",random_forest,3.326977713033557,124,1798,0.9051724137931034,0.9333333333333332,0.8830645161290323,0.875,1.0,0.5590485057597167,0.3684210526315789,0.2405403350884183,0.2258064516129032,1.0
BERTopic_topic_256,1.0,similarity,"All (Unweighted Clustering, No Square Clustering)",xgboost,3.326977713033557,124,1798,0.892241379310345,0.9333333333333332,0.8836206896551724,0.875,1.0,0.5512350073936141,0.3684210526315789,0.2403381226238989,0.2258064516129032,1.0
BERTopic_topic_256,1.0,similarity,"All but Betweenness and Harmonic (Unweighted Clustering, No Square Clustering)",logistic_regression,3.326977713033557,124,1798,0.8782327586206896,0.5454545454545454,0.8170787545787546,0.375,1.0,0.5365938258758238,0.2777777777777778,0.2254943482941573,0.1612903225806451,1.0
BERTopic_topic_256,1.0,similarity,"All but Betweenness and Harmonic (Unweighted Clustering, No Square Clustering)",random_forest,3.326977713033557,124,1798,0.910021551724138,0.9333333333333332,0.8830645161290323,0.875,1.0,0.5591215291089326,0.3684210526315789,0.2405426396199723,0.2258064516129032,1.0
BERTopic_topic_256,1.0,similarity,"All but Betweenness and Harmonic (Unweighted Clustering, No Square Clustering)",xgboost,3.326977713033557,124,1798,0.8954741379310346,0.9333333333333332,0.8838495575221239,0.875,1.0,0.551344542417438,0.3243243243243243,0.2403509618644113,0.1935483870967742,1.0
BERTopic_topic_256,1.0,similarity,Core Number Only,logistic_regression,3.326977713033557,124,1798,0.8566810344827587,0.0,0.5059811827956989,0.0,0.0,0.5367946400861675,0.0,0.1394017358444473,0.0,0.0
BERTopic_topic_256,1.0,similarity,Core Number Only,random_forest,3.326977713033557,124,1798,0.9040948275862069,0.7777777777777778,0.5059811827956989,0.875,0.7,0.5879474962119138,0.3414634146341463,0.1413492176230647,0.2258064516129032,0.7
BERTopic_topic_256,1.0,similarity,Core Number Only,xgboost,3.326977713033557,124,1798,0.9267241379310346,0.7777777777777778,0.5580357142857143,0.875,0.7,0.5709330558446063,0.3414634146341463,0.1407033017599061,0.2258064516129032,0.7
BERTopic_topic_256,1.0,similarity+interactions,"All (Unweighted Clustering, No Square Clustering)",logistic_regression,2.869732914492488,124,1798,0.8825431034482759,0.6666666666666666,0.828492414664981,0.5,1.0,0.5339649853040509,0.3,0.1913028273735448,0.1935483870967742,0.6666666666666666
BERTopic_topic_256,1.0,similarity+interactions,"All (Unweighted Clustering, No Square Clustering)",random_forest,2.869732914492488,124,1798,0.9110991379310344,0.9333333333333332,0.8830645161290323,0.875,1.0,0.5550048377968856,0.3684210526315789,0.2404391674502983,0.2258064516129032,1.0
BERTopic_topic_256,1.0,similarity+interactions,"All (Unweighted Clustering, No Square Clustering)",xgboost,2.869732914492488,124,1798,0.892780172413793,0.9333333333333332,0.8837719298245614,0.875,1.0,0.5611114153750661,0.358974358974359,0.2407103434832725,0.2258064516129032,0.875
BERTopic_topic_256,1.0,similarity+interactions,"All but Betweenness and Harmonic (Unweighted Clustering, No Square Clustering)",logistic_regression,2.869732914492488,124,1798,0.8836206896551725,0.6666666666666666,0.8285714285714285,0.5,1.0,0.5334538218595396,0.3,0.2219257702188795,0.1935483870967742,0.6666666666666666
BERTopic_topic_256,1.0,similarity+interactions,"All but Betweenness and Harmonic (Unweighted Clustering, No Square Clustering)",random_forest,2.869732914492488,124,1798,0.9127155172413792,0.9333333333333332,0.8830645161290323,0.875,1.0,0.5554247220548771,0.3684210526315789,0.2404559355562797,0.2258064516129032,1.0
BERTopic_topic_256,1.0,similarity+interactions,"All but Betweenness and Harmonic (Unweighted Clustering, No Square Clustering)",xgboost,2.869732914492488,124,1798,0.888469827586207,0.9333333333333332,0.8834745762711864,0.875,1.0,0.5596418204720961,0.358974358974359,0.2406736934809132,0.2258064516129032,0.875
BERTopic_topic_256,1.0,similarity+interactions,Core Number Only,logistic_regression,2.869732914492488,124,1798,0.8566810344827587,0.0,0.5059811827956989,0.0,0.0,0.536420395421436,0.0,0.1393894299416457,0.0,0.0
BERTopic_topic_256,1.0,similarity+interactions,Core Number Only,random_forest,2.869732914492488,124,1798,0.9046336206896552,0.7777777777777778,0.5059811827956989,0.875,0.7,0.5754148639027329,0.3414634146341463,0.140863727038892,0.2258064516129032,0.7
BERTopic_topic_256,1.0,similarity+interactions,Core Number Only,xgboost,2.869732914492488,124,1798,0.9213362068965516,0.7777777777777778,0.5570833333333334,0.875,0.7,0.5709969512751703,0.3414634146341463,0.140705658303624,0.2258064516129032,0.7
BERTopic_topic_256,1.0,similarity+text_similarity,"All (Unweighted Clustering, No Square Clustering)",logistic_regression,3.2780131030012853,124,1798,0.8534482758620691,0.0,0.4788957739415057,0.0,0.0,0.5357175456852328,0.1621621621621621,0.1611628196001217,0.0967741935483871,0.5
BERTopic_topic_256,1.0,similarity+text_similarity,"All (Unweighted Clustering, No Square Clustering)",random_forest,3.2780131030012853,124,1798,0.9046336206896552,0.9333333333333332,0.8830645161290323,0.875,1.0,0.5492451211274805,0.358974358974359,0.2402206992664813,0.2258064516129032,0.875
BERTopic_topic_256,1.0,similarity+text_similarity,"All (Unweighted Clustering, No Square Clustering)",xgboost,3.2780131030012853,124,1798,0.8825431034482758,0.8571428571428571,0.8834745762711864,0.75,1.0,0.5531244865545758,0.2777777777777778,0.2157845629029407,0.1612903225806451,1.0
BERTopic_topic_256,1.0,similarity+text_similarity,"All but Betweenness and Harmonic (Unweighted Clustering, No Square Clustering)",logistic_regression,3.2780131030012853,124,1798,0.8577586206896551,0.0,0.5195884146341463,0.0,0.0,0.5333807985103237,0.1666666666666666,0.1727578305432668,0.0967741935483871,0.6
BERTopic_topic_256,1.0,similarity+text_similarity,"All but Betweenness and Harmonic (Unweighted Clustering, No Square Clustering)",random_forest,3.2780131030012853,124,1798,0.9116379310344828,0.9333333333333332,0.8830645161290323,0.875,1.0,0.5526315789473685,0.358974358974359,0.2403538988580165,0.2258064516129032,0.875
BERTopic_topic_256,1.0,similarity+text_similarity,"All but Betweenness and Harmonic (Unweighted Clustering, No Square Clustering)",xgboost,3.2780131030012853,124,1798,0.8917025862068965,0.8571428571428571,0.884009009009009,0.75,1.0,0.5536630337550431,0.2631578947368421,0.2123254093327998,0.1612903225806451,0.7142857142857143
BERTopic_topic_256,1.0,similarity+text_similarity,Core Number Only,logistic_regression,3.2780131030012853,124,1798,0.8383620689655172,0.0,0.3750662643807805,0.0,0.0,0.5343392299687826,0.0,0.1133417581352681,0.0,0.0
BERTopic_topic_256,1.0,similarity+text_similarity,Core Number Only,random_forest,3.2780131030012853,124,1798,0.8911637931034483,0.5263157894736842,0.3750662643807805,0.625,0.4545454545454545,0.5772952151450427,0.1081081081081081,0.1176444557694886,0.064516129032258,0.3333333333333333
BERTopic_topic_256,1.0,similarity+text_similarity,Core Number Only,xgboost,3.2780131030012853,124,1798,0.90625,0.1538461538461538,0.3814945018749366,0.125,0.2,0.5742099786406704,0.1081081081081081,0.1175481860475496,0.064516129032258,0.3333333333333333
BERTopic_topic_256,1.0,similarity+text_similarity+interactions,"All (Unweighted Clustering, No Square Clustering)",logistic_regression,3.650311715900898,124,1798,0.865301724137931,0.3636363636363636,0.5726890756302521,0.25,0.6666666666666666,0.5357358015225369,0.1621621621621621,0.164388834716969,0.0967741935483871,0.5
BERTopic_topic_256,1.0,similarity+text_similarity+interactions,"All (Unweighted Clustering, No Square Clustering)",random_forest,3.650311715900898,124,1798,0.9073275862068964,0.9333333333333332,0.8830645161290323,0.875,1.0,0.5529145444255801,0.358974358974359,0.2403646646188982,0.2258064516129032,0.875
BERTopic_topic_256,1.0,similarity+text_similarity+interactions,"All (Unweighted Clustering, No Square Clustering)",xgboost,3.650311715900898,124,1798,0.886853448275862,0.9333333333333332,0.8837719298245614,0.875,1.0,0.5542654763860745,0.2777777777777778,0.2287301251373004,0.1612903225806451,1.0
BERTopic_topic_256,1.0,similarity+text_similarity+interactions,"All but Betweenness and Harmonic (Unweighted Clustering, No Square Clustering)",logistic_regression,3.650311715900898,124,1798,0.8674568965517241,0.0,0.6429189435336976,0.0,0.0,0.5344761487485623,0.2162162162162162,0.172782722700498,0.1290322580645161,0.6666666666666666
BERTopic_topic_256,1.0,similarity+text_similarity+interactions,"All but Betweenness and Harmonic (Unweighted Clustering, No Square Clustering)",random_forest,3.650311715900898,124,1798,0.9110991379310344,0.9333333333333332,0.8830645161290323,0.875,1.0,0.5533070449276156,0.358974358974359,0.2403815961071669,0.2258064516129032,0.875
BERTopic_topic_256,1.0,similarity+text_similarity+interactions,"All but Betweenness and Harmonic (Unweighted Clustering, No Square Clustering)",xgboost,3.650311715900898,124,1798,0.890625,0.9333333333333332,0.8839285714285714,0.875,1.0,0.5548770469357578,0.2702702702702703,0.2224322460516873,0.1612903225806451,0.8333333333333334
BERTopic_topic_256,1.0,similarity+text_similarity+interactions,Core Number Only,logistic_regression,3.650311715900898,124,1798,0.8383620689655173,0.0,0.3750662643807805,0.0,0.0,0.5339649853040509,0.0,0.1133297410649817,0.0,0.0
BERTopic_topic_256,1.0,similarity+text_similarity+interactions,Core Number Only,random_forest,3.650311715900898,124,1798,0.8917025862068966,0.5263157894736842,0.3750662643807805,0.625,0.4545454545454545,0.5773591105756065,0.1081081081081081,0.1176468793404473,0.064516129032258,0.3333333333333333
BERTopic_topic_256,1.0,similarity+text_similarity+interactions,Core Number Only,xgboost,3.650311715900898,124,1798,0.90625,0.1538461538461538,0.3814945018749366,0.125,0.2,0.5744016649323621,0.1081081081081081,0.1175529850663559,0.064516129032258,0.3333333333333333
BERTopic_topic_256,1.0,text_similarity,"All (Unweighted Clustering, No Square Clustering)",logistic_regression,2.73610639301478,124,1798,0.8599137931034483,0.3333333333333333,0.5411657955865273,0.25,0.5,0.542234879602753,0.1621621621621621,0.1581689697068779,0.0967741935483871,0.5
BERTopic_topic_256,1.0,text_similarity,"All (Unweighted Clustering, No Square Clustering)",random_forest,2.73610639301478,124,1798,0.9067887931034482,0.9333333333333332,0.8830645161290323,0.875,1.0,0.5542746043047264,0.3243243243243243,0.2407089967793851,0.1935483870967742,1.0
BERTopic_topic_256,1.0,text_similarity,"All (Unweighted Clustering, No Square Clustering)",xgboost,2.73610639301478,124,1798,0.875,0.6666666666666666,0.7716296695669418,0.5,1.0,0.5550139657155375,0.2702702702702703,0.2152266530998597,0.1612903225806451,0.8333333333333334
BERTopic_topic_256,1.0,text_similarity,"All but Betweenness and Harmonic (Unweighted Clustering, No Square Clustering)",logistic_regression,2.73610639301478,124,1798,0.8609913793103448,0.3333333333333333,0.5508880178087495,0.25,0.5,0.5393504573087246,0.1666666666666666,0.1676024699692014,0.0967741935483871,0.6
BERTopic_topic_256,1.0,text_similarity,"All but Betweenness and Harmonic (Unweighted Clustering, No Square Clustering)",random_forest,2.73610639301478,124,1798,0.910021551724138,0.875,0.8830645161290323,0.875,0.875,0.553900359639995,0.3684210526315789,0.2406906603208307,0.2258064516129032,1.0
BERTopic_topic_256,1.0,text_similarity,"All but Betweenness and Harmonic (Unweighted Clustering, No Square Clustering)",xgboost,2.73610639301478,124,1798,0.8798491379310345,0.6666666666666666,0.7996269081795397,0.5,1.0,0.5549957098782335,0.2702702702702703,0.2125384810568489,0.1612903225806451,0.8333333333333334
BERTopic_topic_256,1.0,text_similarity,Core Number Only,logistic_regression,2.73610639301478,124,1798,0.8383620689655172,0.0,0.3750662643807805,0.0,0.0,0.5343392299687826,0.0,0.1133417581352681,0.0,0.0
BERTopic_topic_256,1.0,text_similarity,Core Number Only,random_forest,2.73610639301478,124,1798,0.8911637931034483,0.5263157894736842,0.3750662643807805,0.625,0.4545454545454545,0.5831370830823156,0.1081081081081081,0.1182280092723999,0.064516129032258,0.3333333333333333
BERTopic_topic_256,1.0,text_similarity,Core Number Only,xgboost,2.73610639301478,124,1798,0.90625,0.1538461538461538,0.3814945018749366,0.125,0.2,0.5741004436168465,0.1081081081081081,0.1175090780466501,0.064516129032258,0.3333333333333333
BERTopic_topic_256,1.0,text_similarity+interactions,"All (Unweighted Clustering, No Square Clustering)",logistic_regression,2.986591028980911,124,1798,0.8599137931034483,0.3333333333333333,0.5411657955865273,0.25,0.5,0.542234879602753,0.1621621621621621,0.1581689697068779,0.0967741935483871,0.5
BERTopic_topic_256,1.0,text_similarity+interactions,"All (Unweighted Clustering, No Square Clustering)",random_forest,2.986591028980911,124,1798,0.9051724137931034,0.9333333333333332,0.8830645161290323,0.875,1.0,0.5468718622779635,0.3243243243243243,0.2401334243013374,0.1935483870967742,1.0
BERTopic_topic_256,1.0,text_similarity+interactions,"All (Unweighted Clustering, No Square Clustering)",xgboost,2.986591028980911,124,1798,0.8830818965517242,0.6666666666666666,0.8502135093167702,0.5,1.0,0.5543750114098984,0.2702702702702703,0.2061891396130795,0.1612903225806451,0.8333333333333334
BERTopic_topic_256,1.0,text_similarity+interactions,"All but Betweenness and Harmonic (Unweighted Clustering, No Square Clustering)",logistic_regression,2.986591028980911,124,1798,0.8609913793103448,0.3333333333333333,0.5508880178087495,0.25,0.5,0.5388758055388211,0.1666666666666666,0.167575128610901,0.0967741935483871,0.6
BERTopic_topic_256,1.0,text_similarity+interactions,"All but Betweenness and Harmonic (Unweighted Clustering, No Square Clustering)",random_forest,2.986591028980911,124,1798,0.9078663793103448,0.875,0.8830645161290323,0.875,0.875,0.5473100023732588,0.3684210526315789,0.2401495927264498,0.2258064516129032,1.0
BERTopic_topic_256,1.0,text_similarity+interactions,"All but Betweenness and Harmonic (Unweighted Clustering, No Square Clustering)",xgboost,2.986591028980911,124,1798,0.8852370689655172,0.7692307692307693,0.8502135093167702,0.625,1.0,0.5543202438979864,0.2702702702702703,0.2061819741266481,0.1612903225806451,0.8333333333333334
BERTopic_topic_256,1.0,text_similarity+interactions,Core Number Only,logistic_regression,2.986591028980911,124,1798,0.8383620689655172,0.0,0.3750662643807805,0.0,0.0,0.5339649853040509,0.0,0.1133297410649817,0.0,0.0
BERTopic_topic_256,1.0,text_similarity+interactions,Core Number Only,random_forest,2.986591028980911,124,1798,0.8917025862068966,0.5263157894736842,0.3750662643807805,0.625,0.4545454545454545,0.5773591105756065,0.1081081081081081,0.1176468793404473,0.064516129032258,0.3333333333333333
BERTopic_topic_256,1.0,text_similarity+interactions,Core Number Only,xgboost,2.986591028980911,124,1798,0.90625,0.1538461538461538,0.3814945018749366,0.125,0.2,0.5741643390474104,0.1081081081081081,0.1175114789609183,0.064516129032258,0.3333333333333333
BERTopic_topic_256,5.0,interactions,"All (Unweighted Clustering, No Square Clustering)",logistic_regression,2.349002553150058,404,1798,0.6794416243654822,0.3333333333333333,0.5176503735858492,0.2,1.0,0.5351424868101575,0.0625,0.1739582372440267,0.032258064516129,1.0
BERTopic_topic_256,5.0,interactions,"All (Unweighted Clustering, No Square Clustering)",random_forest,2.349002553150058,404,1798,0.8049492385786802,0.6666666666666666,0.5315368912103141,0.5,1.0,0.5914982565675374,0.2777777777777778,0.187772503515615,0.1612903225806451,1.0
BERTopic_topic_256,5.0,interactions,"All (Unweighted Clustering, No Square Clustering)",xgboost,2.349002553150058,404,1798,0.8439086294416244,0.4615384615384615,0.5413465175852439,0.3,1.0,0.588540810924293,0.1764705882352941,0.1635428441487648,0.0967741935483871,1.0
BERTopic_topic_256,5.0,interactions,"All but Betweenness and Harmonic (Unweighted Clustering, No Square Clustering)",logistic_regression,2.349002553150058,404,1798,0.6774111675126904,0.0,0.3656978853071975,0.0,0.0,0.5320207386311774,0.0,0.0994916695375211,0.0,0.0
BERTopic_topic_256,5.0,interactions,"All but Betweenness and Harmonic (Unweighted Clustering, No Square Clustering)",random_forest,2.349002553150058,404,1798,0.7478426395939086,0.6666666666666666,0.5260324445142927,0.5,1.0,0.5674188071635906,0.2777777777777778,0.1834926612158121,0.1612903225806451,1.0
BERTopic_topic_256,5.0,interactions,"All but Betweenness and Harmonic (Unweighted Clustering, No Square Clustering)",xgboost,2.349002553150058,404,1798,0.8439086294416244,0.4615384615384615,0.5413465175852439,0.3,1.0,0.588540810924293,0.1764705882352941,0.1635428441487648,0.0967741935483871,1.0
BERTopic_topic_256,5.0,interactions,Core Number Only,logistic_regression,2.349002553150058,404,1798,0.6120558375634517,0.0,0.0702365305280962,0.0,0.0,0.5004107563393395,0.0,0.0257239575194653,0.0,0.0
BERTopic_topic_256,5.0,interactions,Core Number Only,random_forest,2.349002553150058,404,1798,0.709517766497462,0.0,0.1293302588238926,0.0,0.0,0.534823009657338,0.0,0.0488598591889038,0.0,0.0
BERTopic_topic_256,5.0,interactions,Core Number Only,xgboost,2.349002553150058,404,1798,0.6711928934010153,0.0,0.1036802028776033,0.0,0.0,0.5234770067729156,0.0,0.0358143784754621,0.0,0.0
BERTopic_topic_256,5.0,similarity,"All (Unweighted Clustering, No Square Clustering)",logistic_regression,4.575955741107464,404,1798,0.8228426395939086,0.1818181818181818,0.5798524848365829,0.1,1.0,0.5885590667615971,0.1212121212121212,0.2102790502166302,0.064516129032258,1.0
BERTopic_topic_256,5.0,similarity,"All (Unweighted Clustering, No Square Clustering)",random_forest,4.575955741107464,404,1798,0.8470812182741116,0.75,0.7138393839383937,0.6,1.0,0.5961078554867919,0.2285714285714285,0.2448895236161153,0.1290322580645161,1.0
BERTopic_topic_256,5.0,similarity,"All (Unweighted Clustering, No Square Clustering)",xgboost,4.575955741107464,404,1798,0.7973350253807105,0.6666666666666666,0.6240003906290862,0.5,1.0,0.5907588951567264,0.3157894736842105,0.2181428347218658,0.1935483870967742,0.8571428571428571
BERTopic_topic_256,5.0,similarity,"All but Betweenness and Harmonic (Unweighted Clustering, No Square Clustering)",logistic_regression,4.575955741107464,404,1798,0.833248730964467,0.0,0.347458961697396,0.0,0.0,0.5889606951822846,0.0,0.165904742731865,0.0,0.0
BERTopic_topic_256,5.0,similarity,"All but Betweenness and Harmonic (Unweighted Clustering, No Square Clustering)",random_forest,4.575955741107464,404,1798,0.8510152284263961,0.75,0.7145890492663725,0.6,1.0,0.5980155904850576,0.3243243243243243,0.2463776465940844,0.1935483870967742,1.0
BERTopic_topic_256,5.0,similarity,"All but Betweenness and Harmonic (Unweighted Clustering, No Square Clustering)",xgboost,4.575955741107464,404,1798,0.8005076142131979,0.6666666666666666,0.651647825087366,0.5,1.0,0.5912974423571937,0.2702702702702703,0.2104059124482858,0.1612903225806451,0.8333333333333334
BERTopic_topic_256,5.0,similarity,Core Number Only,logistic_regression,4.575955741107464,404,1798,0.5223350253807106,0.0,0.0320892840172965,0.0,0.0,0.5161016485021086,0.0,0.0273423767510042,0.0,0.0
BERTopic_topic_256,5.0,similarity,Core Number Only,random_forest,4.575955741107464,404,1798,0.8107868020304568,0.0,0.2238605577590725,0.0,0.0,0.600169779286927,0.0,0.0806315317874533,0.0,0.0
BERTopic_topic_256,5.0,similarity,Core Number Only,xgboost,4.575955741107464,404,1798,0.7951776649746194,0.0,0.2253705985505382,0.0,0.0,0.6021322817971045,0.0,0.0807473769743581,0.0,0.0
BERTopic_topic_256,5.0,similarity+interactions,"All (Unweighted Clustering, No Square Clustering)",logistic_regression,4.580376295372844,404,1798,0.7794416243654821,0.0,0.6372485157268688,0.0,0.0,0.5755609106011648,0.0,0.1727128328770522,0.0,0.0
BERTopic_topic_256,5.0,similarity+interactions,"All (Unweighted Clustering, No Square Clustering)",random_forest,4.580376295372844,404,1798,0.7894670050761421,0.75,0.7074257425742574,0.6,1.0,0.6008452452671741,0.2285714285714285,0.2458175892292504,0.1290322580645161,1.0
BERTopic_topic_256,5.0,similarity+interactions,"All (Unweighted Clustering, No Square Clustering)",xgboost,4.580376295372844,404,1798,0.7692893401015228,0.6666666666666666,0.6371327982786249,0.5,1.0,0.5927031418295999,0.3157894736842105,0.2112564785545913,0.1935483870967742,0.8571428571428571
BERTopic_topic_256,5.0,similarity+interactions,"All but Betweenness and Harmonic (Unweighted Clustering, No Square Clustering)",logistic_regression,4.580376295372844,404,1798,0.7847715736040609,0.0,0.590116572657315,0.0,0.0,0.5729503258666959,0.0,0.1624548452645585,0.0,0.0
BERTopic_topic_256,5.0,similarity+interactions,"All but Betweenness and Harmonic (Unweighted Clustering, No Square Clustering)",random_forest,4.580376295372844,404,1798,0.8450507614213199,0.75,0.7134611333473773,0.6,1.0,0.6306752834218742,0.2777777777777778,0.2482684236144212,0.1612903225806451,1.0
BERTopic_topic_256,5.0,similarity+interactions,"All but Betweenness and Harmonic (Unweighted Clustering, No Square Clustering)",xgboost,4.580376295372844,404,1798,0.8375634517766498,0.6666666666666666,0.6206799300205111,0.5,1.0,0.5949120981433813,0.2702702702702703,0.2120624958560336,0.1612903225806451,0.8333333333333334
BERTopic_topic_256,5.0,similarity+interactions,Core Number Only,logistic_regression,4.580376295372844,404,1798,0.5034263959390862,0.0,0.0297960711300334,0.0,0.0,0.5144586231447505,0.0,0.0263942692387346,0.0,0.0
BERTopic_topic_256,5.0,similarity+interactions,Core Number Only,random_forest,4.580376295372844,404,1798,0.8092639593908629,0.0,0.2226105577590725,0.0,0.0,0.5982072767767493,0.0,0.0765862586259332,0.0,0.0
BERTopic_topic_256,5.0,similarity+interactions,Core Number Only,xgboost,4.580376295372844,404,1798,0.802284263959391,0.0,0.2253474279758802,0.0,0.0,0.5910966281468499,0.0,0.0763636213970386,0.0,0.0
BERTopic_topic_256,5.0,similarity+text_similarity,"All (Unweighted Clustering, No Square Clustering)",logistic_regression,4.8522911920154,404,1798,0.7982233502538071,0.0,0.140355539150065,0.0,0.0,0.5634390346313235,0.0,0.0653357206293016,0.0,0.0
BERTopic_topic_256,5.0,similarity+text_similarity,"All (Unweighted Clustering, No Square Clustering)",random_forest,4.8522911920154,404,1798,0.8941624365482235,0.6666666666666666,0.6721463001563314,0.5,1.0,0.6292695839494679,0.3243243243243243,0.2407422734465914,0.1935483870967742,1.0
BERTopic_topic_256,5.0,similarity+text_similarity,"All (Unweighted Clustering, No Square Clustering)",xgboost,4.8522911920154,404,1798,0.9223350253807108,0.5714285714285714,0.6261267525878276,0.4,1.0,0.6518064151012286,0.2702702702702703,0.2337917970137727,0.1612903225806451,0.8333333333333334
BERTopic_topic_256,5.0,similarity+text_similarity,"All but Betweenness and Harmonic (Unweighted Clustering, No Square Clustering)",logistic_regression,4.8522911920154,404,1798,0.797969543147208,0.0,0.2362494124233254,0.0,0.0,0.5531609982291837,0.0,0.0859217770716347,0.0,0.0
BERTopic_topic_256,5.0,similarity+text_similarity,"All but Betweenness and Harmonic (Unweighted Clustering, No Square Clustering)",random_forest,4.8522911920154,404,1798,0.9161167512690356,0.75,0.7365377475247524,0.6,1.0,0.6323730762911441,0.3243243243243243,0.2440439704903846,0.1935483870967742,1.0
BERTopic_topic_256,5.0,similarity+text_similarity,"All but Betweenness and Harmonic (Unweighted Clustering, No Square Clustering)",xgboost,4.8522911920154,404,1798,0.923477157360406,0.5714285714285714,0.6146203447561682,0.4,1.0,0.6514230425178451,0.2222222222222222,0.2389452717464988,0.1290322580645161,0.8
BERTopic_topic_256,5.0,similarity+text_similarity,Core Number Only,logistic_regression,4.8522911920154,404,1798,0.7458121827411167,0.0,0.0725464037586994,0.0,0.0,0.5162476952005404,0.0,0.0310400079927088,0.0,0.0
BERTopic_topic_256,5.0,similarity+text_similarity,Core Number Only,random_forest,4.8522911920154,404,1798,0.8058375634517767,0.0,0.1458878986977038,0.0,0.0,0.6041495518191942,0.0,0.0551655774342111,0.0,0.0
BERTopic_topic_256,5.0,similarity+text_similarity,Core Number Only,xgboost,4.8522911920154,404,1798,0.793274111675127,0.0,0.1588851628311024,0.0,0.0,0.6260200449093598,0.0,0.061920666183651,0.0,0.0
BERTopic_topic_256,5.0,similarity+text_similarity+interactions,"All (Unweighted Clustering, No Square Clustering)",logistic_regression,5.818768068216741,404,1798,0.7941624365482233,0.0,0.1190875200459622,0.0,0.0,0.5830092922211878,0.0,0.0627564362067792,0.0,0.0
BERTopic_topic_256,5.0,similarity+text_similarity+interactions,"All (Unweighted Clustering, No Square Clustering)",random_forest,5.818768068216741,404,1798,0.8970812182741117,0.6666666666666666,0.6996028705037686,0.5,1.0,0.6025065264618362,0.3243243243243243,0.2384299747462581,0.1935483870967742,1.0
BERTopic_topic_256,5.0,similarity+text_similarity+interactions,"All (Unweighted Clustering, No Square Clustering)",xgboost,5.818768068216741,404,1798,0.898984771573604,0.5714285714285714,0.6420894324814861,0.4,1.0,0.6277543494532377,0.2222222222222222,0.2260088911867178,0.1290322580645161,0.8
BERTopic_topic_256,5.0,similarity+text_similarity+interactions,"All but Betweenness and Harmonic (Unweighted Clustering, No Square Clustering)",logistic_regression,5.818768068216741,404,1798,0.7893401015228426,0.0,0.2109002180520199,0.0,0.0,0.550513901820107,0.0,0.0837187457720752,0.0,0.0
BERTopic_topic_256,5.0,similarity+text_similarity+interactions,"All but Betweenness and Harmonic (Unweighted Clustering, No Square Clustering)",random_forest,5.818768068216741,404,1798,0.8968274111675126,0.75,0.7093300862344298,0.6,1.0,0.6327747047118316,0.3243243243243243,0.2483593464615383,0.1935483870967742,1.0
BERTopic_topic_256,5.0,similarity+text_similarity+interactions,"All but Betweenness and Harmonic (Unweighted Clustering, No Square Clustering)",xgboost,5.818768068216741,404,1798,0.8979695431472081,0.5714285714285714,0.6170467925846124,0.4,1.0,0.6410537269291857,0.2222222222222222,0.2271884488291949,0.1290322580645161,0.8
BERTopic_topic_256,5.0,similarity+text_similarity+interactions,Core Number Only,logistic_regression,5.818768068216741,404,1798,0.7392131979695431,0.0,0.072254902835503,0.0,0.0,0.5159373459663728,0.0,0.0306218570538052,0.0,0.0
BERTopic_topic_256,5.0,similarity+text_similarity+interactions,Core Number Only,random_forest,5.818768068216741,404,1798,0.8036802030456852,0.0,0.1384376473361621,0.0,0.0,0.603455830001643,0.0,0.0536090988871252,0.0,0.0
BERTopic_topic_256,5.0,similarity+text_similarity+interactions,Core Number Only,xgboost,5.818768068216741,404,1798,0.792005076142132,0.0,0.1563415895160944,0.0,0.0,0.6255088814648484,0.0,0.0610159749237033,0.0,0.0
BERTopic_topic_256,5.0,text_similarity,"All (Unweighted Clustering, No Square Clustering)",logistic_regression,4.488805251021404,404,1798,0.8073604060913705,0.0,0.1238334438676776,0.0,0.0,0.5751227705058692,0.0,0.0609601370353791,0.0,0.0
BERTopic_topic_256,5.0,text_similarity,"All (Unweighted Clustering, No Square Clustering)",random_forest,4.488805251021404,404,1798,0.8893401015228426,0.6666666666666666,0.6671987266599962,0.5,1.0,0.62413969366705,0.2777777777777778,0.2430313464385429,0.1612903225806451,1.0
BERTopic_topic_256,5.0,text_similarity,"All (Unweighted Clustering, No Square Clustering)",xgboost,4.488805251021404,404,1798,0.9013959390862945,0.5,0.5538440696232131,0.4,0.6666666666666666,0.6050075761724811,0.2285714285714285,0.1906781733438366,0.1290322580645161,1.0
BERTopic_topic_256,5.0,text_similarity,"All but Betweenness and Harmonic (Unweighted Clustering, No Square Clustering)",logistic_regression,4.488805251021404,404,1798,0.7936548223350255,0.0,0.2134417507195395,0.0,0.0,0.5542198367928145,0.0,0.083586879050902,0.0,0.0
BERTopic_topic_256,5.0,text_similarity,"All but Betweenness and Harmonic (Unweighted Clustering, No Square Clustering)",random_forest,4.488805251021404,404,1798,0.8979695431472081,0.6666666666666666,0.6610848033291571,0.5,1.0,0.6005348960330066,0.2777777777777778,0.2279442066352917,0.1612903225806451,1.0
BERTopic_topic_256,5.0,text_similarity,"All but Betweenness and Harmonic (Unweighted Clustering, No Square Clustering)",xgboost,4.488805251021404,404,1798,0.9059644670050762,0.5333333333333333,0.5663148431534947,0.4,0.8,0.6238749840261424,0.2285714285714285,0.2035721030949777,0.1290322580645161,1.0
BERTopic_topic_256,5.0,text_similarity,Core Number Only,logistic_regression,4.488805251021404,404,1798,0.7480964467005076,0.0,0.0729106249305664,0.0,0.0,0.51661281194662,0.0,0.0312279113028067,0.0,0.0
BERTopic_topic_256,5.0,text_similarity,Core Number Only,random_forest,4.488805251021404,404,1798,0.8058375634517767,0.0,0.1458878986977038,0.0,0.0,0.6038574584223305,0.0,0.055150080056755,0.0,0.0
BERTopic_topic_256,5.0,text_similarity,Core Number Only,xgboost,4.488805251021404,404,1798,0.7947969543147207,0.0,0.1589163057772251,0.0,0.0,0.6248699271592092,0.0,0.0618926997400688,0.0,0.0
BERTopic_topic_256,5.0,text_similarity+interactions,"All (Unweighted Clustering, No Square Clustering)",logistic_regression,5.545292035676539,404,1798,0.8083756345177665,0.0,0.1172926121158367,0.0,0.0,0.5854738302572248,0.0,0.0569829267212845,0.0,0.0
BERTopic_topic_256,5.0,text_similarity+interactions,"All (Unweighted Clustering, No Square Clustering)",random_forest,5.545292035676539,404,1798,0.9029187817258884,0.6666666666666666,0.6817609618104667,0.5,1.0,0.5944648301294339,0.2777777777777778,0.2331364751736734,0.1612903225806451,1.0
BERTopic_topic_256,5.0,text_similarity+interactions,"All (Unweighted Clustering, No Square Clustering)",xgboost,5.545292035676539,404,1798,0.8954314720812182,0.5,0.5488668043488524,0.4,0.6666666666666666,0.6238567281888384,0.2285714285714285,0.2120642861148182,0.1290322580645161,1.0
BERTopic_topic_256,5.0,text_similarity+interactions,"All but Betweenness and Harmonic (Unweighted Clustering, No Square Clustering)",logistic_regression,5.545292035676539,404,1798,0.784263959390863,0.0,0.1885690015476415,0.0,0.0,0.5516457637329537,0.0,0.0819706732506069,0.0,0.0
BERTopic_topic_256,5.0,text_similarity+interactions,"All but Betweenness and Harmonic (Unweighted Clustering, No Square Clustering)",random_forest,5.545292035676539,404,1798,0.9019035532994925,0.6666666666666666,0.6728949023880424,0.5,1.0,0.5972032057250305,0.2777777777777778,0.2263905503568481,0.1612903225806451,1.0
BERTopic_topic_256,5.0,text_similarity+interactions,"All but Betweenness and Harmonic (Unweighted Clustering, No Square Clustering)",xgboost,5.545292035676539,404,1798,0.8984771573604062,0.5333333333333333,0.5505411732014633,0.4,0.8,0.615103054201581,0.2285714285714285,0.2050671423479353,0.1290322580645161,1.0
BERTopic_topic_256,5.0,text_similarity+interactions,Core Number Only,logistic_regression,5.545292035676539,404,1798,0.7417512690355329,0.0,0.0726364211911655,0.0,0.0,0.515846066779853,0.0,0.0302517056312805,0.0,0.0
BERTopic_topic_256,5.0,text_similarity+interactions,Core Number Only,random_forest,5.545292035676539,404,1798,0.8036802030456852,0.0,0.1384376473361621,0.0,0.0,0.6033097833032113,0.0,0.053603260785705,0.0,0.0
BERTopic_topic_256,5.0,text_similarity+interactions,Core Number Only,xgboost,5.545292035676539,404,1798,0.7935279187817259,0.0,0.1563727324622171,0.0,0.0,0.6255088814648485,0.0,0.0610159749237033,0.0,0.0
BERTopic_topic_256,10.0,interactions,"All (Unweighted Clustering, No Square Clustering)",logistic_regression,2.4533844962716103,696,1798,0.7519241234548705,0.7333333333333333,0.6218494004775498,0.5789473684210527,1.0,0.614966135421801,0.5238095238095238,0.3896886811087854,0.3548387096774194,1.0
BERTopic_topic_256,10.0,interactions,"All (Unweighted Clustering, No Square Clustering)",random_forest,2.4533844962716103,696,1798,0.9021223664774936,0.7333333333333333,0.691062324756319,0.5789473684210527,1.0,0.7207587125983533,0.4878048780487805,0.4110672017403578,0.3225806451612903,1.0
BERTopic_topic_256,10.0,interactions,"All (Unweighted Clustering, No Square Clustering)",xgboost,2.4533844962716103,696,1798,0.8732022078830755,0.7741935483870968,0.690421713952993,0.631578947368421,1.0,0.6889479160961717,0.5238095238095238,0.4271412799247221,0.3548387096774194,1.0
BERTopic_topic_256,10.0,interactions,"All but Betweenness and Harmonic (Unweighted Clustering, No Square Clustering)",logistic_regression,2.4533844962716103,696,1798,0.7353650003887118,0.48,0.5877777543537094,0.3157894736842105,1.0,0.6194935830731876,0.3243243243243243,0.365724377662508,0.1935483870967742,1.0
BERTopic_topic_256,10.0,interactions,"All but Betweenness and Harmonic (Unweighted Clustering, No Square Clustering)",random_forest,2.4533844962716103,696,1798,0.8770504547928166,0.6896551724137931,0.6614692544984576,0.5263157894736842,1.0,0.7256786607517753,0.4878048780487805,0.412394457932956,0.3225806451612903,1.0
BERTopic_topic_256,10.0,interactions,"All but Betweenness and Harmonic (Unweighted Clustering, No Square Clustering)",xgboost,2.4533844962716103,696,1798,0.8600637487366866,0.7333333333333333,0.6845828839984545,0.5789473684210527,1.0,0.707760556437921,0.5238095238095238,0.4332226248869861,0.3548387096774194,1.0
BERTopic_topic_256,10.0,interactions,Core Number Only,logistic_regression,2.4533844962716103,696,1798,0.7388634066702946,0.0,0.4542058190628906,0.0,0.0,0.6198130602260072,0.1212121212121212,0.280015307658928,0.064516129032258,1.0
BERTopic_topic_256,10.0,interactions,Core Number Only,random_forest,2.4533844962716103,696,1798,0.7583378683044391,0.48,0.4405421347610617,0.3157894736842105,1.0,0.626631615459043,0.3243243243243243,0.2661454737913034,0.1935483870967742,1.0
BERTopic_topic_256,10.0,interactions,Core Number Only,xgboost,2.4533844962716103,696,1798,0.7562776957163959,0.1904761904761904,0.319340356081251,0.1052631578947368,1.0,0.6250342296949449,0.1764705882352941,0.211152743943913,0.0967741935483871,1.0
BERTopic_topic_256,10.0,similarity,"All (Unweighted Clustering, No Square Clustering)",logistic_regression,5.852791429497302,696,1798,0.7830988105418641,0.0,0.1197580131746137,0.0,0.0,0.663873523559158,0.0,0.099453207481113,0.0,0.0
BERTopic_topic_256,10.0,similarity,"All (Unweighted Clustering, No Square Clustering)",random_forest,5.852791429497302,696,1798,0.9206639197698824,0.6896551724137931,0.7649014315856637,0.5263157894736842,1.0,0.7397812950690984,0.5238095238095238,0.4787014317162537,0.3548387096774194,1.0
BERTopic_topic_256,10.0,similarity,"All (Unweighted Clustering, No Square Clustering)",xgboost,5.852791429497302,696,1798,0.9146777579102856,0.7741935483870968,0.7739523254097843,0.631578947368421,1.0,0.7079431148109608,0.4545454545454545,0.4355352013953648,0.3225806451612903,0.7692307692307693
BERTopic_topic_256,10.0,similarity,"All but Betweenness and Harmonic (Unweighted Clustering, No Square Clustering)",logistic_regression,5.852791429497302,696,1798,0.7838762341599937,0.0,0.1181341747821883,0.0,0.0,0.6648958504481808,0.0,0.1291758065819759,0.0,0.0
BERTopic_topic_256,10.0,similarity,"All but Betweenness and Harmonic (Unweighted Clustering, No Square Clustering)",random_forest,5.852791429497302,696,1798,0.9297209049210916,0.7741935483870968,0.7673810821928908,0.631578947368421,1.0,0.7765941909925699,0.5238095238095238,0.4813251730360158,0.3548387096774194,1.0
BERTopic_topic_256,10.0,similarity,"All but Betweenness and Harmonic (Unweighted Clustering, No Square Clustering)",xgboost,5.852791429497302,696,1798,0.920119723237192,0.8125,0.7665605465692474,0.6842105263157895,1.0,0.7057706701717874,0.4651162790697674,0.4297822400289572,0.3225806451612903,0.8333333333333334
BERTopic_topic_256,10.0,similarity,Core Number Only,logistic_regression,5.852791429497302,696,1798,0.7583378683044391,0.0,0.0711966727164462,0.0,0.0,0.6350840681307848,0.0,0.0519933274009802,0.0,0.0
BERTopic_topic_256,10.0,similarity,Core Number Only,random_forest,5.852791429497302,696,1798,0.8291611599160383,0.7567567567567568,0.5115698729582576,0.7368421052631579,0.7777777777777778,0.685470179089764,0.5714285714285714,0.3211645831016182,0.4516129032258064,0.7777777777777778
BERTopic_topic_256,10.0,similarity,Core Number Only,xgboost,5.852791429497302,696,1798,0.8057995801912462,0.7567567567567568,0.5135805267273239,0.7368421052631579,0.7777777777777778,0.686209540500575,0.5714285714285714,0.3216594475375655,0.4516129032258064,0.7777777777777778
BERTopic_topic_256,10.0,similarity+interactions,"All (Unweighted Clustering, No Square Clustering)",logistic_regression,7.344947354868054,696,1798,0.7614864339578636,0.0,0.1820381448761298,0.0,0.0,0.6484108293626887,0.0,0.1832541209550059,0.0,0.0
BERTopic_topic_256,10.0,similarity+interactions,"All (Unweighted Clustering, No Square Clustering)",random_forest,7.344947354868054,696,1798,0.916193733965638,0.7741935483870968,0.7748500599412573,0.631578947368421,1.0,0.7489639812329993,0.5581395348837209,0.4731910115807157,0.3870967741935484,1.0
BERTopic_topic_256,10.0,similarity+interactions,"All (Unweighted Clustering, No Square Clustering)",xgboost,7.344947354868054,696,1798,0.8938816761253205,0.6875,0.7357943532769464,0.5789473684210527,0.8461538461538461,0.7034156671595743,0.4888888888888889,0.4364049274624305,0.3548387096774194,0.7857142857142857
BERTopic_topic_256,10.0,similarity+interactions,"All but Betweenness and Harmonic (Unweighted Clustering, No Square Clustering)",logistic_regression,7.344947354868054,696,1798,0.7573660887817772,0.0,0.2118661150171207,0.0,0.0,0.6502911806049985,0.0,0.2051175710673905,0.0,0.0
BERTopic_topic_256,10.0,similarity+interactions,"All but Betweenness and Harmonic (Unweighted Clustering, No Square Clustering)",random_forest,7.344947354868054,696,1798,0.9340744771826168,0.7333333333333333,0.7669294445953889,0.5789473684210527,1.0,0.7826825127334465,0.5581395348837209,0.4884675171204863,0.3870967741935484,1.0
BERTopic_topic_256,10.0,similarity+interactions,"All but Betweenness and Harmonic (Unweighted Clustering, No Square Clustering)",xgboost,7.344947354868054,696,1798,0.8987017025577236,0.6470588235294118,0.7151982807148565,0.5789473684210527,0.7333333333333333,0.7067929970608102,0.4888888888888889,0.4290891696612765,0.3548387096774194,0.7857142857142857
BERTopic_topic_256,10.0,similarity+interactions,Core Number Only,logistic_regression,7.344947354868054,696,1798,0.7550726891082951,0.0,0.0699151213903708,0.0,0.0,0.6343629625572778,0.0,0.0512222915363214,0.0,0.0
BERTopic_topic_256,10.0,similarity+interactions,Core Number Only,random_forest,7.344947354868054,696,1798,0.8284226074788152,0.7368421052631579,0.4978695036138439,0.7368421052631579,0.7368421052631579,0.6835898278474543,0.56,0.3141732918010314,0.4516129032258064,0.7368421052631579
BERTopic_topic_256,10.0,similarity+interactions,Core Number Only,xgboost,7.344947354868054,696,1798,0.8024955298141957,0.7368421052631579,0.4997336713964342,0.7368421052631579,0.7368421052631579,0.682074593351224,0.56,0.3189163591983591,0.4516129032258064,0.7368421052631579
BERTopic_topic_256,10.0,similarity+text_similarity,"All (Unweighted Clustering, No Square Clustering)",logistic_regression,8.426565846020821,696,1798,0.8560211459224132,0.0,0.3109761886401525,0.0,0.0,0.6851963415302043,0.0,0.2274909971348686,0.0,0.0
BERTopic_topic_256,10.0,similarity+text_similarity,"All (Unweighted Clustering, No Square Clustering)",random_forest,8.426565846020821,696,1798,0.9330638264790484,0.7878787878787878,0.8569639275138845,0.6842105263157895,0.9285714285714286,0.7903773481570733,0.5777777777777777,0.5272167487255967,0.4193548387096774,0.9285714285714286
BERTopic_topic_256,10.0,similarity+text_similarity,"All (Unweighted Clustering, No Square Clustering)",xgboost,8.426565846020821,696,1798,0.9585633211536968,0.7878787878787878,0.8281510133479196,0.6842105263157895,0.9285714285714286,0.7888529857421911,0.6222222222222222,0.5272860434695092,0.4516129032258064,1.0
BERTopic_topic_256,10.0,similarity+text_similarity,"All but Betweenness and Harmonic (Unweighted Clustering, No Square Clustering)",logistic_regression,8.426565846020821,696,1798,0.88385291145145,0.0,0.4195687754745454,0.0,0.0,0.7240630191503733,0.0,0.2407115534157973,0.0,0.0
BERTopic_topic_256,10.0,similarity+text_similarity,"All but Betweenness and Harmonic (Unweighted Clustering, No Square Clustering)",random_forest,8.426565846020821,696,1798,0.9357459379615952,0.8235294117647058,0.8671146807180222,0.7368421052631579,0.9333333333333332,0.7639520236595652,0.5777777777777777,0.5323481386915183,0.4193548387096774,0.9285714285714286
BERTopic_topic_256,10.0,similarity+text_similarity,"All but Betweenness and Harmonic (Unweighted Clustering, No Square Clustering)",xgboost,8.426565846020821,696,1798,0.9521884474850344,0.8235294117647058,0.8336072471572152,0.7368421052631579,0.9333333333333332,0.7762199463278383,0.6382978723404256,0.5110732133473685,0.4838709677419355,0.9375
BERTopic_topic_256,10.0,similarity+text_similarity,Core Number Only,logistic_regression,8.426565846020821,696,1798,0.8468475472284848,0.0,0.204565380403537,0.0,0.0,0.6525914161052997,0.0,0.1279769252509647,0.0,0.0
BERTopic_topic_256,10.0,similarity+text_similarity,Core Number Only,random_forest,8.426565846020821,696,1798,0.8133794604680089,0.0,0.1868039066591106,0.0,0.0,0.6880898917428848,0.0,0.1249402877357745,0.0,0.0
BERTopic_topic_256,10.0,similarity+text_similarity,Core Number Only,xgboost,8.426565846020821,696,1798,0.7910674026276918,0.0,0.1938519042812222,0.0,0.0,0.6884550084889643,0.0,0.1252234496428273,0.0,0.0
BERTopic_topic_256,10.0,similarity+text_similarity+interactions,"All (Unweighted Clustering, No Square Clustering)",logistic_regression,10.83063428942114,696,1798,0.8437378527559667,0.0,0.2836964241937241,0.0,0.0,0.682165872537744,0.0,0.2331895155271535,0.0,0.0
BERTopic_topic_256,10.0,similarity+text_similarity+interactions,"All (Unweighted Clustering, No Square Clustering)",random_forest,10.83063428942114,696,1798,0.9304594573583146,0.8,0.8327176572591608,0.7368421052631579,0.875,0.7415886229621922,0.5777777777777777,0.5061100582793853,0.4193548387096774,0.9285714285714286
BERTopic_topic_256,10.0,similarity+text_similarity+interactions,"All (Unweighted Clustering, No Square Clustering)",xgboost,10.83063428942114,696,1798,0.9591075176863872,0.8235294117647058,0.8336441984545754,0.7368421052631579,0.9333333333333332,0.7697573799222301,0.5454545454545454,0.5002192706096681,0.3870967741935484,0.9230769230769232
BERTopic_topic_256,10.0,similarity+text_similarity+interactions,"All but Betweenness and Harmonic (Unweighted Clustering, No Square Clustering)",logistic_regression,10.83063428942114,696,1798,0.8786441732099822,0.0,0.3932514131989509,0.0,0.0,0.7166328933676542,0.0,0.2331984496832222,0.0,0.0
BERTopic_topic_256,10.0,similarity+text_similarity+interactions,"All but Betweenness and Harmonic (Unweighted Clustering, No Square Clustering)",random_forest,10.83063428942114,696,1798,0.9347352872580268,0.8,0.852480833026899,0.7368421052631579,0.875,0.7697026124103181,0.5581395348837209,0.5188778364886881,0.3870967741935484,1.0
BERTopic_topic_256,10.0,similarity+text_similarity+interactions,"All but Betweenness and Harmonic (Unweighted Clustering, No Square Clustering)",xgboost,10.83063428942114,696,1798,0.9652491642696104,0.8235294117647058,0.8294940024142219,0.7368421052631579,0.9333333333333332,0.782280884312759,0.5909090909090909,0.5092060837274709,0.4193548387096774,1.0
BERTopic_topic_256,10.0,similarity+text_similarity+interactions,Core Number Only,logistic_regression,10.83063428942114,696,1798,0.8465365777812329,0.0,0.2045244311724537,0.0,0.0,0.6524636252441718,0.0,0.1279519562679613,0.0,0.0
BERTopic_topic_256,10.0,similarity+text_similarity+interactions,Core Number Only,random_forest,10.83063428942114,696,1798,0.8135738163725414,0.0,0.1868039066591106,0.0,0.0,0.6880898917428848,0.0,0.1249402877357744,0.0,0.0
BERTopic_topic_256,10.0,similarity+text_similarity+interactions,Core Number Only,xgboost,10.83063428942114,696,1798,0.7920003109694472,0.0,0.1939010766339865,0.0,0.0,0.6872957628201617,0.0,0.125196941350561,0.0,0.0
BERTopic_topic_256,10.0,text_similarity,"All (Unweighted Clustering, No Square Clustering)",logistic_regression,8.26688903698232,696,1798,0.8479359402938661,0.0,0.2978820197952173,0.0,0.0,0.6774376106760137,0.0,0.2289008353431331,0.0,0.0
BERTopic_topic_256,10.0,text_similarity,"All (Unweighted Clustering, No Square Clustering)",random_forest,8.26688903698232,696,1798,0.9582912228873512,0.75,0.8295507617631772,0.631578947368421,0.9230769230769232,0.7899209522244739,0.5581395348837209,0.5053351326010949,0.3870967741935484,1.0
BERTopic_topic_256,10.0,text_similarity,"All (Unweighted Clustering, No Square Clustering)",xgboost,8.26688903698232,696,1798,0.9647049677369198,0.7333333333333333,0.79828379020312,0.5789473684210527,1.0,0.7696661007357102,0.5238095238095238,0.4853517939608029,0.3548387096774194,1.0
BERTopic_topic_256,10.0,text_similarity,"All but Betweenness and Harmonic (Unweighted Clustering, No Square Clustering)",logistic_regression,8.26688903698232,696,1798,0.8767783565264712,0.0,0.3811326865367598,0.0,0.0,0.730215236321814,0.0,0.239596260552056,0.0,0.0
BERTopic_topic_256,10.0,text_similarity,"All but Betweenness and Harmonic (Unweighted Clustering, No Square Clustering)",random_forest,8.26688903698232,696,1798,0.9324807587654514,0.75,0.806827533533917,0.631578947368421,0.9230769230769232,0.7947587491100281,0.5581395348837209,0.5079738776413739,0.3870967741935484,1.0
BERTopic_topic_256,10.0,text_similarity,"All but Betweenness and Harmonic (Unweighted Clustering, No Square Clustering)",xgboost,8.26688903698232,696,1798,0.9659488455259272,0.7333333333333333,0.7892404876880118,0.5789473684210527,1.0,0.7609580663417128,0.5116279069767442,0.4779389648413845,0.3548387096774194,0.9166666666666666
BERTopic_topic_256,10.0,text_similarity,Core Number Only,logistic_regression,8.26688903698232,696,1798,0.8474694861229884,0.0,0.2052298930998162,0.0,0.0,0.652372346057652,0.0,0.1279483277379333,0.0,0.0
BERTopic_topic_256,10.0,text_similarity,Core Number Only,random_forest,8.26688903698232,696,1798,0.8133794604680089,0.0,0.1868039066591106,0.0,0.0,0.6889479160961718,0.0,0.1249616696323662,0.0,0.0
BERTopic_topic_256,10.0,text_similarity,Core Number Only,xgboost,8.26688903698232,696,1798,0.7874135116224831,0.0,0.193705152812575,0.0,0.0,0.6874144257626377,0.0,0.125147685147036,0.0,0.0
BERTopic_topic_256,10.0,text_similarity+interactions,"All (Unweighted Clustering, No Square Clustering)",logistic_regression,11.078338920138776,696,1798,0.8291222887351317,0.0,0.2592190714733217,0.0,0.0,0.6945250743925371,0.0,0.2139535670078801,0.0,0.0
BERTopic_topic_256,10.0,text_similarity+interactions,"All (Unweighted Clustering, No Square Clustering)",random_forest,11.078338920138776,696,1798,0.9507890849724014,0.75,0.7935189035829181,0.631578947368421,0.9230769230769232,0.7717290103510599,0.5581395348837209,0.4890808401296104,0.3870967741935484,1.0
BERTopic_topic_256,10.0,text_similarity+interactions,"All (Unweighted Clustering, No Square Clustering)",xgboost,11.078338920138776,696,1798,0.967425950400373,0.7272727272727273,0.7764691893036252,0.631578947368421,0.8571428571428571,0.7488727020464794,0.5,0.455792358700586,0.3548387096774194,0.8461538461538461
BERTopic_topic_256,10.0,text_similarity+interactions,"All but Betweenness and Harmonic (Unweighted Clustering, No Square Clustering)",logistic_regression,11.078338920138776,696,1798,0.8715696182850037,0.0,0.3642084252510589,0.0,0.0,0.7159939390620149,0.0,0.2310338283998357,0.0,0.0
BERTopic_topic_256,10.0,text_similarity+interactions,"All but Betweenness and Harmonic (Unweighted Clustering, No Square Clustering)",random_forest,11.078338920138776,696,1798,0.9317422063282282,0.7272727272727273,0.8059584498946086,0.631578947368421,0.8571428571428571,0.7632309180860579,0.5581395348837209,0.501621574908165,0.3870967741935484,1.0
BERTopic_topic_256,10.0,text_similarity+interactions,"All but Betweenness and Harmonic (Unweighted Clustering, No Square Clustering)",xgboost,11.078338920138776,696,1798,0.9652491642696104,0.7272727272727273,0.7647937589347457,0.631578947368421,0.8571428571428571,0.750880844149917,0.4878048780487805,0.4482050765920791,0.3225806451612903,1.0
BERTopic_topic_256,10.0,text_similarity+interactions,Core Number Only,logistic_regression,11.078338920138776,696,1798,0.8471585166757367,0.0,0.2051889174548165,0.0,0.0,0.6525183927560837,0.0,0.1280243458943167,0.0,0.0
BERTopic_topic_256,10.0,text_similarity+interactions,Core Number Only,random_forest,11.078338920138776,696,1798,0.8135738163725414,0.0,0.1868039066591106,0.0,0.0,0.6880168683936689,0.0,0.1249402877357745,0.0,0.0
BERTopic_topic_256,10.0,text_similarity+interactions,Core Number Only,xgboost,11.078338920138776,696,1798,0.7872580268988572,0.0,0.1936784319248396,0.0,0.0,0.6873505303320737,0.0,0.1251516249225536,0.0,0.0
BERTopic_topic_256,20.0,interactions,"All (Unweighted Clustering, No Square Clustering)",logistic_regression,2.600753833539784,1128,1798,0.6968599033816424,0.4705882352941176,0.4840965069247838,0.3333333333333333,0.8,0.6136608430545667,0.5116279069767442,0.3558957597926447,0.3548387096774194,0.9166666666666666
BERTopic_topic_256,20.0,interactions,"All (Unweighted Clustering, No Square Clustering)",random_forest,2.600753833539784,1128,1798,0.8375226449275364,0.5882352941176471,0.5687278795454989,0.4166666666666667,1.0,0.7919199664092593,0.5116279069767442,0.4526673941073972,0.3548387096774194,0.9166666666666666
BERTopic_topic_256,20.0,interactions,"All (Unweighted Clustering, No Square Clustering)",xgboost,2.600753833539784,1128,1798,0.8365413647342994,0.5945945945945946,0.6207290266091499,0.4583333333333333,0.8461538461538461,0.7463351406612264,0.4651162790697674,0.4566567659447134,0.3225806451612903,0.8333333333333334
BERTopic_topic_256,20.0,interactions,"All but Betweenness and Harmonic (Unweighted Clustering, No Square Clustering)",logistic_regression,2.600753833539784,1128,1798,0.7162967995169082,0.2857142857142857,0.4267073392956105,0.1666666666666666,1.0,0.6408985523121018,0.1714285714285714,0.3135403711440083,0.0967741935483871,0.75
BERTopic_topic_256,20.0,interactions,"All but Betweenness and Harmonic (Unweighted Clustering, No Square Clustering)",random_forest,2.600753833539784,1128,1798,0.8456182065217391,0.5882352941176471,0.5765287346442272,0.4166666666666667,1.0,0.752551253263231,0.5454545454545454,0.4450401238256026,0.3870967741935484,0.9230769230769232
BERTopic_topic_256,20.0,interactions,"All but Betweenness and Harmonic (Unweighted Clustering, No Square Clustering)",xgboost,2.600753833539784,1128,1798,0.8347486413043479,0.631578947368421,0.6202707370567031,0.5,0.8571428571428571,0.7474213629808131,0.4761904761904761,0.4725542110304091,0.3225806451612903,0.9090909090909092
BERTopic_topic_256,20.0,interactions,Core Number Only,logistic_regression,2.600753833539784,1128,1798,0.6861601751207729,0.0,0.2048121984272471,0.0,0.0,0.6172389871661463,0.0,0.1246321149268893,0.0,0.0
BERTopic_topic_256,20.0,interactions,Core Number Only,random_forest,2.600753833539784,1128,1798,0.6906891606280192,0.0,0.1835507807104109,0.0,0.0,0.6258192306990158,0.0512820512820512,0.1313477617177266,0.032258064516129,0.125
BERTopic_topic_256,20.0,interactions,Core Number Only,xgboost,2.600753833539784,1128,1798,0.6888775664251208,0.0,0.183535538647613,0.0,0.0,0.621711667305621,0.0512820512820512,0.1312076904780697,0.032258064516129,0.125
BERTopic_topic_256,20.0,similarity,"All (Unweighted Clustering, No Square Clustering)",logistic_regression,9.439737695269288,1128,1798,0.856695350241546,0.0,0.2192776682664418,0.0,0.0,0.7902678131332493,0.0,0.1865354555767651,0.0,0.0
BERTopic_topic_256,20.0,similarity,"All (Unweighted Clustering, No Square Clustering)",random_forest,9.439737695269288,1128,1798,0.8862658514492753,0.7368421052631579,0.6949194504347279,0.5833333333333334,1.0,0.8268981506836811,0.5777777777777777,0.5304147670856655,0.4193548387096774,0.9285714285714286
BERTopic_topic_256,20.0,similarity,"All (Unweighted Clustering, No Square Clustering)",xgboost,9.439737695269288,1128,1798,0.891040157004831,0.6829268292682927,0.6829821009006907,0.5833333333333334,0.8235294117647058,0.7977709622651843,0.6274509803921569,0.5200042851248894,0.5161290322580645,0.8
BERTopic_topic_256,20.0,similarity,"All but Betweenness and Harmonic (Unweighted Clustering, No Square Clustering)",logistic_regression,9.439737695269288,1128,1798,0.8578653381642513,0.0,0.22085058830963,0.0,0.0,0.7904686273435931,0.0,0.1807503547373972,0.0,0.0
BERTopic_topic_256,20.0,similarity,"All but Betweenness and Harmonic (Unweighted Clustering, No Square Clustering)",random_forest,9.439737695269288,1128,1798,0.9294421799516908,0.7368421052631579,0.7003243375734469,0.5833333333333334,1.0,0.8061047519944502,0.6086956521739131,0.535231221728014,0.4516129032258064,0.9333333333333332
BERTopic_topic_256,20.0,similarity,"All but Betweenness and Harmonic (Unweighted Clustering, No Square Clustering)",xgboost,9.439737695269288,1128,1798,0.8855298913043479,0.7619047619047619,0.6842347892854842,0.6666666666666666,0.8888888888888888,0.7733172681965059,0.6274509803921569,0.5201996660048753,0.5161290322580645,0.8
BERTopic_topic_256,20.0,similarity,Core Number Only,logistic_regression,9.439737695269288,1128,1798,0.7495659722222223,0.0,0.058840925539249,0.0,0.0,0.6774102269200576,0.0,0.0499288358393081,0.0,0.0
BERTopic_topic_256,20.0,similarity,Core Number Only,random_forest,9.439737695269288,1128,1798,0.8815292874396135,0.6808510638297872,0.4295300471205598,0.6666666666666666,0.6956521739130435,0.7874837979443927,0.5925925925925926,0.3156573432086446,0.5161290322580645,0.6956521739130435
BERTopic_topic_256,20.0,similarity,Core Number Only,xgboost,9.439737695269288,1128,1798,0.8990224939613526,0.6808510638297872,0.4426335704052742,0.6666666666666666,0.6956521739130435,0.8089161509392628,0.5925925925925926,0.3146964772602536,0.5161290322580645,0.6956521739130435
BERTopic_topic_256,20.0,similarity+interactions,"All (Unweighted Clustering, No Square Clustering)",logistic_regression,12.002445097081363,1128,1798,0.800233997584541,0.0,0.1484142766398529,0.0,0.0,0.7563484674224583,0.0,0.1045721756227449,0.0,0.0
BERTopic_topic_256,20.0,similarity+interactions,"All (Unweighted Clustering, No Square Clustering)",random_forest,12.002445097081363,1128,1798,0.8644701086956522,0.6666666666666666,0.6778986049139764,0.5,1.0,0.7986107307811672,0.5581395348837209,0.5527295499303542,0.3870967741935484,1.0
BERTopic_topic_256,20.0,similarity+interactions,"All (Unweighted Clustering, No Square Clustering)",xgboost,12.002445097081363,1128,1798,0.8148399758454107,0.6842105263157895,0.6934736386156659,0.5416666666666666,0.9285714285714286,0.7776712853935046,0.6086956521739131,0.5298271012369071,0.4516129032258064,0.9333333333333332
BERTopic_topic_256,20.0,similarity+interactions,"All but Betweenness and Harmonic (Unweighted Clustering, No Square Clustering)",logistic_regression,12.002445097081363,1128,1798,0.7903834541062802,0.0,0.1390102431350484,0.0,0.0,0.730169596728554,0.0,0.0889129981940717,0.0,0.0
BERTopic_topic_256,20.0,similarity+interactions,"All but Betweenness and Harmonic (Unweighted Clustering, No Square Clustering)",random_forest,12.002445097081363,1128,1798,0.8961163949275361,0.6666666666666666,0.7070581469329629,0.5,1.0,0.8008561987695565,0.5581395348837209,0.5551090418507307,0.3870967741935484,1.0
BERTopic_topic_256,20.0,similarity+interactions,"All but Betweenness and Harmonic (Unweighted Clustering, No Square Clustering)",xgboost,12.002445097081363,1128,1798,0.8420138888888888,0.75,0.694716641271751,0.625,0.9375,0.7719663362360115,0.5777777777777777,0.5146692238452397,0.4193548387096774,0.9285714285714286
BERTopic_topic_256,20.0,similarity+interactions,Core Number Only,logistic_regression,12.002445097081363,1128,1798,0.7467353562801933,0.0,0.0578827082104397,0.0,0.0,0.6761870858206911,0.0,0.0493563247991136,0.0,0.0
BERTopic_topic_256,20.0,similarity+interactions,Core Number Only,random_forest,12.002445097081363,1128,1798,0.8814915458937199,0.6666666666666666,0.4240333574801135,0.6666666666666666,0.6666666666666666,0.7874837979443927,0.5818181818181818,0.3010397065954762,0.5161290322580645,0.6666666666666666
BERTopic_topic_256,20.0,similarity+interactions,Core Number Only,xgboost,12.002445097081363,1128,1798,0.8947199577294686,0.6666666666666666,0.4284350685821311,0.6666666666666666,0.6666666666666666,0.8029282363035581,0.5818181818181818,0.2999115158816897,0.5161290322580645,0.6666666666666666
BERTopic_topic_256,20.0,similarity+text_similarity,"All (Unweighted Clustering, No Square Clustering)",logistic_regression,18.842439383995952,1128,1798,0.830691425120773,0.0,0.218883886105073,0.0,0.0,0.7075323584716213,0.0,0.1863381425728937,0.0,0.0
BERTopic_topic_256,20.0,similarity+text_similarity,"All (Unweighted Clustering, No Square Clustering)",random_forest,18.842439383995952,1128,1798,0.9408589975845412,0.717948717948718,0.7705598443959992,0.5833333333333334,0.9333333333333332,0.8566460375705132,0.6222222222222222,0.6070529563589548,0.4516129032258064,1.0
BERTopic_topic_256,20.0,similarity+text_similarity,"All (Unweighted Clustering, No Square Clustering)",xgboost,18.842439383995952,1128,1798,0.944255736714976,0.6666666666666666,0.7555740652155505,0.5416666666666666,0.8666666666666667,0.8263961151578217,0.6086956521739131,0.5543462871148775,0.4516129032258064,0.9333333333333332
BERTopic_topic_256,20.0,similarity+text_similarity,"All but Betweenness and Harmonic (Unweighted Clustering, No Square Clustering)",logistic_regression,18.842439383995952,1128,1798,0.8682065217391304,0.0,0.3332247894239849,0.0,0.0,0.748334154846012,0.0,0.2337614667147851,0.0,0.0
BERTopic_topic_256,20.0,similarity+text_similarity,"All but Betweenness and Harmonic (Unweighted Clustering, No Square Clustering)",random_forest,18.842439383995952,1128,1798,0.9196105072463768,0.717948717948718,0.7795274753902623,0.5833333333333334,0.9333333333333332,0.8382441535681034,0.6222222222222222,0.6027831053706725,0.4516129032258064,1.0
BERTopic_topic_256,20.0,similarity+text_similarity,"All but Betweenness and Harmonic (Unweighted Clustering, No Square Clustering)",xgboost,18.842439383995952,1128,1798,0.9278759057971014,0.6829268292682927,0.7350469801961657,0.5833333333333334,0.8235294117647058,0.8325665881665663,0.6086956521739131,0.5745792897779983,0.4516129032258064,0.9333333333333332
BERTopic_topic_256,20.0,similarity+text_similarity,Core Number Only,logistic_regression,18.842439383995952,1128,1798,0.7895908816425121,0.0,0.1551437665369867,0.0,0.0,0.6870858206911661,0.0,0.0992003118999257,0.0,0.0
BERTopic_topic_256,20.0,similarity+text_similarity,Core Number Only,random_forest,18.842439383995952,1128,1798,0.8491470410628019,0.0,0.1519285627809528,0.0,0.0,0.7575624806031729,0.0,0.1205475417403632,0.0,0.0
BERTopic_topic_256,20.0,similarity+text_similarity,Core Number Only,xgboost,18.842439383995952,1128,1798,0.8645267210144928,0.0,0.1558413012081642,0.0,0.0,0.7527246837176188,0.0,0.1205215377392934,0.0,0.0
BERTopic_topic_256,20.0,similarity+text_similarity+interactions,"All (Unweighted Clustering, No Square Clustering)",logistic_regression,20.25688701774925,1128,1798,0.8081974637681159,0.0,0.1764918222201487,0.0,0.0,0.7050678204355842,0.0,0.2085266397607087,0.0,0.0
BERTopic_topic_256,20.0,similarity+text_similarity+interactions,"All (Unweighted Clustering, No Square Clustering)",random_forest,20.25688701774925,1128,1798,0.9303291062801932,0.717948717948718,0.7136800478535735,0.5833333333333334,0.9333333333333332,0.8267429760665974,0.5909090909090909,0.5729679754899086,0.4193548387096774,1.0
BERTopic_topic_256,20.0,similarity+text_similarity+interactions,"All (Unweighted Clustering, No Square Clustering)",xgboost,20.25688701774925,1128,1798,0.9220259661835748,0.7142857142857143,0.6977096506423582,0.625,0.8333333333333334,0.8082680687149716,0.5652173913043478,0.5340795228986749,0.4193548387096774,0.8666666666666667
BERTopic_topic_256,20.0,similarity+text_similarity+interactions,"All but Betweenness and Harmonic (Unweighted Clustering, No Square Clustering)",logistic_regression,20.25688701774925,1128,1798,0.852770229468599,0.0,0.331834139908489,0.0,0.0,0.7423097285356993,0.0,0.2304021721800017,0.0,0.0
BERTopic_topic_256,20.0,similarity+text_similarity+interactions,"All but Betweenness and Harmonic (Unweighted Clustering, No Square Clustering)",random_forest,20.25688701774925,1128,1798,0.8907759661835749,0.717948717948718,0.7278387043945808,0.5833333333333334,0.9333333333333332,0.8478375960713438,0.6521739130434783,0.5701049554740675,0.4838709677419355,1.0
BERTopic_topic_256,20.0,similarity+text_similarity+interactions,"All but Betweenness and Harmonic (Unweighted Clustering, No Square Clustering)",xgboost,20.25688701774925,1128,1798,0.9213088768115942,0.6666666666666666,0.7018789187007471,0.5416666666666666,0.8666666666666667,0.8064242291472699,0.5957446808510638,0.5439727353994461,0.4516129032258064,0.875
BERTopic_topic_256,20.0,similarity+text_similarity+interactions,Core Number Only,logistic_regression,20.25688701774925,1128,1798,0.7891191123188406,0.0,0.1551230129867688,0.0,0.0,0.6879621008817569,0.0,0.0993998150490534,0.0,0.0
BERTopic_topic_256,20.0,similarity+text_similarity+interactions,Core Number Only,random_forest,20.25688701774925,1128,1798,0.8483544685990339,0.0,0.1515901945032442,0.0,0.0,0.7572703872063092,0.0,0.1204701112456395,0.0,0.0
BERTopic_topic_256,20.0,similarity+text_similarity+interactions,Core Number Only,xgboost,20.25688701774925,1128,1798,0.8648286533816425,0.0,0.1557706388517881,0.0,0.0,0.7507621812074411,0.0,0.1195389387076378,0.0,0.0
BERTopic_topic_256,20.0,text_similarity,"All (Unweighted Clustering, No Square Clustering)",logistic_regression,19.700057444017148,1128,1798,0.8222373188405797,0.0,0.2126210995880751,0.0,0.0,0.6988243240776237,0.0,0.1801488462343008,0.0,0.0
BERTopic_topic_256,20.0,text_similarity,"All (Unweighted Clustering, No Square Clustering)",random_forest,19.700057444017148,1128,1798,0.9321784420289856,0.6666666666666666,0.7166335594619615,0.5416666666666666,0.8666666666666667,0.8450718367197911,0.6222222222222222,0.5641140915801608,0.4516129032258064,1.0
BERTopic_topic_256,20.0,text_similarity,"All (Unweighted Clustering, No Square Clustering)",xgboost,19.700057444017148,1128,1798,0.9398022342995168,0.6666666666666666,0.6410928682703864,0.5833333333333334,0.7777777777777778,0.8210654106650601,0.625,0.5284605704724201,0.4838709677419355,0.8823529411764706
BERTopic_topic_256,20.0,text_similarity,"All but Betweenness and Harmonic (Unweighted Clustering, No Square Clustering)",logistic_regression,19.700057444017148,1128,1798,0.8569595410628019,0.0,0.3209144716909805,0.0,0.0,0.7503057852748416,0.0,0.2179184501104686,0.0,0.0
BERTopic_topic_256,20.0,text_similarity,"All but Betweenness and Harmonic (Unweighted Clustering, No Square Clustering)",random_forest,19.700057444017148,1128,1798,0.9186292270531402,0.7,0.7398246202213693,0.5833333333333334,0.875,0.8331599028789456,0.6521739130434783,0.5633928958807449,0.4838709677419355,1.0
BERTopic_topic_256,20.0,text_similarity,"All but Betweenness and Harmonic (Unweighted Clustering, No Square Clustering)",xgboost,19.700057444017148,1128,1798,0.9271022041062804,0.5714285714285714,0.6242454863571351,0.5,0.6666666666666666,0.8193493619584862,0.5777777777777777,0.5352897309827906,0.4193548387096774,0.9285714285714286
BERTopic_topic_256,20.0,text_similarity,Core Number Only,logistic_regression,19.700057444017148,1128,1798,0.7868734903381642,0.0,0.1550773828428776,0.0,0.0,0.6875330887051135,0.0,0.1006912950331405,0.0,0.0
BERTopic_topic_256,20.0,text_similarity,Core Number Only,random_forest,19.700057444017148,1128,1798,0.8617904589371981,0.0,0.1589159872757164,0.0,0.0,0.7634043485404458,0.0,0.1211265611775874,0.0,0.0
BERTopic_topic_256,20.0,text_similarity,Core Number Only,xgboost,19.700057444017148,1128,1798,0.8832087862318841,0.0,0.1633809029282239,0.0,0.0,0.7581284115595962,0.0,0.1220766724170952,0.0,0.0
BERTopic_topic_256,20.0,text_similarity+interactions,"All (Unweighted Clustering, No Square Clustering)",logistic_regression,21.542846641503274,1128,1798,0.8130283816425119,0.0,0.2192147331171163,0.0,0.0,0.7119867827737919,0.0,0.1906624395628871,0.0,0.0
BERTopic_topic_256,20.0,text_similarity+interactions,"All (Unweighted Clustering, No Square Clustering)",random_forest,21.542846641503274,1128,1798,0.9281400966183574,0.6666666666666666,0.7032012804865795,0.5416666666666666,0.8666666666666667,0.8302937364222209,0.6222222222222222,0.5689593801217919,0.4516129032258064,1.0
BERTopic_topic_256,20.0,text_similarity+interactions,"All (Unweighted Clustering, No Square Clustering)",xgboost,21.542846641503274,1128,1798,0.92806461352657,0.6341463414634146,0.6488062456105296,0.5416666666666666,0.7647058823529411,0.8066980667068295,0.6382978723404256,0.5314616758415226,0.4838709677419355,0.9375
BERTopic_topic_256,20.0,text_similarity+interactions,"All but Betweenness and Harmonic (Unweighted Clustering, No Square Clustering)",logistic_regression,21.542846641503274,1128,1798,0.8441274154589372,0.0,0.3160581729090265,0.0,0.0,0.74176205341658,0.0,0.2219006004847188,0.0,0.0
BERTopic_topic_256,20.0,text_similarity+interactions,"All but Betweenness and Harmonic (Unweighted Clustering, No Square Clustering)",random_forest,21.542846641503274,1128,1798,0.8873037439613527,0.6829268292682927,0.685538051624887,0.5833333333333334,0.8235294117647058,0.8069810321850412,0.6222222222222222,0.5528613982078436,0.4516129032258064,1.0
BERTopic_topic_256,20.0,text_similarity+interactions,"All but Betweenness and Harmonic (Unweighted Clustering, No Square Clustering)",xgboost,21.542846641503274,1128,1798,0.9184027777777778,0.6190476190476191,0.6548772297495488,0.5416666666666666,0.7222222222222222,0.795552878032751,0.6521739130434783,0.5292905015384991,0.4838709677419355,1.0
BERTopic_topic_256,20.0,text_similarity+interactions,Core Number Only,logistic_regression,21.542846641503274,1128,1798,0.7864017210144927,0.0,0.1550583099489242,0.0,0.0,0.6872592511455539,0.0,0.1006713347293866,0.0,0.0
BERTopic_topic_256,20.0,text_similarity+interactions,Core Number Only,random_forest,21.542846641503274,1128,1798,0.8599788647342996,0.0,0.1573983658897683,0.0,0.0,0.7635047556456177,0.0,0.1206948260911603,0.0,0.0
BERTopic_topic_256,20.0,text_similarity+interactions,Core Number Only,xgboost,21.542846641503274,1128,1798,0.8799064009661836,0.0,0.1618495769065972,0.0,0.0,0.7564762582835862,0.0,0.1202723883698867,0.0,0.0
BERTopic_topic_256,50.0,interactions,"All (Unweighted Clustering, No Square Clustering)",logistic_regression,2.9861321663483977,1599,1798,0.7457821898381338,0.4705882352941176,0.4478347581435368,0.3076923076923077,1.0,0.737636234185881,0.4285714285714285,0.347726565397993,0.2903225806451613,0.8181818181818182
BERTopic_topic_256,50.0,interactions,"All (Unweighted Clustering, No Square Clustering)",random_forest,2.9861321663483977,1599,1798,0.8327913345395863,0.5555555555555556,0.5536964916226377,0.3846153846153846,1.0,0.8609179034996439,0.4878048780487805,0.4990707533067017,0.3225806451612903,1.0
BERTopic_topic_256,50.0,interactions,"All (Unweighted Clustering, No Square Clustering)",xgboost,2.9861321663483977,1599,1798,0.8525600273852021,0.6666666666666666,0.6269353762158181,0.5,1.0,0.8292531536958943,0.5454545454545454,0.5145196987415879,0.3870967741935484,0.9230769230769232
BERTopic_topic_256,50.0,interactions,"All but Betweenness and Harmonic (Unweighted Clustering, No Square Clustering)",logistic_regression,2.9861321663483977,1599,1798,0.7544378698224853,0.0714285714285714,0.2720168184385866,0.0384615384615384,0.5,0.7457053142742391,0.1176470588235294,0.2574535238393296,0.064516129032258,0.6666666666666666
BERTopic_topic_256,50.0,interactions,"All but Betweenness and Harmonic (Unweighted Clustering, No Square Clustering)",random_forest,2.9861321663483977,1599,1798,0.8150520807863464,0.5555555555555556,0.5553893338159335,0.3846153846153846,1.0,0.8145845884221481,0.4878048780487805,0.4717292090553588,0.3225806451612903,1.0
BERTopic_topic_256,50.0,interactions,"All but Betweenness and Harmonic (Unweighted Clustering, No Square Clustering)",xgboost,2.9861321663483977,1599,1798,0.864907819453274,0.7,0.6299222174849198,0.5384615384615384,1.0,0.8392573525384742,0.6222222222222222,0.527656707506009,0.4516129032258064,1.0
BERTopic_topic_256,50.0,interactions,Core Number Only,logistic_regression,2.9861321663483977,1599,1798,0.6823072032862243,0.0,0.1112355933241414,0.0,0.0,0.6507475765375978,0.0,0.1019265826135824,0.0,0.0
BERTopic_topic_256,50.0,interactions,Core Number Only,random_forest,2.9861321663483977,1599,1798,0.61912562961514,0.0,0.098895394313863,0.0,0.0,0.6130127608302756,0.0,0.0801292396803,0.0,0.0
BERTopic_topic_256,50.0,interactions,Core Number Only,xgboost,2.9861321663483977,1599,1798,0.6081470976575872,0.0,0.1003757528265398,0.0,0.0,0.6090512441353122,0.0,0.0809057739879696,0.0,0.0
BERTopic_topic_256,50.0,similarity,"All (Unweighted Clustering, No Square Clustering)",logistic_regression,15.8975746082142,1599,1798,0.8954716612059269,0.074074074074074,0.4932593424059133,0.0384615384615384,1.0,0.8613377877576355,0.0625,0.4475535910724158,0.032258064516129,1.0
BERTopic_topic_256,50.0,similarity,"All (Unweighted Clustering, No Square Clustering)",random_forest,15.8975746082142,1599,1798,0.9043351753141964,0.7317073170731707,0.6674306686575358,0.5769230769230769,1.0,0.8268251273344651,0.6521739130434783,0.5537690410335354,0.4838709677419355,1.0
BERTopic_topic_256,50.0,similarity,"All (Unweighted Clustering, No Square Clustering)",xgboost,15.8975746082142,1599,1798,0.8351630886595922,0.7441860465116279,0.6428779499194425,0.6153846153846154,0.9411764705882352,0.8307957719480804,0.6122448979591837,0.5373135574969773,0.4838709677419355,0.8333333333333334
BERTopic_topic_256,50.0,similarity,"All but Betweenness and Harmonic (Unweighted Clustering, No Square Clustering)",logistic_regression,15.8975746082142,1599,1798,0.8829282605506381,0.0,0.2887468888773949,0.0,0.0,0.8464410245175894,0.0,0.2506450577505082,0.0,0.0
BERTopic_topic_256,50.0,similarity,"All but Betweenness and Harmonic (Unweighted Clustering, No Square Clustering)",random_forest,15.8975746082142,1599,1798,0.8521810357474694,0.7,0.645560879314638,0.5384615384615384,1.0,0.8142285995947205,0.6521739130434783,0.5411725272257923,0.4838709677419355,1.0
BERTopic_topic_256,50.0,similarity,"All but Betweenness and Harmonic (Unweighted Clustering, No Square Clustering)",xgboost,15.8975746082142,1599,1798,0.8570223482810895,0.7317073170731707,0.6390840744494266,0.5769230769230769,1.0,0.8239498329590886,0.625,0.545379146941322,0.4838709677419355,0.8823529411764706
BERTopic_topic_256,50.0,similarity,Core Number Only,logistic_regression,15.8975746082142,1599,1798,0.8004303388918773,0.0,0.0809951709069571,0.0,0.0,0.7018639209887362,0.0,0.0728203307897581,0.0,0.0
BERTopic_topic_256,50.0,similarity,Core Number Only,random_forest,15.8975746082142,1599,1798,0.8025942588879651,0.0,0.2629731395963048,0.0,0.0,0.8099202219909816,0.0,0.2072222260448281,0.0,0.0
BERTopic_topic_256,50.0,similarity,Core Number Only,xgboost,15.8975746082142,1599,1798,0.7847205242310138,0.0,0.2538067535654167,0.0,0.0,0.8009748617120325,0.0,0.2050722375730939,0.0,0.0
BERTopic_topic_256,50.0,similarity+interactions,"All (Unweighted Clustering, No Square Clustering)",logistic_regression,18.24648083839565,1599,1798,0.8845909335419825,0.074074074074074,0.4336812607275427,0.0384615384615384,1.0,0.8588002263723826,0.0,0.4049220621226789,0.0,0.0
BERTopic_topic_256,50.0,similarity+interactions,"All (Unweighted Clustering, No Square Clustering)",random_forest,18.24648083839565,1599,1798,0.8549317815052081,0.7619047619047619,0.6639767114226387,0.6153846153846154,1.0,0.8369023495262611,0.6521739130434783,0.553815682909697,0.4838709677419355,1.0
BERTopic_topic_256,50.0,similarity+interactions,"All (Unweighted Clustering, No Square Clustering)",xgboost,18.24648083839565,1599,1798,0.8264096043816325,0.7619047619047619,0.688088444393624,0.6153846153846154,1.0,0.8044891103930482,0.6086956521739131,0.5166047314508173,0.4516129032258064,0.9333333333333332
BERTopic_topic_256,50.0,similarity+interactions,"All but Betweenness and Harmonic (Unweighted Clustering, No Square Clustering)",logistic_regression,18.24648083839565,1599,1798,0.8745415423737103,0.0,0.278548899658724,0.0,0.0,0.8495992843711777,0.0,0.2795006869583052,0.0,0.0
BERTopic_topic_256,50.0,similarity+interactions,"All but Betweenness and Harmonic (Unweighted Clustering, No Square Clustering)",random_forest,18.24648083839565,1599,1798,0.8782214289207296,0.7619047619047619,0.6683936586895148,0.6153846153846154,1.0,0.8296639100352337,0.5909090909090909,0.5541193485692208,0.4193548387096774,1.0
BERTopic_topic_256,50.0,similarity+interactions,"All but Betweenness and Harmonic (Unweighted Clustering, No Square Clustering)",xgboost,18.24648083839565,1599,1798,0.8056995452100346,0.7317073170731707,0.695342032402277,0.5769230769230769,1.0,0.8059495773773664,0.625,0.5463723532942305,0.4838709677419355,0.8823529411764706
BERTopic_topic_256,50.0,similarity+interactions,Core Number Only,logistic_regression,18.24648083839565,1599,1798,0.7984620274830065,0.0,0.0802280068419781,0.0,0.0,0.7007138032385856,0.0,0.0725068920445802,0.0,0.0
BERTopic_topic_256,50.0,similarity+interactions,Core Number Only,random_forest,18.24648083839565,1599,1798,0.8025820333512641,0.0,0.2567586019045076,0.0,0.0,0.806305566204794,0.0,0.2019632652046933,0.0,0.0
BERTopic_topic_256,50.0,similarity+interactions,Core Number Only,xgboost,18.24648083839565,1599,1798,0.7874101423052471,0.0,0.2435706852730164,0.0,0.0,0.7995235226463661,0.0,0.2003408947682904,0.0,0.0
BERTopic_topic_256,50.0,similarity+text_similarity,"All (Unweighted Clustering, No Square Clustering)",logistic_regression,39.38513252901612,1599,1798,0.8043914127830212,0.0,0.1763660369384785,0.0,0.0,0.8044891103930482,0.0,0.1857101448616855,0.0,0.0
BERTopic_topic_256,50.0,similarity+text_similarity,"All (Unweighted Clustering, No Square Clustering)",random_forest,39.38513252901612,1599,1798,0.9295320064550834,0.7727272727272727,0.781462024876659,0.6538461538461539,0.9444444444444444,0.9423024262007778,0.6938775510204082,0.6634358952773746,0.5483870967741935,0.9444444444444444
BERTopic_topic_256,50.0,similarity+text_similarity,"All (Unweighted Clustering, No Square Clustering)",xgboost,39.38513252901612,1599,1798,0.9662452931683702,0.7727272727272727,0.747527711907795,0.6538461538461539,0.9444444444444444,0.9054438906840464,0.64,0.6004580629078311,0.5161290322580645,0.8421052631578947
BERTopic_topic_256,50.0,similarity+text_similarity,"All but Betweenness and Harmonic (Unweighted Clustering, No Square Clustering)",logistic_regression,39.38513252901612,1599,1798,0.8856667807716759,0.0,0.3011335048203254,0.0,0.0,0.8577778994833598,0.0,0.2576757539748271,0.0,0.0
BERTopic_topic_256,50.0,similarity+text_similarity,"All but Betweenness and Harmonic (Unweighted Clustering, No Square Clustering)",random_forest,39.38513252901612,1599,1798,0.9288351508631228,0.7727272727272727,0.7750403127230956,0.6538461538461539,0.9444444444444444,0.905681216568998,0.6938775510204082,0.6322460865764594,0.5483870967741935,0.9444444444444444
BERTopic_topic_256,50.0,similarity+text_similarity,"All but Betweenness and Harmonic (Unweighted Clustering, No Square Clustering)",xgboost,39.38513252901612,1599,1798,0.9583842730695876,0.7727272727272727,0.731684947185214,0.6538461538461539,0.9444444444444444,0.9132391332128448,0.6530612244897959,0.5991191011137965,0.5161290322580645,0.8888888888888888
BERTopic_topic_256,50.0,similarity+text_similarity,Core Number Only,logistic_regression,39.38513252901612,1599,1798,0.7825321531615238,0.0,0.090721024583968,0.0,0.0,0.6802124979462183,0.0,0.0791585083457879,0.0,0.0
BERTopic_topic_256,50.0,similarity+text_similarity,Core Number Only,random_forest,39.38513252901612,1599,1798,0.8196244315125434,0.0,0.0922770886097083,0.0,0.0,0.8595487157018458,0.0,0.0947075534312637,0.0,0.0
BERTopic_topic_256,50.0,similarity+text_similarity,Core Number Only,xgboost,39.38513252901612,1599,1798,0.826739693872561,0.0,0.0941417624516958,0.0,0.0,0.8462219544699418,0.0,0.0945024242093554,0.0,0.0
BERTopic_topic_256,50.0,similarity+text_similarity+interactions,"All (Unweighted Clustering, No Square Clustering)",logistic_regression,34.71706311870366,1599,1798,0.7807961269499731,0.0,0.1566535747819608,0.0,0.0,0.8051828322105993,0.0,0.1863954529394985,0.0,0.0
BERTopic_topic_256,50.0,similarity+text_similarity+interactions,"All (Unweighted Clustering, No Square Clustering)",random_forest,34.71706311870366,1599,1798,0.9456941659738862,0.7272727272727273,0.7538894027105991,0.6153846153846154,0.8888888888888888,0.9345163115906312,0.5957446808510638,0.621150248702913,0.4516129032258064,0.875
BERTopic_topic_256,50.0,similarity+text_similarity+interactions,"All (Unweighted Clustering, No Square Clustering)",xgboost,34.71706311870366,1599,1798,0.9598268864003128,0.6976744186046512,0.7003087881484372,0.5769230769230769,0.8823529411764706,0.895695273563722,0.6666666666666666,0.5630826962882405,0.5161290322580645,0.9411764705882352
BERTopic_topic_256,50.0,similarity+text_similarity+interactions,"All but Betweenness and Harmonic (Unweighted Clustering, No Square Clustering)",logistic_regression,34.71706311870366,1599,1798,0.8760575089246418,0.0,0.2869369948714794,0.0,0.0,0.8494897493473538,0.0,0.2465332378749615,0.0,0.0
BERTopic_topic_256,50.0,similarity+text_similarity+interactions,"All but Betweenness and Harmonic (Unweighted Clustering, No Square Clustering)",random_forest,34.71706311870366,1599,1798,0.9234436891779548,0.7441860465116279,0.7431494312783218,0.6153846153846154,0.9411764705882352,0.9121163992186502,0.6666666666666666,0.6006466575869266,0.5161290322580645,0.9411764705882352
BERTopic_topic_256,50.0,similarity+text_similarity+interactions,"All but Betweenness and Harmonic (Unweighted Clustering, No Square Clustering)",xgboost,34.71706311870366,1599,1798,0.9467700132035796,0.7272727272727273,0.6660986036181571,0.6153846153846154,0.8888888888888888,0.8843218869233437,0.6382978723404256,0.544230811627846,0.4838709677419355,0.9375
BERTopic_topic_256,50.0,similarity+text_similarity+interactions,Core Number Only,logistic_regression,34.71706311870366,1599,1798,0.7822020636705951,0.0,0.0907101743943802,0.0,0.0,0.6800116837358745,0.0,0.0791508469040312,0.0,0.0
BERTopic_topic_256,50.0,similarity+text_similarity+interactions,Core Number Only,random_forest,34.71706311870366,1599,1798,0.8197711379529561,0.0,0.0922770886097083,0.0,0.0,0.8595487157018458,0.0,0.0947075534312637,0.0,0.0
BERTopic_topic_256,50.0,similarity+text_similarity+interactions,Core Number Only,xgboost,34.71706311870366,1599,1798,0.8278033155655533,0.0,0.0942107748661976,0.0,0.0,0.8472534092776165,0.0,0.0945335283038537,0.0,0.0
BERTopic_topic_256,50.0,text_similarity,"All (Unweighted Clustering, No Square Clustering)",logistic_regression,40.361868397012586,1599,1798,0.8298938823414348,0.0,0.1959981370683113,0.0,0.0,0.7898844405498658,0.0,0.1763194472711667,0.0,0.0
BERTopic_topic_256,50.0,text_similarity,"All (Unweighted Clustering, No Square Clustering)",random_forest,40.361868397012586,1599,1798,0.9672477871778572,0.7555555555555555,0.7741865264621763,0.6538461538461539,0.8947368421052632,0.9281176406155868,0.6530612244897959,0.6526659414038535,0.5161290322580645,0.8888888888888888
BERTopic_topic_256,50.0,text_similarity,"All (Unweighted Clustering, No Square Clustering)",xgboost,40.361868397012586,1599,1798,0.9564159616607169,0.7727272727272727,0.7369008248901572,0.6538461538461539,0.9444444444444444,0.9186611168921264,0.68,0.6144602740373579,0.5483870967741935,0.8947368421052632
BERTopic_topic_256,50.0,text_similarity,"All but Betweenness and Harmonic (Unweighted Clustering, No Square Clustering)",logistic_regression,40.361868397012586,1599,1798,0.8814611961465109,0.0,0.2885476175503086,0.0,0.0,0.8538163827883967,0.0,0.2434675387484242,0.0,0.0
BERTopic_topic_256,50.0,text_similarity,"All but Betweenness and Harmonic (Unweighted Clustering, No Square Clustering)",random_forest,40.361868397012586,1599,1798,0.9303633429507556,0.7441860465116279,0.7694959155371314,0.6153846153846154,0.9411764705882352,0.905662960731694,0.6938775510204082,0.6370429713721092,0.5483870967741935,0.9444444444444444
BERTopic_topic_256,50.0,text_similarity,"All but Betweenness and Harmonic (Unweighted Clustering, No Square Clustering)",xgboost,40.361868397012586,1599,1798,0.9521003472052424,0.7555555555555555,0.6923921546543867,0.6538461538461539,0.8947368421052632,0.9108932581192836,0.625,0.5907848720449322,0.4838709677419355,0.8823529411764706
BERTopic_topic_256,50.0,text_similarity,Core Number Only,logistic_regression,40.361868397012586,1599,1798,0.7828989192625556,0.0,0.0915164136484653,0.0,0.0,0.6802216258648703,0.0,0.079857958441103,0.0,0.0
BERTopic_topic_256,50.0,text_similarity,Core Number Only,random_forest,40.361868397012586,1599,1798,0.8195999804391413,0.0,0.0921884848679628,0.0,0.0,0.8599594720411852,0.0,0.096112615152739,0.0,0.0
BERTopic_topic_256,50.0,text_similarity,Core Number Only,xgboost,40.361868397012586,1599,1798,0.8279255709325639,0.0,0.094301099976435,0.0,0.0,0.8472990488708764,0.0,0.0949086693150831,0.0,0.0
BERTopic_topic_256,50.0,text_similarity+interactions,"All (Unweighted Clustering, No Square Clustering)",logistic_regression,37.64349817764014,1599,1798,0.8522666145043768,0.0,0.2160471058218076,0.0,0.0,0.8141829600014605,0.0,0.1695829940450379,0.0,0.0
BERTopic_topic_256,50.0,text_similarity+interactions,"All (Unweighted Clustering, No Square Clustering)",random_forest,37.64349817764014,1599,1798,0.9645092669568196,0.6666666666666666,0.7500636951954549,0.5384615384615384,0.875,0.9228417036347372,0.6122448979591837,0.6182824487102355,0.4838709677419355,0.8333333333333334
BERTopic_topic_256,50.0,text_similarity+interactions,"All (Unweighted Clustering, No Square Clustering)",xgboost,37.64349817764014,1599,1798,0.937234094576752,0.6511627906976745,0.6588909656147501,0.5384615384615384,0.8235294117647058,0.8919710827537104,0.625,0.5533093341106856,0.4838709677419355,0.8823529411764706
BERTopic_topic_256,50.0,text_similarity+interactions,"All but Betweenness and Harmonic (Unweighted Clustering, No Square Clustering)",logistic_regression,37.64349817764014,1599,1798,0.8832461245048657,0.0,0.2727497752627436,0.0,0.0,0.855952315752962,0.0,0.2416162699051898,0.0,0.0
BERTopic_topic_256,50.0,text_similarity+interactions,"All but Betweenness and Harmonic (Unweighted Clustering, No Square Clustering)",random_forest,37.64349817764014,1599,1798,0.9408161768301628,0.7111111111111111,0.722206498007703,0.6153846153846154,0.8421052631578947,0.8881647406758311,0.64,0.5934789170223483,0.5161290322580645,0.8421052631578947
BERTopic_topic_256,50.0,text_similarity+interactions,"All but Betweenness and Harmonic (Unweighted Clustering, No Square Clustering)",xgboost,37.64349817764014,1599,1798,0.9299476747029196,0.6363636363636364,0.6454136565593038,0.5384615384615384,0.7777777777777778,0.8827062453219416,0.5957446808510638,0.5566922611440707,0.4516129032258064,0.875
BERTopic_topic_256,50.0,text_similarity+interactions,Core Number Only,logistic_regression,37.64349817764014,1599,1798,0.7825932808450291,0.0,0.0915065466877921,0.0,0.0,0.6799842999799186,0.0,0.0798491361654449,0.0,0.0
BERTopic_topic_256,50.0,text_similarity+interactions,Core Number Only,random_forest,37.64349817764014,1599,1798,0.819746686879554,0.0,0.0921884848679628,0.0,0.0,0.8604706354856966,0.0,0.0962887457574272,0.0,0.0
BERTopic_topic_256,50.0,text_similarity+interactions,Core Number Only,xgboost,37.64349817764014,1599,1798,0.8274976771480269,0.0,0.0942976549249701,0.0,0.0,0.8465961991346733,0.0,0.0948968762347693,0.0,0.0
BERTopic_topic_256,100.0,interactions,"All (Unweighted Clustering, No Square Clustering)",logistic_regression,3.083766154013574,1798,1798,0.7494751446775106,0.3684210526315789,0.4480973964866789,0.2258064516129032,1.0,0.7494751446775106,0.3684210526315789,0.4480973964866789,0.2258064516129032,1.0
BERTopic_topic_256,100.0,interactions,"All (Unweighted Clustering, No Square Clustering)",random_forest,3.083766154013574,1798,1798,0.8889497416799022,0.5909090909090909,0.6117401666942701,0.4193548387096774,1.0,0.8889497416799022,0.5909090909090909,0.6117401666942701,0.4193548387096774,1.0
BERTopic_topic_256,100.0,interactions,"All (Unweighted Clustering, No Square Clustering)",xgboost,3.083766154013574,1798,1798,0.8383354327546233,0.7083333333333334,0.6452115943555315,0.5483870967741935,1.0,0.8383354327546233,0.7083333333333334,0.6452115943555315,0.5483870967741935,1.0
BERTopic_topic_256,100.0,interactions,"All but Betweenness and Harmonic (Unweighted Clustering, No Square Clustering)",logistic_regression,3.083766154013574,1798,1798,0.7942019460722566,0.0625,0.3052016495047691,0.032258064516129,1.0,0.7942019460722566,0.0625,0.3052016495047691,0.032258064516129,1.0
BERTopic_topic_256,100.0,interactions,"All but Betweenness and Harmonic (Unweighted Clustering, No Square Clustering)",random_forest,3.083766154013574,1798,1798,0.8997024298519453,0.5909090909090909,0.6225595498503531,0.4193548387096774,1.0,0.8997024298519453,0.5909090909090909,0.6225595498503531,0.4193548387096774,1.0
BERTopic_topic_256,100.0,interactions,"All but Betweenness and Harmonic (Unweighted Clustering, No Square Clustering)",xgboost,3.083766154013574,1798,1798,0.8442411961224602,0.7346938775510204,0.647879830590185,0.5806451612903226,1.0,0.8442411961224602,0.7346938775510204,0.647879830590185,0.5806451612903226,1.0
BERTopic_topic_256,100.0,interactions,Core Number Only,logistic_regression,3.083766154013574,1798,1798,0.7862332730890702,0.0,0.1087926161059905,0.0,0.0,0.7862332730890702,0.0,0.1087926161059905,0.0,0.0
BERTopic_topic_256,100.0,interactions,Core Number Only,random_forest,3.083766154013574,1798,1798,0.7047483432827647,0.0,0.090843465299883,0.0,0.0,0.7047483432827647,0.0,0.090843465299883,0.0,0.0
BERTopic_topic_256,100.0,interactions,Core Number Only,xgboost,3.083766154013574,1798,1798,0.7131734121985505,0.0,0.0910067472859924,0.0,0.0,0.7131734121985505,0.0,0.0910067472859924,0.0,0.0
BERTopic_topic_256,100.0,similarity,"All (Unweighted Clustering, No Square Clustering)",logistic_regression,23.37921466026455,1798,1798,0.8984062654033628,0.0606060606060606,0.3681416881626977,0.032258064516129,0.5,0.8984062654033628,0.0606060606060606,0.3681416881626977,0.032258064516129,0.5
BERTopic_topic_256,100.0,similarity,"All (Unweighted Clustering, No Square Clustering)",random_forest,23.37921466026455,1798,1798,0.9340142760647718,0.72,0.7110330576496178,0.5806451612903226,0.9473684210526316,0.9340142760647718,0.72,0.7110330576496178,0.5806451612903226,0.9473684210526316
BERTopic_topic_256,100.0,similarity,"All (Unweighted Clustering, No Square Clustering)",xgboost,23.37921466026455,1798,1798,0.920386293517352,0.5714285714285714,0.6672087662756021,0.4516129032258064,0.7777777777777778,0.920386293517352,0.5714285714285714,0.6672087662756021,0.4516129032258064,0.7777777777777778
BERTopic_topic_256,100.0,similarity,"All but Betweenness and Harmonic (Unweighted Clustering, No Square Clustering)",logistic_regression,23.37921466026455,1798,1798,0.9174836153860196,0.0571428571428571,0.3176613302834618,0.032258064516129,0.25,0.9174836153860196,0.0571428571428571,0.3176613302834618,0.032258064516129,0.25
BERTopic_topic_256,100.0,similarity,"All but Betweenness and Harmonic (Unweighted Clustering, No Square Clustering)",random_forest,23.37921466026455,1798,1798,0.9308833999671396,0.6530612244897959,0.6430489941199816,0.5161290322580645,0.8888888888888888,0.9308833999671396,0.6530612244897959,0.6430489941199816,0.5161290322580645,0.8888888888888888
BERTopic_topic_256,100.0,similarity,"All but Betweenness and Harmonic (Unweighted Clustering, No Square Clustering)",xgboost,23.37921466026455,1798,1798,0.932106541066506,0.6792452830188679,0.6568387828523613,0.5806451612903226,0.8181818181818182,0.932106541066506,0.6792452830188679,0.6568387828523613,0.5806451612903226,0.8181818181818182
BERTopic_topic_256,100.0,similarity,Core Number Only,logistic_regression,23.37921466026455,1798,1798,0.8232652390601896,0.0,0.1094737416598717,0.0,0.0,0.8232652390601896,0.0,0.1094737416598717,0.0,0.0
BERTopic_topic_256,100.0,similarity,Core Number Only,random_forest,23.37921466026455,1798,1798,0.7612227759826206,0.0,0.2076631155876578,0.0,0.0,0.7612227759826206,0.0,0.2076631155876578,0.0,0.0
BERTopic_topic_256,100.0,similarity,Core Number Only,xgboost,23.37921466026455,1798,1798,0.7643262683242967,0.0,0.2132291220577039,0.0,0.0,0.7643262683242967,0.0,0.2132291220577039,0.0,0.0
BERTopic_topic_256,100.0,similarity+interactions,"All (Unweighted Clustering, No Square Clustering)",logistic_regression,25.65062929317355,1798,1798,0.8908483487595159,0.0606060606060606,0.3170575617407712,0.032258064516129,0.5,0.8908483487595159,0.0606060606060606,0.3170575617407712,0.032258064516129,0.5
BERTopic_topic_256,100.0,similarity+interactions,"All (Unweighted Clustering, No Square Clustering)",random_forest,25.65062929317355,1798,1798,0.9095697099147452,0.6938775510204082,0.6646312960309692,0.5483870967741935,0.9444444444444444,0.9095697099147452,0.6938775510204082,0.6646312960309692,0.5483870967741935,0.9444444444444444
BERTopic_topic_256,100.0,similarity+interactions,"All (Unweighted Clustering, No Square Clustering)",xgboost,25.65062929317355,1798,1798,0.8963981232999252,0.6415094339622641,0.637319501927864,0.5483870967741935,0.7727272727272727,0.8963981232999252,0.6415094339622641,0.637319501927864,0.5483870967741935,0.7727272727272727
BERTopic_topic_256,100.0,similarity+interactions,"All but Betweenness and Harmonic (Unweighted Clustering, No Square Clustering)",logistic_regression,25.65062929317355,1798,1798,0.902367782098326,0.0,0.2582788304906171,0.0,0.0,0.902367782098326,0.0,0.2582788304906171,0.0,0.0
BERTopic_topic_256,100.0,similarity+interactions,"All but Betweenness and Harmonic (Unweighted Clustering, No Square Clustering)",random_forest,25.65062929317355,1798,1798,0.9242200193511876,0.6938775510204082,0.6731251120787273,0.5483870967741935,0.9444444444444444,0.9242200193511876,0.6938775510204082,0.6731251120787273,0.5483870967741935,0.9444444444444444
BERTopic_topic_256,100.0,similarity+interactions,"All but Betweenness and Harmonic (Unweighted Clustering, No Square Clustering)",xgboost,25.65062929317355,1798,1798,0.8930755609106011,0.6923076923076923,0.617791480406993,0.5806451612903226,0.8571428571428571,0.8930755609106011,0.6923076923076923,0.617791480406993,0.5806451612903226,0.8571428571428571
BERTopic_topic_256,100.0,similarity+interactions,Core Number Only,logistic_regression,25.65062929317355,1798,1798,0.8211658177702319,0.0,0.1054065889831196,0.0,0.0,0.8211658177702319,0.0,0.1054065889831196,0.0,0.0
BERTopic_topic_256,100.0,similarity+interactions,Core Number Only,random_forest,25.65062929317355,1798,1798,0.759022947587491,0.0,0.205025077213763,0.0,0.0,0.759022947587491,0.0,0.205025077213763,0.0,0.0
BERTopic_topic_256,100.0,similarity+interactions,Core Number Only,xgboost,25.65062929317355,1798,1798,0.7633404531098819,0.0,0.2136656799278734,0.0,0.0,0.7633404531098819,0.0,0.2136656799278734,0.0,0.0
BERTopic_topic_256,100.0,similarity+text_similarity,"All (Unweighted Clustering, No Square Clustering)",logistic_regression,56.25212799801375,1798,1798,0.6760136553663034,0.0,0.044438167697742,0.0,0.0,0.6760136553663034,0.0,0.044438167697742,0.0,0.0
BERTopic_topic_256,100.0,similarity+text_similarity,"All (Unweighted Clustering, No Square Clustering)",random_forest,56.25212799801375,1798,1798,0.9562955254942768,0.7924528301886793,0.8322402243040263,0.6774193548387096,0.9545454545454546,0.9562955254942768,0.7924528301886793,0.8322402243040263,0.6774193548387096,0.9545454545454546
BERTopic_topic_256,100.0,similarity+text_similarity,"All (Unweighted Clustering, No Square Clustering)",xgboost,56.25212799801375,1798,1798,0.9745787465542108,0.8,0.8239187191566564,0.7096774193548387,0.9166666666666666,0.9745787465542108,0.8,0.8239187191566564,0.7096774193548387,0.9166666666666666
BERTopic_topic_256,100.0,similarity+text_similarity,"All but Betweenness and Harmonic (Unweighted Clustering, No Square Clustering)",logistic_regression,56.25212799801375,1798,1798,0.9309929349909634,0.0,0.3568826596156426,0.0,0.0,0.9309929349909634,0.0,0.3568826596156426,0.0,0.0
BERTopic_topic_256,100.0,similarity+text_similarity,"All but Betweenness and Harmonic (Unweighted Clustering, No Square Clustering)",random_forest,56.25212799801375,1798,1798,0.9425123683297734,0.7843137254901961,0.8259835403822995,0.6451612903225806,1.0,0.9425123683297734,0.7843137254901961,0.8259835403822995,0.6451612903225806,1.0
BERTopic_topic_256,100.0,similarity+text_similarity,"All but Betweenness and Harmonic (Unweighted Clustering, No Square Clustering)",xgboost,56.25212799801375,1798,1798,0.9758566551654893,0.8,0.8295878079809805,0.7096774193548387,0.9166666666666666,0.9758566551654893,0.8,0.8295878079809805,0.7096774193548387,0.9166666666666666
BERTopic_topic_256,100.0,similarity+text_similarity,Core Number Only,logistic_regression,56.25212799801375,1798,1798,0.7887525786370192,0.0,0.0853157227334598,0.0,0.0,0.7887525786370192,0.0,0.0853157227334598,0.0,0.0
BERTopic_topic_256,100.0,similarity+text_similarity,Core Number Only,random_forest,56.25212799801375,1798,1798,0.8249995436040675,0.0,0.0881391145589289,0.0,0.0,0.8249995436040675,0.0,0.0881391145589289,0.0,0.0
BERTopic_topic_256,100.0,similarity+text_similarity,Core Number Only,xgboost,56.25212799801375,1798,1798,0.8194497690636582,0.0,0.0875798067458437,0.0,0.0,0.8194497690636582,0.0,0.0875798067458437,0.0,0.0
BERTopic_topic_256,100.0,similarity+text_similarity+interactions,"All (Unweighted Clustering, No Square Clustering)",logistic_regression,43.95600190293044,1798,1798,0.6539423480657941,0.0,0.0349560620294032,0.0,0.0,0.6539423480657941,0.0,0.0349560620294032,0.0,0.0
BERTopic_topic_256,100.0,similarity+text_similarity+interactions,"All (Unweighted Clustering, No Square Clustering)",random_forest,43.95600190293044,1798,1798,0.9546251163809628,0.7843137254901961,0.8036436692063575,0.6451612903225806,1.0,0.9546251163809628,0.7843137254901961,0.8036436692063575,0.6451612903225806,1.0
BERTopic_topic_256,100.0,similarity+text_similarity+interactions,"All (Unweighted Clustering, No Square Clustering)",xgboost,43.95600190293044,1798,1798,0.9756010734432335,0.7924528301886793,0.806833368605604,0.6774193548387096,0.9545454545454546,0.9756010734432335,0.7924528301886793,0.806833368605604,0.6774193548387096,0.9545454545454546
BERTopic_topic_256,100.0,similarity+text_similarity+interactions,"All but Betweenness and Harmonic (Unweighted Clustering, No Square Clustering)",logistic_regression,43.95600190293044,1798,1798,0.9241104843273636,0.0,0.3364728093773452,0.0,0.0,0.9241104843273636,0.0,0.3364728093773452,0.0,0.0
BERTopic_topic_256,100.0,similarity+text_similarity+interactions,"All but Betweenness and Harmonic (Unweighted Clustering, No Square Clustering)",random_forest,43.95600190293044,1798,1798,0.9405407379009438,0.76,0.8116309179494592,0.6129032258064516,1.0,0.9405407379009438,0.76,0.8116309179494592,0.6129032258064516,1.0
BERTopic_topic_256,100.0,similarity+text_similarity+interactions,"All but Betweenness and Harmonic (Unweighted Clustering, No Square Clustering)",xgboost,43.95600190293044,1798,1798,0.97186775471457,0.7924528301886793,0.8157285088611405,0.6774193548387096,0.9545454545454546,0.97186775471457,0.7924528301886793,0.8157285088611405,0.6774193548387096,0.9545454545454546
BERTopic_topic_256,100.0,similarity+text_similarity+interactions,Core Number Only,logistic_regression,43.95600190293044,1798,1798,0.7885243806707195,0.0,0.0853078714908344,0.0,0.0,0.7885243806707195,0.0,0.0853078714908344,0.0,0.0
BERTopic_topic_256,100.0,similarity+text_similarity+interactions,Core Number Only,random_forest,43.95600190293044,1798,1798,0.8250269273600234,0.0,0.0881632489779893,0.0,0.0,0.8250269273600234,0.0,0.0881632489779893,0.0,0.0
BERTopic_topic_256,100.0,similarity+text_similarity+interactions,Core Number Only,xgboost,43.95600190293044,1798,1798,0.8197327345418697,0.0,0.0876034018207538,0.0,0.0,0.8197327345418697,0.0,0.0876034018207538,0.0,0.0
BERTopic_topic_256,100.0,text_similarity,"All (Unweighted Clustering, No Square Clustering)",logistic_regression,52.86954128701473,1798,1798,0.6332037168884751,0.0,0.0321216279171831,0.0,0.0,0.6332037168884751,0.0,0.0321216279171831,0.0,0.0
BERTopic_topic_256,100.0,text_similarity,"All (Unweighted Clustering, No Square Clustering)",random_forest,52.86954128701473,1798,1798,0.9745787465542106,0.7924528301886793,0.8599031290550945,0.6774193548387096,0.9545454545454546,0.9745787465542106,0.7924528301886793,0.8599031290550945,0.6774193548387096,0.9545454545454546
BERTopic_topic_256,100.0,text_similarity,"All (Unweighted Clustering, No Square Clustering)",xgboost,52.86954128701473,1798,1798,0.9748434561951184,0.8214285714285714,0.8441755479372334,0.7419354838709677,0.92,0.9748434561951184,0.8214285714285714,0.8441755479372334,0.7419354838709677,0.92
BERTopic_topic_256,100.0,text_similarity,"All but Betweenness and Harmonic (Unweighted Clustering, No Square Clustering)",logistic_regression,52.86954128701473,1798,1798,0.9285466527922304,0.0,0.338976910220097,0.0,0.0,0.9285466527922304,0.0,0.338976910220097,0.0,0.0
BERTopic_topic_256,100.0,text_similarity,"All but Betweenness and Harmonic (Unweighted Clustering, No Square Clustering)",random_forest,52.86954128701473,1798,1798,0.9423754495499936,0.7692307692307693,0.83320465544676,0.6451612903225806,0.9523809523809524,0.9423754495499936,0.7692307692307693,0.83320465544676,0.6451612903225806,0.9523809523809524
BERTopic_topic_256,100.0,text_similarity,"All but Betweenness and Harmonic (Unweighted Clustering, No Square Clustering)",xgboost,52.86954128701473,1798,1798,0.9694762400277488,0.847457627118644,0.8472705101256265,0.8064516129032258,0.8928571428571429,0.9694762400277488,0.847457627118644,0.8472705101256265,0.8064516129032258,0.8928571428571429
BERTopic_topic_256,100.0,text_similarity,Core Number Only,logistic_regression,52.86954128701473,1798,1798,0.7878762984464283,0.0,0.0851509289035337,0.0,0.0,0.7878762984464283,0.0,0.0851509289035337,0.0,0.0
BERTopic_topic_256,100.0,text_similarity,Core Number Only,random_forest,52.86954128701473,1798,1798,0.834574730270004,0.0,0.0891358704659008,0.0,0.0,0.834574730270004,0.0,0.0891358704659008,0.0,0.0
BERTopic_topic_256,100.0,text_similarity,Core Number Only,xgboost,52.86954128701473,1798,1798,0.8308961790532523,0.0,0.0872168536033658,0.0,0.0,0.8308961790532523,0.0,0.0872168536033658,0.0,0.0
BERTopic_topic_256,100.0,text_similarity+interactions,"All (Unweighted Clustering, No Square Clustering)",logistic_regression,47.36609970591962,1798,1798,0.6347737188966172,0.0,0.0319286781893094,0.0,0.0,0.6347737188966172,0.0,0.0319286781893094,0.0,0.0
BERTopic_topic_256,100.0,text_similarity+interactions,"All (Unweighted Clustering, No Square Clustering)",random_forest,47.36609970591962,1798,1798,0.9715756613177065,0.7843137254901961,0.8339552235865328,0.6451612903225806,1.0,0.9715756613177065,0.7843137254901961,0.8339552235865328,0.6451612903225806,1.0
BERTopic_topic_256,100.0,text_similarity+interactions,"All (Unweighted Clustering, No Square Clustering)",xgboost,47.36609970591962,1798,1798,0.9715026379684903,0.7857142857142857,0.826027303273026,0.7096774193548387,0.88,0.9715026379684903,0.7857142857142857,0.826027303273026,0.7096774193548387,0.88
BERTopic_topic_256,100.0,text_similarity+interactions,"All but Betweenness and Harmonic (Unweighted Clustering, No Square Clustering)",logistic_regression,47.36609970591962,1798,1798,0.9218467605016704,0.0,0.3265044210637529,0.0,0.0,0.9218467605016704,0.0,0.3265044210637529,0.0,0.0
BERTopic_topic_256,100.0,text_similarity+interactions,"All but Betweenness and Harmonic (Unweighted Clustering, No Square Clustering)",random_forest,47.36609970591962,1798,1798,0.9413896343355788,0.76,0.8243570310789645,0.6129032258064516,1.0,0.9413896343355788,0.76,0.8243570310789645,0.6129032258064516,1.0
BERTopic_topic_256,100.0,text_similarity+interactions,"All but Betweenness and Harmonic (Unweighted Clustering, No Square Clustering)",xgboost,47.36609970591962,1798,1798,0.9682713547656864,0.7924528301886793,0.8353791513660511,0.6774193548387096,0.9545454545454546,0.9682713547656864,0.7924528301886793,0.8353791513660511,0.6774193548387096,0.9545454545454546
BERTopic_topic_256,100.0,text_similarity+interactions,Core Number Only,logistic_regression,47.36609970591962,1798,1798,0.7875476933749567,0.0,0.0851406312929736,0.0,0.0,0.7875476933749567,0.0,0.0851406312929736,0.0,0.0
BERTopic_topic_256,100.0,text_similarity+interactions,Core Number Only,random_forest,47.36609970591962,1798,1798,0.8341913576866204,0.0,0.0890284027245724,0.0,0.0,0.8341913576866204,0.0,0.0890284027245724,0.0,0.0
BERTopic_topic_256,100.0,text_similarity+interactions,Core Number Only,xgboost,47.36609970591962,1798,1798,0.827865710060792,0.0,0.085937824549467,0.0,0.0,0.827865710060792,0.0,0.085937824549467,0.0,0.0
BERTopic_topic_512,5.0,interactions,"All (Unweighted Clustering, No Square Clustering)",logistic_regression,2.303588876966387,271,1798,0.6185064935064934,0.0,0.0607914315470072,0.0,0.0,0.5039615166949633,0.0,0.0220420991974409,0.0,0.0
BERTopic_topic_512,5.0,interactions,"All (Unweighted Clustering, No Square Clustering)",random_forest,2.303588876966387,271,1798,0.4526515151515151,0.0,0.0263112862017949,0.0,0.0,0.4418825419427862,0.0,0.0193889984928163,0.0,0.0
BERTopic_topic_512,5.0,interactions,"All (Unweighted Clustering, No Square Clustering)",xgboost,2.303588876966387,271,1798,0.7808441558441558,0.0,0.0678462936804102,0.0,0.0,0.431330667981087,0.0,0.0154797553815366,0.0,0.0
BERTopic_topic_512,5.0,interactions,"All but Betweenness and Harmonic (Unweighted Clustering, No Square Clustering)",logistic_regression,2.303588876966387,271,1798,0.5930735930735931,0.0,0.0600623110501606,0.0,0.0,0.4939208061777753,0.0,0.0221586002543702,0.0,0.0
BERTopic_topic_512,5.0,interactions,"All but Betweenness and Harmonic (Unweighted Clustering, No Square Clustering)",random_forest,2.303588876966387,271,1798,0.4475108225108225,0.0,0.0253848395811627,0.0,0.0,0.4377658506307392,0.0,0.0187647224331372,0.0,0.0
BERTopic_topic_512,5.0,interactions,"All but Betweenness and Harmonic (Unweighted Clustering, No Square Clustering)",xgboost,2.303588876966387,271,1798,0.7808441558441558,0.0,0.0678462936804102,0.0,0.0,0.431330667981087,0.0,0.0154797553815366,0.0,0.0
BERTopic_topic_512,5.0,interactions,Core Number Only,logistic_regression,2.303588876966387,271,1798,0.509469696969697,0.0,0.0259032445108103,0.0,0.0,0.498293079212078,0.0,0.0171664234506658,0.0,0.0
BERTopic_topic_512,5.0,interactions,Core Number Only,random_forest,2.303588876966387,271,1798,0.5137987012987013,0.0,0.0264474621978852,0.0,0.0,0.5007028497362032,0.0,0.0172575135438747,0.0,0.0
BERTopic_topic_512,5.0,interactions,Core Number Only,xgboost,2.303588876966387,271,1798,0.4223484848484848,0.0,0.022369079565283,0.0,0.0,0.4867645179546159,0.0,0.0168054135254594,0.0,0.0
BERTopic_topic_512,5.0,similarity,"All (Unweighted Clustering, No Square Clustering)",logistic_regression,2.870366721879691,271,1798,0.6212121212121211,0.0,0.0619674896420093,0.0,0.0,0.4657337933804334,0.0,0.0295349311887007,0.0,0.0
BERTopic_topic_512,5.0,similarity,"All (Unweighted Clustering, No Square Clustering)",random_forest,2.870366721879691,271,1798,0.7537878787878787,0.0,0.0967965102589431,0.0,0.0,0.4944867371341986,0.0,0.0301144954793243,0.0,0.0
BERTopic_topic_512,5.0,similarity,"All (Unweighted Clustering, No Square Clustering)",xgboost,2.870366721879691,271,1798,0.7567640692640693,0.0,0.1058235846955893,0.0,0.0,0.4932727239534841,0.0,0.0286236416689676,0.0,0.0
BERTopic_topic_512,5.0,similarity,"All but Betweenness and Harmonic (Unweighted Clustering, No Square Clustering)",logistic_regression,2.870366721879691,271,1798,0.6168831168831168,0.0,0.0670886917246971,0.0,0.0,0.4650400715628823,0.0,0.0302760005503326,0.0,0.0
BERTopic_topic_512,5.0,similarity,"All but Betweenness and Harmonic (Unweighted Clustering, No Square Clustering)",random_forest,2.870366721879691,271,1798,0.7713744588744589,0.0,0.0862288648274033,0.0,0.0,0.5202731073260676,0.0,0.028763644556662,0.0,0.0
BERTopic_topic_512,5.0,similarity,"All but Betweenness and Harmonic (Unweighted Clustering, No Square Clustering)",xgboost,2.870366721879691,271,1798,0.7589285714285715,0.0,0.0681802974543021,0.0,0.0,0.4662267009876408,0.0,0.0218389372796817,0.0,0.0
BERTopic_topic_512,5.0,similarity,Core Number Only,logistic_regression,2.870366721879691,271,1798,0.4959415584415584,0.0,0.0392440850105569,0.0,0.0,0.4808678825054311,0.0,0.0185772106341099,0.0,0.0
BERTopic_topic_512,5.0,similarity,Core Number Only,random_forest,2.870366721879691,271,1798,0.6028138528138529,0.0,0.0381929449606689,0.0,0.0,0.4906530113003632,0.0,0.0199669559524743,0.0,0.0
BERTopic_topic_512,5.0,similarity,Core Number Only,xgboost,2.870366721879691,271,1798,0.5606060606060606,0.0,0.0519490222023985,0.0,0.0,0.5197528159629042,0.0,0.0220381749740061,0.0,0.0
BERTopic_topic_512,5.0,similarity+interactions,"All (Unweighted Clustering, No Square Clustering)",logistic_regression,4.218819192610681,271,1798,0.6017316017316018,0.0,0.0555620131878337,0.0,0.0,0.4656972817058254,0.0,0.0276124969824776,0.0,0.0
BERTopic_topic_512,5.0,similarity+interactions,"All (Unweighted Clustering, No Square Clustering)",random_forest,4.218819192610681,271,1798,0.7794913419913421,0.0,0.1082542623472501,0.0,0.0,0.5238512514376472,0.0,0.0366608229308858,0.0,0.0
BERTopic_topic_512,5.0,similarity+interactions,"All (Unweighted Clustering, No Square Clustering)",xgboost,4.218819192610681,271,1798,0.788690476190476,0.0,0.1032579821767194,0.0,0.0,0.464373733501287,0.0,0.0218479478423446,0.0,0.0
BERTopic_topic_512,5.0,similarity+interactions,"All but Betweenness and Harmonic (Unweighted Clustering, No Square Clustering)",logistic_regression,4.218819192610681,271,1798,0.6038961038961038,0.0,0.0612161928989106,0.0,0.0,0.4654051883089618,0.0,0.0274025414474629,0.0,0.0
BERTopic_topic_512,5.0,similarity+interactions,"All but Betweenness and Harmonic (Unweighted Clustering, No Square Clustering)",random_forest,4.218819192610681,271,1798,0.7018398268398268,0.0,0.0565805810713154,0.0,0.0,0.5245175894992424,0.0,0.0306080995884697,0.0,0.0
BERTopic_topic_512,5.0,similarity+interactions,"All but Betweenness and Harmonic (Unweighted Clustering, No Square Clustering)",xgboost,4.218819192610681,271,1798,0.7351190476190476,0.0,0.0670478336487255,0.0,0.0,0.4906895229749712,0.0,0.0291484475395943,0.0,0.0
BERTopic_topic_512,5.0,similarity+interactions,Core Number Only,logistic_regression,4.218819192610681,271,1798,0.4959415584415584,0.0,0.0392474310523481,0.0,0.0,0.4805940449458715,0.0,0.0180909202071431,0.0,0.0
BERTopic_topic_512,5.0,similarity+interactions,Core Number Only,random_forest,4.218819192610681,271,1798,0.6022727272727273,0.0,0.0334163499581389,0.0,0.0,0.5289628858827611,0.0,0.021628928932355,0.0,0.0
BERTopic_topic_512,5.0,similarity+interactions,Core Number Only,xgboost,4.218819192610681,271,1798,0.5906385281385281,0.0,0.0406413029497259,0.0,0.0,0.5243624148821585,0.0,0.0228661600661748,0.0,0.0
BERTopic_topic_512,5.0,similarity+text_similarity,"All (Unweighted Clustering, No Square Clustering)",logistic_regression,3.947993725014385,271,1798,0.6093073593073592,0.0,0.1091028826351707,0.0,0.0,0.4757927597349252,0.0,0.0365949402947509,0.0,0.0
BERTopic_topic_512,5.0,similarity+text_similarity,"All (Unweighted Clustering, No Square Clustering)",random_forest,3.947993725014385,271,1798,0.7629870129870131,0.25,0.4551971753248919,0.1428571428571428,1.0,0.5862953429359038,0.0,0.1305499118526445,0.0,0.0
BERTopic_topic_512,5.0,similarity+text_similarity,"All (Unweighted Clustering, No Square Clustering)",xgboost,3.947993725014385,271,1798,0.8658008658008658,0.25,0.4600693566166711,0.1428571428571428,1.0,0.4947970863683663,0.0,0.0854473255297602,0.0,0.0
BERTopic_topic_512,5.0,similarity+text_similarity,"All but Betweenness and Harmonic (Unweighted Clustering, No Square Clustering)",logistic_regression,3.947993725014385,271,1798,0.7332251082251082,0.0,0.2192067339023591,0.0,0.0,0.5032130273655,0.0,0.0753193887529712,0.0,0.0
BERTopic_topic_512,5.0,similarity+text_similarity,"All but Betweenness and Harmonic (Unweighted Clustering, No Square Clustering)",random_forest,3.947993725014385,271,1798,0.8260281385281386,0.25,0.3958952523198701,0.1428571428571428,1.0,0.5280683498548662,0.0625,0.1345460390178725,0.032258064516129,1.0
BERTopic_topic_512,5.0,similarity+text_similarity,"All but Betweenness and Harmonic (Unweighted Clustering, No Square Clustering)",xgboost,3.947993725014385,271,1798,0.8804112554112554,0.4444444444444444,0.5586770306037432,0.2857142857142857,1.0,0.4948883655548861,0.0625,0.0904981543744168,0.032258064516129,1.0
BERTopic_topic_512,5.0,similarity+text_similarity,Core Number Only,logistic_regression,3.947993725014385,271,1798,0.3208874458874459,0.0,0.0222191483434802,0.0,0.0,0.4716943242601822,0.0,0.0193314524859437,0.0,0.0
BERTopic_topic_512,5.0,similarity+text_similarity,Core Number Only,random_forest,3.947993725014385,271,1798,0.545995670995671,0.0,0.0302419944422078,0.0,0.0,0.4668930390492359,0.0,0.0176602520722488,0.0,0.0
BERTopic_topic_512,5.0,similarity+text_similarity,Core Number Only,xgboost,3.947993725014385,271,1798,0.6271645021645023,0.0,0.0431603535630142,0.0,0.0,0.4931266772550524,0.0,0.0210930062013403,0.0,0.0
BERTopic_topic_512,5.0,similarity+text_similarity+interactions,"All (Unweighted Clustering, No Square Clustering)",logistic_regression,4.536724714562297,271,1798,0.6098484848484848,0.0,0.1140319337525676,0.0,0.0,0.4753911313142377,0.0,0.032593181941364,0.0,0.0
BERTopic_topic_512,5.0,similarity+text_similarity+interactions,"All (Unweighted Clustering, No Square Clustering)",random_forest,4.536724714562297,271,1798,0.8463203463203464,0.25,0.3899918303450195,0.1428571428571428,1.0,0.5559906530113004,0.0,0.1230992055982786,0.0,0.0
BERTopic_topic_512,5.0,similarity+text_similarity+interactions,"All (Unweighted Clustering, No Square Clustering)",xgboost,4.536724714562297,271,1798,0.8333333333333334,0.4444444444444444,0.4053147421568474,0.2857142857142857,1.0,0.4942311554119429,0.0,0.0841240218996282,0.0,0.0
BERTopic_topic_512,5.0,similarity+text_similarity+interactions,"All but Betweenness and Harmonic (Unweighted Clustering, No Square Clustering)",logistic_regression,4.536724714562297,271,1798,0.7267316017316017,0.0,0.1837917075799188,0.0,0.0,0.5023732588495171,0.0,0.0713780138694981,0.0,0.0
BERTopic_topic_512,5.0,similarity+text_similarity+interactions,"All but Betweenness and Harmonic (Unweighted Clustering, No Square Clustering)",random_forest,4.536724714562297,271,1798,0.7540584415584416,0.25,0.360439176859841,0.1428571428571428,1.0,0.5241889844277707,0.0625,0.1068832200104489,0.032258064516129,1.0
BERTopic_topic_512,5.0,similarity+text_similarity+interactions,"All but Betweenness and Harmonic (Unweighted Clustering, No Square Clustering)",xgboost,4.536724714562297,271,1798,0.8436147186147186,0.4444444444444444,0.4508070822062322,0.2857142857142857,1.0,0.4927159209157127,0.0,0.0884948967315629,0.0,0.0
BERTopic_topic_512,5.0,similarity+text_similarity+interactions,Core Number Only,logistic_regression,4.536724714562297,271,1798,0.3273809523809523,0.0,0.0236557292746838,0.0,0.0,0.4713109516767987,0.0,0.0192124299507592,0.0,0.0
BERTopic_topic_512,5.0,similarity+text_similarity+interactions,Core Number Only,random_forest,4.536724714562297,271,1798,0.5432900432900433,0.0,0.0299599775334488,0.0,0.0,0.4663544918487686,0.0,0.0175960705100967,0.0,0.0
BERTopic_topic_512,5.0,similarity+text_similarity+interactions,Core Number Only,xgboost,4.536724714562297,271,1798,0.6382575757575757,0.0,0.0435454015526048,0.0,0.0,0.4926885371597568,0.0,0.0209591361033052,0.0,0.0
BERTopic_topic_512,5.0,text_similarity,"All (Unweighted Clustering, No Square Clustering)",logistic_regression,4.417410843074322,271,1798,0.6120129870129869,0.0,0.1208983374156933,0.0,0.0,0.4762674115048287,0.0,0.0360444139924482,0.0,0.0
BERTopic_topic_512,5.0,text_similarity,"All (Unweighted Clustering, No Square Clustering)",random_forest,4.417410843074322,271,1798,0.8043831168831168,0.25,0.3825512169999391,0.1428571428571428,1.0,0.5535900104058273,0.0625,0.1071018937603009,0.032258064516129,1.0
BERTopic_topic_512,5.0,text_similarity,"All (Unweighted Clustering, No Square Clustering)",xgboost,4.417410843074322,271,1798,0.8931277056277057,0.25,0.4123438118829824,0.1428571428571428,1.0,0.4945049929715026,0.0,0.084341425221272,0.0,0.0
BERTopic_topic_512,5.0,text_similarity,"All but Betweenness and Harmonic (Unweighted Clustering, No Square Clustering)",logistic_regression,4.417410843074322,271,1798,0.735930735930736,0.0,0.211000067315498,0.0,0.0,0.5051298902824177,0.0,0.0751489503124479,0.0,0.0
BERTopic_topic_512,5.0,text_similarity,"All but Betweenness and Harmonic (Unweighted Clustering, No Square Clustering)",random_forest,4.417410843074322,271,1798,0.8579545454545454,0.25,0.3844702053258202,0.1428571428571428,1.0,0.5279770706683461,0.0625,0.1073834725748931,0.032258064516129,1.0
BERTopic_topic_512,5.0,text_similarity,"All but Betweenness and Harmonic (Unweighted Clustering, No Square Clustering)",xgboost,4.417410843074322,271,1798,0.911525974025974,0.25,0.5271726481403901,0.1428571428571428,1.0,0.4940485970389032,0.0625,0.0990816056852184,0.032258064516129,1.0
BERTopic_topic_512,5.0,text_similarity,Core Number Only,logistic_regression,4.417410843074322,271,1798,0.3146645021645021,0.0,0.0213466406560714,0.0,0.0,0.4720138014130018,0.0,0.0194466178137779,0.0,0.0
BERTopic_topic_512,5.0,text_similarity,Core Number Only,random_forest,4.417410843074322,271,1798,0.5422077922077922,0.0,0.0299599775334488,0.0,0.0,0.4662358289062927,0.0,0.0184805894099787,0.0,0.0
BERTopic_topic_512,5.0,text_similarity,Core Number Only,xgboost,4.417410843074322,271,1798,0.6252705627705628,0.0,0.0430323799991594,0.0,0.0,0.4917757452945579,0.0,0.0210491182664863,0.0,0.0
BERTopic_topic_512,5.0,text_similarity+interactions,"All (Unweighted Clustering, No Square Clustering)",logistic_regression,4.4672291630122345,271,1798,0.612012987012987,0.0,0.1226862520716341,0.0,0.0,0.4762674115048286,0.0,0.035121772477625,0.0,0.0
BERTopic_topic_512,5.0,text_similarity+interactions,"All (Unweighted Clustering, No Square Clustering)",random_forest,4.4672291630122345,271,1798,0.8417207792207791,0.25,0.285964323757672,0.1428571428571428,1.0,0.5793672526790441,0.0,0.1079117860895522,0.0,0.0
BERTopic_topic_512,5.0,text_similarity+interactions,"All (Unweighted Clustering, No Square Clustering)",xgboost,4.4672291630122345,271,1798,0.864448051948052,0.0,0.4196695638497583,0.0,0.0,0.5161016485021085,0.0625,0.0858369325277898,0.032258064516129,1.0
BERTopic_topic_512,5.0,text_similarity+interactions,"All but Betweenness and Harmonic (Unweighted Clustering, No Square Clustering)",logistic_regression,4.4672291630122345,271,1798,0.7305194805194805,0.0,0.1905141534561619,0.0,0.0,0.504016284206875,0.0,0.0713635319713913,0.0,0.0
BERTopic_topic_512,5.0,text_similarity+interactions,"All but Betweenness and Harmonic (Unweighted Clustering, No Square Clustering)",random_forest,4.4672291630122345,271,1798,0.8087121212121212,0.25,0.319653268532523,0.1428571428571428,1.0,0.5241616006718148,0.0625,0.101583179135306,0.032258064516129,1.0
BERTopic_topic_512,5.0,text_similarity+interactions,"All but Betweenness and Harmonic (Unweighted Clustering, No Square Clustering)",xgboost,4.4672291630122345,271,1798,0.8996212121212122,0.2222222222222222,0.3925638957553851,0.1428571428571428,0.5,0.4930536539058364,0.0606060606060606,0.0616110226875432,0.032258064516129,0.5
BERTopic_topic_512,5.0,text_similarity+interactions,Core Number Only,logistic_regression,4.4672291630122345,271,1798,0.3222402597402597,0.0,0.0223671208432182,0.0,0.0,0.4714113587819705,0.0,0.0192400598438983,0.0,0.0
BERTopic_topic_512,5.0,text_similarity+interactions,Core Number Only,random_forest,4.4672291630122345,271,1798,0.5395021645021645,0.0,0.029688344659416,0.0,0.0,0.4656972817058253,0.0,0.0183917165731013,0.0,0.0
BERTopic_topic_512,5.0,text_similarity+interactions,Core Number Only,xgboost,4.4672291630122345,271,1798,0.6314935064935064,0.0,0.043627251102289,0.0,0.0,0.4913376051992625,0.0,0.0209153582316555,0.0,0.0
BERTopic_topic_512,10.0,interactions,"All (Unweighted Clustering, No Square Clustering)",logistic_regression,2.503281407058239,490,1798,0.55375,0.0,0.0375170072172276,0.0,0.0,0.4886448691969256,0.0,0.0183976382804056,0.0,0.0
BERTopic_topic_512,10.0,interactions,"All (Unweighted Clustering, No Square Clustering)",random_forest,2.503281407058239,490,1798,0.5522916666666667,0.0,0.035346255282935,0.0,0.0,0.483414571809336,0.0,0.0245487677848356,0.0,0.0
BERTopic_topic_512,10.0,interactions,"All (Unweighted Clustering, No Square Clustering)",xgboost,2.503281407058239,490,1798,0.7578125,0.0,0.0612645295103278,0.0,0.0,0.5316647498037498,0.0,0.0405973956617674,0.0,0.0
BERTopic_topic_512,10.0,interactions,"All but Betweenness and Harmonic (Unweighted Clustering, No Square Clustering)",logistic_regression,2.503281407058239,490,1798,0.5358333333333333,0.0,0.0312721553724524,0.0,0.0,0.4437902769410519,0.0,0.0159749134744919,0.0,0.0
BERTopic_topic_512,10.0,interactions,"All but Betweenness and Harmonic (Unweighted Clustering, No Square Clustering)",random_forest,2.503281407058239,490,1798,0.571875,0.0,0.0431331391122804,0.0,0.0,0.4841448053014952,0.0,0.0219349222001082,0.0,0.0
BERTopic_topic_512,10.0,interactions,"All but Betweenness and Harmonic (Unweighted Clustering, No Square Clustering)",xgboost,2.503281407058239,490,1798,0.7578125,0.0,0.0612645295103278,0.0,0.0,0.5316647498037498,0.0,0.0405973956617674,0.0,0.0
BERTopic_topic_512,10.0,interactions,Core Number Only,logistic_regression,2.503281407058239,490,1798,0.4539583333333334,0.0,0.0181171383969841,0.0,0.0,0.4628402431677528,0.0,0.015854790888737,0.0,0.0
BERTopic_topic_512,10.0,interactions,Core Number Only,random_forest,2.503281407058239,490,1798,0.5185416666666667,0.0,0.0212089841267024,0.0,0.0,0.5080051846577943,0.0,0.0188278049275563,0.0,0.0
BERTopic_topic_512,10.0,interactions,Core Number Only,xgboost,2.503281407058239,490,1798,0.3472916666666668,0.0,0.0155618305667827,0.0,0.0,0.431239388794567,0.0,0.014889517001749,0.0,0.0
BERTopic_topic_512,10.0,similarity,"All (Unweighted Clustering, No Square Clustering)",logistic_regression,3.7528162198141217,490,1798,0.6343750000000001,0.0,0.0337581896914766,0.0,0.0,0.5078500100407105,0.0,0.0202041995992332,0.0,0.0
BERTopic_topic_512,10.0,similarity,"All (Unweighted Clustering, No Square Clustering)",random_forest,3.7528162198141217,490,1798,0.8704166666666667,0.0,0.1572431761979461,0.0,0.0,0.6180422440075214,0.0,0.0647892202224205,0.0,0.0
BERTopic_topic_512,10.0,similarity,"All (Unweighted Clustering, No Square Clustering)",xgboost,3.7528162198141217,490,1798,0.8638541666666666,0.1666666666666666,0.1753750245264642,0.1,0.5,0.5418971466126294,0.0555555555555555,0.060968838628948,0.032258064516129,0.2
BERTopic_topic_512,10.0,similarity,"All but Betweenness and Harmonic (Unweighted Clustering, No Square Clustering)",logistic_regression,3.7528162198141217,490,1798,0.6383333333333334,0.0,0.0355215205614185,0.0,0.0,0.5297752706427881,0.0,0.0226056279854775,0.0,0.0
BERTopic_topic_512,10.0,similarity,"All but Betweenness and Harmonic (Unweighted Clustering, No Square Clustering)",random_forest,3.7528162198141217,490,1798,0.8274999999999999,0.0,0.1557169661605751,0.0,0.0,0.5694634609416361,0.0,0.0745158382973043,0.0,0.0
BERTopic_topic_512,10.0,similarity,"All but Betweenness and Harmonic (Unweighted Clustering, No Square Clustering)",xgboost,3.7528162198141217,490,1798,0.8282291666666667,0.1666666666666666,0.2085484179028317,0.1,0.5,0.5366942329809957,0.0555555555555555,0.0491190848276436,0.032258064516129,0.2
BERTopic_topic_512,10.0,similarity,Core Number Only,logistic_regression,3.7528162198141217,490,1798,0.345,0.0,0.0157904598326268,0.0,0.0,0.4692936816547091,0.0,0.0170401819776662,0.0,0.0
BERTopic_topic_512,10.0,similarity,Core Number Only,random_forest,3.7528162198141217,490,1798,0.6992708333333333,0.0,0.0761550554573282,0.0,0.0,0.553763440860215,0.0,0.0323890158462425,0.0,0.0
BERTopic_topic_512,10.0,similarity,Core Number Only,xgboost,3.7528162198141217,490,1798,0.6538541666666667,0.0,0.0714234291868112,0.0,0.0,0.5540737900943826,0.0,0.0337042360293644,0.0,0.0
BERTopic_topic_512,10.0,similarity+interactions,"All (Unweighted Clustering, No Square Clustering)",logistic_regression,5.249604312703013,490,1798,0.6166666666666667,0.0,0.0342934223126612,0.0,0.0,0.5279679427496943,0.0,0.0229689893525945,0.0,0.0
BERTopic_topic_512,10.0,similarity+interactions,"All (Unweighted Clustering, No Square Clustering)",random_forest,5.249604312703013,490,1798,0.8184374999999999,0.0,0.2512069906539952,0.0,0.0,0.5324132391332128,0.0,0.0569163738496804,0.0,0.0
BERTopic_topic_512,10.0,similarity+interactions,"All (Unweighted Clustering, No Square Clustering)",xgboost,5.249604312703013,490,1798,0.7929166666666666,0.0,0.206584873758991,0.0,0.0,0.5608467057341585,0.0,0.0435627124508822,0.0,0.0
BERTopic_topic_512,10.0,similarity+interactions,"All but Betweenness and Harmonic (Unweighted Clustering, No Square Clustering)",logistic_regression,5.249604312703013,490,1798,0.6202083333333334,0.0,0.0368541278712188,0.0,0.0,0.5296839914562682,0.0,0.0243660234729155,0.0,0.0
BERTopic_topic_512,10.0,similarity+interactions,"All but Betweenness and Harmonic (Unweighted Clustering, No Square Clustering)",random_forest,5.249604312703013,490,1798,0.8320833333333333,0.0,0.2437281693565563,0.0,0.0,0.537287547693375,0.0,0.0795433102055955,0.0,0.0
BERTopic_topic_512,10.0,similarity+interactions,"All but Betweenness and Harmonic (Unweighted Clustering, No Square Clustering)",xgboost,5.249604312703013,490,1798,0.8219791666666666,0.0,0.2445414462081128,0.0,0.0,0.5621063585081331,0.0,0.0597025835197377,0.0,0.0
BERTopic_topic_512,10.0,similarity+interactions,Core Number Only,logistic_regression,5.249604312703013,490,1798,0.3453125,0.0,0.0157676505223319,0.0,0.0,0.4698322288551764,0.0,0.0171701730310213,0.0,0.0
BERTopic_topic_512,10.0,similarity+interactions,Core Number Only,random_forest,5.249604312703013,490,1798,0.6858333333333333,0.0,0.0699910348038821,0.0,0.0,0.5549135586103656,0.0,0.031604843563713,0.0,0.0
BERTopic_topic_512,10.0,similarity+interactions,Core Number Only,xgboost,5.249604312703013,490,1798,0.6428124999999999,0.0,0.0662694695485393,0.0,0.0,0.5655384559212807,0.0,0.0332123144666081,0.0,0.0
BERTopic_topic_512,10.0,similarity+text_similarity,"All (Unweighted Clustering, No Square Clustering)",logistic_regression,6.34240637201583,490,1798,0.6925,0.0,0.0844386172532831,0.0,0.0,0.5236413093086515,0.0,0.0350059119225229,0.0,0.0
BERTopic_topic_512,10.0,similarity+text_similarity,"All (Unweighted Clustering, No Square Clustering)",random_forest,6.34240637201583,490,1798,0.9464583333333334,0.3333333333333333,0.5702750501530989,0.2,1.0,0.5937802362305347,0.1212121212121212,0.1693601593547522,0.064516129032258,1.0
BERTopic_topic_512,10.0,similarity+text_similarity,"All (Unweighted Clustering, No Square Clustering)",xgboost,6.34240637201583,490,1798,0.8645833333333334,0.4615384615384615,0.4807970955600585,0.3,1.0,0.5941453529766143,0.1714285714285714,0.141554094309423,0.0967741935483871,0.75
BERTopic_topic_512,10.0,similarity+text_similarity,"All but Betweenness and Harmonic (Unweighted Clustering, No Square Clustering)",logistic_regression,6.34240637201583,490,1798,0.7806249999999999,0.0,0.1218624309647664,0.0,0.0,0.5519561129671212,0.0,0.0382033721221758,0.0,0.0
BERTopic_topic_512,10.0,similarity+text_similarity,"All but Betweenness and Harmonic (Unweighted Clustering, No Square Clustering)",random_forest,6.34240637201583,490,1798,0.8406250000000001,0.3333333333333333,0.5407362220250419,0.2,1.0,0.6161253810906038,0.1212121212121212,0.1830039474163423,0.064516129032258,1.0
BERTopic_topic_512,10.0,similarity+text_similarity,"All but Betweenness and Harmonic (Unweighted Clustering, No Square Clustering)",xgboost,6.34240637201583,490,1798,0.773125,0.3333333333333333,0.5239368549929456,0.2,1.0,0.5912426748452817,0.1764705882352941,0.1816767300804909,0.0967741935483871,1.0
BERTopic_topic_512,10.0,similarity+text_similarity,Core Number Only,logistic_regression,6.34240637201583,490,1798,0.2842708333333333,0.0,0.0144912902641451,0.0,0.0,0.4855048651806415,0.0,0.0193892761408181,0.0,0.0
BERTopic_topic_512,10.0,similarity+text_similarity,Core Number Only,random_forest,6.34240637201583,490,1798,0.6333333333333334,0.0,0.0290575406141314,0.0,0.0,0.5552512916004892,0.0,0.0226738799012307,0.0,0.0
BERTopic_topic_512,10.0,similarity+text_similarity,Core Number Only,xgboost,6.34240637201583,490,1798,0.5910416666666667,0.0,0.033195851040246,0.0,0.0,0.5526498347846724,0.0,0.0228332753195216,0.0,0.0
BERTopic_topic_512,10.0,similarity+text_similarity+interactions,"All (Unweighted Clustering, No Square Clustering)",logistic_regression,7.995678910985589,490,1798,0.6968750000000001,0.0,0.0801652033006151,0.0,0.0,0.5260875915073845,0.0,0.0346831507219378,0.0,0.0
BERTopic_topic_512,10.0,similarity+text_similarity+interactions,"All (Unweighted Clustering, No Square Clustering)",random_forest,7.995678910985589,490,1798,0.9070833333333334,0.3333333333333333,0.4786142531303821,0.2,1.0,0.6438559979553462,0.1212121212121212,0.1595875264165381,0.064516129032258,1.0
BERTopic_topic_512,10.0,similarity+text_similarity+interactions,"All (Unweighted Clustering, No Square Clustering)",xgboost,7.995678910985589,490,1798,0.8091666666666667,0.3333333333333333,0.4686986728593679,0.2,1.0,0.5914982565675375,0.1212121212121212,0.1419994342091518,0.064516129032258,1.0
BERTopic_topic_512,10.0,similarity+text_similarity+interactions,"All but Betweenness and Harmonic (Unweighted Clustering, No Square Clustering)",logistic_regression,7.995678910985589,490,1798,0.77875,0.0,0.1091670465629874,0.0,0.0,0.5550596053087975,0.0,0.0364255953054344,0.0,0.0
BERTopic_topic_512,10.0,similarity+text_similarity+interactions,"All but Betweenness and Harmonic (Unweighted Clustering, No Square Clustering)",random_forest,7.995678910985589,490,1798,0.7659374999999999,0.3333333333333333,0.450178832269104,0.2,1.0,0.5869616809974989,0.1212121212121212,0.1589462740596404,0.064516129032258,1.0
BERTopic_topic_512,10.0,similarity+text_similarity+interactions,"All but Betweenness and Harmonic (Unweighted Clustering, No Square Clustering)",xgboost,7.995678910985589,490,1798,0.7516666666666667,0.3333333333333333,0.5185030015158175,0.2,1.0,0.5895631378133158,0.1764705882352941,0.1694407543096982,0.0967741935483871,1.0
BERTopic_topic_512,10.0,similarity+text_similarity+interactions,Core Number Only,logistic_regression,7.995678910985589,490,1798,0.2789583333333333,0.0,0.0143108952868042,0.0,0.0,0.484299979918579,0.0,0.0191152258794338,0.0,0.0
BERTopic_topic_512,10.0,similarity+text_similarity+interactions,Core Number Only,random_forest,7.995678910985589,490,1798,0.6332291666666667,0.0,0.0290964914984871,0.0,0.0,0.5562827464081639,0.0,0.0226338007334417,0.0,0.0
BERTopic_topic_512,10.0,similarity+text_similarity+interactions,Core Number Only,xgboost,7.995678910985589,490,1798,0.5897916666666667,0.0,0.0330251119088081,0.0,0.0,0.5529419281815361,0.0,0.0230614540364922,0.0,0.0
BERTopic_topic_512,10.0,text_similarity,"All (Unweighted Clustering, No Square Clustering)",logistic_regression,6.538564739748836,490,1798,0.6908333333333333,0.0,0.0839061050749011,0.0,0.0,0.5168866495061796,0.0,0.0282797271019159,0.0,0.0
BERTopic_topic_512,10.0,text_similarity,"All (Unweighted Clustering, No Square Clustering)",random_forest,6.538564739748836,490,1798,0.9165625,0.1818181818181818,0.6036363447818152,0.1,1.0,0.6186720703945087,0.0,0.1696315695126694,0.0,0.0
BERTopic_topic_512,10.0,text_similarity,"All (Unweighted Clustering, No Square Clustering)",xgboost,6.538564739748836,490,1798,0.903125,0.3333333333333333,0.4822421401192482,0.2,1.0,0.6060846705734159,0.1764705882352941,0.1626002892041927,0.0967741935483871,1.0
BERTopic_topic_512,10.0,text_similarity,"All but Betweenness and Harmonic (Unweighted Clustering, No Square Clustering)",logistic_regression,6.538564739748836,490,1798,0.7627083333333333,0.0,0.1410304029240578,0.0,0.0,0.5428647059897402,0.0,0.0354046377674172,0.0,0.0
BERTopic_topic_512,10.0,text_similarity,"All but Betweenness and Harmonic (Unweighted Clustering, No Square Clustering)",random_forest,6.538564739748836,490,1798,0.8545833333333334,0.3333333333333333,0.6097259882974169,0.2,1.0,0.5887416251346367,0.0606060606060606,0.1581576030944312,0.032258064516129,0.5
BERTopic_topic_512,10.0,text_similarity,"All but Betweenness and Harmonic (Unweighted Clustering, No Square Clustering)",xgboost,6.538564739748836,490,1798,0.8760416666666666,0.5714285714285714,0.5892850947700793,0.4,1.0,0.6114518867407854,0.1212121212121212,0.1527115105156969,0.064516129032258,1.0
BERTopic_topic_512,10.0,text_similarity,Core Number Only,logistic_regression,6.538564739748836,490,1798,0.2790625,0.0,0.0143390118356884,0.0,0.0,0.4853588184822096,0.0,0.0193477820807876,0.0,0.0
BERTopic_topic_512,10.0,text_similarity,Core Number Only,random_forest,6.538564739748836,490,1798,0.6277083333333334,0.0,0.02807169179262,0.0,0.0,0.555543384997353,0.0,0.0224449459938736,0.0,0.0
BERTopic_topic_512,10.0,text_similarity,Core Number Only,xgboost,6.538564739748836,490,1798,0.6040625,0.0,0.0344303366277886,0.0,0.0,0.5524946601675885,0.0,0.0227165412335184,0.0,0.0
BERTopic_topic_512,10.0,text_similarity+interactions,"All (Unweighted Clustering, No Square Clustering)",logistic_regression,7.787602826982038,490,1798,0.6891666666666666,0.0,0.0862867207239409,0.0,0.0,0.4880241707285904,0.0,0.0266289447845124,0.0,0.0
BERTopic_topic_512,10.0,text_similarity+interactions,"All (Unweighted Clustering, No Square Clustering)",random_forest,7.787602826982038,490,1798,0.9384375,0.1818181818181818,0.6032286918685468,0.1,1.0,0.5836756302827829,0.0,0.1603285010761377,0.0,0.0
BERTopic_topic_512,10.0,text_similarity+interactions,"All (Unweighted Clustering, No Square Clustering)",xgboost,7.787602826982038,490,1798,0.9064583333333334,0.1818181818181818,0.6122924525949437,0.1,1.0,0.620032130273655,0.1212121212121212,0.1741732647253231,0.064516129032258,1.0
BERTopic_topic_512,10.0,text_similarity+interactions,"All but Betweenness and Harmonic (Unweighted Clustering, No Square Clustering)",logistic_regression,7.787602826982038,490,1798,0.74375,0.0,0.1036706766375008,0.0,0.0,0.5402541212552714,0.0,0.0326471605947731,0.0,0.0
BERTopic_topic_512,10.0,text_similarity+interactions,"All but Betweenness and Harmonic (Unweighted Clustering, No Square Clustering)",random_forest,7.787602826982038,490,1798,0.83875,0.3333333333333333,0.6262104841936774,0.2,1.0,0.5838764444931268,0.0625,0.1983326536800634,0.032258064516129,1.0
BERTopic_topic_512,10.0,text_similarity+interactions,"All but Betweenness and Harmonic (Unweighted Clustering, No Square Clustering)",xgboost,7.787602826982038,490,1798,0.8156249999999999,0.6666666666666666,0.6029759196898704,0.5,1.0,0.5609014732460704,0.1764705882352941,0.1320593119668806,0.0967741935483871,1.0
BERTopic_topic_512,10.0,text_similarity+interactions,Core Number Only,logistic_regression,7.787602826982038,490,1798,0.2789583333333333,0.0,0.0142921153221934,0.0,0.0,0.4846194570713985,0.0,0.0192263494674404,0.0,0.0
BERTopic_topic_512,10.0,text_similarity+interactions,Core Number Only,random_forest,7.787602826982038,490,1798,0.6265625000000001,0.0,0.0280091840842131,0.0,0.0,0.5549500702849737,0.0,0.0223298875869304,0.0,0.0
BERTopic_topic_512,10.0,text_similarity+interactions,Core Number Only,xgboost,7.787602826982038,490,1798,0.605625,0.0,0.0344096961335502,0.0,0.0,0.5523394855505047,0.0,0.0229016852518972,0.0,0.0
BERTopic_topic_512,20.0,interactions,"All (Unweighted Clustering, No Square Clustering)",logistic_regression,2.438080205116421,853,1798,0.660461416070008,0.0,0.0605786099467181,0.0,0.0,0.516576300272012,0.0,0.0322484285689387,0.0,0.0
BERTopic_topic_512,20.0,interactions,"All (Unweighted Clustering, No Square Clustering)",random_forest,2.438080205116421,853,1798,0.6631264916467781,0.125,0.188602309929793,0.0666666666666666,1.0,0.5412764481442941,0.1212121212121212,0.1108654592593236,0.064516129032258,1.0
BERTopic_topic_512,20.0,interactions,"All (Unweighted Clustering, No Square Clustering)",xgboost,2.438080205116421,853,1798,0.7483293556085919,0.2608695652173913,0.240691697819761,0.2,0.375,0.6083210106431531,0.0606060606060606,0.1141171869406833,0.032258064516129,0.5
BERTopic_topic_512,20.0,interactions,"All but Betweenness and Harmonic (Unweighted Clustering, No Square Clustering)",logistic_regression,2.438080205116421,853,1798,0.5591885441527445,0.0,0.0218018245096451,0.0,0.0,0.4127005860123774,0.0,0.014039716973813,0.0,0.0
BERTopic_topic_512,20.0,interactions,"All but Betweenness and Harmonic (Unweighted Clustering, No Square Clustering)",random_forest,2.438080205116421,853,1798,0.6682179793158314,0.2352941176470588,0.212816776275889,0.1333333333333333,1.0,0.5551235007393615,0.0625,0.1211088477994326,0.032258064516129,1.0
BERTopic_topic_512,20.0,interactions,"All but Betweenness and Harmonic (Unweighted Clustering, No Square Clustering)",xgboost,2.438080205116421,853,1798,0.7471758154335719,0.2608695652173913,0.2437983922462302,0.2,0.375,0.608467057341585,0.0588235294117647,0.0997945198405101,0.032258064516129,0.3333333333333333
BERTopic_topic_512,20.0,interactions,Core Number Only,logistic_regression,2.438080205116421,853,1798,0.4012330946698488,0.0,0.0140179996029335,0.0,0.0,0.4058729028606897,0.0,0.0139635270975944,0.0,0.0
BERTopic_topic_512,20.0,interactions,Core Number Only,random_forest,2.438080205116421,853,1798,0.633054892601432,0.0,0.03039984792582,0.0,0.0,0.5431385435492999,0.0,0.0225554707575109,0.0,0.0
BERTopic_topic_512,20.0,interactions,Core Number Only,xgboost,2.438080205116421,853,1798,0.5869928400954654,0.0,0.0285390170325471,0.0,0.0,0.5311992259524984,0.0,0.0221527658746861,0.0,0.0
BERTopic_topic_512,20.0,similarity,"All (Unweighted Clustering, No Square Clustering)",logistic_regression,4.9250436830334365,853,1798,0.805727923627685,0.0,0.321634174770055,0.0,0.0,0.6213648063968453,0.0,0.0475991899510914,0.0,0.0
BERTopic_topic_512,20.0,similarity,"All (Unweighted Clustering, No Square Clustering)",random_forest,4.9250436830334365,853,1798,0.8183770883054893,0.3333333333333333,0.4016049348567795,0.2,1.0,0.700357814411158,0.1764705882352941,0.2383235890622468,0.0967741935483871,1.0
BERTopic_topic_512,20.0,similarity,"All (Unweighted Clustering, No Square Clustering)",xgboost,4.9250436830334365,853,1798,0.8518695306284805,0.2857142857142857,0.3526342529269115,0.2,0.5,0.6579495043540173,0.2777777777777778,0.2105776428903788,0.1612903225806451,1.0
BERTopic_topic_512,20.0,similarity,"All but Betweenness and Harmonic (Unweighted Clustering, No Square Clustering)",logistic_regression,4.9250436830334365,853,1798,0.8031821797931583,0.0,0.3149090718778517,0.0,0.0,0.6247238804607773,0.0,0.0573411550417511,0.0,0.0
BERTopic_topic_512,20.0,similarity,"All but Betweenness and Harmonic (Unweighted Clustering, No Square Clustering)",random_forest,4.9250436830334365,853,1798,0.8227923627684965,0.3333333333333333,0.3864427917119925,0.2,1.0,0.6416652974788689,0.1764705882352941,0.2265349211663372,0.0967741935483871,1.0
BERTopic_topic_512,20.0,similarity,"All but Betweenness and Harmonic (Unweighted Clustering, No Square Clustering)",xgboost,4.9250436830334365,853,1798,0.784884645982498,0.3157894736842105,0.3123570436704876,0.2,0.75,0.6314785402632491,0.2631578947368421,0.1822777874644391,0.1612903225806451,0.7142857142857143
BERTopic_topic_512,20.0,similarity,Core Number Only,logistic_regression,4.9250436830334365,853,1798,0.6250198886237074,0.0,0.0313711691290941,0.0,0.0,0.4301622943936323,0.0,0.0187039375771025,0.0,0.0
BERTopic_topic_512,20.0,similarity,Core Number Only,random_forest,4.9250436830334365,853,1798,0.7532219570405727,0.0,0.1879990047356735,0.0,0.0,0.6253263230918087,0.0555555555555555,0.0993680916538131,0.032258064516129,0.2
BERTopic_topic_512,20.0,similarity,Core Number Only,xgboost,4.9250436830334365,853,1798,0.7450676213206047,0.0,0.2039919012483151,0.0,0.0,0.6397119228873432,0.0555555555555555,0.1039255019204394,0.032258064516129,0.2
BERTopic_topic_512,20.0,similarity+interactions,"All (Unweighted Clustering, No Square Clustering)",logistic_regression,8.544755404815078,853,1798,0.7570405727923628,0.0,0.0442924663358578,0.0,0.0,0.5446537780455301,0.0,0.0189180313747819,0.0,0.0
BERTopic_topic_512,20.0,similarity+interactions,"All (Unweighted Clustering, No Square Clustering)",random_forest,8.544755404815078,853,1798,0.7309466984884646,0.2352941176470588,0.360423501246802,0.1333333333333333,1.0,0.6085765923654087,0.0625,0.1796955085725636,0.032258064516129,1.0
BERTopic_topic_512,20.0,similarity+interactions,"All (Unweighted Clustering, No Square Clustering)",xgboost,8.544755404815078,853,1798,0.7474940334128878,0.3636363636363636,0.322645007303401,0.2666666666666666,0.5714285714285714,0.6272979535206382,0.1176470588235294,0.1368665802460167,0.064516129032258,0.6666666666666666
BERTopic_topic_512,20.0,similarity+interactions,"All but Betweenness and Harmonic (Unweighted Clustering, No Square Clustering)",logistic_regression,8.544755404815078,853,1798,0.7490055688146381,0.0,0.0449262267691391,0.0,0.0,0.5382824908264419,0.0,0.0190224829204944,0.0,0.0
BERTopic_topic_512,20.0,similarity+interactions,"All but Betweenness and Harmonic (Unweighted Clustering, No Square Clustering)",random_forest,8.544755404815078,853,1798,0.7941129673826572,0.3333333333333333,0.326856135948765,0.2,1.0,0.6342169158588459,0.1176470588235294,0.1848127891277899,0.064516129032258,0.6666666666666666
BERTopic_topic_512,20.0,similarity+interactions,"All but Betweenness and Harmonic (Unweighted Clustering, No Square Clustering)",xgboost,8.544755404815078,853,1798,0.7628480509148767,0.3157894736842105,0.3004669461497823,0.2,0.75,0.6181882907059533,0.1714285714285714,0.1188861933485408,0.0967741935483871,0.75
BERTopic_topic_512,20.0,similarity+interactions,Core Number Only,logistic_regression,8.544755404815078,853,1798,0.6195704057279237,0.0,0.0309959605015482,0.0,0.0,0.431230260875915,0.0,0.0184544095915883,0.0,0.0
BERTopic_topic_512,20.0,similarity+interactions,Core Number Only,random_forest,8.544755404815078,853,1798,0.750238663484487,0.0,0.1847878790899662,0.0,0.0,0.6322452854300162,0.0555555555555555,0.0971937450975446,0.032258064516129,0.2
BERTopic_topic_512,20.0,similarity+interactions,Core Number Only,xgboost,8.544755404815078,853,1798,0.7390214797136039,0.0,0.197321786755973,0.0,0.0,0.646411815177903,0.0,0.1011150165233888,0.0,0.0
BERTopic_topic_512,20.0,similarity+text_similarity,"All (Unweighted Clustering, No Square Clustering)",logistic_regression,12.19775607099291,853,1798,0.7199681782020685,0.0,0.1255132633478983,0.0,0.0,0.596883728572211,0.0,0.0470505020047803,0.0,0.0
BERTopic_topic_512,20.0,similarity+text_similarity,"All (Unweighted Clustering, No Square Clustering)",random_forest,12.19775607099291,853,1798,0.9031821797931584,0.4210526315789473,0.5904818990223445,0.2666666666666666,1.0,0.7111743980137649,0.3243243243243243,0.2846890339371161,0.1935483870967742,1.0
BERTopic_topic_512,20.0,similarity+text_similarity,"All (Unweighted Clustering, No Square Clustering)",xgboost,12.19775607099291,853,1798,0.8764916467780429,0.4210526315789473,0.5323075659126218,0.2666666666666666,1.0,0.7136663198057579,0.1764705882352941,0.2800951033055457,0.0967741935483871,1.0
BERTopic_topic_512,20.0,similarity+text_similarity,"All but Betweenness and Harmonic (Unweighted Clustering, No Square Clustering)",logistic_regression,12.19775607099291,853,1798,0.7983293556085919,0.0,0.2163928431745957,0.0,0.0,0.6161801486025158,0.0,0.0538402597477558,0.0,0.0
BERTopic_topic_512,20.0,similarity+text_similarity,"All but Betweenness and Harmonic (Unweighted Clustering, No Square Clustering)",random_forest,12.19775607099291,853,1798,0.8551710421638823,0.5,0.5926806647342189,0.3333333333333333,1.0,0.7018913047446921,0.2777777777777778,0.3086115453873214,0.1612903225806451,1.0
BERTopic_topic_512,20.0,similarity+text_similarity,"All but Betweenness and Harmonic (Unweighted Clustering, No Square Clustering)",xgboost,12.19775607099291,853,1798,0.9037390612569612,0.4210526315789473,0.575520077343928,0.2666666666666666,1.0,0.7249119155850082,0.2777777777777778,0.2883648159427588,0.1612903225806451,1.0
BERTopic_topic_512,20.0,similarity+text_similarity,Core Number Only,logistic_regression,12.19775607099291,853,1798,0.6578361177406523,0.0,0.07939844903412,0.0,0.0,0.432106541066506,0.0,0.0234955997014526,0.0,0.0
BERTopic_topic_512,20.0,similarity+text_similarity,Core Number Only,random_forest,12.19775607099291,853,1798,0.7740254574383453,0.0,0.0783245580131479,0.0,0.0,0.6221315515636126,0.0,0.0467268289850194,0.0,0.0
BERTopic_topic_512,20.0,similarity+text_similarity,Core Number Only,xgboost,12.19775607099291,853,1798,0.7485282418456642,0.0,0.0855121655763792,0.0,0.0,0.6047885061248334,0.0,0.0469259464233601,0.0,0.0
BERTopic_topic_512,20.0,similarity+text_similarity+interactions,"All (Unweighted Clustering, No Square Clustering)",logistic_regression,14.00291063822806,853,1798,0.694510739856802,0.0,0.1288319174383166,0.0,0.0,0.572822535005568,0.0,0.0457131438671783,0.0,0.0
BERTopic_topic_512,20.0,similarity+text_similarity+interactions,"All (Unweighted Clustering, No Square Clustering)",random_forest,14.00291063822806,853,1798,0.9021081941129674,0.4210526315789473,0.5903034829110926,0.2666666666666666,1.0,0.6810431385435493,0.3243243243243243,0.2688267766407492,0.1935483870967742,1.0
BERTopic_topic_512,20.0,similarity+text_similarity+interactions,"All (Unweighted Clustering, No Square Clustering)",xgboost,14.00291063822806,853,1798,0.8926014319809069,0.3157894736842105,0.5047933024094557,0.2,0.75,0.6798930207933986,0.2285714285714285,0.2699420885272376,0.1290322580645161,1.0
BERTopic_topic_512,20.0,similarity+text_similarity+interactions,"All but Betweenness and Harmonic (Unweighted Clustering, No Square Clustering)",logistic_regression,14.00291063822806,853,1798,0.7722354813046938,0.0,0.2582380894794776,0.0,0.0,0.6096628146849955,0.0,0.0435789271318706,0.0,0.0
BERTopic_topic_512,20.0,similarity+text_similarity+interactions,"All but Betweenness and Harmonic (Unweighted Clustering, No Square Clustering)",random_forest,14.00291063822806,853,1798,0.8974144789180589,0.5,0.6095733998284316,0.3333333333333333,1.0,0.6989156032641437,0.3243243243243243,0.2933865451976728,0.1935483870967742,1.0
BERTopic_topic_512,20.0,similarity+text_similarity+interactions,"All but Betweenness and Harmonic (Unweighted Clustering, No Square Clustering)",xgboost,14.00291063822806,853,1798,0.8770883054892602,0.4210526315789473,0.5764030683021709,0.2666666666666666,1.0,0.6938769921682458,0.2777777777777778,0.2417726091890925,0.1612903225806451,1.0
BERTopic_topic_512,20.0,similarity+text_similarity+interactions,Core Number Only,logistic_regression,14.00291063822806,853,1798,0.648249801113763,0.0,0.0779460829962854,0.0,0.0,0.4283184548259306,0.0,0.0233822369677295,0.0,0.0
BERTopic_topic_512,20.0,similarity+text_similarity+interactions,Core Number Only,random_forest,14.00291063822806,853,1798,0.769928400954654,0.0,0.0767224957032478,0.0,0.0,0.6205159099622104,0.0,0.0465200311745647,0.0,0.0
BERTopic_topic_512,20.0,similarity+text_similarity+interactions,Core Number Only,xgboost,14.00291063822806,853,1798,0.7455449482895784,0.0,0.0837846673217432,0.0,0.0,0.6028077477773518,0.0,0.0465271440343181,0.0,0.0
BERTopic_topic_512,20.0,text_similarity,"All (Unweighted Clustering, No Square Clustering)",logistic_regression,11.382317317649722,853,1798,0.7347653142402546,0.0,0.1649155716436708,0.0,0.0,0.5761085857202841,0.0,0.0558057553222408,0.0,0.0
BERTopic_topic_512,20.0,text_similarity,"All (Unweighted Clustering, No Square Clustering)",random_forest,11.382317317649722,853,1798,0.906722354813047,0.4761904761904761,0.5704337791170346,0.3333333333333333,0.8333333333333334,0.7390054219836794,0.2777777777777778,0.2875748135993552,0.1612903225806451,1.0
BERTopic_topic_512,20.0,text_similarity,"All (Unweighted Clustering, No Square Clustering)",xgboost,11.382317317649722,853,1798,0.9287987271280828,0.4,0.5735809894565805,0.2666666666666666,0.8,0.6825401172024754,0.1714285714285714,0.2114280898014468,0.0967741935483871,0.75
BERTopic_topic_512,20.0,text_similarity,"All but Betweenness and Harmonic (Unweighted Clustering, No Square Clustering)",logistic_regression,11.382317317649722,853,1798,0.7861575178997613,0.0,0.2103435185687625,0.0,0.0,0.5974314036913303,0.0,0.0577762287523282,0.0,0.0
BERTopic_topic_512,20.0,text_similarity,"All but Betweenness and Harmonic (Unweighted Clustering, No Square Clustering)",random_forest,11.382317317649722,853,1798,0.8953858392999205,0.5454545454545454,0.5853833891475768,0.4,0.8571428571428571,0.7281431987878124,0.3157894736842105,0.2897031874371421,0.1935483870967742,0.8571428571428571
BERTopic_topic_512,20.0,text_similarity,"All but Betweenness and Harmonic (Unweighted Clustering, No Square Clustering)",xgboost,11.382317317649722,853,1798,0.9295942720763724,0.4761904761904761,0.6251627708793197,0.3333333333333333,0.8333333333333334,0.7098325939719224,0.2222222222222222,0.2709754067016642,0.1290322580645161,0.8
BERTopic_topic_512,20.0,text_similarity,Core Number Only,logistic_regression,11.382317317649722,853,1798,0.655648369132856,0.0,0.0807783526122424,0.0,0.0,0.43212479690381,0.0,0.0236124352263767,0.0,0.0
BERTopic_topic_512,20.0,text_similarity,Core Number Only,random_forest,11.382317317649722,853,1798,0.7807875894988066,0.0,0.0764230246774954,0.0,0.0,0.6294977819157677,0.0,0.048136693404648,0.0,0.0
BERTopic_topic_512,20.0,text_similarity,Core Number Only,xgboost,11.382317317649722,853,1798,0.7577565632458235,0.0,0.0843613710019269,0.0,0.0,0.6140624714752543,0.0,0.0480862888985378,0.0,0.0
BERTopic_topic_512,20.0,text_similarity+interactions,"All (Unweighted Clustering, No Square Clustering)",logistic_regression,15.2782724990102,853,1798,0.6668257756563246,0.0,0.1428704318437927,0.0,0.0,0.5718002081165453,0.0,0.0488180263049695,0.0,0.0
BERTopic_topic_512,20.0,text_similarity+interactions,"All (Unweighted Clustering, No Square Clustering)",random_forest,15.2782724990102,853,1798,0.9331742243436756,0.4761904761904761,0.5475223056289765,0.3333333333333333,0.8333333333333334,0.7244372638151049,0.2777777777777778,0.2822690914944289,0.1612903225806451,1.0
BERTopic_topic_512,20.0,text_similarity+interactions,"All (Unweighted Clustering, No Square Clustering)",xgboost,15.2782724990102,853,1798,0.9241050119331744,0.3333333333333333,0.5831957264213912,0.2,1.0,0.7088102670828997,0.2285714285714285,0.2625300360213598,0.1290322580645161,1.0
BERTopic_topic_512,20.0,text_similarity+interactions,"All but Betweenness and Harmonic (Unweighted Clustering, No Square Clustering)",logistic_regression,15.2782724990102,853,1798,0.7591089896579156,0.0,0.19475885433331,0.0,0.0,0.5925023276192563,0.0,0.0550954221632789,0.0,0.0
BERTopic_topic_512,20.0,text_similarity+interactions,"All but Betweenness and Harmonic (Unweighted Clustering, No Square Clustering)",random_forest,15.2782724990102,853,1798,0.9006762132060463,0.5454545454545454,0.5911986717674191,0.4,0.8571428571428571,0.7240904029063293,0.3157894736842105,0.2939155115190605,0.1935483870967742,0.8571428571428571
BERTopic_topic_512,20.0,text_similarity+interactions,"All but Betweenness and Harmonic (Unweighted Clustering, No Square Clustering)",xgboost,15.2782724990102,853,1798,0.9240254574383452,0.4,0.6377753323551643,0.2666666666666666,0.8,0.6921244317870638,0.2222222222222222,0.2503460150497222,0.1290322580645161,0.8
BERTopic_topic_512,20.0,text_similarity+interactions,Core Number Only,logistic_regression,15.2782724990102,853,1798,0.6488066825775656,0.0,0.0801386877069852,0.0,0.0,0.4283640944191905,0.0,0.0235083353857566,0.0,0.0
BERTopic_topic_512,20.0,text_similarity+interactions,Core Number Only,random_forest,15.2782724990102,853,1798,0.782219570405728,0.0,0.0834662623810591,0.0,0.0,0.6283841758402249,0.0,0.0493169709762785,0.0,0.0
BERTopic_topic_512,20.0,text_similarity+interactions,Core Number Only,xgboost,15.2782724990102,853,1798,0.7587907716785999,0.0,0.088928583544283,0.0,0.0,0.6087500228197966,0.0,0.0477215759099518,0.0,0.0
BERTopic_topic_512,50.0,interactions,"All (Unweighted Clustering, No Square Clustering)",logistic_regression,2.824020044878125,1479,1798,0.6879712131596984,0.0,0.1139515530206146,0.0,0.0,0.6936122825273382,0.0,0.0789279634063837,0.0,0.0
BERTopic_topic_512,50.0,interactions,"All (Unweighted Clustering, No Square Clustering)",random_forest,2.824020044878125,1479,1798,0.7570767649074708,0.3333333333333333,0.3421385716291329,0.2,1.0,0.7581557953155522,0.2285714285714285,0.264275210891655,0.1290322580645161,1.0
BERTopic_topic_512,50.0,interactions,"All (Unweighted Clustering, No Square Clustering)",xgboost,2.824020044878125,1479,1798,0.785229609321453,0.3846153846153846,0.3755150669243359,0.25,0.8333333333333334,0.7546232907972323,0.3243243243243243,0.2594325122027586,0.1935483870967742,1.0
BERTopic_topic_512,50.0,interactions,"All but Betweenness and Harmonic (Unweighted Clustering, No Square Clustering)",logistic_regression,2.824020044878125,1479,1798,0.6696710075394106,0.0,0.0804095956637581,0.0,0.0,0.6791719152198915,0.0,0.0576893656739298,0.0,0.0
BERTopic_topic_512,50.0,interactions,"All but Betweenness and Harmonic (Unweighted Clustering, No Square Clustering)",random_forest,2.824020044878125,1479,1798,0.7681288553803975,0.25,0.3022762536209811,0.15,0.75,0.7592785293097468,0.2222222222222222,0.2068899084843453,0.1290322580645161,0.8
BERTopic_topic_512,50.0,interactions,"All but Betweenness and Harmonic (Unweighted Clustering, No Square Clustering)",xgboost,2.824020044878125,1479,1798,0.7747601096641535,0.3076923076923077,0.3461596327593682,0.2,0.6666666666666666,0.7774157036712489,0.2777777777777778,0.2703821144175946,0.1612903225806451,1.0
BERTopic_topic_512,50.0,interactions,Core Number Only,logistic_regression,2.824020044878125,1479,1798,0.6222926662097327,0.0,0.031433545246115,0.0,0.0,0.5434945323767275,0.0,0.0267146569091467,0.0,0.0
BERTopic_topic_512,50.0,interactions,Core Number Only,random_forest,2.824020044878125,1479,1798,0.5374228923920493,0.0,0.0243819666108459,0.0,0.0,0.4980648812457784,0.0,0.0260845704293578,0.0,0.0
BERTopic_topic_512,50.0,interactions,Core Number Only,xgboost,2.824020044878125,1479,1798,0.563793694311172,0.0,0.0261681169408516,0.0,0.0,0.5228289245486244,0.0,0.027426862981083,0.0,0.0
BERTopic_topic_512,50.0,similarity,"All (Unweighted Clustering, No Square Clustering)",logistic_regression,11.236511717084795,1479,1798,0.8890335846470184,0.0,0.2677557378487715,0.0,0.0,0.7997517206126659,0.0,0.1143628041237319,0.0,0.0
BERTopic_topic_512,50.0,similarity,"All (Unweighted Clustering, No Square Clustering)",random_forest,11.236511717084795,1479,1798,0.8676662097326937,0.4,0.494198568873788,0.25,1.0,0.832703506946346,0.3684210526315789,0.3240479720918997,0.2258064516129032,1.0
BERTopic_topic_512,50.0,similarity,"All (Unweighted Clustering, No Square Clustering)",xgboost,11.236511717084795,1479,1798,0.8753941055517478,0.4666666666666667,0.4771473101500098,0.35,0.7,0.8089526626138708,0.3902439024390244,0.3098141639069133,0.2580645161290322,0.8
BERTopic_topic_512,50.0,similarity,"All but Betweenness and Harmonic (Unweighted Clustering, No Square Clustering)",logistic_regression,11.236511717084795,1479,1798,0.896915695681974,0.0952380952380952,0.2152238278442871,0.05,1.0,0.8062142870182741,0.0,0.1058716152665704,0.0,0.0
BERTopic_topic_512,50.0,similarity,"All but Betweenness and Harmonic (Unweighted Clustering, No Square Clustering)",random_forest,11.236511717084795,1479,1798,0.8166381082933516,0.4,0.4499712822585638,0.25,1.0,0.808943534695219,0.3684210526315789,0.303077401767308,0.2258064516129032,1.0
BERTopic_topic_512,50.0,similarity,"All but Betweenness and Harmonic (Unweighted Clustering, No Square Clustering)",xgboost,11.236511717084795,1479,1798,0.8838245373543522,0.4444444444444444,0.4421486037864308,0.3,0.8571428571428571,0.8201252350439053,0.3,0.2874031891659296,0.1935483870967742,0.6666666666666666
BERTopic_topic_512,50.0,similarity,Core Number Only,logistic_regression,11.236511717084795,1479,1798,0.7429232350925291,0.0,0.0434874393803055,0.0,0.0,0.4874856235281232,0.0,0.0248932089344009,0.0,0.0
BERTopic_topic_512,50.0,similarity,Core Number Only,random_forest,11.236511717084795,1479,1798,0.7539067854694996,0.0,0.119102319265897,0.0,0.0,0.7645909779652044,0.0,0.0916051184371796,0.0,0.0
BERTopic_topic_512,50.0,similarity,Core Number Only,xgboost,11.236511717084795,1479,1798,0.7820938999314598,0.0,0.1152534183927544,0.0,0.0,0.7810577432133925,0.0,0.0973262073813368,0.0,0.0
BERTopic_topic_512,50.0,similarity+interactions,"All (Unweighted Clustering, No Square Clustering)",logistic_regression,15.858836877159774,1479,1798,0.8415695681973955,0.0,0.2005630754289263,0.0,0.0,0.7814776274713839,0.0,0.1032434732733189,0.0,0.0
BERTopic_topic_512,50.0,similarity+interactions,"All (Unweighted Clustering, No Square Clustering)",random_forest,15.858836877159774,1479,1798,0.8655243317340644,0.4444444444444444,0.4952397209433387,0.3,0.8571428571428571,0.8095277214889461,0.3684210526315789,0.321767300154837,0.2258064516129032,1.0
BERTopic_topic_512,50.0,similarity+interactions,"All (Unweighted Clustering, No Square Clustering)",xgboost,15.858836877159774,1479,1798,0.8499657299520219,0.4666666666666667,0.4213163856704993,0.35,0.7,0.8209102360479764,0.3902439024390244,0.331661567273557,0.2580645161290322,0.8
BERTopic_topic_512,50.0,similarity+interactions,"All but Betweenness and Harmonic (Unweighted Clustering, No Square Clustering)",logistic_regression,15.858836877159774,1479,1798,0.838245373543523,0.0,0.1675042777538845,0.0,0.0,0.7787757635503952,0.0,0.0841670730976338,0.0,0.0
BERTopic_topic_512,50.0,similarity+interactions,"All but Betweenness and Harmonic (Unweighted Clustering, No Square Clustering)",random_forest,15.858836877159774,1479,1798,0.8424948594928032,0.3846153846153846,0.4601313019062628,0.25,0.8333333333333334,0.8082771966336236,0.3157894736842105,0.322314068934409,0.1935483870967742,0.8571428571428571
BERTopic_topic_512,50.0,similarity+interactions,"All but Betweenness and Harmonic (Unweighted Clustering, No Square Clustering)",xgboost,15.858836877159774,1479,1798,0.8649074708704593,0.4827586206896552,0.4722889404809079,0.35,0.7777777777777778,0.8133158077295215,0.4186046511627907,0.3426652023966854,0.2903225806451613,0.75
BERTopic_topic_512,50.0,similarity+interactions,Core Number Only,logistic_regression,15.858836877159774,1479,1798,0.7386052090472927,0.0,0.0419079863231332,0.0,0.0,0.4802471840370959,0.0,0.0245059747433492,0.0,0.0
BERTopic_topic_512,50.0,similarity+interactions,Core Number Only,random_forest,15.858836877159774,1479,1798,0.752501713502399,0.0,0.0965534244262107,0.0,0.0,0.7572977709622652,0.0,0.077981422615566,0.0,0.0
BERTopic_topic_512,50.0,similarity+interactions,Core Number Only,xgboost,15.858836877159774,1479,1798,0.7843385880740233,0.0,0.0975328618091152,0.0,0.0,0.7771236102743854,0.0,0.0841427435978773,0.0,0.0
BERTopic_topic_512,50.0,similarity+text_similarity,"All (Unweighted Clustering, No Square Clustering)",logistic_regression,35.09110802100622,1479,1798,0.837217272104181,0.0,0.1597231032105308,0.0,0.0,0.756667944575278,0.0,0.0597600594722533,0.0,0.0
BERTopic_topic_512,50.0,similarity+text_similarity,"All (Unweighted Clustering, No Square Clustering)",random_forest,35.09110802100622,1479,1798,0.9317854694996572,0.6,0.6409609743171315,0.45,0.9,0.8600598791463571,0.4285714285714285,0.4113124703485395,0.2903225806451613,0.8181818181818182
BERTopic_topic_512,50.0,similarity+text_similarity,"All (Unweighted Clustering, No Square Clustering)",xgboost,35.09110802100622,1479,1798,0.9386394790952708,0.6060606060606061,0.5929106244933735,0.5,0.7692307692307693,0.8632455227559013,0.35,0.339252424208276,0.2258064516129032,0.7777777777777778
BERTopic_topic_512,50.0,similarity+text_similarity,"All but Betweenness and Harmonic (Unweighted Clustering, No Square Clustering)",logistic_regression,35.09110802100622,1479,1798,0.8723098012337218,0.0,0.2545492961603673,0.0,0.0,0.8174233711229165,0.0,0.1270222830989709,0.0,0.0
BERTopic_topic_512,50.0,similarity+text_similarity,"All but Betweenness and Harmonic (Unweighted Clustering, No Square Clustering)",random_forest,35.09110802100622,1479,1798,0.9253769705277586,0.5806451612903226,0.6275139611358078,0.45,0.8181818181818182,0.8658287237344142,0.4285714285714285,0.3966195872193944,0.2903225806451613,0.8181818181818182
BERTopic_topic_512,50.0,similarity+text_similarity,"All but Betweenness and Harmonic (Unweighted Clustering, No Square Clustering)",xgboost,35.09110802100622,1479,1798,0.9225839616175464,0.6470588235294118,0.6230763780818213,0.55,0.7857142857142857,0.877439436259744,0.3902439024390244,0.3570254597643432,0.2580645161290322,0.8
BERTopic_topic_512,50.0,similarity+text_similarity,Core Number Only,logistic_regression,35.09110802100622,1479,1798,0.7311000685400959,0.0,0.0671700343454101,0.0,0.0,0.4855048651806414,0.0,0.0302181181922575,0.0,0.0
BERTopic_topic_512,50.0,similarity+text_similarity,Core Number Only,random_forest,35.09110802100622,1479,1798,0.7508396161754625,0.0,0.0894770586487174,0.0,0.0,0.8082863245522756,0.0,0.0778856785667927,0.0,0.0
BERTopic_topic_512,50.0,similarity+text_similarity,Core Number Only,xgboost,35.09110802100622,1479,1798,0.7123372172721041,0.0,0.0913868135825317,0.0,0.0,0.7941471785603446,0.0,0.0736793737701115,0.0,0.0
BERTopic_topic_512,50.0,similarity+text_similarity+interactions,"All (Unweighted Clustering, No Square Clustering)",logistic_regression,33.2531180139631,1479,1798,0.8053118574366005,0.0,0.1396935572696008,0.0,0.0,0.7535827080709057,0.0,0.0702791267131006,0.0,0.0
BERTopic_topic_512,50.0,similarity+text_similarity+interactions,"All (Unweighted Clustering, No Square Clustering)",random_forest,33.2531180139631,1479,1798,0.8988690884167237,0.5806451612903226,0.6047177915053169,0.45,0.8181818181818182,0.8638662212242365,0.4186046511627907,0.4072539569895368,0.2903225806451613,0.75
BERTopic_topic_512,50.0,similarity+text_similarity+interactions,"All (Unweighted Clustering, No Square Clustering)",xgboost,33.2531180139631,1479,1798,0.9210075394105552,0.5806451612903226,0.5908032515562408,0.45,0.8181818181818182,0.8621866841922705,0.4285714285714285,0.3700766302122479,0.2903225806451613,0.8181818181818182
BERTopic_topic_512,50.0,similarity+text_similarity+interactions,"All but Betweenness and Harmonic (Unweighted Clustering, No Square Clustering)",logistic_regression,33.2531180139631,1479,1798,0.8618574366004111,0.0,0.2417381279967259,0.0,0.0,0.8119283640944192,0.0,0.1226761689359068,0.0,0.0
BERTopic_topic_512,50.0,similarity+text_similarity+interactions,"All but Betweenness and Harmonic (Unweighted Clustering, No Square Clustering)",random_forest,33.2531180139631,1479,1798,0.8961788896504456,0.5806451612903226,0.602887133872762,0.45,0.8181818181818182,0.8224711101374664,0.4186046511627907,0.3709894503133522,0.2903225806451613,0.75
BERTopic_topic_512,50.0,similarity+text_similarity+interactions,"All but Betweenness and Harmonic (Unweighted Clustering, No Square Clustering)",xgboost,33.2531180139631,1479,1798,0.8935572309801234,0.625,0.6119600299953939,0.5,0.8333333333333334,0.8653997115577705,0.3809523809523809,0.3473245753877451,0.2580645161290322,0.7272727272727273
BERTopic_topic_512,50.0,similarity+text_similarity+interactions,Core Number Only,logistic_regression,33.2531180139631,1479,1798,0.7303289924605894,0.0,0.0671534362912173,0.0,0.0,0.4848841667123062,0.0,0.0301814138178436,0.0,0.0
BERTopic_topic_512,50.0,similarity+text_similarity+interactions,Core Number Only,random_forest,33.2531180139631,1479,1798,0.7506511309115832,0.0,0.0894002037206996,0.0,0.0,0.8068167296493053,0.0,0.0766965725945711,0.0,0.0
BERTopic_topic_512,50.0,similarity+text_similarity+interactions,Core Number Only,xgboost,33.2531180139631,1479,1798,0.7160041124057573,0.0,0.0913782766451827,0.0,0.0,0.7956715409752269,0.0,0.0746739031444312,0.0,0.0
BERTopic_topic_512,50.0,text_similarity,"All (Unweighted Clustering, No Square Clustering)",logistic_regression,29.78715889248997,1479,1798,0.7526387936943112,0.0,0.0433318161837772,0.0,0.0,0.749183051280647,0.0,0.0546892492751679,0.0,0.0
BERTopic_topic_512,50.0,text_similarity,"All (Unweighted Clustering, No Square Clustering)",random_forest,29.78715889248997,1479,1798,0.9540267306374228,0.6451612903225806,0.6584478435553809,0.5,0.9090909090909092,0.8842762473300838,0.4761904761904761,0.4346003055131004,0.3225806451612903,0.9090909090909092
BERTopic_topic_512,50.0,text_similarity,"All (Unweighted Clustering, No Square Clustering)",xgboost,29.78715889248997,1479,1798,0.9578992460589444,0.6470588235294118,0.6663446944908373,0.55,0.7857142857142857,0.8788542636508023,0.4545454545454545,0.382486658245105,0.3225806451612903,0.7692307692307693
BERTopic_topic_512,50.0,text_similarity,"All but Betweenness and Harmonic (Unweighted Clustering, No Square Clustering)",logistic_regression,29.78715889248997,1479,1798,0.8705620287868403,0.0,0.2503980901568253,0.0,0.0,0.8132427843803055,0.0,0.1209610342437427,0.0,0.0
BERTopic_topic_512,50.0,text_similarity,"All but Betweenness and Harmonic (Unweighted Clustering, No Square Clustering)",random_forest,29.78715889248997,1479,1798,0.9320424948594928,0.625,0.6552760544576748,0.5,0.8333333333333334,0.8926830604085657,0.4545454545454545,0.4082214844445062,0.3225806451612903,0.7692307692307693
BERTopic_topic_512,50.0,text_similarity,"All but Betweenness and Harmonic (Unweighted Clustering, No Square Clustering)",xgboost,29.78715889248997,1479,1798,0.9492803289924606,0.6470588235294118,0.6851535276363516,0.55,0.7857142857142857,0.8887854391441663,0.4761904761904761,0.3852901941808067,0.3225806451612903,0.9090909090909092
BERTopic_topic_512,50.0,text_similarity,Core Number Only,logistic_regression,29.78715889248997,1479,1798,0.7295407813570939,0.0,0.0671904106861157,0.0,0.0,0.491611442758822,0.0,0.0310454992381774,0.0,0.0
BERTopic_topic_512,50.0,text_similarity,Core Number Only,random_forest,29.78715889248997,1479,1798,0.7813570938999315,0.0,0.0905177111192946,0.0,0.0,0.8292531536958945,0.0,0.080171195392483,0.0,0.0
BERTopic_topic_512,50.0,text_similarity,Core Number Only,xgboost,29.78715889248997,1479,1798,0.7544893762851268,0.0,0.0928205090850114,0.0,0.0,0.8163188929660259,0.0,0.0784284314157927,0.0,0.0
BERTopic_topic_512,50.0,text_similarity+interactions,"All (Unweighted Clustering, No Square Clustering)",logistic_regression,38.04132186700008,1479,1798,0.7845442083618918,0.0,0.2410558705924947,0.0,0.0,0.7708162184858608,0.0,0.0840116139723688,0.0,0.0
BERTopic_topic_512,50.0,text_similarity+interactions,"All (Unweighted Clustering, No Square Clustering)",random_forest,38.04132186700008,1479,1798,0.901028101439342,0.6,0.6148523241331318,0.45,0.9,0.8517078335797872,0.4285714285714285,0.423249231181816,0.2903225806451613,0.8181818181818182
BERTopic_topic_512,50.0,text_similarity+interactions,"All (Unweighted Clustering, No Square Clustering)",xgboost,38.04132186700008,1479,1798,0.9261309115832762,0.6060606060606061,0.6243167774162873,0.5,0.7692307692307693,0.874272048487504,0.4761904761904761,0.3970241916728624,0.3225806451612903,0.9090909090909092
BERTopic_topic_512,50.0,text_similarity+interactions,"All but Betweenness and Harmonic (Unweighted Clustering, No Square Clustering)",logistic_regression,38.04132186700008,1479,1798,0.8606237148732009,0.0,0.2496509558066307,0.0,0.0,0.8048085875458678,0.0,0.1202788451304736,0.0,0.0
BERTopic_topic_512,50.0,text_similarity+interactions,"All but Betweenness and Harmonic (Unweighted Clustering, No Square Clustering)",random_forest,38.04132186700008,1479,1798,0.8976353666895134,0.5806451612903226,0.6076545747448161,0.45,0.8181818181818182,0.8478741077459517,0.4186046511627907,0.3923397509610157,0.2903225806451613,0.75
BERTopic_topic_512,50.0,text_similarity+interactions,"All but Betweenness and Harmonic (Unweighted Clustering, No Square Clustering)",xgboost,38.04132186700008,1479,1798,0.92960932145305,0.6060606060606061,0.6288630373573819,0.5,0.7692307692307693,0.875020537816967,0.4761904761904761,0.4032497083163852,0.3225806451612903,0.9090909090909092
BERTopic_topic_512,50.0,text_similarity+interactions,Core Number Only,logistic_regression,38.04132186700008,1479,1798,0.7300376970527758,0.0,0.067213299960879,0.0,0.0,0.4873578326669952,0.0,0.0303588986582871,0.0,0.0
BERTopic_topic_512,50.0,text_similarity+interactions,Core Number Only,random_forest,38.04132186700008,1479,1798,0.781579849211789,0.0,0.0905302270932655,0.0,0.0,0.8291436186720704,0.0,0.0801028813037635,0.0,0.0
BERTopic_topic_512,50.0,text_similarity+interactions,Core Number Only,xgboost,38.04132186700008,1479,1798,0.7579163810829336,0.0,0.09315329215756,0.0,0.0,0.8168574401664932,0.0,0.0782941963582918,0.0,0.0
BERTopic_topic_512,100.0,interactions,"All (Unweighted Clustering, No Square Clustering)",logistic_regression,2.857678896281868,1798,1798,0.7374993154061011,0.358974358974359,0.4381479316935702,0.2258064516129032,0.875,0.7374993154061011,0.358974358974359,0.4381479316935702,0.2258064516129032,0.875
BERTopic_topic_512,100.0,interactions,"All (Unweighted Clustering, No Square Clustering)",random_forest,2.857678896281868,1798,1798,0.8141008087335925,0.5581395348837209,0.5812668936469286,0.3870967741935484,1.0,0.8141008087335925,0.5581395348837209,0.5812668936469286,0.3870967741935484,1.0
BERTopic_topic_512,100.0,interactions,"All (Unweighted Clustering, No Square Clustering)",xgboost,2.857678896281868,1798,1798,0.8414571809336036,0.6382978723404256,0.6119159830603527,0.4838709677419355,0.9375,0.8414571809336036,0.6382978723404256,0.6119159830603527,0.4838709677419355,0.9375
BERTopic_topic_512,100.0,interactions,"All but Betweenness and Harmonic (Unweighted Clustering, No Square Clustering)",logistic_regression,2.857678896281868,1798,1798,0.769866914946054,0.0625,0.4153267704094485,0.032258064516129,1.0,0.769866914946054,0.0625,0.4153267704094485,0.032258064516129,1.0
BERTopic_topic_512,100.0,interactions,"All but Betweenness and Harmonic (Unweighted Clustering, No Square Clustering)",random_forest,2.857678896281868,1798,1798,0.8294996074994979,0.5581395348837209,0.5543664631733876,0.3870967741935484,1.0,0.8294996074994979,0.5581395348837209,0.5543664631733876,0.3870967741935484,1.0
BERTopic_topic_512,100.0,interactions,"All but Betweenness and Harmonic (Unweighted Clustering, No Square Clustering)",xgboost,2.857678896281868,1798,1798,0.8509684721689761,0.6521739130434783,0.6249252334552708,0.4838709677419355,1.0,0.8509684721689761,0.6521739130434783,0.6249252334552708,0.4838709677419355,1.0
BERTopic_topic_512,100.0,interactions,Core Number Only,logistic_regression,2.857678896281868,1798,1798,0.7862332730890702,0.0,0.1087926161059905,0.0,0.0,0.7862332730890702,0.0,0.1087926161059905,0.0,0.0
BERTopic_topic_512,100.0,interactions,Core Number Only,random_forest,2.857678896281868,1798,1798,0.7047483432827647,0.0,0.090843465299883,0.0,0.0,0.7047483432827647,0.0,0.090843465299883,0.0,0.0
BERTopic_topic_512,100.0,interactions,Core Number Only,xgboost,2.857678896281868,1798,1798,0.7131734121985505,0.0,0.0910067472859924,0.0,0.0,0.7131734121985505,0.0,0.0910067472859924,0.0,0.0
BERTopic_topic_512,100.0,similarity,"All (Unweighted Clustering, No Square Clustering)",logistic_regression,18.658842995297164,1798,1798,0.900797780090184,0.0,0.3869568405800395,0.0,0.0,0.900797780090184,0.0,0.3869568405800395,0.0,0.0
BERTopic_topic_512,100.0,similarity,"All (Unweighted Clustering, No Square Clustering)",random_forest,18.658842995297164,1798,1798,0.9149551819194188,0.6530612244897959,0.7006959767299774,0.5161290322580645,0.8888888888888888,0.9149551819194188,0.6530612244897959,0.7006959767299774,0.5161290322580645,0.8888888888888888
BERTopic_topic_512,100.0,similarity,"All (Unweighted Clustering, No Square Clustering)",xgboost,18.658842995297164,1798,1798,0.9371999196743158,0.68,0.6931740182431174,0.5483870967741935,0.8947368421052632,0.9371999196743158,0.68,0.6931740182431174,0.5483870967741935,0.8947368421052632
BERTopic_topic_512,100.0,similarity,"All but Betweenness and Harmonic (Unweighted Clustering, No Square Clustering)",logistic_regression,18.658842995297164,1798,1798,0.9156215199810138,0.0588235294117647,0.351294413868082,0.032258064516129,0.3333333333333333,0.9156215199810138,0.0588235294117647,0.351294413868082,0.032258064516129,0.3333333333333333
BERTopic_topic_512,100.0,similarity,"All but Betweenness and Harmonic (Unweighted Clustering, No Square Clustering)",random_forest,18.658842995297164,1798,1798,0.9266206619566606,0.625,0.6615603664637567,0.4838709677419355,0.8823529411764706,0.9266206619566606,0.625,0.6615603664637567,0.4838709677419355,0.8823529411764706
BERTopic_topic_512,100.0,similarity,"All but Betweenness and Harmonic (Unweighted Clustering, No Square Clustering)",xgboost,18.658842995297164,1798,1798,0.9333844496777846,0.5833333333333334,0.6616122957308539,0.4516129032258064,0.8235294117647058,0.9333844496777846,0.5833333333333334,0.6616122957308539,0.4516129032258064,0.8235294117647058
BERTopic_topic_512,100.0,similarity,Core Number Only,logistic_regression,18.658842995297164,1798,1798,0.8232652390601896,0.0,0.1094737416598717,0.0,0.0,0.8232652390601896,0.0,0.1094737416598717,0.0,0.0
BERTopic_topic_512,100.0,similarity,Core Number Only,random_forest,18.658842995297164,1798,1798,0.7612227759826206,0.0,0.2076631155876578,0.0,0.0,0.7612227759826206,0.0,0.2076631155876578,0.0,0.0
BERTopic_topic_512,100.0,similarity,Core Number Only,xgboost,18.658842995297164,1798,1798,0.7643262683242967,0.0,0.2132291220577039,0.0,0.0,0.7643262683242967,0.0,0.2132291220577039,0.0,0.0
BERTopic_topic_512,100.0,similarity+interactions,"All (Unweighted Clustering, No Square Clustering)",logistic_regression,24.32766027469188,1798,1798,0.8850612483341549,0.0,0.3318170622567897,0.0,0.0,0.8850612483341549,0.0,0.3318170622567897,0.0,0.0
BERTopic_topic_512,100.0,similarity+interactions,"All (Unweighted Clustering, No Square Clustering)",random_forest,24.32766027469188,1798,1798,0.9225404823192216,0.6530612244897959,0.678127248218209,0.5161290322580645,0.8888888888888888,0.9225404823192216,0.6530612244897959,0.678127248218209,0.5161290322580645,0.8888888888888888
BERTopic_topic_512,100.0,similarity+interactions,"All (Unweighted Clustering, No Square Clustering)",xgboost,24.32766027469188,1798,1798,0.9286196761414462,0.6923076923076923,0.674101204365131,0.5806451612903226,0.8571428571428571,0.9286196761414462,0.6923076923076923,0.674101204365131,0.5806451612903226,0.8571428571428571
BERTopic_topic_512,100.0,similarity+interactions,"All but Betweenness and Harmonic (Unweighted Clustering, No Square Clustering)",logistic_regression,24.32766027469188,1798,1798,0.8954123080855103,0.0606060606060606,0.3116580846212208,0.032258064516129,0.5,0.8954123080855103,0.0606060606060606,0.3116580846212208,0.032258064516129,0.5
BERTopic_topic_512,100.0,similarity+interactions,"All but Betweenness and Harmonic (Unweighted Clustering, No Square Clustering)",random_forest,24.32766027469188,1798,1798,0.9179765229932272,0.6530612244897959,0.6923921340501458,0.5161290322580645,0.8888888888888888,0.9179765229932272,0.6530612244897959,0.6923921340501458,0.5161290322580645,0.8888888888888888
BERTopic_topic_512,100.0,similarity+interactions,"All but Betweenness and Harmonic (Unweighted Clustering, No Square Clustering)",xgboost,24.32766027469188,1798,1798,0.9127005860123776,0.6530612244897959,0.6510045932042019,0.5161290322580645,0.8888888888888888,0.9127005860123776,0.6530612244897959,0.6510045932042019,0.5161290322580645,0.8888888888888888
BERTopic_topic_512,100.0,similarity+interactions,Core Number Only,logistic_regression,24.32766027469188,1798,1798,0.8211658177702319,0.0,0.1054065889831196,0.0,0.0,0.8211658177702319,0.0,0.1054065889831196,0.0,0.0
BERTopic_topic_512,100.0,similarity+interactions,Core Number Only,random_forest,24.32766027469188,1798,1798,0.759022947587491,0.0,0.205025077213763,0.0,0.0,0.759022947587491,0.0,0.205025077213763,0.0,0.0
BERTopic_topic_512,100.0,similarity+interactions,Core Number Only,xgboost,24.32766027469188,1798,1798,0.7633404531098819,0.0,0.2136656799278734,0.0,0.0,0.7633404531098819,0.0,0.2136656799278734,0.0,0.0
BERTopic_topic_512,100.0,similarity+text_similarity,"All (Unweighted Clustering, No Square Clustering)",logistic_regression,51.36590157801402,1798,1798,0.6179600927396536,0.0,0.026491938484754,0.0,0.0,0.6179600927396536,0.0,0.026491938484754,0.0,0.0
BERTopic_topic_512,100.0,similarity+text_similarity,"All (Unweighted Clustering, No Square Clustering)",random_forest,51.36590157801402,1798,1798,0.9401756211548642,0.8301886792452831,0.8404130553134139,0.7096774193548387,1.0,0.9401756211548642,0.8301886792452831,0.8404130553134139,0.7096774193548387,1.0
BERTopic_topic_512,100.0,similarity+text_similarity,"All (Unweighted Clustering, No Square Clustering)",xgboost,51.36590157801402,1798,1798,0.9443744637347792,0.8148148148148148,0.8231529909122248,0.7096774193548387,0.9565217391304348,0.9443744637347792,0.8148148148148148,0.8231529909122248,0.7096774193548387,0.9565217391304348
BERTopic_topic_512,100.0,similarity+text_similarity,"All but Betweenness and Harmonic (Unweighted Clustering, No Square Clustering)",logistic_regression,51.36590157801402,1798,1798,0.909761396206437,0.0606060606060606,0.3981568355561997,0.032258064516129,0.5,0.909761396206437,0.0606060606060606,0.3981568355561997,0.032258064516129,0.5
BERTopic_topic_512,100.0,similarity+text_similarity,"All but Betweenness and Harmonic (Unweighted Clustering, No Square Clustering)",random_forest,51.36590157801402,1798,1798,0.9413805064169268,0.8076923076923077,0.8282919324955181,0.6774193548387096,1.0,0.9413805064169268,0.8076923076923077,0.8282919324955181,0.6774193548387096,1.0
BERTopic_topic_512,100.0,similarity+text_similarity,"All but Betweenness and Harmonic (Unweighted Clustering, No Square Clustering)",xgboost,51.36590157801402,1798,1798,0.9281267685342388,0.7924528301886793,0.8256279353006544,0.6774193548387096,0.9545454545454546,0.9281267685342388,0.7924528301886793,0.8256279353006544,0.6774193548387096,0.9545454545454546
BERTopic_topic_512,100.0,similarity+text_similarity,Core Number Only,logistic_regression,51.36590157801402,1798,1798,0.7931522354272779,0.0,0.0905545595181069,0.0,0.0,0.7931522354272779,0.0,0.0905545595181069,0.0,0.0
BERTopic_topic_512,100.0,similarity+text_similarity,Core Number Only,random_forest,51.36590157801402,1798,1798,0.8454825930591308,0.0,0.1084720686605287,0.0,0.0,0.8454825930591308,0.0,0.1084720686605287,0.0,0.0
BERTopic_topic_512,100.0,similarity+text_similarity,Core Number Only,xgboost,51.36590157801402,1798,1798,0.8447979991602315,0.0,0.1066846928824814,0.0,0.0,0.8447979991602315,0.0,0.1066846928824814,0.0,0.0
BERTopic_topic_512,100.0,similarity+text_similarity+interactions,"All (Unweighted Clustering, No Square Clustering)",logistic_regression,51.23517689667642,1798,1798,0.6182339302992133,0.0,0.0263333873280169,0.0,0.0,0.6182339302992133,0.0,0.0263333873280169,0.0,0.0
BERTopic_topic_512,100.0,similarity+text_similarity+interactions,"All (Unweighted Clustering, No Square Clustering)",random_forest,51.23517689667642,1798,1798,0.9228234477974332,0.7692307692307693,0.7933888766103543,0.6451612903225806,0.9523809523809524,0.9228234477974332,0.7692307692307693,0.7933888766103543,0.6451612903225806,0.9523809523809524
BERTopic_topic_512,100.0,similarity+text_similarity+interactions,"All (Unweighted Clustering, No Square Clustering)",xgboost,51.23517689667642,1798,1798,0.9263468243971013,0.7636363636363637,0.7902010474359333,0.6774193548387096,0.875,0.9263468243971013,0.7636363636363637,0.7902010474359333,0.6774193548387096,0.875
BERTopic_topic_512,100.0,similarity+text_similarity+interactions,"All but Betweenness and Harmonic (Unweighted Clustering, No Square Clustering)",logistic_regression,51.23517689667642,1798,1798,0.9011994085108714,0.0,0.3967227717507788,0.0,0.0,0.9011994085108714,0.0,0.3967227717507788,0.0,0.0
BERTopic_topic_512,100.0,similarity+text_similarity+interactions,"All but Betweenness and Harmonic (Unweighted Clustering, No Square Clustering)",random_forest,51.23517689667642,1798,1798,0.9379849206783868,0.72,0.7924916327577696,0.5806451612903226,0.9473684210526316,0.9379849206783868,0.72,0.7924916327577696,0.5806451612903226,0.9473684210526316
BERTopic_topic_512,100.0,similarity+text_similarity+interactions,"All but Betweenness and Harmonic (Unweighted Clustering, No Square Clustering)",xgboost,51.23517689667642,1798,1798,0.9216094346167188,0.7636363636363637,0.7903259482562104,0.6774193548387096,0.875,0.9216094346167188,0.7636363636363637,0.7903259482562104,0.6774193548387096,0.875
BERTopic_topic_512,100.0,similarity+text_similarity+interactions,Core Number Only,logistic_regression,51.23517689667642,1798,1798,0.7928418861931104,0.0,0.0905170297750084,0.0,0.0,0.7928418861931104,0.0,0.0905170297750084,0.0,0.0
BERTopic_topic_512,100.0,similarity+text_similarity+interactions,Core Number Only,random_forest,51.23517689667642,1798,1798,0.845327418442047,0.0,0.1084171332753148,0.0,0.0,0.845327418442047,0.0,0.1084171332753148,0.0,0.0
BERTopic_topic_512,100.0,similarity+text_similarity+interactions,Core Number Only,xgboost,51.23517689667642,1798,1798,0.843510962630301,0.0,0.1064725621064946,0.0,0.0,0.843510962630301,0.0,0.1064725621064946,0.0,0.0
BERTopic_topic_512,100.0,text_similarity,"All (Unweighted Clustering, No Square Clustering)",logistic_regression,46.18720162566751,1798,1798,0.6606422403563539,0.0,0.0435109410464195,0.0,0.0,0.6606422403563539,0.0,0.0435109410464195,0.0,0.0
BERTopic_topic_512,100.0,text_similarity,"All (Unweighted Clustering, No Square Clustering)",random_forest,46.18720162566751,1798,1798,0.9898132427843804,0.8301886792452831,0.8619038700106867,0.7096774193548387,1.0,0.9898132427843804,0.8301886792452831,0.8619038700106867,0.7096774193548387,1.0
BERTopic_topic_512,100.0,text_similarity,"All (Unweighted Clustering, No Square Clustering)",xgboost,46.18720162566751,1798,1798,0.9705898461032916,0.7931034482758621,0.8206732719559076,0.7419354838709677,0.8518518518518519,0.9705898461032916,0.7931034482758621,0.8206732719559076,0.7419354838709677,0.8518518518518519
BERTopic_topic_512,100.0,text_similarity,"All but Betweenness and Harmonic (Unweighted Clustering, No Square Clustering)",logistic_regression,46.18720162566751,1798,1798,0.9131752377822808,0.0,0.4175959669172657,0.0,0.0,0.9131752377822808,0.0,0.4175959669172657,0.0,0.0
BERTopic_topic_512,100.0,text_similarity,"All but Betweenness and Harmonic (Unweighted Clustering, No Square Clustering)",random_forest,46.18720162566751,1798,1798,0.9416178323018788,0.8076923076923077,0.8289896965299052,0.6774193548387096,1.0,0.9416178323018788,0.8076923076923077,0.8289896965299052,0.6774193548387096,1.0
BERTopic_topic_512,100.0,text_similarity,"All but Betweenness and Harmonic (Unweighted Clustering, No Square Clustering)",xgboost,46.18720162566751,1798,1798,0.9582580280044544,0.8070175438596491,0.8111661636690239,0.7419354838709677,0.8846153846153846,0.9582580280044544,0.8070175438596491,0.8111661636690239,0.7419354838709677,0.8846153846153846
BERTopic_topic_512,100.0,text_similarity,Core Number Only,logistic_regression,46.18720162566751,1798,1798,0.793864213082133,0.0,0.0906375486389192,0.0,0.0,0.793864213082133,0.0,0.0906375486389192,0.0,0.0
BERTopic_topic_512,100.0,text_similarity,Core Number Only,random_forest,46.18720162566751,1798,1798,0.832758274458258,0.0,0.1046440830884359,0.0,0.0,0.832758274458258,0.0,0.1046440830884359,0.0,0.0
BERTopic_topic_512,100.0,text_similarity,Core Number Only,xgboost,46.18720162566751,1798,1798,0.8225532614053344,0.0,0.1034257931865885,0.0,0.0,0.8225532614053344,0.0,0.1034257931865885,0.0,0.0
BERTopic_topic_512,100.0,text_similarity+interactions,"All (Unweighted Clustering, No Square Clustering)",logistic_regression,54.83348518598359,1798,1798,0.6369096518611826,0.0,0.0358564819562931,0.0,0.0,0.6369096518611826,0.0,0.0358564819562931,0.0,0.0
BERTopic_topic_512,100.0,text_similarity+interactions,"All (Unweighted Clustering, No Square Clustering)",random_forest,54.83348518598359,1798,1798,0.9720411851689578,0.7924528301886793,0.8372226988911591,0.6774193548387096,0.9545454545454546,0.9720411851689578,0.7924528301886793,0.8372226988911591,0.6774193548387096,0.9545454545454546
BERTopic_topic_512,100.0,text_similarity+interactions,"All (Unweighted Clustering, No Square Clustering)",xgboost,54.83348518598359,1798,1798,0.9601657630027202,0.8214285714285714,0.7916779749532739,0.7419354838709677,0.92,0.9601657630027202,0.8214285714285714,0.7916779749532739,0.7419354838709677,0.92
BERTopic_topic_512,100.0,text_similarity+interactions,"All but Betweenness and Harmonic (Unweighted Clustering, No Square Clustering)",logistic_regression,54.83348518598359,1798,1798,0.9058546470233856,0.0,0.4055229471755229,0.0,0.0,0.9058546470233856,0.0,0.4055229471755229,0.0,0.0
BERTopic_topic_512,100.0,text_similarity+interactions,"All but Betweenness and Harmonic (Unweighted Clustering, No Square Clustering)",random_forest,54.83348518598359,1798,1798,0.9382222465633386,0.7692307692307693,0.8018207311101169,0.6451612903225806,0.9523809523809524,0.9382222465633386,0.7692307692307693,0.8018207311101169,0.6451612903225806,0.9523809523809524
BERTopic_topic_512,100.0,text_similarity+interactions,"All but Betweenness and Harmonic (Unweighted Clustering, No Square Clustering)",xgboost,54.83348518598359,1798,1798,0.948810632199646,0.8214285714285714,0.7912816948348868,0.7419354838709677,0.92,0.948810632199646,0.8214285714285714,0.7912816948348868,0.7419354838709677,0.92
BERTopic_topic_512,100.0,text_similarity+interactions,Core Number Only,logistic_regression,54.83348518598359,1798,1798,0.7935356080106614,0.0,0.0905999261962896,0.0,0.0,0.7935356080106614,0.0,0.0905999261962896,0.0,0.0
BERTopic_topic_512,100.0,text_similarity+interactions,Core Number Only,random_forest,54.83348518598359,1798,1798,0.8347481607243916,0.0,0.1044602724870117,0.0,0.0,0.8347481607243916,0.0,0.1044602724870117,0.0,0.0
BERTopic_topic_512,100.0,text_similarity+interactions,Core Number Only,xgboost,54.83348518598359,1798,1798,0.8207276776749366,0.0,0.1015618318176175,0.0,0.0,0.8207276776749366,0.0,0.1015618318176175,0.0,0.0
K_Means_topic_116,1.0,interactions,"All (Unweighted Clustering, No Square Clustering)",logistic_regression,2.977137189998757,1119,1798,0.8963505630172297,0.5641025641025641,0.5988612749828828,0.4074074074074074,0.9166666666666666,0.8149314493309235,0.5957446808510638,0.5271285630913307,0.4516129032258064,0.875
K_Means_topic_116,1.0,interactions,"All (Unweighted Clustering, No Square Clustering)",random_forest,2.977137189998757,1119,1798,0.914394247727581,0.65,0.7485153584109032,0.4814814814814814,1.0,0.8772477499680523,0.5909090909090909,0.6874123702997283,0.4193548387096774,1.0
K_Means_topic_116,1.0,interactions,"All (Unweighted Clustering, No Square Clustering)",xgboost,2.977137189998757,1119,1798,0.9504307420974089,0.7391304347826086,0.7662198876097056,0.6296296296296297,0.8947368421052632,0.8842488635741279,0.6808510638297872,0.7191901588931986,0.5161290322580645,1.0
K_Means_topic_116,1.0,interactions,"All but Betweenness and Harmonic (Unweighted Clustering, No Square Clustering)",logistic_regression,2.977137189998757,1119,1798,0.90662732329399,0.4878048780487805,0.5711340975601816,0.3703703703703703,0.7142857142857143,0.8169761031089691,0.5531914893617021,0.498975766983054,0.4193548387096774,0.8125
K_Means_topic_116,1.0,interactions,"All but Betweenness and Harmonic (Unweighted Clustering, No Square Clustering)",random_forest,2.977137189998757,1119,1798,0.9087471170804504,0.6829268292682927,0.7428483788291635,0.5185185185185185,1.0,0.8802325793672527,0.5909090909090909,0.714591944726845,0.4193548387096774,1.0
K_Means_topic_116,1.0,interactions,"All but Betweenness and Harmonic (Unweighted Clustering, No Square Clustering)",xgboost,2.977137189998757,1119,1798,0.9524318274318274,0.723404255319149,0.7913004634000135,0.6296296296296297,0.85,0.8920988736148383,0.7083333333333334,0.703255807510412,0.5483870967741935,1.0
K_Means_topic_116,1.0,interactions,Core Number Only,logistic_regression,2.977137189998757,1119,1798,0.788970288970289,0.0,0.416687039977067,0.0,0.0,0.7437793234386696,0.1212121212121212,0.3580830538890874,0.064516129032258,1.0
K_Means_topic_116,1.0,interactions,Core Number Only,random_forest,2.977137189998757,1119,1798,0.691459774793108,0.4571428571428571,0.4035549219484459,0.2962962962962963,1.0,0.650610657757818,0.4102564102564102,0.3283975557796196,0.2580645161290322,1.0
K_Means_topic_116,1.0,interactions,Core Number Only,xgboost,2.977137189998757,1119,1798,0.6917141500474834,0.3125,0.3889241052342958,0.1851851851851851,1.0,0.7042554356755573,0.4102564102564102,0.3353709094930821,0.2580645161290322,1.0
K_Means_topic_116,1.0,similarity,"All (Unweighted Clustering, No Square Clustering)",logistic_regression,13.249863888137044,1119,1798,0.952516619183286,0.4186046511627907,0.5231492057565684,0.3333333333333333,0.5625,0.8943625974405316,0.4583333333333333,0.4917066676614888,0.3548387096774194,0.6470588235294118
K_Means_topic_116,1.0,similarity,"All (Unweighted Clustering, No Square Clustering)",random_forest,13.249863888137044,1119,1798,0.9633021299687964,0.8085106382978723,0.8174334349552679,0.7037037037037037,0.95,0.8968180075579167,0.7346938775510204,0.7404570188985224,0.5806451612903226,1.0
K_Means_topic_116,1.0,similarity,"All (Unweighted Clustering, No Square Clustering)",xgboost,13.249863888137044,1119,1798,0.9458350291683624,0.7111111111111111,0.7612257720044011,0.5925925925925926,0.8888888888888888,0.8760337367873376,0.68,0.6957052672710687,0.5483870967741935,0.8947368421052632
K_Means_topic_116,1.0,similarity,"All but Betweenness and Harmonic (Unweighted Clustering, No Square Clustering)",logistic_regression,13.249863888137044,1119,1798,0.9525844525844526,0.2702702702702703,0.4407460838195805,0.1851851851851851,0.5,0.8991091151395658,0.238095238095238,0.4208690249132902,0.1612903225806451,0.4545454545454545
K_Means_topic_116,1.0,similarity,"All but Betweenness and Harmonic (Unweighted Clustering, No Square Clustering)",random_forest,13.249863888137044,1119,1798,0.9619115452448784,0.7272727272727273,0.8016760435636665,0.5925925925925926,0.9411764705882352,0.9376563156069154,0.6808510638297872,0.7444854474129879,0.5161290322580645,1.0
K_Means_topic_116,1.0,similarity,"All but Betweenness and Harmonic (Unweighted Clustering, No Square Clustering)",xgboost,13.249863888137044,1119,1798,0.9442748609415276,0.7555555555555555,0.7571689373212693,0.6296296296296297,0.9444444444444444,0.8741533855450281,0.7058823529411765,0.6667509382395513,0.5806451612903226,0.9
K_Means_topic_116,1.0,similarity,Core Number Only,logistic_regression,13.249863888137044,1119,1798,0.8864129697463029,0.0,0.2081469110620388,0.0,0.0,0.8172499406685287,0.0,0.1921964101873071,0.0,0.0
K_Means_topic_116,1.0,similarity,Core Number Only,random_forest,13.249863888137044,1119,1798,0.8312135395468729,0.6428571428571429,0.3642309507022199,0.6666666666666666,0.6206896551724138,0.7793508224254706,0.6,0.3384358246458241,0.5806451612903226,0.6206896551724138
K_Means_topic_116,1.0,similarity,Core Number Only,xgboost,13.249863888137044,1119,1798,0.8552604802604802,0.6428571428571429,0.3750441129022662,0.6666666666666666,0.6206896551724138,0.8108147580188766,0.6,0.3493302734887788,0.5806451612903226,0.6206896551724138
K_Means_topic_116,1.0,similarity+interactions,"All (Unweighted Clustering, No Square Clustering)",logistic_regression,17.437484242022038,1119,1798,0.9504816171482836,0.4186046511627907,0.5143247496359443,0.3333333333333333,0.5625,0.8876079376380597,0.4166666666666667,0.4564820498461278,0.3225806451612903,0.5882352941176471
K_Means_topic_116,1.0,similarity+interactions,"All (Unweighted Clustering, No Square Clustering)",random_forest,17.437484242022038,1119,1798,0.9658289241622576,0.8085106382978723,0.8295291578732814,0.7037037037037037,0.95,0.8737700129616446,0.7346938775510204,0.7378033412656797,0.5806451612903226,1.0
K_Means_topic_116,1.0,similarity+interactions,"All (Unweighted Clustering, No Square Clustering)",xgboost,17.437484242022038,1119,1798,0.9493284493284492,0.782608695652174,0.7760341708405043,0.6666666666666666,0.9473684210526316,0.8797579275973493,0.7058823529411765,0.6918391653865301,0.5806451612903226,0.9
K_Means_topic_116,1.0,similarity+interactions,"All but Betweenness and Harmonic (Unweighted Clustering, No Square Clustering)",logistic_regression,17.437484242022038,1119,1798,0.9531610364943698,0.2631578947368421,0.4306325056564853,0.1851851851851851,0.4545454545454545,0.8996933019332932,0.2857142857142857,0.4082796502438966,0.1935483870967742,0.5454545454545454
K_Means_topic_116,1.0,similarity+interactions,"All but Betweenness and Harmonic (Unweighted Clustering, No Square Clustering)",random_forest,17.437484242022038,1119,1798,0.9628103378103376,0.7555555555555555,0.8101467877096333,0.6296296296296297,0.9444444444444444,0.9160505321576574,0.6808510638297872,0.7426441873977055,0.5161290322580645,1.0
K_Means_topic_116,1.0,similarity+interactions,"All but Betweenness and Harmonic (Unweighted Clustering, No Square Clustering)",xgboost,17.437484242022038,1119,1798,0.9586894586894588,0.7555555555555555,0.7716106789600499,0.6296296296296297,0.9444444444444444,0.8903645690709604,0.7307692307692307,0.6946635775166667,0.6129032258064516,0.9047619047619048
K_Means_topic_116,1.0,similarity+interactions,Core Number Only,logistic_regression,17.437484242022038,1119,1798,0.8853785103785103,0.0,0.2062528113336258,0.0,0.0,0.8166383701188455,0.0,0.1900886140901249,0.0,0.0
K_Means_topic_116,1.0,similarity+interactions,Core Number Only,random_forest,17.437484242022038,1119,1798,0.8306369556369556,0.631578947368421,0.3606995928837843,0.6666666666666666,0.6,0.777269656972817,0.5901639344262295,0.3276203586803171,0.5806451612903226,0.6
K_Means_topic_116,1.0,similarity+interactions,Core Number Only,xgboost,17.437484242022038,1119,1798,0.8530219780219781,0.631578947368421,0.3718755119060841,0.6666666666666666,0.6,0.8075469631414646,0.5901639344262295,0.3356935840982497,0.5806451612903226,0.6
K_Means_topic_116,1.0,similarity+text_similarity,"All (Unweighted Clustering, No Square Clustering)",logistic_regression,28.49838701399858,1119,1798,0.9259598426265092,0.3809523809523809,0.4457257169288382,0.2962962962962963,0.5333333333333333,0.8867499132847729,0.3636363636363636,0.454158120069483,0.2580645161290322,0.6153846153846154
K_Means_topic_116,1.0,similarity+text_similarity,"All (Unweighted Clustering, No Square Clustering)",random_forest,28.49838701399858,1119,1798,0.9639465472798804,0.7659574468085106,0.7866411018629673,0.6666666666666666,0.9,0.9183507676579586,0.7058823529411765,0.6864425634750175,0.5806451612903226,0.9
K_Means_topic_116,1.0,similarity+text_similarity,"All (Unweighted Clustering, No Square Clustering)",xgboost,28.49838701399858,1119,1798,0.977004477004477,0.723404255319149,0.7829423366753596,0.6296296296296297,0.85,0.8985796958577504,0.6923076923076923,0.6958709888730499,0.5806451612903226,0.8571428571428571
K_Means_topic_116,1.0,similarity+text_similarity,"All but Betweenness and Harmonic (Unweighted Clustering, No Square Clustering)",logistic_regression,28.49838701399858,1119,1798,0.9331501831501832,0.3333333333333333,0.5039423501744514,0.2592592592592592,0.4666666666666667,0.8897073589280172,0.3255813953488372,0.4626337130585918,0.2258064516129032,0.5833333333333334
K_Means_topic_116,1.0,similarity+text_similarity,"All but Betweenness and Harmonic (Unweighted Clustering, No Square Clustering)",random_forest,28.49838701399858,1119,1798,0.9633699633699634,0.723404255319149,0.7676604993948528,0.6296296296296297,0.85,0.9257261259287656,0.7058823529411765,0.6121837875846599,0.5806451612903226,0.9
K_Means_topic_116,1.0,similarity+text_similarity,"All but Betweenness and Harmonic (Unweighted Clustering, No Square Clustering)",xgboost,28.49838701399858,1119,1798,0.974698141364808,0.7346938775510204,0.7748679928722931,0.6666666666666666,0.8181818181818182,0.9112309911094072,0.6538461538461539,0.6890401628028274,0.5483870967741935,0.8095238095238095
K_Means_topic_116,1.0,similarity+text_similarity,Core Number Only,logistic_regression,28.49838701399858,1119,1798,0.8621625288291954,0.0,0.1630515334011098,0.0,0.0,0.8041331215656207,0.0,0.1576886992271368,0.0,0.0
K_Means_topic_116,1.0,similarity+text_similarity,Core Number Only,random_forest,28.49838701399858,1119,1798,0.8074040157373491,0.0,0.1356418191192257,0.0,0.0,0.7863519360315461,0.0,0.1290634448120683,0.0,0.0
K_Means_topic_116,1.0,similarity+text_similarity,Core Number Only,xgboost,28.49838701399858,1119,1798,0.8272961606294937,0.0,0.1419721017968609,0.0,0.0,0.8051006809427315,0.0,0.136499793849537,0.0,0.0
K_Means_topic_116,1.0,similarity+text_similarity+interactions,"All (Unweighted Clustering, No Square Clustering)",logistic_regression,21.000953547190875,1119,1798,0.9055759055759056,0.2926829268292683,0.4593440504321318,0.2222222222222222,0.4285714285714285,0.8850703762528069,0.2926829268292683,0.4640300015432552,0.1935483870967742,0.6
K_Means_topic_116,1.0,similarity+text_similarity+interactions,"All (Unweighted Clustering, No Square Clustering)",random_forest,21.000953547190875,1119,1798,0.9635225885225884,0.7659574468085106,0.781439536334279,0.6666666666666666,0.9,0.9167625098125124,0.72,0.6889301549651231,0.5806451612903226,0.9473684210526316
K_Means_topic_116,1.0,similarity+text_similarity+interactions,"All (Unweighted Clustering, No Square Clustering)",xgboost,21.000953547190875,1119,1798,0.9681183014516348,0.7659574468085106,0.7820335081217842,0.6666666666666666,0.9,0.9010807455683956,0.7169811320754716,0.7134070054160968,0.6129032258064516,0.8636363636363636
K_Means_topic_116,1.0,similarity+text_similarity+interactions,"All but Betweenness and Harmonic (Unweighted Clustering, No Square Clustering)",logistic_regression,21.000953547190875,1119,1798,0.9307081807081806,0.3333333333333333,0.4955929914161683,0.2592592592592592,0.4666666666666667,0.8889953812731621,0.3255813953488372,0.4617004151485913,0.2258064516129032,0.5833333333333334
K_Means_topic_116,1.0,similarity+text_similarity+interactions,"All but Betweenness and Harmonic (Unweighted Clustering, No Square Clustering)",random_forest,21.000953547190875,1119,1798,0.929571971238638,0.723404255319149,0.7543182765131871,0.6296296296296297,0.85,0.9125819230699016,0.7058823529411765,0.6215614818808406,0.5806451612903226,0.9
K_Means_topic_116,1.0,similarity+text_similarity+interactions,"All but Betweenness and Harmonic (Unweighted Clustering, No Square Clustering)",xgboost,21.000953547190875,1119,1798,0.9616402116402116,0.723404255319149,0.7569746318196484,0.6296296296296297,0.85,0.9026324917392335,0.6666666666666666,0.6851072449720895,0.5806451612903226,0.782608695652174
K_Means_topic_116,1.0,similarity+text_similarity+interactions,Core Number Only,logistic_regression,21.000953547190875,1119,1798,0.8619251119251119,0.0,0.1630344652707799,0.0,0.0,0.8040600982164048,0.0,0.1576782116517902,0.0,0.0
K_Means_topic_116,1.0,similarity+text_similarity+interactions,Core Number Only,random_forest,21.000953547190875,1119,1798,0.8082349749016416,0.0,0.1382229872323141,0.0,0.0,0.786297168519634,0.0,0.1290592657552339,0.0,0.0
K_Means_topic_116,1.0,similarity+text_similarity+interactions,Core Number Only,xgboost,21.000953547190875,1119,1798,0.8259225342558675,0.0,0.1418528416201969,0.0,0.0,0.8053836464209431,0.0,0.1354475610097501,0.0,0.0
K_Means_topic_116,1.0,text_similarity,"All (Unweighted Clustering, No Square Clustering)",logistic_regression,19.85603489074856,1119,1798,0.94329127662461,0.3076923076923077,0.3863650152974942,0.2222222222222222,0.5,0.8893422421819376,0.2564102564102564,0.4315541933704916,0.1612903225806451,0.625
K_Means_topic_116,1.0,text_similarity,"All (Unweighted Clustering, No Square Clustering)",random_forest,19.85603489074856,1119,1798,0.9451566951566952,0.75,0.7848563373639489,0.6666666666666666,0.8571428571428571,0.8925096299541779,0.68,0.6884194228579752,0.5483870967741935,0.8947368421052632
K_Means_topic_116,1.0,text_similarity,"All (Unweighted Clustering, No Square Clustering)",xgboost,19.85603489074856,1119,1798,0.9802604802604804,0.7346938775510204,0.8180776748388188,0.6666666666666666,0.8181818181818182,0.8989995801157421,0.6538461538461539,0.676609264733229,0.5483870967741935,0.8095238095238095
K_Means_topic_116,1.0,text_similarity,"All but Betweenness and Harmonic (Unweighted Clustering, No Square Clustering)",logistic_regression,19.85603489074856,1119,1798,0.945326278659612,0.3157894736842105,0.4708482547312481,0.2222222222222222,0.5454545454545454,0.886530843237125,0.25,0.4560450699957245,0.1612903225806451,0.5555555555555556
K_Means_topic_116,1.0,text_similarity,"All but Betweenness and Harmonic (Unweighted Clustering, No Square Clustering)",random_forest,19.85603489074856,1119,1798,0.943460860127527,0.7346938775510204,0.7702461030238317,0.6666666666666666,0.8181818181818182,0.8729302444456615,0.6938775510204082,0.6794947109148521,0.5483870967741935,0.9444444444444444
K_Means_topic_116,1.0,text_similarity,"All but Betweenness and Harmonic (Unweighted Clustering, No Square Clustering)",xgboost,19.85603489074856,1119,1798,0.9803622303622304,0.7450980392156863,0.7594135284639997,0.7037037037037037,0.7916666666666666,0.8968636471511765,0.6666666666666666,0.6626875239861014,0.5483870967741935,0.85
K_Means_topic_116,1.0,text_similarity,Core Number Only,logistic_regression,19.85603489074856,1119,1798,0.8659781576448242,0.0,0.1701234096793807,0.0,0.0,0.8052284718038594,0.0,0.1608213386482914,0.0,0.0
K_Means_topic_116,1.0,text_similarity,Core Number Only,random_forest,19.85603489074856,1119,1798,0.8097781847781848,0.0,0.1450967000252865,0.0,0.0,0.7768315168775215,0.0,0.1339850188802938,0.0,0.0
K_Means_topic_116,1.0,text_similarity,Core Number Only,xgboost,19.85603489074856,1119,1798,0.8456450956450956,0.0,0.1550097433575208,0.0,0.0,0.8140916808149408,0.0,0.1410804776403471,0.0,0.0
K_Means_topic_116,1.0,text_similarity+interactions,"All (Unweighted Clustering, No Square Clustering)",logistic_regression,19.217883022502065,1119,1798,0.939323022656356,0.2857142857142857,0.3850808091529409,0.1851851851851851,0.625,0.8883746828048268,0.2564102564102564,0.4288388069859082,0.1612903225806451,0.625
K_Means_topic_116,1.0,text_similarity+interactions,"All (Unweighted Clustering, No Square Clustering)",random_forest,19.217883022502065,1119,1798,0.96504884004884,0.7555555555555555,0.8141081223830093,0.6296296296296297,0.9444444444444444,0.8688226810522663,0.68,0.6886557665549495,0.5483870967741935,0.8947368421052632
K_Means_topic_116,1.0,text_similarity+interactions,"All (Unweighted Clustering, No Square Clustering)",xgboost,19.217883022502065,1119,1798,0.9853819020485688,0.7346938775510204,0.8242671319303878,0.6666666666666666,0.8181818181818182,0.909734012450481,0.6538461538461539,0.7034096774055273,0.5483870967741935,0.8095238095238095
K_Means_topic_116,1.0,text_similarity+interactions,"All but Betweenness and Harmonic (Unweighted Clustering, No Square Clustering)",logistic_regression,19.217883022502065,1119,1798,0.9454958621625288,0.3243243243243243,0.4696250840568403,0.2222222222222222,0.6,0.8875349142888438,0.2439024390243902,0.4572797132283966,0.1612903225806451,0.5
K_Means_topic_116,1.0,text_similarity+interactions,"All but Betweenness and Harmonic (Unweighted Clustering, No Square Clustering)",random_forest,19.217883022502065,1119,1798,0.9600461267127932,0.75,0.7721471655698193,0.6666666666666666,0.8571428571428571,0.8710133815287437,0.6938775510204082,0.678553684654222,0.5483870967741935,0.9444444444444444
K_Means_topic_116,1.0,text_similarity+interactions,"All but Betweenness and Harmonic (Unweighted Clustering, No Square Clustering)",xgboost,19.217883022502065,1119,1798,0.9862976529643196,0.7346938775510204,0.8149888713967183,0.6666666666666666,0.8181818181818182,0.9099895941727368,0.6538461538461539,0.698987283247806,0.5483870967741935,0.8095238095238095
K_Means_topic_116,1.0,text_similarity+interactions,Core Number Only,logistic_regression,19.217883022502065,1119,1798,0.8657407407407407,0.0,0.1701056732466145,0.0,0.0,0.8051189367800354,0.0,0.1608124943322371,0.0,0.0
K_Means_topic_116,1.0,text_similarity+interactions,Core Number Only,random_forest,19.217883022502065,1119,1798,0.8089302672636006,0.0,0.1477847982905686,0.0,0.0,0.7763020975957062,0.0,0.1336856185213021,0.0,0.0
K_Means_topic_116,1.0,text_similarity+interactions,Core Number Only,xgboost,19.217883022502065,1119,1798,0.8443732193732194,0.0,0.1546490383241936,0.0,0.0,0.8132792960549136,0.0,0.1408994188752787,0.0,0.0
K_Means_topic_116,5.0,interactions,"All (Unweighted Clustering, No Square Clustering)",logistic_regression,3.2323959580098744,1685,1798,0.8329757771970199,0.4285714285714285,0.5257448221207007,0.2903225806451613,0.8181818181818182,0.8172043010752688,0.4888888888888889,0.5385504476966785,0.3548387096774194,0.7857142857142857
K_Means_topic_116,5.0,interactions,"All (Unweighted Clustering, No Square Clustering)",random_forest,3.2323959580098744,1685,1798,0.9003881109334165,0.5909090909090909,0.6608409626883566,0.4193548387096774,1.0,0.8832082808478012,0.6222222222222222,0.6449443212177519,0.4516129032258064,1.0
K_Means_topic_116,5.0,interactions,"All (Unweighted Clustering, No Square Clustering)",xgboost,3.2323959580098744,1685,1798,0.882630572999961,0.68,0.6630231212788734,0.5483870967741935,0.8947368421052632,0.896507658323749,0.6530612244897959,0.6155958553788619,0.5161290322580645,0.8888888888888888
K_Means_topic_116,5.0,interactions,"All but Betweenness and Harmonic (Unweighted Clustering, No Square Clustering)",logistic_regression,3.2323959580098744,1685,1798,0.8543316300659203,0.3414634146341463,0.4425800193903165,0.2258064516129032,0.7,0.840206656078281,0.358974358974359,0.4421878863046636,0.2258064516129032,0.875
K_Means_topic_116,5.0,interactions,"All but Betweenness and Harmonic (Unweighted Clustering, No Square Clustering)",random_forest,3.2323959580098744,1685,1798,0.8923235948043844,0.6222222222222222,0.6518638761274451,0.4516129032258064,1.0,0.9145991930919912,0.6222222222222222,0.6373716990485163,0.4516129032258064,1.0
K_Means_topic_116,5.0,interactions,"All but Betweenness and Harmonic (Unweighted Clustering, No Square Clustering)",xgboost,3.2323959580098744,1685,1798,0.9006709053321371,0.6666666666666666,0.6594479285560042,0.5483870967741935,0.85,0.8963342278693613,0.6666666666666666,0.6234155933766853,0.5806451612903226,0.782608695652174
K_Means_topic_116,5.0,interactions,Core Number Only,logistic_regression,3.2323959580098744,1685,1798,0.7720579631002067,0.0,0.1167106618363932,0.0,0.0,0.7683790642057797,0.0,0.1341677420875659,0.0,0.0
K_Means_topic_116,5.0,interactions,Core Number Only,random_forest,3.2323959580098744,1685,1798,0.7090338183094745,0.0,0.0945097102331634,0.0,0.0,0.693740073388466,0.0,0.0884407661669627,0.0,0.0
K_Means_topic_116,5.0,interactions,Core Number Only,xgboost,3.2323959580098744,1685,1798,0.7310235206927488,0.0,0.0953071425951883,0.0,0.0,0.7078792193803969,0.0,0.0889943690268645,0.0,0.0
K_Means_topic_116,5.0,similarity,"All (Unweighted Clustering, No Square Clustering)",logistic_regression,22.01132482010871,1685,1798,0.9191988142138316,0.2564102564102564,0.4487588711406279,0.1612903225806451,0.625,0.9187432681599942,0.3076923076923077,0.4435045663858752,0.1935483870967742,0.75
K_Means_topic_116,5.0,similarity,"All (Unweighted Clustering, No Square Clustering)",random_forest,22.01132482010871,1685,1798,0.9169559620860476,0.7450980392156863,0.7495304172679856,0.6129032258064516,0.95,0.9499151103565364,0.7058823529411765,0.7299945245636018,0.5806451612903226,0.9
K_Means_topic_116,5.0,similarity,"All (Unweighted Clustering, No Square Clustering)",xgboost,22.01132482010871,1685,1798,0.9640948628934742,0.7307692307692307,0.7225436464553299,0.6129032258064516,0.9047619047619048,0.9424210891432536,0.68,0.6652794153248409,0.5483870967741935,0.8947368421052632
K_Means_topic_116,5.0,similarity,"All but Betweenness and Harmonic (Unweighted Clustering, No Square Clustering)",logistic_regression,22.01132482010871,1685,1798,0.9291258727620236,0.2105263157894736,0.3559495488979164,0.1290322580645161,0.5714285714285714,0.9297697938915968,0.1621621621621621,0.355718598810381,0.0967741935483871,0.5
K_Means_topic_116,5.0,similarity,"All but Betweenness and Harmonic (Unweighted Clustering, No Square Clustering)",random_forest,22.01132482010871,1685,1798,0.9299059952412528,0.72,0.7287329909006048,0.5806451612903226,0.9473684210526316,0.959481169103821,0.6666666666666666,0.7137874746262652,0.5483870967741935,0.85
K_Means_topic_116,5.0,similarity,"All but Betweenness and Harmonic (Unweighted Clustering, No Square Clustering)",xgboost,22.01132482010871,1685,1798,0.9646994578148768,0.72,0.6668409118203685,0.5806451612903226,0.9473684210526316,0.9508552859776914,0.7058823529411765,0.6843487121003049,0.5806451612903226,0.9
K_Means_topic_116,5.0,similarity,Core Number Only,logistic_regression,22.01132482010871,1685,1798,0.8064418613722355,0.0,0.0999014616006427,0.0,0.0,0.8226536685105063,0.0,0.1027651934986231,0.0,0.0
K_Means_topic_116,5.0,similarity,Core Number Only,random_forest,22.01132482010871,1685,1798,0.7363283535515075,0.5714285714285714,0.3014563068296547,0.5806451612903226,0.5625,0.7351716961498438,0.5714285714285714,0.2941951670098613,0.5806451612903226,0.5625
K_Means_topic_116,5.0,similarity,Core Number Only,xgboost,22.01132482010871,1685,1798,0.734124507547685,0.4827586206896552,0.306530641758668,0.4516129032258064,0.5185185185185185,0.7353268707669277,0.5714285714285714,0.2972902022397091,0.5806451612903226,0.5625
K_Means_topic_116,5.0,similarity+interactions,"All (Unweighted Clustering, No Square Clustering)",logistic_regression,29.411550463177264,1685,1798,0.9084721301244296,0.3076923076923077,0.43173074855285,0.1935483870967742,0.75,0.90238603793563,0.2051282051282051,0.4102257634750123,0.1290322580645161,0.5
K_Means_topic_116,5.0,similarity+interactions,"All (Unweighted Clustering, No Square Clustering)",random_forest,29.411550463177264,1685,1798,0.9400573390022232,0.7692307692307693,0.7537987555407164,0.6451612903225806,0.9523809523809524,0.9630866969713564,0.6530612244897959,0.733553233390007,0.5161290322580645,0.8888888888888888
K_Means_topic_116,5.0,similarity+interactions,"All (Unweighted Clustering, No Square Clustering)",xgboost,29.411550463177264,1685,1798,0.9455084448258376,0.7307692307692307,0.707222583080763,0.6129032258064516,0.9047619047619048,0.9450499297150264,0.7058823529411765,0.6867701189789739,0.5806451612903226,0.9
K_Means_topic_116,5.0,similarity+interactions,"All but Betweenness and Harmonic (Unweighted Clustering, No Square Clustering)",logistic_regression,29.411550463177264,1685,1798,0.9139719936029956,0.1621621621621621,0.3331195211588069,0.0967741935483871,0.5,0.910546397210508,0.1621621621621621,0.3340491286076601,0.0967741935483871,0.5
K_Means_topic_116,5.0,similarity+interactions,"All but Betweenness and Harmonic (Unweighted Clustering, No Square Clustering)",random_forest,29.411550463177264,1685,1798,0.9443480126379842,0.72,0.738042913520938,0.5806451612903226,0.9473684210526316,0.9656060025193056,0.625,0.7141076920895406,0.4838709677419355,0.8823529411764706
K_Means_topic_116,5.0,similarity+interactions,"All but Betweenness and Harmonic (Unweighted Clustering, No Square Clustering)",xgboost,29.411550463177264,1685,1798,0.954323828841128,0.6666666666666666,0.6810877262849586,0.5483870967741935,0.85,0.9488836555488618,0.72,0.668720109636707,0.5806451612903226,0.9473684210526316
K_Means_topic_116,5.0,similarity+interactions,Core Number Only,logistic_regression,29.411550463177264,1685,1798,0.8068709287358116,0.0,0.0994384736826518,0.0,0.0,0.8243879730543842,0.0,0.1024643728733981,0.0,0.0
K_Means_topic_116,5.0,similarity+interactions,Core Number Only,random_forest,29.411550463177264,1685,1798,0.7364258688614111,0.5714285714285714,0.3013817748997583,0.5806451612903226,0.5625,0.7361757672015626,0.5714285714285714,0.2938474054700448,0.5806451612903226,0.5625
K_Means_topic_116,5.0,similarity+interactions,Core Number Only,xgboost,29.411550463177264,1685,1798,0.751443226586574,0.4827586206896552,0.3063200639365139,0.4516129032258064,0.5185185185185185,0.7509629954177848,0.5714285714285714,0.2971639238334965,0.5806451612903226,0.5625
K_Means_topic_116,5.0,similarity+text_similarity,"All (Unweighted Clustering, No Square Clustering)",logistic_regression,52.67725927798893,1685,1798,0.8989741389398136,0.1176470588235294,0.2812208863204237,0.064516129032258,0.6666666666666666,0.9035726673603884,0.1176470588235294,0.3059229343895677,0.064516129032258,0.6666666666666666
K_Means_topic_116,5.0,similarity+text_similarity,"All (Unweighted Clustering, No Square Clustering)",random_forest,52.67725927798893,1685,1798,0.9594043764871084,0.7058823529411765,0.7203256248932624,0.5806451612903226,0.9,0.9302627014988044,0.6666666666666666,0.7094879011548593,0.5483870967741935,0.85
K_Means_topic_116,5.0,similarity+text_similarity,"All (Unweighted Clustering, No Square Clustering)",xgboost,52.67725927798893,1685,1798,0.964621445566954,0.6538461538461539,0.7148026974559786,0.5483870967741935,0.8095238095238095,0.9548533143472626,0.64,0.6957690634692608,0.5161290322580645,0.8421052631578947
K_Means_topic_116,5.0,similarity+text_similarity,"All but Betweenness and Harmonic (Unweighted Clustering, No Square Clustering)",logistic_regression,52.67725927798893,1685,1798,0.9206420408004056,0.2222222222222222,0.3501364506298207,0.1290322580645161,0.8,0.9113313982145792,0.2222222222222222,0.3774062308206975,0.1290322580645161,0.8
K_Means_topic_116,5.0,similarity+text_similarity,"All but Betweenness and Harmonic (Unweighted Clustering, No Square Clustering)",random_forest,52.67725927798893,1685,1798,0.9626711393688808,0.64,0.7004186791197686,0.5161290322580645,0.8421052631578947,0.931303284225131,0.6666666666666666,0.6618893965747275,0.5483870967741935,0.85
K_Means_topic_116,5.0,similarity+text_similarity,"All but Betweenness and Harmonic (Unweighted Clustering, No Square Clustering)",xgboost,52.67725927798893,1685,1798,0.967956469165659,0.6545454545454545,0.7350257854502569,0.5806451612903226,0.75,0.942877485075853,0.6792452830188679,0.6577543916642346,0.5806451612903226,0.8181818181818182
K_Means_topic_116,5.0,similarity+text_similarity,Core Number Only,logistic_regression,52.67725927798893,1685,1798,0.8047841011038732,0.0,0.10958449715923,0.0,0.0,0.8268525110904211,0.0,0.1279838656134404,0.0,0.0
K_Means_topic_116,5.0,similarity+text_similarity,Core Number Only,random_forest,52.67725927798893,1685,1798,0.7872508483831963,0.0,0.1061075190936485,0.0,0.0,0.7881866476805959,0.0,0.1150347274357292,0.0,0.0
K_Means_topic_116,5.0,similarity+text_similarity,Core Number Only,xgboost,52.67725927798893,1685,1798,0.8146526504661232,0.0,0.1080472345760758,0.0,0.0,0.8191759315040985,0.0,0.1182036827515821,0.0,0.0
K_Means_topic_116,5.0,similarity+text_similarity+interactions,"All (Unweighted Clustering, No Square Clustering)",logistic_regression,35.88478581700474,1685,1798,0.9368490853063932,0.1142857142857142,0.3368712486213704,0.064516129032258,0.5,0.9278711868119832,0.1142857142857142,0.3175422202223029,0.064516129032258,0.5
K_Means_topic_116,5.0,similarity+text_similarity+interactions,"All (Unweighted Clustering, No Square Clustering)",random_forest,35.88478581700474,1685,1798,0.9403108788079728,0.7058823529411765,0.7194531341873699,0.5806451612903226,0.9,0.9323895065447176,0.68,0.7186741231441487,0.5483870967741935,0.8947368421052632
K_Means_topic_116,5.0,similarity+text_similarity+interactions,"All (Unweighted Clustering, No Square Clustering)",xgboost,35.88478581700474,1685,1798,0.9641533720794164,0.7058823529411765,0.7431666156495743,0.5806451612903226,0.9,0.9438633002902678,0.6545454545454545,0.7103893933300928,0.5806451612903226,0.75
K_Means_topic_116,5.0,similarity+text_similarity+interactions,"All but Betweenness and Harmonic (Unweighted Clustering, No Square Clustering)",logistic_regression,35.88478581700474,1685,1798,0.9416273354916722,0.2105263157894736,0.3797393894225183,0.1290322580645161,0.5714285714285714,0.9362871278091168,0.2162162162162162,0.394827802037861,0.1290322580645161,0.6666666666666666
K_Means_topic_116,5.0,similarity+text_similarity+interactions,"All but Betweenness and Harmonic (Unweighted Clustering, No Square Clustering)",random_forest,35.88478581700474,1685,1798,0.9266197292974996,0.64,0.6868059015417696,0.5161290322580645,0.8421052631578947,0.927323511692864,0.625,0.6490683999132089,0.4838709677419355,0.8823529411764706
K_Means_topic_116,5.0,similarity+text_similarity+interactions,"All but Betweenness and Harmonic (Unweighted Clustering, No Square Clustering)",xgboost,35.88478581700474,1685,1798,0.9613059250302298,0.7037037037037037,0.7290932923709748,0.6129032258064516,0.8260869565217391,0.9399565511072164,0.6428571428571429,0.6875350683228885,0.5806451612903226,0.72
K_Means_topic_116,5.0,similarity+text_similarity+interactions,Core Number Only,logistic_regression,35.88478581700474,1685,1798,0.8038772087217693,0.0,0.1090692687124983,0.0,0.0,0.8262409405407378,0.0,0.1276888753104562,0.0,0.0
K_Means_topic_116,5.0,similarity+text_similarity+interactions,Core Number Only,random_forest,35.88478581700474,1685,1798,0.7846081834848072,0.0,0.1058225125215896,0.0,0.0,0.7861328659838983,0.0,0.1147032066409505,0.0,0.0
K_Means_topic_116,5.0,similarity+text_similarity+interactions,Core Number Only,xgboost,35.88478581700474,1685,1798,0.8112103600265241,0.0,0.1075292190059206,0.0,0.0,0.8155521477992588,0.0,0.1177502597806218,0.0,0.0
K_Means_topic_116,5.0,text_similarity,"All (Unweighted Clustering, No Square Clustering)",logistic_regression,33.32935473881662,1685,1798,0.9145570854624177,0.1176470588235294,0.2862690657341116,0.064516129032258,0.6666666666666666,0.8942987020099677,0.1176470588235294,0.2745758115602287,0.064516129032258,0.6666666666666666
K_Means_topic_116,5.0,text_similarity,"All (Unweighted Clustering, No Square Clustering)",random_forest,33.32935473881662,1685,1798,0.9471954596871708,0.6530612244897959,0.7183595121653237,0.5161290322580645,0.8888888888888888,0.9389616079741496,0.6530612244897959,0.6960456617558965,0.5161290322580645,0.8888888888888888
K_Means_topic_116,5.0,text_similarity,"All (Unweighted Clustering, No Square Clustering)",xgboost,33.32935473881662,1685,1798,0.9607403362327886,0.6153846153846154,0.6844135011788491,0.5161290322580645,0.7619047619047619,0.963597860415868,0.6923076923076923,0.6279406181762024,0.5806451612903226,0.8571428571428571
K_Means_topic_116,5.0,text_similarity,"All but Betweenness and Harmonic (Unweighted Clustering, No Square Clustering)",logistic_regression,33.32935473881662,1685,1798,0.9109100128720208,0.2222222222222222,0.3193795740508867,0.1290322580645161,0.8,0.9030797597531812,0.2222222222222222,0.3351646730224915,0.1290322580645161,0.8
K_Means_topic_116,5.0,text_similarity,"All but Betweenness and Harmonic (Unweighted Clustering, No Square Clustering)",random_forest,33.32935473881662,1685,1798,0.9332507703709484,0.6530612244897959,0.6890575344360701,0.5161290322580645,0.8888888888888888,0.951220402723771,0.64,0.6906596816499705,0.5161290322580645,0.8421052631578947
K_Means_topic_116,5.0,text_similarity,"All but Betweenness and Harmonic (Unweighted Clustering, No Square Clustering)",xgboost,33.32935473881662,1685,1798,0.9663572180832392,0.6666666666666666,0.6542760903224859,0.5806451612903226,0.782608695652174,0.9675046095989192,0.6792452830188679,0.6653704941242102,0.5806451612903226,0.8181818181818182
K_Means_topic_116,5.0,text_similarity,Core Number Only,logistic_regression,33.32935473881662,1685,1798,0.7985918789249913,0.0,0.1117526290153711,0.0,0.0,0.815342205670263,0.0,0.1255660300657838,0.0,0.0
K_Means_topic_116,5.0,text_similarity,Core Number Only,random_forest,33.32935473881662,1685,1798,0.8329855287280102,0.0,0.1144668058255369,0.0,0.0,0.8334337404385053,0.0,0.124243591991472,0.0,0.0
K_Means_topic_116,5.0,text_similarity,Core Number Only,xgboost,33.32935473881662,1685,1798,0.8444435776416896,0.0,0.1162728640865316,0.0,0.0,0.8522007411869945,0.0,0.1237683369532239,0.0,0.0
K_Means_topic_116,5.0,text_similarity+interactions,"All (Unweighted Clustering, No Square Clustering)",logistic_regression,31.76290800049901,1685,1798,0.8925966376721145,0.1142857142857142,0.2883493795355815,0.064516129032258,0.5,0.8627343593113898,0.1176470588235294,0.2684114954666625,0.064516129032258,0.6666666666666666
K_Means_topic_116,5.0,text_similarity+interactions,"All (Unweighted Clustering, No Square Clustering)",random_forest,31.76290800049901,1685,1798,0.9437434177165815,0.68,0.706348073535878,0.5483870967741935,0.8947368421052632,0.9258174051152857,0.6530612244897959,0.7016172200717793,0.5161290322580645,0.8888888888888888
K_Means_topic_116,5.0,text_similarity+interactions,"All (Unweighted Clustering, No Square Clustering)",xgboost,31.76290800049901,1685,1798,0.956079104419394,0.6538461538461539,0.665645362373094,0.5483870967741935,0.8095238095238095,0.952060171239754,0.6666666666666666,0.6306835407171572,0.5483870967741935,0.85
K_Means_topic_116,5.0,text_similarity+interactions,"All but Betweenness and Harmonic (Unweighted Clustering, No Square Clustering)",logistic_regression,31.76290800049901,1685,1798,0.8989351328158521,0.2222222222222222,0.3235086184918826,0.1290322580645161,0.8,0.8852803183818027,0.2222222222222222,0.3488313684529399,0.1290322580645161,0.8
K_Means_topic_116,5.0,text_similarity+interactions,"All but Betweenness and Harmonic (Unweighted Clustering, No Square Clustering)",random_forest,31.76290800049901,1685,1798,0.9312224519249522,0.6530612244897959,0.6887032841546938,0.5161290322580645,0.8888888888888888,0.9441006261752196,0.6122448979591837,0.6931556136021151,0.4838709677419355,0.8333333333333334
K_Means_topic_116,5.0,text_similarity+interactions,"All but Betweenness and Harmonic (Unweighted Clustering, No Square Clustering)",xgboost,31.76290800049901,1685,1798,0.9576588524398332,0.6666666666666666,0.6592830035076767,0.5806451612903226,0.782608695652174,0.9530824981287768,0.6530612244897959,0.6334296609599412,0.5161290322580645,0.8888888888888888
K_Means_topic_116,5.0,text_similarity+interactions,Core Number Only,logistic_regression,31.76290800049901,1685,1798,0.7977142411358583,0.0,0.1116721303834738,0.0,0.0,0.8169030797597532,0.0,0.1266893260838331,0.0,0.0
K_Means_topic_116,5.0,text_similarity+interactions,Core Number Only,random_forest,31.76290800049901,1685,1798,0.8311229863088505,0.0,0.1156343215806151,0.0,0.0,0.8307044927615606,0.0,0.1237865043584667,0.0,0.0
K_Means_topic_116,5.0,text_similarity+interactions,Core Number Only,xgboost,31.76290800049901,1685,1798,0.8401041463509772,0.0,0.1150824658950316,0.0,0.0,0.8525932416890301,0.0,0.1235761044640001,0.0,0.0
K_Means_topic_116,10.0,interactions,"All (Unweighted Clustering, No Square Clustering)",logistic_regression,3.3282412569969893,1779,1798,0.8345943751384071,0.5652173913043478,0.5522251371661042,0.4193548387096774,0.8666666666666667,0.8312795516366358,0.5333333333333333,0.5651418522402581,0.3870967741935484,0.8571428571428571
K_Means_topic_116,10.0,interactions,"All (Unweighted Clustering, No Square Clustering)",random_forest,3.3282412569969893,1779,1798,0.9083007307891046,0.5909090909090909,0.6286107175809148,0.4193548387096774,1.0,0.9204228051919604,0.5581395348837209,0.6498855685156615,0.3870967741935484,1.0
K_Means_topic_116,10.0,interactions,"All (Unweighted Clustering, No Square Clustering)",xgboost,3.3282412569969893,1779,1798,0.9036687089392486,0.64,0.5753059757504231,0.5161290322580645,0.8421052631578947,0.9041203424795078,0.5416666666666666,0.5552733130730716,0.4193548387096774,0.7647058823529411
K_Means_topic_116,10.0,interactions,"All but Betweenness and Harmonic (Unweighted Clustering, No Square Clustering)",logistic_regression,3.3282412569969893,1779,1798,0.8551155237321917,0.35,0.4324445426834932,0.2258064516129032,0.7777777777777778,0.8528762071672418,0.35,0.4280813972255492,0.2258064516129032,0.7777777777777778
K_Means_topic_116,10.0,interactions,"All but Betweenness and Harmonic (Unweighted Clustering, No Square Clustering)",random_forest,3.3282412569969893,1779,1798,0.9014634236362292,0.5238095238095238,0.6254554658429251,0.3548387096774194,1.0,0.9286379319787502,0.5909090909090909,0.6557858613159926,0.4193548387096774,1.0
K_Means_topic_116,10.0,interactions,"All but Betweenness and Harmonic (Unweighted Clustering, No Square Clustering)",xgboost,3.3282412569969893,1779,1798,0.9066767550011072,0.68,0.5935959604887545,0.5483870967741935,0.8947368421052632,0.9111670956788434,0.625,0.569868381185643,0.4838709677419355,0.8823529411764706
K_Means_topic_116,10.0,interactions,Core Number Only,logistic_regression,3.3282412569969893,1779,1798,0.7905624861592974,0.0,0.1188832506480798,0.0,0.0,0.783075013235482,0.0,0.1186888611147331,0.0,0.0
K_Means_topic_116,10.0,interactions,Core Number Only,random_forest,3.3282412569969893,1779,1798,0.7036613272311212,0.0,0.0869080241544209,0.0,0.0,0.7088011391642478,0.0,0.0984313081028402,0.0,0.0
K_Means_topic_116,10.0,interactions,Core Number Only,xgboost,3.3282412569969893,1779,1798,0.7260463571270392,0.0,0.087577398037947,0.0,0.0,0.7179016740602808,0.0,0.1000319596951058,0.0,0.0
K_Means_topic_116,10.0,similarity,"All (Unweighted Clustering, No Square Clustering)",logistic_regression,23.06709635443985,1779,1798,0.9253155680224404,0.2105263157894736,0.4098820551707122,0.1290322580645161,0.5714285714285714,0.9212443178706392,0.2631578947368421,0.4058058806089369,0.1612903225806451,0.7142857142857143
K_Means_topic_116,10.0,similarity,"All (Unweighted Clustering, No Square Clustering)",random_forest,23.06709635443985,1779,1798,0.9147320439949804,0.7450980392156863,0.7440172993464804,0.6129032258064516,0.95,0.9477517936360152,0.72,0.7398994483242778,0.5806451612903226,0.9473684210526316
K_Means_topic_116,10.0,similarity,"All (Unweighted Clustering, No Square Clustering)",xgboost,23.06709635443985,1779,1798,0.9594559681110209,0.7307692307692307,0.7114338519713082,0.6129032258064516,0.9047619047619048,0.9448856271792906,0.7307692307692307,0.6789970801914476,0.6129032258064516,0.9047619047619048
K_Means_topic_116,10.0,similarity,"All but Betweenness and Harmonic (Unweighted Clustering, No Square Clustering)",logistic_regression,23.06709635443985,1779,1798,0.9254632021849856,0.1621621621621621,0.3097153682588071,0.0967741935483871,0.5,0.9176296620844516,0.1621621621621621,0.32309886619843,0.0967741935483871,0.5
K_Means_topic_116,10.0,similarity,"All but Betweenness and Harmonic (Unweighted Clustering, No Square Clustering)",random_forest,23.06709635443985,1779,1798,0.9488632169484018,0.6938775510204082,0.746090639534279,0.5483870967741935,0.9444444444444444,0.9546342442996149,0.6938775510204082,0.7136549118645443,0.5483870967741935,0.9444444444444444
K_Means_topic_116,10.0,similarity,"All but Betweenness and Harmonic (Unweighted Clustering, No Square Clustering)",xgboost,23.06709635443985,1779,1798,0.9534214217169852,0.6938775510204082,0.7090055281548617,0.5483870967741935,0.9444444444444444,0.9381492232141228,0.6923076923076923,0.6875537689322214,0.5806451612903226,0.8571428571428571
K_Means_topic_116,10.0,similarity,Core Number Only,logistic_regression,23.06709635443985,1779,1798,0.8204584040747029,0.0,0.1085316745184419,0.0,0.0,0.8209558756412365,0.0,0.0999637121181388,0.0,0.0
K_Means_topic_116,10.0,similarity,Core Number Only,random_forest,23.06709635443985,1779,1798,0.7497047316749096,0.0,0.2363063934960267,0.0,0.0,0.7529620096025704,0.0,0.2222208464928396,0.0,0.0
K_Means_topic_116,10.0,similarity,Core Number Only,xgboost,23.06709635443985,1779,1798,0.7549088359046283,0.0,0.2357708179611919,0.0,0.0,0.760757252131369,0.0,0.2318591170947429,0.0,0.0
K_Means_topic_116,10.0,similarity+interactions,"All (Unweighted Clustering, No Square Clustering)",logistic_regression,31.695561655797064,1779,1798,0.910662877389828,0.2162162162162162,0.3878414363981185,0.1290322580645161,0.6666666666666666,0.9100169779286926,0.2162162162162162,0.3844222264289073,0.1290322580645161,0.6666666666666666
K_Means_topic_116,10.0,similarity+interactions,"All (Unweighted Clustering, No Square Clustering)",random_forest,31.695561655797064,1779,1798,0.9440835609360004,0.6666666666666666,0.7395532366471487,0.5161290322580645,0.9411764705882352,0.9286744436533584,0.72,0.7236458349493327,0.5806451612903226,0.9473684210526316
K_Means_topic_116,10.0,similarity+interactions,"All (Unweighted Clustering, No Square Clustering)",xgboost,31.695561655797064,1779,1798,0.9602495017347014,0.7058823529411765,0.7235359348374838,0.5806451612903226,0.9,0.9492852839695493,0.7058823529411765,0.6558066722360973,0.5806451612903226,0.9
K_Means_topic_116,10.0,similarity+interactions,"All but Betweenness and Harmonic (Unweighted Clustering, No Square Clustering)",logistic_regression,31.695561655797064,1779,1798,0.9131911124234148,0.1621621621621621,0.2855380010910207,0.0967741935483871,0.5,0.9067856947258888,0.1621621621621621,0.2999762690357974,0.0967741935483871,0.5
K_Means_topic_116,10.0,similarity+interactions,"All but Betweenness and Harmonic (Unweighted Clustering, No Square Clustering)",random_forest,31.695561655797064,1779,1798,0.9482911345685392,0.6382978723404256,0.7348015899642799,0.4838709677419355,0.9375,0.9456615002647096,0.72,0.7301179821563475,0.5806451612903226,0.9473684210526316
K_Means_topic_116,10.0,similarity+interactions,"All but Betweenness and Harmonic (Unweighted Clustering, No Square Clustering)",xgboost,31.695561655797064,1779,1798,0.9636450874732412,0.72,0.7234125426323421,0.5806451612903226,0.9473684210526316,0.946090512441353,0.6923076923076923,0.6203054108287732,0.5806451612903226,0.8571428571428571
K_Means_topic_116,10.0,similarity+interactions,Core Number Only,logistic_regression,31.695561655797064,1779,1798,0.8193234664501365,0.0,0.1081969745994346,0.0,0.0,0.8193858736330941,0.0,0.0988343119350032,0.0,0.0
K_Means_topic_116,10.0,similarity+interactions,Core Number Only,random_forest,31.695561655797064,1779,1798,0.7488004724293202,0.0,0.2310903856388934,0.0,0.0,0.7529893933585263,0.0,0.2194380205466929,0.0,0.0
K_Means_topic_116,10.0,similarity+interactions,Core Number Only,xgboost,31.695561655797064,1779,1798,0.7533033143869491,0.0,0.2348028424892188,0.0,0.0,0.7590229475874912,0.0,0.2238544527573267,0.0,0.0
K_Means_topic_116,10.0,similarity+text_similarity,"All (Unweighted Clustering, No Square Clustering)",logistic_regression,55.46117619998404,1779,1798,0.9099616151177382,0.1176470588235294,0.273220591662149,0.064516129032258,0.6666666666666666,0.9065848805155448,0.1176470588235294,0.2829727835808364,0.064516129032258,0.6666666666666666
K_Means_topic_116,10.0,similarity+text_similarity,"All (Unweighted Clustering, No Square Clustering)",random_forest,55.46117619998404,1779,1798,0.9464733889422012,0.6666666666666666,0.6872289947052772,0.5483870967741935,0.85,0.9493491794001132,0.68,0.7031731268893173,0.5483870967741935,0.8947368421052632
K_Means_topic_116,10.0,similarity+text_similarity,"All (Unweighted Clustering, No Square Clustering)",xgboost,55.46117619998404,1779,1798,0.9338414409094266,0.6296296296296297,0.6669326314060132,0.5483870967741935,0.7391304347826086,0.9547437793234386,0.6538461538461539,0.637838106101182,0.5483870967741935,0.8095238095238095
K_Means_topic_116,10.0,similarity+text_similarity,"All but Betweenness and Harmonic (Unweighted Clustering, No Square Clustering)",logistic_regression,55.46117619998404,1779,1798,0.9303351295489776,0.2222222222222222,0.3793353569553079,0.1290322580645161,0.8,0.9217737371524544,0.2162162162162162,0.3957533508702126,0.1290322580645161,0.6666666666666666
K_Means_topic_116,10.0,similarity+text_similarity,"All but Betweenness and Harmonic (Unweighted Clustering, No Square Clustering)",random_forest,55.46117619998404,1779,1798,0.943769838340592,0.625,0.6615971520501678,0.4838709677419355,0.8823529411764706,0.9315497380287346,0.68,0.6725105878862147,0.5483870967741935,0.8947368421052632
K_Means_topic_116,10.0,similarity+text_similarity,"All but Betweenness and Harmonic (Unweighted Clustering, No Square Clustering)",xgboost,55.46117619998404,1779,1798,0.9520927142540784,0.6274509803921569,0.6933217799964249,0.5161290322580645,0.8,0.9514029610968108,0.6666666666666666,0.6395913710053128,0.5806451612903226,0.782608695652174
K_Means_topic_116,10.0,similarity+text_similarity,Core Number Only,logistic_regression,55.46117619998404,1779,1798,0.8170535912010038,0.0,0.1350930486583395,0.0,0.0,0.8147671467951878,0.0,0.1273477147371579,0.0,0.0
K_Means_topic_116,10.0,similarity+text_similarity,Core Number Only,random_forest,55.46117619998404,1779,1798,0.8115173101055584,0.0,0.1312946782817782,0.0,0.0,0.8119740036876791,0.0,0.1254294787518358,0.0,0.0
K_Means_topic_116,10.0,similarity+text_similarity,Core Number Only,xgboost,55.46117619998404,1779,1798,0.8203107699121577,0.0,0.1290075515989783,0.0,0.0,0.8191941873414024,0.0,0.1251485061522318,0.0,0.0
K_Means_topic_116,10.0,similarity+text_similarity+interactions,"All (Unweighted Clustering, No Square Clustering)",logistic_regression,38.491536697838455,1779,1798,0.9136709234516868,0.1176470588235294,0.2734752032949886,0.064516129032258,0.6666666666666666,0.9097066286945252,0.1176470588235294,0.2823689357516136,0.064516129032258,0.6666666666666666
K_Means_topic_116,10.0,similarity+text_similarity+interactions,"All (Unweighted Clustering, No Square Clustering)",random_forest,38.491536697838455,1779,1798,0.9308241677124086,0.64,0.6887659512654035,0.5161290322580645,0.8421052631578947,0.9324990415685416,0.6923076923076923,0.6917259494214288,0.5806451612903226,0.8571428571428571
K_Means_topic_116,10.0,similarity+text_similarity+interactions,"All (Unweighted Clustering, No Square Clustering)",xgboost,38.491536697838455,1779,1798,0.9572045471322064,0.6666666666666666,0.6984684269098305,0.5483870967741935,0.85,0.9598919254431604,0.6428571428571429,0.6680278601682127,0.5806451612903226,0.72
K_Means_topic_116,10.0,similarity+text_similarity+interactions,"All but Betweenness and Harmonic (Unweighted Clustering, No Square Clustering)",logistic_regression,38.491536697838455,1779,1798,0.9265704584040748,0.2162162162162162,0.378382012623362,0.1290322580645161,0.6666666666666666,0.9203132701681362,0.2222222222222222,0.3814854292061872,0.1290322580645161,0.8
K_Means_topic_116,10.0,similarity+text_similarity+interactions,"All but Betweenness and Harmonic (Unweighted Clustering, No Square Clustering)",random_forest,38.491536697838455,1779,1798,0.9461135306709972,0.625,0.6813521682482833,0.4838709677419355,0.8823529411764706,0.9317414243204264,0.68,0.6637229121535974,0.5483870967741935,0.8947368421052632
K_Means_topic_116,10.0,similarity+text_similarity+interactions,"All but Betweenness and Harmonic (Unweighted Clustering, No Square Clustering)",xgboost,38.491536697838455,1779,1798,0.9580718978371596,0.6792452830188679,0.6781561120122284,0.5806451612903226,0.8181818181818182,0.9656972817058254,0.6545454545454545,0.6341928722643362,0.5806451612903226,0.75
K_Means_topic_116,10.0,similarity+text_similarity+interactions,Core Number Only,logistic_regression,38.491536697838455,1779,1798,0.8161954676312098,0.0,0.1349674976737037,0.0,0.0,0.8130784818445699,0.0,0.1271491185973884,0.0,0.0
K_Means_topic_116,10.0,similarity+text_similarity+interactions,Core Number Only,random_forest,38.491536697838455,1779,1798,0.8257363253856942,0.0,0.1318431438917297,0.0,0.0,0.8246983222885517,0.0,0.125573986946782,0.0,0.0
K_Means_topic_116,10.0,similarity+text_similarity+interactions,Core Number Only,xgboost,38.491536697838455,1779,1798,0.8269912157673286,0.0,0.1314332904163758,0.0,0.0,0.8270898369753729,0.0,0.1269469058199532,0.0,0.0
K_Means_topic_116,10.0,text_similarity,"All (Unweighted Clustering, No Square Clustering)",logistic_regression,35.0755516840145,1779,1798,0.9279914372185724,0.1176470588235294,0.3346603077718492,0.064516129032258,0.6666666666666666,0.9298975847527248,0.1176470588235294,0.3339397187931015,0.064516129032258,0.6666666666666666
K_Means_topic_116,10.0,text_similarity,"All (Unweighted Clustering, No Square Clustering)",random_forest,35.0755516840145,1779,1798,0.9482726802982212,0.64,0.7099675808679407,0.5161290322580645,0.8421052631578947,0.946912025120032,0.64,0.6918472863283154,0.5161290322580645,0.8421052631578947
K_Means_topic_116,10.0,text_similarity,"All (Unweighted Clustering, No Square Clustering)",xgboost,35.0755516840145,1779,1798,0.9597696907064296,0.6,0.6555878801221466,0.4838709677419355,0.7894736842105263,0.9610237873560072,0.6538461538461539,0.6338859395114237,0.5483870967741935,0.8095238095238095
K_Means_topic_116,10.0,text_similarity,"All but Betweenness and Harmonic (Unweighted Clustering, No Square Clustering)",logistic_regression,35.0755516840145,1779,1798,0.9368679412416032,0.2222222222222222,0.410030278683294,0.1290322580645161,0.8,0.9326907278602332,0.2285714285714285,0.4121266009896186,0.1290322580645161,1.0
K_Means_topic_116,10.0,text_similarity,"All but Betweenness and Harmonic (Unweighted Clustering, No Square Clustering)",random_forest,35.0755516840145,1779,1798,0.9517605373883516,0.6122448979591837,0.6728945859036244,0.4838709677419355,0.8333333333333334,0.9643372218266792,0.6666666666666666,0.6689899980598906,0.5483870967741935,0.85
K_Means_topic_116,10.0,text_similarity,"All but Betweenness and Harmonic (Unweighted Clustering, No Square Clustering)",xgboost,35.0755516840145,1779,1798,0.9674097586181442,0.5882352941176471,0.6629546317576773,0.4838709677419355,0.75,0.9655329791700896,0.6,0.6309839013385969,0.4838709677419355,0.7894736842105263
K_Means_topic_116,10.0,text_similarity,Core Number Only,logistic_regression,35.0755516840145,1779,1798,0.8117018528087399,0.0,0.1359859568084904,0.0,0.0,0.8057031235737626,0.0,0.1267523774862198,0.0,0.0
K_Means_topic_116,10.0,text_similarity,Core Number Only,random_forest,35.0755516840145,1779,1798,0.8605872148815237,0.0,0.1334883357538001,0.0,0.0,0.8610913339540318,0.0,0.1369067335841158,0.0,0.0
K_Means_topic_116,10.0,text_similarity,Core Number Only,xgboost,35.0755516840145,1779,1798,0.8659112718683103,0.0,0.1370655977205458,0.0,0.0,0.8710133815287439,0.0,0.1369575930177755,0.0,0.0
K_Means_topic_116,10.0,text_similarity+interactions,"All (Unweighted Clustering, No Square Clustering)",logistic_regression,33.9601728906855,1779,1798,0.8617036982357718,0.1176470588235294,0.2127264339300056,0.064516129032258,0.6666666666666666,0.8639209887361483,0.1176470588235294,0.2313230990811611,0.064516129032258,0.6666666666666666
K_Means_topic_116,10.0,text_similarity+interactions,"All (Unweighted Clustering, No Square Clustering)",random_forest,33.9601728906855,1779,1798,0.9463626633202924,0.5714285714285714,0.6876360443198188,0.4516129032258064,0.7777777777777778,0.9610420431933112,0.6530612244897959,0.6919731547108076,0.5161290322580645,0.8888888888888888
K_Means_topic_116,10.0,text_similarity+interactions,"All (Unweighted Clustering, No Square Clustering)",xgboost,33.9601728906855,1779,1798,0.9614490293053812,0.68,0.6756836680885278,0.5483870967741935,0.8947368421052632,0.9583949467842344,0.6153846153846154,0.6076288283487198,0.5161290322580645,0.7619047619047619
K_Means_topic_116,10.0,text_similarity+interactions,"All but Betweenness and Harmonic (Unweighted Clustering, No Square Clustering)",logistic_regression,33.9601728906855,1779,1798,0.9095002583597844,0.2162162162162162,0.3204023112031583,0.1290322580645161,0.6666666666666666,0.9055077861146102,0.2162162162162162,0.3238285653439789,0.1290322580645161,0.6666666666666666
K_Means_topic_116,10.0,text_similarity+interactions,"All but Betweenness and Harmonic (Unweighted Clustering, No Square Clustering)",random_forest,33.9601728906855,1779,1798,0.9484479958662436,0.5531914893617021,0.6620571091061154,0.4193548387096774,0.8125,0.9448947550979424,0.64,0.6378610011476377,0.5161290322580645,0.8421052631578947
K_Means_topic_116,10.0,text_similarity+interactions,"All but Betweenness and Harmonic (Unweighted Clustering, No Square Clustering)",xgboost,33.9601728906855,1779,1798,0.9601018675721562,0.5714285714285714,0.697894908414447,0.4516129032258064,0.7777777777777778,0.9533563356883364,0.6153846153846154,0.6260110937449895,0.5161290322580645,0.7619047619047619
K_Means_topic_116,10.0,text_similarity+interactions,Core Number Only,logistic_regression,33.9601728906855,1779,1798,0.8116280357274674,0.0,0.1363716254462105,0.0,0.0,0.8076564981652883,0.0,0.1280562971559343,0.0,0.0
K_Means_topic_116,10.0,text_similarity+interactions,Core Number Only,random_forest,33.9601728906855,1779,1798,0.8593876873108438,0.0,0.1372820908789547,0.0,0.0,0.8587910984537307,0.0,0.1360360075110557,0.0,0.0
K_Means_topic_116,10.0,text_similarity+interactions,Core Number Only,xgboost,33.9601728906855,1779,1798,0.863429172510519,0.0,0.1362035890370182,0.0,0.0,0.8673439582306443,0.0,0.1358868655467643,0.0,0.0
K_Means_topic_116,20.0,interactions,"All (Unweighted Clustering, No Square Clustering)",logistic_regression,3.3681450019939803,1797,1798,0.8328827676907903,0.5,0.5054059859350892,0.3548387096774194,0.8461538461538461,0.834346532303704,0.5,0.5069591526882326,0.3548387096774194,0.8461538461538461
K_Means_topic_116,20.0,interactions,"All (Unweighted Clustering, No Square Clustering)",random_forest,3.3681450019939803,1797,1798,0.9031253424907756,0.5909090909090909,0.664965133578721,0.4193548387096774,1.0,0.937117768406448,0.5909090909090909,0.6363210370472188,0.4193548387096774,1.0
K_Means_topic_116,20.0,interactions,"All (Unweighted Clustering, No Square Clustering)",xgboost,3.3681450019939803,1797,1798,0.8961750630183027,0.6666666666666666,0.6383571869229229,0.5161290322580645,0.9411764705882352,0.8753765266443945,0.6530612244897959,0.6305879634243162,0.5161290322580645,0.8888888888888888
K_Means_topic_116,20.0,interactions,"All but Betweenness and Harmonic (Unweighted Clustering, No Square Clustering)",logistic_regression,3.3681450019939803,1797,1798,0.8550761699484895,0.3414634146341463,0.4116090611329618,0.2258064516129032,0.7,0.855085163481023,0.3414634146341463,0.4144826957607136,0.2258064516129032,0.7
K_Means_topic_116,20.0,interactions,"All but Betweenness and Harmonic (Unweighted Clustering, No Square Clustering)",random_forest,3.3681450019939803,1797,1798,0.9183136667519088,0.5581395348837209,0.6555287570560466,0.3870967741935484,1.0,0.9148456468955948,0.5909090909090909,0.6445996263803351,0.4193548387096774,1.0
K_Means_topic_116,20.0,interactions,"All but Betweenness and Harmonic (Unweighted Clustering, No Square Clustering)",xgboost,3.3681450019939803,1797,1798,0.925181748438242,0.6938775510204082,0.647208089778591,0.5483870967741935,0.9444444444444444,0.8982237070303231,0.7346938775510204,0.6478852188380096,0.5806451612903226,1.0
K_Means_topic_116,20.0,interactions,Core Number Only,logistic_regression,3.3681450019939803,1797,1798,0.7780933766850546,0.0,0.1097472710716318,0.0,0.0,0.7862697847636781,0.0,0.1094331316424093,0.0,0.0
K_Means_topic_116,20.0,interactions,Core Number Only,random_forest,3.3681450019939803,1797,1798,0.6921236254703539,0.0,0.0871807838415183,0.0,0.0,0.7033426438103584,0.0,0.0887014097542819,0.0,0.0
K_Means_topic_116,20.0,interactions,Core Number Only,xgboost,3.3681450019939803,1797,1798,0.7066908997917656,0.0,0.0896635869053624,0.0,0.0,0.7122423644960477,0.0,0.0915490034523338,0.0,0.0
K_Means_topic_116,20.0,similarity,"All (Unweighted Clustering, No Square Clustering)",logistic_regression,24.088803378865123,1797,1798,0.9284879260585248,0.2564102564102564,0.4017334606772746,0.1612903225806451,0.625,0.9265385106887928,0.2564102564102564,0.3878599034511084,0.1612903225806451,0.625
K_Means_topic_116,20.0,similarity,"All (Unweighted Clustering, No Square Clustering)",random_forest,24.088803378865123,1797,1798,0.945603331750265,0.7450980392156863,0.7641139694024768,0.6129032258064516,0.95,0.9431787063913688,0.72,0.733982344856577,0.5806451612903226,0.9473684210526316
K_Means_topic_116,20.0,similarity,"All (Unweighted Clustering, No Square Clustering)",xgboost,24.088803378865123,1797,1798,0.9671939502429402,0.7450980392156863,0.7635022552222771,0.6129032258064516,0.95,0.9632327436697884,0.6923076923076923,0.721130669483575,0.5806451612903226,0.8571428571428571
K_Means_topic_116,20.0,similarity,"All but Betweenness and Harmonic (Unweighted Clustering, No Square Clustering)",logistic_regression,24.088803378865123,1797,1798,0.9305520037993644,0.1111111111111111,0.3114425328963238,0.064516129032258,0.4,0.9276703726016392,0.1111111111111111,0.3052439933043814,0.064516129032258,0.4
K_Means_topic_116,20.0,similarity,"All but Betweenness and Harmonic (Unweighted Clustering, No Square Clustering)",random_forest,24.088803378865123,1797,1798,0.9349632849888576,0.7083333333333334,0.7480487483887284,0.5483870967741935,1.0,0.9449403946912024,0.6808510638297872,0.743055718966964,0.5161290322580645,1.0
K_Means_topic_116,20.0,similarity,"All but Betweenness and Harmonic (Unweighted Clustering, No Square Clustering)",xgboost,24.088803378865123,1797,1798,0.9651298725021008,0.72,0.7532274996032163,0.5806451612903226,0.9473684210526316,0.9600562279788962,0.72,0.7103804850415528,0.5806451612903226,0.9473684210526316
K_Means_topic_116,20.0,similarity,Core Number Only,logistic_regression,24.088803378865123,1797,1798,0.8223340518028714,0.0,0.1087361147579101,0.0,0.0,0.8208737243733684,0.0,0.1030054952412972,0.0,0.0
K_Means_topic_116,20.0,similarity,Core Number Only,random_forest,24.088803378865123,1797,1798,0.7623296679209439,0.0,0.2223474611659052,0.0,0.0,0.7605199262464173,0.0,0.2143103809074238,0.0,0.0
K_Means_topic_116,20.0,similarity,Core Number Only,xgboost,24.088803378865123,1797,1798,0.7671519380411354,0.0,0.2270414431713735,0.0,0.0,0.7642167333004729,0.0,0.22058108147064,0.0,0.0
K_Means_topic_116,20.0,similarity+interactions,"All (Unweighted Clustering, No Square Clustering)",logistic_regression,27.72536465525627,1797,1798,0.9095276367223176,0.2564102564102564,0.4663517791896865,0.1612903225806451,0.625,0.9088486043412382,0.3,0.4706349369209089,0.1935483870967742,0.6666666666666666
K_Means_topic_116,20.0,similarity+interactions,"All (Unweighted Clustering, No Square Clustering)",random_forest,27.72536465525627,1797,1798,0.9477222080151976,0.7692307692307693,0.7452094754182068,0.6451612903225806,0.9523809523809524,0.9447487083995108,0.7450980392156863,0.7318574966948594,0.6129032258064516,0.95
K_Means_topic_116,20.0,similarity+interactions,"All (Unweighted Clustering, No Square Clustering)",xgboost,27.72536465525627,1797,1798,0.9625908742191212,0.7346938775510204,0.7202564180088501,0.5806451612903226,1.0,0.9572448290340836,0.68,0.6906362749949222,0.5483870967741935,0.8947368421052632
K_Means_topic_116,20.0,similarity+interactions,"All but Betweenness and Harmonic (Unweighted Clustering, No Square Clustering)",logistic_regression,27.72536465525627,1797,1798,0.904778431300917,0.3076923076923077,0.4862065387965281,0.1935483870967742,0.75,0.902221735399894,0.3414634146341463,0.4701047151814673,0.2258064516129032,0.7
K_Means_topic_116,20.0,similarity+interactions,"All but Betweenness and Harmonic (Unweighted Clustering, No Square Clustering)",random_forest,27.72536465525627,1797,1798,0.93003141782048,0.6808510638297872,0.7444949713283118,0.5161290322580645,1.0,0.9234624021030724,0.6666666666666666,0.7062435981550119,0.5161290322580645,0.9411764705882352
K_Means_topic_116,20.0,similarity+interactions,"All but Betweenness and Harmonic (Unweighted Clustering, No Square Clustering)",xgboost,27.72536465525627,1797,1798,0.96109304789391,0.7083333333333334,0.7347707024988124,0.5483870967741935,1.0,0.9578107599905068,0.7058823529411765,0.7083747653390614,0.5806451612903226,0.9
K_Means_topic_116,20.0,similarity+interactions,Core Number Only,logistic_regression,27.72536465525627,1797,1798,0.8190461403572864,0.0,0.1021030570905233,0.0,0.0,0.8179527904047319,0.0,0.0980037078841556,0.0,0.0
K_Means_topic_116,20.0,similarity+interactions,Core Number Only,random_forest,27.72536465525627,1797,1798,0.7596902056771271,0.0,0.2240750418530229,0.0,0.0,0.7581557953155522,0.0,0.2127866942181066,0.0,0.0
K_Means_topic_116,20.0,similarity+interactions,Core Number Only,xgboost,27.72536465525627,1797,1798,0.7659920359478317,0.0,0.2271827016930977,0.0,0.0,0.7642532449750808,0.0,0.2187073620591735,0.0,0.0
K_Means_topic_116,20.0,similarity+text_similarity,"All (Unweighted Clustering, No Square Clustering)",logistic_regression,58.78181503200904,1797,1798,0.9291089759982464,0.1176470588235294,0.3237861495729303,0.064516129032258,0.6666666666666666,0.926337696478449,0.1176470588235294,0.3153109863756413,0.064516129032258,0.6666666666666666
K_Means_topic_116,20.0,similarity+text_similarity,"All (Unweighted Clustering, No Square Clustering)",random_forest,58.78181503200904,1797,1798,0.9338490483322984,0.7058823529411765,0.7346686163516891,0.5806451612903226,0.9,0.9170819869653322,0.7058823529411765,0.7175353326825877,0.5806451612903226,0.9
K_Means_topic_116,20.0,similarity+text_similarity,"All (Unweighted Clustering, No Square Clustering)",xgboost,58.78181503200904,1797,1798,0.953494319219669,0.6545454545454545,0.7046042160305802,0.5806451612903226,0.75,0.9549263376964784,0.6792452830188679,0.6646514679836645,0.5806451612903226,0.8181818181818182
K_Means_topic_116,20.0,similarity+text_similarity,"All but Betweenness and Harmonic (Unweighted Clustering, No Square Clustering)",logistic_regression,58.78181503200904,1797,1798,0.9304241405764804,0.2162162162162162,0.3750046585940966,0.1290322580645161,0.6666666666666666,0.9275243259032075,0.2162162162162162,0.3700107033614468,0.1290322580645161,0.6666666666666666
K_Means_topic_116,20.0,similarity+text_similarity,"All but Betweenness and Harmonic (Unweighted Clustering, No Square Clustering)",random_forest,58.78181503200904,1797,1798,0.9645544879991232,0.625,0.7211366028602324,0.4838709677419355,0.8823529411764706,0.9336765430746482,0.6530612244897959,0.6943730487754339,0.5161290322580645,0.8888888888888888
K_Means_topic_116,20.0,similarity+text_similarity,"All but Betweenness and Harmonic (Unweighted Clustering, No Square Clustering)",xgboost,58.78181503200904,1797,1798,0.9611478464180032,0.6792452830188679,0.671151879807647,0.5806451612903226,0.8181818181818182,0.9645654197929788,0.6785714285714286,0.6489180822439662,0.6129032258064516,0.76
K_Means_topic_116,20.0,similarity+text_similarity,Core Number Only,logistic_regression,58.78181503200904,1797,1798,0.8138402805684433,0.0,0.1317612206155539,0.0,0.0,0.8119466199317231,0.0,0.1228924254420165,0.0,0.0
K_Means_topic_116,20.0,similarity+text_similarity,Core Number Only,random_forest,58.78181503200904,1797,1798,0.8112008183246264,0.0,0.12174301493646,0.0,0.0,0.8088796392646549,0.0,0.1158924327185626,0.0,0.0
K_Means_topic_116,20.0,similarity+text_similarity,Core Number Only,xgboost,58.78181503200904,1797,1798,0.8205713659445439,0.0,0.1202126192834947,0.0,0.0,0.8179071508114721,0.0,0.1166489761564322,0.0,0.0
K_Means_topic_116,20.0,similarity+text_similarity+interactions,"All (Unweighted Clustering, No Square Clustering)",logistic_regression,39.188052834011614,1797,1798,0.925656668980382,0.1176470588235294,0.3541597128154883,0.064516129032258,0.6666666666666666,0.9121163992186502,0.1176470588235294,0.3223285489183012,0.064516129032258,0.6666666666666666
K_Means_topic_116,20.0,similarity+text_similarity+interactions,"All (Unweighted Clustering, No Square Clustering)",random_forest,39.188052834011614,1797,1798,0.9298213568114566,0.68,0.7248639731193607,0.5483870967741935,0.8947368421052632,0.945542837322234,0.6938775510204082,0.7185844731463663,0.5483870967741935,0.9444444444444444
K_Means_topic_116,20.0,similarity+text_similarity+interactions,"All (Unweighted Clustering, No Square Clustering)",xgboost,39.188052834011614,1797,1798,0.956672633617068,0.7272727272727273,0.703528887812487,0.6451612903225806,0.8333333333333334,0.9606039030980156,0.7169811320754716,0.7040694103123432,0.6129032258064516,0.8636363636363636
K_Means_topic_116,20.0,similarity+text_similarity+interactions,"All but Betweenness and Harmonic (Unweighted Clustering, No Square Clustering)",logistic_regression,39.188052834011614,1797,1798,0.9179483432579548,0.2162162162162162,0.3651517082917937,0.1290322580645161,0.6666666666666666,0.9156397758183178,0.2162162162162162,0.3595694226315823,0.1290322580645161,0.6666666666666666
K_Means_topic_116,20.0,similarity+text_similarity+interactions,"All but Betweenness and Harmonic (Unweighted Clustering, No Square Clustering)",random_forest,39.188052834011614,1797,1798,0.9314470463595514,0.6530612244897959,0.7074441637769391,0.5161290322580645,0.8888888888888888,0.933859101447688,0.625,0.6839059782698029,0.4838709677419355,0.8823529411764706
K_Means_topic_116,20.0,similarity+text_similarity+interactions,"All but Betweenness and Harmonic (Unweighted Clustering, No Square Clustering)",xgboost,39.188052834011614,1797,1798,0.954572023526833,0.7272727272727273,0.7040115238805815,0.6451612903225806,0.8333333333333334,0.953630173247896,0.6428571428571429,0.6634782166970665,0.5806451612903226,0.72
K_Means_topic_116,20.0,similarity+text_similarity+interactions,Core Number Only,logistic_regression,39.188052834011614,1797,1798,0.8132283637160705,0.0,0.1316769414080073,0.0,0.0,0.8113806889752999,0.0,0.1225888518942482,0.0,0.0
K_Means_topic_116,20.0,similarity+text_similarity+interactions,Core Number Only,random_forest,39.188052834011614,1797,1798,0.8244803273298507,0.0,0.1225560311563852,0.0,0.0,0.8239954725523486,0.0,0.117551522817616,0.0,0.0
K_Means_topic_116,20.0,similarity+text_similarity+interactions,Core Number Only,xgboost,39.188052834011614,1797,1798,0.8252201074051072,0.0,0.1218829951771529,0.0,0.0,0.8228818664768061,0.0,0.1181042647061607,0.0,0.0
K_Means_topic_116,20.0,text_similarity,"All (Unweighted Clustering, No Square Clustering)",logistic_regression,35.37076450698078,1797,1798,0.9211266576553538,0.1111111111111111,0.288698346796659,0.064516129032258,0.4,0.9152016357230224,0.1111111111111111,0.2720998520561845,0.064516129032258,0.4
K_Means_topic_116,20.0,text_similarity,"All (Unweighted Clustering, No Square Clustering)",random_forest,35.37076450698078,1797,1798,0.9622712161619114,0.6938775510204082,0.7439706414967449,0.5483870967741935,0.9444444444444444,0.9330741004436168,0.6666666666666666,0.7262020178398931,0.5161290322580645,0.9411764705882352
K_Means_topic_116,20.0,text_similarity,"All (Unweighted Clustering, No Square Clustering)",xgboost,35.37076450698078,1797,1798,0.96014320680963,0.64,0.6906755897066758,0.5161290322580645,0.8421052631578947,0.9623199518045894,0.64,0.6960209120283528,0.5161290322580645,0.8421052631578947
K_Means_topic_116,20.0,text_similarity,"All but Betweenness and Harmonic (Unweighted Clustering, No Square Clustering)",logistic_regression,35.37076450698078,1797,1798,0.9286157892814088,0.1142857142857142,0.3191623437419307,0.064516129032258,0.5,0.9260638589188892,0.1142857142857142,0.3115947401583257,0.064516129032258,0.5
K_Means_topic_116,20.0,text_similarity,"All but Betweenness and Harmonic (Unweighted Clustering, No Square Clustering)",random_forest,35.37076450698078,1797,1798,0.9318580352902496,0.625,0.7273032139182567,0.4838709677419355,0.8823529411764706,0.9328276466400132,0.6086956521739131,0.7148363680632801,0.4516129032258064,0.9333333333333332
K_Means_topic_116,20.0,text_similarity,"All but Betweenness and Harmonic (Unweighted Clustering, No Square Clustering)",xgboost,35.37076450698078,1797,1798,0.9649106784057284,0.56,0.6631106587200979,0.4516129032258064,0.7368421052631579,0.9662632126622488,0.5882352941176471,0.6628684986143875,0.4838709677419355,0.75
K_Means_topic_116,20.0,text_similarity,Core Number Only,logistic_regression,35.37076450698078,1797,1798,0.8060680232345743,0.0,0.139310077250165,0.0,0.0,0.8040874819723607,0.0,0.1261835476198825,0.0,0.0
K_Means_topic_116,20.0,text_similarity,Core Number Only,random_forest,35.37076450698078,1797,1798,0.8599075731560297,0.0,0.1270014118348413,0.0,0.0,0.8590284243386823,0.0,0.1234429023697133,0.0,0.0
K_Means_topic_116,20.0,text_similarity,Core Number Only,xgboost,35.37076450698078,1797,1798,0.869287253863296,0.0,0.1281965577173238,0.0,0.0,0.8671613998576044,0.0,0.1250019082235387,0.0,0.0
K_Means_topic_116,20.0,text_similarity+interactions,"All (Unweighted Clustering, No Square Clustering)",logistic_regression,33.93402231205255,1797,1798,0.912979943740182,0.1176470588235294,0.291499645670608,0.064516129032258,0.6666666666666666,0.9080270916625592,0.1176470588235294,0.3048290787921973,0.064516129032258,0.6666666666666666
K_Means_topic_116,20.0,text_similarity+interactions,"All (Unweighted Clustering, No Square Clustering)",random_forest,33.93402231205255,1797,1798,0.9408815255909108,0.64,0.6781366612520385,0.5161290322580645,0.8421052631578947,0.9145444255800792,0.6382978723404256,0.6877579207438895,0.4838709677419355,0.9375
K_Means_topic_116,20.0,text_similarity+interactions,"All (Unweighted Clustering, No Square Clustering)",xgboost,33.93402231205255,1797,1798,0.9633215212070289,0.6666666666666666,0.7265202045871557,0.5161290322580645,0.9411764705882352,0.9533015681764244,0.6792452830188679,0.7008055908479558,0.5806451612903226,0.8181818181818182
K_Means_topic_116,20.0,text_similarity+interactions,"All but Betweenness and Harmonic (Unweighted Clustering, No Square Clustering)",logistic_regression,33.93402231205255,1797,1798,0.9134731304570196,0.1176470588235294,0.3172527301102764,0.064516129032258,0.6666666666666666,0.9090494185515818,0.1176470588235294,0.3096799987027913,0.064516129032258,0.6666666666666666
K_Means_topic_116,20.0,text_similarity+interactions,"All but Betweenness and Harmonic (Unweighted Clustering, No Square Clustering)",random_forest,33.93402231205255,1797,1798,0.9437675811931464,0.6530612244897959,0.6788223337019396,0.5161290322580645,0.8888888888888888,0.9454333022984098,0.6530612244897959,0.697869012495296,0.5161290322580645,0.8888888888888888
K_Means_topic_116,20.0,text_similarity+interactions,"All but Betweenness and Harmonic (Unweighted Clustering, No Square Clustering)",xgboost,33.93402231205255,1797,1798,0.9614949037372592,0.5833333333333334,0.7133741957765052,0.4516129032258064,0.8235294117647058,0.962027858407726,0.6122448979591837,0.7085405679324026,0.4838709677419355,0.8333333333333334
K_Means_topic_116,20.0,text_similarity+interactions,Core Number Only,logistic_regression,33.93402231205255,1797,1798,0.8054104409454572,0.0,0.1392786811391071,0.0,0.0,0.8039323073552769,0.0,0.1284167255605215,0.0,0.0
K_Means_topic_116,20.0,text_similarity+interactions,Core Number Only,random_forest,33.93402231205255,1797,1798,0.8587750703247725,0.0,0.1284732089877942,0.0,0.0,0.8577413878087519,0.0,0.1235229583590542,0.0,0.0
K_Means_topic_116,20.0,text_similarity+interactions,Core Number Only,xgboost,33.93402231205255,1797,1798,0.8644558506557556,0.0,0.1266564074484716,0.0,0.0,0.8636562790952407,0.0,0.1237368246074651,0.0,0.0
K_Means_topic_116,50.0,interactions,"All (Unweighted Clustering, No Square Clustering)",logistic_regression,3.1851840860035736,1798,1798,0.8390930500027383,0.4651162790697674,0.4979423718409311,0.3225806451612903,0.8333333333333334,0.8390930500027383,0.4651162790697674,0.4979423718409311,0.3225806451612903,0.8333333333333334
K_Means_topic_116,50.0,interactions,"All (Unweighted Clustering, No Square Clustering)",random_forest,3.1851840860035736,1798,1798,0.9329554375011412,0.5909090909090909,0.6745255480938359,0.4193548387096774,1.0,0.9329554375011412,0.5909090909090909,0.6745255480938359,0.4193548387096774,1.0
K_Means_topic_116,50.0,interactions,"All (Unweighted Clustering, No Square Clustering)",xgboost,3.1851840860035736,1798,1798,0.8845318290523396,0.6938775510204082,0.6424272064419665,0.5483870967741935,0.9444444444444444,0.8845318290523396,0.6938775510204082,0.6424272064419665,0.5483870967741935,0.9444444444444444
K_Means_topic_116,50.0,interactions,"All but Betweenness and Harmonic (Unweighted Clustering, No Square Clustering)",logistic_regression,3.1851840860035736,1798,1798,0.8555780710882305,0.35,0.3966571677777374,0.2258064516129032,0.7777777777777778,0.8555780710882305,0.35,0.3966571677777374,0.2258064516129032,0.7777777777777778
K_Means_topic_116,50.0,interactions,"All but Betweenness and Harmonic (Unweighted Clustering, No Square Clustering)",random_forest,3.1851840860035736,1798,1798,0.9194552458148492,0.6222222222222222,0.6529676339230894,0.4516129032258064,1.0,0.9194552458148492,0.6222222222222222,0.6529676339230894,0.4516129032258064,1.0
K_Means_topic_116,50.0,interactions,"All but Betweenness and Harmonic (Unweighted Clustering, No Square Clustering)",xgboost,3.1851840860035736,1798,1798,0.9181590813662668,0.6666666666666666,0.6345857555430997,0.5483870967741935,0.85,0.9181590813662668,0.6666666666666666,0.6345857555430997,0.5483870967741935,0.85
K_Means_topic_116,50.0,interactions,Core Number Only,logistic_regression,3.1851840860035736,1798,1798,0.7862332730890702,0.0,0.1087926161059905,0.0,0.0,0.7862332730890702,0.0,0.1087926161059905,0.0,0.0
K_Means_topic_116,50.0,interactions,Core Number Only,random_forest,3.1851840860035736,1798,1798,0.7047483432827647,0.0,0.090843465299883,0.0,0.0,0.7047483432827647,0.0,0.090843465299883,0.0,0.0
K_Means_topic_116,50.0,interactions,Core Number Only,xgboost,3.1851840860035736,1798,1798,0.7131734121985505,0.0,0.0910067472859924,0.0,0.0,0.7131734121985505,0.0,0.0910067472859924,0.0,0.0
K_Means_topic_116,50.0,similarity,"All (Unweighted Clustering, No Square Clustering)",logistic_regression,24.225931407883763,1798,1798,0.9311754933640032,0.2631578947368421,0.3998742717622368,0.1612903225806451,0.7142857142857143,0.9311754933640032,0.2631578947368421,0.3998742717622368,0.1612903225806451,0.7142857142857143
K_Means_topic_116,50.0,similarity,"All (Unweighted Clustering, No Square Clustering)",random_forest,24.225931407883763,1798,1798,0.9512569143983788,0.7083333333333334,0.7498164067400321,0.5483870967741935,1.0,0.9512569143983788,0.7083333333333334,0.7498164067400321,0.5483870967741935,1.0
K_Means_topic_116,50.0,similarity,"All (Unweighted Clustering, No Square Clustering)",xgboost,24.225931407883763,1798,1798,0.9618453000346862,0.7058823529411765,0.7016058917982063,0.5806451612903226,0.9,0.9618453000346862,0.7058823529411765,0.7016058917982063,0.5806451612903226,0.9
K_Means_topic_116,50.0,similarity,"All but Betweenness and Harmonic (Unweighted Clustering, No Square Clustering)",logistic_regression,24.225931407883763,1798,1798,0.9332018913047448,0.2105263157894736,0.3464483679380814,0.1290322580645161,0.5714285714285714,0.9332018913047448,0.2105263157894736,0.3464483679380814,0.1290322580645161,0.5714285714285714
K_Means_topic_116,50.0,similarity,"All but Betweenness and Harmonic (Unweighted Clustering, No Square Clustering)",random_forest,24.225931407883763,1798,1798,0.961781404604122,0.6938775510204082,0.7298906222850003,0.5483870967741935,0.9444444444444444,0.961781404604122,0.6938775510204082,0.7298906222850003,0.5483870967741935,0.9444444444444444
K_Means_topic_116,50.0,similarity,"All but Betweenness and Harmonic (Unweighted Clustering, No Square Clustering)",xgboost,24.225931407883763,1798,1798,0.9565693630538364,0.7058823529411765,0.7019710086122505,0.5806451612903226,0.9,0.9565693630538364,0.7058823529411765,0.7019710086122505,0.5806451612903226,0.9
K_Means_topic_116,50.0,similarity,Core Number Only,logistic_regression,24.225931407883763,1798,1798,0.8232652390601896,0.0,0.1094737416598717,0.0,0.0,0.8232652390601896,0.0,0.1094737416598717,0.0,0.0
K_Means_topic_116,50.0,similarity,Core Number Only,random_forest,24.225931407883763,1798,1798,0.7612227759826206,0.0,0.2076631155876578,0.0,0.0,0.7612227759826206,0.0,0.2076631155876578,0.0,0.0
K_Means_topic_116,50.0,similarity,Core Number Only,xgboost,24.225931407883763,1798,1798,0.7643262683242967,0.0,0.2132291220577039,0.0,0.0,0.7643262683242967,0.0,0.2132291220577039,0.0,0.0
K_Means_topic_116,50.0,similarity+interactions,"All (Unweighted Clustering, No Square Clustering)",logistic_regression,26.39828852377832,1798,1798,0.9237088559066762,0.2162162162162162,0.3698332171047824,0.1290322580645161,0.6666666666666666,0.9237088559066762,0.2162162162162162,0.3698332171047824,0.1290322580645161,0.6666666666666666
K_Means_topic_116,50.0,similarity+interactions,"All (Unweighted Clustering, No Square Clustering)",random_forest,26.39828852377832,1798,1798,0.9458896982310092,0.6938775510204082,0.7225706743946614,0.5483870967741935,0.9444444444444444,0.9458896982310092,0.6938775510204082,0.7225706743946614,0.5483870967741935,0.9444444444444444
K_Means_topic_116,50.0,similarity+interactions,"All (Unweighted Clustering, No Square Clustering)",xgboost,26.39828852377832,1798,1798,0.9638899538127316,0.7307692307692307,0.6864480455491944,0.6129032258064516,0.9047619047619048,0.9638899538127316,0.7307692307692307,0.6864480455491944,0.6129032258064516,0.9047619047619048
K_Means_topic_116,50.0,similarity+interactions,"All but Betweenness and Harmonic (Unweighted Clustering, No Square Clustering)",logistic_regression,26.39828852377832,1798,1798,0.9233254833232926,0.1621621621621621,0.3120529263695896,0.0967741935483871,0.5,0.9233254833232926,0.1621621621621621,0.3120529263695896,0.0967741935483871,0.5
K_Means_topic_116,50.0,similarity+interactions,"All but Betweenness and Harmonic (Unweighted Clustering, No Square Clustering)",random_forest,26.39828852377832,1798,1798,0.9463552220822607,0.6521739130434783,0.7177603406748645,0.4838709677419355,1.0,0.9463552220822607,0.6521739130434783,0.7177603406748645,0.4838709677419355,1.0
K_Means_topic_116,50.0,similarity+interactions,"All but Betweenness and Harmonic (Unweighted Clustering, No Square Clustering)",xgboost,26.39828852377832,1798,1798,0.9564233163554048,0.7307692307692307,0.6904658987059572,0.6129032258064516,0.9047619047619048,0.9564233163554048,0.7307692307692307,0.6904658987059572,0.6129032258064516,0.9047619047619048
K_Means_topic_116,50.0,similarity+interactions,Core Number Only,logistic_regression,26.39828852377832,1798,1798,0.8211658177702319,0.0,0.1054065889831196,0.0,0.0,0.8211658177702319,0.0,0.1054065889831196,0.0,0.0
K_Means_topic_116,50.0,similarity+interactions,Core Number Only,random_forest,26.39828852377832,1798,1798,0.759022947587491,0.0,0.205025077213763,0.0,0.0,0.759022947587491,0.0,0.205025077213763,0.0,0.0
K_Means_topic_116,50.0,similarity+interactions,Core Number Only,xgboost,26.39828852377832,1798,1798,0.7633404531098819,0.0,0.2136656799278734,0.0,0.0,0.7633404531098819,0.0,0.2136656799278734,0.0,0.0
K_Means_topic_116,50.0,similarity+text_similarity,"All (Unweighted Clustering, No Square Clustering)",logistic_regression,53.20959692299948,1798,1798,0.898972196359786,0.1142857142857142,0.3032171135979128,0.064516129032258,0.5,0.898972196359786,0.1142857142857142,0.3032171135979128,0.064516129032258,0.5
K_Means_topic_116,50.0,similarity+text_similarity,"All (Unweighted Clustering, No Square Clustering)",random_forest,53.20959692299948,1798,1798,0.9309838070723114,0.6666666666666666,0.7139012978411818,0.5161290322580645,0.9411764705882352,0.9309838070723114,0.6666666666666666,0.7139012978411818,0.5161290322580645,0.9411764705882352
K_Means_topic_116,50.0,similarity+text_similarity,"All (Unweighted Clustering, No Square Clustering)",xgboost,53.20959692299948,1798,1798,0.974314036913303,0.7169811320754716,0.6772373905348806,0.6129032258064516,0.8636363636363636,0.974314036913303,0.7169811320754716,0.6772373905348806,0.6129032258064516,0.8636363636363636
K_Means_topic_116,50.0,similarity+text_similarity,"All but Betweenness and Harmonic (Unweighted Clustering, No Square Clustering)",logistic_regression,53.20959692299948,1798,1798,0.9266845573872246,0.2222222222222222,0.387915284333403,0.1290322580645161,0.8,0.9266845573872246,0.2222222222222222,0.387915284333403,0.1290322580645161,0.8
K_Means_topic_116,50.0,similarity+text_similarity,"All but Betweenness and Harmonic (Unweighted Clustering, No Square Clustering)",random_forest,53.20959692299948,1798,1798,0.934625846614455,0.68,0.7187844115750379,0.5483870967741935,0.8947368421052632,0.934625846614455,0.68,0.7187844115750379,0.5483870967741935,0.8947368421052632
K_Means_topic_116,50.0,similarity+text_similarity,"All but Betweenness and Harmonic (Unweighted Clustering, No Square Clustering)",xgboost,53.20959692299948,1798,1798,0.9669569344798,0.6792452830188679,0.7192514336129656,0.5806451612903226,0.8181818181818182,0.9669569344798,0.6792452830188679,0.7192514336129656,0.5806451612903226,0.8181818181818182
K_Means_topic_116,50.0,similarity+text_similarity,Core Number Only,logistic_regression,53.20959692299948,1798,1798,0.8134162148346934,0.0,0.128107320415908,0.0,0.0,0.8134162148346934,0.0,0.128107320415908,0.0,0.0
K_Means_topic_116,50.0,similarity+text_similarity,Core Number Only,random_forest,53.20959692299948,1798,1798,0.8110794676597841,0.0,0.1189886235810964,0.0,0.0,0.8110794676597841,0.0,0.1189886235810964,0.0,0.0
K_Means_topic_116,50.0,similarity+text_similarity,Core Number Only,xgboost,53.20959692299948,1798,1798,0.8194954086569181,0.0,0.1191901316558421,0.0,0.0,0.8194954086569181,0.0,0.1191901316558421,0.0,0.0
K_Means_topic_116,50.0,similarity+text_similarity+interactions,"All (Unweighted Clustering, No Square Clustering)",logistic_regression,42.59372580982745,1798,1798,0.9131022144330648,0.1142857142857142,0.3486668505909773,0.064516129032258,0.5,0.9131022144330648,0.1142857142857142,0.3486668505909773,0.064516129032258,0.5
K_Means_topic_116,50.0,similarity+text_similarity+interactions,"All (Unweighted Clustering, No Square Clustering)",random_forest,42.59372580982745,1798,1798,0.9445296383518632,0.6938775510204082,0.7184049205895064,0.5483870967741935,0.9444444444444444,0.9445296383518632,0.6938775510204082,0.7184049205895064,0.5483870967741935,0.9444444444444444
K_Means_topic_116,50.0,similarity+text_similarity+interactions,"All (Unweighted Clustering, No Square Clustering)",xgboost,42.59372580982745,1798,1798,0.9703342643810358,0.6909090909090909,0.6801773535466908,0.6129032258064516,0.7916666666666666,0.9703342643810358,0.6909090909090909,0.6801773535466908,0.6129032258064516,0.7916666666666666
K_Means_topic_116,50.0,similarity+text_similarity+interactions,"All but Betweenness and Harmonic (Unweighted Clustering, No Square Clustering)",logistic_regression,42.59372580982745,1798,1798,0.9217007138032384,0.2105263157894736,0.3802622656522669,0.1290322580645161,0.5714285714285714,0.9217007138032384,0.2105263157894736,0.3802622656522669,0.1290322580645161,0.5714285714285714
K_Means_topic_116,50.0,similarity+text_similarity+interactions,"All but Betweenness and Harmonic (Unweighted Clustering, No Square Clustering)",random_forest,42.59372580982745,1798,1798,0.9292586304470856,0.6530612244897959,0.714859864339501,0.5161290322580645,0.8888888888888888,0.9292586304470856,0.6530612244897959,0.714859864339501,0.5161290322580645,0.8888888888888888
K_Means_topic_116,50.0,similarity+text_similarity+interactions,"All but Betweenness and Harmonic (Unweighted Clustering, No Square Clustering)",xgboost,42.59372580982745,1798,1798,0.9648392573525384,0.6666666666666666,0.7052358964717088,0.5806451612903226,0.782608695652174,0.9648392573525384,0.6666666666666666,0.7052358964717088,0.5806451612903226,0.782608695652174
K_Means_topic_116,50.0,similarity+text_similarity+interactions,Core Number Only,logistic_regression,42.59372580982745,1798,1798,0.8132336564616536,0.0,0.1282889044016676,0.0,0.0,0.8132336564616536,0.0,0.1282889044016676,0.0,0.0
K_Means_topic_116,50.0,similarity+text_similarity+interactions,Core Number Only,random_forest,42.59372580982745,1798,1798,0.8248169852310276,0.0,0.1197771248034099,0.0,0.0,0.8248169852310276,0.0,0.1197771248034099,0.0,0.0
K_Means_topic_116,50.0,similarity+text_similarity+interactions,Core Number Only,xgboost,42.59372580982745,1798,1798,0.8262591963780419,0.0,0.120677407304075,0.0,0.0,0.8262591963780419,0.0,0.120677407304075,0.0,0.0
K_Means_topic_116,50.0,text_similarity,"All (Unweighted Clustering, No Square Clustering)",logistic_regression,35.23935423698276,1798,1798,0.9198386183982328,0.1176470588235294,0.3099308921190316,0.064516129032258,0.6666666666666666,0.9198386183982328,0.1176470588235294,0.3099308921190316,0.064516129032258,0.6666666666666666
K_Means_topic_116,50.0,text_similarity,"All (Unweighted Clustering, No Square Clustering)",random_forest,35.23935423698276,1798,1798,0.9514759844460268,0.6666666666666666,0.7471772508936015,0.5161290322580645,0.9411764705882352,0.9514759844460268,0.6666666666666666,0.7471772508936015,0.5161290322580645,0.9411764705882352
K_Means_topic_116,50.0,text_similarity,"All (Unweighted Clustering, No Square Clustering)",xgboost,35.23935423698276,1798,1798,0.9672490278766636,0.6538461538461539,0.6763310216120685,0.5483870967741935,0.8095238095238095,0.9672490278766636,0.6538461538461539,0.6763310216120685,0.5483870967741935,0.8095238095238095
K_Means_topic_116,50.0,text_similarity,"All but Betweenness and Harmonic (Unweighted Clustering, No Square Clustering)",logistic_regression,35.23935423698276,1798,1798,0.9181955930408748,0.2222222222222222,0.3498863973893314,0.1290322580645161,0.8,0.9181955930408748,0.2222222222222222,0.3498863973893314,0.1290322580645161,0.8
K_Means_topic_116,50.0,text_similarity,"All but Betweenness and Harmonic (Unweighted Clustering, No Square Clustering)",random_forest,35.23935423698276,1798,1798,0.962155649268854,0.625,0.7018524992171287,0.4838709677419355,0.8823529411764706,0.962155649268854,0.625,0.7018524992171287,0.4838709677419355,0.8823529411764706
K_Means_topic_116,50.0,text_similarity,"All but Betweenness and Harmonic (Unweighted Clustering, No Square Clustering)",xgboost,35.23935423698276,1798,1798,0.9749347353816384,0.5306122448979592,0.6385465587979773,0.4193548387096774,0.7222222222222222,0.9749347353816384,0.5306122448979592,0.6385465587979773,0.4193548387096774,0.7222222222222222
K_Means_topic_116,50.0,text_similarity,Core Number Only,logistic_regression,35.23935423698276,1798,1798,0.8036310860397611,0.0,0.1246960229186969,0.0,0.0,0.8036310860397611,0.0,0.1246960229186969,0.0,0.0
K_Means_topic_116,50.0,text_similarity,Core Number Only,random_forest,35.23935423698276,1798,1798,0.8596217390510617,0.0,0.1236865659880433,0.0,0.0,0.8596217390510617,0.0,0.1236865659880433,0.0,0.0
K_Means_topic_116,50.0,text_similarity,Core Number Only,xgboost,35.23935423698276,1798,1798,0.8671522719389525,0.0,0.1260263307556777,0.0,0.0,0.8671522719389525,0.0,0.1260263307556777,0.0,0.0
K_Means_topic_116,50.0,text_similarity+interactions,"All (Unweighted Clustering, No Square Clustering)",logistic_regression,34.25463328137994,1798,1798,0.8790733336984501,0.1176470588235294,0.3122251382642014,0.064516129032258,0.6666666666666666,0.8790733336984501,0.1176470588235294,0.3122251382642014,0.064516129032258,0.6666666666666666
K_Means_topic_116,50.0,text_similarity+interactions,"All (Unweighted Clustering, No Square Clustering)",random_forest,34.25463328137994,1798,1798,0.9436351023239682,0.68,0.6726260295469652,0.5483870967741935,0.8947368421052632,0.9436351023239682,0.68,0.6726260295469652,0.5483870967741935,0.8947368421052632
K_Means_topic_116,50.0,text_similarity+interactions,"All (Unweighted Clustering, No Square Clustering)",xgboost,34.25463328137994,1798,1798,0.9608594848202712,0.5882352941176471,0.705397080138262,0.4838709677419355,0.75,0.9608594848202712,0.5882352941176471,0.705397080138262,0.4838709677419355,0.75
K_Means_topic_116,50.0,text_similarity+interactions,"All but Betweenness and Harmonic (Unweighted Clustering, No Square Clustering)",logistic_regression,34.25463328137994,1798,1798,0.8938423060773683,0.1176470588235294,0.3646293761878354,0.064516129032258,0.6666666666666666,0.8938423060773683,0.1176470588235294,0.3646293761878354,0.064516129032258,0.6666666666666666
K_Means_topic_116,50.0,text_similarity+interactions,"All but Betweenness and Harmonic (Unweighted Clustering, No Square Clustering)",random_forest,34.25463328137994,1798,1798,0.943625974405316,0.68,0.6694054047834151,0.5483870967741935,0.8947368421052632,0.943625974405316,0.68,0.6694054047834151,0.5483870967741935,0.8947368421052632
K_Means_topic_116,50.0,text_similarity+interactions,"All but Betweenness and Harmonic (Unweighted Clustering, No Square Clustering)",xgboost,34.25463328137994,1798,1798,0.9696770542380928,0.56,0.7059113925422481,0.4516129032258064,0.7368421052631579,0.9696770542380928,0.56,0.7059113925422481,0.4516129032258064,0.7368421052631579
K_Means_topic_116,50.0,text_similarity+interactions,Core Number Only,logistic_regression,34.25463328137994,1798,1798,0.8034941672599814,0.0,0.124686236645096,0.0,0.0,0.8034941672599814,0.0,0.124686236645096,0.0,0.0
K_Means_topic_116,50.0,text_similarity+interactions,Core Number Only,random_forest,34.25463328137994,1798,1798,0.8581886558226992,0.0,0.1248719204851624,0.0,0.0,0.8581886558226992,0.0,0.1248719204851624,0.0,0.0
K_Means_topic_116,50.0,text_similarity+interactions,Core Number Only,xgboost,34.25463328137994,1798,1798,0.8660569217007138,0.0,0.1256398205311428,0.0,0.0,0.8660569217007138,0.0,0.1256398205311428,0.0,0.0
K_Means_topic_116,100.0,interactions,"All (Unweighted Clustering, No Square Clustering)",logistic_regression,3.22808533499483,1798,1798,0.8390930500027383,0.4651162790697674,0.4979423718409311,0.3225806451612903,0.8333333333333334,0.8390930500027383,0.4651162790697674,0.4979423718409311,0.3225806451612903,0.8333333333333334
K_Means_topic_116,100.0,interactions,"All (Unweighted Clustering, No Square Clustering)",random_forest,3.22808533499483,1798,1798,0.9329554375011412,0.5909090909090909,0.6745255480938359,0.4193548387096774,1.0,0.9329554375011412,0.5909090909090909,0.6745255480938359,0.4193548387096774,1.0
K_Means_topic_116,100.0,interactions,"All (Unweighted Clustering, No Square Clustering)",xgboost,3.22808533499483,1798,1798,0.8845318290523396,0.6938775510204082,0.6424272064419665,0.5483870967741935,0.9444444444444444,0.8845318290523396,0.6938775510204082,0.6424272064419665,0.5483870967741935,0.9444444444444444
K_Means_topic_116,100.0,interactions,"All but Betweenness and Harmonic (Unweighted Clustering, No Square Clustering)",logistic_regression,3.22808533499483,1798,1798,0.8555780710882305,0.35,0.3966571677777374,0.2258064516129032,0.7777777777777778,0.8555780710882305,0.35,0.3966571677777374,0.2258064516129032,0.7777777777777778
K_Means_topic_116,100.0,interactions,"All but Betweenness and Harmonic (Unweighted Clustering, No Square Clustering)",random_forest,3.22808533499483,1798,1798,0.9194552458148492,0.6222222222222222,0.6529676339230894,0.4516129032258064,1.0,0.9194552458148492,0.6222222222222222,0.6529676339230894,0.4516129032258064,1.0
K_Means_topic_116,100.0,interactions,"All but Betweenness and Harmonic (Unweighted Clustering, No Square Clustering)",xgboost,3.22808533499483,1798,1798,0.9181590813662668,0.6666666666666666,0.6345857555430997,0.5483870967741935,0.85,0.9181590813662668,0.6666666666666666,0.6345857555430997,0.5483870967741935,0.85
K_Means_topic_116,100.0,interactions,Core Number Only,logistic_regression,3.22808533499483,1798,1798,0.7862332730890702,0.0,0.1087926161059905,0.0,0.0,0.7862332730890702,0.0,0.1087926161059905,0.0,0.0
K_Means_topic_116,100.0,interactions,Core Number Only,random_forest,3.22808533499483,1798,1798,0.7047483432827647,0.0,0.090843465299883,0.0,0.0,0.7047483432827647,0.0,0.090843465299883,0.0,0.0
K_Means_topic_116,100.0,interactions,Core Number Only,xgboost,3.22808533499483,1798,1798,0.7131734121985505,0.0,0.0910067472859924,0.0,0.0,0.7131734121985505,0.0,0.0910067472859924,0.0,0.0
K_Means_topic_116,100.0,similarity,"All (Unweighted Clustering, No Square Clustering)",logistic_regression,25.62354678567499,1798,1798,0.9311754933640032,0.2631578947368421,0.3998742717622368,0.1612903225806451,0.7142857142857143,0.9311754933640032,0.2631578947368421,0.3998742717622368,0.1612903225806451,0.7142857142857143
K_Means_topic_116,100.0,similarity,"All (Unweighted Clustering, No Square Clustering)",random_forest,25.62354678567499,1798,1798,0.9512569143983788,0.7083333333333334,0.7498164067400321,0.5483870967741935,1.0,0.9512569143983788,0.7083333333333334,0.7498164067400321,0.5483870967741935,1.0
K_Means_topic_116,100.0,similarity,"All (Unweighted Clustering, No Square Clustering)",xgboost,25.62354678567499,1798,1798,0.9618453000346862,0.7058823529411765,0.7016058917982063,0.5806451612903226,0.9,0.9618453000346862,0.7058823529411765,0.7016058917982063,0.5806451612903226,0.9
K_Means_topic_116,100.0,similarity,"All but Betweenness and Harmonic (Unweighted Clustering, No Square Clustering)",logistic_regression,25.62354678567499,1798,1798,0.9332018913047448,0.2105263157894736,0.3464483679380814,0.1290322580645161,0.5714285714285714,0.9332018913047448,0.2105263157894736,0.3464483679380814,0.1290322580645161,0.5714285714285714
K_Means_topic_116,100.0,similarity,"All but Betweenness and Harmonic (Unweighted Clustering, No Square Clustering)",random_forest,25.62354678567499,1798,1798,0.961781404604122,0.6938775510204082,0.7298906222850003,0.5483870967741935,0.9444444444444444,0.961781404604122,0.6938775510204082,0.7298906222850003,0.5483870967741935,0.9444444444444444
K_Means_topic_116,100.0,similarity,"All but Betweenness and Harmonic (Unweighted Clustering, No Square Clustering)",xgboost,25.62354678567499,1798,1798,0.9565693630538364,0.7058823529411765,0.7019710086122505,0.5806451612903226,0.9,0.9565693630538364,0.7058823529411765,0.7019710086122505,0.5806451612903226,0.9
K_Means_topic_116,100.0,similarity,Core Number Only,logistic_regression,25.62354678567499,1798,1798,0.8232652390601896,0.0,0.1094737416598717,0.0,0.0,0.8232652390601896,0.0,0.1094737416598717,0.0,0.0
K_Means_topic_116,100.0,similarity,Core Number Only,random_forest,25.62354678567499,1798,1798,0.7612227759826206,0.0,0.2076631155876578,0.0,0.0,0.7612227759826206,0.0,0.2076631155876578,0.0,0.0
K_Means_topic_116,100.0,similarity,Core Number Only,xgboost,25.62354678567499,1798,1798,0.7643262683242967,0.0,0.2132291220577039,0.0,0.0,0.7643262683242967,0.0,0.2132291220577039,0.0,0.0
K_Means_topic_116,100.0,similarity+interactions,"All (Unweighted Clustering, No Square Clustering)",logistic_regression,23.15505154151469,1798,1798,0.9237088559066762,0.2162162162162162,0.3698332171047824,0.1290322580645161,0.6666666666666666,0.9237088559066762,0.2162162162162162,0.3698332171047824,0.1290322580645161,0.6666666666666666
K_Means_topic_116,100.0,similarity+interactions,"All (Unweighted Clustering, No Square Clustering)",random_forest,23.15505154151469,1798,1798,0.9458896982310092,0.6938775510204082,0.7225706743946614,0.5483870967741935,0.9444444444444444,0.9458896982310092,0.6938775510204082,0.7225706743946614,0.5483870967741935,0.9444444444444444
K_Means_topic_116,100.0,similarity+interactions,"All (Unweighted Clustering, No Square Clustering)",xgboost,23.15505154151469,1798,1798,0.9638899538127316,0.7307692307692307,0.6864480455491944,0.6129032258064516,0.9047619047619048,0.9638899538127316,0.7307692307692307,0.6864480455491944,0.6129032258064516,0.9047619047619048
K_Means_topic_116,100.0,similarity+interactions,"All but Betweenness and Harmonic (Unweighted Clustering, No Square Clustering)",logistic_regression,23.15505154151469,1798,1798,0.9233254833232926,0.1621621621621621,0.3120529263695896,0.0967741935483871,0.5,0.9233254833232926,0.1621621621621621,0.3120529263695896,0.0967741935483871,0.5
K_Means_topic_116,100.0,similarity+interactions,"All but Betweenness and Harmonic (Unweighted Clustering, No Square Clustering)",random_forest,23.15505154151469,1798,1798,0.9463552220822607,0.6521739130434783,0.7177603406748645,0.4838709677419355,1.0,0.9463552220822607,0.6521739130434783,0.7177603406748645,0.4838709677419355,1.0
K_Means_topic_116,100.0,similarity+interactions,"All but Betweenness and Harmonic (Unweighted Clustering, No Square Clustering)",xgboost,23.15505154151469,1798,1798,0.9564233163554048,0.7307692307692307,0.6904658987059572,0.6129032258064516,0.9047619047619048,0.9564233163554048,0.7307692307692307,0.6904658987059572,0.6129032258064516,0.9047619047619048
K_Means_topic_116,100.0,similarity+interactions,Core Number Only,logistic_regression,23.15505154151469,1798,1798,0.8211658177702319,0.0,0.1054065889831196,0.0,0.0,0.8211658177702319,0.0,0.1054065889831196,0.0,0.0
K_Means_topic_116,100.0,similarity+interactions,Core Number Only,random_forest,23.15505154151469,1798,1798,0.759022947587491,0.0,0.205025077213763,0.0,0.0,0.759022947587491,0.0,0.205025077213763,0.0,0.0
K_Means_topic_116,100.0,similarity+interactions,Core Number Only,xgboost,23.15505154151469,1798,1798,0.7633404531098819,0.0,0.2136656799278734,0.0,0.0,0.7633404531098819,0.0,0.2136656799278734,0.0,0.0
K_Means_topic_116,100.0,similarity+text_similarity,"All (Unweighted Clustering, No Square Clustering)",logistic_regression,35.39325535998796,1798,1798,0.898972196359786,0.1142857142857142,0.3032171135979128,0.064516129032258,0.5,0.898972196359786,0.1142857142857142,0.3032171135979128,0.064516129032258,0.5
K_Means_topic_116,100.0,similarity+text_similarity,"All (Unweighted Clustering, No Square Clustering)",random_forest,35.39325535998796,1798,1798,0.9309838070723114,0.6666666666666666,0.7139012978411818,0.5161290322580645,0.9411764705882352,0.9309838070723114,0.6666666666666666,0.7139012978411818,0.5161290322580645,0.9411764705882352
K_Means_topic_116,100.0,similarity+text_similarity,"All (Unweighted Clustering, No Square Clustering)",xgboost,35.39325535998796,1798,1798,0.974314036913303,0.7169811320754716,0.6772373905348806,0.6129032258064516,0.8636363636363636,0.974314036913303,0.7169811320754716,0.6772373905348806,0.6129032258064516,0.8636363636363636
K_Means_topic_116,100.0,similarity+text_similarity,"All but Betweenness and Harmonic (Unweighted Clustering, No Square Clustering)",logistic_regression,35.39325535998796,1798,1798,0.9266845573872246,0.2222222222222222,0.387915284333403,0.1290322580645161,0.8,0.9266845573872246,0.2222222222222222,0.387915284333403,0.1290322580645161,0.8
K_Means_topic_116,100.0,similarity+text_similarity,"All but Betweenness and Harmonic (Unweighted Clustering, No Square Clustering)",random_forest,35.39325535998796,1798,1798,0.934625846614455,0.68,0.7187844115750379,0.5483870967741935,0.8947368421052632,0.934625846614455,0.68,0.7187844115750379,0.5483870967741935,0.8947368421052632
K_Means_topic_116,100.0,similarity+text_similarity,"All but Betweenness and Harmonic (Unweighted Clustering, No Square Clustering)",xgboost,35.39325535998796,1798,1798,0.9669569344798,0.6792452830188679,0.7192514336129656,0.5806451612903226,0.8181818181818182,0.9669569344798,0.6792452830188679,0.7192514336129656,0.5806451612903226,0.8181818181818182
K_Means_topic_116,100.0,similarity+text_similarity,Core Number Only,logistic_regression,35.39325535998796,1798,1798,0.8134162148346934,0.0,0.128107320415908,0.0,0.0,0.8134162148346934,0.0,0.128107320415908,0.0,0.0
K_Means_topic_116,100.0,similarity+text_similarity,Core Number Only,random_forest,35.39325535998796,1798,1798,0.8110794676597841,0.0,0.1189886235810964,0.0,0.0,0.8110794676597841,0.0,0.1189886235810964,0.0,0.0
K_Means_topic_116,100.0,similarity+text_similarity,Core Number Only,xgboost,35.39325535998796,1798,1798,0.8194954086569181,0.0,0.1191901316558421,0.0,0.0,0.8194954086569181,0.0,0.1191901316558421,0.0,0.0
K_Means_topic_116,100.0,similarity+text_similarity+interactions,"All (Unweighted Clustering, No Square Clustering)",logistic_regression,43.7479940392077,1798,1798,0.9131022144330648,0.1142857142857142,0.3486668505909773,0.064516129032258,0.5,0.9131022144330648,0.1142857142857142,0.3486668505909773,0.064516129032258,0.5
K_Means_topic_116,100.0,similarity+text_similarity+interactions,"All (Unweighted Clustering, No Square Clustering)",random_forest,43.7479940392077,1798,1798,0.9445296383518632,0.6938775510204082,0.7184049205895064,0.5483870967741935,0.9444444444444444,0.9445296383518632,0.6938775510204082,0.7184049205895064,0.5483870967741935,0.9444444444444444
K_Means_topic_116,100.0,similarity+text_similarity+interactions,"All (Unweighted Clustering, No Square Clustering)",xgboost,43.7479940392077,1798,1798,0.9703342643810358,0.6909090909090909,0.6801773535466908,0.6129032258064516,0.7916666666666666,0.9703342643810358,0.6909090909090909,0.6801773535466908,0.6129032258064516,0.7916666666666666
K_Means_topic_116,100.0,similarity+text_similarity+interactions,"All but Betweenness and Harmonic (Unweighted Clustering, No Square Clustering)",logistic_regression,43.7479940392077,1798,1798,0.9217007138032384,0.2105263157894736,0.3802622656522669,0.1290322580645161,0.5714285714285714,0.9217007138032384,0.2105263157894736,0.3802622656522669,0.1290322580645161,0.5714285714285714
K_Means_topic_116,100.0,similarity+text_similarity+interactions,"All but Betweenness and Harmonic (Unweighted Clustering, No Square Clustering)",random_forest,43.7479940392077,1798,1798,0.9292586304470856,0.6530612244897959,0.714859864339501,0.5161290322580645,0.8888888888888888,0.9292586304470856,0.6530612244897959,0.714859864339501,0.5161290322580645,0.8888888888888888
K_Means_topic_116,100.0,similarity+text_similarity+interactions,"All but Betweenness and Harmonic (Unweighted Clustering, No Square Clustering)",xgboost,43.7479940392077,1798,1798,0.9648392573525384,0.6666666666666666,0.7052358964717088,0.5806451612903226,0.782608695652174,0.9648392573525384,0.6666666666666666,0.7052358964717088,0.5806451612903226,0.782608695652174
K_Means_topic_116,100.0,similarity+text_similarity+interactions,Core Number Only,logistic_regression,43.7479940392077,1798,1798,0.8132336564616536,0.0,0.1282889044016676,0.0,0.0,0.8132336564616536,0.0,0.1282889044016676,0.0,0.0
K_Means_topic_116,100.0,similarity+text_similarity+interactions,Core Number Only,random_forest,43.7479940392077,1798,1798,0.8248169852310276,0.0,0.1197771248034099,0.0,0.0,0.8248169852310276,0.0,0.1197771248034099,0.0,0.0
K_Means_topic_116,100.0,similarity+text_similarity+interactions,Core Number Only,xgboost,43.7479940392077,1798,1798,0.8262591963780419,0.0,0.120677407304075,0.0,0.0,0.8262591963780419,0.0,0.120677407304075,0.0,0.0
K_Means_topic_116,100.0,text_similarity,"All (Unweighted Clustering, No Square Clustering)",logistic_regression,38.78113104775548,1798,1798,0.9198386183982328,0.1176470588235294,0.3099308921190316,0.064516129032258,0.6666666666666666,0.9198386183982328,0.1176470588235294,0.3099308921190316,0.064516129032258,0.6666666666666666
K_Means_topic_116,100.0,text_similarity,"All (Unweighted Clustering, No Square Clustering)",random_forest,38.78113104775548,1798,1798,0.9514759844460268,0.6666666666666666,0.7471772508936015,0.5161290322580645,0.9411764705882352,0.9514759844460268,0.6666666666666666,0.7471772508936015,0.5161290322580645,0.9411764705882352
K_Means_topic_116,100.0,text_similarity,"All (Unweighted Clustering, No Square Clustering)",xgboost,38.78113104775548,1798,1798,0.9672490278766636,0.6538461538461539,0.6763310216120685,0.5483870967741935,0.8095238095238095,0.9672490278766636,0.6538461538461539,0.6763310216120685,0.5483870967741935,0.8095238095238095
K_Means_topic_116,100.0,text_similarity,"All but Betweenness and Harmonic (Unweighted Clustering, No Square Clustering)",logistic_regression,38.78113104775548,1798,1798,0.9181955930408748,0.2222222222222222,0.3498863973893314,0.1290322580645161,0.8,0.9181955930408748,0.2222222222222222,0.3498863973893314,0.1290322580645161,0.8
K_Means_topic_116,100.0,text_similarity,"All but Betweenness and Harmonic (Unweighted Clustering, No Square Clustering)",random_forest,38.78113104775548,1798,1798,0.962155649268854,0.625,0.7018524992171287,0.4838709677419355,0.8823529411764706,0.962155649268854,0.625,0.7018524992171287,0.4838709677419355,0.8823529411764706
K_Means_topic_116,100.0,text_similarity,"All but Betweenness and Harmonic (Unweighted Clustering, No Square Clustering)",xgboost,38.78113104775548,1798,1798,0.9749347353816384,0.5306122448979592,0.6385465587979773,0.4193548387096774,0.7222222222222222,0.9749347353816384,0.5306122448979592,0.6385465587979773,0.4193548387096774,0.7222222222222222
K_Means_topic_116,100.0,text_similarity,Core Number Only,logistic_regression,38.78113104775548,1798,1798,0.8036310860397611,0.0,0.1246960229186969,0.0,0.0,0.8036310860397611,0.0,0.1246960229186969,0.0,0.0
K_Means_topic_116,100.0,text_similarity,Core Number Only,random_forest,38.78113104775548,1798,1798,0.8596217390510617,0.0,0.1236865659880433,0.0,0.0,0.8596217390510617,0.0,0.1236865659880433,0.0,0.0
K_Means_topic_116,100.0,text_similarity,Core Number Only,xgboost,38.78113104775548,1798,1798,0.8671522719389525,0.0,0.1260263307556777,0.0,0.0,0.8671522719389525,0.0,0.1260263307556777,0.0,0.0
K_Means_topic_116,100.0,text_similarity+interactions,"All (Unweighted Clustering, No Square Clustering)",logistic_regression,34.866971022449434,1798,1798,0.8790733336984501,0.1176470588235294,0.3122251382642014,0.064516129032258,0.6666666666666666,0.8790733336984501,0.1176470588235294,0.3122251382642014,0.064516129032258,0.6666666666666666
K_Means_topic_116,100.0,text_similarity+interactions,"All (Unweighted Clustering, No Square Clustering)",random_forest,34.866971022449434,1798,1798,0.9436351023239682,0.68,0.6726260295469652,0.5483870967741935,0.8947368421052632,0.9436351023239682,0.68,0.6726260295469652,0.5483870967741935,0.8947368421052632
K_Means_topic_116,100.0,text_similarity+interactions,"All (Unweighted Clustering, No Square Clustering)",xgboost,34.866971022449434,1798,1798,0.9608594848202712,0.5882352941176471,0.705397080138262,0.4838709677419355,0.75,0.9608594848202712,0.5882352941176471,0.705397080138262,0.4838709677419355,0.75
K_Means_topic_116,100.0,text_similarity+interactions,"All but Betweenness and Harmonic (Unweighted Clustering, No Square Clustering)",logistic_regression,34.866971022449434,1798,1798,0.8938423060773683,0.1176470588235294,0.3646293761878354,0.064516129032258,0.6666666666666666,0.8938423060773683,0.1176470588235294,0.3646293761878354,0.064516129032258,0.6666666666666666
K_Means_topic_116,100.0,text_similarity+interactions,"All but Betweenness and Harmonic (Unweighted Clustering, No Square Clustering)",random_forest,34.866971022449434,1798,1798,0.943625974405316,0.68,0.6694054047834151,0.5483870967741935,0.8947368421052632,0.943625974405316,0.68,0.6694054047834151,0.5483870967741935,0.8947368421052632
K_Means_topic_116,100.0,text_similarity+interactions,"All but Betweenness and Harmonic (Unweighted Clustering, No Square Clustering)",xgboost,34.866971022449434,1798,1798,0.9696770542380928,0.56,0.7059113925422481,0.4516129032258064,0.7368421052631579,0.9696770542380928,0.56,0.7059113925422481,0.4516129032258064,0.7368421052631579
K_Means_topic_116,100.0,text_similarity+interactions,Core Number Only,logistic_regression,34.866971022449434,1798,1798,0.8034941672599814,0.0,0.124686236645096,0.0,0.0,0.8034941672599814,0.0,0.124686236645096,0.0,0.0
K_Means_topic_116,100.0,text_similarity+interactions,Core Number Only,random_forest,34.866971022449434,1798,1798,0.8581886558226992,0.0,0.1248719204851624,0.0,0.0,0.8581886558226992,0.0,0.1248719204851624,0.0,0.0
K_Means_topic_116,100.0,text_similarity+interactions,Core Number Only,xgboost,34.866971022449434,1798,1798,0.8660569217007138,0.0,0.1256398205311428,0.0,0.0,0.8660569217007138,0.0,0.1256398205311428,0.0,0.0
