topic_col,top_percentage,account_relations_configuration,indicators_configuration,model,indicators_runtime_seconds,n_graph_authors,n_all_authors,graph_authors_auc,graph_authors_f1,graph_authors_auc_pr,graph_authors_recall,graph_authors_precision,all_authors_auc,all_authors_f1,all_authors_auc_pr,all_authors_recall,all_authors_precision
BERTopic_topic_10,1.0,interactions,"All (Unweighted Clustering, No Square Clustering)",logistic_regression,66.43399827042595,32152,34592,0.8448058832546192,0.5994274388901123,0.641827114651368,0.4337157425111536,0.970064148253742,0.8320010573254117,0.57600341588386,0.6163231934747258,0.409656847859095,0.9698058950395398
BERTopic_topic_10,1.0,interactions,"All (Unweighted Clustering, No Square Clustering)",random_forest,66.43399827042595,32152,34592,0.9394076662315896,0.7757993490331228,0.8492157887970231,0.645634161886552,0.9717026378896882,0.92874891817368,0.7525083612040134,0.8216485242321381,0.6149407834801093,0.9693633317376736
BERTopic_topic_10,1.0,interactions,"All (Unweighted Clustering, No Square Clustering)",xgboost,66.43399827042595,32152,34592,0.9504540795957802,0.8267575322812052,0.8717231579614345,0.7345442957297642,0.9454470877768664,0.9416272321137716,0.8061527704946687,0.84502887274084,0.70027330701488,0.9497528830313016
BERTopic_topic_10,1.0,interactions,"All but Betweenness and Harmonic (Unweighted Clustering, No Square Clustering)",logistic_regression,66.43399827042595,32152,34592,0.8241234215714328,0.6042664344797563,0.6216273966620111,0.4423199490121096,0.9532967032967034,0.8140080617181691,0.5752665245202558,0.595883534884856,0.409656847859095,0.9656406585540444
BERTopic_topic_10,1.0,interactions,"All but Betweenness and Harmonic (Unweighted Clustering, No Square Clustering)",random_forest,66.43399827042595,32152,34592,0.9387715312750052,0.774798927613941,0.8472537964601567,0.6446781389420013,0.9707293666026872,0.928299688766423,0.7516254876462939,0.8187111557070028,0.6143334345581537,0.9679425837320574
BERTopic_topic_10,1.0,interactions,"All but Betweenness and Harmonic (Unweighted Clustering, No Square Clustering)",xgboost,66.43399827042595,32152,34592,0.9501738693827638,0.8255730659025788,0.8716177859730003,0.7345442957297642,0.9423548650858544,0.9418716202463108,0.8062150837988827,0.8459892749380876,0.7011843303978136,0.9482546201232032
BERTopic_topic_10,1.0,interactions,Core Number Only,logistic_regression,66.43399827042595,32152,34592,0.7929755939013288,0.6096816397732229,0.611000119962602,0.4455066921606118,0.9654696132596684,0.7783561764463979,0.589879313995342,0.5882221622902502,0.4230185241421196,0.974125874125874
BERTopic_topic_10,1.0,interactions,Core Number Only,random_forest,66.43399827042595,32152,34592,0.7926696713917982,0.610028465075542,0.6172543116399135,0.4439133205863607,0.9748075577326802,0.7779681641390976,0.5897055708536327,0.592691529742637,0.4227148496811418,0.9747899159663864
BERTopic_topic_10,1.0,interactions,Core Number Only,xgboost,66.43399827042595,32152,34592,0.7926203720996563,0.6097240473061761,0.617252153743236,0.4435946462715105,0.9747899159663864,0.77726244289343,0.5897055708536327,0.5934581634937837,0.4227148496811418,0.9747899159663864
BERTopic_topic_10,1.0,similarity,"All (Unweighted Clustering, No Square Clustering)",logistic_regression,3975.4839232671075,32152,34592,0.9280006711337746,0.622055451323744,0.7516816133162837,0.4754620777565328,0.8993369499698614,0.9083780416091352,0.5676348547717842,0.6967896461364148,0.41542666261767386,0.8958742632612967
BERTopic_topic_10,1.0,similarity,"All (Unweighted Clustering, No Square Clustering)",random_forest,3975.4839232671075,32152,34592,0.9978342250370944,0.9454365079365079,0.9909438467602553,0.9110898661567878,0.9824742268041237,0.9944612908302023,0.9192164481139712,0.9696224305478214,0.8621317947160644,0.9843966712898752
BERTopic_topic_10,1.0,similarity,"All (Unweighted Clustering, No Square Clustering)",xgboost,3975.4839232671075,32152,34592,0.9987971785493942,0.9643720780267613,0.9939756316860788,0.9531548757170172,0.9758564437194127,0.9952718413264411,0.9391934467548835,0.9731936491724027,0.9052535681749165,0.9757774140752864
BERTopic_topic_10,1.0,similarity,"All but Betweenness and Harmonic (Unweighted Clustering, No Square Clustering)",logistic_regression,3975.4839232671075,32152,34592,0.880187980282304,0.6113555415880997,0.7211695428417896,0.46494582536647544,0.8923547400611621,0.86694034722277,0.5565107989096246,0.6903253585002191,0.40297600971758274,0.8990514905149052
BERTopic_topic_10,1.0,similarity,"All but Betweenness and Harmonic (Unweighted Clustering, No Square Clustering)",random_forest,3975.4839232671075,32152,34592,0.9979851543504438,0.9514116874589625,0.9914883853674795,0.9235181644359465,0.981042654028436,0.9949742356975455,0.9258484799742641,0.9712629347149483,0.8739750986941999,0.9842681258549931
BERTopic_topic_10,1.0,similarity,"All but Betweenness and Harmonic (Unweighted Clustering, No Square Clustering)",xgboost,3975.4839232671075,32152,34592,0.9987653045278289,0.9632613599742185,0.9939210155658026,0.9525175270873167,0.9742503259452412,0.9954630459209167,0.9402490934888854,0.9738868318203757,0.9055572426358943,0.9777049180327869
BERTopic_topic_10,1.0,similarity,Core Number Only,logistic_regression,3975.4839232671075,32152,34592,0.8105666708974981,0.5142045454545454,0.5906501143097083,0.34608030592734224,1.0,0.7860964745208454,0.4953164267763308,0.5673674355251487,0.3291831156999696,1.0
BERTopic_topic_10,1.0,similarity,Core Number Only,random_forest,3975.4839232671075,32152,34592,0.935848292486039,0.8277717976318623,0.8595097322801151,0.7351816443594646,0.9470443349753694,0.9258098279122751,0.805413956758657,0.8238575582303135,0.6957181901002125,0.9561769616026711
BERTopic_topic_10,1.0,similarity,Core Number Only,xgboost,3975.4839232671075,32152,34592,0.9219200425121684,0.754059870866758,0.8090207700836576,0.6140854047163798,0.9766852508869741,0.9117925237169813,0.7450759707371976,0.7768480009849811,0.6030974795019739,0.9744847890088322
BERTopic_topic_10,1.0,similarity+interactions,"All (Unweighted Clustering, No Square Clustering)",logistic_regression,3711.7159227151424,32152,34592,0.9286168875727474,0.6661280549383963,0.7646613550260003,0.5254939451880178,0.909542195256481,0.915543522806346,0.6625194401244168,0.7377551520661165,0.5174612815062253,0.920583468395462
BERTopic_topic_10,1.0,similarity+interactions,"All (Unweighted Clustering, No Square Clustering)",random_forest,3711.7159227151424,32152,34592,0.9979525114861804,0.9526143790849672,0.991480576450496,0.9289356277884002,0.977531857813548,0.9945716504313524,0.9269464915091316,0.9706841881777905,0.8785302156088673,0.981010512037979
BERTopic_topic_10,1.0,similarity+interactions,"All (Unweighted Clustering, No Square Clustering)",xgboost,3711.7159227151424,32152,34592,0.9987452487168784,0.9594703697723236,0.9933640342831084,0.9467813894200128,0.972504091653028,0.9953084289615844,0.9340694006309148,0.9731968691275138,0.8991800789553599,0.9717755169018708
BERTopic_topic_10,1.0,similarity+interactions,"All but Betweenness and Harmonic (Unweighted Clustering, No Square Clustering)",logistic_regression,3711.7159227151424,32152,34592,0.8963313374616231,0.6846014856454528,0.7671161310752914,0.5433397068196303,0.925122083559414,0.8864151857139752,0.6599221789883268,0.7404418517940515,0.5150318858184026,0.918245804006497
BERTopic_topic_10,1.0,similarity+interactions,"All but Betweenness and Harmonic (Unweighted Clustering, No Square Clustering)",random_forest,3711.7159227151424,32152,34592,0.9979260742808366,0.954367666232073,0.9908683593258648,0.9330783938814532,0.9766511007338226,0.9943411269847372,0.9268370607028754,0.9708527910509216,0.88095961129669,0.9777553083923156
BERTopic_topic_10,1.0,similarity+interactions,"All but Betweenness and Harmonic (Unweighted Clustering, No Square Clustering)",xgboost,3711.7159227151424,32152,34592,0.9986573480295636,0.958824479250767,0.9930178604136264,0.9461440407903124,0.971849427168576,0.9948129677639648,0.9318181818181818,0.9717646327556624,0.8964470088065594,0.9700953006901084
BERTopic_topic_10,1.0,similarity+interactions,Core Number Only,logistic_regression,3711.7159227151424,32152,34592,0.8118816500225402,0.5150011811953698,0.5917936228187808,0.3473550031867431,0.9954337899543378,0.7872721445837003,0.4964668338272168,0.5683808038754992,0.3307014880048587,0.9954296160877514
BERTopic_topic_10,1.0,similarity+interactions,Core Number Only,random_forest,3711.7159227151424,32152,34592,0.9357081873795308,0.8300735689933608,0.8605225902410896,0.737093690248566,0.9498973305954824,0.9282204592176088,0.8100822685104149,0.8264307237511075,0.7027027027027027,0.956198347107438
BERTopic_topic_10,1.0,similarity+interactions,Core Number Only,xgboost,3711.7159227151424,32152,34592,0.9221394537429746,0.760101503025571,0.8116121950518937,0.6204588910133844,0.9808564231738036,0.9132136928336756,0.7482176360225141,0.7787920229898503,0.6055268751897965,0.9788905252822778
BERTopic_topic_10,5.0,interactions,"All (Unweighted Clustering, No Square Clustering)",logistic_regression,61.11763615068048,34285,34592,0.8326702828456114,0.590508911316298,0.6263899220866501,0.4241209130166564,0.9717314487632508,0.8315287411300818,0.5829252714498616,0.6203985593188265,0.4157303370786517,0.9750712250712252
BERTopic_topic_10,5.0,interactions,"All (Unweighted Clustering, No Square Clustering)",random_forest,61.11763615068048,34285,34592,0.9349318410754316,0.7630792227204783,0.837293559551884,0.6298581122763726,0.9677725118483412,0.9333685995057592,0.754878275413492,0.8303821650362395,0.6167628302459763,0.9727011494252874
BERTopic_topic_10,5.0,interactions,"All (Unweighted Clustering, No Square Clustering)",xgboost,61.11763615068048,34285,34592,0.946105020631369,0.8136962247585602,0.8599994074569842,0.7146822948797039,0.9445576844679984,0.9448642384798942,0.805777932474765,0.8524188098937038,0.7030063771636805,0.94374235629841
BERTopic_topic_10,5.0,interactions,"All but Betweenness and Harmonic (Unweighted Clustering, No Square Clustering)",logistic_regression,61.11763615068048,34285,34592,0.8313853445171463,0.5930382466695315,0.6284354092090292,0.4256631708821715,0.9773371104815864,0.8226188321224922,0.5913227513227514,0.6119697682273136,0.424233221986031,0.9755586592178772
BERTopic_topic_10,5.0,interactions,"All but Betweenness and Harmonic (Unweighted Clustering, No Square Clustering)",random_forest,61.11763615068048,34285,34592,0.9343222907676788,0.7639902676399026,0.8364899963347396,0.6295496607032696,0.97144217039505,0.9347535739332726,0.7570474777448071,0.8326857420377197,0.6197995748557547,0.9723677941877084
BERTopic_topic_10,5.0,interactions,"All but Betweenness and Harmonic (Unweighted Clustering, No Square Clustering)",xgboost,61.11763615068048,34285,34592,0.9466724461301744,0.8191507950375677,0.8600725692240587,0.7230104873534855,0.9447803305118904,0.9458402240773864,0.807304347826087,0.854121658052591,0.7048284239295475,0.9446479446479448
BERTopic_topic_10,5.0,interactions,Core Number Only,logistic_regression,61.11763615068048,34285,34592,0.7870821876236506,0.5975192472198461,0.5980753451443308,0.4309068476249229,0.9741980474198048,0.7817565464578992,0.5910725618785699,0.5898458395224992,0.424233221986031,0.9741980474198048
BERTopic_topic_10,5.0,interactions,Core Number Only,random_forest,61.11763615068048,34285,34592,0.7853720565072392,0.5976470588235294,0.6021375612533911,0.4309068476249229,0.9748778785764132,0.7814470796823682,0.5907744392721117,0.5949435326971524,0.4239295475250531,0.9741800418702024
BERTopic_topic_10,5.0,interactions,Core Number Only,xgboost,61.11763615068048,34285,34592,0.7853866479170613,0.59734702610184,0.6028947184614157,0.4305983960518199,0.9748603351955308,0.7814597218697431,0.5907744392721117,0.5957698051452894,0.4239295475250531,0.9741800418702024
BERTopic_topic_10,5.0,similarity,"All (Unweighted Clustering, No Square Clustering)",logistic_regression,4008.1814171690494,34285,34592,0.898226491390631,0.4959301171332142,0.6149278463402363,0.3852560148056755,0.6958217270194986,0.9003919291538418,0.5104881395804745,0.6274229950495904,0.39538414819313694,0.7201327433628318
BERTopic_topic_10,5.0,similarity,"All (Unweighted Clustering, No Square Clustering)",random_forest,4008.1814171690494,34285,34592,0.9981907297678254,0.9421937550040032,0.9894554291705061,0.9074645280690932,0.9796869796869797,0.9975603489076834,0.9367450731087095,0.9862468967055966,0.8949286365016702,0.9826608869623208
BERTopic_topic_10,5.0,similarity,"All (Unweighted Clustering, No Square Clustering)",xgboost,4008.1814171690494,34285,34592,0.9989643974171029,0.9595249257696515,0.993377214643273,0.9469463294262801,0.9724421919543871,0.9983030701391951,0.9498442367601246,0.9898018521945121,0.9259034315214091,0.975055964182923
BERTopic_topic_10,5.0,similarity,"All but Betweenness and Harmonic (Unweighted Clustering, No Square Clustering)",logistic_regression,4008.1814171690494,34285,34592,0.8773891235184055,0.5914786967418546,0.6957787265494398,0.4367674275138803,0.9159120310478654,0.8735281833020535,0.563701669131629,0.6811604524619268,0.4051017309444276,0.9263888888888889
BERTopic_topic_10,5.0,similarity,"All but Betweenness and Harmonic (Unweighted Clustering, No Square Clustering)",random_forest,4008.1814171690494,34285,34592,0.9984525206255566,0.9479216435738175,0.9897658072815609,0.917951881554596,0.9799143891998683,0.9978019864184874,0.9381622647477463,0.986190998248524,0.9006984512602491,0.9788778877887789
BERTopic_topic_10,5.0,similarity,"All but Betweenness and Harmonic (Unweighted Clustering, No Square Clustering)",xgboost,4008.1814171690494,34285,34592,0.9987498833233709,0.9579227279837322,0.9927893707759787,0.9444787168414559,0.9717549984132021,0.9982346199228243,0.9465340379235312,0.9889733866008207,0.9246887336774977,0.9694364851957975
BERTopic_topic_10,5.0,similarity,Core Number Only,logistic_regression,4008.1814171690494,34285,34592,0.7892786195773139,0.49698655540101994,0.5651744085602775,0.33066008636644045,1.0,0.7786217545537852,0.4901421366345713,0.5578988912972337,0.32462799878530213,1.0
BERTopic_topic_10,5.0,similarity,Core Number Only,random_forest,4008.1814171690494,34285,34592,0.9321378568578423,0.8206371191135734,0.8495021760634243,0.7310302282541641,0.9352801894238358,0.9321766731229143,0.8132214060860441,0.8436739798374682,0.7060431217734588,0.9587628865979382
BERTopic_topic_10,5.0,similarity,Core Number Only,xgboost,4008.1814171690494,34285,34592,0.912210531915661,0.7421904403462551,0.7857826473492301,0.608266502159161,0.9517374517374517,0.9124596246811085,0.735653809971778,0.7788272704434885,0.5936835712116612,0.966864490603363
BERTopic_topic_10,5.0,similarity+interactions,"All (Unweighted Clustering, No Square Clustering)",logistic_regression,4060.173470323905,34285,34592,0.9175661556238592,0.6519465427077281,0.7283400175433485,0.5191239975323874,0.8761061946902655,0.9058654141451058,0.6195796250710093,0.6944397689149137,0.4968114181597328,0.8229376257545271
BERTopic_topic_10,5.0,similarity+interactions,"All (Unweighted Clustering, No Square Clustering)",random_forest,4060.173470323905,34285,34592,0.99785207690759,0.9375400384368994,0.9870171743151412,0.9028377544725478,0.975016655562958,0.9974470688933332,0.9308476736775017,0.9838481972301608,0.8870331005162466,0.9792155548105934
BERTopic_topic_10,5.0,similarity+interactions,"All (Unweighted Clustering, No Square Clustering)",xgboost,4060.173470323905,34285,34592,0.9983826636921188,0.9564945226917058,0.9912413020111376,0.9426280074028378,0.9707750952986024,0.9980012294260406,0.9458573880480574,0.9883834117221112,0.920437291223808,0.9727214377406932
BERTopic_topic_10,5.0,similarity+interactions,"All but Betweenness and Harmonic (Unweighted Clustering, No Square Clustering)",logistic_regression,4060.173470323905,34285,34592,0.8733954988665401,0.6220172448365751,0.7163361278246616,0.4784083898827884,0.8888252148997134,0.8705918388111991,0.5966198330278966,0.7050321075941297,0.4448830853325235,0.9054388133498146
BERTopic_topic_10,5.0,similarity+interactions,"All but Betweenness and Harmonic (Unweighted Clustering, No Square Clustering)",random_forest,4060.173470323905,34285,34592,0.9977201878519064,0.9442497610704046,0.9869834161676284,0.9142504626773597,0.9762845849802372,0.9970986374021472,0.934283452098179,0.9829470081670212,0.8958396598846037,0.9761747187293184
BERTopic_topic_10,5.0,similarity+interactions,"All but Betweenness and Harmonic (Unweighted Clustering, No Square Clustering)",xgboost,4060.173470323905,34285,34592,0.9979998143110204,0.9556634811217296,0.9909629170568678,0.9407772979642196,0.971028334925183,0.9975541345400596,0.9438481878985844,0.9878115456412604,0.9213483146067416,0.9674744897959184
BERTopic_topic_10,5.0,similarity+interactions,Core Number Only,logistic_regression,4060.173470323905,34285,34592,0.7909098567243784,0.4978024520009252,0.5665010584088342,0.3318938926588525,0.9953746530989824,0.7802051084779721,0.4906178489702517,0.5592513918694672,0.3255390221682356,0.9953574744661096
BERTopic_topic_10,5.0,similarity+interactions,Core Number Only,random_forest,4060.173470323905,34285,34592,0.9331593549080583,0.8180876769071453,0.8444126482755523,0.7310302282541641,0.9286833855799372,0.9322736046447648,0.8096326243628054,0.8398591401774935,0.6993622836319465,0.9611853088480802
BERTopic_topic_10,5.0,similarity+interactions,Core Number Only,xgboost,4060.173470323905,34285,34592,0.9097310802673008,0.7375675172285342,0.7797797686182895,0.6107341147439852,0.930888575458392,0.9100203180229072,0.7335965407031397,0.7763946717168196,0.5924688733677498,0.9629812438302072
BERTopic_topic_10,10.0,interactions,"All (Unweighted Clustering, No Square Clustering)",logistic_regression,56.05205653887242,34535,34592,0.8302462276096927,0.5962891874600128,0.6221065978333422,0.4301538461538461,0.9715079916608756,0.8212249654733906,0.593763168984408,0.6144099981217599,0.427877315517765,0.9697178251892636
BERTopic_topic_10,10.0,interactions,"All (Unweighted Clustering, No Square Clustering)",random_forest,56.05205653887242,34535,34592,0.9364709605242127,0.7666604789307593,0.8390594821020281,0.6353846153846154,0.9663079082826392,0.9351503862896516,0.7692026335040234,0.8356308389076105,0.6386273914363803,0.966896551724138
BERTopic_topic_10,10.0,interactions,"All (Unweighted Clustering, No Square Clustering)",xgboost,56.05205653887242,34535,34592,0.9491703421398804,0.8181500872600349,0.8631884104805918,0.7212307692307692,0.9451612903225808,0.9468984518094032,0.8163686382393398,0.8609948356914827,0.7209231703613727,0.940943321442727
BERTopic_topic_10,10.0,interactions,"All but Betweenness and Harmonic (Unweighted Clustering, No Square Clustering)",logistic_regression,56.05205653887242,34535,34592,0.823678351630789,0.5965436313206742,0.6173273630933086,0.4301538461538461,0.9728601252609604,0.8289889761387397,0.5850340136054422,0.6214188964560082,0.4178560583054965,0.9751948972360028
BERTopic_topic_10,10.0,interactions,"All but Betweenness and Harmonic (Unweighted Clustering, No Square Clustering)",random_forest,56.05205653887242,34535,34592,0.9367908533212032,0.769516039310217,0.8368243833998605,0.6384615384615384,0.9682687820811946,0.93596327020574,0.7685286600949252,0.835403415667132,0.6392347403583358,0.9633867276887872
BERTopic_topic_10,10.0,interactions,"All but Betweenness and Harmonic (Unweighted Clustering, No Square Clustering)",xgboost,56.05205653887242,34535,34592,0.9493147072202212,0.8153953326367119,0.8628191327525083,0.7203076923076923,0.9394060995184592,0.9480991927948806,0.8139773895169579,0.8620172658354717,0.7215305192833282,0.9335952848722986
BERTopic_topic_10,10.0,interactions,Core Number Only,logistic_regression,56.05205653887242,34535,34592,0.7871232564143544,0.5964987190435526,0.5959730262299969,0.4298461538461538,0.9741980474198048,0.7821986979866525,0.5910725618785699,0.590489724411717,0.424233221986031,0.9741980474198048
BERTopic_topic_10,10.0,interactions,Core Number Only,random_forest,56.05205653887242,34535,34592,0.7865718788802696,0.5963263562580094,0.5999223336660358,0.4295384615384615,0.9748603351955308,0.7795458518795337,0.5908994708994709,0.5947009675298098,0.4239295475250531,0.9748603351955308
BERTopic_topic_10,10.0,interactions,Core Number Only,xgboost,56.05205653887242,34535,34592,0.7864697311319016,0.5957264957264957,0.6008326786530558,0.4289230769230769,0.9748251748251748,0.7794079860610327,0.5903027736608089,0.594957716645006,0.4233221986030975,0.9748251748251748
BERTopic_topic_10,10.0,similarity,"All (Unweighted Clustering, No Square Clustering)",logistic_regression,4189.472944723908,34535,34592,0.9001398556693426,0.6598837209302325,0.725094880396089,0.5587692307692308,0.805678793256433,0.9012323823526824,0.6561992420140769,0.7274988018759432,0.5520801700576982,0.8087188612099644
BERTopic_topic_10,10.0,similarity,"All (Unweighted Clustering, No Square Clustering)",random_forest,4189.472944723908,34535,34592,0.9978959983280264,0.9385852090032154,0.9883541808892132,0.8981538461538462,0.9828282828282828,0.9977827805781889,0.9398803903053194,0.9877028885495064,0.9067719404798057,0.9754982032015681
BERTopic_topic_10,10.0,similarity,"All (Unweighted Clustering, No Square Clustering)",xgboost,4189.472944723908,34535,34592,0.998228052273761,0.9547660040694944,0.9918236983357503,0.9384615384615385,0.9716470213443772,0.9982799154345361,0.9531274012601814,0.9917802973034876,0.9416945034922563,0.9648413192283759
BERTopic_topic_10,10.0,similarity,"All but Betweenness and Harmonic (Unweighted Clustering, No Square Clustering)",logistic_regression,4189.472944723908,34535,34592,0.8898913364723817,0.6939942802669209,0.7512653916550719,0.56,0.9122807017543859,0.8912260958964536,0.6980392156862745,0.7537483004206779,0.5675675675675675,0.9064015518913676
BERTopic_topic_10,10.0,similarity,"All but Betweenness and Harmonic (Unweighted Clustering, No Square Clustering)",random_forest,4189.472944723908,34535,34592,0.9978276932912061,0.9427523520969542,0.98825415299297,0.9095384615384615,0.97848394571334,0.9974915348524586,0.9434966348411332,0.987392662153573,0.915274825387185,0.9735142118863049
BERTopic_topic_10,10.0,similarity,"All but Betweenness and Harmonic (Unweighted Clustering, No Square Clustering)",xgboost,4189.472944723908,34535,34592,0.9981174758117062,0.9564538785703137,0.9915516120260679,0.9427692307692308,0.9705416534684828,0.9981112300395216,0.9538177339901478,0.9914722854949533,0.9407834801093228,0.96721823290665
BERTopic_topic_10,10.0,similarity,Core Number Only,logistic_regression,4189.472944723908,34535,34592,0.7869830565151645,0.4950219958323686,0.5619920323715704,0.32892307692307693,1.0,0.7767891322052329,0.4891030052764396,0.5558525323344201,0.32371697540236866,1.0
BERTopic_topic_10,10.0,similarity,Core Number Only,random_forest,4189.472944723908,34535,34592,0.9313511759137458,0.8214408824543261,0.8508315808950185,0.7332307692307692,0.9337774294670846,0.9298185170826757,0.8250748254073828,0.8491235478128356,0.7534163376860006,0.9117971334068358
BERTopic_topic_10,10.0,similarity,Core Number Only,xgboost,4189.472944723908,34535,34592,0.9135245054769426,0.7433628318584071,0.7803222313096819,0.6203076923076923,0.9273229070837167,0.9125007578763327,0.7520426287744227,0.7789463717032373,0.6428788338900698,0.905862216516902
BERTopic_topic_10,10.0,similarity+interactions,"All (Unweighted Clustering, No Square Clustering)",logistic_regression,4006.0919664446265,34535,34592,0.89674824750126,0.6428704914969164,0.7004687202416428,0.5292307692307693,0.8186577820085673,0.8795807105524434,0.6178803172314348,0.6764073040252451,0.5204980261160036,0.7600886917960089
BERTopic_topic_10,10.0,similarity+interactions,"All (Unweighted Clustering, No Square Clustering)",random_forest,4006.0919664446265,34535,34592,0.9975895944234764,0.9314671814671814,0.9855600576381328,0.8907692307692308,0.976062036412677,0.9975660199426188,0.9300632911392404,0.9847993307298376,0.8924992408138476,0.9709283118599272
BERTopic_topic_10,10.0,similarity+interactions,"All (Unweighted Clustering, No Square Clustering)",xgboost,4006.0919664446265,34535,34592,0.9978760920077206,0.9536776212832552,0.9906299595562302,0.9375384615384617,0.9703821656050956,0.997891190003082,0.9513546798029556,0.9906700643696656,0.9383540844215,0.9647205744614424
BERTopic_topic_10,10.0,similarity+interactions,"All but Betweenness and Harmonic (Unweighted Clustering, No Square Clustering)",logistic_regression,4006.0919664446265,34535,34592,0.8766924822660158,0.5953163516844701,0.7114165160512445,0.4458461538461538,0.8955500618046972,0.8794142664047687,0.6022022022022022,0.7147269147605533,0.4567263893106589,0.8836662749706228
BERTopic_topic_10,10.0,similarity+interactions,"All but Betweenness and Harmonic (Unweighted Clustering, No Square Clustering)",random_forest,4006.0919664446265,34535,34592,0.997516140691656,0.9362517974117271,0.9854164638234486,0.9015384615384616,0.97374543037554,0.997492437172816,0.9362837413684872,0.984496301669482,0.905860917096872,0.968821045794089
BERTopic_topic_10,10.0,similarity+interactions,"All but Betweenness and Harmonic (Unweighted Clustering, No Square Clustering)",xgboost,4006.0919664446265,34535,34592,0.997949629338218,0.9520676691729324,0.9906153054106306,0.935076923076923,0.969687300574346,0.997820488837002,0.9494390656216384,0.9899643404791588,0.9380504099605224,0.96110765401369
BERTopic_topic_10,10.0,similarity+interactions,Core Number Only,logistic_regression,4006.0919664446265,34535,34592,0.7885626584379342,0.4961884961884962,0.5632937269939089,0.3304615384615385,0.995366079703429,0.7784229190457482,0.4906178489702517,0.5571627467283774,0.3255390221682356,0.9953574744661096
BERTopic_topic_10,10.0,similarity+interactions,Core Number Only,random_forest,4006.0919664446265,34535,34592,0.9342893891149604,0.819002213519496,0.8497883248630583,0.74,0.9168890583301564,0.9358070572066352,0.822454741737253,0.8502238218287029,0.7518979653811114,0.907624633431085
BERTopic_topic_10,10.0,similarity+interactions,Core Number Only,xgboost,4006.0919664446265,34535,34592,0.9119465066817471,0.7505946935041171,0.781033761574885,0.6310769230769231,0.925959367945824,0.913196223717506,0.7585721821698611,0.7829050245440817,0.6550258123291831,0.901002506265664
BERTopic_topic_10,20.0,interactions,"All (Unweighted Clustering, No Square Clustering)",logistic_regression,51.562957716640085,34549,34592,0.8314719759907137,0.5922765094943461,0.6221298664789549,0.4265519360786724,0.9685973482205164,0.833375451319055,0.5839354016149596,0.6229824605220802,0.4172487093835408,0.9723991507430998
BERTopic_topic_10,20.0,interactions,"All (Unweighted Clustering, No Square Clustering)",random_forest,51.562957716640085,34549,34592,0.9328045230111416,0.7651656122069223,0.8347940113483446,0.6318377381684082,0.969811320754717,0.9344775900346654,0.7656048609832443,0.8366493837447292,0.6313392043729122,0.9724041159962582
BERTopic_topic_10,20.0,interactions,"All (Unweighted Clustering, No Square Clustering)",xgboost,51.562957716640085,34549,34592,0.9459179077150416,0.8123797866759923,0.8573439611593091,0.7138905961893055,0.9423935091277892,0.9474765189804008,0.8238136324417601,0.8620293410346995,0.7248709383540844,0.9540367705835332
BERTopic_topic_10,20.0,interactions,"All but Betweenness and Harmonic (Unweighted Clustering, No Square Clustering)",logistic_regression,51.562957716640085,34549,34592,0.8248289838170835,0.5876837843596846,0.617355407751782,0.4237861094038107,0.9583043780403058,0.8245278800350919,0.5822945277836468,0.6166409256661716,0.4184634072274522,0.9569444444444444
BERTopic_topic_10,20.0,interactions,"All but Betweenness and Harmonic (Unweighted Clustering, No Square Clustering)",random_forest,51.562957716640085,34549,34592,0.9324684513305144,0.7656569410890169,0.8339756581713741,0.6330669944683467,0.9685002350728726,0.9318349605225626,0.7657856093979442,0.8347939407647181,0.6334649255997571,0.9679814385150812
BERTopic_topic_10,20.0,interactions,"All but Betweenness and Harmonic (Unweighted Clustering, No Square Clustering)",xgboost,51.562957716640085,34549,34592,0.9467831301413978,0.8152932960893855,0.8607083513293637,0.7175783650891211,0.9438156831042844,0.9473477297285072,0.8176338901325986,0.8608900440078565,0.7209231703613727,0.9443118536197296
BERTopic_topic_10,20.0,interactions,Core Number Only,logistic_regression,51.562957716640085,34549,34592,0.7882803403541432,0.5921644187540142,0.5957437122427831,0.4250153657037492,0.9760056457304164,0.7776324573054267,0.5910725618785699,0.5892010001817092,0.424233221986031,0.9741980474198048
BERTopic_topic_10,20.0,interactions,Core Number Only,random_forest,51.562957716640085,34549,34592,0.7855963135273282,0.5956902069554085,0.5995195879421006,0.4290104486785495,0.9741800418702024,0.7774573392394759,0.5907744392721117,0.5928082773599039,0.4239295475250531,0.9741800418702024
BERTopic_topic_10,20.0,interactions,Core Number Only,xgboost,51.562957716640085,34549,34592,0.7855854821668966,0.5956902069554085,0.5995414136475191,0.4290104486785495,0.9741800418702024,0.777273076690332,0.5907744392721117,0.5941158874766446,0.4239295475250531,0.9741800418702024
BERTopic_topic_10,20.0,similarity,"All (Unweighted Clustering, No Square Clustering)",logistic_regression,4261.1851620823145,34549,34592,0.9292062282188266,0.6525466464952093,0.765785226959033,0.5964966195451752,0.7202226345083488,0.9299308317112669,0.6546617300572198,0.7703129688608228,0.5906468266018828,0.734239335598339
BERTopic_topic_10,20.0,similarity,"All (Unweighted Clustering, No Square Clustering)",random_forest,4261.1851620823145,34549,34592,0.9974492882676727,0.9477670822155594,0.9887752955677179,0.9228641671788568,0.9740512487836522,0.9978892689339338,0.9466937627012663,0.9889880180665703,0.9195262678408745,0.9755154639175257
BERTopic_topic_10,20.0,similarity,"All (Unweighted Clustering, No Square Clustering)",xgboost,4261.1851620823145,34549,34592,0.9985480870668548,0.955,0.9922542086750143,0.9391518131530424,0.9713922441195169,0.998280056118893,0.9566959469872092,0.9919888270989208,0.9426055268751898,0.9712140175219024
BERTopic_topic_10,20.0,similarity,"All but Betweenness and Harmonic (Unweighted Clustering, No Square Clustering)",logistic_regression,4261.1851620823145,34549,34592,0.9135164281688823,0.7523739956172388,0.7918448338728904,0.6330669944683467,0.9270927092709271,0.9146127890599031,0.7577393808495321,0.795138158440111,0.6392347403583358,0.930181175430844
BERTopic_topic_10,20.0,similarity,"All but Betweenness and Harmonic (Unweighted Clustering, No Square Clustering)",random_forest,4261.1851620823145,34549,34592,0.9975961351977676,0.9471358687075904,0.9880116170385204,0.9222495390288875,0.9734025300032436,0.9974084534629779,0.9467603434816549,0.9875835617010045,0.9207409656847859,0.974293059125964
BERTopic_topic_10,20.0,similarity,"All but Betweenness and Harmonic (Unweighted Clustering, No Square Clustering)",xgboost,4261.1851620823145,34549,34592,0.998386029096589,0.9575398064314705,0.9921956604298033,0.9425322679778734,0.9730329949238579,0.9983787389184265,0.953936219380681,0.9916601130930202,0.9401761311873671,0.9681050656660413
BERTopic_topic_10,20.0,similarity,Core Number Only,logistic_regression,4261.1851620823145,34549,34592,0.785904133327664,0.4942156409069875,0.5610475046441912,0.32821143208358944,1.0,0.7768629769390105,0.4891030052764396,0.5550905804360724,0.32371697540236866,1.0
BERTopic_topic_10,20.0,similarity,Core Number Only,random_forest,4261.1851620823145,34549,34592,0.9330226084763693,0.8245524296675192,0.8537835043278863,0.7430854333128457,0.9260819609345079,0.932148036579524,0.8287898936170213,0.8523918772281722,0.7570604312177346,0.9155343371281675
BERTopic_topic_10,20.0,similarity,Core Number Only,xgboost,4261.1851620823145,34549,34592,0.9146467930678901,0.7523860976048983,0.7849659473744054,0.641979102642901,0.9086559373640714,0.914687264447694,0.7614500442086649,0.7901167139518745,0.6538111144852717,0.9115156646909399
BERTopic_topic_10,20.0,similarity+interactions,"All (Unweighted Clustering, No Square Clustering)",logistic_regression,3972.1347124818712,34549,34592,0.915790110427831,0.5891601158460902,0.7278942313610152,0.4376152427781192,0.9012658227848102,0.9128591342961908,0.5939910678034916,0.7243527559721796,0.4442757364105679,0.8958971218616044
BERTopic_topic_10,20.0,similarity+interactions,"All (Unweighted Clustering, No Square Clustering)",random_forest,3972.1347124818712,34549,34592,0.9975810419965137,0.9447347585114806,0.9867150581919608,0.916717885679164,0.9745181313296308,0.9973720938335164,0.9403828051459052,0.9863181679812218,0.9101123595505618,0.9727361246348588
BERTopic_topic_10,20.0,similarity+interactions,"All (Unweighted Clustering, No Square Clustering)",xgboost,3972.1347124818712,34549,34592,0.9983371406760008,0.952485151609878,0.9915648323590286,0.9363859864781808,0.969147582697201,0.9980038005539414,0.95310089478556,0.9913488109191422,0.9380504099605224,0.9686422075885858
BERTopic_topic_10,20.0,similarity+interactions,"All but Betweenness and Harmonic (Unweighted Clustering, No Square Clustering)",logistic_regression,3972.1347124818712,34549,34592,0.8629741383839357,0.5941611842105263,0.703219315671047,0.4440688383527965,0.8975155279503105,0.8647095347813789,0.5916411824668706,0.7051335349905941,0.4406316428788339,0.9001240694789082
BERTopic_topic_10,20.0,similarity+interactions,"All but Betweenness and Harmonic (Unweighted Clustering, No Square Clustering)",random_forest,3972.1347124818712,34549,34592,0.9974266828354756,0.943987341772152,0.9857462841743534,0.916717885679164,0.972928897586432,0.9971755286799276,0.9411027568922306,0.9860122550566696,0.9122380807774066,0.971853769006794
BERTopic_topic_10,20.0,similarity+interactions,"All but Betweenness and Harmonic (Unweighted Clustering, No Square Clustering)",xgboost,3972.1347124818712,34549,34592,0.998174012335574,0.9529008109794136,0.99113335984585,0.9388444990780578,0.967384420519316,0.9978083754287612,0.9519987652415496,0.990609807396079,0.9365320376556332,0.967984934086629
BERTopic_topic_10,20.0,similarity+interactions,Core Number Only,logistic_regression,3972.1347124818712,34549,34592,0.787525439703643,0.4950357885015008,0.5625656542260642,0.3294406883835279,0.9953574744661096,0.7784562369823915,0.490272373540856,0.5563620677626433,0.3252353477072578,0.9953531598513012
BERTopic_topic_10,20.0,similarity+interactions,Core Number Only,random_forest,3972.1347124818712,34549,34592,0.9358280633969444,0.824442943956786,0.8520473606745501,0.750460971112477,0.9146067415730336,0.9343477771827962,0.8238815898885747,0.8506460349889766,0.7522016398420893,0.9106617647058824
BERTopic_topic_10,20.0,similarity+interactions,Core Number Only,xgboost,3972.1347124818712,34549,34592,0.9143228047861848,0.7506297229219143,0.7850955389726817,0.6410571604179471,0.9053819444444444,0.917318294777136,0.7618372051782231,0.7936674468864524,0.6522927421803826,0.9156010230179028
BERTopic_topic_10,50.0,interactions,"All (Unweighted Clustering, No Square Clustering)",logistic_regression,54.95326026668772,34562,34592,0.8276700664778214,0.5813653928724775,0.6156352893543134,0.4145744029393753,0.9727011494252874,0.8302236560125044,0.5868873329089752,0.6186611676929955,0.4199817795323413,0.973943661971831
BERTopic_topic_10,50.0,interactions,"All (Unweighted Clustering, No Square Clustering)",random_forest,54.95326026668772,34562,34592,0.9357749214344484,0.7698001480384901,0.8399373823781084,0.6368646662584201,0.9728718428437793,0.9360129754443604,0.7737573099415205,0.8380485207425257,0.6428788338900698,0.9715465810004588
BERTopic_topic_10,50.0,interactions,"All (Unweighted Clustering, No Square Clustering)",xgboost,54.95326026668772,34562,34592,0.946240119235239,0.8146476917736897,0.8590352397993563,0.7186160440906307,0.9403044871794872,0.9471640881310072,0.8198970840480274,0.8605538451836829,0.7257819617370179,0.9420575482853764
BERTopic_topic_10,50.0,interactions,"All but Betweenness and Harmonic (Unweighted Clustering, No Square Clustering)",logistic_regression,54.95326026668772,34562,34592,0.8264519697427921,0.5855855855855856,0.6177018983625919,0.4179424372320882,0.9777936962750716,0.8161027402140035,0.579630023389326,0.6058977739045968,0.4139082903127847,0.9666666666666668
BERTopic_topic_10,50.0,interactions,"All but Betweenness and Harmonic (Unweighted Clustering, No Square Clustering)",random_forest,54.95326026668772,34562,34592,0.9371334311998064,0.7686608631228005,0.8387073549227908,0.6353337415799143,0.972808251289264,0.9355091216971788,0.7673992673992674,0.8366048887032795,0.6361979957485575,0.9667743424088602
BERTopic_topic_10,50.0,interactions,"All but Betweenness and Harmonic (Unweighted Clustering, No Square Clustering)",xgboost,54.95326026668772,34562,34592,0.94804833323315,0.8172527282175646,0.8616279542311034,0.7222902633190447,0.9409652971679298,0.9470995819278116,0.8168096054888507,0.8599975855342474,0.7230488915882174,0.938510051241624
BERTopic_topic_10,50.0,interactions,Core Number Only,logistic_regression,54.95326026668772,34562,34592,0.7844061722406099,0.5944680851063829,0.5936906666508305,0.4277403551745254,0.9741980474198048,0.7822193834382901,0.5910725618785699,0.5901697248168648,0.424233221986031,0.9741980474198048
BERTopic_topic_10,50.0,interactions,Core Number Only,random_forest,54.95326026668772,34562,34592,0.783150770956762,0.5945945945945946,0.5974275134393221,0.4277403551745254,0.9748778785764132,0.7810099588321673,0.5911976301311892,0.5949814690757339,0.424233221986031,0.9748778785764132
BERTopic_topic_10,50.0,interactions,Core Number Only,xgboost,54.95326026668772,34562,34592,0.7830512970516706,0.5942954448701575,0.5989871854790613,0.4274341702388242,0.9748603351955308,0.7809872455853176,0.5908994708994709,0.5957460252250626,0.4239295475250531,0.9748603351955308
BERTopic_topic_10,50.0,similarity,"All (Unweighted Clustering, No Square Clustering)",logistic_regression,4313.311538751237,34562,34592,0.9435006025080868,0.7232835256289011,0.8116328687589516,0.5854255970606246,0.946066303809995,0.9418304191345007,0.7113304232302144,0.8030657600590918,0.5690859398724567,0.9483805668016194
BERTopic_topic_10,50.0,similarity,"All (Unweighted Clustering, No Square Clustering)",random_forest,4313.311538751237,34562,34592,0.9983350264687172,0.9453396524486571,0.9892123155340937,0.9161053276178812,0.9765013054830287,0.9979639577738522,0.9425035249882501,0.9881355984373289,0.9134527786213179,0.973462783171521
BERTopic_topic_10,50.0,similarity,"All (Unweighted Clustering, No Square Clustering)",xgboost,4313.311538751237,34562,34592,0.9986151627914549,0.9573474470734745,0.9923782108521462,0.9415186772810777,0.973717542748575,0.9985913808981711,0.9570438799076213,0.9924455963944672,0.9438202247191011,0.9706433479075578
BERTopic_topic_10,50.0,similarity,"All but Betweenness and Harmonic (Unweighted Clustering, No Square Clustering)",logistic_regression,4313.311538751237,34562,34592,0.9112923951081792,0.7281823235130628,0.7859704387124095,0.6016533986527863,0.9221022993899578,0.9107297649784379,0.7240301526015812,0.7829617896931178,0.5979350136653507,0.9175209692451072
BERTopic_topic_10,50.0,similarity,"All but Betweenness and Harmonic (Unweighted Clustering, No Square Clustering)",random_forest,4313.311538751237,34562,34592,0.997426793271633,0.9452422281836831,0.9873844168583014,0.9170238824249847,0.9752523607945295,0.9976665122340523,0.9451371571072319,0.9873696223563404,0.9207409656847859,0.9708613512648094
BERTopic_topic_10,50.0,similarity,"All but Betweenness and Harmonic (Unweighted Clustering, No Square Clustering)",xgboost,4313.311538751237,34562,34592,0.9986077958034505,0.9571827489916227,0.9919776786600243,0.9445805266380894,0.970125786163522,0.9984873666466323,0.9578461538461538,0.991796970773659,0.9453385970239903,0.9706891175553477
BERTopic_topic_10,50.0,similarity,Core Number Only,logistic_regression,4313.311538751237,34562,34592,0.7831764380125781,0.49284725426857406,0.5595169454776985,0.32700551132884265,1.0,0.7763310154275727,0.4891030052764396,0.5549014636057344,0.32371697540236866,1.0
BERTopic_topic_10,50.0,similarity,Core Number Only,random_forest,4313.311538751237,34562,34592,0.9331690622194088,0.8286290322580645,0.8543684706957918,0.7550520514390692,0.9180938198064036,0.933551886966775,0.8288138412909666,0.8532337850850381,0.7564530822957789,0.9164827078734363
BERTopic_topic_10,50.0,similarity,Core Number Only,xgboost,4313.311538751237,34562,34592,0.9124923238528709,0.7538212551699335,0.7815971592483989,0.6417636252296387,0.9132897603485839,0.9158197153058962,0.7558325912733749,0.78678701966498,0.644397206194959,0.9138673557278209
BERTopic_topic_10,50.0,similarity+interactions,"All (Unweighted Clustering, No Square Clustering)",logistic_regression,4141.7911821920425,34562,34592,0.9224707281096556,0.6683234563181036,0.7634018874052949,0.5352112676056338,0.8895674300254452,0.9233588056429796,0.6417070805043646,0.75520908062228,0.5022775584573337,0.8882921589688507
BERTopic_topic_10,50.0,similarity+interactions,"All (Unweighted Clustering, No Square Clustering)",random_forest,4141.7911821920425,34562,34592,0.9971262729920468,0.9368053350269928,0.9852319963244524,0.9032455603184324,0.9729551451187336,0.9972197084191544,0.9369284137496058,0.9850500292414084,0.9022168235651382,0.974417841915382
BERTopic_topic_10,50.0,similarity+interactions,"All (Unweighted Clustering, No Square Clustering)",xgboost,4141.7911821920425,34562,34592,0.9980319331242634,0.9506614785992218,0.9902584724884615,0.9350887936313532,0.9667616334283,0.9982921889318728,0.9537750385208013,0.9907811968296698,0.9398724567263892,0.9680950891460745
BERTopic_topic_10,50.0,similarity+interactions,"All but Betweenness and Harmonic (Unweighted Clustering, No Square Clustering)",logistic_regression,4141.7911821920425,34562,34592,0.8627998276066106,0.5637049455155071,0.6875496864779694,0.4118187385180649,0.8930942895086321,0.8621748586828062,0.5655430711610487,0.6874967584439083,0.4126935924688734,0.8982154659616656
BERTopic_topic_10,50.0,similarity+interactions,"All but Betweenness and Harmonic (Unweighted Clustering, No Square Clustering)",random_forest,4141.7911821920425,34562,34592,0.997109049111062,0.9389567147613762,0.9841739528551152,0.9066135946111452,0.9736928641894114,0.9970498635909922,0.9392369288742346,0.984088792277686,0.9082903127846949,0.972366710013004
BERTopic_topic_10,50.0,similarity+interactions,"All but Betweenness and Harmonic (Unweighted Clustering, No Square Clustering)",xgboost,4141.7911821920425,34562,34592,0.9980829688386388,0.9514050613258812,0.9902580332462994,0.9381506429883648,0.9650393700787402,0.9980180921441206,0.952,0.9900659635803908,0.9395687822654116,0.9647645774867476
BERTopic_topic_10,50.0,similarity+interactions,Core Number Only,logistic_regression,4141.7911821920425,34562,34592,0.7847686270720706,0.4936679714483076,0.560853487024423,0.3282302510716472,0.9953574744661096,0.7779861911415097,0.4906178489702517,0.556313585501055,0.3255390221682356,0.9953574744661096
BERTopic_topic_10,50.0,similarity+interactions,Core Number Only,random_forest,4141.7911821920425,34562,34592,0.9347455096006824,0.8246971736204576,0.8518002759548308,0.7504592774035518,0.9152352501867064,0.936110508513116,0.8235294117647058,0.8538692779550331,0.7482538718493774,0.9156447417316984
BERTopic_topic_10,50.0,similarity+interactions,Core Number Only,xgboost,4141.7911821920425,34562,34592,0.9139488204287968,0.7560975609756098,0.7849531583377053,0.6454378444580526,0.9125541125541126,0.9167458113197486,0.7584,0.7897496847996746,0.6477376252657151,0.9146655231560892
BERTopic_topic_10,100.0,interactions,"All (Unweighted Clustering, No Square Clustering)",logistic_regression,59.37748260516673,34592,34592,0.831048730955789,0.5948221427067986,0.6224440657380259,0.4290920133616763,0.9691358024691358,0.831048730955789,0.5948221427067986,0.6224440657380259,0.4290920133616763,0.9691358024691358
BERTopic_topic_10,100.0,interactions,"All (Unweighted Clustering, No Square Clustering)",random_forest,59.37748260516673,34592,34592,0.9337200532850248,0.7664648688314071,0.8363959494206351,0.6343759489826906,0.9680259499536608,0.9337200532850248,0.7664648688314071,0.8363959494206351,0.6343759489826906,0.9680259499536608
BERTopic_topic_10,100.0,interactions,"All (Unweighted Clustering, No Square Clustering)",xgboost,59.37748260516673,34592,34592,0.9489249517552104,0.8184011026878015,0.8632481869211647,0.7212268448223504,0.9458383114297092,0.9489249517552104,0.8184011026878015,0.8632481869211647,0.7212268448223504,0.9458383114297092
BERTopic_topic_10,100.0,interactions,"All but Betweenness and Harmonic (Unweighted Clustering, No Square Clustering)",logistic_regression,59.37748260516673,34592,34592,0.8254057067610001,0.5850340136054422,0.6144042282533146,0.4178560583054965,0.9751948972360028,0.8254057067610001,0.5850340136054422,0.6144042282533146,0.4178560583054965,0.9751948972360028
BERTopic_topic_10,100.0,interactions,"All but Betweenness and Harmonic (Unweighted Clustering, No Square Clustering)",random_forest,59.37748260516673,34592,34592,0.936578216082964,0.7691181851445298,0.838224244707594,0.6383237169754024,0.9673262770363552,0.936578216082964,0.7691181851445298,0.838224244707594,0.6383237169754024,0.9673262770363552
BERTopic_topic_10,100.0,interactions,"All but Betweenness and Harmonic (Unweighted Clustering, No Square Clustering)",xgboost,59.37748260516673,34592,34592,0.9489155453080425,0.8158708347646857,0.8620784862322911,0.7212268448223504,0.9391063661526295,0.9489155453080425,0.8158708347646857,0.8620784862322911,0.7212268448223504,0.9391063661526295
BERTopic_topic_10,100.0,interactions,Core Number Only,logistic_regression,59.37748260516673,34592,34592,0.7805066241617504,0.5910725618785699,0.5899280215795993,0.424233221986031,0.9741980474198048,0.7805066241617504,0.5910725618785699,0.5899280215795993,0.424233221986031,0.9741980474198048
BERTopic_topic_10,100.0,interactions,Core Number Only,random_forest,59.37748260516673,34592,34592,0.7804558225553835,0.5908994708994709,0.5951874621363065,0.4239295475250531,0.9748603351955308,0.7804558225553835,0.5908994708994709,0.5951874621363065,0.4239295475250531,0.9748603351955308
BERTopic_topic_10,100.0,interactions,Core Number Only,xgboost,59.37748260516673,34592,34592,0.7804561233288361,0.5908994708994709,0.5958120621247136,0.4239295475250531,0.9748603351955308,0.7804561233288361,0.5908994708994709,0.5958120621247136,0.4239295475250531,0.9748603351955308
BERTopic_topic_10,100.0,similarity,"All (Unweighted Clustering, No Square Clustering)",logistic_regression,4146.882759524975,34592,34592,0.9191417144282781,0.5362683438155136,0.7037369648349373,0.38839963559064683,0.8659444820582262,0.9191417144282781,0.5362683438155136,0.7037369648349373,0.38839963559064683,0.8659444820582262
BERTopic_topic_10,100.0,similarity,"All (Unweighted Clustering, No Square Clustering)",random_forest,4146.882759524975,34592,34592,0.9979052002245478,0.9436752674638137,0.9877797952677303,0.9107197084725175,0.9791054521710741,0.9979052002245478,0.9436752674638137,0.9877797952677303,0.9107197084725175,0.9791054521710741
BERTopic_topic_10,100.0,similarity,"All (Unweighted Clustering, No Square Clustering)",xgboost,4146.882759524975,34592,34592,0.9981048167733245,0.9555281037677579,0.9918880823560169,0.9395687822654115,0.9720389569588439,0.9981048167733245,0.9555281037677579,0.9918880823560169,0.9395687822654115,0.9720389569588439
BERTopic_topic_10,100.0,similarity,"All but Betweenness and Harmonic (Unweighted Clustering, No Square Clustering)",logistic_regression,4146.882759524975,34592,34592,0.8776452818973473,0.5849250359416718,0.6836867879533735,0.43243243243243246,0.9035532994923858,0.8776452818973473,0.5849250359416718,0.6836867879533735,0.43243243243243246,0.9035532994923858
BERTopic_topic_10,100.0,similarity,"All but Betweenness and Harmonic (Unweighted Clustering, No Square Clustering)",random_forest,4146.882759524975,34592,34592,0.9974809447162192,0.9446448173122157,0.987474892208983,0.9146674764652293,0.9766536964980544,0.9974809447162192,0.9446448173122157,0.987474892208983,0.9146674764652293,0.9766536964980544
BERTopic_topic_10,100.0,similarity,"All but Betweenness and Harmonic (Unweighted Clustering, No Square Clustering)",xgboost,4146.882759524975,34592,34592,0.9982338437332692,0.9561728395061728,0.991676322339709,0.9407834801093228,0.972074050831503,0.9982338437332692,0.9561728395061728,0.991676322339709,0.9407834801093228,0.972074050831503
BERTopic_topic_10,100.0,similarity,Core Number Only,logistic_regression,4146.882759524975,34592,34592,0.7766820423025831,0.4891030052764396,0.5556982905573655,0.32371697540236866,1.0,0.7766820423025831,0.4891030052764396,0.5556982905573655,0.32371697540236866,1.0
BERTopic_topic_10,100.0,similarity,Core Number Only,random_forest,4146.882759524975,34592,34592,0.9325768813085958,0.8303957432657133,0.854216290865036,0.758275129061646,0.9176773245130466,0.9325768813085958,0.8303957432657133,0.854216290865036,0.758275129061646,0.9176773245130466
BERTopic_topic_10,100.0,similarity,Core Number Only,xgboost,4146.882759524975,34592,34592,0.9142957689897662,0.7577903682719547,0.7861355166436561,0.64986334649256,0.9087048832271762,0.9142957689897662,0.7577903682719547,0.7861355166436561,0.64986334649256,0.9087048832271762
BERTopic_topic_10,100.0,similarity+interactions,"All (Unweighted Clustering, No Square Clustering)",logistic_regression,3982.613817257807,34592,34592,0.9181080725004124,0.5758119147240486,0.7003690470650212,0.4388095961129669,0.8371958285052143,0.9181080725004124,0.5758119147240486,0.7003690470650212,0.4388095961129669,0.8371958285052143
BERTopic_topic_10,100.0,similarity+interactions,"All (Unweighted Clustering, No Square Clustering)",random_forest,3982.613817257807,34592,34592,0.9974499601994252,0.9360565593087196,0.9854612865917972,0.9046462192529608,0.9697265625,0.9974499601994252,0.9360565593087196,0.9854612865917972,0.9046462192529608,0.9697265625
BERTopic_topic_10,100.0,similarity+interactions,"All (Unweighted Clustering, No Square Clustering)",xgboost,3982.613817257807,34592,34592,0.9982311998375978,0.9513247073321012,0.990662903179193,0.9377467354995443,0.96530165676774,0.9982311998375978,0.9513247073321012,0.990662903179193,0.9377467354995443,0.96530165676774
BERTopic_topic_10,100.0,similarity+interactions,"All but Betweenness and Harmonic (Unweighted Clustering, No Square Clustering)",logistic_regression,3982.613817257807,34592,34592,0.8974256188949842,0.6417132934593864,0.7320441981336293,0.5050106286061342,0.8798941798941798,0.8974256188949842,0.6417132934593864,0.7320441981336293,0.5050106286061342,0.8798941798941798
BERTopic_topic_10,100.0,similarity+interactions,"All but Betweenness and Harmonic (Unweighted Clustering, No Square Clustering)",random_forest,3982.613817257807,34592,34592,0.9972831910223744,0.9373629815220796,0.9849760643895854,0.9088976617066504,0.9676689298415776,0.9972831910223744,0.9373629815220796,0.9849760643895854,0.9088976617066504,0.9676689298415776
BERTopic_topic_10,100.0,similarity+interactions,"All but Betweenness and Harmonic (Unweighted Clustering, No Square Clustering)",xgboost,3982.613817257807,34592,34592,0.9982739727332564,0.951617873651772,0.990386335176704,0.9377467354995443,0.9659055364404128,0.9982739727332564,0.951617873651772,0.990386335176704,0.9377467354995443,0.9659055364404128
BERTopic_topic_10,100.0,similarity+interactions,Core Number Only,logistic_regression,3982.613817257807,34592,34592,0.7782229871699651,0.4906178489702517,0.5567592641663708,0.3255390221682356,0.9953574744661096,0.7782229871699651,0.4906178489702517,0.5567592641663708,0.3255390221682356,0.9953574744661096
BERTopic_topic_10,100.0,similarity+interactions,Core Number Only,random_forest,3982.613817257807,34592,34592,0.9344267205117124,0.8229792919171677,0.8506583783771954,0.7482538718493774,0.9142857142857144,0.9344267205117124,0.8229792919171677,0.8506583783771954,0.7482538718493774,0.9142857142857144
BERTopic_topic_10,100.0,similarity+interactions,Core Number Only,xgboost,3982.613817257807,34592,34592,0.9134756956179256,0.7528409090909091,0.782444515103369,0.6437898572730033,0.9063702436938864,0.9134756956179256,0.7528409090909091,0.782444515103369,0.6437898572730033,0.9063702436938864
BERTopic_topic_128,1.0,interactions,"All (Unweighted Clustering, No Square Clustering)",logistic_regression,45.58862688788213,15935,34592,0.9198523690489137,0.768796992481203,0.8015552029581374,0.6370716510903427,0.9691943127962084,0.7698831263250344,0.5348888399735857,0.5193880232045551,0.3689644700880656,0.972
BERTopic_topic_128,1.0,interactions,"All (Unweighted Clustering, No Square Clustering)",random_forest,45.58862688788213,15935,34592,0.9675146899704808,0.8550766560601678,0.9154085855469588,0.7673935617860852,0.9653821032005224,0.8280184481240552,0.6127624194554147,0.6077239992878731,0.447616155481324,0.9710144927536232
BERTopic_topic_128,1.0,interactions,"All (Unweighted Clustering, No Square Clustering)",xgboost,45.58862688788213,15935,34592,0.975390783124363,0.8687377553876294,0.9269636422222062,0.8058151609553479,0.9423193685488768,0.8338069399437982,0.6272357723577235,0.6092815859992018,0.4685696932887944,0.9483712354025814
BERTopic_topic_128,1.0,interactions,"All but Betweenness and Harmonic (Unweighted Clustering, No Square Clustering)",logistic_regression,45.58862688788213,15935,34592,0.9180236603571934,0.7649478013286934,0.7970396400256892,0.6277258566978193,0.9789473684210528,0.7701302068650919,0.5331272084805654,0.51701547482388,0.3665350744002429,0.977327935222672
BERTopic_topic_128,1.0,interactions,"All but Betweenness and Harmonic (Unweighted Clustering, No Square Clustering)",random_forest,45.58862688788213,15935,34592,0.9657462266320858,0.8552441490898585,0.913607028682135,0.7684319833852544,0.9641693811074918,0.8278457799063871,0.610521938032855,0.6066418215554064,0.445794108715457,0.9683377308707124
BERTopic_topic_128,1.0,interactions,"All but Betweenness and Harmonic (Unweighted Clustering, No Square Clustering)",xgboost,45.58862688788213,15935,34592,0.9749318547407628,0.8677455357142857,0.9266465210113224,0.8073727933541017,0.9378769601930036,0.832638828026734,0.6274589332792537,0.6083582835789627,0.4697843911327057,0.9444444444444444
BERTopic_topic_128,1.0,interactions,Core Number Only,logistic_regression,45.58862688788213,15935,34592,0.8630598657575641,0.7385705086928526,0.7558544117602042,0.5955347871235722,0.9720338983050848,0.6995689683568572,0.5134408602150538,0.4890179447043984,0.3480109322805952,0.9786507258753202
BERTopic_topic_128,1.0,interactions,Core Number Only,random_forest,45.58862688788213,15935,34592,0.8601360295973505,0.745186136071887,0.7619348288599118,0.602803738317757,0.9756302521008404,0.708228997690807,0.5179567254070935,0.49236671568031,0.3525660491952627,0.9756302521008404
BERTopic_topic_128,1.0,interactions,Core Number Only,xgboost,45.58862688788213,15935,34592,0.8599835167527299,0.745186136071887,0.7623321303837945,0.602803738317757,0.9756302521008404,0.707821245912889,0.5179567254070935,0.4928258500129898,0.3525660491952627,0.9756302521008404
BERTopic_topic_128,1.0,similarity,"All (Unweighted Clustering, No Square Clustering)",logistic_regression,1661.4594266749918,15935,34592,0.9418837111612052,0.7028791926387652,0.8268444913061945,0.6147455867082036,0.8205128205128205,0.8150233225071385,0.5257533661038684,0.5625825854124762,0.3735195870027331,0.8874458874458875
BERTopic_topic_128,1.0,similarity,"All (Unweighted Clustering, No Square Clustering)",random_forest,1661.4594266749918,15935,34592,0.997142246562012,0.9504736129905278,0.9905927189313186,0.9117341640706128,0.9926512153759186,0.871546066845231,0.6939178515007899,0.6701327138016112,0.5335560279380505,0.9920948616600792
BERTopic_topic_128,1.0,similarity,"All (Unweighted Clustering, No Square Clustering)",xgboost,1661.4594266749918,15935,34592,0.9984138293532856,0.9752761704366124,0.9951125969135506,0.9626168224299064,0.988272921108742,0.8742775166983356,0.7198300830276115,0.6700218184623525,0.5660491952626784,0.9883351007423118
BERTopic_topic_128,1.0,similarity,"All but Betweenness and Harmonic (Unweighted Clustering, No Square Clustering)",logistic_regression,1661.4594266749918,15935,34592,0.9406669811062712,0.7847283406754773,0.8514640032943783,0.6936656282450675,0.903313049357674,0.7996482687329687,0.556390977443609,0.5604085796306574,0.4044943820224719,0.8909698996655518
BERTopic_topic_128,1.0,similarity,"All but Betweenness and Harmonic (Unweighted Clustering, No Square Clustering)",random_forest,1661.4594266749918,15935,34592,0.9978318714708472,0.9540198978219953,0.9911170465941976,0.921079958463136,0.9894032348020078,0.8708472488354173,0.698187549251379,0.6692044822037495,0.5381111448527179,0.9938306225462704
BERTopic_topic_128,1.0,similarity,"All but Betweenness and Harmonic (Unweighted Clustering, No Square Clustering)",xgboost,1661.4594266749918,15935,34592,0.998384327476173,0.9736842105263158,0.9944325528295714,0.960539979231568,0.9871931696905016,0.8738166056382779,0.718931475029036,0.6693718592091359,0.5639234740358335,0.99145755472504
BERTopic_topic_128,1.0,similarity,Core Number Only,logistic_regression,1661.4594266749918,15935,34592,0.8688917493849637,0.6237942122186495,0.6978166213814817,0.4532710280373832,1.0,0.6606710001523564,0.4149217809867629,0.4497975725753571,0.2617673853628909,1.0
BERTopic_topic_128,1.0,similarity,Core Number Only,random_forest,1661.4594266749918,15935,34592,0.945353832393906,0.8838383838383839,0.9012039387625342,0.8177570093457944,0.9615384615384616,0.8179938775526243,0.6387031408308004,0.5936283326401526,0.4785909505010629,0.9598051157125456
BERTopic_topic_128,1.0,similarity,Core Number Only,xgboost,1661.4594266749918,15935,34592,0.9424598316747422,0.8540884137532505,0.8866669343042258,0.7673935617860852,0.9628664495114008,0.8081964103425823,0.6047569803516029,0.5793880596579594,0.44397206194959,0.948119325551232
BERTopic_topic_128,1.0,similarity+interactions,"All (Unweighted Clustering, No Square Clustering)",logistic_regression,1884.9637121744447,15935,34592,0.9423669711808912,0.7266843189173287,0.8276374809030899,0.6412253374870197,0.8384249830278343,0.8124168973865862,0.5197424892703862,0.5586370383373921,0.3677497722441543,0.8858814923189466
BERTopic_topic_128,1.0,similarity+interactions,"All (Unweighted Clustering, No Square Clustering)",random_forest,1884.9637121744447,15935,34592,0.9980581946022388,0.9506702412868632,0.9907424834069508,0.9205607476635514,0.9828159645232816,0.8713598395662762,0.6977384464110128,0.6697409801863142,0.5387184937746735,0.9899553571428572
BERTopic_topic_128,1.0,similarity+interactions,"All (Unweighted Clustering, No Square Clustering)",xgboost,1884.9637121744447,15935,34592,0.997910963186624,0.969283276450512,0.99210672114909,0.9584631360332296,0.9803505045140732,0.8738384747789865,0.7171268584668855,0.6687575227021604,0.5639234740358335,0.9846235418875928
BERTopic_topic_128,1.0,similarity+interactions,"All but Betweenness and Harmonic (Unweighted Clustering, No Square Clustering)",logistic_regression,1884.9637121744447,15935,34592,0.938107915642718,0.7859046490968316,0.849150033282257,0.6889927310488058,0.9145416953824947,0.7966135616207719,0.5472382171038601,0.5602008382995873,0.3896143334345581,0.919054441260745
BERTopic_topic_128,1.0,similarity+interactions,"All but Betweenness and Harmonic (Unweighted Clustering, No Square Clustering)",random_forest,1884.9637121744447,15935,34592,0.9974022967137208,0.957356076759062,0.9893893939118223,0.932502596053998,0.9835706462212488,0.8720772667206681,0.7023856081345327,0.6693080288719586,0.5453993319161858,0.9862712795167492
BERTopic_topic_128,1.0,similarity+interactions,"All but Betweenness and Harmonic (Unweighted Clustering, No Square Clustering)",xgboost,1884.9637121744447,15935,34592,0.9981662507865624,0.9700472937467156,0.9927379017079456,0.9584631360332296,0.9819148936170212,0.8735905258768645,0.7142028985507246,0.6681152875250559,0.5611904038870331,0.9819341126461212
BERTopic_topic_128,1.0,similarity+interactions,Core Number Only,logistic_regression,1884.9637121744447,15935,34592,0.8705142229068437,0.6253561253561254,0.6998478555394267,0.4558670820353063,0.9954648526077098,0.6610821138012839,0.4161460836136473,0.4510418561631896,0.2629820832068023,0.996547756041427
BERTopic_topic_128,1.0,similarity+interactions,Core Number Only,random_forest,1884.9637121744447,15935,34592,0.9460487757944066,0.8832402234636871,0.9052517033356372,0.8208722741433022,0.9558645707376058,0.8200499600228421,0.6406943883730319,0.5927612383620378,0.481931369571819,0.9554485249849488
BERTopic_topic_128,1.0,similarity+interactions,Core Number Only,xgboost,1884.9637121744447,15935,34592,0.9428254733439052,0.8525530694205393,0.8841038691077588,0.7715472481827622,0.9525641025641024,0.8110104710202498,0.6096959737058341,0.5825346721174934,0.4506529000911023,0.9422222222222222
BERTopic_topic_128,5.0,interactions,"All (Unweighted Clustering, No Square Clustering)",logistic_regression,65.15012300107628,28908,34592,0.8722659986685851,0.652399189006533,0.6858137927213946,0.4915139171758316,0.9698593436034828,0.8376728635991326,0.5949473684210527,0.6213524817770045,0.4290920133616763,0.9698009608785176
BERTopic_topic_128,5.0,interactions,"All (Unweighted Clustering, No Square Clustering)",random_forest,65.15012300107628,28908,34592,0.9506035258173822,0.7984941549435308,0.8632064835641203,0.6839782756279701,0.9590671108995716,0.923379200023534,0.745919881305638,0.7960067319330746,0.6106893410264197,0.9580752739399714
BERTopic_topic_128,5.0,interactions,"All (Unweighted Clustering, No Square Clustering)",xgboost,65.15012300107628,28908,34592,0.960744103881944,0.8147722923842327,0.874901641115954,0.7226748133061779,0.9337719298245614,0.93506775606035,0.7650116508334827,0.8086405903580487,0.648041299726693,0.9335083114610674
BERTopic_topic_128,5.0,interactions,"All but Betweenness and Harmonic (Unweighted Clustering, No Square Clustering)",logistic_regression,65.15012300107628,28908,34592,0.8707752695947646,0.6527934856367338,0.6842749794949943,0.4898167006109979,0.9783050847457628,0.8368664996753055,0.6012192558335085,0.6227202790202999,0.4342544791982994,0.976775956284153
BERTopic_topic_128,5.0,interactions,"All but Betweenness and Harmonic (Unweighted Clustering, No Square Clustering)",random_forest,65.15012300107628,28908,34592,0.9492020964056664,0.7958094485076102,0.8609737341226579,0.6832993890020367,0.9526739233317558,0.9256030558660396,0.7449962935507783,0.7963847835544251,0.6103856665654418,0.955777460770328
BERTopic_topic_128,5.0,interactions,"All but Betweenness and Harmonic (Unweighted Clustering, No Square Clustering)",xgboost,65.15012300107628,28908,34592,0.9608826229551748,0.8131699846860643,0.8746513510979637,0.7209775967413442,0.932396839332748,0.9339197862622346,0.7635971997845988,0.8074233794047274,0.6459155784998482,0.9337137840210712
BERTopic_topic_128,5.0,interactions,Core Number Only,logistic_regression,65.15012300107628,28908,34592,0.8104685013288784,0.6350861287398005,0.6434388587636077,0.4755600814663951,0.955661664392906,0.7775761301996659,0.5897760878749472,0.587517291757784,0.4239295475250531,0.9687716863289384
BERTopic_topic_128,5.0,interactions,Core Number Only,random_forest,65.15012300107628,28908,34592,0.8105308280476563,0.635822262940907,0.6495370836760179,0.4711473183978276,0.9774647887323944,0.7737612167516416,0.5887096774193549,0.5920014420637715,0.4211964773762526,0.977448907681466
BERTopic_topic_128,5.0,interactions,Core Number Only,xgboost,65.15012300107628,28908,34592,0.8105616645415178,0.6355097365406643,0.6510854610532328,0.4708078750848608,0.977448907681466,0.7737522760182063,0.5885847655421176,0.5932552067696958,0.4211964773762526,0.9767605633802816
BERTopic_topic_128,5.0,similarity,"All (Unweighted Clustering, No Square Clustering)",logistic_regression,3305.684494677931,28908,34592,0.9096192367004824,0.62426614481409,0.6991464341540359,0.5414120841819416,0.7370609981515711,0.929620365591684,0.6431784107946027,0.7488753142841575,0.5211053750379593,0.8399412628487518
BERTopic_topic_128,5.0,similarity,"All (Unweighted Clustering, No Square Clustering)",random_forest,3305.684494677931,28908,34592,0.997743902218988,0.9544735454385656,0.9904184050762612,0.9215885947046843,0.989792198323004,0.9838125328746598,0.901525198938992,0.9302702267748024,0.8256908593987246,0.9926980649872216
BERTopic_topic_128,5.0,similarity,"All (Unweighted Clustering, No Square Clustering)",xgboost,3305.684494677931,28908,34592,0.997900804209484,0.9657073927278994,0.9930367598982948,0.9511201629327902,0.9807490374518726,0.98568527452083,0.910218739797584,0.9338047020212942,0.846644397206195,0.984115778326862
BERTopic_topic_128,5.0,similarity,"All but Betweenness and Harmonic (Unweighted Clustering, No Square Clustering)",logistic_regression,3305.684494677931,28908,34592,0.913141291206695,0.6502279320348114,0.7555397433746867,0.5325865580448065,0.8345744680851064,0.8883329609078824,0.5984863186493304,0.6955627362059523,0.4682660188278166,0.8290322580645161
BERTopic_topic_128,5.0,similarity,"All but Betweenness and Harmonic (Unweighted Clustering, No Square Clustering)",random_forest,3305.684494677931,28908,34592,0.9975235425549892,0.956993006993007,0.9898923948172558,0.9290563475899524,0.9866618601297764,0.9837013825304006,0.9014876033057851,0.9306145265743668,0.8281202550865472,0.9891186071817192
BERTopic_topic_128,5.0,similarity,"All but Betweenness and Harmonic (Unweighted Clustering, No Square Clustering)",xgboost,3305.684494677931,28908,34592,0.99776034355502,0.9644582470669428,0.992812976226498,0.948744059742023,0.980701754385965,0.98562729316108,0.9124918672739102,0.9337046327680768,0.851806863042818,0.9824868651488616
BERTopic_topic_128,5.0,similarity,Core Number Only,logistic_regression,3305.684494677931,28908,34592,0.8283398609686632,0.5365126676602087,0.6131029055273508,0.3665987780040733,1.0,0.7736674239463036,0.4918708495534692,0.5586037386468432,0.3261463710901913,1.0
BERTopic_topic_128,5.0,similarity,Core Number Only,random_forest,3305.684494677931,28908,34592,0.9339521590723254,0.8445881681567434,0.8657087032012147,0.7535641547861507,0.9606231068801384,0.911594983475264,0.7891737891737892,0.7903652358391856,0.6729426055268752,0.9539388721480844
BERTopic_topic_128,5.0,similarity,Core Number Only,xgboost,3305.684494677931,28908,34592,0.9243306696146276,0.7876726035621373,0.8350260961562602,0.6680244399185336,0.9595319356411508,0.9001744699476724,0.7327473349541799,0.7579826047393211,0.5948982690555724,0.9537487828627068
BERTopic_topic_128,5.0,similarity+interactions,"All (Unweighted Clustering, No Square Clustering)",logistic_regression,3782.933664785698,28908,34592,0.9252580524891648,0.6203834510595359,0.7397607619383143,0.521724372029871,0.7650572424091587,0.9165714451874292,0.5517103420684136,0.7135053584892269,0.41876708168843,0.8083235638921453
BERTopic_topic_128,5.0,similarity+interactions,"All (Unweighted Clustering, No Square Clustering)",random_forest,3782.933664785698,28908,34592,0.9978609266151328,0.9525477149360884,0.9896287692878812,0.923285811269518,0.9837251356238698,0.9830816873433376,0.898876404494382,0.9282994123451934,0.8259945338597025,0.9858644436389996
BERTopic_topic_128,5.0,similarity+interactions,"All (Unweighted Clustering, No Square Clustering)",xgboost,3782.933664785698,28908,34592,0.9979557437673412,0.9656002751977985,0.9927898204067522,0.952817379497624,0.9787308228730824,0.9858501371822868,0.9104792851340374,0.9343045860285224,0.8508958396598846,0.979035639412998
BERTopic_topic_128,5.0,similarity+interactions,"All but Betweenness and Harmonic (Unweighted Clustering, No Square Clustering)",logistic_regression,3782.933664785698,28908,34592,0.8989202088822387,0.6639796351294018,0.7449921670609461,0.5312287847929396,0.8851809954751131,0.8685296486994211,0.5768292682926829,0.6730119979989391,0.4309140601275433,0.8721573448063922
BERTopic_topic_128,5.0,similarity+interactions,"All but Betweenness and Harmonic (Unweighted Clustering, No Square Clustering)",random_forest,3782.933664785698,28908,34592,0.9969047861114888,0.9562793938338268,0.9883938445732222,0.9317718940936864,0.9821109123434704,0.9834371384988108,0.902832674571805,0.9294299847581974,0.8323716975402369,0.9863260165527168
BERTopic_topic_128,5.0,similarity+interactions,"All but Betweenness and Harmonic (Unweighted Clustering, No Square Clustering)",xgboost,3782.933664785698,28908,34592,0.9980403888643344,0.9664660361134996,0.992839457804463,0.953835709436524,0.9794353433252004,0.9859690494220944,0.9118314424635332,0.9346558396902036,0.8542362587306408,0.9777546054918318
BERTopic_topic_128,5.0,similarity+interactions,Core Number Only,logistic_regression,3782.933664785698,28908,34592,0.8298597202982916,0.5372986369268897,0.6145715583324789,0.3679565512559402,0.995408631772268,0.7749677209445641,0.4926873857404022,0.560058201312395,0.3273610689341026,0.9953831948291784
BERTopic_topic_128,5.0,similarity+interactions,Core Number Only,random_forest,3782.933664785698,28908,34592,0.942618612831862,0.849756463094792,0.8715376272385672,0.769857433808554,0.9481605351170568,0.9173343958592152,0.7962669484064095,0.792658849441642,0.6866079562708777,0.9476110645431683
BERTopic_topic_128,5.0,similarity+interactions,Core Number Only,xgboost,3782.933664785698,28908,34592,0.9295299561273244,0.7919223916056226,0.8395378439358397,0.6788866259334692,0.9501187648456056,0.9029070404244468,0.7360387192851824,0.7600194475845131,0.6003644093531734,0.950937950937951
BERTopic_topic_128,10.0,interactions,"All (Unweighted Clustering, No Square Clustering)",logistic_regression,56.26581855281256,32671,34592,0.8570593334702212,0.6276642018268812,0.6523434300709514,0.4636889460154241,0.9710632570659488,0.8466715880965394,0.5950273914875684,0.6252194755270403,0.4287883389006984,0.9717825189263593
BERTopic_topic_128,10.0,interactions,"All (Unweighted Clustering, No Square Clustering)",random_forest,56.26581855281256,32671,34592,0.942154469328086,0.7745398773006135,0.8398148227157639,0.6491002570694088,0.9600760456273764,0.9354278546507826,0.7483345669874167,0.8133485737558851,0.6140297600971758,0.9578398863098058
BERTopic_topic_128,10.0,interactions,"All (Unweighted Clustering, No Square Clustering)",xgboost,56.26581855281256,32671,34592,0.9560827693225808,0.8010232048236798,0.8597866279626636,0.7043701799485861,0.9284201609487506,0.9484323770124984,0.7748132337246532,0.8329239682449847,0.6614029760097175,0.935165306998712
BERTopic_topic_128,10.0,interactions,"All but Betweenness and Harmonic (Unweighted Clustering, No Square Clustering)",logistic_regression,56.26581855281256,32671,34592,0.8567660548364296,0.6281855804835548,0.6523910345209144,0.4633676092544987,0.9749830966869506,0.8455559805516781,0.6044854328233075,0.6250318143783987,0.4378985727300334,0.9756427604871448
BERTopic_topic_128,10.0,interactions,"All but Betweenness and Harmonic (Unweighted Clustering, No Square Clustering)",random_forest,56.26581855281256,32671,34592,0.9431411185297915,0.7710289327457367,0.8396814229252492,0.6465295629820051,0.9549121974371144,0.9345903849305436,0.7433135215453195,0.8098490296992755,0.6076525964166414,0.9569583931133429
BERTopic_topic_128,10.0,interactions,"All but Betweenness and Harmonic (Unweighted Clustering, No Square Clustering)",xgboost,56.26581855281256,32671,34592,0.9554065478036996,0.7968463513017968,0.858578546455224,0.6982647814910026,0.9278394534585824,0.948594071850334,0.7741017431519033,0.833223545517914,0.660795627087762,0.9343065693430656
BERTopic_topic_128,10.0,interactions,Core Number Only,logistic_regression,56.26581855281256,32671,34592,0.8002066321802824,0.6133861734918538,0.6151151777374597,0.4476221079691517,0.974125874125874,0.7809353573135739,0.589879313995342,0.5882475102075713,0.4230185241421196,0.974125874125874
BERTopic_topic_128,10.0,interactions,Core Number Only,random_forest,56.26581855281256,32671,34592,0.7990139932761378,0.613215859030837,0.6202714449619596,0.4473007712082262,0.9747899159663864,0.7786223366959514,0.5895806861499364,0.5928605252291084,0.4227148496811418,0.9741077676696992
BERTopic_topic_128,10.0,interactions,Core Number Only,xgboost,56.26581855281256,32671,34592,0.7990141889546687,0.613215859030837,0.6207800962076491,0.4473007712082262,0.9747899159663864,0.7784588323662157,0.5895806861499364,0.593738239057124,0.4227148496811418,0.9741077676696992
BERTopic_topic_128,10.0,similarity,"All (Unweighted Clustering, No Square Clustering)",logistic_regression,3668.685220707208,32671,34592,0.923637703461101,0.5863766926549036,0.730213946401366,0.4591902313624679,0.8110102156640182,0.9118488265668184,0.6012583562721195,0.7110776655793318,0.4643182508351047,0.852760736196319
BERTopic_topic_128,10.0,similarity,"All (Unweighted Clustering, No Square Clustering)",random_forest,3668.685220707208,32671,34592,0.9980536671852585,0.9402510460251046,0.9885125280398984,0.9026349614395888,0.9811386657352428,0.9945875914243356,0.914490861618799,0.9670365682496724,0.8508958396598846,0.9883597883597884
BERTopic_topic_128,10.0,similarity,"All (Unweighted Clustering, No Square Clustering)",xgboost,3668.685220707208,32671,34592,0.9981167680759784,0.9632892804698971,0.9931149775623644,0.948586118251928,0.978455419290686,0.9952382371698996,0.9335875436924056,0.9730517107979434,0.8921955663528697,0.979006997667444
BERTopic_topic_128,10.0,similarity,"All but Betweenness and Harmonic (Unweighted Clustering, No Square Clustering)",logistic_regression,3668.685220707208,32671,34592,0.8900379820725417,0.6429593296546087,0.7259214029010455,0.5054627249357326,0.8832116788321168,0.8768089910149947,0.578672032193159,0.6955353099212302,0.4366838748861221,0.8574836016696482
BERTopic_topic_128,10.0,similarity,"All but Betweenness and Harmonic (Unweighted Clustering, No Square Clustering)",random_forest,3668.685220707208,32671,34592,0.9980737948963736,0.947946116747048,0.9889441323568016,0.9158097686375322,0.9824198552223372,0.9939726843565893,0.9205373037708368,0.9669773045303968,0.8636501670209535,0.9854469854469856
BERTopic_topic_128,10.0,similarity,"All but Betweenness and Harmonic (Unweighted Clustering, No Square Clustering)",xgboost,3668.685220707208,32671,34592,0.997865734262815,0.9621656881930856,0.9925559639832928,0.9479434447300772,0.97682119205298,0.995152351795652,0.9342439644218552,0.9719055393888246,0.8931065897358033,0.9793539793539794
BERTopic_topic_128,10.0,similarity,Core Number Only,logistic_regression,3668.685220707208,32671,34592,0.8094513719717551,0.514912908613696,0.5853742427349466,0.3467223650385604,1.0,0.7756203217175692,0.4915254237288136,0.5583842588195311,0.3258426966292135,1.0
BERTopic_topic_128,10.0,similarity,Core Number Only,random_forest,3668.685220707208,32671,34592,0.9375882673240074,0.8318487547718597,0.8623227275310017,0.7352185089974294,0.95772289660946,0.9312133103080584,0.8054823405376911,0.8285110484949598,0.6960218645611904,0.9557964970809008
BERTopic_topic_128,10.0,similarity,Core Number Only,xgboost,3668.685220707208,32671,34592,0.9191827447018732,0.7604084838963079,0.8034054884590919,0.622107969151671,0.9777777777777776,0.9102218750455708,0.7426746806912096,0.7700249781728022,0.6003644093531734,0.9734121122599704
BERTopic_topic_128,10.0,similarity+interactions,"All (Unweighted Clustering, No Square Clustering)",logistic_regression,4032.031826039776,32671,34592,0.9599588457610508,0.7549090909090909,0.8382219414426983,0.6670951156812339,0.8693467336683417,0.9578389988233644,0.7533818938605619,0.8263500385604761,0.6595809292438506,0.8782854832187627
BERTopic_topic_128,10.0,similarity+interactions,"All (Unweighted Clustering, No Square Clustering)",random_forest,4032.031826039776,32671,34592,0.9975078708427768,0.946496604273646,0.9879807972908784,0.9180591259640104,0.9767521367521368,0.994262877375236,0.9203996132774734,0.967629549216955,0.8672942605526875,0.98043254376931
BERTopic_topic_128,10.0,similarity+interactions,"All (Unweighted Clustering, No Square Clustering)",xgboost,4032.031826039776,32671,34592,0.9982467312336244,0.9588149112811328,0.9915352770488264,0.9463367609254498,0.9716265258990432,0.9950877534199468,0.9308215925280988,0.9712118381891448,0.8928029152748254,0.9722222222222222
BERTopic_topic_128,10.0,similarity+interactions,"All but Betweenness and Harmonic (Unweighted Clustering, No Square Clustering)",logistic_regression,4032.031826039776,32671,34592,0.9642429662917203,0.7825628405695201,0.8599939162605114,0.7152956298200515,0.8637951105937136,0.9533250490622142,0.7553721849750731,0.8232034361761642,0.6671727907682964,0.8704437400950872
BERTopic_topic_128,10.0,similarity+interactions,"All but Betweenness and Harmonic (Unweighted Clustering, No Square Clustering)",random_forest,4032.031826039776,32671,34592,0.9970772693643692,0.950354609929078,0.9876963499043008,0.925771208226221,0.976279227380549,0.9938747728954256,0.9222365038560412,0.9671313710413484,0.8715457030063771,0.9791879904469464
BERTopic_topic_128,10.0,similarity+interactions,"All but Betweenness and Harmonic (Unweighted Clustering, No Square Clustering)",xgboost,4032.031826039776,32671,34592,0.9980787357792802,0.9597533268419344,0.9914341081711824,0.9501928020565552,0.9695081967213116,0.995106711849825,0.9313291139240506,0.970991430111626,0.8937139386577588,0.9722497522299306
BERTopic_topic_128,10.0,similarity+interactions,Core Number Only,logistic_regression,4032.031826039776,32671,34592,0.8109729845350473,0.5153608001905216,0.5867906078117432,0.3476863753213368,0.9954001839926404,0.7770334427188166,0.4923428571428571,0.5598258782975478,0.3270573944731248,0.9953789279112756
BERTopic_topic_128,10.0,similarity+interactions,Core Number Only,random_forest,4032.031826039776,32671,34592,0.938515473736419,0.8276363636363636,0.8579239013392722,0.7313624678663239,0.9530988274706867,0.9317582923992792,0.803232607167955,0.8249060203612485,0.6941998177953234,0.952897040433514
BERTopic_topic_128,10.0,similarity+interactions,Core Number Only,xgboost,4032.031826039776,32671,34592,0.9214055767163768,0.76640625,0.8072043851599614,0.6304627249357326,0.9770916334661356,0.9129620133705054,0.746486790331647,0.7741101146665756,0.6049195262678408,0.974559686888454
BERTopic_topic_128,20.0,interactions,"All (Unweighted Clustering, No Square Clustering)",logistic_regression,65.91317176097073,34295,34592,0.8517370374541695,0.6265211917750735,0.6515719172862766,0.4620860414732281,0.9726384364820848,0.8519837517911909,0.6178423236514523,0.6494820238304931,0.4521712723959915,0.9751146037982972
BERTopic_topic_128,20.0,interactions,"All (Unweighted Clustering, No Square Clustering)",random_forest,65.91317176097073,34295,34592,0.940960029564865,0.7752478883584282,0.8326002341701216,0.6533580934695141,0.9530474040632054,0.9408512317550944,0.7612130016342836,0.8266388502285643,0.6365016702095354,0.9467028003613368
BERTopic_topic_128,20.0,interactions,"All (Unweighted Clustering, No Square Clustering)",xgboost,65.91317176097073,34295,34592,0.95333790073516,0.7883107626514612,0.849198584792944,0.6846177653977097,0.9290214195716086,0.9513493555739584,0.7729758334803316,0.8401332279673273,0.6653507440024294,0.9221380471380471
BERTopic_topic_128,20.0,interactions,"All but Betweenness and Harmonic (Unweighted Clustering, No Square Clustering)",logistic_regression,65.91317176097073,34295,34592,0.8468204299499131,0.6185654008438819,0.642176788382499,0.4537294955122253,0.9715043074884028,0.8498716623934035,0.6076214405360134,0.6435037853947787,0.4406316428788339,0.978422117329737
BERTopic_topic_128,20.0,interactions,"All but Betweenness and Harmonic (Unweighted Clustering, No Square Clustering)",random_forest,65.91317176097073,34295,34592,0.9414596520333656,0.7683803206191266,0.8300928199101528,0.6453110492107706,0.9494535519125684,0.936081090928986,0.756066411238825,0.822656329034483,0.6292134831460674,0.946983546617916
BERTopic_topic_128,20.0,interactions,"All but Betweenness and Harmonic (Unweighted Clustering, No Square Clustering)",xgboost,65.91317176097073,34295,34592,0.9516509251614044,0.7846071619454837,0.8448940825193064,0.6815227483751161,0.924433249370277,0.9506969439971572,0.7707488986784141,0.8392933266095851,0.6641360461585181,0.9181360201511336
BERTopic_topic_128,20.0,interactions,Core Number Only,logistic_regression,65.91317176097073,34295,34592,0.7896335939827067,0.5923703386198028,0.5978982885315498,0.4277313525224389,0.9630662020905923,0.7825839742257719,0.5910725618785699,0.5906091337856207,0.424233221986031,0.9741980474198048
BERTopic_topic_128,20.0,interactions,Core Number Only,random_forest,65.91317176097073,34295,34592,0.7877298257377088,0.5987561655586532,0.6044201471289119,0.4320643763540699,0.9748603351955308,0.779743033133582,0.5908994708994709,0.5946848604394148,0.4239295475250531,0.9748603351955308
BERTopic_topic_128,20.0,interactions,Core Number Only,xgboost,65.91317176097073,34295,34592,0.7877135256866884,0.5987561655586532,0.605073916932741,0.4320643763540699,0.9748603351955308,0.7794785028820936,0.5908994708994709,0.5951246626737008,0.4239295475250531,0.9748603351955308
BERTopic_topic_128,20.0,similarity,"All (Unweighted Clustering, No Square Clustering)",logistic_regression,3850.746722066775,34295,34592,0.9027546229375754,0.6610137554173733,0.7083084822535796,0.5428659857629217,0.8448940269749519,0.9017258691181216,0.6544980443285529,0.7049895550223753,0.5335560279380505,0.8463391136801541
BERTopic_topic_128,20.0,similarity,"All (Unweighted Clustering, No Square Clustering)",random_forest,3850.746722066775,34295,34592,0.9975607212768592,0.9411386297844966,0.9878998907544568,0.9056019808108944,0.979578172079009,0.9969172079448784,0.9311663479923518,0.9836674375091962,0.8873367749772244,0.9795507877975193
BERTopic_topic_128,20.0,similarity,"All (Unweighted Clustering, No Square Clustering)",xgboost,3850.746722066775,34295,34592,0.9981968218009076,0.9580122660795722,0.99213994610614,0.942742185082018,0.9737851662404092,0.9980669581277852,0.9501557632398754,0.9896017107400332,0.9262071059823868,0.9753757595139112
BERTopic_topic_128,20.0,similarity,"All but Betweenness and Harmonic (Unweighted Clustering, No Square Clustering)",logistic_regression,3850.746722066775,34295,34592,0.8988467155955142,0.7076056338028169,0.7593301579801767,0.5831012070566388,0.8997134670487106,0.8916788909244783,0.6461086637298091,0.7326346654407224,0.5344670513209839,0.8167053364269141
BERTopic_topic_128,20.0,similarity,"All but Betweenness and Harmonic (Unweighted Clustering, No Square Clustering)",random_forest,3850.746722066775,34295,34592,0.9978264539545876,0.9453149984010234,0.9879286091447708,0.9148870318786754,0.977836586172676,0.9967567792662538,0.9346031746031748,0.9838240470619104,0.8940176131187367,0.9790488859328236
BERTopic_topic_128,20.0,similarity,"All but Betweenness and Harmonic (Unweighted Clustering, No Square Clustering)",xgboost,3850.746722066775,34295,34592,0.9983564248065891,0.9598494353826852,0.9919614842212188,0.947075208913649,0.972972972972973,0.997829982605495,0.9502487562189056,0.9891029279470576,0.928029152748254,0.9735584581076776
BERTopic_topic_128,20.0,similarity,Core Number Only,logistic_regression,3850.746722066775,34295,34592,0.7902423650202339,0.4972093023255814,0.5651016822924894,0.3308573197152584,1.0,0.7769717162444647,0.4894495412844036,0.556309862648482,0.3240206498633465,1.0
BERTopic_topic_128,20.0,similarity,Core Number Only,random_forest,3850.746722066775,34295,34592,0.9302986105581448,0.8238153098420413,0.8525568034646077,0.734447539461467,0.9379446640316206,0.93162047994381,0.8105726872246696,0.8457716101879171,0.698451260249013,0.9655751469353484
BERTopic_topic_128,20.0,similarity,Core Number Only,xgboost,3850.746722066775,34295,34592,0.9152103328295064,0.7537982793336995,0.7917701658928755,0.6372640049520273,0.9224910394265232,0.9131527619536176,0.7390404515522108,0.7801095962918352,0.5964166413604616,0.9713155291790306
BERTopic_topic_128,20.0,similarity+interactions,"All (Unweighted Clustering, No Square Clustering)",logistic_regression,4191.275060094893,34295,34592,0.9184357602236192,0.6013071895424836,0.7277536167727696,0.4698235840297121,0.834983498349835,0.9086832733004075,0.5522745411013568,0.687932228546456,0.4202854539933192,0.8051192553810355
BERTopic_topic_128,20.0,similarity+interactions,"All (Unweighted Clustering, No Square Clustering)",random_forest,4191.275060094893,34295,34592,0.9972448480082016,0.9354422207876048,0.9864690004934812,0.8969359331476323,0.9774030354131534,0.9969410175594744,0.9276473406804024,0.982265736095198,0.8818706346796235,0.9784366576819408
BERTopic_topic_128,20.0,similarity+interactions,"All (Unweighted Clustering, No Square Clustering)",xgboost,4191.275060094893,34295,34592,0.9979680531753098,0.9588826114249844,0.9912605024679232,0.9455277004023522,0.9726201846545686,0.997581242960264,0.9490208268573204,0.988036216573378,0.9271181293653205,0.9719834447628144
BERTopic_topic_128,20.0,similarity+interactions,"All but Betweenness and Harmonic (Unweighted Clustering, No Square Clustering)",logistic_regression,4191.275060094893,34295,34592,0.8775845942757887,0.6095431472081219,0.6943878433056211,0.464562055091303,0.8860684769775679,0.874456923211577,0.5893837705918242,0.6874148600024818,0.4400242939568782,0.8922413793103449
BERTopic_topic_128,20.0,similarity+interactions,"All but Betweenness and Harmonic (Unweighted Clustering, No Square Clustering)",random_forest,4191.275060094893,34295,34592,0.9968989352200902,0.9401380195795216,0.9857418752537216,0.9065304859176726,0.9763333333333334,0.9966901870536298,0.9352540763020422,0.9829154922831028,0.897054357728515,0.976851851851852
BERTopic_topic_128,20.0,similarity+interactions,"All but Betweenness and Harmonic (Unweighted Clustering, No Square Clustering)",xgboost,4191.275060094893,34295,34592,0.9978581772812678,0.9556634811217296,0.9906700134740934,0.9439801918910554,0.9676395939086294,0.9971647105380064,0.9503875968992248,0.9879427435343124,0.9307622228970543,0.9708584098828
BERTopic_topic_128,20.0,similarity+interactions,Core Number Only,logistic_regression,4191.275060094893,34295,34592,0.7918191907076477,0.4987241939225237,0.5664822473564181,0.3327143299288146,0.9953703703703703,0.7785232512480861,0.4906178489702517,0.5575790135528058,0.3255390221682356,0.9953574744661096
BERTopic_topic_128,20.0,similarity+interactions,Core Number Only,random_forest,4191.275060094893,34295,34592,0.9320610137212954,0.8213608957795004,0.8499345684906819,0.73785205818632,0.9261849261849262,0.9353663852892208,0.8076652601969058,0.8447925397109768,0.6975402368660796,0.9590814196242172
BERTopic_topic_128,20.0,similarity+interactions,Core Number Only,xgboost,4191.275060094893,34295,34592,0.9129843247311308,0.7476532302595251,0.7864570680423207,0.6285979572887651,0.9223433242506812,0.915252873776336,0.7461352207114919,0.7855517783592229,0.6082599453385971,0.9648362235067436
BERTopic_topic_128,50.0,interactions,"All (Unweighted Clustering, No Square Clustering)",logistic_regression,61.30944457999431,34555,34592,0.8335349022083026,0.6051691531834419,0.6183094500943187,0.4411764705882353,0.9632107023411371,0.8453473359481413,0.604602510460251,0.6324138998933333,0.4388095961129669,0.9717552118359112
BERTopic_topic_128,50.0,interactions,"All (Unweighted Clustering, No Square Clustering)",random_forest,61.30944457999431,34555,34592,0.939637151939009,0.7646408839779005,0.8297666544041286,0.6360294117647058,0.9584487534626038,0.9366467051088124,0.7581937363437727,0.826417837993056,0.6322502277558457,0.946793997271487
BERTopic_topic_128,50.0,interactions,"All (Unweighted Clustering, No Square Clustering)",xgboost,61.30944457999431,34555,34592,0.9516888058553452,0.782793414763675,0.8461717147984001,0.6773897058823529,0.9270440251572328,0.9513638412115264,0.7848633496846531,0.8451175317213557,0.6802307925903431,0.927536231884058
BERTopic_topic_128,50.0,interactions,"All but Betweenness and Harmonic (Unweighted Clustering, No Square Clustering)",logistic_regression,61.30944457999431,34555,34592,0.8440871654820248,0.6096842105263158,0.6322130904801679,0.4436274509803921,0.97442799461642,0.844168507764035,0.6066191872643486,0.6343856751865848,0.4397206194959004,0.9777177582714384
BERTopic_topic_128,50.0,interactions,"All but Betweenness and Harmonic (Unweighted Clustering, No Square Clustering)",random_forest,61.30944457999431,34555,34592,0.9407667728175928,0.7577822803462885,0.8262053218451237,0.6302083333333334,0.9501154734411086,0.93990521677679,0.7527432333577176,0.8256860022392368,0.6249620406923778,0.9462068965517242
BERTopic_topic_128,50.0,interactions,"All but Betweenness and Harmonic (Unweighted Clustering, No Square Clustering)",xgboost,61.30944457999431,34555,34592,0.9520995170023204,0.78254700248315,0.844489932311522,0.6758578431372549,0.9292333614153327,0.9507078494604032,0.7829742511823437,0.8433802987353444,0.678712420285454,0.9250827814569536
BERTopic_topic_128,50.0,interactions,Core Number Only,logistic_regression,61.30944457999431,34555,34592,0.7865644881758271,0.5947211579395487,0.5943321727061804,0.4280024509803921,0.9741980474198048,0.7815905777263268,0.5910725618785699,0.5901034312670617,0.424233221986031,0.9741980474198048
BERTopic_topic_128,50.0,interactions,Core Number Only,random_forest,61.30944457999431,34555,34592,0.784976003640087,0.594847775175644,0.5979174154161329,0.4280024509803921,0.9748778785764132,0.7805302300265884,0.5907744392721117,0.5939988193088143,0.4239295475250531,0.9741800418702024
BERTopic_topic_128,50.0,interactions,Core Number Only,xgboost,61.30944457999431,34555,34592,0.7848432072806752,0.5945485519591142,0.5992366153670139,0.4276960784313725,0.9748603351955308,0.7804709242934107,0.5907744392721117,0.595197672481803,0.4239295475250531,0.9741800418702024
BERTopic_topic_128,50.0,similarity,"All (Unweighted Clustering, No Square Clustering)",logistic_regression,3813.75620328635,34555,34592,0.9177492561132344,0.5736100234925607,0.7003273272449217,0.4488357843137255,0.794468546637744,0.9173619796955216,0.5680450397980975,0.6995213112314318,0.4442757364105679,0.78740581270183
BERTopic_topic_128,50.0,similarity,"All (Unweighted Clustering, No Square Clustering)",random_forest,3813.75620328635,34555,34592,0.9969444157892297,0.9323717948717948,0.9857716921655996,0.8912377450980392,0.977486559139785,0.997764641998528,0.934156378600823,0.9864466301306556,0.8961433343455816,0.9755371900826446
BERTopic_topic_128,50.0,similarity,"All (Unweighted Clustering, No Square Clustering)",xgboost,3813.75620328635,34555,34592,0.9981424469135708,0.9577508543025784,0.9914789216758326,0.944546568627451,0.9713295526149968,0.9982555139754046,0.9533630906572264,0.9912827241754456,0.940479805648345,0.9666042446941324
BERTopic_topic_128,50.0,similarity,"All but Betweenness and Harmonic (Unweighted Clustering, No Square Clustering)",logistic_regression,3813.75620328635,34555,34592,0.888865396834647,0.627925426418088,0.7197034004696444,0.4849877450980392,0.890326209223847,0.8898195433993148,0.6289406696690817,0.7220263237121374,0.4877011843303978,0.8853362734288864
BERTopic_topic_128,50.0,similarity,"All but Betweenness and Harmonic (Unweighted Clustering, No Square Clustering)",random_forest,3813.75620328635,34555,34592,0.9971960464341372,0.9400190415741034,0.9869217929119912,0.9074754901960784,0.9749835418038184,0.9976643631592222,0.9392890846178044,0.9869860115230646,0.9067719404798056,0.9742251223491027
BERTopic_topic_128,50.0,similarity,"All but Betweenness and Harmonic (Unweighted Clustering, No Square Clustering)",xgboost,3813.75620328635,34555,34592,0.9978854850279568,0.9579257879211304,0.9914663511354924,0.9451593137254902,0.971041863393138,0.9981423067288252,0.9569760295021512,0.9909841148840224,0.9456422714849682,0.9685847589424572
BERTopic_topic_128,50.0,similarity,Core Number Only,logistic_regression,3813.75620328635,34555,34592,0.7835600574399328,0.4927268529208035,0.559879650359525,0.3268995098039216,1.0,0.7764212377609583,0.4891030052764396,0.5551071010978947,0.3237169754023686,1.0
BERTopic_topic_128,50.0,similarity,Core Number Only,random_forest,3813.75620328635,34555,34592,0.9337540421476828,0.8285234899328859,0.8531802951818316,0.7564338235294118,0.9158011869436202,0.9340510350647804,0.830708008622119,0.8563838301486407,0.7607045247494686,0.9149013878743608
BERTopic_topic_128,50.0,similarity,Core Number Only,xgboost,3813.75620328635,34555,34592,0.9146461264389748,0.7602715255448375,0.7874142977508349,0.6519607843137255,0.9117395029991432,0.9159594536816984,0.7550657660860292,0.7860898355341873,0.6450045551169147,0.9104157736819546
BERTopic_topic_128,50.0,similarity+interactions,"All (Unweighted Clustering, No Square Clustering)",logistic_regression,4618.179008735344,34555,34592,0.9258623666142178,0.5445302968686457,0.7144578003486276,0.4102328431372549,0.8095525997581621,0.926381234406655,0.5399348003259984,0.7182623888332649,0.4023686607956271,0.8204334365325078
BERTopic_topic_128,50.0,similarity+interactions,"All (Unweighted Clustering, No Square Clustering)",random_forest,4618.179008735344,34555,34592,0.9973711843003156,0.9306265984654732,0.9845925956850176,0.8918504901960784,0.972927807486631,0.9974331751003008,0.931372549019608,0.9848919580919644,0.8943212875797145,0.9716265258990432
BERTopic_topic_128,50.0,similarity+interactions,"All (Unweighted Clustering, No Square Clustering)",xgboost,4618.179008735344,34555,34592,0.9981149633641446,0.9548848786558806,0.9907882468695384,0.9402573529411764,0.9699747155499368,0.998099490172504,0.9529973801818462,0.9905599927746152,0.9389614333434558,0.967459324155194
BERTopic_topic_128,50.0,similarity+interactions,"All but Betweenness and Harmonic (Unweighted Clustering, No Square Clustering)",logistic_regression,4618.179008735344,34555,34592,0.8761022792997548,0.6132851695765603,0.6950590467945446,0.4681372549019608,0.8888888888888888,0.8774525443285008,0.609455701231625,0.6967693775744516,0.4658366231399939,0.8811028144744399
BERTopic_topic_128,50.0,similarity+interactions,"All but Betweenness and Harmonic (Unweighted Clustering, No Square Clustering)",random_forest,4618.179008735344,34555,34592,0.9975514380035354,0.9333969162295342,0.9845846369663576,0.8995098039215687,0.9699372315824248,0.9972517504942168,0.9346970889063728,0.9833053431557568,0.9019131491041604,0.96995427824951
BERTopic_topic_128,50.0,similarity+interactions,"All but Betweenness and Harmonic (Unweighted Clustering, No Square Clustering)",xgboost,4618.179008735344,34555,34592,0.998235026429638,0.9518484001242622,0.9902658209400216,0.9387254901960784,0.9653434152488972,0.9977897905401064,0.9540353574173712,0.9896981537594252,0.942301852414212,0.9660647571606475
BERTopic_topic_128,50.0,similarity+interactions,Core Number Only,logistic_regression,4618.179008735344,34555,34592,0.7851540494557414,0.4938954158028104,0.5611731699617302,0.3284313725490196,0.9953574744661096,0.7780572367417049,0.4906178489702517,0.5566333323183238,0.3255390221682356,0.9953574744661096
BERTopic_topic_128,50.0,similarity+interactions,Core Number Only,random_forest,4618.179008735344,34555,34592,0.935043379948253,0.820676881629904,0.8514449608453591,0.7466299019607843,0.9110280373831776,0.936028659324554,0.8247628557164254,0.8536356280032851,0.7525053143030671,0.9123711340206184
BERTopic_topic_128,50.0,similarity+interactions,Core Number Only,xgboost,4618.179008735344,34555,34592,0.912066721402696,0.7455728225514998,0.7804530599623474,0.632046568627451,0.9088105726872246,0.914170598721672,0.7436082102988837,0.7808572438532008,0.6270877619192226,0.913312693498452
BERTopic_topic_128,100.0,interactions,"All (Unweighted Clustering, No Square Clustering)",logistic_regression,55.31025070883334,34592,34592,0.8470712723542714,0.606971404717178,0.6338130174685869,0.4415426662617673,0.9706275033377836,0.8470712723542714,0.606971404717178,0.6338130174685869,0.4415426662617673,0.9706275033377836
BERTopic_topic_128,100.0,interactions,"All (Unweighted Clustering, No Square Clustering)",random_forest,55.31025070883334,34592,34592,0.939333567723174,0.7671431156142573,0.8315733377168171,0.6437898572730033,0.9489704565801254,0.939333567723174,0.7671431156142573,0.8315733377168171,0.6437898572730033,0.9489704565801254
BERTopic_topic_128,100.0,interactions,"All (Unweighted Clustering, No Square Clustering)",xgboost,55.31025070883334,34592,34592,0.9504238319999028,0.7826239887442842,0.8439639658694444,0.6756756756756757,0.9297952361053072,0.9504238319999028,0.7826239887442842,0.8439639658694444,0.6756756756756757,0.9297952361053072
BERTopic_topic_128,100.0,interactions,"All but Betweenness and Harmonic (Unweighted Clustering, No Square Clustering)",logistic_regression,55.31025070883334,34592,34592,0.8425914264216885,0.6065676636686885,0.6292339506857005,0.440327968417856,0.974462365591398,0.8425914264216885,0.6065676636686885,0.6292339506857005,0.440327968417856,0.974462365591398
BERTopic_topic_128,100.0,interactions,"All but Betweenness and Harmonic (Unweighted Clustering, No Square Clustering)",random_forest,55.31025070883334,34592,34592,0.9394639675683942,0.7666364460562103,0.8293791119463718,0.6419678105071364,0.9513951395139514,0.9394639675683942,0.7666364460562103,0.8293791119463718,0.6419678105071364,0.9513951395139514
BERTopic_topic_128,100.0,interactions,"All but Betweenness and Harmonic (Unweighted Clustering, No Square Clustering)",xgboost,55.31025070883334,34592,34592,0.9523267722709424,0.7840589887640449,0.8459905276716951,0.6781050713634983,0.9292550977944236,0.9523267722709424,0.7840589887640449,0.8459905276716951,0.6781050713634983,0.9292550977944236
BERTopic_topic_128,100.0,interactions,Core Number Only,logistic_regression,55.31025070883334,34592,34592,0.7805066241617504,0.5910725618785699,0.5899280215795993,0.424233221986031,0.9741980474198048,0.7805066241617504,0.5910725618785699,0.5899280215795993,0.424233221986031,0.9741980474198048
BERTopic_topic_128,100.0,interactions,Core Number Only,random_forest,55.31025070883334,34592,34592,0.7804558225553835,0.5908994708994709,0.5951874621363065,0.4239295475250531,0.9748603351955308,0.7804558225553835,0.5908994708994709,0.5951874621363065,0.4239295475250531,0.9748603351955308
BERTopic_topic_128,100.0,interactions,Core Number Only,xgboost,55.31025070883334,34592,34592,0.7804561233288361,0.5908994708994709,0.5958120621247136,0.4239295475250531,0.9748603351955308,0.7804561233288361,0.5908994708994709,0.5958120621247136,0.4239295475250531,0.9748603351955308
BERTopic_topic_128,100.0,similarity,"All (Unweighted Clustering, No Square Clustering)",logistic_regression,3888.7003461960703,34592,34592,0.9262417725483816,0.5323857868020304,0.7063906111757293,0.3981172183419374,0.8033088235294118,0.9262417725483816,0.5323857868020304,0.7063906111757293,0.3981172183419374,0.8033088235294118
BERTopic_topic_128,100.0,similarity,"All (Unweighted Clustering, No Square Clustering)",random_forest,3888.7003461960703,34592,34592,0.9976602978664286,0.939489442168295,0.987499056346674,0.9052535681749164,0.9764166393711105,0.9976602978664286,0.939489442168295,0.987499056346674,0.9052535681749164,0.9764166393711105
BERTopic_topic_128,100.0,similarity,"All (Unweighted Clustering, No Square Clustering)",xgboost,3888.7003461960703,34592,34592,0.9981390709886182,0.9558914250462678,0.991498200578738,0.9410871545703008,0.9711689125665935,0.9981390709886182,0.9558914250462678,0.991498200578738,0.9410871545703008,0.9711689125665935
BERTopic_topic_128,100.0,similarity,"All but Betweenness and Harmonic (Unweighted Clustering, No Square Clustering)",logistic_regression,3888.7003461960703,34592,34592,0.8892326858816078,0.6269245953414923,0.7013715714839336,0.4822350440327968,0.8956570783981952,0.8892326858816078,0.6269245953414923,0.7013715714839336,0.4822350440327968,0.8956570783981952
BERTopic_topic_128,100.0,similarity,"All but Betweenness and Harmonic (Unweighted Clustering, No Square Clustering)",random_forest,3888.7003461960703,34592,34592,0.9976487568979844,0.9413793103448276,0.9872337215788785,0.9119344063164287,0.9727891156462584,0.9976487568979844,0.9413793103448276,0.9872337215788785,0.9119344063164287,0.9727891156462584
BERTopic_topic_128,100.0,similarity,"All but Betweenness and Harmonic (Unweighted Clustering, No Square Clustering)",xgboost,3888.7003461960703,34592,34592,0.9978697768737368,0.9554493602589796,0.9911586869203632,0.9410871545703008,0.9702567313713212,0.9978697768737368,0.9554493602589796,0.9911586869203632,0.9410871545703008,0.9702567313713212
BERTopic_topic_128,100.0,similarity,Core Number Only,logistic_regression,3888.7003461960703,34592,34592,0.7766820423025831,0.4891030052764396,0.5556982905573655,0.3237169754023686,1.0,0.7766820423025831,0.4891030052764396,0.5556982905573655,0.3237169754023686,1.0
BERTopic_topic_128,100.0,similarity,Core Number Only,random_forest,3888.7003461960703,34592,34592,0.9325768813085958,0.8303957432657133,0.854216290865036,0.758275129061646,0.9176773245130466,0.9325768813085958,0.8303957432657133,0.854216290865036,0.758275129061646,0.9176773245130466
BERTopic_topic_128,100.0,similarity,Core Number Only,xgboost,3888.7003461960703,34592,34592,0.9142957689897662,0.7577903682719547,0.7861355166436561,0.64986334649256,0.9087048832271762,0.9142957689897662,0.7577903682719547,0.7861355166436561,0.64986334649256,0.9087048832271762
BERTopic_topic_128,100.0,similarity+interactions,"All (Unweighted Clustering, No Square Clustering)",logistic_regression,4396.077646037564,34592,34592,0.9168563989265802,0.5917848055252636,0.6756097072967799,0.4943820224719101,0.736985061113626,0.9168563989265802,0.5917848055252636,0.6756097072967799,0.4943820224719101,0.736985061113626
BERTopic_topic_128,100.0,similarity+interactions,"All (Unweighted Clustering, No Square Clustering)",random_forest,4396.077646037564,34592,34592,0.9968922777066124,0.9333753346983776,0.9849476703338922,0.8997874278773155,0.9695680628272252,0.9968922777066124,0.9333753346983776,0.9849476703338922,0.8997874278773155,0.9695680628272252
BERTopic_topic_128,100.0,similarity+interactions,"All (Unweighted Clustering, No Square Clustering)",xgboost,4396.077646037564,34592,34592,0.9976809978716203,0.9534955343393902,0.9902134979374771,0.9401761311873672,0.9671977507029054,0.9976809978716203,0.9534955343393902,0.9902134979374771,0.9401761311873672,0.9671977507029054
BERTopic_topic_128,100.0,similarity+interactions,"All but Betweenness and Harmonic (Unweighted Clustering, No Square Clustering)",logistic_regression,4396.077646037564,34592,34592,0.9104124926466954,0.6616458486407054,0.7400650645770317,0.546917704221075,0.8372849837284984,0.9104124926466954,0.6616458486407054,0.7400650645770317,0.546917704221075,0.8372849837284984
BERTopic_topic_128,100.0,similarity+interactions,"All but Betweenness and Harmonic (Unweighted Clustering, No Square Clustering)",random_forest,4396.077646037564,34592,34592,0.9966964014212536,0.9353015075376884,0.9839651771127768,0.904342544791983,0.9684552845528456,0.9966964014212536,0.9353015075376884,0.9839651771127768,0.904342544791983,0.9684552845528456
BERTopic_topic_128,100.0,similarity+interactions,"All but Betweenness and Harmonic (Unweighted Clustering, No Square Clustering)",xgboost,4396.077646037564,34592,34592,0.9977896838140424,0.9539078156312624,0.9897202400254256,0.9395687822654116,0.968691296180338,0.9977896838140424,0.9539078156312624,0.9897202400254256,0.9395687822654116,0.968691296180338
BERTopic_topic_128,100.0,similarity+interactions,Core Number Only,logistic_regression,4396.077646037564,34592,34592,0.7782229871699651,0.4906178489702517,0.5567592641663708,0.3255390221682356,0.9953574744661096,0.7782229871699651,0.4906178489702517,0.5567592641663708,0.3255390221682356,0.9953574744661096
BERTopic_topic_128,100.0,similarity+interactions,Core Number Only,random_forest,4396.077646037564,34592,34592,0.9344267205117124,0.8229792919171677,0.8506583783771954,0.7482538718493774,0.9142857142857144,0.9344267205117124,0.8229792919171677,0.8506583783771954,0.7482538718493774,0.9142857142857144
BERTopic_topic_128,100.0,similarity+interactions,Core Number Only,xgboost,4396.077646037564,34592,34592,0.9134756956179256,0.7528409090909091,0.782444515103369,0.6437898572730033,0.9063702436938864,0.9134756956179256,0.7528409090909091,0.782444515103369,0.6437898572730033,0.9063702436938864
BERTopic_topic_256,1.0,interactions,"All (Unweighted Clustering, No Square Clustering)",logistic_regression,26.022284516133368,11204,34592,0.9338062845027424,0.8085462924172602,0.8364402720399489,0.7002902757619739,0.956392467789891,0.7157292203359296,0.4486940298507462,0.4215222175503285,0.2921348314606741,0.9668341708542714
BERTopic_topic_256,1.0,interactions,"All (Unweighted Clustering, No Square Clustering)",random_forest,26.022284516133368,11204,34592,0.9726688501847977,0.8811133200795228,0.9305639075602968,0.8040638606676342,0.9744942832014072,0.7551527416368559,0.5014656144306652,0.477504562613986,0.3376860006073489,0.9737302977232924
BERTopic_topic_256,1.0,interactions,"All (Unweighted Clustering, No Square Clustering)",xgboost,26.022284516133368,11204,34592,0.9774309561109312,0.8900038595137013,0.9382502595932608,0.8367198838896952,0.9505358615004122,0.7581735695095744,0.5097864768683275,0.4756180970307397,0.3480109322805952,0.9526184538653366
BERTopic_topic_256,1.0,interactions,"All but Betweenness and Harmonic (Unweighted Clustering, No Square Clustering)",logistic_regression,26.022284516133368,11204,34592,0.9298908408336992,0.8091993185689949,0.8291661558279999,0.6894049346879536,0.979381443298969,0.7115485178577979,0.4418823529411764,0.4166445735354986,0.285150318858184,0.9811912225705328
BERTopic_topic_256,1.0,interactions,"All but Betweenness and Harmonic (Unweighted Clustering, No Square Clustering)",random_forest,26.022284516133368,11204,34592,0.9712107506609196,0.8743038981702467,0.926152373304854,0.7975326560232221,0.9674295774647887,0.7527816571893438,0.4994360478231446,0.4745727088136122,0.3361676283024598,0.9710526315789474
BERTopic_topic_256,1.0,interactions,"All but Betweenness and Harmonic (Unweighted Clustering, No Square Clustering)",xgboost,26.022284516133368,11204,34592,0.97826846047201,0.8948182521268369,0.9382720282958537,0.839622641509434,0.9577814569536424,0.7560544216380226,0.5110913930789707,0.4733660844305615,0.3498329790464622,0.9481481481481482
BERTopic_topic_256,1.0,interactions,Core Number Only,logistic_regression,26.022284516133368,11204,34592,0.8806686268503012,0.7786780383795309,0.792935778344354,0.6625544267053701,0.9441571871768356,0.6453207359320955,0.4274556213017751,0.3979134029781425,0.2742180382629821,0.9688841201716738
BERTopic_topic_256,1.0,interactions,Core Number Only,random_forest,26.022284516133368,11204,34592,0.8786865331957482,0.7815892314372558,0.7992393147265415,0.6531204644412192,0.972972972972973,0.6577452555001106,0.4267425320056899,0.3987867548871118,0.2733070148800486,0.972972972972973
BERTopic_topic_256,1.0,interactions,Core Number Only,xgboost,26.022284516133368,11204,34592,0.8786603150257145,0.7815892314372558,0.7986751076077934,0.6531204644412192,0.972972972972973,0.6580846734900909,0.4267425320056899,0.3981547500347955,0.2733070148800486,0.972972972972973
BERTopic_topic_256,1.0,similarity,"All (Unweighted Clustering, No Square Clustering)",logistic_regression,1275.4361248202622,11204,34592,0.9218272395413136,0.7170124481327801,0.8147588970018024,0.6269956458635704,0.8372093023255814,0.7330480468029106,0.3947062920826561,0.4337635054455354,0.258123291831157,0.8382642998027613
BERTopic_topic_256,1.0,similarity,"All (Unweighted Clustering, No Square Clustering)",random_forest,1275.4361248202622,11204,34592,0.9971619015573444,0.9640718562874252,0.9922365877736468,0.934687953555878,0.9953632148377124,0.7873055692464073,0.5586885245901639,0.5168013882448155,0.388095961129669,0.9968798751950078
BERTopic_topic_256,1.0,similarity,"All (Unweighted Clustering, No Square Clustering)",xgboost,1275.4361248202622,11204,34592,0.9979204929193216,0.9757174392935982,0.993601539800609,0.9622641509433962,0.98955223880597,0.7888840477299527,0.5715520968439256,0.5149367390915137,0.4014576374126936,0.991747936984246
BERTopic_topic_256,1.0,similarity,"All but Betweenness and Harmonic (Unweighted Clustering, No Square Clustering)",logistic_regression,1275.4361248202622,11204,34592,0.943728938685523,0.8132231404958677,0.8672981381246785,0.714078374455733,0.944337811900192,0.7276643960502547,0.4466697717745692,0.4428624347972569,0.2912238080777407,0.958041958041958
BERTopic_topic_256,1.0,similarity,"All but Betweenness and Harmonic (Unweighted Clustering, No Square Clustering)",random_forest,1275.4361248202622,11204,34592,0.9972441379864504,0.9617404351087772,0.9913287984801892,0.93033381712627,0.9953416149068324,0.7858416757459014,0.5612044512328169,0.5151896586501867,0.3905253568174917,0.9968992248062016
BERTopic_topic_256,1.0,similarity,"All but Betweenness and Harmonic (Unweighted Clustering, No Square Clustering)",xgboost,1275.4361248202622,11204,34592,0.9977013681010394,0.9753404490246596,0.9930229937218686,0.9615384615384616,0.989544436146378,0.7881725826815791,0.5713050993949871,0.5141938470881136,0.4014576374126936,0.9902621722846442
BERTopic_topic_256,1.0,similarity,Core Number Only,logistic_regression,1275.4361248202622,11204,34592,0.8615919539907304,0.6240639041437843,0.6629627596762784,0.4535558780841799,1.0,0.595160315500485,0.3112820512820513,0.3358371917040992,0.1843303978135438,1.0
BERTopic_topic_256,1.0,similarity,Core Number Only,random_forest,1275.4361248202622,11204,34592,0.9491253027644736,0.869597895527997,0.8919075088604251,0.839622641509434,0.901792673421668,0.7476830960090108,0.5039301310043668,0.4559325429809093,0.3504403279684178,0.8966588966588966
BERTopic_topic_256,1.0,similarity,Core Number Only,xgboost,1275.4361248202622,11204,34592,0.9348505800640876,0.8325434439178515,0.8608824920998672,0.7648766328011611,0.9133448873483536,0.7283285329405194,0.4791759964173757,0.4367815252489048,0.32493167324628,0.9121909633418585
BERTopic_topic_256,1.0,similarity+interactions,"All (Unweighted Clustering, No Square Clustering)",logistic_regression,929.0142418280012,11204,34592,0.9349392787182018,0.7707275803722504,0.8461689791474483,0.6611030478955007,0.9239350912778904,0.7323669307661329,0.3852140077821012,0.4298614424091899,0.2405101730944427,0.967032967032967
BERTopic_topic_256,1.0,similarity+interactions,"All (Unweighted Clustering, No Square Clustering)",random_forest,929.0142418280012,11204,34592,0.9974434330057071,0.95648912228057,0.9902124516303702,0.9252539912917273,0.9899068322981368,0.7863657055703254,0.5558714191996501,0.5152137612700664,0.3859702399028242,0.99296875
BERTopic_topic_256,1.0,similarity+interactions,"All (Unweighted Clustering, No Square Clustering)",xgboost,929.0142418280012,11204,34592,0.997611709344924,0.9699192956713132,0.992613588256205,0.9593613933236574,0.9807121661721068,0.7870315064169482,0.5706275609230106,0.5126911095580093,0.4017613118736714,0.984375
BERTopic_topic_256,1.0,similarity+interactions,"All but Betweenness and Harmonic (Unweighted Clustering, No Square Clustering)",logistic_regression,929.0142418280012,11204,34592,0.937144337599042,0.8080808080808081,0.8584330078784947,0.7256894049346879,0.911577028258888,0.7213724094709988,0.4394221808014911,0.4349791063143233,0.2863650167020953,0.943943943943944
BERTopic_topic_256,1.0,similarity+interactions,"All but Betweenness and Harmonic (Unweighted Clustering, No Square Clustering)",random_forest,929.0142418280012,11204,34592,0.9975248570408122,0.9614087673285876,0.989773671894392,0.9310595065312046,0.9938032532920216,0.7856914442575542,0.5575704610006554,0.5144511926138129,0.3874886122077133,0.9937694704049844
BERTopic_topic_256,1.0,similarity+interactions,"All but Betweenness and Harmonic (Unweighted Clustering, No Square Clustering)",xgboost,929.0142418280012,11204,34592,0.9974367492186984,0.9680029422581832,0.9919876454794956,0.9550072568940492,0.9813571961222968,0.7869854104597578,0.5684665226781858,0.5124023656359074,0.3996355906468266,0.9842931937172776
BERTopic_topic_256,1.0,similarity+interactions,Core Number Only,logistic_regression,929.0142418280012,11204,34592,0.8635092776871999,0.6251866600298656,0.6648676666255362,0.455732946298984,0.9952456418383518,0.5956872899940328,0.3132838495008958,0.3367026837826747,0.185848770118433,0.996742671009772
BERTopic_topic_256,1.0,similarity+interactions,Core Number Only,random_forest,929.0142418280012,11204,34592,0.945265508084502,0.8603945371775418,0.8859367500138611,0.8229317851959361,0.9014308426073132,0.743760360129444,0.498903989478299,0.4510837496486575,0.3455815365927725,0.8967691095350669
BERTopic_topic_256,1.0,similarity+interactions,Core Number Only,xgboost,929.0142418280012,11204,34592,0.9367213388134972,0.8333333333333334,0.8642227045618587,0.7692307692307693,0.9090909090909092,0.7268070995380731,0.4779395296752519,0.434783202997825,0.3240206498633465,0.9104095563139932
BERTopic_topic_256,5.0,interactions,"All (Unweighted Clustering, No Square Clustering)",logistic_regression,53.8453191597946,25341,34592,0.8674372324264148,0.6770428015564203,0.7110858823890184,0.5201793721973094,0.9693593314763232,0.8137477034855385,0.5841121495327103,0.5860498311127114,0.4175523838445186,0.9717314487632508
BERTopic_topic_256,5.0,interactions,"All (Unweighted Clustering, No Square Clustering)",random_forest,53.8453191597946,25341,34592,0.9550636307008858,0.8097183401419049,0.8772439769088032,0.703662182361734,0.9534177215189872,0.9057178702130924,0.7103658536585366,0.7527314820855978,0.5660491952626784,0.9534526854219948
BERTopic_topic_256,5.0,interactions,"All (Unweighted Clustering, No Square Clustering)",xgboost,53.8453191597946,25341,34592,0.9631206313969932,0.8275145469659185,0.8887818715270545,0.7440209267563528,0.9321161048689138,0.9152827085623518,0.7340327627461808,0.7643562696260893,0.6055268751897965,0.9317757009345794
BERTopic_topic_256,5.0,interactions,"All but Betweenness and Harmonic (Unweighted Clustering, No Square Clustering)",logistic_regression,53.8453191597946,25341,34592,0.8694210567448082,0.6857558844940549,0.7042995223333526,0.5280269058295964,0.9778546712802768,0.8144790777959946,0.5844515441959531,0.5880877556857403,0.4166413604615852,0.978601997146933
BERTopic_topic_256,5.0,interactions,"All but Betweenness and Harmonic (Unweighted Clustering, No Square Clustering)",random_forest,53.8453191597946,25341,34592,0.9524490721917366,0.8026712623869022,0.8716562254771113,0.6961883408071748,0.9476093591047812,0.9062965340798104,0.7085714285714285,0.7506239227586211,0.5648344974187671,0.9504343382728666
BERTopic_topic_256,5.0,interactions,"All but Betweenness and Harmonic (Unweighted Clustering, No Square Clustering)",xgboost,53.8453191597946,25341,34592,0.96384006077999,0.8285059387372369,0.8906045948236823,0.7428998505231689,0.9364107395195478,0.9161688017070192,0.7344008834897846,0.7639529761164087,0.6058305496507743,0.9322429906542056
BERTopic_topic_256,5.0,interactions,Core Number Only,logistic_regression,53.8453191597946,25341,34592,0.8215325694945256,0.6663395485770363,0.6733244130759755,0.507473841554559,0.97,0.7513244098119015,0.5773987206823028,0.5664919476868714,0.4111752201639842,0.9692197566213314
BERTopic_topic_256,5.0,interactions,Core Number Only,random_forest,53.8453191597946,25341,34592,0.8194721189272358,0.6660088801184015,0.6751511310183251,0.5044843049327354,0.9796806966618288,0.7517050968302775,0.5780346820809249,0.5664289652972998,0.4099605223200729,0.9796806966618288
BERTopic_topic_256,5.0,interactions,Core Number Only,xgboost,53.8453191597946,25341,34592,0.8194919452993279,0.6656797433999506,0.6770379374729063,0.5041106128550075,0.979665940450254,0.75171400360542,0.5777301927194861,0.5666801426033712,0.409656847859095,0.979665940450254
BERTopic_topic_256,5.0,similarity,"All (Unweighted Clustering, No Square Clustering)",logistic_regression,3478.116152599454,25341,34592,0.9186656596023776,0.6438809261300992,0.74282572023203,0.5455904334828101,0.78536847767617,0.8791663757168632,0.5882585491203796,0.6617619327234235,0.4518675979350137,0.8425821064552661
BERTopic_topic_256,5.0,similarity,"All (Unweighted Clustering, No Square Clustering)",random_forest,3478.116152599454,25341,34592,0.9978638959538374,0.9516223042549058,0.99052506108239,0.9151718983557549,0.991096721974909,0.9636838856654546,0.8471038441468082,0.8683960097654417,0.7394473124810204,0.9914495114006516
BERTopic_topic_256,5.0,similarity,"All (Unweighted Clustering, No Square Clustering)",xgboost,3478.116152599454,25341,34592,0.9981151673972336,0.9667868665780984,0.9936528968415692,0.9517937219730942,0.9822599305823372,0.9666943028957682,0.8690637720488467,0.8714490855573045,0.778013969025205,0.9842489435267
BERTopic_topic_256,5.0,similarity,"All but Betweenness and Harmonic (Unweighted Clustering, No Square Clustering)",logistic_regression,3478.116152599454,25341,34592,0.9083486915583676,0.6777546777546778,0.7675156940699207,0.5482062780269058,0.8874773139745916,0.8507261112601557,0.5407779171894604,0.6426641318351677,0.3926510780443364,0.8683680322364002
BERTopic_topic_256,5.0,similarity,"All but Betweenness and Harmonic (Unweighted Clustering, No Square Clustering)",random_forest,3478.116152599454,25341,34592,0.9979271095177468,0.9573441420575178,0.990742998560091,0.9267563527653214,0.9900199600798404,0.96406948693395,0.855022437003797,0.8686397030055756,0.7522016398420893,0.990403838464614
BERTopic_topic_256,5.0,similarity,"All but Betweenness and Harmonic (Unweighted Clustering, No Square Clustering)",xgboost,3478.116152599454,25341,34592,0.997990405519794,0.9687913750709288,0.993837340026127,0.9570254110612856,0.9808502489467636,0.9671767144064962,0.86810388728569,0.8726507722767499,0.7764955967203159,0.9842186297151656
BERTopic_topic_256,5.0,similarity,Core Number Only,logistic_regression,3478.116152599454,25341,34592,0.8428329931935775,0.509965969859018,0.63448356256488,0.3920029895366218,0.7294853963838664,0.7432109489065755,0.4786324786324786,0.5339988941923265,0.3146067415730337,1.0
BERTopic_topic_256,5.0,similarity,Core Number Only,random_forest,3478.116152599454,25341,34592,0.9425048069678034,0.8606607839113483,0.888003432911385,0.7836322869955157,0.9544833864360492,0.9003809169645317,0.7645670720638954,0.7547525744879577,0.6395384148193137,0.9503610108303248
BERTopic_topic_256,5.0,similarity,Core Number Only,xgboost,3478.116152599454,25341,34592,0.9317358223715342,0.8036609283068207,0.8459549026966577,0.6890881913303438,0.9639309984317824,0.8834738930147084,0.7130600571973308,0.7169406320613909,0.5678712420285454,0.9579918032786884
BERTopic_topic_256,5.0,similarity+interactions,"All (Unweighted Clustering, No Square Clustering)",logistic_regression,2517.143007721053,25341,34592,0.9407070949888496,0.5676416819012797,0.7724299343788498,0.4641255605381166,0.7305882352941176,0.881224675178497,0.4876948318293683,0.64189452229334,0.3610689341026419,0.7511054958938724
BERTopic_topic_256,5.0,similarity+interactions,"All (Unweighted Clustering, No Square Clustering)",random_forest,2517.143007721053,25341,34592,0.9976219400199896,0.9621270084162205,0.9904971298103252,0.9398355754857995,0.9855015673981192,0.964864377805919,0.8585633464769415,0.8698681433318096,0.7604008502884907,0.9858267716535432
BERTopic_topic_256,5.0,similarity+interactions,"All (Unweighted Clustering, No Square Clustering)",xgboost,2517.143007721053,25341,34592,0.9986471571867755,0.96555639666919,0.9935915344470662,0.953288490284006,0.9781441717791411,0.967137356744879,0.8673434856175973,0.8718975685208474,0.7783176434861828,0.9793656858998854
BERTopic_topic_256,5.0,similarity+interactions,"All but Betweenness and Harmonic (Unweighted Clustering, No Square Clustering)",logistic_regression,2517.143007721053,25341,34592,0.9477384086207868,0.7538726333907056,0.8372568122341938,0.6547085201793722,0.8884381338742393,0.8657613104377208,0.4948926412341046,0.6469107781326735,0.3604615851806863,0.7892287234042553
BERTopic_topic_256,5.0,similarity+interactions,"All but Betweenness and Harmonic (Unweighted Clustering, No Square Clustering)",random_forest,2517.143007721053,25341,34592,0.9976594988354788,0.9617737003058104,0.9900918003861694,0.9402092675635276,0.9843505477308294,0.9653842259091162,0.8606122798016077,0.870679680437788,0.7640449438202247,0.985121378230227
BERTopic_topic_256,5.0,similarity+interactions,"All but Betweenness and Harmonic (Unweighted Clustering, No Square Clustering)",xgboost,2517.143007721053,25341,34592,0.9983629187321542,0.96714501510574,0.9931993577542994,0.9570254110612856,0.9774809160305344,0.9670810393414878,0.8654237288135593,0.871928021537501,0.7752808988764045,0.9792865362485615
BERTopic_topic_256,5.0,similarity+interactions,Core Number Only,logistic_regression,2517.143007721053,25341,34592,0.8443535976168123,0.5295746287440222,0.6360985586169877,0.3931240657698057,0.8111025443330764,0.7443555665360506,0.4795941895319345,0.5353053883689598,0.315821439416945,0.9961685823754788
BERTopic_topic_256,5.0,similarity+interactions,Core Number Only,random_forest,2517.143007721053,25341,34592,0.9429067835705408,0.8577878103837472,0.8827056152234751,0.78101644245142,0.9512972234865726,0.9025774897441832,0.7615580633418274,0.75189857921384,0.635286972365624,0.9504770558836892
BERTopic_topic_256,5.0,similarity+interactions,Core Number Only,xgboost,2517.143007721053,25341,34592,0.9315497512511636,0.8098958333333334,0.8466425076197491,0.6973094170403588,0.9658385093167702,0.883336444398093,0.7151584574264986,0.7159280810701942,0.5687822654114789,0.9629820051413882
BERTopic_topic_256,10.0,interactions,"All (Unweighted Clustering, No Square Clustering)",logistic_regression,57.454123605042696,31136,34592,0.8626792959851937,0.6347384683292872,0.6639945579605755,0.4730263157894737,0.9644533869885984,0.8418118798469825,0.5935130581297389,0.6213426745109407,0.427877315517765,0.968384879725086
BERTopic_topic_256,10.0,interactions,"All (Unweighted Clustering, No Square Clustering)",random_forest,57.454123605042696,31136,34592,0.9452082404500358,0.7785130400934216,0.8512820923300276,0.6578947368421053,0.9532888465204956,0.9302937536912058,0.7468049638822004,0.8055731554330408,0.6122077133313089,0.9572649572649572
BERTopic_topic_256,10.0,interactions,"All (Unweighted Clustering, No Square Clustering)",xgboost,57.454123605042696,31136,34592,0.9586601576549574,0.804932735426009,0.8692763236480504,0.7085526315789473,0.9316608996539792,0.943183598897372,0.770903904439294,0.8238454702066997,0.6565441846340723,0.9335060449050088
BERTopic_topic_256,10.0,interactions,"All but Betweenness and Harmonic (Unweighted Clustering, No Square Clustering)",logistic_regression,57.454123605042696,31136,34592,0.8641411542006354,0.6363636363636364,0.6633862631790168,0.4720394736842105,0.9761904761904762,0.8381089026351412,0.5990317827825721,0.615372685911659,0.4321287579714546,0.97599451303155
BERTopic_topic_256,10.0,interactions,"All but Betweenness and Harmonic (Unweighted Clustering, No Square Clustering)",random_forest,57.454123605042696,31136,34592,0.9446979599081348,0.7776697140634118,0.8473472148467479,0.6575657894736842,0.951451689671585,0.9307995479122748,0.7427301352102241,0.8035820703084313,0.6088672942605526,0.9520417853751189
BERTopic_topic_256,10.0,interactions,"All but Betweenness and Harmonic (Unweighted Clustering, No Square Clustering)",xgboost,57.454123605042696,31136,34592,0.9570257765199766,0.8061377245508982,0.8670783775248795,0.7085526315789473,0.9348958333333334,0.9438587673816856,0.772507606944693,0.8245382811980136,0.6553294867901609,0.940714908456844
BERTopic_topic_256,10.0,interactions,Core Number Only,logistic_regression,57.454123605042696,31136,34592,0.8063212898820584,0.6224809673085535,0.6273185417408336,0.4572368421052631,0.9747545582047684,0.7774576885247758,0.5891078618351345,0.5878544781917964,0.4221075007591861,0.9747545582047684
BERTopic_topic_256,10.0,interactions,Core Number Only,random_forest,57.454123605042696,31136,34592,0.8043183357248832,0.6223118279569892,0.6315937237884883,0.4569078947368421,0.9754213483146068,0.77625442007206,0.5880356385235469,0.5911658679156837,0.4208928029152748,0.9753694581280788
BERTopic_topic_256,10.0,interactions,Core Number Only,xgboost,57.454123605042696,31136,34592,0.8042900843723775,0.6223118279569892,0.6321122955742887,0.4569078947368421,0.9754213483146068,0.7759886673220229,0.5880356385235469,0.592794190964776,0.4208928029152748,0.9753694581280788
BERTopic_topic_256,10.0,similarity,"All (Unweighted Clustering, No Square Clustering)",logistic_regression,4206.936788156629,31136,34592,0.9505682116203094,0.7056277056277056,0.8175578816174943,0.5898026315789474,0.8780607247796278,0.9244877199875224,0.641385948026949,0.7483939096896949,0.5059216519890677,0.8759200841219769
BERTopic_topic_256,10.0,similarity,"All (Unweighted Clustering, No Square Clustering)",random_forest,4206.936788156629,31136,34592,0.9980876890136076,0.9489499743896193,0.990013475957763,0.9141447368421052,0.9865104721334752,0.9901469333619048,0.9105824446267432,0.9511257709379032,0.8426966292134831,0.9903640256959316
BERTopic_topic_256,10.0,similarity,"All (Unweighted Clustering, No Square Clustering)",xgboost,4206.936788156629,31136,34592,0.9983014649959536,0.9637669059943228,0.99317076299318,0.949342105263158,0.9786368260427264,0.9920180450100098,0.9231758277081324,0.9568296049477436,0.8721530519283328,0.9805394332536702
BERTopic_topic_256,10.0,similarity,"All but Betweenness and Harmonic (Unweighted Clustering, No Square Clustering)",logistic_regression,4206.936788156629,31136,34592,0.914190046719518,0.6688364524003255,0.759999873141367,0.5407894736842105,0.8763326226012793,0.8971178694388433,0.6354851178971782,0.7171059158884345,0.4992408138475554,0.8740031897926634
BERTopic_topic_256,10.0,similarity,"All but Betweenness and Harmonic (Unweighted Clustering, No Square Clustering)",random_forest,4206.936788156629,31136,34592,0.99755614678246,0.9501615921075012,0.9894675339255208,0.91875,0.9837971116590348,0.9901710874106158,0.9130434782608696,0.9519051837206164,0.8481627695110842,0.9886725663716814
BERTopic_topic_256,10.0,similarity,"All but Betweenness and Harmonic (Unweighted Clustering, No Square Clustering)",xgboost,4206.936788156629,31136,34592,0.9983962059592676,0.9664272590612994,0.9932114323647016,0.9516447368421052,0.981676280963692,0.991938766949348,0.925416133162612,0.955503470558047,0.8779228666869117,0.97834179357022
BERTopic_topic_256,10.0,similarity,Core Number Only,logistic_regression,4206.936788156629,31136,34592,0.8203044214947248,0.523913571255159,0.598474837821947,0.3549342105263158,1.0,0.7766446590731461,0.4915254237288136,0.5597523790147432,0.3258426966292135,1.0
BERTopic_topic_256,10.0,similarity,Core Number Only,random_forest,4206.936788156629,31136,34592,0.9374091987715052,0.8397543271915131,0.8658527678584156,0.7421052631578947,0.96699528504072,0.9245042479738566,0.8020574671869457,0.8121728653809192,0.6866079562708777,0.964179104477612
BERTopic_topic_256,10.0,similarity,Core Number Only,xgboost,4206.936788156629,31136,34592,0.9266482024037884,0.7831815539624104,0.8262475606553524,0.6648026315789474,0.9528524280999529,0.9071325144863408,0.7364541098415038,0.7628515977003225,0.6067415730337079,0.9367088607594936
BERTopic_topic_256,10.0,similarity+interactions,"All (Unweighted Clustering, No Square Clustering)",logistic_regression,3064.675852508982,31136,34592,0.9509383710736125,0.6993256644188814,0.8109648277568317,0.5799342105263158,0.8806193806193806,0.9299737501424672,0.6431718061674009,0.7520876775890731,0.5098694199817795,0.870850622406639
BERTopic_topic_256,10.0,similarity+interactions,"All (Unweighted Clustering, No Square Clustering)",random_forest,3064.675852508982,31136,34592,0.997958251455536,0.9501785410644448,0.9896896649636442,0.9190789473684212,0.9834565293910594,0.9903885563191546,0.9145187601957586,0.9521597082921472,0.8511995141208625,0.988015509340853
BERTopic_topic_256,10.0,similarity+interactions,"All (Unweighted Clustering, No Square Clustering)",xgboost,3064.675852508982,31136,34592,0.9981608404642728,0.9607482879572408,0.9920009409401924,0.9460526315789474,0.975907702748558,0.991870510780366,0.925291953287474,0.9559553756030372,0.8782265411478895,0.977687626774848
BERTopic_topic_256,10.0,similarity+interactions,"All but Betweenness and Harmonic (Unweighted Clustering, No Square Clustering)",logistic_regression,3064.675852508982,31136,34592,0.930960473395726,0.7244435690368328,0.796255716388968,0.6049342105263158,0.90279823269514,0.9147680027149556,0.6905745399924896,0.7535439288576986,0.5584573337382326,0.9045745204131824
BERTopic_topic_256,10.0,similarity+interactions,"All but Betweenness and Harmonic (Unweighted Clustering, No Square Clustering)",random_forest,3064.675852508982,31136,34592,0.9979728220349778,0.9540911400982552,0.9897334074732068,0.9263157894736842,0.983583653510304,0.990342377891824,0.914267122173418,0.9520318158359904,0.8533252353477072,0.98458304134548
BERTopic_topic_256,10.0,similarity+interactions,"All but Betweenness and Harmonic (Unweighted Clustering, No Square Clustering)",xgboost,3064.675852508982,31136,34592,0.9981784726801344,0.9610693400167084,0.9918904160695148,0.9460526315789474,0.9765704584040747,0.9916639861445506,0.9249720044792832,0.9551778496627136,0.8779228666869117,0.9773495605138608
BERTopic_topic_256,10.0,similarity+interactions,Core Number Only,logistic_regression,3064.675852508982,31136,34592,0.8217699735774338,0.5254237288135594,0.5999343859449653,0.3569078947368421,0.9954128440366972,0.7779409247369059,0.4930317569111263,0.5610888925627915,0.3276647433950804,0.9953874538745388
BERTopic_topic_256,10.0,similarity+interactions,Core Number Only,random_forest,3064.675852508982,31136,34592,0.9344601931067168,0.8331167625765732,0.860111202986633,0.7381578947368421,0.956114188325522,0.9222388805437192,0.7956683827445411,0.8082007853201755,0.680534467051321,0.9576923076923076
BERTopic_topic_256,10.0,similarity+interactions,Core Number Only,xgboost,3064.675852508982,31136,34592,0.9252813017492658,0.7873163186388245,0.8279208421745823,0.6697368421052632,0.9549718574108818,0.9059811973707704,0.7452485380116959,0.767563147689126,0.619192225933799,0.9357503441945848
BERTopic_topic_256,20.0,interactions,"All (Unweighted Clustering, No Square Clustering)",logistic_regression,54.89648542087525,33909,34592,0.8442221844573252,0.6103507271171942,0.6357179936907271,0.4459375,0.9668021680216802,0.8436745940943404,0.5982367758186398,0.6297765926695601,0.4327361068934102,0.9687287559483344
BERTopic_topic_256,20.0,interactions,"All (Unweighted Clustering, No Square Clustering)",random_forest,54.89648542087525,33909,34592,0.9384567685776156,0.7642215568862275,0.8295331742822484,0.638125,0.9524253731343284,0.9360082649439994,0.7503692762186115,0.8188526572744328,0.6170665047069541,0.957136128120584
BERTopic_topic_256,20.0,interactions,"All (Unweighted Clustering, No Square Clustering)",xgboost,54.89648542087525,33909,34592,0.9545171203881598,0.7887931034482759,0.8514537894110343,0.68625,0.9273648648648648,0.951829006760582,0.775031122176774,0.8409296854348148,0.6617066504706954,0.9351931330472104
BERTopic_topic_256,20.0,interactions,"All but Betweenness and Harmonic (Unweighted Clustering, No Square Clustering)",logistic_regression,54.89648542087525,33909,34592,0.8336793773812239,0.6129306678009357,0.6285238527510739,0.4503125,0.959387483355526,0.83776288218276,0.5999158603281447,0.6237915756564663,0.4330397813543881,0.976043805612594
BERTopic_topic_256,20.0,interactions,"All but Betweenness and Harmonic (Unweighted Clustering, No Square Clustering)",random_forest,54.89648542087525,33909,34592,0.9392910618629716,0.7609591607343574,0.8281087609149766,0.6346875,0.949953227315248,0.9342354140423575,0.7466666666666667,0.8133542792781784,0.6122077133313089,0.956810631229236
BERTopic_topic_256,20.0,interactions,"All but Betweenness and Harmonic (Unweighted Clustering, No Square Clustering)",xgboost,54.89648542087525,33909,34592,0.9535646156257124,0.7846098525710177,0.8501036053255445,0.681875,0.9237933954276036,0.951341535464193,0.7717372055958917,0.8374510978740587,0.6617066504706954,0.9256584536958368
BERTopic_topic_256,20.0,interactions,Core Number Only,logistic_regression,54.89648542087525,33909,34592,0.7904941853365464,0.5945945945945946,0.6031627091419612,0.4296875,0.9649122807017544,0.7802132099564512,0.5908994708994709,0.5899645145019741,0.4239295475250531,0.9748603351955308
BERTopic_topic_256,20.0,interactions,Core Number Only,random_forest,54.89648542087525,33909,34592,0.7885761604904099,0.6025917926565875,0.607963716926227,0.4359375,0.9755244755244756,0.7784806529950774,0.5907262333262757,0.5945907770656248,0.4236258730640753,0.9755244755244756
BERTopic_topic_256,20.0,interactions,Core Number Only,xgboost,54.89648542087525,33909,34592,0.7885293908137679,0.6025917926565875,0.6083916589109404,0.4359375,0.9755244755244756,0.7780977101758073,0.5907262333262757,0.5949106129863494,0.4236258730640753,0.9755244755244756
BERTopic_topic_256,20.0,similarity,"All (Unweighted Clustering, No Square Clustering)",logistic_regression,4241.246402621269,33909,34592,0.8995323744667688,0.6318452918850533,0.7064721279638602,0.54625,0.7492498928418345,0.8928299315225199,0.6236673773987207,0.6892652423797339,0.5329486790160948,0.7516059957173448
BERTopic_topic_256,20.0,similarity,"All (Unweighted Clustering, No Square Clustering)",random_forest,4241.246402621269,33909,34592,0.9980199921032924,0.941061543471182,0.9881440573897304,0.903125,0.982324949014276,0.9967657976186446,0.925937800577108,0.9804021834876604,0.8770118433039782,0.9806451612903224
BERTopic_topic_256,20.0,similarity,"All (Unweighted Clustering, No Square Clustering)",xgboost,4241.246402621269,33909,34592,0.997957642710606,0.9590085795996188,0.9922958094206842,0.943125,0.9754363283775048,0.9971512145421212,0.9449040112377088,0.9845791164893868,0.9192225933798968,0.9720616570327552
BERTopic_topic_256,20.0,similarity,"All but Betweenness and Harmonic (Unweighted Clustering, No Square Clustering)",logistic_regression,4241.246402621269,33909,34592,0.8842836892279137,0.6587084148727984,0.7278455551955935,0.5259375,0.881151832460733,0.8717128214687279,0.5823045267489712,0.6921831905311346,0.4296993622836319,0.9029993618379069
BERTopic_topic_256,20.0,similarity,"All but Betweenness and Harmonic (Unweighted Clustering, No Square Clustering)",random_forest,4241.246402621269,33909,34592,0.9969652422742517,0.9467033857119714,0.9880165931559358,0.913125,0.98284561049445,0.996196777907146,0.9296450271826032,0.9800960729367664,0.8827816580625569,0.9817629179331308
BERTopic_topic_256,20.0,similarity,"All but Betweenness and Harmonic (Unweighted Clustering, No Square Clustering)",xgboost,4241.246402621269,33909,34592,0.9977142185515648,0.9594037424674912,0.9919286490829324,0.9453125,0.9739214423696072,0.9972207805309772,0.9439924906132666,0.9844479121884664,0.9161858487701184,0.973539851565021
BERTopic_topic_256,20.0,similarity,Core Number Only,logistic_regression,4241.246402621269,33909,34592,0.7961816771956104,0.50187265917603,0.57031274343851,0.335,1.0,0.7773693921117233,0.4894495412844036,0.5571142717451933,0.3240206498633465,1.0
BERTopic_topic_256,20.0,similarity,Core Number Only,random_forest,4241.246402621269,33909,34592,0.9331980445472012,0.8223206377325066,0.8514933605848287,0.7253125,0.949284253578732,0.9291130723545372,0.8120063191153238,0.8416105502988832,0.7023990282417248,0.9621464226289518
BERTopic_topic_256,20.0,similarity,Core Number Only,xgboost,4241.246402621269,33909,34592,0.9125312408414472,0.74489601221141,0.7872377123758167,0.61,0.9563939245467908,0.909943664453178,0.7391058290888511,0.77494082236652,0.5948982690555724,0.975597609561753
BERTopic_topic_256,20.0,similarity+interactions,"All (Unweighted Clustering, No Square Clustering)",logistic_regression,3233.3410463280743,33909,34592,0.9169090494643264,0.5801588918313302,0.7149024960617865,0.445,0.8332358104154476,0.9146225690482948,0.5413070283600493,0.6984494314878532,0.3999392651078044,0.8372536554354736
BERTopic_topic_256,20.0,similarity+interactions,"All (Unweighted Clustering, No Square Clustering)",random_forest,3233.3410463280743,33909,34592,0.9978652023836658,0.9362049273943548,0.9864571591460723,0.8965625,0.9795151928986002,0.996719308715492,0.922286448298009,0.9785262008088824,0.8721530519283328,0.978534923339012
BERTopic_topic_256,20.0,similarity+interactions,"All (Unweighted Clustering, No Square Clustering)",xgboost,3233.3410463280743,33909,34592,0.998466878602364,0.9575142675967026,0.9919246191332102,0.94375,0.9716859716859716,0.9976131637557084,0.943236903831118,0.9842571596304626,0.9158821743091408,0.9722759509993552
BERTopic_topic_256,20.0,similarity+interactions,"All but Betweenness and Harmonic (Unweighted Clustering, No Square Clustering)",logistic_regression,3233.3410463280743,33909,34592,0.8815927334006317,0.6005242992538818,0.7012815993315231,0.4653125,0.8465036952814099,0.8709331002513718,0.5498863871101012,0.679083407516502,0.404190707561494,0.8598191214470284
BERTopic_topic_256,20.0,similarity+interactions,"All but Betweenness and Harmonic (Unweighted Clustering, No Square Clustering)",random_forest,3233.3410463280743,33909,34592,0.9976087018463644,0.9444534412955464,0.986057346112171,0.91125,0.9801680672268908,0.9961719980556064,0.9276010867828032,0.9779629617895006,0.8812632857576678,0.9790823211875844
BERTopic_topic_256,20.0,similarity+interactions,"All but Betweenness and Harmonic (Unweighted Clustering, No Square Clustering)",xgboost,3233.3410463280743,33909,34592,0.9983996039434692,0.9566043712385176,0.9915906781041356,0.94375,0.9698137443802184,0.9974202321394732,0.940863579474343,0.9834466541866688,0.91314910416034,0.9703130041949016
BERTopic_topic_256,20.0,similarity+interactions,Core Number Only,logistic_regression,3233.3410463280743,33909,34592,0.7978008381093491,0.5030359645025689,0.5717732388776116,0.3365625,0.9953789279112756,0.7789142615875422,0.4906178489702517,0.5584857256062792,0.3255390221682356,0.9953574744661096
BERTopic_topic_256,20.0,similarity+interactions,Core Number Only,random_forest,3233.3410463280743,33909,34592,0.933111888005145,0.8216863228304876,0.8503190698253169,0.729375,0.9407496977025392,0.9316800330874082,0.8092892329345531,0.839772410283139,0.698451260249013,0.9619406106231704
BERTopic_topic_256,20.0,similarity+interactions,Core Number Only,xgboost,3233.3410463280743,33909,34592,0.9124045373506138,0.7505660377358491,0.7870187354246594,0.6215625,0.9471428571428572,0.9109186652601724,0.7411167512690355,0.775045761705025,0.5985423625873064,0.972852912142152
BERTopic_topic_256,50.0,interactions,"All (Unweighted Clustering, No Square Clustering)",logistic_regression,57.39380596019328,34550,34592,0.8364431234041914,0.6048182586644125,0.6278359844507937,0.4384191176470588,0.9747956403269756,0.8365702184198378,0.6001679966400671,0.6303801667462197,0.4339508047373216,0.9727705922396188
BERTopic_topic_256,50.0,interactions,"All (Unweighted Clustering, No Square Clustering)",random_forest,57.39380596019328,34550,34592,0.93635490738199,0.7596100790877323,0.8245960123452037,0.6326593137254902,0.9502991256327658,0.936676719388663,0.7624229234675372,0.8249567565750578,0.6383237169754024,0.9464205312922108
BERTopic_topic_256,50.0,interactions,"All (Unweighted Clustering, No Square Clustering)",xgboost,57.39380596019328,34550,34592,0.9528173593040424,0.7816214298385666,0.8452462621250147,0.6749387254901961,0.9283607248209018,0.9529363139283906,0.7813645088117257,0.8457703655793343,0.6799271181293653,0.9183757178014766
BERTopic_topic_256,50.0,interactions,"All but Betweenness and Harmonic (Unweighted Clustering, No Square Clustering)",logistic_regression,57.39380596019328,34550,34592,0.8217786639203403,0.6002940558706155,0.6078461878258448,0.4378063725490196,0.9545758183032732,0.8283682136910386,0.6056043496445002,0.620559630002503,0.4397206194959004,0.9724647414372062
BERTopic_topic_256,50.0,interactions,"All but Betweenness and Harmonic (Unweighted Clustering, No Square Clustering)",random_forest,57.39380596019328,34550,34592,0.9351064730293448,0.7561380838102271,0.8212146037390651,0.6274509803921569,0.9512308406874128,0.9378061528099708,0.7580058224163028,0.82223270067886,0.6325539022168236,0.9455288243304584
BERTopic_topic_256,50.0,interactions,"All but Betweenness and Harmonic (Unweighted Clustering, No Square Clustering)",xgboost,57.39380596019328,34550,34592,0.9518395249848646,0.7811614730878187,0.8436298181931124,0.6758578431372549,0.9253355704697986,0.9528696732039196,0.7817578193255286,0.8445769577466369,0.6793197692074097,0.9205761316872428
BERTopic_topic_256,50.0,interactions,Core Number Only,logistic_regression,57.39380596019328,34550,34592,0.787521628025691,0.5952936188255247,0.5943731354409398,0.4301470588235294,0.9662766689607708,0.7818796161630104,0.5910725618785699,0.5905962821768038,0.424233221986031,0.9741980474198048
BERTopic_topic_256,50.0,interactions,Core Number Only,random_forest,57.39380596019328,34550,34592,0.7846168909494693,0.5945485519591142,0.5992233192848093,0.4276960784313725,0.9748603351955308,0.781218913911526,0.5908994708994709,0.5945890979567467,0.4239295475250531,0.9748603351955308
BERTopic_topic_256,50.0,interactions,Core Number Only,xgboost,57.39380596019328,34550,34592,0.7845453850889266,0.5945485519591142,0.5986392252197695,0.4276960784313725,0.9748603351955308,0.7806814754125416,0.5908994708994709,0.5952619974708402,0.4239295475250531,0.9748603351955308
BERTopic_topic_256,50.0,similarity,"All (Unweighted Clustering, No Square Clustering)",logistic_regression,4576.787268234417,34550,34592,0.923759133399892,0.5446464646464646,0.7109242332397754,0.4129901960784313,0.7995255041518387,0.927011010355562,0.534388314059647,0.7149519080512151,0.3999392651078044,0.8050122249388753
BERTopic_topic_256,50.0,similarity,"All (Unweighted Clustering, No Square Clustering)",random_forest,4576.787268234417,34550,34592,0.9978086322987292,0.940766550522648,0.9880576192889572,0.9099264705882352,0.9737704918032788,0.997601423888691,0.9403288958496476,0.9878144362144744,0.911630731855451,0.9708926261319534
BERTopic_topic_256,50.0,similarity,"All (Unweighted Clustering, No Square Clustering)",xgboost,4576.787268234417,34550,34592,0.9984805739082696,0.9557384687063208,0.9921463379392456,0.9427083333333334,0.9691338582677166,0.9986403147984216,0.955040662881694,0.9915886259681052,0.9450349225630124,0.9652605459057072
BERTopic_topic_256,50.0,similarity,"All but Betweenness and Harmonic (Unweighted Clustering, No Square Clustering)",logistic_regression,4576.787268234417,34550,34592,0.8866413832441499,0.6091471939285001,0.6947256442537254,0.4672181372549019,0.8749282845668388,0.8877247193679386,0.6068664417543164,0.6972614662398066,0.4643182508351047,0.8757159221076747
BERTopic_topic_256,50.0,similarity,"All but Betweenness and Harmonic (Unweighted Clustering, No Square Clustering)",random_forest,4576.787268234417,34550,34592,0.9975542488778416,0.943217665615142,0.9877658781761528,0.9160539215686274,0.9720416124837452,0.9977570110849666,0.9451200498908636,0.9876174076296228,0.920437291223808,0.9711630887536046
BERTopic_topic_256,50.0,similarity,"All but Betweenness and Harmonic (Unweighted Clustering, No Square Clustering)",xgboost,4576.787268234417,34550,34592,0.9985958822495308,0.9573180195561074,0.99187069106097,0.9448529411764706,0.97011638880151,0.9984870173613324,0.9531418036564756,0.9915328157673552,0.9419981779532342,0.9645522388059702
BERTopic_topic_256,50.0,similarity,Core Number Only,logistic_regression,4576.787268234417,34550,34592,0.7836773115801969,0.4927268529208035,0.5597730977646342,0.3268995098039216,1.0,0.776402851770877,0.4891030052764396,0.5550610638355209,0.3237169754023686,1.0
BERTopic_topic_256,50.0,similarity,Core Number Only,random_forest,4576.787268234417,34550,34592,0.9342879845555176,0.8275050437121722,0.8550420047587327,0.7539828431372549,0.9169150521609538,0.9343240936990028,0.8288557213930349,0.8562847272197547,0.7588824779836015,0.9130434782608696
BERTopic_topic_256,50.0,similarity,Core Number Only,xgboost,4576.787268234417,34550,34592,0.914325138616784,0.7561409754360983,0.786383861780165,0.6507352941176471,0.9022939677145284,0.9160767213698868,0.7597035991531405,0.7902940167069784,0.6538111144852717,0.9065263157894736
BERTopic_topic_256,50.0,similarity+interactions,"All (Unweighted Clustering, No Square Clustering)",logistic_regression,3275.5345940510742,34550,34592,0.9273292167423126,0.5489716961922215,0.7207972587331498,0.4129901960784313,0.8184578020643595,0.931546441162644,0.5416751579376401,0.7247271822519894,0.4035833586395384,0.8234200743494424
BERTopic_topic_256,50.0,similarity+interactions,"All (Unweighted Clustering, No Square Clustering)",random_forest,3275.5345940510742,34550,34592,0.9974923398049368,0.9353503184713376,0.9854961203949693,0.8998161764705882,0.9738063660477454,0.9975724914230328,0.9316750629722922,0.9851478701745392,0.8985727300334042,0.96730957829356
BERTopic_topic_256,50.0,similarity+interactions,"All (Unweighted Clustering, No Square Clustering)",xgboost,3275.5345940510742,34550,34592,0.9981286166179696,0.9486104642136314,0.990392554153262,0.935968137254902,0.961598992760466,0.998056222456004,0.9498924070089148,0.9903864791487526,0.9383540844215,0.96171802054155
BERTopic_topic_256,50.0,similarity+interactions,"All but Betweenness and Harmonic (Unweighted Clustering, No Square Clustering)",logistic_regression,3275.5345940510742,34550,34592,0.887463289349493,0.6200559328805434,0.7012700070241191,0.4754901960784313,0.8909299655568312,0.8885007439825395,0.6177927481672281,0.7029959702538916,0.4734284846644397,0.8888255416191562
BERTopic_topic_256,50.0,similarity+interactions,"All but Betweenness and Harmonic (Unweighted Clustering, No Square Clustering)",random_forest,3275.5345940510742,34550,34592,0.997260827095813,0.9390147315064152,0.9842528687833622,0.9080882352941176,0.9721220072154804,0.9974665755070844,0.9375979931012856,0.9849939080030138,0.907986638323717,0.9692058346839546
BERTopic_topic_256,50.0,similarity+interactions,"All but Betweenness and Harmonic (Unweighted Clustering, No Square Clustering)",xgboost,3275.5345940510742,34550,34592,0.9983979338155384,0.9506517690875232,0.9903436926029218,0.9384191176470588,0.9632075471698112,0.9983823579022264,0.9510360706062932,0.9904566758800388,0.9407834801093228,0.9615145872129112
BERTopic_topic_256,50.0,similarity+interactions,Core Number Only,logistic_regression,3275.5345940510742,34550,34592,0.7852874860709482,0.4938954158028104,0.5611278170013211,0.3284313725490196,0.9953574744661096,0.7779408228620268,0.4909631663234958,0.556155795035563,0.3258426966292135,0.9953617810760668
BERTopic_topic_256,50.0,similarity+interactions,Core Number Only,random_forest,3275.5345940510742,34550,34592,0.9349952335301888,0.8234897063786702,0.8520697666426965,0.7475490196078431,0.9166040570999248,0.9360404185963104,0.8227068420176461,0.851799664727336,0.7503795930762223,0.9104642593957258
BERTopic_topic_256,50.0,similarity+interactions,Core Number Only,xgboost,3275.5345940510742,34550,34592,0.9136697808438404,0.7546494992846924,0.7857790329236474,0.6464460784313726,0.9063573883161512,0.9142102329008182,0.7437868764527087,0.7811106541384228,0.63164287883389,0.9043478260869564
BERTopic_topic_256,100.0,interactions,"All (Unweighted Clustering, No Square Clustering)",logistic_regression,58.28884152788669,34592,34592,0.846051621243132,0.6020514967552858,0.6337966349153124,0.4366838748861221,0.9690026954177896,0.846051621243132,0.6020514967552858,0.6337966349153124,0.4366838748861221,0.9690026954177896
BERTopic_topic_256,100.0,interactions,"All (Unweighted Clustering, No Square Clustering)",random_forest,58.28884152788669,34592,34592,0.9383108118538156,0.7648335745296672,0.8297526240718099,0.6419678105071364,0.94586129753915,0.9383108118538156,0.7648335745296672,0.8297526240718099,0.6419678105071364,0.94586129753915
BERTopic_topic_256,100.0,interactions,"All (Unweighted Clustering, No Square Clustering)",xgboost,58.28884152788669,34592,34592,0.952175032064148,0.7796312554872695,0.844093535507081,0.6741573033707865,0.9242298084929226,0.952175032064148,0.7796312554872695,0.844093535507081,0.6741573033707865,0.9242298084929226
BERTopic_topic_256,100.0,interactions,"All but Betweenness and Harmonic (Unweighted Clustering, No Square Clustering)",logistic_regression,58.28884152788669,34592,34592,0.8374278545149496,0.5989057239057239,0.6270975645739526,0.4321287579714546,0.9753255654557916,0.8374278545149496,0.5989057239057239,0.6270975645739526,0.4321287579714546,0.9753255654557916
BERTopic_topic_256,100.0,interactions,"All but Betweenness and Harmonic (Unweighted Clustering, No Square Clustering)",random_forest,58.28884152788669,34592,34592,0.93607517248363,0.7641509433962265,0.8256247521816268,0.6395384148193137,0.9490761604326272,0.93607517248363,0.7641509433962265,0.8256247521816268,0.6395384148193137,0.9490761604326272
BERTopic_topic_256,100.0,interactions,"All but Betweenness and Harmonic (Unweighted Clustering, No Square Clustering)",xgboost,58.28884152788669,34592,34592,0.9516395776997132,0.7808484421756733,0.844254637009772,0.6735499544488308,0.9288107202680068,0.9516395776997132,0.7808484421756733,0.844254637009772,0.6735499544488308,0.9288107202680068
BERTopic_topic_256,100.0,interactions,Core Number Only,logistic_regression,58.28884152788669,34592,34592,0.7805066241617504,0.5910725618785699,0.5899280215795993,0.424233221986031,0.9741980474198048,0.7805066241617504,0.5910725618785699,0.5899280215795993,0.424233221986031,0.9741980474198048
BERTopic_topic_256,100.0,interactions,Core Number Only,random_forest,58.28884152788669,34592,34592,0.7804558225553835,0.5908994708994709,0.5951874621363065,0.4239295475250531,0.9748603351955308,0.7804558225553835,0.5908994708994709,0.5951874621363065,0.4239295475250531,0.9748603351955308
BERTopic_topic_256,100.0,interactions,Core Number Only,xgboost,58.28884152788669,34592,34592,0.7804561233288361,0.5908994708994709,0.5958120621247136,0.4239295475250531,0.9748603351955308,0.7804561233288361,0.5908994708994709,0.5958120621247136,0.4239295475250531,0.9748603351955308
BERTopic_topic_256,100.0,similarity,"All (Unweighted Clustering, No Square Clustering)",logistic_regression,4311.405970411375,34592,34592,0.9235593293632984,0.5570334542523177,0.7153317417891095,0.4196781050713635,0.8280407429598562,0.9235593293632984,0.5570334542523177,0.7153317417891095,0.4196781050713635,0.8280407429598562
BERTopic_topic_256,100.0,similarity,"All (Unweighted Clustering, No Square Clustering)",random_forest,4311.405970411375,34592,34592,0.9977380672086428,0.9416758371325264,0.9875902006065252,0.909505010628606,0.976205997392438,0.9977380672086428,0.9416758371325264,0.9875902006065252,0.909505010628606,0.976205997392438
BERTopic_topic_256,100.0,similarity,"All (Unweighted Clustering, No Square Clustering)",xgboost,4311.405970411375,34592,34592,0.9983087993883472,0.9559729064039408,0.9916213175648398,0.9429092013361676,0.9694036840462068,0.9983087993883472,0.9559729064039408,0.9916213175648398,0.9429092013361676,0.9694036840462068
BERTopic_topic_256,100.0,similarity,"All but Betweenness and Harmonic (Unweighted Clustering, No Square Clustering)",logistic_regression,4311.405970411375,34592,34592,0.8889013402629986,0.6191987306624356,0.6997402140439635,0.4740358335863954,0.8925100057175529,0.8889013402629986,0.6191987306624356,0.6997402140439635,0.4740358335863954,0.8925100057175529
BERTopic_topic_256,100.0,similarity,"All but Betweenness and Harmonic (Unweighted Clustering, No Square Clustering)",random_forest,4311.405970411375,34592,34592,0.997841703067774,0.9434257953298856,0.987684275326173,0.9140601275432736,0.9747409326424872,0.997841703067774,0.9434257953298856,0.987684275326173,0.9140601275432736,0.9747409326424872
BERTopic_topic_256,100.0,similarity,"All but Betweenness and Harmonic (Unweighted Clustering, No Square Clustering)",xgboost,4311.405970411375,34592,34592,0.99815133963477,0.9542443383145894,0.9914950374119356,0.940479805648345,0.968417761100688,0.99815133963477,0.9542443383145894,0.9914950374119356,0.940479805648345,0.968417761100688
BERTopic_topic_256,100.0,similarity,Core Number Only,logistic_regression,4311.405970411375,34592,34592,0.7766820423025831,0.4891030052764396,0.5556982905573655,0.3237169754023686,1.0,0.7766820423025831,0.4891030052764396,0.5556982905573655,0.3237169754023686,1.0
BERTopic_topic_256,100.0,similarity,Core Number Only,random_forest,4311.405970411375,34592,34592,0.9325768813085958,0.8303957432657133,0.854216290865036,0.758275129061646,0.9176773245130466,0.9325768813085958,0.8303957432657133,0.854216290865036,0.758275129061646,0.9176773245130466
BERTopic_topic_256,100.0,similarity,Core Number Only,xgboost,4311.405970411375,34592,34592,0.9142957689897662,0.7577903682719547,0.7861355166436561,0.64986334649256,0.9087048832271762,0.9142957689897662,0.7577903682719547,0.7861355166436561,0.64986334649256,0.9087048832271762
BERTopic_topic_256,100.0,similarity+interactions,"All (Unweighted Clustering, No Square Clustering)",logistic_regression,3234.315241044038,34592,34592,0.9000999508992189,0.6043547530536378,0.6621826221867146,0.5183723048891589,0.7245331069609507,0.9000999508992189,0.6043547530536378,0.6621826221867146,0.5183723048891589,0.7245331069609507
BERTopic_topic_256,100.0,similarity+interactions,"All (Unweighted Clustering, No Square Clustering)",random_forest,3234.315241044038,34592,34592,0.9967143896141878,0.9361434413337528,0.9843813204106978,0.9037351958700274,0.9709624796084828,0.9967143896141878,0.9361434413337528,0.9843813204106978,0.9037351958700274,0.9709624796084828
BERTopic_topic_256,100.0,similarity+interactions,"All (Unweighted Clustering, No Square Clustering)",xgboost,3234.315241044038,34592,34592,0.9980821956989844,0.9526891662813992,0.990720315967899,0.938657758882478,0.9671464330413015,0.9980821956989844,0.9526891662813992,0.990720315967899,0.938657758882478,0.9671464330413015
BERTopic_topic_256,100.0,similarity+interactions,"All but Betweenness and Harmonic (Unweighted Clustering, No Square Clustering)",logistic_regression,3234.315241044038,34592,34592,0.9084022781279864,0.6574279379157428,0.7410081206419028,0.5402368660795627,0.8395469561113733,0.9084022781279864,0.6574279379157428,0.7410081206419028,0.5402368660795627,0.8395469561113733
BERTopic_topic_256,100.0,similarity+interactions,"All but Betweenness and Harmonic (Unweighted Clustering, No Square Clustering)",random_forest,3234.315241044038,34592,34592,0.9967518553137652,0.9377840463877136,0.9842311367454086,0.9085939872456726,0.9689119170984456,0.9967518553137652,0.9377840463877136,0.9842311367454086,0.9085939872456726,0.9689119170984456
BERTopic_topic_256,100.0,similarity+interactions,"All but Betweenness and Harmonic (Unweighted Clustering, No Square Clustering)",xgboost,3234.315241044038,34592,34592,0.9983021629676528,0.9506381669998464,0.9902897219815798,0.938657758882478,0.9629283489096572,0.9983021629676528,0.9506381669998464,0.9902897219815798,0.938657758882478,0.9629283489096572
BERTopic_topic_256,100.0,similarity+interactions,Core Number Only,logistic_regression,3234.315241044038,34592,34592,0.7782229871699651,0.4906178489702517,0.5567592641663708,0.3255390221682356,0.9953574744661096,0.7782229871699651,0.4906178489702517,0.5567592641663708,0.3255390221682356,0.9953574744661096
BERTopic_topic_256,100.0,similarity+interactions,Core Number Only,random_forest,3234.315241044038,34592,34592,0.9344267205117124,0.8229792919171677,0.8506583783771954,0.7482538718493774,0.9142857142857144,0.9344267205117124,0.8229792919171677,0.8506583783771954,0.7482538718493774,0.9142857142857144
BERTopic_topic_256,100.0,similarity+interactions,Core Number Only,xgboost,3234.315241044038,34592,34592,0.9134756956179256,0.7528409090909091,0.782444515103369,0.6437898572730033,0.9063702436938864,0.9134756956179256,0.7528409090909091,0.782444515103369,0.6437898572730033,0.9063702436938864
BERTopic_topic_512,1.0,interactions,"All (Unweighted Clustering, No Square Clustering)",logistic_regression,10.678695421665909,5782,34592,0.9444313970492112,0.780373831775701,0.8502552819587791,0.6706827309236948,0.9329608938547486,0.6195752415208398,0.1858431265373052,0.229883009062319,0.1032493167324628,0.9289617486338798
BERTopic_topic_512,1.0,interactions,"All (Unweighted Clustering, No Square Clustering)",random_forest,10.678695421665909,5782,34592,0.9788582794463244,0.8969298245614035,0.9363133783813388,0.821285140562249,0.9879227053140096,0.6282237832493773,0.2206040992448759,0.2449507396505883,0.1242028545399332,0.9855421686746988
BERTopic_topic_512,1.0,interactions,"All (Unweighted Clustering, No Square Clustering)",xgboost,10.678695421665909,5782,34592,0.9835424210087892,0.8943436499466382,0.9414639453774242,0.8413654618473896,0.9544419134396356,0.6273995524122337,0.2225201072386059,0.2414828690272575,0.1260249013058001,0.9496567505720824
BERTopic_topic_512,1.0,interactions,"All but Betweenness and Harmonic (Unweighted Clustering, No Square Clustering)",logistic_regression,10.678695421665909,5782,34592,0.9500042182355464,0.784037558685446,0.8542058708354615,0.6706827309236948,0.943502824858757,0.6176713019057483,0.1877394636015325,0.2290528062055052,0.1041603401153963,0.9501385041551248
BERTopic_topic_512,1.0,interactions,"All but Betweenness and Harmonic (Unweighted Clustering, No Square Clustering)",random_forest,10.678695421665909,5782,34592,0.9775916687187812,0.8852097130242825,0.9341638055458804,0.8052208835341366,0.982843137254902,0.6264350156106757,0.2171799027552674,0.243348167196053,0.1220771333130883,0.982885085574572
BERTopic_topic_512,1.0,interactions,"All but Betweenness and Harmonic (Unweighted Clustering, No Square Clustering)",xgboost,10.678695421665909,5782,34592,0.984459412213578,0.8831725616291533,0.9419912170176196,0.8273092369477911,0.9471264367816092,0.6276005175903618,0.2200160987389321,0.2418421084950009,0.124506529000911,0.9447004608294932
BERTopic_topic_512,1.0,interactions,Core Number Only,logistic_regression,10.678695421665909,5782,34592,0.8934296991143985,0.7459727385377943,0.7778361263229343,0.6044176706827309,0.9741100323624596,0.5444965167377952,0.165924276169265,0.2050673872024948,0.0904949893713938,0.9966555183946488
BERTopic_topic_512,1.0,interactions,Core Number Only,random_forest,10.678695421665909,5782,34592,0.8930369471831305,0.7484811664641555,0.7913895059433877,0.6184738955823293,0.9476923076923076,0.5615802353886028,0.1702598120508568,0.2069938110234883,0.0935317339811721,0.9476923076923076
BERTopic_topic_512,1.0,interactions,Core Number Only,xgboost,10.678695421665909,5782,34592,0.8917965579197942,0.7503045066991474,0.7918100992150237,0.6184738955823293,0.953560371517028,0.5614120981774614,0.169115608538952,0.2068202716453284,0.0926207105982386,0.9713375796178344
BERTopic_topic_512,1.0,similarity,"All (Unweighted Clustering, No Square Clustering)",logistic_regression,471.7021264433861,5782,34592,0.8364373466614375,0.1217712177121771,0.4632349038151503,0.0662650602409638,0.75,0.5641178755610382,0.0036374658987571,0.1472339894557909,0.0018220467658669,1.0
BERTopic_topic_512,1.0,similarity,"All (Unweighted Clustering, No Square Clustering)",random_forest,471.7021264433861,5782,34592,0.9979418050703952,0.9700722394220846,0.9937220315747056,0.9437751004016064,0.9978768577494692,0.6407424934198773,0.2483382079234246,0.2586980485411973,0.1418159732766474,0.997863247863248
BERTopic_topic_512,1.0,similarity,"All (Unweighted Clustering, No Square Clustering)",xgboost,471.7021264433861,5782,34592,0.9987254088268288,0.9756592292089248,0.993348175846106,0.9658634538152612,0.985655737704918,0.6409571195341713,0.2520518930368017,0.2576315153928105,0.1445490434254479,0.9834710743801652
BERTopic_topic_512,1.0,similarity,"All but Betweenness and Harmonic (Unweighted Clustering, No Square Clustering)",logistic_regression,471.7021264433861,5782,34592,0.92496252990767,0.6306306306306306,0.680953686237754,0.4919678714859438,0.8781362007168458,0.6013148389095714,0.1360963315597871,0.2012788567922629,0.0737928940176131,0.8741007194244604
BERTopic_topic_512,1.0,similarity,"All but Betweenness and Harmonic (Unweighted Clustering, No Square Clustering)",random_forest,471.7021264433861,5782,34592,0.9980700622322752,0.9625779625779626,0.9924613694458736,0.929718875502008,0.9978448275862069,0.6409983788601981,0.2469398616285258,0.2588931089183174,0.1409049498937139,0.9978494623655914
BERTopic_topic_512,1.0,similarity,"All but Betweenness and Harmonic (Unweighted Clustering, No Square Clustering)",xgboost,471.7021264433861,5782,34592,0.99867714613184,0.9631147540983608,0.9929551821588244,0.9437751004016064,0.9832635983263598,0.63932421075809,0.2497348886532343,0.2556579193341906,0.1430306711205587,0.9832985386221296
BERTopic_topic_512,1.0,similarity,Core Number Only,logistic_regression,471.7021264433861,5782,34592,0.7612681992162442,0.0,0.2069423401059971,0.0,0.0,0.495142906539006,0.0,0.1104166329351248,0.0,0.0
BERTopic_topic_512,1.0,similarity,Core Number Only,random_forest,471.7021264433861,5782,34592,0.9260210790170522,0.8550420168067226,0.8604659699521149,0.8172690763052208,0.8964757709251101,0.6192345525204637,0.2176580421445718,0.2326168284783716,0.1238991800789553,0.8947368421052632
BERTopic_topic_512,1.0,similarity,Core Number Only,xgboost,471.7021264433861,5782,34592,0.9349836894892212,0.8523206751054853,0.8630863901326392,0.8112449799196787,0.8977777777777778,0.6197082076427757,0.2149732620320855,0.2321960686950617,0.1220771333130883,0.8993288590604027
BERTopic_topic_512,1.0,similarity+interactions,"All (Unweighted Clustering, No Square Clustering)",logistic_regression,462.0283669589553,5782,34592,0.9032640782661304,0.2279792746113989,0.5628054184270251,0.1325301204819277,0.8148148148148148,0.5936609986491682,0.0292537313432835,0.1807904282407051,0.0148800485879137,0.8596491228070176
BERTopic_topic_512,1.0,similarity+interactions,"All (Unweighted Clustering, No Square Clustering)",random_forest,462.0283669589553,5782,34592,0.9973943845024305,0.972250770811922,0.9941782549120336,0.9497991967871486,0.9957894736842106,0.6413981989511022,0.250730411686587,0.2593923803311704,0.1433343455815366,1.0
BERTopic_topic_512,1.0,similarity+interactions,"All (Unweighted Clustering, No Square Clustering)",xgboost,462.0283669589553,5782,34592,0.9991761139942054,0.967741935483871,0.9946821090275412,0.963855421686747,0.97165991902834,0.6408292229002658,0.2546895640686922,0.2575515155446845,0.1463710901913149,0.9796747967479674
BERTopic_topic_512,1.0,similarity+interactions,"All but Betweenness and Harmonic (Unweighted Clustering, No Square Clustering)",logistic_regression,462.0283669589553,5782,34592,0.9518376306132934,0.6961583236321304,0.7358054348931121,0.6004016064257028,0.8282548476454293,0.6116032314595216,0.1621917808219178,0.2105984597745991,0.0898876404494382,0.8291316526610645
BERTopic_topic_512,1.0,similarity+interactions,"All but Betweenness and Harmonic (Unweighted Clustering, No Square Clustering)",random_forest,462.0283669589553,5782,34592,0.998256652651484,0.9638055842812824,0.9940929445645847,0.9357429718875502,0.9936034115138592,0.6407078802169143,0.249667994687915,0.2586214708889743,0.1427269966595809,0.9957627118644068
BERTopic_topic_512,1.0,similarity+interactions,"All but Betweenness and Harmonic (Unweighted Clustering, No Square Clustering)",xgboost,462.0283669589553,5782,34592,0.998974322726181,0.9601634320735444,0.9929608051744144,0.9437751004016064,0.9771309771309772,0.6404623666095207,0.2523142025919069,0.2571210083787548,0.1448527178864257,0.9774590163934426
BERTopic_topic_512,1.0,similarity+interactions,Core Number Only,logistic_regression,462.0283669589553,5782,34592,0.7644919192287698,0.0,0.2087687756792135,0.0,0.0,0.4951991802817349,0.0,0.1107219724172809,0.0,0.0
BERTopic_topic_512,1.0,similarity+interactions,Core Number Only,random_forest,462.0283669589553,5782,34592,0.9226113386171484,0.8520833333333333,0.8569279339689407,0.821285140562249,0.8852813852813853,0.6202565176467132,0.2193823216187433,0.2326916634570368,0.1251138779228666,0.8898488120950324
BERTopic_topic_512,1.0,similarity+interactions,Core Number Only,xgboost,462.0283669589553,5782,34592,0.9341408024224072,0.8475289169295478,0.8601535428833947,0.8092369477911646,0.8896247240618101,0.6208877974628828,0.2162883845126836,0.2327823003617865,0.1229881566960218,0.8960176991150443
BERTopic_topic_512,5.0,interactions,"All (Unweighted Clustering, No Square Clustering)",logistic_regression,47.022047240287066,17155,34592,0.8818357043107283,0.7525801952580196,0.77819636769909,0.6202298850574712,0.9567375886524824,0.7955420270890737,0.5837381203801478,0.5804983963578483,0.4196781050713635,0.9583911234396671
BERTopic_topic_512,5.0,interactions,"All (Unweighted Clustering, No Square Clustering)",random_forest,47.022047240287066,17155,34592,0.9704115525681752,0.8534218590398366,0.9182401252377588,0.7682758620689655,0.9597932222860424,0.8559851253750367,0.6665345749950465,0.6682238948934212,0.5107804433647131,0.9589509692132268
BERTopic_topic_512,5.0,interactions,"All (Unweighted Clustering, No Square Clustering)",xgboost,47.022047240287066,17155,34592,0.973797891441462,0.864570438227284,0.9236609331475092,0.8027586206896552,0.9366952789699572,0.8591356545223758,0.677487922705314,0.6675121384148385,0.5323413300941391,0.9314558979808714
BERTopic_topic_512,5.0,interactions,"All but Betweenness and Harmonic (Unweighted Clustering, No Square Clustering)",logistic_regression,47.022047240287066,17155,34592,0.8916862022927121,0.7534361851332398,0.7828004447148005,0.6174712643678161,0.9661870503597122,0.7907323685122525,0.5784209406256651,0.5761800792631326,0.4126935924688734,0.9665718349928876
BERTopic_topic_512,5.0,interactions,"All but Betweenness and Harmonic (Unweighted Clustering, No Square Clustering)",random_forest,47.022047240287066,17155,34592,0.9690991513589,0.8514548238897397,0.9161509105279226,0.766896551724138,0.9569707401032702,0.8555070459722618,0.6670632559984137,0.6670461544440489,0.5107804433647131,0.9611428571428572
BERTopic_topic_512,5.0,interactions,"All but Betweenness and Harmonic (Unweighted Clustering, No Square Clustering)",xgboost,47.022047240287066,17155,34592,0.9743072602550528,0.8650519031141869,0.9246528501772198,0.8045977011494253,0.9353287012292892,0.8592486386144582,0.6758273659763886,0.6677372454232611,0.5302156088672942,0.9316969050160084
BERTopic_topic_512,5.0,interactions,Core Number Only,logistic_regression,47.022047240287066,17155,34592,0.8519467796141982,0.7372033171289677,0.7449990384601433,0.5926436781609196,0.975037821482602,0.7236832130972052,0.554709593212965,0.5294322924050502,0.3871849377467355,0.977760736196319
BERTopic_topic_512,5.0,interactions,Core Number Only,random_forest,47.022047240287066,17155,34592,0.8502756625692494,0.7352006930407161,0.7475654993190362,0.585287356321839,0.9883540372670808,0.7200353162366525,0.556014792255819,0.5266838027960286,0.388095961129669,0.9800613496932516
BERTopic_topic_512,5.0,interactions,Core Number Only,xgboost,47.022047240287066,17155,34592,0.8503523625370226,0.7352006930407161,0.7507887014519976,0.585287356321839,0.9883540372670808,0.7200705212841509,0.556014792255819,0.5287536270084856,0.388095961129669,0.9800613496932516
BERTopic_topic_512,5.0,similarity,"All (Unweighted Clustering, No Square Clustering)",logistic_regression,2203.420124510303,17155,34592,0.965567944999463,0.8315954118873827,0.9012344707671736,0.7333333333333333,0.9602649006622516,0.8557294824939519,0.665868263473054,0.6671204628528202,0.5065290009110234,0.9714618520675598
BERTopic_topic_512,5.0,similarity,"All (Unweighted Clustering, No Square Clustering)",random_forest,2203.420124510303,17155,34592,0.9980833448429324,0.9576795054683784,0.9926866430760412,0.9259770114942528,0.9916297390448056,0.9004627710042786,0.7592800899887514,0.7362639177192192,0.6149407834801093,0.9921607055365016
BERTopic_topic_512,5.0,similarity,"All (Unweighted Clustering, No Square Clustering)",xgboost,2203.420124510303,17155,34592,0.9988361800408206,0.9718670076726342,0.9958183330110522,0.960919540229885,0.9830667920978364,0.900819410700008,0.7703676334749676,0.7337682442712539,0.6331612511387792,0.983490566037736
BERTopic_topic_512,5.0,similarity,"All but Betweenness and Harmonic (Unweighted Clustering, No Square Clustering)",logistic_regression,2203.420124510303,17155,34592,0.9728068996209503,0.8744654088050314,0.9303126317346058,0.799080459770115,0.9655555555555556,0.8492097813040327,0.664453125,0.6604297935946939,0.5165502581232918,0.9310344827586208
BERTopic_topic_512,5.0,similarity,"All but Betweenness and Harmonic (Unweighted Clustering, No Square Clustering)",random_forest,2203.420124510303,17155,34592,0.9979317404048308,0.9612109744560076,0.9923791382107836,0.9342528735632184,0.9897710667316124,0.9004161074584762,0.7596405840509173,0.7355946395563263,0.6161554813240206,0.990239141044412
BERTopic_topic_512,5.0,similarity,"All but Betweenness and Harmonic (Unweighted Clustering, No Square Clustering)",xgboost,2203.420124510303,17155,34592,0.9990367846784218,0.9713886950453594,0.9957059850332984,0.96,0.9830508474576272,0.900753192028607,0.772668513388735,0.7334351785223627,0.635286972365624,0.9858623939679548
BERTopic_topic_512,5.0,similarity,Core Number Only,logistic_regression,2203.420124510303,17155,34592,0.869105182388779,0.6299212598425197,0.7061161366435098,0.4597701149425287,1.0,0.7023522579698586,0.4608553400327179,0.5011030393071026,0.2994230185241421,1.0
BERTopic_topic_512,5.0,similarity,Core Number Only,random_forest,2203.420124510303,17155,34592,0.9533274711109064,0.8897618463049349,0.915951606931866,0.833103448275862,0.9546891464699684,0.8489489816135927,0.6999614346317007,0.6586179687921545,0.5511691466747647,0.9587955625990492
BERTopic_topic_512,5.0,similarity,Core Number Only,xgboost,2203.420124510303,17155,34592,0.94790100210242,0.8563437579455886,0.8926046369081077,0.7742528735632184,0.9579067121729238,0.8326446688531344,0.6706515242080096,0.637487216766367,0.5110841178256909,0.9750869061413672
BERTopic_topic_512,5.0,similarity+interactions,"All (Unweighted Clustering, No Square Clustering)",logistic_regression,2169.4796642190777,17155,34592,0.9371848748522934,0.705824039653036,0.7881497036790248,0.654712643678161,0.7655913978494624,0.8193837759326265,0.5164741121095422,0.5808631882940187,0.3665350744002429,0.8740043446777698
BERTopic_topic_512,5.0,similarity+interactions,"All (Unweighted Clustering, No Square Clustering)",random_forest,2169.4796642190777,17155,34592,0.9981454966775624,0.9566042210101968,0.9925649324415424,0.9273563218390805,0.9877571008814888,0.8987645555795237,0.7601572739187418,0.7345704640680581,0.6164591557849984,0.9912109375
BERTopic_topic_512,5.0,similarity+interactions,"All (Unweighted Clustering, No Square Clustering)",xgboost,2169.4796642190777,17155,34592,0.9987624879149212,0.970950499651406,0.9950010165412718,0.9604597701149424,0.9816729323308272,0.9009616183288316,0.77079107505071,0.7336527967762042,0.6346796234436684,0.9812206572769951
BERTopic_topic_512,5.0,similarity+interactions,"All but Betweenness and Harmonic (Unweighted Clustering, No Square Clustering)",logistic_regression,2169.4796642190777,17155,34592,0.9504077467274372,0.7872178544255642,0.8649296807436596,0.7135632183908046,0.8778280542986425,0.8346561883405326,0.6138965653375444,0.6259096209076023,0.4722137868205284,0.8770445572476029
BERTopic_topic_512,5.0,similarity+interactions,"All but Betweenness and Harmonic (Unweighted Clustering, No Square Clustering)",random_forest,2169.4796642190777,17155,34592,0.9984184122891824,0.9597537878787878,0.9915303646274756,0.9319540229885056,0.9892630551488532,0.8992557283298525,0.7624743038684358,0.7339278440789818,0.6194959003947768,0.9912536443148688
BERTopic_topic_512,5.0,similarity+interactions,"All but Betweenness and Harmonic (Unweighted Clustering, No Square Clustering)",xgboost,2169.4796642190777,17155,34592,0.9988643555391864,0.968895078922934,0.9947039256732728,0.9595402298850576,0.9784341303328644,0.9007641120454072,0.768747691171038,0.7331701449052191,0.6319465532948679,0.9811409712399812
BERTopic_topic_512,5.0,similarity+interactions,Core Number Only,logistic_regression,2169.4796642190777,17155,34592,0.8707406350229423,0.6312814070351759,0.7079371809931264,0.4620689655172413,0.99603567888999,0.703143427983149,0.4605324614666043,0.5023479927870124,0.2994230185241421,0.9969666329625884
BERTopic_topic_512,5.0,similarity+interactions,Core Number Only,random_forest,2169.4796642190777,17155,34592,0.954977303070761,0.8933660933660934,0.9100982999061192,0.8358620689655173,0.9593667546174144,0.848462761922861,0.702504816955684,0.6539857803762946,0.5535985423625873,0.9609910384818134
BERTopic_topic_512,5.0,similarity+interactions,Core Number Only,xgboost,2169.4796642190777,17155,34592,0.9511872074643586,0.8594622019279553,0.8963739418631593,0.7788505747126436,0.958687040181098,0.8356105910172146,0.6683906902725284,0.6400799708241331,0.5101730944427574,0.9688581314878892
BERTopic_topic_512,10.0,interactions,"All (Unweighted Clustering, No Square Clustering)",logistic_regression,55.90858295187354,23758,34592,0.8480952431204117,0.6813081881117212,0.7065747837940378,0.5285185185185185,0.9583613163196776,0.8124329451056334,0.5973154362416108,0.6161705866222877,0.4324324324324324,0.9654237288135592
BERTopic_topic_512,10.0,interactions,"All (Unweighted Clustering, No Square Clustering)",random_forest,55.90858295187354,23758,34592,0.9593179155981892,0.8156282998944033,0.8842066289182852,0.7151851851851851,0.9488943488943488,0.9063236910118616,0.7229006199511554,0.7613060000458478,0.5842696629213483,0.9477832512315272
BERTopic_topic_512,10.0,interactions,"All (Unweighted Clustering, No Square Clustering)",xgboost,55.90858295187354,23758,34592,0.967008183746478,0.8297440065014222,0.8991672672186435,0.7562962962962962,0.918991899189919,0.9132424458054992,0.737648131267092,0.7677237576972696,0.6143334345581537,0.9229014598540146
BERTopic_topic_512,10.0,interactions,"All but Betweenness and Harmonic (Unweighted Clustering, No Square Clustering)",logistic_regression,55.90858295187354,23758,34592,0.8706004404062149,0.6848137535816619,0.7227579660553716,0.5311111111111111,0.9637096774193548,0.8031398313147992,0.5960932577189666,0.6062524667649872,0.4309140601275433,0.9666212534059946
BERTopic_topic_512,10.0,interactions,"All but Betweenness and Harmonic (Unweighted Clustering, No Square Clustering)",random_forest,55.90858295187354,23758,34592,0.958424466112993,0.8126315789473684,0.8803262882948427,0.7148148148148148,0.9414634146341464,0.9054765189221866,0.7214714714714715,0.7580601526955086,0.5836623139993926,0.9444717444717444
BERTopic_topic_512,10.0,interactions,"All but Betweenness and Harmonic (Unweighted Clustering, No Square Clustering)",xgboost,55.90858295187354,23758,34592,0.9664313114044808,0.8254486133768353,0.8969158040374348,0.7496296296296296,0.9183303085299456,0.9139817809100778,0.7364975450081833,0.7688290896684439,0.6149407834801093,0.9179510426110608
BERTopic_topic_512,10.0,interactions,Core Number Only,logistic_regression,55.90858295187354,23758,34592,0.8213175427303073,0.6732721121314644,0.6781388114398941,0.5159259259259259,0.9687065368567456,0.7631911304586707,0.5873353166170846,0.5746733011009773,0.4196781050713635,0.978060863411182
BERTopic_topic_512,10.0,interactions,Core Number Only,random_forest,55.90858295187354,23758,34592,0.8188981842037688,0.6765692381408721,0.6832611213143753,0.522962962962963,0.9579375848032564,0.7587849497660308,0.5932132383745287,0.5788914409965897,0.4300030367446097,0.9561107359891964
BERTopic_topic_512,10.0,interactions,Core Number Only,xgboost,55.90858295187354,23758,34592,0.8189356996373333,0.6723013764791114,0.6864381517041537,0.5155555555555555,0.965995836224844,0.758723494958023,0.5913006934229881,0.5807702018275931,0.4272699665958093,0.9597544338335608
BERTopic_topic_512,10.0,similarity,"All (Unweighted Clustering, No Square Clustering)",logistic_regression,3160.5853372626007,23758,34592,0.9332458149097904,0.6367753623188406,0.7610678801702938,0.5207407407407407,0.8193473193473193,0.8843684757326324,0.5552165954850519,0.6608927062166494,0.4145156392347404,0.8405172413793104
BERTopic_topic_512,10.0,similarity,"All (Unweighted Clustering, No Square Clustering)",random_forest,3160.5853372626007,23758,34592,0.998442485129255,0.9522342064714946,0.9922266551879284,0.9155555555555556,0.9919743178170144,0.9606885604707984,0.8512998266897747,0.8692101215901842,0.7458244761615548,0.991522002422285
BERTopic_topic_512,10.0,similarity,"All (Unweighted Clustering, No Square Clustering)",xgboost,3160.5853372626007,23758,34592,0.9990479733223584,0.970924779591071,0.995246646392155,0.9585185185185184,0.98365640440897,0.9630100803640468,0.8717948717948718,0.8704799774201173,0.7846948071667172,0.9806451612903224
BERTopic_topic_512,10.0,similarity,"All but Betweenness and Harmonic (Unweighted Clustering, No Square Clustering)",logistic_regression,3160.5853372626007,23758,34592,0.9255396910824776,0.7323574393707669,0.817676621339272,0.6207407407407407,0.8929142248268513,0.8691369297047907,0.6477184841453983,0.6985984156885641,0.5086547221378682,0.8914316125598722
BERTopic_topic_512,10.0,similarity,"All but Betweenness and Harmonic (Unweighted Clustering, No Square Clustering)",random_forest,3160.5853372626007,23758,34592,0.9980966941392908,0.954100249663914,0.9914823741865184,0.92,0.9908256880733946,0.9611491610550345,0.860189165950129,0.8698595215518915,0.7594898269055572,0.9916732751784298
BERTopic_topic_512,10.0,similarity,"All but Betweenness and Harmonic (Unweighted Clustering, No Square Clustering)",xgboost,3160.5853372626007,23758,34592,0.998942602969576,0.9735211267605632,0.994956827289272,0.96,0.9874285714285714,0.9638018519242424,0.871587462082912,0.8722023925098293,0.7853021560886729,0.979174555092768
BERTopic_topic_512,10.0,similarity,Core Number Only,logistic_regression,3160.5853372626007,23758,34592,0.8496905988047121,0.5770750988142292,0.6549768138866775,0.4055555555555555,1.0,0.7629116682606204,0.4949725776965265,0.5546895127023844,0.3288794412389918,1.0
BERTopic_topic_512,10.0,similarity,Core Number Only,random_forest,3160.5853372626007,23758,34592,0.95392450480683,0.8756539235412475,0.8994339497235523,0.8059259259259259,0.958590308370044,0.8978400167959659,0.7830611878700879,0.7600339513472683,0.6626176738536289,0.9570175438596492
BERTopic_topic_512,10.0,similarity,Core Number Only,xgboost,3160.5853372626007,23758,34592,0.9418758947949752,0.8363943424108086,0.8709327825531316,0.7337037037037037,0.972508591065292,0.8852318556304504,0.7480859010270775,0.736047296175186,0.6082599453385971,0.9713870029097964
BERTopic_topic_512,10.0,similarity+interactions,"All (Unweighted Clustering, No Square Clustering)",logistic_regression,2865.3229465839686,23758,34592,0.9347818722892328,0.6368663594470046,0.7708518396480715,0.5118518518518519,0.8426829268292683,0.8838588781827448,0.5778596275833845,0.6733015670845406,0.4287883389006984,0.8858218318695107
BERTopic_topic_512,10.0,similarity+interactions,"All (Unweighted Clustering, No Square Clustering)",random_forest,2865.3229465839686,23758,34592,0.997894650752947,0.9491069713846744,0.9905866071537592,0.9151851851851852,0.9856402074192262,0.9597931627538416,0.8474458874458874,0.8666870501034712,0.7430914060127544,0.9858984689766318
BERTopic_topic_512,10.0,similarity+interactions,"All (Unweighted Clustering, No Square Clustering)",xgboost,2865.3229465839686,23758,34592,0.998703176060475,0.9711826347305388,0.9942649705707018,0.9611111111111112,0.9814674735249622,0.9633375983979136,0.8706358576488447,0.8707133816115188,0.7837837837837838,0.979135053110774
BERTopic_topic_512,10.0,similarity+interactions,"All but Betweenness and Harmonic (Unweighted Clustering, No Square Clustering)",logistic_regression,2865.3229465839686,23758,34592,0.9251365892438168,0.7259973695747479,0.8153791102154986,0.6133333333333333,0.8893662728249194,0.8687435471360075,0.6409610540592908,0.6957512999449034,0.5022775584573337,0.8854389721627409
BERTopic_topic_512,10.0,similarity+interactions,"All but Betweenness and Harmonic (Unweighted Clustering, No Square Clustering)",random_forest,2865.3229465839686,23758,34592,0.9979317264838208,0.9556913674560732,0.9902861068311452,0.9266666666666666,0.9865930599369084,0.960100684204301,0.85778083132944,0.8674937570065904,0.758275129061646,0.9873467773823644
BERTopic_topic_512,10.0,similarity+interactions,"All but Betweenness and Harmonic (Unweighted Clustering, No Square Clustering)",xgboost,2865.3229465839686,23758,34592,0.9985767703309728,0.9696515548894716,0.993696476923264,0.9585185185185184,0.9810462471569372,0.9633218271963954,0.8710871760350051,0.8706559344322468,0.7859095050106286,0.976972442431106
BERTopic_topic_512,10.0,similarity+interactions,Core Number Only,logistic_regression,2865.3229465839686,23758,34592,0.851152636633214,0.5774388640546937,0.656460226691049,0.4066666666666667,0.9954669084315504,0.7638641401657846,0.4957810718358039,0.55616963685144,0.3300941390829031,0.9954212454212454
BERTopic_topic_512,10.0,similarity+interactions,Core Number Only,random_forest,2865.3229465839686,23758,34592,0.9467010690051816,0.8522096608427544,0.8854552037396768,0.7677777777777778,0.9575057736720556,0.8934246819177629,0.7598317175781965,0.7489863259969484,0.6307318554509566,0.9553817847286108
BERTopic_topic_512,10.0,similarity+interactions,Core Number Only,xgboost,2865.3229465839686,23758,34592,0.9415138172173504,0.8233297985153765,0.8680506341020798,0.7188888888888889,0.9632754342431762,0.8853529945640438,0.7319939347990903,0.7324103258910952,0.5863953841481931,0.9737771053958648
BERTopic_topic_512,20.0,interactions,"All (Unweighted Clustering, No Square Clustering)",logistic_regression,55.1931704711169,28966,34592,0.8164158133204726,0.6360135900339751,0.6567993163950828,0.4749661705006766,0.962302947224126,0.8136818874624692,0.5889052942417211,0.6177962745045122,0.4239295475250531,0.9640883977900552
BERTopic_topic_512,20.0,interactions,"All (Unweighted Clustering, No Square Clustering)",random_forest,55.1931704711169,28966,34592,0.9477359792918202,0.7861089187056038,0.8512042412303832,0.6738836265223275,0.9431818181818182,0.9239802327029868,0.7381527597100911,0.7908956086577424,0.6030974795019739,0.9511494252873564
BERTopic_topic_512,20.0,interactions,"All (Unweighted Clustering, No Square Clustering)",xgboost,55.1931704711169,28966,34592,0.959543391502904,0.8001532860701284,0.8659112629112393,0.706359945872801,0.9226690234202386,0.9364446532653078,0.7575431034482759,0.8064870969635727,0.6404494382022472,0.927032967032967
BERTopic_topic_512,20.0,interactions,"All but Betweenness and Harmonic (Unweighted Clustering, No Square Clustering)",logistic_regression,55.1931704711169,28966,34592,0.8185818897592734,0.6375169913910286,0.6541526164841455,0.4759810554803789,0.9650205761316872,0.785948498833392,0.5927326191976475,0.5971215162681351,0.4284846644397206,0.9611716621253406
BERTopic_topic_512,20.0,interactions,"All but Betweenness and Harmonic (Unweighted Clustering, No Square Clustering)",random_forest,55.1931704711169,28966,34592,0.945076565742644,0.7869110979696432,0.8473713991152914,0.6752368064952639,0.9428436466698158,0.9219754709159008,0.7355341246290801,0.7864173868422386,0.6021864561190404,0.9447355883754168
BERTopic_topic_512,20.0,interactions,"All but Betweenness and Harmonic (Unweighted Clustering, No Square Clustering)",xgboost,55.1931704711169,28966,34592,0.959136026322758,0.8010721807390389,0.8668131300488415,0.7077131258457375,0.9228054697838554,0.9371000289159716,0.7552045944005743,0.8060780685852523,0.638931065897358,0.9232119350592364
BERTopic_topic_512,20.0,interactions,Core Number Only,logistic_regression,55.1931704711169,28966,34592,0.8033793796910629,0.6351813826146475,0.637911911474078,0.4709066305818674,0.9754730203223546,0.7695760026717221,0.5898305084745763,0.5824638621749679,0.4227148496811418,0.9754730203223546
BERTopic_topic_512,20.0,interactions,Core Number Only,random_forest,55.1931704711169,28966,34592,0.801462088589847,0.6350148367952523,0.6422712887239115,0.4705683355886333,0.976140350877193,0.7677884332756459,0.5887592788971368,0.5886474468470317,0.4215001518372305,0.9760900140646976
BERTopic_topic_512,20.0,interactions,Core Number Only,xgboost,55.1931704711169,28966,34592,0.801484758646487,0.6350148367952523,0.6439018090128484,0.4705683355886333,0.976140350877193,0.7678870239026699,0.58965663416702,0.5896066989414619,0.4224111752201639,0.976140350877193
BERTopic_topic_512,20.0,similarity,"All (Unweighted Clustering, No Square Clustering)",logistic_regression,3962.610368663445,28966,34592,0.930803443455442,0.6767590618336887,0.7800606898986541,0.536874154262517,0.9152249134948096,0.8970534263010491,0.6133979015334947,0.7018337464243642,0.4615851806863043,0.9140108238123872
BERTopic_topic_512,20.0,similarity,"All (Unweighted Clustering, No Square Clustering)",random_forest,3962.610368663445,28966,34592,0.9979523203056596,0.9542278127183788,0.9909102754230876,0.9238836265223276,0.9866329479768786,0.9845512130693014,0.898976559920766,0.9324788082719044,0.8269055572426359,0.9848101265822784
BERTopic_topic_512,20.0,similarity,"All (Unweighted Clustering, No Square Clustering)",xgboost,3962.610368663445,28966,34592,0.9989177031421764,0.966935069384958,0.9944292920805738,0.9546684709066304,0.9795209996528984,0.9865602196430155,0.912649627952119,0.936053914875974,0.8566656544184634,0.9764624437521634
BERTopic_topic_512,20.0,similarity,"All but Betweenness and Harmonic (Unweighted Clustering, No Square Clustering)",logistic_regression,3962.610368663445,28966,34592,0.911014408947532,0.7464675010092854,0.8036538203140505,0.6255074424898511,0.9254254254254254,0.8827121793950256,0.6866123840181784,0.7332974898480331,0.550561797752809,0.9119718309859156
BERTopic_topic_512,20.0,similarity,"All but Betweenness and Harmonic (Unweighted Clustering, No Square Clustering)",random_forest,3962.610368663445,28966,34592,0.9976489018223968,0.9519650655021834,0.9904508020383042,0.9218538565629228,0.9841097869266884,0.9850200364116344,0.9011857707509882,0.9329676577724136,0.8308533252353477,0.98452680820439
BERTopic_topic_512,20.0,similarity,"All but Betweenness and Harmonic (Unweighted Clustering, No Square Clustering)",xgboost,3962.610368663445,28966,34592,0.9989398399387348,0.968846285518658,0.9944489446743738,0.9573748308525034,0.9805959805959806,0.9864256768860462,0.909533863894754,0.9353663669867756,0.8502884907379289,0.9776536312849162
BERTopic_topic_512,20.0,similarity,Core Number Only,logistic_regression,3962.610368663445,28966,34592,0.8184660292517866,0.537357743691242,0.6066756674047976,0.3673883626522327,1.0,0.7681347739062185,0.4932509723175475,0.5544812767891829,0.3273610689341026,1.0
BERTopic_topic_512,20.0,similarity,Core Number Only,random_forest,3962.610368663445,28966,34592,0.937678056841883,0.8355488036460311,0.8634736984725218,0.7442489851150202,0.9523809523809524,0.914483184808977,0.785829307568438,0.7879981460757892,0.6668691163073186,0.9564459930313588
BERTopic_topic_512,20.0,similarity,Core Number Only,xgboost,3962.610368663445,28966,34592,0.9249570140348852,0.7780237472328436,0.8234724187329145,0.6539242219215156,0.9602583209140586,0.898316146022484,0.7318173275700056,0.747280245778096,0.5912541755238384,0.9600591715976332
BERTopic_topic_512,20.0,similarity+interactions,"All (Unweighted Clustering, No Square Clustering)",logistic_regression,3217.5437072169734,28966,34592,0.960840188976968,0.760989010989011,0.8469974422296765,0.6559539918809202,0.9060747663551402,0.9371748681426164,0.7110365398956003,0.785440426255457,0.5791071970847251,0.920811202317721
BERTopic_topic_512,20.0,similarity+interactions,"All (Unweighted Clustering, No Square Clustering)",random_forest,3217.5437072169734,28966,34592,0.997821261885847,0.95214894727684,0.9902319802635002,0.925575101488498,0.980293801504837,0.9848272212238324,0.8966425279789335,0.9322761514418016,0.8272092317036137,0.978799856270212
BERTopic_topic_512,20.0,similarity+interactions,"All (Unweighted Clustering, No Square Clustering)",xgboost,3217.5437072169734,28966,34592,0.9983359814248606,0.9653872515421522,0.9935151936544336,0.95297699594046,0.978125,0.9862072571453028,0.9126559714795008,0.9354727548229648,0.8551472821135743,0.9784572619874912
BERTopic_topic_512,20.0,similarity+interactions,"All but Betweenness and Harmonic (Unweighted Clustering, No Square Clustering)",logistic_regression,3217.5437072169734,28966,34592,0.9535280226872248,0.7989317054559328,0.856224423343805,0.7083897158322057,0.916010498687664,0.9213627323277236,0.7303411131059246,0.7787035256795541,0.6176738536289098,0.8932806324110671
BERTopic_topic_512,20.0,similarity+interactions,"All but Betweenness and Harmonic (Unweighted Clustering, No Square Clustering)",random_forest,3217.5437072169734,28966,34592,0.9978165470863448,0.9521822291775344,0.9897277434414156,0.9262516914749662,0.9796064400715564,0.984260568890476,0.8996062992125984,0.9311507030724054,0.8326753720012147,0.9782376025686764
BERTopic_topic_512,20.0,similarity+interactions,"All but Betweenness and Harmonic (Unweighted Clustering, No Square Clustering)",xgboost,3217.5437072169734,28966,34592,0.9986214641605002,0.9635086517046428,0.9929126916567356,0.9512855209742896,0.9760499826449148,0.9868206215363088,0.9125425928930716,0.937043071825509,0.8539325842696629,0.9797909407665504
BERTopic_topic_512,20.0,similarity+interactions,Core Number Only,logistic_regression,3217.5437072169734,28966,34592,0.8199838500233334,0.538138731177487,0.6083736970197372,0.3687415426251691,0.9954337899543378,0.7692571779608699,0.4944076694818534,0.5559633627433388,0.3288794412389918,0.9954044117647058
BERTopic_topic_512,20.0,similarity+interactions,Core Number Only,random_forest,3217.5437072169734,28966,34592,0.9377056823153788,0.8380375071036181,0.863511956344292,0.7483085250338295,0.9522169608265174,0.9151590761198134,0.7901586735603494,0.7891996076700357,0.6729426055268752,0.9568221070811744
BERTopic_topic_512,20.0,similarity+interactions,Core Number Only,xgboost,3217.5437072169734,28966,34592,0.9263648726757014,0.7863863863863864,0.8284659045287186,0.6644113667117727,0.9632172633643944,0.9007646359733568,0.7395618797977906,0.7560822233735641,0.5997570604312177,0.96435546875
BERTopic_topic_512,50.0,interactions,"All (Unweighted Clustering, No Square Clustering)",logistic_regression,53.35814758390188,33370,34592,0.8055171725823635,0.6061127851915626,0.6243670189533124,0.4441640378548896,0.9539295392953928,0.7920367162497524,0.5944363103953147,0.6037957384741225,0.4315214090494989,0.95497311827957
BERTopic_topic_512,50.0,interactions,"All (Unweighted Clustering, No Square Clustering)",random_forest,53.35814758390188,33370,34592,0.941294806442852,0.7742294838470107,0.8346401713714993,0.6577287066246057,0.940884476534296,0.9345241177472958,0.7612620828013861,0.8150565234631159,0.6337686000607349,0.9529680365296804
BERTopic_topic_512,50.0,interactions,"All (Unweighted Clustering, No Square Clustering)",xgboost,53.35814758390188,33370,34592,0.9554180698602376,0.7930039668229355,0.8531434524556979,0.6936908517350158,0.9255050505050504,0.947629059632674,0.7727593507410021,0.8304536673348649,0.6650470695414515,0.9221052631578948
BERTopic_topic_512,50.0,interactions,"All but Betweenness and Harmonic (Unweighted Clustering, No Square Clustering)",logistic_regression,53.35814758390188,33370,34592,0.790317556980801,0.613304721030043,0.6150162362036627,0.450788643533123,0.9590604026845636,0.7963597427851411,0.5984483120150975,0.6069022013135844,0.4333434558153659,0.9668021680216802
BERTopic_topic_512,50.0,interactions,"All but Betweenness and Harmonic (Unweighted Clustering, No Square Clustering)",random_forest,53.35814758390188,33370,34592,0.9394070392963838,0.7728285077951003,0.8299017179522292,0.656782334384858,0.9386834986474302,0.9324854510302156,0.7548822777879175,0.810946777048422,0.6279987853021561,0.9460201280878316
BERTopic_topic_512,50.0,interactions,"All but Betweenness and Harmonic (Unweighted Clustering, No Square Clustering)",xgboost,53.35814758390188,33370,34592,0.9551750057450852,0.7882289221881206,0.8506511054058564,0.6886435331230284,0.9214858590122414,0.9482445828008796,0.7688770999115827,0.8286730422840214,0.6601882781658063,0.920406435224386
BERTopic_topic_512,50.0,interactions,Core Number Only,logistic_regression,53.35814758390188,33370,34592,0.7922009630852153,0.6057983556901774,0.6077697246592983,0.4416403785488959,0.9641873278236914,0.77796674759316,0.589879313995342,0.5877479795842118,0.4230185241421196,0.974125874125874
BERTopic_topic_512,50.0,interactions,Core Number Only,random_forest,53.35814758390188,33370,34592,0.7902264764869326,0.6057838660578386,0.6101879771974595,0.4394321766561514,0.9748075577326802,0.7773375440840495,0.5897055708536327,0.592627718132685,0.4227148496811418,0.9747899159663864
BERTopic_topic_512,50.0,interactions,Core Number Only,xgboost,53.35814758390188,33370,34592,0.7902548676541249,0.6054806437581557,0.6120399019882492,0.4391167192429022,0.9747899159663864,0.7773375489352344,0.5897055708536327,0.593572575099512,0.4227148496811418,0.9747899159663864
BERTopic_topic_512,50.0,similarity,"All (Unweighted Clustering, No Square Clustering)",logistic_regression,4189.833381528035,33370,34592,0.9213058996803644,0.5140737508182414,0.6910627255901034,0.3716088328075709,0.8336871903750884,0.9059683514336372,0.4918941979522184,0.6417216348187968,0.35013665350744,0.8265232974910395
BERTopic_topic_512,50.0,similarity,"All (Unweighted Clustering, No Square Clustering)",random_forest,4189.833381528035,33370,34592,0.998029268598408,0.944371727748691,0.9889033255928368,0.910410094637224,0.9809653297076818,0.9958228340355276,0.924534360950546,0.9762885534917394,0.8742787731551777,0.9809199318568996
BERTopic_topic_512,50.0,similarity,"All (Unweighted Clustering, No Square Clustering)",xgboost,4189.833381528035,33370,34592,0.998432155764932,0.9581931763575204,0.9926395048058916,0.9435331230283912,0.9733159778717864,0.9965272018006588,0.9387177875549968,0.9799945411487389,0.9070756149407836,0.972647346141322
BERTopic_topic_512,50.0,similarity,"All but Betweenness and Harmonic (Unweighted Clustering, No Square Clustering)",logistic_regression,4189.833381528035,33370,34592,0.8921475755739863,0.6353935977451177,0.7363962701930918,0.4977917981072555,0.8781302170283807,0.8875970604420844,0.6201885310290652,0.7188713445423909,0.4795019738839963,0.877709838799333
BERTopic_topic_512,50.0,similarity,"All but Betweenness and Harmonic (Unweighted Clustering, No Square Clustering)",random_forest,4189.833381528035,33370,34592,0.9973212965090774,0.9471624266144814,0.9879050253144788,0.9160883280757098,0.9804186360567184,0.9955856499122948,0.9289827255278312,0.9754799829160716,0.8818706346796235,0.9814126394052044
BERTopic_topic_512,50.0,similarity,"All but Betweenness and Harmonic (Unweighted Clustering, No Square Clustering)",xgboost,4189.833381528035,33370,34592,0.9980483945097876,0.9563269876819708,0.9918928030677224,0.9429022082018929,0.970139565076274,0.9964192241312054,0.9406766325727772,0.9803818558687576,0.9076829638627392,0.9761593729588504
BERTopic_topic_512,50.0,similarity,Core Number Only,logistic_regression,4189.833381528035,33370,34592,0.7978711116217854,0.5064782096584217,0.5745379411407961,0.3391167192429022,1.0,0.7746694943640245,0.4897959183673469,0.5564959348846121,0.3243243243243243,1.0
BERTopic_topic_512,50.0,similarity,Core Number Only,random_forest,4189.833381528035,33370,34592,0.9344626726137004,0.836369886558955,0.8541708392514027,0.7675078864353312,0.9188066465256798,0.9299755208248892,0.8085181274199226,0.8305382388142417,0.6975402368660796,0.961490163248221
BERTopic_topic_512,50.0,similarity,Core Number Only,xgboost,4189.833381528035,33370,34592,0.9163510508283368,0.7768052516411379,0.7975239895149514,0.6719242902208202,0.9204840103716508,0.9103185494546312,0.7488380739914482,0.7694743530777278,0.6116003644093532,0.965484180249281
BERTopic_topic_512,50.0,similarity+interactions,"All (Unweighted Clustering, No Square Clustering)",logistic_regression,3514.6512938949745,33370,34592,0.9119443875739026,0.5082802547770701,0.6677242668268879,0.3776025236593059,0.7772727272727272,0.910953525873556,0.515259945274679,0.6698692996069427,0.3716975402368661,0.8395061728395061
BERTopic_topic_512,50.0,similarity+interactions,"All (Unweighted Clustering, No Square Clustering)",random_forest,3514.6512938949745,33370,34592,0.9980694267449388,0.9435562805872756,0.9880894256349496,0.9123028391167192,0.977027027027027,0.9958494573372602,0.9207873259721556,0.9751732477591653,0.873671424233222,0.973274695534506
BERTopic_topic_512,50.0,similarity+interactions,"All (Unweighted Clustering, No Square Clustering)",xgboost,3514.6512938949745,33370,34592,0.998003353040717,0.957899791900112,0.9920900586312544,0.9438485804416404,0.9723756906077348,0.9963625865496228,0.9367446240778527,0.9799179412257614,0.90616459155785,0.9694606887589344
BERTopic_topic_512,50.0,similarity+interactions,"All but Betweenness and Harmonic (Unweighted Clustering, No Square Clustering)",logistic_regression,3514.6512938949745,33370,34592,0.8916577704890634,0.6252277789026118,0.7319893071685897,0.4870662460567823,0.8728094968908988,0.8867351989650832,0.6095200474027257,0.7136552923992974,0.4685696932887944,0.8717514124293785
BERTopic_topic_512,50.0,similarity+interactions,"All but Betweenness and Harmonic (Unweighted Clustering, No Square Clustering)",random_forest,3514.6512938949745,33370,34592,0.9977405258319928,0.9442633637548892,0.988137049883224,0.9138801261829652,0.9767363452461229,0.9959815211388384,0.9233226837060704,0.9755779024178892,0.8776191922259338,0.9740478597910348
BERTopic_topic_512,50.0,similarity+interactions,"All but Betweenness and Harmonic (Unweighted Clustering, No Square Clustering)",xgboost,3514.6512938949745,33370,34592,0.9986226001211692,0.957188498402556,0.992098473733915,0.9451104100946373,0.96957928802589,0.996714768006596,0.9386666666666666,0.979886388982532,0.9085939872456726,0.9707981829980532
BERTopic_topic_512,50.0,similarity+interactions,Core Number Only,logistic_regression,3514.6512938949745,33370,34592,0.7993821369628346,0.5076380728554641,0.575810826801627,0.3406940063091482,0.9953917050691244,0.7761056778974214,0.4909631663234958,0.5578650539750105,0.3258426966292135,0.9953617810760668
BERTopic_topic_512,50.0,similarity+interactions,Core Number Only,random_forest,3514.6512938949745,33370,34592,0.9384670023189254,0.8343389070849854,0.8539434128362741,0.7634069400630915,0.919802356518434,0.9315293746948058,0.8047836792120999,0.8285706559862802,0.694807166717279,0.956122022565817
BERTopic_topic_512,50.0,similarity+interactions,Core Number Only,xgboost,3514.6512938949745,33370,34592,0.9170730409258988,0.7751511819681144,0.7966988752548962,0.667192429022082,0.9247923043288152,0.9111881631248118,0.7492570579494799,0.7707692178467744,0.6125113877922866,0.9646102343376376
BERTopic_topic_512,100.0,interactions,"All (Unweighted Clustering, No Square Clustering)",logistic_regression,52.23710302077234,34592,34592,0.7955513704708406,0.5977443609022557,0.6078918434520839,0.4345581536592772,0.9571906354515052,0.7955513704708406,0.5977443609022557,0.6078918434520839,0.4345581536592772,0.9571906354515052
BERTopic_topic_512,100.0,interactions,"All (Unweighted Clustering, No Square Clustering)",random_forest,52.23710302077234,34592,34592,0.934935270205701,0.7623350804265318,0.8224532496206379,0.6404494382022472,0.9415178571428572,0.934935270205701,0.7623350804265318,0.8224532496206379,0.6404494382022472,0.9415178571428572
BERTopic_topic_512,100.0,interactions,"All (Unweighted Clustering, No Square Clustering)",xgboost,52.23710302077234,34592,34592,0.9499979658982478,0.776192991723895,0.8367693995719024,0.6692985119951412,0.9237217099748531,0.9499979658982478,0.776192991723895,0.8367693995719024,0.6692985119951412,0.9237217099748531
BERTopic_topic_512,100.0,interactions,"All but Betweenness and Harmonic (Unweighted Clustering, No Square Clustering)",logistic_regression,52.23710302077234,34592,34592,0.7778546658214351,0.5886315789473684,0.5983405692687823,0.4245368964470088,0.9595058339052848,0.7778546658214351,0.5886315789473684,0.5983405692687823,0.4245368964470088,0.9595058339052848
BERTopic_topic_512,100.0,interactions,"All but Betweenness and Harmonic (Unweighted Clustering, No Square Clustering)",random_forest,52.23710302077234,34592,34592,0.9346112304712768,0.7616300036062027,0.8204346605437925,0.6413604615851807,0.9374167776298268,0.9346112304712768,0.7616300036062027,0.8204346605437925,0.6413604615851807,0.9374167776298268
BERTopic_topic_512,100.0,interactions,"All but Betweenness and Harmonic (Unweighted Clustering, No Square Clustering)",xgboost,52.23710302077234,34592,34592,0.9495928677183708,0.7729502452697968,0.8368672731376217,0.6699058609170969,0.9134575569358178,0.9495928677183708,0.7729502452697968,0.8368672731376217,0.6699058609170969,0.9134575569358178
BERTopic_topic_512,100.0,interactions,Core Number Only,logistic_regression,52.23710302077234,34592,34592,0.7805066241617504,0.5910725618785699,0.5899280215795993,0.424233221986031,0.9741980474198048,0.7805066241617504,0.5910725618785699,0.5899280215795993,0.424233221986031,0.9741980474198048
BERTopic_topic_512,100.0,interactions,Core Number Only,random_forest,52.23710302077234,34592,34592,0.7804558225553835,0.5908994708994709,0.5951874621363065,0.4239295475250531,0.9748603351955308,0.7804558225553835,0.5908994708994709,0.5951874621363065,0.4239295475250531,0.9748603351955308
BERTopic_topic_512,100.0,interactions,Core Number Only,xgboost,52.23710302077234,34592,34592,0.7804561233288361,0.5908994708994709,0.5958120621247136,0.4239295475250531,0.9748603351955308,0.7804561233288361,0.5908994708994709,0.5958120621247136,0.4239295475250531,0.9748603351955308
BERTopic_topic_512,100.0,similarity,"All (Unweighted Clustering, No Square Clustering)",logistic_regression,4104.767372835428,34592,34592,0.9190059103632822,0.4930018800919156,0.6678057209708164,0.3583358639538415,0.7898259705488622,0.9190059103632822,0.4930018800919156,0.6678057209708164,0.3583358639538415,0.7898259705488622
BERTopic_topic_512,100.0,similarity,"All (Unweighted Clustering, No Square Clustering)",random_forest,4104.767372835428,34592,34592,0.9976462100260076,0.9435268208274344,0.9875284514206424,0.9107197084725176,0.97878590078329,0.9976462100260076,0.9435268208274344,0.9875284514206424,0.9107197084725176,0.97878590078329
BERTopic_topic_512,100.0,similarity,"All (Unweighted Clustering, No Square Clustering)",xgboost,4104.767372835428,34592,34592,0.9982925867290195,0.9524691358024692,0.991601652530412,0.9371393865775888,0.9683087543144022,0.9982925867290195,0.9524691358024692,0.991601652530412,0.9371393865775888,0.9683087543144022
BERTopic_topic_512,100.0,similarity,"All but Betweenness and Harmonic (Unweighted Clustering, No Square Clustering)",logistic_regression,4104.767372835428,34592,34592,0.8987980966706639,0.6146590685792886,0.7254563003892114,0.4749468569693288,0.8708240534521158,0.8987980966706639,0.6146590685792886,0.7254563003892114,0.4749468569693288,0.8708240534521158
BERTopic_topic_512,100.0,similarity,"All but Betweenness and Harmonic (Unweighted Clustering, No Square Clustering)",random_forest,4104.767372835428,34592,34592,0.9971117550056248,0.9428391959798996,0.9868447334724522,0.911630731855451,0.976260162601626,0.9971117550056248,0.9428391959798996,0.9868447334724522,0.911630731855451,0.976260162601626
BERTopic_topic_512,100.0,similarity,"All but Betweenness and Harmonic (Unweighted Clustering, No Square Clustering)",xgboost,4104.767372835428,34592,34592,0.9983604839103328,0.9544755459858504,0.9913541814785676,0.942301852414212,0.9669679027734496,0.9983604839103328,0.9544755459858504,0.9913541814785676,0.942301852414212,0.9669679027734496
BERTopic_topic_512,100.0,similarity,Core Number Only,logistic_regression,4104.767372835428,34592,34592,0.7766820423025831,0.4891030052764396,0.5556982905573655,0.3237169754023686,1.0,0.7766820423025831,0.4891030052764396,0.5556982905573655,0.3237169754023686,1.0
BERTopic_topic_512,100.0,similarity,Core Number Only,random_forest,4104.767372835428,34592,34592,0.9325768813085958,0.8303957432657133,0.854216290865036,0.758275129061646,0.9176773245130466,0.9325768813085958,0.8303957432657133,0.854216290865036,0.758275129061646,0.9176773245130466
BERTopic_topic_512,100.0,similarity,Core Number Only,xgboost,4104.767372835428,34592,34592,0.9142957689897662,0.7577903682719547,0.7861355166436561,0.64986334649256,0.9087048832271762,0.9142957689897662,0.7577903682719547,0.7861355166436561,0.64986334649256,0.9087048832271762
BERTopic_topic_512,100.0,similarity+interactions,"All (Unweighted Clustering, No Square Clustering)",logistic_regression,3353.853396189981,34592,34592,0.919689675146916,0.4961626218626841,0.6759159321778001,0.3631946553294868,0.7827225130890052,0.919689675146916,0.4961626218626841,0.6759159321778001,0.3631946553294868,0.7827225130890052
BERTopic_topic_512,100.0,similarity+interactions,"All (Unweighted Clustering, No Square Clustering)",random_forest,3353.853396189981,34592,34592,0.9972212753518184,0.9340245051837888,0.9851668623522386,0.9028241724870938,0.9674585095997396,0.9972212753518184,0.9340245051837888,0.9851668623522386,0.9028241724870938,0.9674585095997396
BERTopic_topic_512,100.0,similarity+interactions,"All (Unweighted Clustering, No Square Clustering)",xgboost,3353.853396189981,34592,34592,0.9979992598450452,0.951868368445333,0.9899449405886822,0.9398724567263892,0.9641744548286604,0.9979992598450452,0.951868368445333,0.9899449405886822,0.9398724567263892,0.9641744548286604
BERTopic_topic_512,100.0,similarity+interactions,"All but Betweenness and Harmonic (Unweighted Clustering, No Square Clustering)",logistic_regression,3353.853396189981,34592,34592,0.9136456229162282,0.6638485572505054,0.7527795602099443,0.5484360765259642,0.840782122905028,0.9136456229162282,0.6638485572505054,0.7527795602099443,0.5484360765259642,0.840782122905028
BERTopic_topic_512,100.0,similarity+interactions,"All but Betweenness and Harmonic (Unweighted Clustering, No Square Clustering)",random_forest,3353.853396189981,34592,34592,0.996626597724346,0.9347757917842584,0.9841562392576904,0.9052535681749164,0.9662884927066452,0.996626597724346,0.9347757917842584,0.9841562392576904,0.9052535681749164,0.9662884927066452
BERTopic_topic_512,100.0,similarity+interactions,"All but Betweenness and Harmonic (Unweighted Clustering, No Square Clustering)",xgboost,3353.853396189981,34592,34592,0.9980926742579752,0.9502694380292532,0.989554951145825,0.9371393865775888,0.9637726420986884,0.9980926742579752,0.9502694380292532,0.989554951145825,0.9371393865775888,0.9637726420986884
BERTopic_topic_512,100.0,similarity+interactions,Core Number Only,logistic_regression,3353.853396189981,34592,34592,0.7782229871699651,0.4906178489702517,0.5567592641663708,0.3255390221682356,0.9953574744661096,0.7782229871699651,0.4906178489702517,0.5567592641663708,0.3255390221682356,0.9953574744661096
BERTopic_topic_512,100.0,similarity+interactions,Core Number Only,random_forest,3353.853396189981,34592,34592,0.9344267205117124,0.8229792919171677,0.8506583783771954,0.7482538718493774,0.9142857142857144,0.9344267205117124,0.8229792919171677,0.8506583783771954,0.7482538718493774,0.9142857142857144
BERTopic_topic_512,100.0,similarity+interactions,Core Number Only,xgboost,3353.853396189981,34592,34592,0.9134756956179256,0.7528409090909091,0.782444515103369,0.6437898572730033,0.9063702436938864,0.9134756956179256,0.7528409090909091,0.782444515103369,0.6437898572730033,0.9063702436938864
K_Means_topic_16,1.0,interactions,"All (Unweighted Clustering, No Square Clustering)",logistic_regression,6.242618807125837,4120,34592,0.8883257464634299,0.5630026809651475,0.6234953545686103,0.3932584269662921,0.9905660377358492,0.5625568467889237,0.0617828773168579,0.1498650886743785,0.0318858184026723,0.9905660377358492
K_Means_topic_16,1.0,interactions,"All (Unweighted Clustering, No Square Clustering)",random_forest,6.242618807125837,4120,34592,0.9425526682355594,0.6974595842956121,0.7608910838669107,0.5655430711610487,0.9096385542168676,0.57365162266744,0.0862019091698004,0.1627256650774717,0.0452474946856969,0.9085365853658536
K_Means_topic_16,1.0,interactions,"All (Unweighted Clustering, No Square Clustering)",xgboost,6.242618807125837,4120,34592,0.9495388096828096,0.715203426124197,0.771472856713606,0.6254681647940075,0.835,0.5715742774546032,0.0952380952380952,0.1595720898065132,0.05040996052232,0.8601036269430051
K_Means_topic_16,1.0,interactions,"All but Betweenness and Harmonic (Unweighted Clustering, No Square Clustering)",logistic_regression,6.242618807125837,4120,34592,0.894198887777509,0.5668449197860963,0.6384997920355299,0.3970037453183521,0.9906542056074766,0.5632974189456053,0.0623529411764705,0.1504520028699131,0.0321894928636501,0.9906542056074766
K_Means_topic_16,1.0,interactions,"All but Betweenness and Harmonic (Unweighted Clustering, No Square Clustering)",random_forest,6.242618807125837,4120,34592,0.9453176716231624,0.6972477064220184,0.751941288337953,0.5692883895131086,0.8994082840236687,0.5721406726751694,0.0862767805442964,0.1619631663197773,0.0452474946856969,0.9254658385093169
K_Means_topic_16,1.0,interactions,"All but Betweenness and Harmonic (Unweighted Clustering, No Square Clustering)",xgboost,6.242618807125837,4120,34592,0.9492287249295503,0.7,0.7674600373918362,0.602996254681648,0.8341968911917098,0.571491496838575,0.0974491258240183,0.1594411311273014,0.0516246583662314,0.8673469387755102
K_Means_topic_16,1.0,interactions,Core Number Only,logistic_regression,6.242618807125837,4120,34592,0.6947560682808571,0.5668449197860963,0.4685573408102281,0.3970037453183521,0.9906542056074766,0.5083087113878564,0.0617828773168579,0.1278094418497607,0.0318858184026723,0.9905660377358492
K_Means_topic_16,1.0,interactions,Core Number Only,random_forest,6.242618807125837,4120,34592,0.6675711615347154,0.5668449197860963,0.4522929565300329,0.3970037453183521,0.9906542056074766,0.5231200623489783,0.0623529411764705,0.1289959427546115,0.0321894928636501,0.9906542056074766
K_Means_topic_16,1.0,interactions,Core Number Only,xgboost,6.242618807125837,4120,34592,0.6664426085612554,0.5630026809651475,0.4550239770292193,0.3932584269662921,0.9905660377358492,0.5215527949533162,0.0617828773168579,0.1282473334512769,0.0318858184026723,0.9905660377358492
K_Means_topic_16,1.0,similarity,"All (Unweighted Clustering, No Square Clustering)",logistic_regression,193.2974304743111,4120,34592,0.7974349478153605,0.0,0.2944618085058161,0.0,0.0,0.546693065261523,0.0,0.1154891446733101,0.0,0.0
K_Means_topic_16,1.0,similarity,"All (Unweighted Clustering, No Square Clustering)",random_forest,193.2974304743111,4120,34592,0.9971426516231818,0.9178356713426854,0.981218844781958,0.8576779026217228,0.9870689655172412,0.5903748206747441,0.1282633371169126,0.1846313668281886,0.0686304281809899,0.9783549783549784
K_Means_topic_16,1.0,similarity,"All (Unweighted Clustering, No Square Clustering)",xgboost,193.2974304743111,4120,34592,0.9969010965724456,0.935361216730038,0.9785914447863004,0.9213483146067416,0.9498069498069498,0.5894749550166621,0.1379892987890735,0.1813080812145499,0.0744002429395687,0.9496124031007752
K_Means_topic_16,1.0,similarity,"All but Betweenness and Harmonic (Unweighted Clustering, No Square Clustering)",logistic_regression,193.2974304743111,4120,34592,0.8891004723203184,0.0559440559440559,0.3982149713889431,0.0299625468164794,0.4210526315789473,0.5563636982471126,0.0030293850348379,0.1289601809047962,0.0015183723048891,0.625
K_Means_topic_16,1.0,similarity,"All but Betweenness and Harmonic (Unweighted Clustering, No Square Clustering)",random_forest,193.2974304743111,4120,34592,0.997252493557722,0.8811475409836066,0.9770115449641736,0.8052434456928839,0.9728506787330315,0.5894682361258275,0.1244318181818181,0.1835305824044353,0.0665047069541451,0.9647577092511012
K_Means_topic_16,1.0,similarity,"All but Betweenness and Harmonic (Unweighted Clustering, No Square Clustering)",xgboost,193.2974304743111,4120,34592,0.994143383578728,0.9153846153846154,0.965116975179258,0.8913857677902621,0.9407114624505928,0.5892477255244706,0.1337094499294781,0.1809217651152276,0.0719708472517461,0.9404761904761904
K_Means_topic_16,1.0,similarity,Core Number Only,logistic_regression,193.2974304743111,4120,34592,0.5440500179343689,0.0,0.0724800999437147,0.0,0.0,0.519168466771524,0.0,0.0986823190425851,0.0,0.0
K_Means_topic_16,1.0,similarity,Core Number Only,random_forest,193.2974304743111,4120,34592,0.8634781399969478,0.4846938775510204,0.578341641428401,0.3558052434456928,0.76,0.5588022335669441,0.056173200702165,0.143845154883005,0.0291527482538718,0.768
K_Means_topic_16,1.0,similarity,Core Number Only,xgboost,193.2974304743111,4120,34592,0.8729736350195527,0.4834605597964376,0.5810774591838063,0.3558052434456928,0.753968253968254,0.5591350054338605,0.0561567709856683,0.1437131041419507,0.0291527482538718,0.7619047619047619
K_Means_topic_16,1.0,similarity+interactions,"All (Unweighted Clustering, No Square Clustering)",logistic_regression,218.45202622702345,4120,34592,0.8815524845176336,0.0,0.248237798956076,0.0,0.0,0.5505437125361803,0.0,0.1187179344930065,0.0,0.0
K_Means_topic_16,1.0,similarity+interactions,"All (Unweighted Clustering, No Square Clustering)",random_forest,218.45202622702345,4120,34592,0.9965069292763749,0.9305019305019304,0.9822144653698236,0.902621722846442,0.9601593625498008,0.5911304897182682,0.1350282485875706,0.1850363182257774,0.0725781961737017,0.9676113360323888
K_Means_topic_16,1.0,similarity+interactions,"All (Unweighted Clustering, No Square Clustering)",xgboost,218.45202622702345,4120,34592,0.9977671953660312,0.9473684210526316,0.981334152542536,0.9438202247191012,0.9509433962264152,0.5905473579104249,0.1379892987890735,0.1825278950467642,0.0744002429395687,0.9496124031007752
K_Means_topic_16,1.0,similarity+interactions,"All but Betweenness and Harmonic (Unweighted Clustering, No Square Clustering)",logistic_regression,218.45202622702345,4120,34592,0.9440311601155188,0.3827493261455525,0.5354081314747733,0.2659176029962546,0.6826923076923077,0.5648520198979684,0.0297265160523186,0.1392968370670839,0.0151837230488915,0.704225352112676
K_Means_topic_16,1.0,similarity+interactions,"All but Betweenness and Harmonic (Unweighted Clustering, No Square Clustering)",random_forest,218.45202622702345,4120,34592,0.996363551529962,0.91796875,0.978947529297509,0.8801498127340824,0.9591836734693876,0.5909821162336678,0.1312959818902093,0.1846262714219585,0.0704524749468569,0.9626556016597512
K_Means_topic_16,1.0,similarity+interactions,"All but Betweenness and Harmonic (Unweighted Clustering, No Square Clustering)",xgboost,218.45202622702345,4120,34592,0.9973122747875822,0.9404990403071016,0.9749481464242606,0.9176029962546816,0.9645669291338582,0.5895938575541004,0.1374647887323943,0.1815352066028654,0.0740965684785909,0.9494163424124512
K_Means_topic_16,1.0,similarity+interactions,Core Number Only,logistic_regression,218.45202622702345,4120,34592,0.5416757796590235,0.0,0.0715830500438503,0.0,0.0,0.5189933147472805,0.0,0.0986405475292775,0.0,0.0
K_Means_topic_16,1.0,similarity+interactions,Core Number Only,random_forest,218.45202622702345,4120,34592,0.865571941120835,0.4914004914004914,0.5804079979487325,0.3745318352059925,0.7142857142857143,0.5585059765674001,0.0573770491803278,0.1439790897493398,0.0297600971758275,0.7967479674796748
K_Means_topic_16,1.0,similarity+interactions,Core Number Only,xgboost,218.45202622702345,4120,34592,0.8754314698114509,0.4860759493670886,0.5832748742780358,0.3595505617977528,0.75,0.5590429736085752,0.0540381791483113,0.143878901120611,0.0279380504099605,0.8214285714285714
K_Means_topic_16,5.0,interactions,"All (Unweighted Clustering, No Square Clustering)",logistic_regression,25.77662985958159,16524,34592,0.8669962718100477,0.5813616610333172,0.6356184684250912,0.4126113776559287,0.9836601307189542,0.7185410009567798,0.3059185242121445,0.3591856267204905,0.1812936532037655,0.978688524590164
K_Means_topic_16,5.0,interactions,"All (Unweighted Clustering, No Square Clustering)",random_forest,25.77662985958159,16524,34592,0.9601612796456388,0.7547015535568274,0.8544665771299611,0.63262508567512,0.9351570415400202,0.796154042850728,0.4280028096464528,0.4749938041900982,0.2775584573337382,0.934560327198364
K_Means_topic_16,5.0,interactions,"All (Unweighted Clustering, No Square Clustering)",xgboost,25.77662985958159,16524,34592,0.970874804110222,0.7865168539325843,0.8724086284518622,0.6956819739547635,0.9046345811051694,0.7986998039063816,0.4594472134118713,0.4779081788788918,0.3079259034315214,0.9045495093666368
K_Means_topic_16,5.0,interactions,"All but Betweenness and Harmonic (Unweighted Clustering, No Square Clustering)",logistic_regression,25.77662985958159,16524,34592,0.8662932638029358,0.5793036750483559,0.6419193617456915,0.4105551747772447,0.9835796387520526,0.7187985212463505,0.3065094823167606,0.359552995484387,0.1815973276647434,0.9819376026272578
K_Means_topic_16,5.0,interactions,"All but Betweenness and Harmonic (Unweighted Clustering, No Square Clustering)",random_forest,25.77662985958159,16524,34592,0.9600660787489989,0.7449691991786448,0.848885078363782,0.6216586703221384,0.9293032786885246,0.7945017632940676,0.4269715352309846,0.4727445159447465,0.2778621317947161,0.9214501510574018
K_Means_topic_16,5.0,interactions,"All but Betweenness and Harmonic (Unweighted Clustering, No Square Clustering)",xgboost,25.77662985958159,16524,34592,0.9709182075297652,0.7746697746697747,0.8691017964757635,0.6833447566826594,0.8941704035874439,0.7996442810591305,0.4572465411657972,0.4788988601324232,0.3061038566656544,0.9032258064516128
K_Means_topic_16,5.0,interactions,Core Number Only,logistic_regression,25.77662985958159,16524,34592,0.7796559892283086,0.5784883720930233,0.5666978404464322,0.409184372858122,0.9867768595041322,0.6017950770895458,0.3063895304080061,0.3110138208243289,0.1812936532037655,0.98841059602649
K_Means_topic_16,5.0,interactions,Core Number Only,random_forest,25.77662985958159,16524,34592,0.7787700180642848,0.5875,0.5796778287414802,0.4187799862919808,0.9838969404186796,0.6159310509654115,0.3126436781609195,0.3168208601496455,0.185848770118433,0.9839228295819936
K_Means_topic_16,5.0,interactions,Core Number Only,xgboost,25.77662985958159,16524,34592,0.7792660636442448,0.5875,0.5809496833918478,0.4187799862919808,0.9838969404186796,0.6157843462883543,0.3126436781609195,0.3170034309874081,0.185848770118433,0.9839228295819936
K_Means_topic_16,5.0,similarity,"All (Unweighted Clustering, No Square Clustering)",logistic_regression,1672.7821882888677,16524,34592,0.8957201453059134,0.4684014869888476,0.5785207689152417,0.345442083618917,0.7272727272727273,0.7484344572005053,0.2702013764975783,0.3727527676422701,0.1609474643182508,0.8412698412698413
K_Means_topic_16,5.0,similarity,"All (Unweighted Clustering, No Square Clustering)",random_forest,1672.7821882888677,16524,34592,0.9981538760413806,0.9680365296803652,0.994003473332398,0.9444825222755312,0.9927953890489912,0.8462365823628756,0.584529676451682,0.5634993571307885,0.4142119647737625,0.992721979621543
K_Means_topic_16,5.0,similarity,"All (Unweighted Clustering, No Square Clustering)",xgboost,1672.7821882888677,16524,34592,0.9989499011252814,0.9782232976149324,0.9963524717618648,0.969842357779301,0.9867503486750347,0.8480051205613031,0.5967810249894112,0.5625846342835934,0.427877315517765,0.986004198740378
K_Means_topic_16,5.0,similarity,"All but Betweenness and Harmonic (Unweighted Clustering, No Square Clustering)",logistic_regression,1672.7821882888677,16524,34592,0.8947498468482588,0.5457038391224863,0.6695710130962511,0.409184372858122,0.8189300411522634,0.7461464541424737,0.2911455727863932,0.3784088545310919,0.176738536289098,0.825531914893617
K_Means_topic_16,5.0,similarity,"All but Betweenness and Harmonic (Unweighted Clustering, No Square Clustering)",random_forest,1672.7821882888677,16524,34592,0.9981431616752356,0.9653482674133708,0.9938723532113524,0.9451679232350926,0.9864091559370528,0.8465391167954448,0.5850107066381156,0.5640346826196277,0.4148193136957182,0.9920116194626
K_Means_topic_16,5.0,similarity,"All but Betweenness and Harmonic (Unweighted Clustering, No Square Clustering)",xgboost,1672.7821882888677,16524,34592,0.9988341131769188,0.9782533655505696,0.995471031812826,0.9712131596984236,0.9853963838664812,0.846839361468827,0.5966546686428118,0.5609324721700514,0.427877315517765,0.9853146853146854
K_Means_topic_16,5.0,similarity,Core Number Only,logistic_regression,1672.7821882888677,16524,34592,0.7620824269153977,0.4738493723849372,0.4834130835398904,0.3104866346812885,1.0,0.53418240320647,0.0,0.2655976950556374,0.0,0.0
K_Means_topic_16,5.0,similarity,Core Number Only,random_forest,1672.7821882888677,16524,34592,0.9152391271363048,0.7901430842607313,0.8015417390600155,0.6812885538039753,0.9403973509933776,0.7682164581545006,0.4533702677746999,0.4417229271506995,0.2982083206802308,0.9451395572666024
K_Means_topic_16,5.0,similarity,Core Number Only,xgboost,1672.7821882888677,16524,34592,0.8936924913221596,0.743973399833749,0.7577257505018449,0.6134338588074023,0.945089757127772,0.742385253011647,0.4106717484516436,0.4071288204904034,0.2617673853628909,0.952486187845304
K_Means_topic_16,5.0,similarity+interactions,"All (Unweighted Clustering, No Square Clustering)",logistic_regression,1631.7601937581785,16524,34592,0.8508859597899621,0.6708807416772019,0.6779457320766391,0.5455791638108294,0.8708971553610503,0.7360592208180403,0.2728164867517174,0.3517815352193502,0.1688430003036744,0.7100893997445722
K_Means_topic_16,5.0,similarity+interactions,"All (Unweighted Clustering, No Square Clustering)",random_forest,1631.7601937581785,16524,34592,0.9980699354658484,0.9660007010164738,0.9932101949028088,0.9444825222755312,0.988522238163558,0.8472610167421466,0.5871050384286934,0.5638108879297672,0.4175523838445186,0.9884974838245866
K_Means_topic_16,5.0,similarity+interactions,"All (Unweighted Clustering, No Square Clustering)",xgboost,1631.7601937581785,16524,34592,0.998839117764078,0.9764542936288088,0.9952778118287342,0.9664153529814942,0.986703988803359,0.8470048741890359,0.5945257797581158,0.5604881405718501,0.4254479198299423,0.9866197183098592
K_Means_topic_16,5.0,similarity+interactions,"All but Betweenness and Harmonic (Unweighted Clustering, No Square Clustering)",logistic_regression,1631.7601937581785,16524,34592,0.875448701048029,0.6021014161717679,0.6928286193381338,0.4516792323509253,0.9027397260273972,0.7288411915879642,0.2759142496847415,0.3630165572077883,0.1661099301548739,0.8139880952380952
K_Means_topic_16,5.0,similarity+interactions,"All but Betweenness and Harmonic (Unweighted Clustering, No Square Clustering)",random_forest,1631.7601937581785,16524,34592,0.9975312599025424,0.963922942206655,0.9912710486565116,0.9431117203564084,0.98567335243553,0.8451993796654267,0.5844377939290295,0.5603663110818622,0.415122988156696,0.9870036101083032
K_Means_topic_16,5.0,similarity+interactions,"All but Betweenness and Harmonic (Unweighted Clustering, No Square Clustering)",xgboost,1631.7601937581785,16524,34592,0.9983600877804588,0.9715869715869716,0.9936821690709808,0.9609321453050036,0.9824807288016818,0.8470375808764047,0.5947435353963544,0.5603900388803249,0.426055268751898,0.984561403508772
K_Means_topic_16,5.0,similarity+interactions,Core Number Only,logistic_regression,1631.7601937581785,16524,34592,0.7647312184099654,0.4797086368366285,0.4871147211324481,0.3159698423577793,0.9956803455723542,0.5349086158563863,0.0,0.267432767056756,0.0,0.0
K_Means_topic_16,5.0,similarity+interactions,Core Number Only,random_forest,1631.7601937581785,16524,34592,0.9150616462771446,0.7841409691629956,0.800143262809278,0.6710075394105551,0.9431599229287092,0.7678172735687945,0.451270207852194,0.4415485211131748,0.2966899483753416,0.9421407907425264
K_Means_topic_16,5.0,similarity+interactions,Core Number Only,xgboost,1631.7601937581785,16524,34592,0.8915378118170587,0.7323467230443975,0.7458670604843363,0.5935572309801234,0.955849889624724,0.7461287327646988,0.4175669328323156,0.4102529729210864,0.2699665958092924,0.9212435233160622
K_Means_topic_16,10.0,interactions,"All (Unweighted Clustering, No Square Clustering)",logistic_regression,34.43304711394012,26402,34592,0.8451009863706758,0.5519779208831647,0.6120059936714484,0.3880983182406209,0.9554140127388536,0.7966912242369224,0.425531914893617,0.4898156780138903,0.2733070148800486,0.96051227321238
K_Means_topic_16,10.0,interactions,"All (Unweighted Clustering, No Square Clustering)",random_forest,34.43304711394012,26402,34592,0.947912661969278,0.7408190224570673,0.8233608806627578,0.6045709357481673,0.956343792633015,0.8917200920362883,0.5807676086039646,0.6547973593452212,0.4181597327664743,0.9503105590062112
K_Means_topic_16,10.0,interactions,"All (Unweighted Clustering, No Square Clustering)",xgboost,34.43304711394012,26402,34592,0.961164625850048,0.7646763672854993,0.8441608100461286,0.6571798188874515,0.9142171565686864,0.9042299584970476,0.6163801820020223,0.6718475695669482,0.4627998785302156,0.9225181598062954
K_Means_topic_16,10.0,interactions,"All but Betweenness and Harmonic (Unweighted Clustering, No Square Clustering)",logistic_regression,34.43304711394012,26402,34592,0.8474647750913602,0.5521057485398094,0.6172491250608588,0.3872358775334196,0.961456102783726,0.7948158338438962,0.4252192462668879,0.4866304970021857,0.2723959914971151,0.968682505399568
K_Means_topic_16,10.0,interactions,"All but Betweenness and Harmonic (Unweighted Clustering, No Square Clustering)",random_forest,34.43304711394012,26402,34592,0.944036002987154,0.735200845665962,0.8142049391066606,0.5998275118585598,0.9494880546075084,0.8880426999726501,0.5812289562289562,0.6471166752875781,0.4193744306103856,0.9465387251542152
K_Means_topic_16,10.0,interactions,"All but Betweenness and Harmonic (Unweighted Clustering, No Square Clustering)",xgboost,34.43304711394012,26402,34592,0.959309257439554,0.7580524344569288,0.8379153090066119,0.6545924967658473,0.900355871886121,0.9038149687515304,0.6133549827481226,0.6710540224860125,0.4588521105375038,0.9247246022031824
K_Means_topic_16,10.0,interactions,Core Number Only,logistic_regression,34.43304711394012,26402,34592,0.7774124708897613,0.5479282622139765,0.5548208096618732,0.3820612332902113,0.9683060109289616,0.6761530176983735,0.4207011686143572,0.4244067186005772,0.2678408745824476,0.98
K_Means_topic_16,10.0,interactions,Core Number Only,random_forest,34.43304711394012,26402,34592,0.7755195096904792,0.5479962721342032,0.5600118528874029,0.3803363518758085,0.98,0.6721733289102172,0.4207011686143572,0.4250788994234205,0.2678408745824476,0.98
K_Means_topic_16,10.0,interactions,Core Number Only,xgboost,34.43304711394012,26402,34592,0.7755271464251389,0.5479962721342032,0.5619621532361463,0.3803363518758085,0.98,0.6721605654432242,0.4207011686143572,0.4259857592601718,0.2678408745824476,0.98
K_Means_topic_16,10.0,similarity,"All (Unweighted Clustering, No Square Clustering)",logistic_regression,3139.013540783897,26402,34592,0.8970329128223138,0.5622578859988931,0.6464978573303327,0.438119879258301,0.7845559845559845,0.8524347421785003,0.3785648574057038,0.5107599976425152,0.2499240813847555,0.7800947867298578
K_Means_topic_16,10.0,similarity,"All (Unweighted Clustering, No Square Clustering)",random_forest,3139.013540783897,26402,34592,0.9981733969218176,0.960178970917226,0.9925409090142744,0.9253988788270806,0.99767549976755,0.9589308404142922,0.7850055126791621,0.8157698764642131,0.6486486486486487,0.9939506747324336
K_Means_topic_16,10.0,similarity,"All (Unweighted Clustering, No Square Clustering)",xgboost,3139.013540783897,26402,34592,0.9986819873351244,0.9746835443037974,0.995507757280599,0.9629150495903408,0.9867432611577552,0.9601896452296598,0.8019445444724523,0.8173308333960386,0.6762830245976313,0.9849624060150376
K_Means_topic_16,10.0,similarity,"All but Betweenness and Harmonic (Unweighted Clustering, No Square Clustering)",logistic_regression,3139.013540783897,26402,34592,0.8763481410603193,0.497610513739546,0.6371511796433997,0.3592065545493747,0.8095238095238095,0.8278862048286423,0.3626168224299065,0.4945678301000173,0.2356513817187974,0.7862208713272543
K_Means_topic_16,10.0,similarity,"All but Betweenness and Harmonic (Unweighted Clustering, No Square Clustering)",random_forest,3139.013540783897,26402,34592,0.9977922943180708,0.9582122905027932,0.9917751101646176,0.9245364381198792,0.9944341372912802,0.9583227541122596,0.7842346471127406,0.8141668521377707,0.6495596720315822,0.9893617021276596
K_Means_topic_16,10.0,similarity,"All but Betweenness and Harmonic (Unweighted Clustering, No Square Clustering)",xgboost,3139.013540783897,26402,34592,0.9986838674222038,0.9700546448087431,0.9944657238660106,0.956877964639931,0.983599290780142,0.9591635420428456,0.7981220657276995,0.8140689860337481,0.6711205587610082,0.9844097995545658
K_Means_topic_16,10.0,similarity,Core Number Only,logistic_regression,3139.013540783897,26402,34592,0.781636552058528,0.4843137254901961,0.5102221070798655,0.3195342820181112,1.0,0.6184061787715708,0.3539115221194701,0.3865984711559835,0.2150015183723048,1.0
K_Means_topic_16,10.0,similarity,Core Number Only,random_forest,3139.013540783897,26402,34592,0.9124713463538138,0.7725872689938398,0.7981458970192336,0.6489866321690384,0.9543436905516804,0.8656092937133972,0.6173092698933552,0.6266523510910038,0.4570300637716368,0.950726468730259
K_Means_topic_16,10.0,similarity,Core Number Only,xgboost,3139.013540783897,26402,34592,0.8932503745804921,0.684931506849315,0.7227381190594351,0.5390254420008624,0.9391435011269722,0.8427938954670793,0.5461222726290775,0.5702290575697974,0.3838445186759793,0.9461077844311376
K_Means_topic_16,10.0,similarity+interactions,"All (Unweighted Clustering, No Square Clustering)",logistic_regression,3233.781495322008,26402,34592,0.917218154400164,0.536065113668257,0.6543059708674062,0.4118154376886589,0.7676848874598071,0.8767718260888699,0.3690929451287794,0.5327712599841672,0.2502277558457333,0.7030716723549488
K_Means_topic_16,10.0,similarity+interactions,"All (Unweighted Clustering, No Square Clustering)",random_forest,3233.781495322008,26402,34592,0.9984990996262976,0.9660528067450632,0.9933624822930543,0.938766709788702,0.9949725776965264,0.958831667645102,0.7915374794820353,0.815728624196346,0.6589735803218949,0.9908675799086758
K_Means_topic_16,10.0,similarity+interactions,"All (Unweighted Clustering, No Square Clustering)",xgboost,3233.781495322008,26402,34592,0.9990061322531678,0.975195822454308,0.9951146808479284,0.9663648124191462,0.984189723320158,0.9608082828584544,0.8019445444724523,0.8184668166505782,0.6762830245976313,0.9849624060150376
K_Means_topic_16,10.0,similarity+interactions,"All but Betweenness and Harmonic (Unweighted Clustering, No Square Clustering)",logistic_regression,3233.781495322008,26402,34592,0.8993467091322831,0.5152211372774268,0.6549659854638183,0.3868046571798189,0.7712811693895099,0.8489448678089517,0.3774609640190088,0.5148028086769937,0.2532645004555117,0.7406749555950266
K_Means_topic_16,10.0,similarity+interactions,"All but Betweenness and Harmonic (Unweighted Clustering, No Square Clustering)",random_forest,3233.781495322008,26402,34592,0.9977548000100344,0.9645861000442674,0.9914683540688718,0.9396291504959036,0.9909049567985448,0.9579157300120492,0.7862371888726208,0.8135243487412503,0.6522927421803826,0.9894058037770612
K_Means_topic_16,10.0,similarity+interactions,"All but Betweenness and Harmonic (Unweighted Clustering, No Square Clustering)",xgboost,3233.781495322008,26402,34592,0.99893572746845,0.9721496953872932,0.9944793384809962,0.9633462699439412,0.9811155028546332,0.9605529213460832,0.7993521684362066,0.8177855598816085,0.6744609778317644,0.9810070671378092
K_Means_topic_16,10.0,similarity+interactions,Core Number Only,logistic_regression,3233.781495322008,26402,34592,0.7836317004669617,0.4894240156199154,0.5125120961687795,0.3242777059077188,0.9973474801061007,0.619511259245594,0.3580154574918973,0.3881854114093993,0.2180382629820832,1.0
K_Means_topic_16,10.0,similarity+interactions,Core Number Only,random_forest,3233.781495322008,26402,34592,0.9152997762141302,0.7697860273266306,0.7989858717586806,0.64381198792583,0.957051282051282,0.866495231620154,0.6168070680090405,0.6272618050308668,0.4558153659277255,0.9536213468869124
K_Means_topic_16,10.0,similarity+interactions,Core Number Only,xgboost,3233.781495322008,26402,34592,0.892523747782773,0.7058180824911227,0.7275662758938438,0.5571366968520914,0.96274217585693,0.8385882676018663,0.5451781059947871,0.566994087614034,0.3811114485271789,0.9572845156369184
K_Means_topic_16,20.0,interactions,"All (Unweighted Clustering, No Square Clustering)",logistic_regression,40.40463866991922,32432,34592,0.8139463527588664,0.5153927813163482,0.5610281375397436,0.3532193524918152,0.9528949950932286,0.8207646947697156,0.4467241781301002,0.5425502559115226,0.2909201336167628,0.9618473895582328
K_Means_topic_16,20.0,interactions,"All (Unweighted Clustering, No Square Clustering)",random_forest,40.40463866991922,32432,34592,0.92764068393505,0.7096479195244627,0.7804503901761375,0.5645689341578756,0.955076923076923,0.9208476383855502,0.6324959481361426,0.7308525120718362,0.4740358335863954,0.950091296409008
K_Means_topic_16,20.0,interactions,"All (Unweighted Clustering, No Square Clustering)",xgboost,40.40463866991922,32432,34592,0.9475132633150286,0.7337122868386533,0.8066592607790263,0.6104037831938887,0.9194520547945204,0.9361919259462383,0.656581532416503,0.7516034194810575,0.5074400242939568,0.9298831385642736
K_Means_topic_16,20.0,interactions,"All but Betweenness and Harmonic (Unweighted Clustering, No Square Clustering)",logistic_regression,40.40463866991922,32432,34592,0.8197813571897654,0.5128068303094984,0.5702165514667603,0.3495816660603856,0.961961961961962,0.8193173632138369,0.4453271028037383,0.5412574331597344,0.2894017613118737,0.9655521783181358
K_Means_topic_16,20.0,interactions,"All but Betweenness and Harmonic (Unweighted Clustering, No Square Clustering)",random_forest,40.40463866991922,32432,34592,0.929078215307384,0.7128577919127669,0.7792877691493499,0.5707530010913059,0.9491833030852994,0.9207204645781676,0.6340477153255155,0.728815104694853,0.4761615548132402,0.9485783424077436
K_Means_topic_16,20.0,interactions,"All but Betweenness and Harmonic (Unweighted Clustering, No Square Clustering)",xgboost,40.40463866991922,32432,34592,0.9462906315499388,0.7299781181619256,0.8032374808270465,0.6067660967624591,0.915980230642504,0.9367329494707296,0.6573783359497645,0.7493161700411566,0.5086547221378682,0.9290072102052136
K_Means_topic_16,20.0,interactions,Core Number Only,logistic_regression,40.40463866991922,32432,34592,0.7622725163788722,0.5107398568019093,0.520137960133052,0.3503092033466715,0.9422700587084148,0.6999592025067585,0.4469430780042164,0.4555469698786127,0.2897054357728515,0.9774590163934426
K_Means_topic_16,20.0,interactions,Core Number Only,random_forest,40.40463866991922,32432,34592,0.7615250645271748,0.5118152524167562,0.5260547243848404,0.3466715169152419,0.9774358974358974,0.6995495587668004,0.4465791940018744,0.4588497427080219,0.2894017613118737,0.9774358974358974
K_Means_topic_16,20.0,interactions,Core Number Only,xgboost,40.40463866991922,32432,34592,0.7611125082625532,0.5118152524167562,0.5283080647140623,0.3466715169152419,0.9774358974358974,0.6994383502083249,0.4465791940018744,0.4596845776283966,0.2894017613118737,0.9774358974358974
K_Means_topic_16,20.0,similarity,"All (Unweighted Clustering, No Square Clustering)",logistic_regression,3912.162260571495,32432,34592,0.907686614153408,0.5068354430379747,0.6543327181600678,0.364132411786104,0.8334721065778518,0.8839757383714167,0.4198028673835125,0.5659983364260581,0.2845429699362283,0.8001707941929974
K_Means_topic_16,20.0,similarity,"All (Unweighted Clustering, No Square Clustering)",random_forest,3912.162260571495,32432,34592,0.997522683210846,0.9491079812206572,0.9911061495993144,0.9192433612222628,0.9809782608695652,0.991491584742042,0.8647729205647219,0.9421133529289624,0.7719404798056484,0.982985305491106
K_Means_topic_16,20.0,similarity,"All (Unweighted Clustering, No Square Clustering)",xgboost,3912.162260571495,32432,34592,0.9983667176410096,0.9612546125461254,0.9928579052029864,0.9476173153874136,0.9752901535005616,0.992070321376531,0.8758169934640523,0.9435560385168574,0.7935013665350744,0.9771877337322364
K_Means_topic_16,20.0,similarity,"All but Betweenness and Harmonic (Unweighted Clustering, No Square Clustering)",logistic_regression,3912.162260571495,32432,34592,0.8615413920197889,0.4590590070184559,0.5912021539214921,0.3212077118952346,0.8041894353369763,0.8468434995293915,0.3966165413533835,0.5394309598030813,0.25630124506529,0.8764278296988577
K_Means_topic_16,20.0,similarity,"All but Betweenness and Harmonic (Unweighted Clustering, No Square Clustering)",random_forest,3912.162260571495,32432,34592,0.9977435939530652,0.950665916338398,0.990643870154795,0.9217897417242634,0.981409759876065,0.9913152829870204,0.8659198913781398,0.9420784572564592,0.7746735499544488,0.981531358214698
K_Means_topic_16,20.0,similarity,"All but Betweenness and Harmonic (Unweighted Clustering, No Square Clustering)",xgboost,3912.162260571495,32432,34592,0.9985753303731426,0.9605602653888684,0.9921687963253516,0.9479810840305566,0.9734777736271948,0.9920069066898972,0.8723368562321758,0.9429623674266484,0.7895535985423626,0.974512743628186
K_Means_topic_16,20.0,similarity,Core Number Only,logistic_regression,3912.162260571495,32432,34592,0.7443704863101334,0.4512676056338028,0.4717333079851913,0.2913786831575118,1.0,0.636608629130198,0.3810226155358899,0.4091059417830496,0.2353477072578196,1.0
K_Means_topic_16,20.0,similarity,Core Number Only,random_forest,3912.162260571495,32432,34592,0.904485154745426,0.7384890478319177,0.7733361248403926,0.6009457984721717,0.95768115942029,0.9047524844542087,0.6558882235528942,0.7231856685344993,0.4989371393865776,0.956901572510192
K_Means_topic_16,20.0,similarity,Core Number Only,xgboost,3912.162260571495,32432,34592,0.8829366268160077,0.6448508180943214,0.6981966151711613,0.4874499818115678,0.9523809523809524,0.8811201224454546,0.5714285714285714,0.6513239082646752,0.4093531733981172,0.9459649122807018
K_Means_topic_16,20.0,similarity+interactions,"All (Unweighted Clustering, No Square Clustering)",logistic_regression,3960.849325278774,32432,34592,0.9086631754207154,0.4671902710919686,0.6268758026936089,0.3353946889778101,0.7696160267111853,0.9038409711016188,0.4094982078853046,0.5822592735953754,0.2775584573337382,0.7805294619982921
K_Means_topic_16,20.0,similarity+interactions,"All (Unweighted Clustering, No Square Clustering)",random_forest,3960.849325278774,32432,34592,0.9980160681008036,0.9458183877666604,0.9902325068485052,0.9112404510731176,0.9831240188383046,0.991419612565566,0.8596851471594799,0.9409597689259184,0.7628302459763134,0.9847118776950216
K_Means_topic_16,20.0,similarity+interactions,"All (Unweighted Clustering, No Square Clustering)",xgboost,3960.849325278774,32432,34592,0.9987591019827592,0.9646017699115044,0.993274031714896,0.9516187704619862,0.9779439252336448,0.99239848946915,0.8766939936422955,0.9440189722773674,0.7956270877619193,0.9761549925484352
K_Means_topic_16,20.0,similarity+interactions,"All but Betweenness and Harmonic (Unweighted Clustering, No Square Clustering)",logistic_regression,3960.849325278774,32432,34592,0.8564773692655656,0.458366375892149,0.5884513290001572,0.3153874136049472,0.8384912959381045,0.8527552211433415,0.3949697251979506,0.5382021861483115,0.2575159429092013,0.8471528471528471
K_Means_topic_16,20.0,similarity+interactions,"All but Betweenness and Harmonic (Unweighted Clustering, No Square Clustering)",random_forest,3960.849325278774,32432,34592,0.99758859123102,0.9478440971568444,0.9897684531761998,0.915605674790833,0.9824355971896956,0.9910109245089972,0.8602113876576883,0.9400069788653194,0.7661706650470695,0.9805674310143802
K_Means_topic_16,20.0,similarity+interactions,"All but Betweenness and Harmonic (Unweighted Clustering, No Square Clustering)",xgboost,3960.849325278774,32432,34592,0.9986194120296256,0.9626494940202392,0.9924521948362182,0.9516187704619862,0.9739389426656738,0.9925394600458706,0.8744139316811789,0.944503768854604,0.7928940176131187,0.9746173945502054
K_Means_topic_16,20.0,similarity+interactions,Core Number Only,logistic_regression,3960.849325278774,32432,34592,0.7460885985902178,0.4546220848552964,0.473916195880701,0.2942888323026555,0.9987654320987654,0.6377439712944921,0.3853885756312822,0.4108558647233975,0.2386881263285757,1.0
K_Means_topic_16,20.0,similarity+interactions,Core Number Only,random_forest,3960.849325278774,32432,34592,0.9004992881799014,0.7291526185659699,0.7633364154144304,0.5900327391778829,0.9541176470588236,0.8989404546862139,0.6493298659731946,0.7173301825387939,0.4928636501670209,0.9513481828839392
K_Means_topic_16,20.0,similarity+interactions,Core Number Only,xgboost,3960.849325278774,32432,34592,0.8763661989309199,0.645408774874131,0.695294588918021,0.4896325936704256,0.9465541490857946,0.8794037441851154,0.5793918918918919,0.6558628473820498,0.4166413604615852,0.9507969507969508
K_Means_topic_16,50.0,interactions,"All (Unweighted Clustering, No Square Clustering)",logistic_regression,50.391404459718615,34273,34592,0.8027281095594618,0.5458412098298677,0.5722138269259202,0.3827037773359841,0.9514003294892917,0.8093133713679799,0.5126385809312639,0.5952594512309025,0.3510476768903735,0.9498767460969596
K_Means_topic_16,50.0,interactions,"All (Unweighted Clustering, No Square Clustering)",random_forest,50.391404459718615,34273,34592,0.9241139946435608,0.7224287484510533,0.7858886788593591,0.5795228628230616,0.9588815789473684,0.9321471100032428,0.7478515267873469,0.8043699953378595,0.6210142726996659,0.9397977941176472
K_Means_topic_16,50.0,interactions,"All (Unweighted Clustering, No Square Clustering)",xgboost,50.391404459718615,34273,34592,0.945202310373879,0.7482669835611012,0.8103459421419636,0.6259111994698476,0.930083702609552,0.9486684890239084,0.7687388987566608,0.8260809945638717,0.657151533556028,0.9259734702610184
K_Means_topic_16,50.0,interactions,"All but Betweenness and Harmonic (Unweighted Clustering, No Square Clustering)",logistic_regression,50.391404459718615,34273,34592,0.7944218335271789,0.5455827067669173,0.565857627992074,0.3846918489065606,0.9378029079159936,0.7881138202810899,0.508624502432552,0.5812415581943523,0.3492256301245065,0.935720097640358
K_Means_topic_16,50.0,interactions,"All but Betweenness and Harmonic (Unweighted Clustering, No Square Clustering)",random_forest,50.391404459718615,34273,34592,0.9242350037777918,0.7228171334431631,0.7824119367183261,0.5815109343936382,0.954842219804135,0.9284794542673336,0.7425325270295033,0.7993818800183928,0.6152444579410872,0.9362292051756008
K_Means_topic_16,50.0,interactions,"All but Betweenness and Harmonic (Unweighted Clustering, No Square Clustering)",xgboost,50.391404459718615,34273,34592,0.9450235238703756,0.7409316154608523,0.8070706557059641,0.6192842942345924,0.9220522940305872,0.9492133595378808,0.7653224373778647,0.8246776463911349,0.6541147889462496,0.9220890410958904
K_Means_topic_16,50.0,interactions,Core Number Only,logistic_regression,50.391404459718615,34273,34592,0.7659297772793728,0.5083032490974729,0.544139181122145,0.3499005964214712,0.9287598944591028,0.731465376895769,0.4769893448197687,0.510220748891482,0.319465532948679,0.9409660107334524
K_Means_topic_16,50.0,interactions,Core Number Only,random_forest,50.391404459718615,34273,34592,0.7649019390827223,0.5494809688581315,0.5500099049272169,0.3946322067594433,0.9043280182232346,0.7304515520574761,0.5157369220751031,0.5166821031327544,0.3607652596416641,0.9041095890410958
K_Means_topic_16,50.0,interactions,Core Number Only,xgboost,50.391404459718615,34273,34592,0.7649044144984516,0.5494809688581315,0.5516259838720127,0.3946322067594433,0.9043280182232346,0.7304405835288288,0.516702819956616,0.5172562597718313,0.3616762830245976,0.9043280182232346
K_Means_topic_16,50.0,similarity,"All (Unweighted Clustering, No Square Clustering)",logistic_regression,4253.471883036196,34273,34592,0.9070080238454096,0.4851461988304094,0.6566764917015395,0.3436050364479788,0.8249801113762928,0.9199722324008164,0.5370716510903427,0.7191407522164887,0.3926510780443364,0.8495400788436268
K_Means_topic_16,50.0,similarity,"All (Unweighted Clustering, No Square Clustering)",random_forest,4253.471883036196,34273,34592,0.9983701004128273,0.955634880163182,0.9913281981004252,0.9314115308151092,0.981151832460733,0.998051545913936,0.9479375868994284,0.987551624017078,0.9316732462799878,0.9647798742138364
K_Means_topic_16,50.0,similarity,"All (Unweighted Clustering, No Square Clustering)",xgboost,4253.471883036196,34273,34592,0.9987010799279404,0.9562154001006542,0.9925393603357382,0.9443339960238568,0.9683995922528033,0.9983656116125796,0.9536302623550944,0.9906811710121056,0.949286365016702,0.9580140974563284
K_Means_topic_16,50.0,similarity,"All but Betweenness and Harmonic (Unweighted Clustering, No Square Clustering)",logistic_regression,4253.471883036196,34273,34592,0.8750759348351844,0.5534842432312472,0.665948695629732,0.4131875414181577,0.8380376344086021,0.8844460752833817,0.5967457361301706,0.6970174429349307,0.4621925296082599,0.8418141592920354
K_Means_topic_16,50.0,similarity,"All but Betweenness and Harmonic (Unweighted Clustering, No Square Clustering)",random_forest,4253.471883036196,34273,34592,0.9975970975194002,0.9560495503139318,0.9903013882656952,0.933399602385686,0.9798260869565216,0.9974475782677286,0.9499923065086936,0.9872748005673218,0.9374430610385668,0.962882096069869
K_Means_topic_16,50.0,similarity,"All but Betweenness and Harmonic (Unweighted Clustering, No Square Clustering)",xgboost,4253.471883036196,34273,34592,0.9985002585139724,0.95503355704698,0.991592133145466,0.943008614976806,0.9673691366417404,0.9982642024472344,0.9535131839658588,0.9903373111130764,0.9498937139386576,0.9571603427172584
K_Means_topic_16,50.0,similarity,Core Number Only,logistic_regression,4253.471883036196,34273,34592,0.7507317636335245,0.4550806245200921,0.4910398656456562,0.2945659377070908,1.0,0.6888983267070516,0.4225149700598802,0.4583388370265839,0.2678408745824476,1.0
K_Means_topic_16,50.0,similarity,Core Number Only,random_forest,4253.471883036196,34273,34592,0.9225591844337376,0.7847813742191937,0.8284845716358427,0.6868787276341949,0.91523178807947,0.9281342148556916,0.8082918739635158,0.8347211599582612,0.740054661402976,0.8903909389842893
K_Means_topic_16,50.0,similarity,Core Number Only,xgboost,4253.471883036196,34273,34592,0.9041066616882718,0.714828897338403,0.7656050361540131,0.5917826375082836,0.9024759979787772,0.9104017957843924,0.7458340641992632,0.7794844477188477,0.6456119040388704,0.882890365448505
K_Means_topic_16,50.0,similarity+interactions,"All (Unweighted Clustering, No Square Clustering)",logistic_regression,4376.942401905078,34273,34592,0.9275858950705724,0.6353035786087656,0.7489921143641173,0.5235255135851558,0.8077709611451943,0.9319775756509026,0.6673827425707125,0.7603243914155811,0.5660491952626784,0.8129088530309638
K_Means_topic_16,50.0,similarity+interactions,"All (Unweighted Clustering, No Square Clustering)",random_forest,4376.942401905078,34273,34592,0.9972897484182516,0.953617810760668,0.9900139392438644,0.9367130550033136,0.9711439367914806,0.9967747237985258,0.950890116635973,0.987796884377842,0.9407834801093228,0.9612162581445858
K_Means_topic_16,50.0,similarity+interactions,"All (Unweighted Clustering, No Square Clustering)",xgboost,4376.942401905078,34273,34592,0.9984909823308324,0.9557492457257796,0.9904359196774736,0.9446653412856196,0.9670963364993216,0.9982488241916784,0.9526275704493526,0.99037711769042,0.94959003947768,0.9556845965770172
K_Means_topic_16,50.0,similarity+interactions,"All but Betweenness and Harmonic (Unweighted Clustering, No Square Clustering)",logistic_regression,4376.942401905078,34273,34592,0.9164069282380692,0.7078337330135891,0.7596781285668666,0.5868124585818423,0.891742195367573,0.9221703527083926,0.7293610911701364,0.7752661216439484,0.6170665047069541,0.8916191311978938
K_Means_topic_16,50.0,similarity+interactions,"All but Betweenness and Harmonic (Unweighted Clustering, No Square Clustering)",random_forest,4376.942401905078,34273,34592,0.9968993695269858,0.9523165370307743,0.9896625578117848,0.9330682571239232,0.9723756906077348,0.9972708690131906,0.9509803921568628,0.9877110602628952,0.9426055268751898,0.9595054095826894
K_Means_topic_16,50.0,similarity+interactions,"All but Betweenness and Harmonic (Unweighted Clustering, No Square Clustering)",xgboost,4376.942401905078,34273,34592,0.9986360300310864,0.95413458319384,0.99150531669418,0.9443339960238568,0.9641407307171854,0.9984282695143974,0.9501144164759724,0.9899799582019316,0.9456422714849682,0.9546290619251993
K_Means_topic_16,50.0,similarity+interactions,Core Number Only,logistic_regression,4376.942401905078,34273,34592,0.7525580002627015,0.4581632653061224,0.4934820484219662,0.2975480450629556,0.9955654101995566,0.6904890010689779,0.4248506571087216,0.4604600564444271,0.2699665958092924,0.9966367713004484
K_Means_topic_16,50.0,similarity+interactions,Core Number Only,random_forest,4376.942401905078,34273,34592,0.9227782825788298,0.782608695652174,0.8245237810729791,0.6858846918489065,0.9110915492957746,0.92945614328661,0.8061886541340875,0.8334486307337049,0.7358032189492864,0.8914643119941134
K_Means_topic_16,50.0,similarity+interactions,Core Number Only,xgboost,4376.942401905078,34273,34592,0.9020902155986388,0.7160592711253504,0.7637015091873196,0.5924453280318092,0.9048582995951416,0.9065319960324684,0.7472334445810644,0.7765362038322279,0.6459155784998482,0.88625
K_Means_topic_16,100.0,interactions,"All (Unweighted Clustering, No Square Clustering)",logistic_regression,54.84004986193031,34592,34592,0.8311240213426125,0.6048454469507101,0.6329882720136254,0.4397206194959004,0.968561872909699,0.8311240213426125,0.6048454469507101,0.6329882720136254,0.4397206194959004,0.968561872909699
K_Means_topic_16,100.0,interactions,"All (Unweighted Clustering, No Square Clustering)",random_forest,54.84004986193031,34592,34592,0.9351608842533814,0.7495872317006054,0.814033434337019,0.6204069237777103,0.9467099165894348,0.9351608842533814,0.7495872317006054,0.814033434337019,0.6204069237777103,0.9467099165894348
K_Means_topic_16,100.0,interactions,"All (Unweighted Clustering, No Square Clustering)",xgboost,54.84004986193031,34592,34592,0.9501697512002972,0.7672306322350846,0.832001614440898,0.6541147889462496,0.9276485788113696,0.9501697512002972,0.7672306322350846,0.832001614440898,0.6541147889462496,0.9276485788113696
K_Means_topic_16,100.0,interactions,"All but Betweenness and Harmonic (Unweighted Clustering, No Square Clustering)",logistic_regression,54.84004986193031,34592,34592,0.8276790107293361,0.6020558002936858,0.629525913333018,0.4357728515031885,0.9735413839891452,0.8276790107293361,0.6020558002936858,0.629525913333018,0.4357728515031885,0.9735413839891452
K_Means_topic_16,100.0,interactions,"All but Betweenness and Harmonic (Unweighted Clustering, No Square Clustering)",random_forest,54.84004986193031,34592,34592,0.9343433965629958,0.7531135531135531,0.8109984733159362,0.6243546917704221,0.9487771112136596,0.9343433965629958,0.7531135531135531,0.8109984733159362,0.6243546917704221,0.9487771112136596
K_Means_topic_16,100.0,interactions,"All but Betweenness and Harmonic (Unweighted Clustering, No Square Clustering)",xgboost,54.84004986193031,34592,34592,0.9512899673706404,0.7689845278321181,0.8344226404105227,0.6565441846340723,0.9278969957081544,0.9512899673706404,0.7689845278321181,0.8344226404105227,0.6565441846340723,0.9278969957081544
K_Means_topic_16,100.0,interactions,Core Number Only,logistic_regression,54.84004986193031,34592,34592,0.7805066241617504,0.5910725618785699,0.5899280215795993,0.424233221986031,0.9741980474198048,0.7805066241617504,0.5910725618785699,0.5899280215795993,0.424233221986031,0.9741980474198048
K_Means_topic_16,100.0,interactions,Core Number Only,random_forest,54.84004986193031,34592,34592,0.7804558225553835,0.5908994708994709,0.5951874621363065,0.4239295475250531,0.9748603351955308,0.7804558225553835,0.5908994708994709,0.5951874621363065,0.4239295475250531,0.9748603351955308
K_Means_topic_16,100.0,interactions,Core Number Only,xgboost,54.84004986193031,34592,34592,0.7804561233288361,0.5908994708994709,0.5958120621247136,0.4239295475250531,0.9748603351955308,0.7804561233288361,0.5908994708994709,0.5958120621247136,0.4239295475250531,0.9748603351955308
K_Means_topic_16,100.0,similarity,"All (Unweighted Clustering, No Square Clustering)",logistic_regression,4274.087965279818,34592,34592,0.931242684231526,0.5413223140495868,0.7239698906176467,0.3978135438809596,0.8468002585649644,0.931242684231526,0.5413223140495868,0.7239698906176467,0.3978135438809596,0.8468002585649644
K_Means_topic_16,100.0,similarity,"All (Unweighted Clustering, No Square Clustering)",random_forest,4274.087965279818,34592,34592,0.997263786283502,0.940584721785602,0.9870181412059194,0.9085939872456726,0.974910394265233,0.997263786283502,0.940584721785602,0.9870181412059194,0.9085939872456726,0.974910394265233
K_Means_topic_16,100.0,similarity,"All (Unweighted Clustering, No Square Clustering)",xgboost,4274.087965279818,34592,34592,0.9983126706337522,0.9555966697502312,0.9918233178382824,0.9410871545703008,0.9705606013153774,0.9983126706337522,0.9555966697502312,0.9918233178382824,0.9410871545703008,0.9705606013153774
K_Means_topic_16,100.0,similarity,"All but Betweenness and Harmonic (Unweighted Clustering, No Square Clustering)",logistic_regression,4274.087965279818,34592,34592,0.8863798787915974,0.6068444090728213,0.6935699324631014,0.4631035529911934,0.8799769186381996,0.8863798787915974,0.6068444090728213,0.6935699324631014,0.4631035529911934,0.8799769186381996
K_Means_topic_16,100.0,similarity,"All but Betweenness and Harmonic (Unweighted Clustering, No Square Clustering)",random_forest,4274.087965279818,34592,34592,0.9978408250033396,0.9423016619629978,0.9865364993128044,0.9125417552383844,0.974068071312804,0.9978408250033396,0.9423016619629978,0.9865364993128044,0.9125417552383844,0.974068071312804
K_Means_topic_16,100.0,similarity,"All but Betweenness and Harmonic (Unweighted Clustering, No Square Clustering)",xgboost,4274.087965279818,34592,34592,0.9983341807867916,0.955260721999383,0.9916831542150256,0.9401761311873672,0.9708372530573848,0.9983341807867916,0.955260721999383,0.9916831542150256,0.9401761311873672,0.9708372530573848
K_Means_topic_16,100.0,similarity,Core Number Only,logistic_regression,4274.087965279818,34592,34592,0.7766820423025831,0.4891030052764396,0.5556982905573655,0.3237169754023686,1.0,0.7766820423025831,0.4891030052764396,0.5556982905573655,0.3237169754023686,1.0
K_Means_topic_16,100.0,similarity,Core Number Only,random_forest,4274.087965279818,34592,34592,0.9325768813085958,0.8303957432657133,0.854216290865036,0.758275129061646,0.9176773245130466,0.9325768813085958,0.8303957432657133,0.854216290865036,0.758275129061646,0.9176773245130466
K_Means_topic_16,100.0,similarity,Core Number Only,xgboost,4274.087965279818,34592,34592,0.9142957689897662,0.7577903682719547,0.7861355166436561,0.64986334649256,0.9087048832271762,0.9142957689897662,0.7577903682719547,0.7861355166436561,0.64986334649256,0.9087048832271762
K_Means_topic_16,100.0,similarity+interactions,"All (Unweighted Clustering, No Square Clustering)",logistic_regression,4238.302191436756,34592,34592,0.9130768991269972,0.5372891688681163,0.6921017833977123,0.4014576374126936,0.812039312039312,0.9130768991269972,0.5372891688681163,0.6921017833977123,0.4014576374126936,0.812039312039312
K_Means_topic_16,100.0,similarity+interactions,"All (Unweighted Clustering, No Square Clustering)",random_forest,4238.302191436756,34592,34592,0.9972430183617244,0.932219419924338,0.9850793789461209,0.8979653811114485,0.9691904293674204,0.9972430183617244,0.932219419924338,0.9850793789461209,0.8979653811114485,0.9691904293674204
K_Means_topic_16,100.0,similarity+interactions,"All (Unweighted Clustering, No Square Clustering)",xgboost,4238.302191436756,34592,34592,0.998147759460448,0.9530552562721256,0.990433569951394,0.9401761311873672,0.9662921348314608,0.998147759460448,0.9530552562721256,0.990433569951394,0.9401761311873672,0.9662921348314608
K_Means_topic_16,100.0,similarity+interactions,"All but Betweenness and Harmonic (Unweighted Clustering, No Square Clustering)",logistic_regression,4238.302191436756,34592,34592,0.9086880905268324,0.6642066420664207,0.7416640418836908,0.5466140297600972,0.846262341325811,0.9086880905268324,0.6642066420664207,0.7416640418836908,0.5466140297600972,0.846262341325811
K_Means_topic_16,100.0,similarity+interactions,"All but Betweenness and Harmonic (Unweighted Clustering, No Square Clustering)",random_forest,4238.302191436756,34592,34592,0.9974466225843392,0.9355496314881606,0.985237082809308,0.905860917096872,0.9672503242542152,0.9974466225843392,0.9355496314881606,0.985237082809308,0.905860917096872,0.9672503242542152
K_Means_topic_16,100.0,similarity+interactions,"All but Betweenness and Harmonic (Unweighted Clustering, No Square Clustering)",xgboost,4238.302191436756,34592,34592,0.9979116231931144,0.9491682070240296,0.9896335013196842,0.9356210142726996,0.9631134729603,0.9979116231931144,0.9491682070240296,0.9896335013196842,0.9356210142726996,0.9631134729603
K_Means_topic_16,100.0,similarity+interactions,Core Number Only,logistic_regression,4238.302191436756,34592,34592,0.7782229871699651,0.4906178489702517,0.5567592641663708,0.3255390221682356,0.9953574744661096,0.7782229871699651,0.4906178489702517,0.5567592641663708,0.3255390221682356,0.9953574744661096
K_Means_topic_16,100.0,similarity+interactions,Core Number Only,random_forest,4238.302191436756,34592,34592,0.9344267205117124,0.8229792919171677,0.8506583783771954,0.7482538718493774,0.9142857142857144,0.9344267205117124,0.8229792919171677,0.8506583783771954,0.7482538718493774,0.9142857142857144
K_Means_topic_16,100.0,similarity+interactions,Core Number Only,xgboost,4238.302191436756,34592,34592,0.9134756956179256,0.7528409090909091,0.782444515103369,0.6437898572730033,0.9063702436938864,0.9134756956179256,0.7528409090909091,0.782444515103369,0.6437898572730033,0.9063702436938864
